CIK,manager_name,shares,pct_shares_out,avg_churn,type
102909,VANGUARD GROUP INC,90873517.0,5.710068800166161,0.05948175307161075,long
93751,STATE STREET CORP,65161706.0,4.094458283112341,0.1223622866568823,long
315032,STATE FARM MUTUAL AUTOMOBILE INSURANCE CO,42206018.0,2.652029705871859,0.02030255777248439,long
913414,"BlackRock Institutional Trust Company, N.A.",39868002.0,2.5051196636877395,0.05458073787334711,long
315066,FMR LLC,30568628.0,1.9207902892840134,0.16407295499065988,long
1390777,Bank of New York Mellon Corp,27327231.0,1.7171159902178488,0.1054275769616812,long
886982,GOLDMAN SACHS GROUP INC,25210509.0,1.5841110328899035,0.26225878278871056,medium
912938,MASSACHUSETTS FINANCIAL SERVICES CO /MA/,22325574.0,1.4028351466049327,0.12119983667257779,long
73124,NORTHERN TRUST CORP,20271038.0,1.2737376680467056,0.0614004603726192,long
70858,BANK OF AMERICA CORP /DE/,20261351.0,1.2731289820588263,0.13864383646021972,long
895421,MORGAN STANLEY,18670615.0,1.1731745365529798,0.21827360249038788,medium
1006249,BlackRock Fund Advisors,18485186.0,1.1615230413484305,0.08950499650881344,long
1214717,"GEODE CAPITAL MANAGEMENT, LLC",13446049.0,0.8448871290015705,0.05891306595963686,long
1003283,BlackRock Group LTD,12029072.0,0.7558508902230818,0.080160749385296,long
80255,PRICE T ROWE ASSOCIATES INC /MD/,11947631.0,0.7507335168836706,0.17374440160118484,medium
72971,WELLS FARGO & COMPANY/MN,10839778.0,0.6811211913205423,0.14802550463684985,long
1608485,LANSDOWNE PARTNERS (UK) LLP,9589118.0,0.6025355386312575,0.25743763610329645,medium
887793,TIAA CREF INVESTMENT MANAGEMENT LLC,9377119.0,0.5892145083076878,0.14888136357087478,long
1422849,Capital World Investors,9032664.0,0.5675705595149803,0.13163986322999127,long
850529,"Fisher Asset Management, LLC",8722317.0,0.548069798672576,0.07424290554584942,long
1610520,UBS Group AG,8364425.0,0.5255815313479045,0.20859676403081429,medium
764068,Legal & General Group Plc,7153004.0,0.44946147476457576,0.05342736313292118,long
948046,DEUTSCHE BANK AG\,6936973.0,0.4358870923296064,0.27392305084939894,medium
1109448,ALLIANCEBERNSTEIN L.P.,6875260.0,0.4320093346781153,0.1969594100893715,medium
1348883,"Clearbridge Investments, LLC",6816935.0,0.4283444631757865,0.12997945247167547,long
19617,JPMORGAN CHASE & CO,5922302.0,0.3721298898925817,0.18902871761682913,medium
948669,PARNASSUS INVESTMENTS /CA,5784877.0,0.3634947425936956,0.18019094900491853,medium
763212,PRIMECAP MANAGEMENT CO/CA/,5709499.0,0.3587583399515603,0.06250839096189548,long
902219,WELLINGTON MANAGEMENT GROUP LLP,5386446.0,0.3384591932144523,0.15918668638031333,long
1218210,NORDEA INVESTMENT MANAGEMENT AB,5372709.0,0.33759602407896167,0.40842854872002177,short
861177,UBS ASSET MANAGEMENT AMERICAS INC,5217326.0,0.3278324796529633,0.1491539232240528,long
1000275,ROYAL BANK OF CANADA,5055111.0,0.3176396441493154,0.14731329558953146,long
713676,"PNC Financial Services Group, Inc.",5010567.0,0.3148407065376611,0.07806728653661564,long
812295,JANUS CAPITAL MANAGEMENT LLC,4736663.0,0.29762985417634324,0.33804186930863583,medium
810265,NEW YORK STATE COMMON RETIREMENT FUND,4717635.0,0.2964342232299855,0.08616658910016309,long
38777,FRANKLIN RESOURCES INC,4605523.0,0.28938962702134285,0.1691412488016054,medium
1475365,"Sumitomo Mitsui Trust Holdings, Inc.",4564959.0,0.2868407740831437,0.056028082748093296,long
1483066,State of New Jersey Common Pension Fund D,4500000.0,0.282759052901493,0.4700789581391802,short
1009207,"D. E. Shaw & Co., Inc.",4452363.0,0.2797657655674778,0.5386474920896724,short
1102598,PIONEER INVESTMENT MANAGEMENT INC,4369625.0,0.27456689478548585,0.2554577095440555,medium
884546,SCHWAB CHARLES INVESTMENT MANAGEMENT INC,4333256.0,0.272281636119936,0.08761133940112491,long
354204,DIMENSIONAL FUND ADVISORS LP,4319935.0,0.2714446064880025,0.08680815746739909,long
748054,AMERICAN CENTURY COMPANIES INC,4293854.0,0.2698057978527305,0.24894935612411262,medium
1582202,Swiss National Bank,4276828.0,0.2687359632672415,0.13664642380663905,long
919079,CALIFORNIA PUBLIC EMPLOYEES RETIREMENT SYSTEM,3957576.0,0.24867565367681757,0.06407856682073264,long
728889,"OppenheimerFunds, Inc.",3772777.0,0.23706374473967468,0.5011846551681269,short
1535323,Allianz Asset Management AG,3600869.0,0.22626184623607692,0.22922566966308208,medium
1076598,EATON VANCE MANAGEMENT,3580839.0,0.22500325427393986,0.2125666312211199,medium
1081019,CALIFORNIA STATE TEACHERS RETIREMENT SYSTEM,3472876.0,0.2182193619120723,0.0797412275072908,long
820027,AMERIPRISE FINANCIAL INC,3334402.0,0.20951830033618757,0.19744035535868748,medium
1462160,Mitsubishi UFJ Trust & Banking Corp,3211927.0,0.20182254144638526,0.07290069405243085,long
53417,JENNISON ASSOCIATES LLC,3108719.0,0.195337431150417,0.2028597652127261,medium
1305227,"BlackRock Investment Management, LLC",3090193.0,0.19417334354729407,0.1079010991913373,long
1562230,Capital International Investors,3084377.0,0.19380789318025518,0.14917475792114274,long
1364742,BlackRock Inc.,3061415.0,0.1923650679863165,0.14667210438831144,long
824468,CREDIT SUISSE AG/,3044633.0,0.19131056522502918,0.2985389543890281,medium
1434819,APG Asset Management N.V.,3011098.0,0.18920338192746217,0.16793011776690006,medium
1633050,Swedbank,2729428.0,0.1715045502761814,0.1920326934124584,medium
932859,PARAMETRIC PORTFOLIO ASSOCIATES LLC,2715728.0,0.17064370604845908,0.1445473963156964,long
1137774,PRUDENTIAL FINANCIAL INC,2707483.0,0.17012562862819844,0.21152568864548527,medium
314969,NEW YORK STATE TEACHERS RETIREMENT SYSTEM,2660695.0,0.16718568850216398,0.04656125630935562,long
939222,"TEACHERS ADVISORS, LLC",2660678.0,0.16718462030129747,0.17302003672103178,medium
1037389,RENAISSANCE TECHNOLOGIES LLC,2653207.0,0.1667151774381359,0.5515324363553566,short
914208,Invesco Ltd.,2569914.0,0.16148143303961945,0.15099181907439513,long
1115418,RHUMBLINE ADVISERS,2537395.0,0.15943809045266308,0.05905101955841498,long
1512575,"Mizuho Trust & Banking Co., Ltd.",2470665.0,0.15524508787485938,0.05945319028392765,long
938076,STATE BOARD OF ADMINISTRATION OF FLORIDA RETIREMENT SYSTEM,2339240.0,0.14698695264650855,0.09967036364675386,long
937729,FAYEZ SAROFIM & CO,2331515.0,0.14650154960569434,0.06505986358650184,long
1217541,DIAMOND HILL CAPITAL MANAGEMENT INC,2270091.0,0.14264195136893404,0.17279944562030813,medium
1556785,"Vulcan Value Partners, LLC",2210903.0,0.13892285296379325,0.22351389731422452,medium
1484150,Lindsell Train Ltd,2167341.0,0.1361856196610166,0.05107574197432274,long
1086619,SCHRODER INVESTMENT MANAGEMENT GROUP,2158685.0,0.13564171691392432,0.27615793100216773,medium
1126328,PRINCIPAL FINANCIAL GROUP INC,2153277.0,0.1353019033676818,0.14090934415822126,long
1678434,Emerald Acquisition Ltd.,2099145.0,0.1319005004673121,,unclassified
1085635,BlackRock Japan Co. Ltd,2047522.0,0.12865675144777128,0.07824254589033158,long
927971,BANK OF MONTREAL /CAN/,1996924.0,0.1254774086569469,0.1975242721215672,medium
859872,KLINGENSTEIN FIELDS & CO LLC,1987187.0,0.12486558090181316,0.09305403946841476,long
775368,ALLEGHANY CORP /DE,1900000.0,0.11938715566951927,0.37931765648294286,short
928047,"MANUFACTURERS LIFE INSURANCE COMPANY, THE",1882208.0,0.11826918920969186,0.1603870006712232,long
873630,HSBC HOLDINGS PLC,1875712.0,0.11786101080799227,0.2890548679647472,medium
1535602,BANQUE PICTET & CIE SA,1792499.0,0.11263229323708296,0.19601534134229956,medium
1455253,"HS Management Partners, LLC",1792385.0,0.11262513000774278,0.33858245826957395,medium
1462020,"Chevy Chase Trust Holdings, Inc.",1731158.0,0.10877791033396507,0.059153018948060854,long
1089877,KEYBANK NATIONAL ASSOCIATION/OH,1728340.0,0.10860084033150365,0.06695802694575365,long
1165408,ADAGE CAPITAL PARTNERS GP LLC,1725293.0,0.1084093810350168,0.3329494033558311,medium
1070134,Mairs & Power INC,1627959.0,0.10229336555610259,0.06292135202086829,long
312069,BARCLAYS PLC,1626184.0,0.10218183281856923,0.47432916672268727,short
1096343,MARKEL CORP,1617200.0,0.10161732007828767,0.06814561221252365,long
1430233,HL FINANCIAL SERVICES LLC,1569513.0,0.098620890977018,0.09506626723134895,long
1345929,BROWN ADVISORY INC,1511787.0,0.09499365784639764,0.15365389837374127,long
854157,STATE OF WISCONSIN INVESTMENT BOARD,1493697.0,0.09385696645373365,0.1480476509196259,long
1465109,Neuberger Berman Group LLC,1472382.0,0.0925176310731569,0.18382201558926853,medium
1191672,CREDIT AGRICOLE S A,1470106.0,0.09237461782773383,0.3029954428862487,medium
1553562,AMF Pensionsforsakring AB,1422749.0,0.08939892439034361,0.23828462532563122,medium
1046192,GREAT WEST LIFE ASSURANCE CO /CAN/,1384286.0,0.08698208851217692,0.14413701223148717,long
36104,US BANCORP \DE\,1376442.0,0.08648920806529707,0.07421560419628798,long
1510481,Sarasin & Partners LLP,1329279.0,0.08352570468485417,0.2032664160557013,medium
1587973,"State of Tennessee, Treasury Department",1255947.0,0.07891786315877143,0.28648844366848686,medium
820478,STRS OHIO,1174226.0,0.07378289592273522,0.1565090256686148,long
1007280,PUBLIC EMPLOYEES RETIREMENT SYSTEM OF OHIO,1168126.0,0.07339960031769098,0.09618780349780913,long
1009254,EVERETT HARRIS & CO /CA/,1150024.0,0.0722621549008859,0.04900668357854563,long
887818,FACTORY MUTUAL INSURANCE CO,1149500.0,0.07222922918005915,0.12090477197721831,long
1593051,Retirement Systems of Alabama,1148700.0,0.07217896090398777,0.11555481243239155,long
1166588,"BNP PARIBAS ARBITRAGE, SA",1121650.0,0.07047926481932436,0.6401426418918822,short
315297,PUBLIC EMPLOYEES RETIREMENT ASSOCIATION OF COLORADO,1114728.0,0.07004431856061677,0.16025902769942324,long
1140022,AVIVA PLC,1111250.0,0.06982577723039647,0.19681157057704982,medium
1086364,BlackRock Advisors LLC,1085972.0,0.06823742537723114,0.2080130580319266,medium
1291274,PICTET ASSET MANAGEMENT LTD,1082344.0,0.06800945874524746,0.1860731539723474,medium
720672,STIFEL FINANCIAL CORP,1071196.0,0.06730897031819282,0.18709743271185147,medium
778925,TUKMAN GROSSMAN CAPITAL MANAGEMENT INC,1069705.0,0.06721528281866479,0.1346756064248897,long
750556,SUNTRUST BANKS INC,1067856.0,0.06709910026559482,0.14527173077606798,long
1114618,GATEWAY INVESTMENT ADVISERS LLC,1061816.0,0.06671957478125592,0.09518574311118352,long
898419,PRUDENTIAL PLC,1035427.0,0.0650614128596965,0.16705225597562662,long
1109426,"SANTA BARBARA ASSET MANAGEMENT, LLC",1034978.0,0.06503319978975143,0.11371884265869167,long
937567,ONTARIO TEACHERS PENSION PLAN BOARD,1026821.0,0.06452065187985866,0.26010639129170543,medium
310051,KING LUTHER CAPITAL MANAGEMENT CORP,992629.0,0.06237218576056802,0.1307181351677097,long
1446194,"SUSQUEHANNA INTERNATIONAL GROUP, LLP",988428.0,0.0621082144758482,0.7604822528196609,short
1608046,National Pension Service,964063.0,0.06057723129274934,0.11126688617167499,long
944388,1832 Asset Management L.P.,959241.0,0.06027423925872912,0.30750114496912356,medium
1084208,RAYMOND JAMES & ASSOCIATES,951204.0,0.05976923159024705,0.18745091297078348,medium
1568338,GREEN VALLEY INVESTORS LLC,950427.0,0.05972040852711273,0.3115020673346178,medium
314984,THRIVENT FINANCIAL FOR LUTHERANS,945476.0,0.059409310733576,0.253609802908587,medium
1441689,Korea Investment CORP,929801.0,0.05842436669930247,0.2350511256190989,medium
1615423,Compagnie Odier SCA,921962.0,0.05793180042914806,0.2768951417903508,medium
1421578,PUTNAM INVESTMENTS LLC,917966.0,0.05768071039017154,0.23735212663737051,medium
796848,TEACHER RETIREMENT SYSTEM OF TEXAS,911257.0,0.05725914805996796,0.25395693352412924,medium
1273087,MILLENNIUM MANAGEMENT LLC,884379.0,0.055570259654659886,0.8137310110223878,short
842941,HAVERFORD TRUST CO,882470.0,0.05545030698088456,0.09753888479235844,long
829108,"Brandywine Global Investment Management, LLC",880361.0,0.055317787238091394,0.23389030780908768,medium
898427,AXA,875487.0,0.055011527766126535,0.2610331312207538,medium
1228242,BRITISH COLUMBIA INVESTMENT MANAGEMENT CORP,860331.0,0.054059195275954305,0.1778009653019243,medium
35527,FIFTH THIRD BANCORP,854060.0,0.053665154826899805,0.10324746782303319,long
1456228,DekaBank Deutsche Girozentrale,839550.0,0.05275341396965521,0.2447134901022937,medium
1021249,UNITED SERVICES AUTOMOBILE ASSOCIATION,833203.0,0.05235459803437393,0.16335498441341534,long
728618,METROPOLITAN LIFE INSURANCE CO/NY,831211.0,0.0522294300269562,0.101318021334419,long
1056053,TD ASSET MANAGEMENT INC,825916.0,0.05189671687470877,0.10732820396676872,long
1332632,CHILTON INVESTMENT CO LLC,822087.0,0.05165612033836215,0.2894717794972207,medium
1418204,"FIRST REPUBLIC INVESTMENT MANAGEMENT, INC.",810519.0,0.05092924106637005,0.22222528722179294,medium
762152,STATE TREASURER STATE OF MICHIGAN,809225.0,0.050847932129824594,0.18842790022874056,medium
1054074,BESSEMER GROUP INC,806714.0,0.05069015257830556,0.3089651464541868,medium
1505817,Fiera Capital Corp,799089.0,0.050211033072000255,0.2386340487623041,medium
1427008,"Smead Capital Management, Inc.",792850.0,0.0498190033539886,0.438434537455877,short
916542,ACADIAN ASSET MANAGEMENT LLC,787005.0,0.04945173076194211,0.36947522429652746,medium
1068837,Voya Investment Management LLC,739647.0,0.046475974489206796,0.2630936138005375,medium
1648711,"Baird Financial Group, Inc.",737207.0,0.0463226562471891,0.19301049080948662,medium
1283072,GUGGENHEIM CAPITAL LLC,730556.0,0.045904738367000694,0.19790608783935904,medium
1351731,"WestEnd Advisors, LLC",728502.0,0.04577567456818744,0.3224751131177252,medium
1364615,"Aperio Group, LLC",713360.0,0.04482422177284646,0.12677775593995727,long
36270,M&T Bank Corp,711336.0,0.044697043034385875,0.11342757223286437,long
1510387,"Gotham Asset Management, LLC",709572.0,0.044586201485648486,0.7979768227785924,short
719245,Westpac Banking Corp,708924.0,0.04454548418203067,1.2311483918123003,short
831001,CITIGROUP INC,690248.0,0.043371971277144386,0.4704871820164995,short
1316507,CALAMOS ADVISORS LLC,689758.0,0.043341181958050666,0.2662439990245486,medium
902367,BLAIR WILLIAM & CO/IL,683716.0,0.0429615308030216,0.15736373256086256,long
1535782,AMP Capital Investors Ltd,661095.0,0.04154013246175833,0.1702201553035486,medium
1027817,ATLANTA CAPITAL MANAGEMENT CO L L C,655652.0,0.04119811967843771,0.15455121109207834,long
714142,TEACHERS RETIREMENT SYSTEM OF THE STATE OF KENTUCKY,638578.0,0.040125268996384356,0.18528385724528204,medium
1097218,Nationwide Fund Advisors,633888.0,0.03983057122791591,0.18996237260153384,medium
1319111,RidgeWorth Capital Management LLC,625277.0,0.03928949607135263,0.3441835282688529,medium
883677,PANAGORA ASSET MANAGEMENT INC,624388.0,0.039233635449568316,0.24956764595461473,medium
1520354,BNP Paribas Investment Partners S.A.,617641.0,0.03880968537625134,0.2770640988890186,medium
1540235,Creative Planning,603080.0,0.0378947399164072,0.11861387833336343,long
1466546,"Mitsubishi UFJ Kokusai Asset Management Co., Ltd.",602213.0,0.037840261672214846,0.11116642474198074,long
937615,NISA INVESTMENT ADVISORS L.L.C.,587558.0,0.03691940968993232,0.1038426860536906,long
5272,AMERICAN INTERNATIONAL GROUP INC,586837.0,0.03687410540612299,0.5060157737800931,short
1218761,SPF BEHEER BV,586287.0,0.03683954596632392,0.11334822523038335,long
1061286,"EDGE ASSET MANAGEMENT, INC",581303.0,0.036526374606399244,0.15285304933602467,long
1637643,NF Trinity Capital (Hong Kong) Ltd,577590.0,0.036293066970082964,,unclassified
1333978,"Commonwealth Equity Services, Inc",571189.0,0.035890857926166864,0.10537064220151864,long
314949,GLENMEDE TRUST CO NA,544580.0,0.03421887222868779,0.27673311512084975,medium
276101,BRISTOL JOHN W & CO INC /NY/,540622.0,0.03397016993282465,0.12392558457775132,long
897378,CONGRESS ASSET MANAGEMENT CO /MA,527406.0,0.03313973801212552,0.19900665263251496,medium
901541,COMERICA BANK,523866.0,0.032917300890509676,0.10909998398697782,long
1274173,HENDERSON GROUP PLC,508527.0,0.03195346953218612,0.22532831388413058,medium
1550075,Bartlett & Co. LLC,503555.0,0.031641052196402515,0.0790544656985332,long
1167557,AQR CAPITAL MANAGEMENT LLC,501067.0,0.03148471785782053,0.27752045360253796,medium
1335644,SCOTIA CAPITAL INC.,498853.0,0.031345600403793,0.15894695893351318,long
1569395,"Mirae Asset Global Investments Co., Ltd.",498358.0,0.03131449690797383,0.3844824455753351,short
1080434,ABERDEEN ASSET MANAGEMENT PLC/UK,492878.0,0.030970159216884903,0.13542279745262711,long
1453415,CORNERSTONE CAPITAL MANAGEMENT HOLDINGS LLC.,490426.0,0.030816086950726136,0.2567409321117074,medium
1596800,"Connor, Clark & Lunn Investment Management Ltd.",485346.0,0.030496883397672894,0.2347194433939551,medium
1005354,VIRGINIA RETIREMENT SYSTEMS ET AL,485289.0,0.03049330178300281,,unclassified
939334,RIT CAPITAL PARTNERS PLC,481800.0,0.030274069263986517,0.6884733217174475,short
1512367,Seatown Holdings Pte. Ltd.,480139.0,0.03016969975579332,1.0154355613700248,short
1598697,Gulf International Bank (UK) Ltd,469972.0,0.029530852802271215,0.041581330603925076,long
728083,FIRST MANHATTAN CO,464592.0,0.029192798645691208,0.10473973633374206,long
887777,DAVENPORT & Co LLC,464021.0,0.029156919663645264,0.13722175270300171,long
1015086,BRADLEY FOSTER & SARGENT INC/CT,458537.0,0.028812330631175977,0.1334639849517902,long
1223779,TEXAS PERMANENT SCHOOL FUND,455337.0,0.02861125752689047,0.0751860637937597,long
1368163,Zurcher Kantonalbank (Zurich Cantonalbank),448475.0,0.02818008138888824,0.20834503563169715,medium
1415912,Migdal Insurance & Financial Holdings Ltd.,429393.0,0.02698105733389573,,unclassified
1398318,Handelsbanken Fonder AB,424000.0,0.026642186317829563,,unclassified
1388167,ClariVest Asset Management LLC,420817.0,0.026442181414410574,0.24964561287654108,medium
1641864,Giverny Capital Inc.,417882.0,0.026257759676573712,0.10678862642499556,long
315498,GOFEN & GLOSSBERG LLC /IL/,414459.0,0.026042674290333308,0.11163405005042301,long
1521001,"Parallax Volatility Advisers, L.P.",414132.0,0.026022127132489133,1.1448600123290966,short
1496637,"Norinchukin Bank, The",408167.0,0.025647314299031932,0.08472498458065947,long
20286,CINCINNATI FINANCIAL CORP,407000.0,0.02557398545131281,0.04353571252347083,long
1056288,FEDERATED INVESTORS INC /PA/,406417.0,0.025537352445125797,0.22998023387145597,medium
1418773,Robeco Institutional Asset Management B.V.,406011.0,0.02551184129501957,0.26201297452946,medium
39263,"CULLEN/FROST BANKERS, INC.",405511.0,0.025480423622474963,0.12240200529443979,long
872259,BAHL & GAYNOR INC,403277.0,0.025340049461545642,0.126888194844114,long
1452208,CACTI ASSET MANAGEMENT LLC,401893.0,0.02525308534394216,0.07235140510388843,long
1308527,"Douglass Winthrop Advisors, LLC",395975.0,0.024881225771704152,0.13135348374547562,long
49205,HUNTINGTON NATIONAL BANK,393944.0,0.024753607185827947,0.27412295078905025,medium
1351917,MENORA MIVTACHIM HOLDINGS LTD.,391810.0,0.02461951655940755,0.34104255071421113,medium
1430427,Sentry Investments Corp.,391200.0,0.024581186998903125,0.23475535530127006,medium
1521019,"Nuveen Asset Management, LLC",390344.0,0.02452739994350675,0.3079017158844275,medium
1105467,SAWGRASS ASSET MANAGEMENT LLC,389668.0,0.02448492325022644,0.209801122091313,medium
1273960,IronBridge Capital Management LP,389325.0,0.024463370726860837,0.17510665851685078,medium
884314,BLUESTEIN R H & CO,389178.0,0.02445413393113272,0.33205523007444937,medium
932974,LORING WOLCOTT & COOLIDGE FIDUCIARY ADVISORS LLP/MA,387534.0,0.02435083262380604,0.07605291134618603,long
318989,FIL Ltd,382000.0,0.024003101824082294,0.258354996883656,medium
1082970,EXXONMOBIL INVESTMENT MANAGEMENT INC /TX,377522.0,0.023721725148772764,0.07725577970217999,long
1279885,CINCINNATI INSURANCE CO,375000.0,0.02356325440845775,0.053625928266900984,long
922439,HARTFORD INVESTMENT MANAGEMENT CO,373695.0,0.02348125428311632,0.07009717672083339,long
1456670,DnB Asset Management AS,372811.0,0.023425707838057447,0.49018094674369994,short
1274981,NATIXIS,367923.0,0.023118568671261334,0.9265833224995932,short
1540880,FJARDE AP-FONDEN /FOURTH SWEDISH NATIONAL PENSION FUND,366618.0,0.023036568545919903,0.09365889560612595,long
1558481,Arizona State Retirement System,364042.0,0.02287470469697007,0.0973127745038543,long
919859,MACKENZIE FINANCIAL CORP,363587.0,0.022846114614954473,0.4225276886669474,short
1462284,"Raymond James Financial Services Advisors, Inc.",361505.0,0.022715291426478715,0.29166663824647465,medium
1039765,ING GROEP NV,360168.0,0.02263128057009443,0.680494113550605,short
1526411,"Barrett Asset Management, LLC",346657.0,0.02178231222259397,0.08437413663489776,long
1009076,COMMERCE BANK,345114.0,0.0216853572851213,0.07795603407829317,long
1134813,STEVENS CAPITAL MANAGEMENT LP,344553.0,0.02165010665652625,1.2519692460134932,short
1453620,"Cohen Klingenstein, LLC",341616.0,0.021465559247999207,0.023361736606198294,long
1107314,OREGON PUBLIC EMPLOYEES RETIREMENT FUND,340855.0,0.02141774155038631,0.1491054551488622,long
1270341,PIEDMONT INVESTMENT ADVISORS LLC,334307.0,0.021006295710742095,0.19787572020586358,medium
1369702,AMI ASSET MANAGEMENT CORP,334165.0,0.020997373091739425,0.2134823821110839,medium
1670104,BLS CAPITAL FONDSMAEGLERSELSKAB A/S,333995.0,0.020986691083074258,,unclassified
1102578,EARNEST PARTNERS LLC,333630.0,0.02096375618211669,0.11501452027192877,long
1396318,PUBLIC SECTOR PENSION INVESTMENT BOARD,331588.0,0.020835446407444502,0.2818347849735162,medium
1407543,ENVESTNET ASSET MANAGEMENT INC,327209.0,0.020560290431298804,0.22288216894380058,medium
1259513,SOUTH TEXAS MONEY MANAGEMENT LTD,325264.0,0.02043807568510027,0.2592631928207205,medium
16972,CANNELL PETER B & CO INC,324730.0,0.020404521610822627,0.24821930652836607,medium
1472190,PGGM Investments,322636.0,0.0202729443982058,0.1597989296153214,long
1501436,"QS Investors, LLC",322297.0,0.02025164321622055,0.269192263678275,medium
1329948,Janney Montgomery Scott LLC,315554.0,0.01982794448428394,0.7090755250373991,short
1082215,NORTHEAST INVESTMENT MANAGEMENT,314224.0,0.019744373475315276,0.13619561298665497,long
891287,DAVIS R M INC,313296.0,0.01968606227507248,0.11149718364439604,long
1077583,BOWEN HANES & CO INC,312437.0,0.019632086713640837,0.24004082689873218,medium
1383161,"BB&T SECURITIES, LLC",311017.0,0.019542860523614144,0.2584660476409379,medium
1462245,"HighTower Advisors, LLC",305792.0,0.019214545845522967,0.22257415058867375,medium
1418333,MACQUARIE GROUP LTD,304382.0,0.019125948008947166,0.4322035141333506,short
1376192,Clal Insurance Enterprises Holdings Ltd,304200.0,0.019114511976140926,0.49155451145260687,short
700529,"ATALANTA SOSNOFF CAPITAL, LLC",301004.0,0.018913690213235777,0.4164119108160158,short
1548392,Utah Retirement Systems,297277.0,0.018679502882088254,0.0399858585104279,long
1063571,VAUGHAN DAVID INVESTMENTS INC/IL,297097.0,0.018668192519972194,0.05121424562615716,long
312348,LOOMIS SAYLES & CO L P,297076.0,0.01866687297772532,0.15579897529021647,long
1650142,Bristol Gate Capital Partners Inc.,295948.0,0.018595994708464677,0.34943850900442663,medium
1626116,BOSTON PRIVATE WEALTH LLC,295141.0,0.01854528658497768,0.12650125129236883,long
1281761,REGIONS FINANCIAL CORP,293283.0,0.018428538513801905,0.10860811504417224,long
1014736,FIRST QUADRANT L P/CA,292434.0,0.018375191305821156,0.5178120106394276,short
350894,SEI INVESTMENTS CO,283813.0,0.017833487795806985,0.29368760621975804,medium
1421224,CIBC World Markets Inc.,281318.0,0.01767671360980938,0.12400052691570673,long
728079,"Foresters Investment Management Company, Inc.",279900.0,0.017587613090472864,0.17174530082261777,medium
1537014,Candriam Luxembourg S.C.A.,278829.0,0.01752031643588231,0.47918332853732454,short
1665198,"Kovitz Investment Group Partners, LLC",276956.0,0.0174026258345302,,unclassified
1463217,"UNITED CAPITAL FINANCIAL ADVISERS, LLC",276022.0,0.01734393762221687,0.2650729705748683,medium
1164632,CHESLEY TAFT & ASSOCIATES LLC/IL,274117.0,0.017224236289821903,0.14078464523343195,long
1145935,DELTA LLOYD NV,273713.0,0.017198850810405855,0.20347165511499646,medium
728882,STRALEM & CO INC,270650.0,0.017006386148397574,0.22331922150575784,medium
904163,AMERICAN NATIONAL INSURANCE CO /TX/,270200.0,0.016978110243107424,0.03710591800943049,long
1534653,Skandinaviska Enskilda Banken AB (publ),267286.0,0.016795008047517435,,unclassified
1535385,Artemis Investment Management LLP,265110.0,0.016658278336603292,0.6156115918766162,short
71259,ROTHSCHILD ASSET MANAGEMENT INC,263421.0,0.016552149438747596,0.29636668891941664,medium
1080114,OAKBROOK INVESTMENTS LLC,263305.0,0.01654486053871725,0.2916285504152689,medium
1378946,"People's United Financial, Inc.",262958.0,0.01652305667397129,0.11057707622663392,long
1062842,BOSTON ADVISORS LLC,262640.0,0.016503075034232918,0.42982999534423844,short
1536558,British Airways Pensions Investment Management Ltd,261135.0,0.01640850783987364,0.3356021084573789,medium
1317209,"TAURUS ASSET MANAGEMENT, LLC",256925.0,0.01614397103704802,0.14287963890884559,long
728575,CS MCKEE LP,254363.0,0.015982986882929436,0.23699403096475458,medium
872162,BLACKHILL CAPITAL INC,253630.0,0.015936928574979036,0.03443983339547566,long
1677440,Xact Kapitalforvaltning AB,253482.0,0.015927628943905835,,unclassified
1398103,"Ashfield Capital Partners, LLC",251379.0,0.0157954862131832,0.21235450574710368,medium
35442,FIDUCIARY TRUST CO,250674.0,0.015751187294895302,0.12635913921843178,long
1056527,CIBC WORLD MARKETS CORP,248652.0,0.015624134227124897,0.9935263908426585,short
821197,JOHNSON INVESTMENT COUNSEL INC,247747.0,0.015567268239819153,0.14121280896485977,long
1351991,Rathbone Brothers plc,246637.0,0.015497521006770118,0.14191182944888275,long
1487438,"DONALDSON CAPITAL MANAGEMENT, LLC",246341.0,0.015478921744623708,0.17966269304042404,medium
1438848,GAM Holding AG,242537.0,0.015239896091904313,0.2657420550541882,medium
1123274,Pictet & Cie (Europe) SA,242092.0,0.01521193436333961,0.26502677015299614,medium
883961,TOCQUEVILLE ASSET MANAGEMENT L.P.,241852.0,0.015196853880518196,0.45171325150993097,short
860857,DELTA ASSET MANAGEMENT LLC/TN,240645.0,0.015121011618995508,0.051317130388301414,long
1621602,PineView Asset Management LP,240590.0,0.0151175556750156,,unclassified
937589,HERITAGE INVESTORS MANAGEMENT CORP,239111.0,0.015024622199628643,0.05569533081352137,long
1398739,Employees Retirement System of Texas,237600.0,0.014929677993198831,0.22803834502095338,medium
1058949,LODESTAR INVESTMENT COUNSEL LLC/IL,237234.0,0.014906680256896176,0.08684337210220215,long
1298088,"Atlantic Trust Group, LLC",236289.0,0.014847300855786862,0.15872648909342682,long
1124841,LATHROP INVESTMENT MANAGEMENT CORP,234460.0,0.014732375009618678,0.20767241276848813,medium
1068855,"DIAM Co., Ltd.",234276.0,0.01472081330612226,0.17382249890130777,medium
1050743,PEAPACK GLADSTONE FINANCIAL CORP,232627.0,0.014617197822070136,0.06781476414754711,long
1681115,"Advisor Group, Inc.",231151.0,0.014524452852718446,,unclassified
1567390,"RiverPoint Capital Management, LLC",230380.0,0.014476006801654657,,unclassified
1123570,CORNERSTONE CAPITAL MANAGEMENT LLC,230334.0,0.014473116375780554,0.6297348644518941,short
1503269,Heathbridge Capital Management Ltd.,229325.0,0.01440971551258553,0.07488313534794275,long
933429,UMB BANK N A/MO,228835.0,0.014378926193491811,0.18006178859052552,medium
1029730,LADENBURG THALMANN FINANCIAL SERVICES INC,226919.0,0.014258533672300865,0.20456298593053054,medium
1078658,HOWARD CAPITAL MANAGEMENT,222431.0,0.013976528643540442,0.2871371455671129,medium
1127799,Zurich Insurance Group Ltd/FI,222109.0,0.013956295662421713,0.3455125023911549,medium
1011659,MUFG Americas Holdings Corp,220072.0,0.01382830006447497,0.09641239225433057,long
1055964,NOMURA ASSET MANAGEMENT CO LTD,219954.0,0.013820885493754443,0.16321846888492098,long
1080107,D.A. DAVIDSON & CO.,219889.0,0.013816801196323643,0.17419832084878062,medium
1137881,WHITTIER TRUST CO,218437.0,0.013725564275254095,0.09830771586350306,long
1211028,SHELL ASSET MANAGEMENT CO,218255.0,0.013714128242447856,0.42325029527149705,short
869178,VAN ECK ASSOCIATES CORP,217320.0,0.013655377194789436,0.2142379330982561,medium
1357955,ProShare Advisors LLC,215830.0,0.013561752530606496,0.19522812362724684,medium
1666370,KG Funds Management LLC,215000.0,0.013509599194182443,,unclassified
898286,CAISSE DE DEPOT ET PLACEMENT DU QUEBEC,213363.0,0.013406737734271389,0.19214775062311967,medium
1571669,Personal Capital Advisors Corp,211272.0,0.013275349027689828,0.2329376469753579,medium
773840,HONEYWELL INTERNATIONAL INC,208100.0,0.01307603531306682,0.42593566031546093,short
1531721,"PineBridge Investments, L.P.",207933.0,0.01306554181043692,0.5179117816755378,short
1651424,Quadrature Capital LTD,203881.0,0.012810932992135399,1.65575450405499,short
1274196,BEDRIJFSTAKPENSIOENFONDS VOOR DE MEDIA PNO,202500.0,0.012724157380567185,0.11736215480303246,long
852933,COMMERZBANK AKTIENGESELLSCHAFT /FI,201512.0,0.012662076059619035,0.49490738469000123,short
1167711,"MASON STREET ADVISORS, LLC",200015.0,0.012568011548020471,0.06853627841538382,long
948518,"DAI ICHI LIFE INSURANCE CO., LTD.",195858.0,0.01230680501848458,0.19960248111397685,medium
869367,ROFFMAN MILLER ASSOCIATES INC /PA/,194822.0,0.012241707600972148,0.05756035177109668,long
1080369,GW HENSSLER & ASSOCIATES LTD,194361.0,0.012212740506886017,0.13368136634914385,long
1411133,KBC Group NV,192578.0,0.012100705086591938,0.2994817156810339,medium
1612063,Winton Capital Group Ltd,190707.0,0.011983140155930007,0.595927467755069,short
1455845,"LS Investment Advisors, LLC",190458.0,0.01196749415500279,0.1164451988239689,long
1335851,"Private Wealth Partners, LLC",187952.0,0.011810028780209203,0.19898457268498054,medium
822581,OPPENHEIMER & CO INC,187034.0,0.011752345933417297,0.16487343859358589,long
1116992,CHICAGO EQUITY PARTNERS LLC,186530.0,0.01172067691949233,0.4301604653167131,short
2230,"ADAMS DIVERSIFIED EQUITY FUND, INC.",184800.0,0.011611971772487979,0.1358868205583357,long
1455969,"Reynders McVeigh Capital Management, LLC",183829.0,0.011550958652406346,0.2997187518331185,medium
1603464,"EverPoint Asset Management, LLC",183300.0,0.011517718754854148,1.1253494516694982,short
1454288,ARROWGRASS CAPITAL PARTNERS (US) LP,182225.0,0.011450170758883237,0.9754695668390838,short
1389957,"PEAK6 Investments, L.P.",181760.0,0.011420952323416748,1.0397579263395165,short
825204,CAPSTONE ASSET MANAGEMENT CO,181185.0,0.011384821999990446,0.15909991624291375,long
1115941,TDAM USA INC.,180654.0,0.01135145643174807,0.12127864385608705,long
1278573,Destination Wealth Management,179738.0,0.011293899255646344,0.31270035829343124,medium
1224324,GUARDIAN CAPITAL LP,179236.0,0.011262355912411556,0.1594269803488629,long
1349138,"Parsec Financial Management, Inc.",176822.0,0.011110671389366177,0.08079619309445027,long
1625959,Arvest Bank Trust Division,176217.0,0.011072656005587198,0.12077854609463692,long
1052100,WADDELL & REED FINANCIAL INC,175000.0,0.010996185390613616,0.2378392369849665,medium
1582968,"Polaris Greystone Financial Group, LLC",174243.0,0.010948619034381076,0.5593788746190623,short
1323119,Covington Capital Management,173685.0,0.010913556911821292,0.08311030676756939,long
1109228,KCM INVESTMENT ADVISORS LLC,173465.0,0.010899733135901663,0.07344214237872866,long
1436871,PALLADIUM PARTNERS LLC,172568.0,0.010843369831356631,0.07965944914894621,long
1308685,"Stack Financial Management, Inc",172478.0,0.010837714650298601,0.13942006487961062,long
922127,MUTUAL OF AMERICA CAPITAL MANAGEMENT LLC,172186.0,0.01081936672953255,0.1433277928528472,long
1560808,Pennsylvania Trust Co,170887.0,0.010737743616261652,0.1248781926795201,long
1020617,ROOSEVELT INVESTMENT GROUP INC,170759.0,0.010729700692090232,0.6252993644689414,short
884414,"JACOBS LEVY EQUITY MANAGEMENT, INC",170510.0,0.010714054691163016,0.5111562791597973,short
877134,WESBANCO BANK INC,169168.0,0.010629729658053281,0.1227133155556474,long
1547926,"Livforsakringsbolaget Skandia, Omsesidigt",166992.0,0.010492999947139137,0.4360200291616897,short
819535,"Cornerstone Capital, Inc.",165108.0,0.010374618156991046,0.050758249283592606,long
1006378,"SEGALL BRYANT & HAMILL, LLC",163409.0,0.01026786090568446,0.16518037867443192,long
1053136,UNITED STATES STEEL & CARNEGIE PENSION FUND,161753.0,0.01016380557421671,0.20439686708665494,medium
1594320,Coronation Fund Managers Ltd.,161646.0,0.010157082192292164,,unclassified
1232395,SILVERCREST ASSET MANAGEMENT GROUP LLC,161249.0,0.010132136560291743,0.1516820534007943,long
1036248,QUEST INVESTMENT MANAGEMENT INC/OR,160653.0,0.010094686694618568,0.22951173823201293,medium
47288,"CAPITAL ONE, NATIONAL ASSOCIATION",156041.0,0.009804890083067083,0.2215084089766573,medium
7789,ASSOCIATED BANC-CORP,155732.0,0.009785473961434513,0.06959442145135344,long
1126395,EASTERN BANK,154704.0,0.009720879226682794,0.1693870732173553,medium
1018825,IBM Retirement Fund,153305.0,0.009632972578902974,0.3124988995031828,medium
1650290,Tredje AP-fonden,153020.0,0.009615064505552547,0.3594901489241684,medium
1107261,BRIDGEWAY CAPITAL MANAGEMENT INC,152210.0,0.009564167876030278,0.3080608006288006,medium
1297376,"Advisors Asset Management, Inc.",151776.0,0.009536897336261556,0.21054214223753526,medium
1086763,FIRST FOUNDATION ADVISORS,151498.0,0.009519429110326752,0.25533158184871474,medium
862469,NEW MEXICO EDUCATIONAL RETIREMENT BOARD,151020.0,0.009489393815374106,0.081932307895232,long
1389215,World Asset Management Inc,150943.0,0.009484555493802236,0.08892754427790504,long
1059187,TWIN CAPITAL MANAGEMENT INC,150340.0,0.009446665780713435,0.4532371902386289,short
1081407,GABELLI FUNDS LLC,148400.0,0.009324765211240347,0.14559516110615622,long
1567755,"Private Advisor Group, LLC",148018.0,0.009300762109416265,0.2320459248990355,medium
872080,BRAUN STACEY ASSOCIATES INC,147963.0,0.009297306165436357,0.2938289762219918,medium
1018331,"NGAM ADVISORS, L.P.",147882.0,0.009292216502484131,0.20783200891183817,medium
1035350,Advantus Capital Management Inc,147697.0,0.009280591963642625,0.14666213362123354,long
1422771,"MetLife Securities, Inc",147544.0,0.009270978155843974,0.3164379103533671,medium
1484043,ITHAKA GROUP LLC,147464.0,0.009265951328236837,0.19528267655908144,medium
1629649,"NORTHWESTERN MUTUAL INVESTMENT MANAGEMENT COMPANY, LLC",146275.0,0.009191240102925753,0.4635763461472674,short
1284812,COHEN & STEERS INC,145193.0,0.009123252259539217,0.2795428175274949,medium
930441,QCI ASSET MANAGEMENT INC/NY,144675.0,0.009090703550783,0.08655441616017946,long
1568680,TIVERTON ASSET MANAGEMENT LLC,144514.0,0.009080587060223636,0.779881906972552,short
1505708,Standard Life Investments LTD,143172.0,0.008996262027113901,0.24100830713362875,medium
919192,AMALGAMATED BANK,142852.0,0.00897615471668535,0.2650456418660161,medium
894205,PROFESSIONAL ADVISORY SERVICES INC,142689.0,0.008965912555435808,0.19276602507649254,medium
1086483,ZACKS INVESTMENT MANAGEMENT,142221.0,0.008936505613934052,0.24736687895459653,medium
1138060,MADISON INVESTMENT HOLDINGS INC,141965.0,0.008920419765591213,0.21674602802320408,medium
1033974,SCHAPER BENZ & WISE INVESTMENT COUNSEL INC/WI,140087.0,0.008802414987513656,0.07192080790743788,long
1666736,Gerber Kawasaki Wealth & Investment Management,139367.0,0.008757173539049416,,unclassified
1126735,MOGY JOEL R INVESTMENT COUNSEL INC,139313.0,0.008753780430414599,0.8536903843528557,short
1349654,"OBERMEYER WOOD INVESTMENT COUNSEL, LLLP",136078.0,0.00855050808905097,0.2323468209355079,medium
1411530,"Sumitomo Mitsui Asset Management Company, LTD",135418.0,0.008509036761292084,0.27775881504627653,medium
1520601,"AFFINITY INVESTMENT ADVISORS, LLC",134703.0,0.008464109489553291,0.40998600254990386,short
1638853,"Stillwater Investment Management, L.P.",134600.0,0.008457637449009101,,unclassified
1021926,CIBC Asset Management Inc,134346.0,0.008441677271356439,0.10732986667173114,long
1315059,Suncoast Equity Management,134299.0,0.008438724010137247,0.21877034331556933,medium
861462,NORTH AMERICAN MANAGEMENT CORP,132944.0,0.008353582117541352,0.17325711826371568,medium
92230,BB&T CORP,132762.0,0.008342146084735115,0.16525225085290152,long
1056859,CHILTON CAPITAL MANAGEMENT LLC,131790.0,0.008281070129308392,0.33980229493602904,medium
71210,NEVILLE RODIE & SHAW INC,131645.0,0.008271959004270454,0.08524944600001076,long
1505961,"Decatur Capital Management, Inc.",131550.0,0.008265989646486978,0.40328356008332045,short
1323414,PACIFIC HEIGHTS ASSET MANAGEMENT LLC,131000.0,0.008231430206687908,0.09172383373131451,long
1427202,Busey Trust CO,130534.0,0.00820214893587633,0.2861330587650774,medium
313807,BP PLC,130000.0,0.008168594861598686,0.22387756394504837,medium
1013701,LAWSON KROEKER INVESTMENT MANAGEMENT INC/NE,128857.0,0.008096774062161707,0.13078326594385697,long
1318103,"Kimelman & Baird, LLC",128697.0,0.008086720406947433,,unclassified
1504169,TOKIO MARINE ASSET MANAGEMENT CO LTD,128017.0,0.008043992372286762,0.15306332698465758,long
898581,"I.G. INVESTMENT MANAGEMENT, LTD.",126809.0,0.007968087275418983,0.15371275539957724,long
898358,KORNITZER CAPITAL MANAGEMENT INC /KS,125977.0,0.007915808268304752,0.19562912011089956,medium
1005607,"OSBORNE PARTNERS CAPITAL MANAGEMENT, LLC",125460.0,0.007883322394893625,0.09434351229046799,long
815917,JONES FINANCIAL COMPANIES LLLP,125248.0,0.00787000130173471,0.12845887811273696,long
927337,"WOLVERINE TRADING, LLC",124931.0,0.007850082497341426,,unclassified
18349,SYNOVUS FINANCIAL CORP,124049.0,0.007794661722972734,0.10600505443835051,long
1034642,CLIFFORD SWAN INVESTMENT COUNSEL LLC,123783.0,0.007777947521179002,0.08390940296891689,long
1537783,Kentucky Retirement Systems,122828.0,0.007717939766618796,0.1450237630409354,long
1054233,ASSET ADVISORS CORP,122310.0,0.00768539105786258,0.03137531575376292,long
887402,GODSEY & GIBB ASSOCIATES,121761.0,0.007650894453408597,0.05715998086784216,long
741073,STOCK YARDS BANK & TRUST CO,120721.0,0.0075855456945158085,0.12574590636755223,long
1125727,FIRST INTERSTATE BANK,120352.0,0.007562359452177886,0.09454187456967891,long
89014,SENTRY INVESTMENT MANAGEMENT LLC,120221.0,0.007554128021971198,0.11184974408097884,long
743127,PINNACLE ASSOCIATES LTD,120095.0,0.007546210768489956,0.1205127323441049,long
9634,"BOKF, NA",119941.0,0.007536534125346216,0.14367399588852636,long
1054677,ALBION FINANCIAL GROUP /UT,119927.0,0.007535654430514967,0.29288039749844086,medium
883790,BTR CAPITAL MANAGEMENT INC,118367.0,0.007437631292175783,0.1618829486314711,long
314965,CAPITAL GUARDIAN TRUST CO,118364.0,0.007437442786140515,0.16011223774154867,long
1352512,Azimuth Capital Management LLC,118077.0,0.007419409042099909,0.12365190196474601,long
1540826,EULAV Asset Management,117000.0,0.007351735375438818,0.13975664756494316,long
1217758,REGENTATLANTIC CAPITAL LLC,116923.0,0.007346897053866948,0.21593099871580856,medium
949743,Williams Jones & Associates LLC,115980.0,0.007287643323447813,0.3516904376338663,medium
1482689,"Evercore Wealth Management, LLC",114674.0,0.007205580362761291,0.15976375232808196,long
315189,DEERE & CO,114663.0,0.007204889173965309,0.3067383718414202,medium
1457833,Sandy Spring Bank,113324.0,0.007120752646890843,0.08432101322516691,long
1034188,HALSEY ASSOCIATES INC/CT,113072.0,0.007104918139928359,0.09289280866507263,long
1672594,"Douglas Lane & Associates, LLC",112780.0,0.007086570219162307,,unclassified
1388142,"Bedell Frazier Investment Counseling, LLC",111865.0,0.0070290758784056695,0.4814437556372739,short
1179392,TWO SIGMA INVESTMENTS LLC,111366.0,0.006997721041206149,0.8549850073524582,short
1140334,PUTNAM FL INVESTMENT MANAGEMENT CO,111300.0,0.00699357390843026,0.2261655302128866,medium
1128251,DUPONT CAPITAL MANAGEMENT Corp,110936.0,0.006970701842817784,0.28197964364698275,medium
931097,CCM INVESTMENT ADVISERS LLC,110383.0,0.006935953896983445,0.7093417254383645,short
850401,TCW GROUP INC,109698.0,0.006892911685597329,0.16047594951463792,long
939219,LEE DANNER & BASS INC,109484.0,0.006879464921748235,0.038956025116419775,long
1221362,"AVALON ADVISORS, LLC",109455.0,0.0068776426967406485,0.29986818866440157,medium
8565,Commonwealth Bank of Australia,109086.0,0.006854456454402726,0.236004977282905,medium
1234074,SPRUCEGROVE INVESTMENT MANAGEMENT LTD,108900.0,0.006842769080216131,0.24016895738358213,medium
1393825,Hudson Bay Capital Management LP,108408.0,0.006811854090432234,1.1705540745279952,short
1134008,TRUST CO OF VERMONT,108380.0,0.006810094700769736,0.0775103643507348,long
1135439,TRUST CO OF VIRGINIA /VA,107302.0,0.006742358198763556,0.10503901004203878,long
1601489,"Stanley-Laman Group, Ltd.",107112.0,0.006730419483196604,0.8063202009306998,short
1167495,"AFAM CAPITAL, INC.",106740.0,0.006707044734823414,0.2069514658511876,medium
1614704,RIVERPARK CAPITAL MANAGEMENT LLC,106289.0,0.006678705994188175,0.37216136673238653,short
1484256,"RiverPark Advisors, LLC",106289.0,0.006678705994188175,0.3886266001791998,short
1263548,WHITTIER TRUST CO OF NEVADA INC,106090.0,0.006666201760515421,0.07335016252802459,long
860828,CAPITAL ADVISORS INC/OK,106033.0,0.006662620145845335,0.24662846892912527,medium
1540569,"EP Wealth Advisors, Inc.",105960.0,0.006658033165653822,0.2865466420901177,medium
1533497,Liberty Mutual Group Asset Management Inc.,105799.0,0.006647916675094457,0.34451559770239676,medium
1008929,SEAWARD MANAGEMENT LIMITED PARTNERSHIP,105474.0,0.006627495187940461,0.104079463848891,long
1666789,"Sheaff Brock Investment Advisors, LLC",103114.0,0.0064792037735299,,unclassified
1096783,BAXTER BROS INC,102716.0,0.00645419530618439,,unclassified
1141802,NORTHWESTERN MUTUAL WEALTH MANAGEMENT CO,102354.0,0.006431448911262092,0.49507399207074076,short
911274,"BEESE FULMER INVESTMENT MANAGEMENT, INC.",102207.0,0.0064222121155339765,0.07981680733094654,long
1007295,BRIDGES INVESTMENT MANAGEMENT INC,102173.0,0.006420075713800944,0.09195274279706618,long
1065350,CAPITAL INTERNATIONAL LTD /CA/,102150.0,0.006418630500863891,0.17134772807142618,medium
1056515,MURPHY CAPITAL MANAGEMENT INC,102112.0,0.0064162427577505,0.12891944974852085,long
807249,"GAMCO INVESTORS, INC. ET AL",102025.0,0.006410776082727739,0.10506195903946655,long
920441,KELLY LAWRENCE W & ASSOCIATES INC/CA,101824.0,0.006398146178364805,0.20538717218497599,medium
1291422,FIRST AMERICAN BANK,101619.0,0.006385264932621515,0.2492777776789739,medium
1454424,Archon Partners LLC,101500.0,0.006377787526555898,0.1263391182654634,long
1511847,Lumina Fund Management LLC,101000.0,0.006346369854011287,0.08464872551320923,long
1409775,"BBVA COMPASS BANCSHARES, INC",100212.0,0.006296855602080981,0.15789722769248996,long
1534468,Cetera Advisor Networks LLC,100041.0,0.006286110758070724,0.2296371958902469,medium
40729,Ally Financial Inc.,100000.0,0.006283534508922066,0.5121507327845586,short
1532262,"Greenbrier Partners Capital Management, LLC",100000.0,0.006283534508922066,0.10260595237376492,long
1641866,"IFP Advisors, Inc",99529.0,0.006253939061385044,,unclassified
1313360,"SG Americas Securities, LLC",98744.0,0.006204613315490005,1.027140615906595,short
1110806,PHILADELPHIA TRUST CO,98186.0,0.00616955119293022,0.2363360166215889,medium
1128573,TRILOGY GLOBAL ADVISORS LP,97822.0,0.006146679127317744,0.27123687207792047,medium
1667232,NN Investment Partners Holdings N.V.,97110.0,0.006101940361614219,,unclassified
1166716,STRATEGY ASSET MANAGERS LLC,96577.0,0.006068449122681664,0.21055993121896668,medium
884548,CONNORS INVESTOR SERVICES INC,96433.0,0.006059400832988816,0.16774086238369962,medium
1161670,CULLINAN ASSOCIATES INC,96166.0,0.006042623795849995,0.11339751692255884,long
1482012,"Smith, Salley & Associates",95946.0,0.006028800019930366,0.15556894529349694,long
837286,RAY GERALD L & ASSOCIATES LTD,95361.0,0.005992041343053172,0.09137690621222827,long
1532472,"Centre Asset Management, LLC",95308.0,0.005988711069763443,0.35595571792477054,medium
1537703,"InterOcean Capital, LLC",94963.0,0.005967032875707662,0.18670686100358883,medium
1026200,PRIVATE ASSET MANAGEMENT INC,94885.0,0.005962131718790703,0.048904553585379824,long
1537191,Louisiana State Employees Retirement System,94100.0,0.005912805972895664,0.07799243862386912,long
1259969,FARMERS & MERCHANTS INVESTMENTS INC,94016.0,0.00590752780390817,0.09486811797583167,long
764038,SOUTH STATE Corp,93788.0,0.005893201345227828,0.12531604780279182,long
947996,"Olstein Capital Management, L.P.",92000.0,0.005780851748208301,0.26340665597915225,medium
1387458,LaFleur & Godfrey LLC,91640.0,0.005758231023976182,0.11841394841181635,long
1016683,CABOT WEALTH MANAGEMENT INC,91457.0,0.005746732155824855,0.23411980105469682,medium
918006,"Calvert Investment Management, Inc.",91267.0,0.005734793440257902,0.41714852364376975,short
1125816,FIRST TRUST ADVISORS LP,90834.0,0.00570758573583427,0.3892703540685831,short
1632512,"Peak Asset Management, LLC",90788.0,0.005704695309960166,0.058066644389825936,long
356264,1ST SOURCE BANK,90628.0,0.005694641654745891,0.11126929400726518,long
1567993,Colonial Trust Advisors,90555.0,0.005690054674554378,0.0541542449703532,long
1047339,BURNS J W & CO INC/NY,90553.0,0.005689929003864199,0.017659979933581357,long
1278678,DEROY & DEVEREAUX PRIVATE INVESTMENT COUNSEL INC,90493.0,0.005686158883158846,0.143937069545554,long
1352261,GLG LLC,90352.0,0.005677299099501266,0.622466773347019,short
1133197,DOWLING & YAHNKE LLC,90079.0,0.005660145050291909,0.07365214553009714,long
1088950,RAYMOND JAMES TRUST N.A.,89535.0,0.005625962622563372,0.14070278297488728,long
1300311,"Veritable, L.P.",89528.0,0.005625522775147748,0.08581368522976755,long
1132716,UBS OCONNOR LLC,89518.0,0.0056248944216968555,0.9214723036195448,short
1010873,FRANKLIN STREET ADVISORS INC /NC,88854.0,0.005583171752557613,0.21284332876096043,medium
1089991,MARKSTON INTERNATIONAL LLC,88727.0,0.005575191663731282,0.11359737829177453,long
84616,ROCKLAND TRUST CO,88511.0,0.00556161922919201,0.15529830869587136,long
1008877,WOODSTOCK CORP,88478.0,0.005559545662804066,0.08036446773636205,long
1607978,"Motley Fool Wealth Management, LLC",88392.0,0.005554141823126393,0.12706581958087984,long
857508,AMICA MUTUAL INSURANCE CO,88166.0,0.0055399410351362295,0.17716174950384556,medium
1177206,LOS ANGELES CAPITAL MANAGEMENT & EQUITY RESEARCH INC,87699.0,0.005510596928979563,0.3587402421724365,medium
22657,LOWE BROCKENBROUGH & CO INC,87563.0,0.0055020513220474295,0.09571489243436992,long
1329883,Sterling Capital Management LLC,86954.0,0.005463784596888094,0.2391043629045959,medium
809339,PAPP L ROY & ASSOCIATES,86837.0,0.005456432861512655,0.10257630616662734,long
791490,"CARRET ASSET MANAGEMENT, LLC",86580.0,0.0054402841778247255,0.05619157805435152,long
1562855,Clarkston Capital Partners LLC,86512.0,0.005436011374358658,0.2030873207873254,medium
1262677,NOESIS CAPITAL MANGEMENT CORP,86106.0,0.005410500224252435,0.09637863787345273,long
1373442,"Mariner Wealth Advisors, LLC",85841.0,0.005393848857803791,0.3353954503068356,medium
1080366,CATAWBA CAPITAL MANAGEMENT /VA,85730.0,0.0053868741344988876,0.07476896171318723,long
1555486,"Baltimore-Washington Financial Advisors, Inc.",85481.0,0.0053712281335716715,0.2169384899109315,medium
1511506,"Carnegie Capital Asset Management, LLC",85383.0,0.005365070269752928,0.11798273957536634,long
1403438,LPL Financial LLC,84736.0,0.005324415801480202,0.5730357845869498,short
1083190,COMMONWEALTH OF PENNSYLVANIA PUBLIC SCHOOL EMPLS RETRMT SYS,84444.0,0.00530606788071415,0.27158008554581026,medium
1009209,"Sand Hill Global Advisors, LLC",84439.0,0.005305753703988704,0.17594776980385504,medium
1583000,Osborn Rohs Williams & Donohoe Ltd,84046.0,0.00528105941336864,0.054893728168353965,long
1569411,Addenda Capital Inc.,83920.0,0.005273142159887398,0.11193163123478087,long
1055544,JACOBS & CO/CA,83781.0,0.0052644080469199965,0.08610348499319584,long
940445,BURNEY CO/,83735.0,0.005261517621045893,0.13198684526795318,long
1106832,CASTLEARK MANAGEMENT LLC,83560.0,0.0052505214356552785,0.5155553894448203,short
1616654,"NEXT Financial Group, Inc",83493.0,0.005246311467534301,0.31135102615390875,medium
898413,NBT BANK N A /NY,83231.0,0.005229848607120925,0.044068684098454484,long
1426754,"Wallington Asset Management, LLC",83187.0,0.005227083851937,0.10503657647834327,long
1666664,"RPG Investment Advisory, LLC",83077.0,0.005220171963977185,,unclassified
1285973,CUTLER INVESTMENT COUNSEL LLC,82500.0,0.005183915969860705,0.08997797116882204,long
924181,"LEAVELL INVESTMENT MANAGEMENT, INC.",82485.0,0.005182973439684367,0.11788406702432654,long
1313792,"Edgemoor Investment Advisors, Inc.",82404.0,0.00517788377673214,0.15065079982864235,long
1347683,"Haverford Financial Services, Inc.",82145.0,0.005161609422354031,0.11108602631181813,long
1390205,"Pineno Levin & Ford Asset Management, Inc.",82017.0,0.0051535664981826115,0.07934271178899598,long
1014738,MASTRAPASQUA ASSET MANAGEMENT INC,81986.0,0.005151618602484845,0.14069164150154584,long
1321993,"GRIMES & COMPANY, INC.",81893.0,0.005145774915391548,0.323930812263567,medium
1091559,TIAA CREF TRUST CO FSB/MO,81708.0,0.0051341503765500425,0.10046018633691019,long
1074027,BAINCO INTERNATIONAL INVESTORS,81646.0,0.005130254585154511,0.031257970385377504,long
1395055,"Callahan Advisors, LLC",81596.0,0.005127112817900049,0.10512149128742103,long
1409427,"Boston Common Asset Management, LLC",81568.0,0.005125353428237551,0.1391687339027508,long
1009016,FORT WASHINGTON INVESTMENT ADVISORS INC /OH/,81345.0,0.005111341146282655,0.1530371211993889,long
1034886,PITTENGER & ANDERSON INC,81019.0,0.0050908568237835695,0.15883202195875748,long
945625,HARTLINE INVESTMENT CORP/,80859.0,0.005080803168569294,0.10446736640353269,long
805676,PARK NATIONAL CORP /OH/,80655.0,0.005067984758171093,0.06804876277605651,long
1335382,BANK OF NOVA SCOTIA TRUST CO,80483.0,0.005057177078815747,0.12616022943198948,long
1278249,TOWER BRIDGE ADVISORS,80203.0,0.005039583182190765,0.4857432958266481,short
1042063,WELCH CAPITAL PARTNERS LLC/NY,80112.0,0.005033865165787646,0.39051162845480597,short
1364725,"CIM, LLC",79983.0,0.005025759406271137,0.245532970827778,medium
1162827,RBO & CO LLC,79889.0,0.00501985288383275,0.38261163303349605,short
1286534,WINSLOW ASSET MANAGEMENT INC,79581.0,0.00500049959754527,0.09815225027870504,long
1633862,Lincoln Capital LLC,79415.0,0.004990068930260459,0.06949110779383813,long
1297731,Pensionfund DSM Netherlands,79300.0,0.004982842865575199,0.37322264707597974,short
866361,INVERNESS COUNSEL LLC /NY/,79054.0,0.004967385370683251,0.1869208016508376,medium
1089911,PILLAR PACIFIC CAPITAL MANAGEMENT LLC,78622.0,0.004940240501604708,0.08279211442134414,long
1585047,Columbia Asset Management,78167.0,0.004911650419589112,0.533316782253871,short
1587836,"SVA Plumb Wealth Management, LLC",77912.0,0.004895627406591361,0.13737042355377416,long
1083340,GAMBLE JONES INVESTMENT COUNSEL,77785.0,0.00488764731776503,0.06305490606317204,long
1667102,"Taylor, Cottrill, Erickson & Associates, Inc.",77117.0,0.0048456733072454305,,unclassified
1080493,MARCO INVESTMENT MANAGEMENT LLC,76879.0,0.004830718495114196,0.10152748905353509,long
1469219,"YHB Investment Advisors, Inc.",76843.0,0.004828456422690984,0.19799526926886027,medium
1612865,"Stratos Wealth Partners, LTD.",76663.0,0.004817146060574924,0.43222996241368167,short
1488542,"SIMPLEX TRADING, LLC",76647.0,0.0048161406950534965,1.279043267878051,short
1133999,BUCKHEAD CAPITAL MANAGEMENT LLC,75823.0,0.004764364370699979,0.12148758835002832,long
1548916,"Strategic Wealth Advisors Group,Inc.",75380.0,0.004736528312825454,1.0069865420986381,short
1537720,FineMark National Bank & Trust,75124.0,0.004720442464482613,0.13671141823940292,long
44365,CENTRAL TRUST Co,75016.0,0.004713656247212978,0.10437496339916383,long
810386,HOWARD HUGHES MEDICAL INSTITUTE,75000.0,0.00471265088169155,0.5222931031043336,short
1161822,GREENWOOD CAPITAL ASSOCIATES LLC,74701.0,0.004693863113509873,0.2641617555585698,medium
1535631,PICTET BANK & TRUST Ltd,74568.0,0.004685506012613007,0.1687439980007579,medium
1390063,"Westchester Capital Management, Inc.",74400.0,0.004674949674638018,0.08716665999162229,long
105495,WELCH & FORBES LLC,74039.0,0.004652266115060809,0.09807850374402852,long
919087,CHEMICAL BANK,73788.0,0.0046364944434434145,0.07884367056835456,long
1336098,Hugh Johnson Advisors LLC,73642.0,0.0046273204830603884,0.08654266831562527,long
1511098,Baskin Financial Services Inc.,73623.0,0.0046261266115036935,0.1049745954956189,long
1528214,Richard Bernstein Advisors LLC,73508.0,0.004618900546818433,0.364506358289035,medium
1585828,"FOUNDERS CAPITAL MANAGEMENT, LLC",73361.0,0.0046096637510903175,0.05359276146821762,long
1079736,WASHINGTON TRUST Co,73348.0,0.0046088468916041575,0.11310181186740181,long
1381296,"Aureus Asset Management, LLC",73160.0,0.004597033846727384,0.2580188645609823,medium
1084207,HENDLEY & CO INC,72985.0,0.00458603766133677,0.10745218621947158,long
1384042,Dorsey & Whitney Trust CO LLC,72768.0,0.004572402391452409,0.10156715479531704,long
1055980,"Ameritas Investment Partners, Inc.",72527.0,0.004557259073285907,0.19360370612204295,medium
860486,"HIGHLAND CAPITAL MANAGEMENT, LLC",72122.0,0.004531810758524773,0.2659030154679605,medium
1588873,Municipal Employees' Retirement System of Michigan,71740.0,0.00450780765670069,0.15427310367383873,long
1175954,CENTRAL BANK & TRUST CO,71506.0,0.004493104185949813,0.22535324643582208,medium
1491685,Meiji Yasuda Asset Management Co Ltd.,70915.0,0.004455968497002084,0.25562860993420466,medium
1575239,"Perigon Wealth Management, LLC",70209.0,0.004411606743369094,1.0586194753681981,short
866780,TOTH FINANCIAL ADVISORY CORP,70108.0,0.004405260373515083,0.09203561876750047,long
1055290,APPLETON PARTNERS INC/MA,70097.0,0.004404569184719101,0.2659491711243529,medium
1631639,"Barry Investment Advisors, LLC",69650.0,0.0043764817854642195,0.17137015586102952,medium
1426196,"CAPSTONE INVESTMENT ADVISORS, LLC",69426.0,0.004362406668164234,0.591455066563571,short
908431,Pacific Global Investment Management CO,69337.0,0.004356814322451294,0.11424461510620132,long
1482171,DAVIS-REA LTD.,68793.0,0.004322631894722757,0.17229663813317955,medium
1541496,Hendershot Investments Inc.,68561.0,0.004308054094662058,0.2377692083743404,medium
790354,CHEMUNG CANAL TRUST CO,68454.0,0.004301330712737511,0.26307183652236105,medium
1604723,RKL Wealth Management LLC,67816.0,0.004261241762570589,0.1908647989937656,medium
1513865,"Autus Asset Management, LLC",67398.0,0.004234976588323294,0.10998059038058722,long
887813,GARCIA HAMILTON & ASSOCIATES LP/DE,67396.0,0.004234850917633116,0.17706379475914485,medium
200217,Dodge & Cox,66956.0,0.004207203365793859,0.16152474752995877,long
9631,BANK OF NOVA SCOTIA,66728.0,0.004192876907113517,0.40610305304040323,short
1082020,BOYS ARNOLD & CO INC,66705.0,0.004191431694176464,0.649712486773711,short
1598304,"GM Advisory Group, Inc.",66102.0,0.004153541981087664,0.4051518312960249,short
707179,OLD NATIONAL BANCORP /IN/,65844.0,0.004137330462054645,0.16099867759904185,long
1347104,"Patriot Wealth Management, Inc.",65611.0,0.004122689826648858,0.17354347161858275,medium
1388409,NOVARE CAPITAL MANAGEMENT LLC,65507.0,0.004116154950759578,0.16232927549849302,long
1269932,"Geneva Advisors, LLC",65453.0,0.00411276184212476,0.2041514507490727,medium
1599469,BANK PICTET & CIE (ASIA) LTD,64950.0,0.004081155663544883,0.27468954902574955,medium
1056593,SCHAFER CULLEN CAPITAL MANAGEMENT INC,64268.0,0.004038301958194034,0.11969352885636589,long
1000490,GIRARD PARTNERS LTD.,64054.0,0.00402485519434494,0.16372073694255462,long
1588871,"Oakworth Capital, Inc.",63996.0,0.004021210744329766,0.226833950058588,medium
1600035,Stonebridge Capital Advisors LLC,63699.0,0.004002548646838267,0.08895842302830592,long
1476804,Roundview Capital LLC,63284.0,0.0039764719786262405,0.2755584182229983,medium
1269950,DELTEC ASSET MANAGEMENT LLC,62908.0,0.003952845888872693,0.486042475099141,short
947263,TORONTO DOMINION BANK,62660.0,0.003937262723290567,0.23529072777349308,medium
905591,NIPPON LIFE INSURANCE CO,62242.0,0.003910997549043273,0.12187213340933722,long
1040197,MAI Capital Management,62047.0,0.0038987446567508746,0.1459440547194908,long
1279627,WETHERBY ASSET MANAGEMENT INC,61795.0,0.003882910149788391,0.12038217970173713,long
1679807,"LaSalle Street Capital Management, LLC",61636.0,0.003872919329919205,0.11781544275249209,long
51812,STONEBRIDGE CAPITAL MANAGEMENT INC,61521.0,0.0038656932652339445,0.17016498428378318,medium
945444,BRIDGES INVESTMENT COUNSEL INC/,61498.0,0.0038642480522968928,0.18808636754295463,medium
915325,BADGLEY PHELPS & BELL INC,60787.0,0.0038195721219384565,0.12487538185742679,long
857538,AMICA PENSION FUND BOARD OF TRUSTEES,60541.0,0.0038041146270465084,0.14465607880227563,long
1090413,SALIENT TRUST CO LTA,60485.0,0.003800595847721512,0.12244223754919703,long
1512647,"First Allied Advisory Services, Inc.",60420.0,0.0037965115502907125,0.25535407485249806,medium
1541399,"Ramsay, Stattman, Vela & Price, Inc.",60086.0,0.003775524545030913,0.06934096009014808,long
1080173,VAN STRUM & TOWNE INC.,60066.0,0.0037742678381291286,0.056392111222061475,long
1276755,CHELSEA COUNSEL CO,60055.0,0.003773576649333147,0.28099797838496476,medium
936698,FRONT BARNETT ASSOCIATES LLC,59939.0,0.0037662877493027974,0.037299434102039605,long
1033505,COBBLESTONE CAPITAL ADVISORS LLC /NY/,59903.0,0.0037640256768795856,0.17027769322902656,medium
1065349,CAPITAL INTERNATIONAL SARL,59800.0,0.0037575536363353957,0.1899446874720739,medium
938592,"MOODY LYNN & LIEBERSON, LLC",59086.0,0.0037126891999416925,0.5756037643382382,short
1535452,Andra AP-fonden,58900.0,0.0037010018257550973,0.20439010887336467,medium
1387978,"Laurel Grove Capital, LLC",58381.0,0.0036683902816537915,0.15838111686214382,long
949012,BERKSHIRE ASSET MANAGEMENT LLC/PA,57894.0,0.003637789468595341,0.10101996972963885,long
1517429,"Reliant Investment Management, LLC",57738.0,0.003627987154761423,0.32091926054656883,medium
1384943,Bath Savings Trust Co,57686.0,0.0036247197168167832,0.06454506148970751,long
1315339,"First Financial Bank, N.A. - Trust Division",57598.0,0.003619190206448932,0.10417135537874546,long
1006435,PIONEER TRUST BANK N A/OR,57338.0,0.0036028530167257346,0.05608410986572965,long
750641,"BAILARD, INC.",57113.0,0.0035887150640806597,1.218672480921651,short
1263567,"Perkins Investment Management, LLC",57068.0,0.0035858874735516452,0.358637714848132,medium
1620943,Davy Asset Management Ltd,57068.0,0.0035858874735516452,0.20898164526650176,medium
1509508,Renaissance Investment Group LLC,56958.0,0.0035789755855918305,0.07470884034067143,long
883782,"Fulton Bank, N.A.",56894.0,0.0035749541235061207,0.0938674354419497,long
1041885,INGALLS & SNYDER LLC,56741.0,0.00356534031570747,0.09261963233811026,long
1084683,GREENWOOD GEARHART INC,56654.0,0.003559873640684708,0.0738189057268835,long
1030618,CYPRESS ASSET MANAGEMENT INC/TX,56459.0,0.0035476207483923095,0.09069919178130931,long
1289643,GLG Partners LP,56428.0,0.0035456728526945436,0.9988318278324781,short
1009006,PALISADE CAPITAL MANAGEMENT LLC/NJ,56273.0,0.0035359333742057144,0.24406556459332465,medium
1134152,ADELL HARRIMAN & CARPENTER INC,56136.0,0.0035273249319284915,0.11628194967695828,long
1512611,"Nelson Roberts Investment Advisors, LLC",55759.0,0.0035036360068298553,0.12335114393357768,long
1542420,Cipher Capital LP,55688.0,0.0034991746973285203,0.9503175899566639,short
869878,ROCKEFELLER FINANCIAL SERVICES INC,55242.0,0.003471150133418728,0.21412882992470708,medium
1008322,THOMPSON SIEGEL & WALMSLEY LLC,55055.0,0.003459399923887044,0.5365485446046829,short
1074272,CAMBRIDGE TRUST CO,54979.0,0.003454624437660263,0.15640724842230674,long
937760,SUMITOMO LIFE INSURANCE CO,54838.0,0.0034457646540026828,0.13735725481442812,long
1417889,"Vision Capital Management, Inc.",54836.0,0.0034456389833125043,0.37763042390552665,short
1324659,"COBIZ INVESTMENT MANAGEMENT, LLC",54741.0,0.0034396696255290285,0.11533872800121696,long
1308377,"Lafayette Investments, Inc.",54731.0,0.0034390412720781364,0.05555846271098411,long
1426755,"J.P. Marvel Investment Advisors, LLC",54636.0,0.00343307191429466,,unclassified
1306333,MOTCO,54322.0,0.003413341615936645,0.1476677854703214,long
1666470,Baker Chad R,54225.0,0.0034072465874629906,,unclassified
1089710,ROANOKE ASSET MANAGEMENT CORP/ NY,54192.0,0.0034051730210750463,0.12360863842124822,long
1108831,STONERIDGE INVESTMENT PARTNERS LLC,54164.0,0.003403413631412548,0.6006374465610718,short
1078013,"GREAT LAKES ADVISORS, LLC",54033.0,0.00339518220120586,0.24083492698485892,medium
1130787,EAGLE GLOBAL ADVISORS LLC,53951.0,0.003390029702908544,0.1870180363460987,medium
1356202,"Beech Hill Advisors, Inc.",53750.0,0.003377399798545611,0.37996925651051117,short
1550057,"Goelzer Investment Management, Inc.",53720.0,0.0033755147381929343,0.1808478065027786,medium
1277303,First National Trust Co,53621.0,0.0033692940390291012,0.09676866534105052,long
1576151,"EXENCIAL WEALTH ADVISORS, LLC",53594.0,0.0033675974847116926,0.20675012759226752,medium
900974,BRYN MAWR TRUST Co,53559.0,0.00336539824763357,0.06414195392715667,long
941560,GARDNER LEWIS ASSET MANAGEMENT L P,53549.0,0.0033647698941826776,1.256585870532016,short
846797,"DEAN INVESTMENT ASSOCIATES, LLC",53425.0,0.003356978311391614,0.3325056073864242,medium
1164478,KANAWHA CAPITAL MANAGEMENT LLC,53383.0,0.003354339226897867,0.042265497976108894,long
1078635,WINDWARD CAPITAL MANAGEMENT CO /CA,53201.0,0.0033429031940916286,0.11590019045975707,long
1567634,"Buckingham Capital Management, Inc.",53158.0,0.003340201274252792,0.16402174440562672,long
1511826,Bronson Point Management LLC,53000.0,0.0033302732897286954,1.3048865918882186,short
1382303,Goodman Financial Corp,52757.0,0.0033150043008720147,0.1822959273576473,medium
1277279,"THOMPSON INVESTMENT MANAGEMENT, INC.",52667.0,0.0033093491198139847,0.09102976795879439,long
1631185,"Mercer Capital Advisers, Inc.",52493.0,0.0032984157697684606,0.04247417370010728,long
1597409,"Winslow, Evans & Crocker, Inc.",52472.0,0.003297096227521587,0.1743590466563806,medium
1351903,SII INVESTMENTS INC/WI,52398.0,0.0032924464119849844,0.2806760251838551,medium
885415,"FOLGER NOLAN FLEMING DOUGLAS CAPITAL MANAGEMENT, INC",52353.0,0.0032896188214559694,0.02685403899518939,long
1317733,"Exchange Capital Management, Inc.",52311.0,0.0032869797369622224,0.1301143756824808,long
1584686,Kentucky Retirement Systems Insurance Trust Fund,52007.0,0.0032678777920550992,0.1821536535152112,medium
1163653,NOMURA HOLDINGS INC,51984.0,0.003266432579118047,0.8084924045937281,short
1668188,"WESPAC Advisors SoCal, LLC",51906.0,0.003261531422201088,,unclassified
1068840,ROBSHAW & JULIAN ASSOCIATES INC,51530.0,0.003237905332447541,0.07492190777929228,long
1008937,TRUST CO OF TOLEDO NA /OH/,51365.0,0.0032275375005078196,0.029510332583296526,long
1318055,FARMERS TRUST CO,51120.0,0.0032121428409609605,0.16123904593754132,long
1534400,Cetera Advisors LLC,51062.0,0.003208498390945786,0.22886503033903494,medium
1080374,"JAG CAPITAL MANAGEMENT, LLC",51033.0,0.0032066761659381984,0.4523188431211419,short
1575677,FLOSSBACH VON STORCH AG,51000.0,0.003204602599550254,0.29620693986147284,medium
1559789,Regal Investment Advisors LLC,50297.0,0.003160429351952532,0.292619521147356,medium
1121908,INDEPENDENT INVESTORS INC,50213.0,0.0031551511829650374,0.04959516070000938,long
1538846,South Dakota Investment Council,50116.0,0.003149056154491383,0.13198157766541438,long
1165002,WESTWOOD HOLDINGS GROUP INC,50067.0,0.0031459772225820113,0.4176443123573181,short
1583864,RELIANCE TRUST CO OF DELAWARE,50061.0,0.003145600210511476,0.884852397260903,short
1483259,NJ State Employees Deferred Compensation Plan,50000.0,0.003141767254461033,0.040518669843668316,long
1466538,"COWEN GROUP, INC.",49640.0,0.003119146530228914,1.2052263551378397,short
1038661,ABNER HERRMAN & BROCK LLC,49388.0,0.0031033120232664304,0.24533931272146164,medium
1542266,"Granite Investment Partners, LLC",49379.0,0.0031027465051606273,0.24692521418752666,medium
1649647,EDMOND DE ROTHSCHILD HOLDING S.A.,49082.0,0.003084084407669129,0.2756729240346007,medium
717538,ARROW FINANCIAL CORP,48964.0,0.003076669836948601,0.11373281392030131,long
1603937,SCHNIEDERS CAPITAL MANAGEMENT LLC,48955.0,0.0030761043188427977,0.09634839274267674,long
1481045,Daiwa Securities Group Inc.,48243.0,0.0030313655531392725,0.24865737543611494,medium
1054646,CAPE COD FIVE CENTS SAVINGS BANK,48242.0,0.0030313027177941835,0.07915328058731211,long
1394866,"Penobscot Investment Management Company, Inc.",48029.0,0.0030179187892901793,0.10591621547576807,long
801051,CONNING INC.,47892.0,0.003009310347012956,0.12597964063382017,long
1103882,Paloma Partners Management Co,47792.0,0.003003026812504034,1.020877839316574,short
1129919,PROFUND ADVISORS LLC,47754.0,0.0030006390693906437,0.21635655356002587,medium
1299582,"Country Club Trust Company, n.a.",47652.0,0.002994229864191543,0.135218946402669,long
1085146,ADVISOR CONSULTANT NETWORK INC,47652.0,0.002994229864191543,,unclassified
1620916,"Boulegeris Investments, Inc.",47427.0,0.0029800919115464688,0.09396451206143455,long
1506071,"Wellington Shields Capital Management, LLC",47340.0,0.0029746252365237063,0.1384194108100435,long
1055963,Tufton Capital Management,47329.0,0.002973934047727725,0.16262571767223097,long
1482010,New Jersey Better Educational Savings Trust,47000.0,0.0029532612191933713,0.47430614565376805,short
7195,"ARGUS INVESTORS' COUNSEL, INC.",46990.0,0.002952632865742479,0.06715788336080977,long
919458,ALERUS FINANCIAL  NA,46766.0,0.002938557748442494,,unclassified
1166880,CORNERSTONE ADVISORS INC,46700.0,0.002934410615666605,0.3779272816499233,short
1013143,HERMES INVESTMENT MANAGEMENT LTD,46650.0,0.0029312688484121443,0.1972430422483018,medium
1388736,KINGS POINT CAPITAL MANAGEMENT,46446.0,0.002918450438013943,0.18183281772197574,medium
1539948,"United Asset Strategies, Inc.",46171.0,0.0029011707181144076,0.32436929698644534,medium
1599444,CG Asset Management LLC,46016.0,0.0028914312396255784,0.26026150206241516,medium
1008868,MARTIN & CO INC /TN/,45905.0,0.0028844565163206747,0.10136601351920208,long
1584801,"YCG, LLC",45722.0,0.0028729576481693474,0.18694506358984017,medium
1599405,"Vantage Investment Advisors, LLC",45716.0,0.002872580636098812,0.14628156537955583,long
1259671,WAGNER BOWMAN MANAGEMENT CORP,45644.0,0.002868056491252388,0.10420650881067398,long
936944,MARTINGALE ASSET MANAGEMENT L P,45517.0,0.002860076402426057,0.3003591300408029,medium
36644,FIRST NATIONAL BANK OF OMAHA,45307.0,0.0028468809799573206,0.14958803183237462,long
1607239,"Moors & Cabot, Inc.",45230.0,0.0028420426583854507,0.1446195586397801,long
883948,Union Bankshares Corp,45116.0,0.0028348794290452796,0.09274928438977029,long
1387130,"Marble Harbor Investment Counsel, LLC",44990.0,0.002826962175564038,0.05827876691888391,long
1135077,HYMAN CHARLES D,44988.0,0.0028268365048738594,0.03528451215569062,long
1014358,"TMD & ASSOCIATES, INC",44600.0,0.0028024563909792416,,unclassified
878228,WENDELL DAVID ASSOCIATES INC,44594.0,0.0028020793789087063,0.04631463156352323,long
1077148,OAKWOOD CAPITAL MANAGEMENT LLC/CA,44493.0,0.0027957330090546953,0.12489372476636354,long
1315281,"A.R.T. Advisors, LLC",44450.0,0.0027930310892158587,1.271097178965896,short
1054425,DILLON & ASSOCIATES INC,44396.0,0.0027896379805810406,0.07606645065827092,long
1484040,Origin Asset Management LLP,44319.0,0.0027847996590091707,0.361552898304119,medium
1074266,CANANDAIGUA NATIONAL BANK & TRUST CO,44220.0,0.002778578959845338,0.07132078615696728,long
1144492,Meiji Yasuda Life Insurance Co,44209.0,0.0027778877710493565,0.20878286297686025,medium
1114702,MARIETTA INVESTMENT PARTNERS LLC,44187.0,0.0027765053934573937,0.31229765740362475,medium
1158274,SECURITY NATIONAL TRUST CO,44017.0,0.002765823384792226,0.07222200882532209,long
1645890,Fiduciary Group LLC,43748.0,0.0027489206769632257,0.12858515384281977,long
1536262,B.S. Pension Fund Trustee Ltd acting for the British Steel Pension Fund,43647.0,0.0027425743071092146,,unclassified
1449126,Sigma Planning Corp,43638.0,0.0027420087890034114,0.30044577140950124,medium
874791,CAMPBELL NEWMAN ASSET MANAGEMENT INC,43417.0,0.0027281221777386935,0.14981140355826195,long
1663896,"Saddle Road Partners, LLC",43326.0,0.0027224041613355746,,unclassified
1326766,"Violich Capital Management, Inc.",43247.0,0.0027174401690735262,0.11620208565141366,long
928052,HM PAYSON & CO,42815.0,0.002690295299994983,0.10308357680751326,long
1580830,"Alpha Cubed Investments, LLC",42663.0,0.002680744327541421,0.3110131482111353,medium
1082482,DAVIDSON & GARRARD INC,42463.0,0.002668177258523577,0.08000187598717759,long
1207017,LAZARD ASSET MANAGEMENT LLC,42453.0,0.002667548905072685,0.2720560092765846,medium
1277557,PRIVATE TRUST CO NA,42324.0,0.0026594431455561757,0.13825043073183743,long
1455258,CALAMOS WEALTH MANAGEMENT LLC,42255.0,0.002655107506745019,0.27802084547067213,medium
9015,BABSON CAPITAL MANAGEMENT LLC,42104.0,0.002645619369636547,0.6252497934799534,short
1132708,NORTHSTAR ASSET MANAGEMENT LLC,42090.0,0.0026447396748052977,0.08374333841509074,long
1105837,"WEBSTER BANK, N. A.",41288.0,0.002594345728043743,0.1341585430022699,long
1123320,Family Capital Trust Co,41178.0,0.0025874338400839287,0.16568369603741095,long
1509973,"BRIGHT ROCK CAPITAL MANAGEMENT, LLC",41000.0,0.0025762491486580473,0.180015851931199,medium
1115055,PINNACLE FINANCIAL PARTNERS INC,40997.0,0.00257606064262278,0.19073768449509226,medium
1142495,WEDBUSH SECURITIES INC,40934.0,0.0025721020158821586,0.2022652933129588,medium
1166741,GREYSTONE INVESTMENT MANAGEMENT LLC,40904.0,0.002570216955529482,0.22700699664860602,medium
1349353,united american securities inc. (d/b/a uas asset management),40700.0,0.002557398545131281,0.37609483003829663,short
1632554,Trust Co,40647.0,0.0025540682718415524,0.4328161676589612,short
1308016,"GRANDFIELD & DODD, LLC",40605.0,0.0025514291873478053,0.06439098507024626,long
1442173,"MACGUIRE, CHESWICK & TUTTLE INVESTMENT COUNSEL LLC",40425.0,0.0025401188252317454,0.07294718321059847,long
1492262,National Planning Corp,40391.0,0.002537982423498712,0.3127745365054865,medium
1666940,Mn Services Vermogensbeheer B.V.,39874.0,0.0025054965500875847,,unclassified
1569071,Atlanta Capital Group,39843.0,0.002503548654389819,0.17936673109931564,medium
1040188,VICTORY CAPITAL MANAGEMENT INC,39819.0,0.0025020406061076776,0.4662990680693946,short
1020580,KEATING INVESTMENT COUNSELORS INC,39690.0,0.0024939348465911684,0.09681187393336033,long
102212,UNIVEST CORP OF PENNSYLVANIA,39558.0,0.002485640581039391,0.1075023062665986,long
1092203,FIRST CITIZENS BANK & TRUST CO,39480.0,0.002480739424122432,0.36955943136112285,medium
1511229,"Orca Investment Management, LLC",39258.0,0.002466789977512625,0.3251316600482343,medium
1512237,"Global Endowment Management, LP",39120.0,0.0024581186998903124,0.31256624271093664,medium
1007399,WILBANKS SMITH & THOMAS ASSET MANAGEMENT LLC,39110.0,0.0024574903464394202,0.29767072929701494,medium
1585822,"Winch Advisory Services, LLC",39008.0,0.0024510811412403197,0.6997372791955105,short
1080523,Selway Asset Management,38656.0,0.002428963099768914,0.2042576090660035,medium
1432539,"Strategic Financial Services, Inc,",38616.0,0.002426449685965345,0.2063877220080817,medium
872732,FIRST MIDWEST BANK TRUST DIVISION,38575.0,0.0024238734368166874,0.27404175603527053,medium
1352526,Hartford Financial Management Inc.,38573.0,0.002423747766126509,0.47782589815999427,short
1512444,"Mizuho Asset Management Co.,Ltd.",38502.0,0.002419286456625174,0.395130228449242,short
861787,Washington Trust Bank,38466.0,0.002417024384201962,0.18713106298423948,medium
1108965,LYNCH & ASSOCIATES/IN,38341.0,0.0024091699660658094,0.05719411057306534,long
1401561,"GHP Investment Advisors, Inc.",38292.0,0.0024060910341564376,0.07350010788045656,long
1569173,Whitnell & Co.,38265.0,0.002404394479839029,0.08046373927576568,long
1633883,"Lebenthal Asset Management, LLC",38117.0,0.002395094848765824,,unclassified
19481,"Virtus Investment Advisers, Inc.",37743.0,0.0023715944297024558,1.8324085302141684,short
1080386,Old Mutual Global Investors (UK) Ltd.,37569.0,0.0023606610796569312,0.8078836569417318,short
1083323,TRUST CO OF OKLAHOMA,37564.0,0.002360346902931485,0.09609707818583686,long
861176,TRUSTMARK NATIONAL BANK TRUST DEPARTMENT,37182.0,0.002336343801107403,0.3072995726601271,medium
1121330,LOGAN CAPITAL MANAGEMENT INC,36921.0,0.0023199437760391163,0.14111833146664282,long
1637246,Pensionfund Sabic,36900.0,0.0023186242337922425,0.37871467258440156,short
1418421,"Capital Investment Counsel, Inc",36862.0,0.0023162364906788523,0.07259816219524437,long
1080071,COMPTON CAPITAL MANAGEMENT INC /RI,36754.0,0.0023094502734092165,0.2193271636861338,medium
1350780,"Private Capital Advisors, Inc.",36550.0,0.0022966318630110154,0.11208016762798641,long
1427806,"WealthTrust Fairport, LLC",36345.0,0.002283750617267725,0.18897675733483185,medium
1167553,CLEARARC CAPITAL INC,36242.0,0.0022772785767235354,0.11057845605631075,long
1535106,"Samsung Asset Management (New York), Inc.",36140.0,0.002270869371524435,0.32098054233973294,medium
1127544,"KARPAS STRATEGIES, LLC",36125.0,0.0022699268413480965,0.041031720201812664,long
1577773,Willingdon Wealth Management,36049.0,0.002265151355121316,0.5116194321014916,short
1670903,Bridge Creek Capital Management LLC,35969.0,0.0022601245275141782,,unclassified
1563592,Airain ltd,35966.0,0.0022599360214789104,1.4448220316887863,short
1035463,CHARTER TRUST CO,35962.0,0.0022596846800985535,0.039642271488798835,long
1433541,"ASPIRIANT, LLC",35838.0,0.0022518930973074902,0.36168319525143405,medium
1548179,Frontier Wealth Management LLC,35832.0,0.002251516085236955,0.7137379434546917,short
1218254,Boyar Asset Management Inc.,35784.0,0.0022484999886726725,0.056968442852943835,long
1434981,"Altavista Wealth Management, Inc.",35768.0,0.0022474946231512446,0.13965502140662725,long
1040210,BARR E S & CO,35762.0,0.0022471176110807093,0.0824521215815142,long
1600746,"Eagle Capital Management, LLC",35726.0,0.0022448555386574975,0.21574842048617016,medium
1353110,Aldebaran Financial Inc.,35651.0,0.002240142887775806,0.15006584595270617,long
1167365,HIGHLAND CAPITAL MANAGEMENT LP,35200.0,0.0022118041471405675,0.7228274023913746,short
1344717,Estabrook Capital Management,35110.0,0.0022061489660825375,0.3429092331910736,medium
1365559,Baker Ellis Asset Management LLC,35080.0,0.002204263905729861,0.08097434382394371,long
1275880,HARBOUR INVESTMENT MANAGEMENT LLC,35075.0,0.0022039497290044147,0.03942073323895974,long
1632560,"JACKSON PARK CAPITAL, LLC",35000.0,0.0021992370781227233,0.4971031616074424,short
1079397,CHESAPEAKE ASSET MANAGEMENT LLC,34876.0,0.00219144549533166,0.2595952398753764,medium
1331997,Westend Capital Management LLC,34431.0,0.0021634837667669567,0.3605775606692928,medium
1056825,EVERENCE CAPITAL MANAGEMENT INC,34176.0,0.0021474607537692054,0.14141375002765438,long
1389059,"BLB&B Advisors, LLC",33541.0,0.0021075603096375505,0.08879005748812335,long
1315269,"Scott & Selber, Inc.",33529.0,0.00210680628549648,0.4481111502388667,short
1351904,INVESTMENT CENTERS OF AMERICA INC,33376.0,0.002097192477697829,0.20194080478160154,medium
1412575,"AVIANCE CAPITAL MANAGEMENT, LLC",33217.0,0.002087201657828643,0.2873153523820032,medium
1456534,Concert Wealth Management Inc.,32851.0,0.002064203921525988,0.2925531383652067,medium
1056559,NORTH STAR ASSET MANAGEMENT INC,32709.0,0.002055281302523319,0.10108056214474204,long
1352864,"BKD Wealth Advisors, LLC",32513.0,0.0020429655748858315,0.17295012085754136,medium
1307878,Laffer Investments,32421.0,0.002037184723137623,,unclassified
869353,"FERGUSON WELLMAN CAPITAL MANAGEMENT, INC",32367.0,0.0020337916145028055,0.22828422556168762,medium
1549042,"Diligent Investors, LLC",32307.0,0.002030021493797452,0.1363339627384205,long
1364739,SOLARIS ASSET MANAGEMENT LLC,32295.0,0.0020292674696563815,0.23230112593078206,medium
1483238,"MONTAGE INVESTMENTS, LLC",32055.0,0.0020141869868349686,,unclassified
1502149,"Transamerica Financial Advisors, Inc.",32025.0,0.0020123019264822917,0.4042963477996361,short
1424367,"Voya Financial Advisors, Inc.",31979.0,0.0020094115006081877,0.2632100590833128,medium
1569391,"KCG HOLDINGS, INC.",31956.0,0.0020079662876711355,1.037721712275814,short
36066,"FIRST AMERICAN TRUST, FSB",31901.0,0.0020045103436912284,0.25007177855217566,medium
1352547,Legacy Private Trust Co.,31853.0,0.002001494247126946,0.31439739798306077,medium
1575129,"SEVEN EIGHT CAPITAL, LLC",31822.0,0.00199954635142918,1.3958799792729246,short
1499266,"MILLIE CAPITAL MANAGEMENT, LLC",31633.0,0.0019876704712073175,0.3026380708096454,medium
1587192,"Blume Capital Management, Inc.",31473.0,0.001977616815993042,0.4151399816962365,short
1642570,River Wealth Advisors LLC,31468.0,0.001977302639267596,0.10718078337754186,long
1610880,BlueCrest Capital Management Ltd,31385.0,0.0019720873056251905,1.5702051339535126,short
943442,HUDSON VALLEY INVESTMENT ADVISORS INC /ADV,31347.0,0.0019696995625118003,0.08650257384785831,long
914933,CONNABLE OFFICE INC,31207.0,0.0019609026141993095,0.3118649507764537,medium
1527198,Gerstein Fisher,31197.0,0.0019602742607484173,0.16290998841014764,long
1510769,"Salient Capital Advisors, LLC",30863.0,0.0019392872554886175,0.1963513302697388,medium
1513006,MIZUHO SECURITIES USA INC.,30814.0,0.0019362083235792457,1.1337167076637198,short
1632253,"Brick & Kyle, Associates",30793.0,0.001934888781332372,0.12341305043214869,long
1315785,"Essex Financial Services, Inc.",30759.0,0.0019327523795993385,0.10799979139897825,long
1461287,Narwhal Capital Management,30720.0,0.0019303018011408589,0.08048637699320109,long
1542383,"Aviance Capital Partners, LLC",30651.0,0.0019259661623297027,0.2110250646176452,medium
1616667,"Pacer Advisors, Inc.",30553.0,0.001919808298510959,0.6012623749319115,short
1074273,CAPITAL MANAGEMENT CORP /VA,30404.0,0.0019104458320926652,0.22178232833233802,medium
1423045,"First National Bank of Mount Dora, Trust Investment Services",29819.0,0.001873687155215471,0.083016404941463,long
1427514,"Dana Investment Advisors, Inc.",29798.0,0.0018723676129685975,1.0624427552571154,short
1567784,"Carroll Financial Associates, Inc.",29573.0,0.0018582296603235227,0.15321686405283402,long
14661,BROWN BROTHERS HARRIMAN & CO,29534.0,0.001855779081865043,0.12000556622307343,long
1567889,"Telos Capital Management, Inc.",29398.0,0.0018472334749329092,0.12792165131771888,long
1564770,"Oxbow Advisors, LLC",29372.0,0.0018455997559605893,0.3412306985366786,medium
1598186,"Checchi Capital Advisers, LLC",29369.0,0.0018454112499253217,0.2606613699182949,medium
1423065,Ativo Capital Management LLC,29290.0,0.0018404472576632734,0.27744812960356613,medium
1659997,Handelsinvest Investeringsforvaltning,29240.0,0.0018373054904088123,,unclassified
1598898,Torch Wealth Management LLC,29049.0,0.001825303939496771,0.13499086857074383,long
1463524,OLD MUTUAL CUSTOMISED SOLUTIONS (PROPRIETARY) LTD,29000.0,0.0018222250075873993,0.13107211253185588,long
51762,RNC CAPITAL MANAGEMENT LLC,28984.0,0.0018212196420659718,0.2956229700186714,medium
1568298,"Concannon Wealth Management, LLC",28976.0,0.001820716959305258,0.14676670231099484,long
1569036,Covington Investment Advisors Inc.,28918.0,0.0018170725092900833,0.09994560304040331,long
943656,DENVER INVESTMENT ADVISORS LLC,28826.0,0.001811291657541875,0.2598951338636265,medium
1105871,AGRAN LIBBIE,28742.0,0.0018060134885543803,0.09711504130930115,long
1484265,"McKinley Carter Wealth Services, Inc.",28710.0,0.0018040027575115254,0.14108390301489038,long
1160099,MRJ CAPITAL INC,28500.0,0.001790807335042789,0.14046471252912116,long
1483232,"TIEDEMANN WEALTH MANAGEMENT, LLC",28432.0,0.001786534531576722,0.9823843714276044,short
1542927,National Mutual Insurance Federation of Agricultural Cooperatives,28300.0,0.0017782402660249449,0.2463414013311976,medium
1342857,North Star Investment Management Corp.,28275.0,0.0017766693823977144,0.10707001019602387,long
1650162,EDMOND DE ROTHSCHILD (SUISSE) S.A.,28224.0,0.0017734647797981642,0.3862288036649718,short
1034549,PARADIGM ASSET MANAGEMENT CO LLC,28134.0,0.0017678095987401343,0.5589175284667227,short
1008895,SCHMIDT P J INVESTMENT MANAGEMENT INC,28027.0,0.0017610862168155877,0.09643918487469072,long
1641652,ROPES WEALTH ADVISORS LLC,27987.0,0.0017585728030120188,0.16052077729531383,long
1541353,Triangle Securities Wealth Management,27984.0,0.0017583842969767511,0.32451078135454287,medium
357301,TRUSTCO BANK CORP N Y,27901.0,0.001753168963334346,0.07489773772914318,long
1673907,Premier Fund Managers Ltd,27880.0,0.0017518494210874722,,unclassified
1573876,"Advisory Services Network, LLC",27823.0,0.0017482678064173866,0.5464311692598538,short
1616034,HighPoint Advisor Group LLC,27803.0,0.0017470110995156023,0.5508790483714147,short
1005817,TOMPKINS FINANCIAL CORP,27802.0,0.001746948264170513,0.15809467862296123,long
1596901,"Pettee Investors, Inc.",27780.0,0.00174556588657855,0.04318753831540188,long
1389479,"Brown Advisory Securities, LLC",27620.0,0.0017355122313642748,0.12995782959808513,long
1455924,Texan Capital Management,27505.0,0.0017282861666790144,0.10227411129244118,long
1483796,Barrington Strategic Wealth Management Group LLC,27495.0,0.0017276578132281223,0.1911797571872073,medium
1513038,Perkins Coie Trust Co,27486.0,0.0017270922951223193,0.07446670428333885,long
1366838,"Liberty Capital Management, Inc.",27477.0,0.0017265267770165162,0.18048531117909744,medium
1511144,"10-15 ASSOCIATES, INC.",27326.0,0.001717038639908044,0.21012663858556577,medium
1039807,BOSTON FAMILY OFFICE LLC,27322.0,0.0017167872985276872,0.07069969853819988,long
1021117,D L CARLSON INVESTMENT GROUP INC,27290.0,0.001714776567484832,0.2188153143193826,medium
1631738,"Ariel Capital Advisors, LLC",27259.0,0.001712828671787066,0.3493067721128043,medium
1259664,FIRST MERCANTILE TRUST CO,27237.0,0.0017114462941951033,0.2769703117104893,medium
759944,Citizens Financial Group Inc/RI,27106.0,0.0017032148639884153,,unclassified
903783,OLD SECOND NATIONAL BANK OF AURORA,27076.0,0.0017013298036357388,0.11248082925180046,long
1632187,"Community Bank, N.A.",27034.0,0.0016986907191419915,0.07443536286644456,long
1657660,"Inverness Investment Group, LLC",27030.0,0.0016984393777616346,0.1570945839308178,long
1483065,Supplemental Annuity Collective Trust of NJ,27000.0,0.001696554317408958,0.06091654407014303,long
1428242,Argent Trust Co,26952.0,0.0016935382208446753,0.3769230489902735,short
1462525,"Private Wealth Advisors, Inc.",26933.0,0.0016923443492879802,0.1262322316416052,long
1216093,MAYO INVESTMENT ADVISERS LLC,26850.0,0.001687129015645575,0.29786257341967665,medium
1002784,SHELTON CAPITAL MANAGEMENT,26761.0,0.0016815366699326343,0.18614782284665188,medium
1519319,Garrison Financial Corp,26623.0,0.0016728653923103218,0.06801914584544597,long
1310658,Ledyard National Bank,26569.0,0.0016694722836755038,0.28978946410476814,medium
1657111,NS Partners Ltd,26521.0,0.0016664561871112212,0.22946174734182967,medium
1671716,"Bristlecone Advisors, LLC",26448.0,0.0016618692069197082,,unclassified
1579111,RDL FINANCIAL INC,26414.0,0.0016597328051866746,0.4786843824388286,short
1308757,BALASA DINVERNO & FOLTZ LLC,26401.0,0.0016589159457005148,0.09611096220035664,long
1015247,COURIER CAPITAL CORP,26309.0,0.0016531350939523065,0.08214939856751108,long
1119032,HARVEY CAPITAL MANAGEMENT INC,26120.0,0.0016412592137304439,0.31105930272430143,medium
1647565,Sapphire Star Partners LP,26061.0,0.0016375519283701799,,unclassified
1568679,RIVERHEAD CAPITAL MANAGEMENT LLC,26006.0,0.0016340959843902728,1.0435105565404972,short
895213,CAPITAL INTERNATIONAL INC /CA/,26000.0,0.0016337189723197372,0.27997790927865873,medium
872163,Navellier & Associates Inc,26000.0,0.0016337189723197372,0.6021900071370252,short
1606588,"One Capital Management, LLC",25853.0,0.001624482176591622,0.31046919264699174,medium
1670053,Investment Counsel Inc.,25821.0,0.0016224714455487668,,unclassified
1020918,ROTHSCHILD INVESTMENT CORP /IL,25705.0,0.0016151825455184173,0.33601498843073685,medium
1525109,"Wills Financial Group, Inc.",25602.0,0.0016087105049742275,0.24806871087187443,medium
1079373,FIDUCIARY FINANCIAL SERVICES OF THE SOUTHWEST INC /TX,25430.0,0.0015979028256188816,0.12092343276517925,long
918504,BIRMINGHAM CAPITAL MANAGEMENT CO INC/AL,25166.0,0.0015813142945153274,0.05230367425456295,long
1599330,"Joel Isaacson & Co., LLC",25145.0,0.0015799947522684536,0.08486873983837019,long
1133014,MONETARY MANAGEMENT GROUP INC,25125.0,0.0015787380453666693,0.22207307940552445,medium
1659346,"Deane Retirement Strategies, Inc.",25078.0,0.001575784784147476,0.6077780003048674,short
1352900,Kemper Corp Master Retirement Trust,25000.0,0.0015708836272305166,0.16215664957631193,long
1272164,AMERICAN NATIONAL BANK,24984.0,0.001569878261709089,0.299698133429786,medium
1600085,"American Money Management, LLC",24801.0,0.0015583793935577618,0.084843635286677,long
1580212,"Strategic Global Advisors, LLC",24710.0,0.0015526613771546427,0.21397772305905988,medium
1506073,"Wellington Shields & Co., LLC",24701.0,0.0015520958590488397,0.0973160997354464,long
1164508,"ARROWSTREET CAPITAL, LIMITED PARTNERSHIP",24600.0,0.0015457494891948284,0.8344344013340199,short
1092903,MOODY NATIONAL BANK TRUST DIVISION,24507.0,0.0015399058021015309,0.05755125304332559,long
1674486,Simmons Bank,24376.0,0.001531674371894843,,unclassified
1666624,"CHARTER RESEARCH & INVESTMENT GROUP, INC.",24242.0,0.0015232544356528874,0.09819321610884915,long
1549275,Catalyst Capital Advisors LLC,24000.0,0.001508048282141296,0.7324341122534324,short
1330463,"Ironwood Investment Counsel, LLC",23924.0,0.0015032727959145152,0.190908504253107,medium
1603465,"Cubist Systematic Strategies, LLC",23922.0,0.0015031471252243368,1.0222009073007667,short
934745,WEATHERLY ASSET MANAGEMENT L. P.,23715.0,0.001490140208790868,0.1674526634934836,medium
1602237,IPG Investment Advisors LLC,23653.0,0.0014862444173953365,0.35890475113093906,medium
1518195,"American National Registered Investment Advisor, Inc.",23635.0,0.0014851133811837306,0.05143116115211503,long
1650092,"Westbourne Investment Advisors, Inc.",23617.0,0.0014839823449721244,0.1283232611732371,long
10742,BECK MACK & OLIVER LLC,23614.0,0.0014837938389368568,0.1061456182333809,long
1563690,Boltwood Capital Management,23562.0,0.0014805264009922173,0.11193000081137816,long
1030815,SYMPHONY ASSET MANAGEMENT LLC,23475.0,0.0014750597259694553,0.49185281283429927,short
1511550,"Asset Management Group, Inc.",23469.0,0.0014746827138989197,0.05351926639856601,long
1279912,PRIVATE BANK & TRUST CO,23274.0,0.0014624298216065219,0.19965326365123875,medium
1044905,PATTEN & PATTEN INC/TN,23214.0,0.0014586597009011687,0.12219523067738082,long
1424322,"Cubic Asset Management, LLC",23110.0,0.0014521248250118897,0.1297226320623313,long
1054554,OAK RIDGE INVESTMENTS LLC,23046.0,0.0014481033629261794,0.45918494039266317,short
1468685,"Budros, Ruhlin & Roe, Inc.",23004.0,0.0014454642784324323,0.13406017842645937,long
1445065,"BENJAMIN F. EDWARDS & COMPANY, INC.",22990.0,0.001444584583601183,0.2000716685704322,medium
1278793,WEIK INVESTMENT SERVICES INC,22975.0,0.0014436420534248448,0.09606086268387665,long
1582732,"Capital Investment Advisors, LLC",22898.0,0.001438803731852975,0.23730543709392404,medium
1548468,"Cognios Capital, LLC",22753.0,0.0014296926068150379,0.5594349269476624,short
1397290,Rodgers Brothers Inc.,22692.0,0.0014258596507645954,0.08198778771925921,long
1483467,"Westover Capital Advisors, LLC",22685.0,0.001425419803348971,0.3424619392233059,medium
1051042,FINANCIAL & INVESTMENT MANAGEMENT GROUP LTD,22564.0,0.001417816726593175,0.31653005091457087,medium
1157436,SHEETS SMITH WEALTH MANAGEMENT,22352.0,0.0014044956334342603,0.24994732825309104,medium
1540142,SAN FRANCISCO SENTRY INVESTMENT GROUP (CA),22329.0,0.0014030504204972083,0.13281050592815352,long
1608057,Curbstone Financial Management Corp,22240.0,0.0013974580747842676,0.26023390510557154,medium
45319,MEYER HANDELMAN CO,22111.0,0.0013893523152677582,0.0248672114075303,long
1663138,"McQueen, Ball & Associates Inc.",22060.0,0.001386147712668208,,unclassified
1610769,"CAPROCK Group, Inc.",22030.0,0.0013842626523155313,0.5202404998869363,short
1363561,"REILLY FINANCIAL ADVISORS, LLC",21982.0,0.0013812465557512487,0.5309459569397271,short
1224890,CULBERTSON A N & CO INC,21846.0,0.0013727009488191148,0.1191959479837132,long
1450935,B & T Capital Management DBA Alpha Capital Management,21767.0,0.0013677369565570662,0.27318321610961716,medium
1541743,"Copeland Capital Management, LLC",21677.0,0.0013620817754990363,0.3316673536771788,medium
1056821,"BENNICAS & ASSOCIATES, INC.",21650.0,0.0013603852211816275,0.07840232374597844,long
1082491,CONDOR CAPITAL MANAGEMENT,21464.0,0.0013486978469950323,0.09549190387460518,long
1478775,"Stillwater Investment Management, LLC",21464.0,0.0013486978469950323,0.040022624566343756,long
1446114,"Ancora Advisors, LLC",21316.0,0.0013393982159218278,0.3902781932049866,short
1609674,"Mengis Capital Management, Inc.",21283.0,0.0013373246495338835,0.1293141157539049,long
1079738,BIRINYI ASSOCIATES INC,21143.0,0.0013285277012213925,0.39925220802938116,short
1058470,ICON ADVISERS INC/CO,21100.0,0.001325825781382556,0.42586740880702556,short
1478215,"Morningstar Investment Services, Inc.",21006.0,0.0013199192589441694,0.2306194900751079,medium
1019754,SMITHFIELD TRUST CO,20996.0,0.001319290905493277,0.10577049779342257,long
1018674,PARSONS CAPITAL MANAGEMENT INC/RI,20681.0,0.0012994977717901725,0.12736163326841657,long
1483170,Kingfisher Capital LLC,20626.0,0.0012960418278102654,0.422371271545939,short
1667019,"WIMMER ASSOCIATES 1, LLC",20621.0,0.0012957276510848193,,unclassified
1321219,"OUTFITTER ADVISORS, LTD.",20621.0,0.0012957276510848193,0.09899512808242636,long
1666612,"BRONFMAN E.L. ROTHSCHILD, L.P.",20487.0,0.0012873077148428638,,unclassified
1352871,Benin Management CORP,20454.0,0.0012852341484549195,0.12003251330439288,long
1132556,WADE G W & INC,20381.0,0.0012806471682634065,0.2031438983124514,medium
1050068,INVESTMENT PARTNERS LTD /OH/ /ADV,20288.0,0.0012748034811701089,0.49239662619483393,short
1309148,HILLS BANK & TRUST CO,20275.0,0.001273986621683949,0.11167553174626114,long
1428350,"NORTHWEST INVESTMENT COUNSELORS, LLC",20182.0,0.0012681429345906515,0.07942357072804151,long
1050470,LSV ASSET MANAGEMENT,20100.0,0.0012629904362933353,0.12082076685081902,long
726854,CITY HOLDING CO,20025.0,0.0012582777854116438,0.0744029216989722,long
1426763,Cincinnati Specialty Underwriters Insurance CO,20000.0,0.0012567069017844134,0.035503113612904424,long
1041283,SPIRIT OF AMERICA MANAGEMENT CORP/NY,20000.0,0.0012567069017844134,0.19377150697336626,medium
1279888,CINCINNATI CASUALTY CO,20000.0,0.0012567069017844134,0.04086953619587008,long
810958,CITIZENS & NORTHERN CORP,19889.0,0.0012497321784795097,0.16365366074355145,long
1568068,"JFS WEALTH ADVISORS, LLC",19813.0,0.001244956692252729,0.3081258853433241,medium
1512251,FIC CAPITAL INC,19789.0,0.0012434486439705879,0.14519372477360074,long
1556218,Bollard Group LLC,19703.0,0.0012380448042929148,0.11091223525439693,long
1535784,Lombard Odier Asset Management (Europe) Ltd,19621.0,0.0012328923059955986,,unclassified
1605522,"St. Johns Investment Management Company, LLC",19565.0,0.0012293735266706023,0.1992395888379215,medium
1035912,EADS & HEALD INVESTMENT COUNSEL/,19493.0,0.0012248493818241785,0.08673685194447722,long
1354821,"LEVIN CAPITAL STRATEGIES, L.P.",19400.0,0.001219005694730881,0.40779592721306446,short
767684,DELPHI MANAGEMENT INC /MA/,19384.0,0.0012180003292094534,0.5229329577710058,short
1356407,Indiana Trust & Investment Management CO,19362.0,0.0012166179516174905,0.2064180062015068,medium
1416856,Fruth Investment Management,19345.0,0.0012155497507509738,0.03641725312676272,long
1379995,HBK Sorce Advisory LLC,19279.0,0.0012114026179750853,0.23413707241565893,medium
1053013,AMARILLO NATIONAL BANK,19229.0,0.0012082608507206242,0.2720012330209749,medium
1533892,"WFG Advisors, LP",19158.0,0.0012037995412192896,0.17486410435344657,medium
710127,SEARLE & CO.,19040.0,0.0011963849704987614,0.8940605941473038,short
1666741,Cetera Investment Advisers,19017.0,0.0011949397575617094,,unclassified
1631054,"Creegan & Nassoura Financial Group, LLC",18986.0,0.0011929918618639435,0.07004841036701046,long
765443,DUFF & PHELPS INVESTMENT MANAGEMENT CO,18950.0,0.0011907297894407317,0.15727385446373632,long
1567890,"Redmond Asset Management, LLC",18949.0,0.0011906669540956425,0.15113924643577023,long
1463559,Her Majesty the Queen in Right of the Province of Alberta as represented by Alberta Investment Management Corp,18900.0,0.0011875880221862707,0.3808257061640432,short
1661149,"V Wealth Management,LLC",18829.0,0.0011831267126849359,,unclassified
897599,LOCKHEED MARTIN INVESTMENT MANAGEMENT CO,18800.0,0.0011813044876773486,0.33313934191103917,medium
1387615,Aull & Monroe Investment Management Corp,18786.0,0.0011804247928460996,0.033108381115683434,long
1585045,"Tillar-Wenstrup Advisors, LLC",18761.0,0.001178853909218869,0.30437025085010355,medium
1510870,"Carlton Hofferkamp & Jenks Wealth Management, LLC",18629.0,0.001170559643667092,0.1556181221144938,long
1607866,"FAGAN ASSOCIATES, INC.",18625.0,0.0011703083022867348,0.20033637517516917,medium
1387723,BANK OF STOCKTON,18622.0,0.0011701197962514672,0.09906842770109509,long
1054880,HUTCHENS INVESTMENT MANAGEMENT INC,18603.0,0.001168925924694772,0.46598342462914594,short
1566493,"Newman Dignan & Sheerar, Inc.",18582.0,0.0011676063824478985,0.5041919109928972,short
1276853,WILKINS INVESTMENT COUNSEL INC,18500.0,0.0011624538841505823,0.0597311849958495,long
1689918,EDMOND DE ROTHSCHILD (MONACO),18494.0,0.001162076872080047,,unclassified
1339908,FIRST NATIONAL BANK & TRUST CO OF NEWTOWN,18452.0,0.0011594377875862997,0.022460597657682352,long
1054257,ADIRONDACK TRUST CO,18379.0,0.0011548508073947867,0.3217723335357162,medium
1103245,SMITHBRIDGE ASSET MANAGEMENT INC/DE,18360.0,0.0011536569358380913,0.07847497119903311,long
1464811,"National Asset Management, Inc.",18346.0,0.0011527772410068423,0.2668128600408088,medium
315080,BANK OF HAWAII,18258.0,0.001147247730638991,0.24818396297663642,medium
1456114,ADVISOR PARTNERS LLC,18234.0,0.0011457396823568496,0.19948488003182008,medium
1620220,Engineers Gate Manager LP,18201.0,0.0011436661159689053,1.168689616891567,short
1082327,"FULLER & THALER ASSET MANAGEMENT, INC.",18200.0,0.001143603280623816,0.2827469864010835,medium
1534469,"CSU Producer Resources, Inc.",18200.0,0.001143603280623816,0.10696384878394342,long
1352851,Magnetar Financial LLC,18194.0,0.0011432262685532807,0.9653011619747123,short
1569119,Strategic Advisors LLC,18182.0,0.0011424722444122102,0.1849465089860071,medium
1535865,ATRIA INVESTMENTS LLC,18177.0,0.001142158067686764,0.34362194924199496,medium
942618,LOEB PARTNERS CORP,18100.0,0.0011373197461148942,0.31547465465336383,medium
1528436,"FDO Partners, LLC",18069.0,0.0011353718504171282,,unclassified
1632105,MITCHELL MCLEOD PUGH & WILLIAMS INC,18051.0,0.0011342408142055223,0.10648503154898811,long
1576654,"Rikoon Group, LLC",18012.0,0.0011317902357470427,,unclassified
1337263,Hodges Capital Management Inc.,17957.0,0.0011283342917671356,0.36646796650849867,medium
1476225,"Endurance Wealth Management, Inc.",17923.0,0.001126197890034102,0.08044039644854097,long
1281011,MARSHWINDS ADVISORY CO,17914.0,0.001125632371928299,0.03244968368061423,long
1492375,IFC Holdings Incorporated/FL,17909.0,0.001125318195202853,0.20246403610053576,medium
1665302,Cottage Street Advisors LLC,17863.0,0.0011224277693287488,,unclassified
712534,FIRST MERCHANTS CORP,17859.0,0.001122176427948392,0.09208378672859391,long
1512581,ETRADE Capital Management LLC,17854.0,0.0011218622512229458,0.13978488003622214,long
1484972,"HAP Trading, LLC",17614.0,0.0011067817684015328,1.2812298746905486,short
1582151,"NAPLES GLOBAL ADVISORS, LLC",17610.0,0.001106530427021176,0.11370663084654144,long
1062938,CORNERCAP INVESTMENT COUNSEL INC,17601.0,0.001105964908915373,0.44462038637766976,short
1618832,ACCIDENT COMPENSATION CORP,17600.0,0.0011059020735702837,,unclassified
1596077,"New England Research & Management, Inc.",17575.0,0.0011043311899430533,0.3392076916398277,medium
1524566,WEALTHFRONT INC,17531.0,0.0011015664347591276,0.267692561864021,medium
1167026,HUDSON CANYON INVESTMENT COUNSELORS LLC,17530.0,0.0011015035994140384,0.2508960333488644,medium
1080166,AR ASSET MANAGEMENT INC,17520.0,0.001100875245963146,0.04521965854107926,long
1056827,ARMSTRONG HENRY H ASSOCIATES INC,17520.0,0.001100875245963146,0.04414198114319737,long
1422508,Montecito Bank & Trust,17434.0,0.0010954714062854731,0.3141701441379492,medium
1322590,Bowling Portfolio Management LLC,17409.0,0.0010939005226582425,0.42654994971817767,short
1388829,AMG National Trust Bank,17362.0,0.0010909472614390491,0.09530901853990915,long
1661222,Ashburton (Jersey) Ltd,17331.0,0.0010889993657412834,,unclassified
1455139,"Quotient Investors, LLC",17293.0,0.001086611622627893,0.7240007537056593,short
1179791,CIM INVESTMENT MANGEMENT INC,17086.0,0.0010736047061944243,0.26306541257418786,medium
1416692,"Financial Architects, Inc",17025.0,0.0010697717501439818,0.21170115043577678,medium
1371726,"MYCIO WEALTH PARTNERS, LLC",16954.0,0.0010653104406426472,0.19871643559712973,medium
1585740,ARGENTIERE CAPITAL AG,16953.0,0.001065247605297558,1.5008875791603242,short
1534866,BTIM Corp.,16758.0,0.00105299471300516,0.15570909635514085,long
59951,BANK OF THE WEST,16692.0,0.0010488475802292714,0.1957768822190189,medium
200724,"SMITH, MOORE & CO.",16565.0,0.0010408674914029403,0.18458844294085489,medium
1569148,Murphy Pohlad Asset Management LLC,16545.0,0.001039610784501156,0.09412755887655977,long
1260824,EVERGREEN CAPITAL MANAGEMENT LLC,16519.0,0.001037977065528836,0.22080469178449358,medium
1599868,"Nelson, Van Denburg & Campbell Wealth Management Group, LLC",16466.0,0.0010346467922391074,0.10485705516054879,long
712537,FIRST COMMONWEALTH FINANCIAL CORP /PA/,16360.0,0.00102798624565965,0.18794063199161862,medium
1106590,MACNEALY HOOVER INVESTMENT MANAGEMENT INC,16359.0,0.0010279234103145608,0.009573696818746787,long
1640250,Integrated Wealth Management,16341.0,0.0010267923741029549,0.19271018547890362,medium
1512991,Quantbot Technologies LP,16287.0,0.001023399265468137,1.454914419252682,short
1339270,SOL Capital Management CO,16263.0,0.0010218912171859958,0.09916624188901271,long
1352675,Bangor Savings Bank,16253.0,0.0010212628637351034,0.04400695763891782,long
1665518,"PHYSICIANS FINANCIAL SERVICES, INC.",16248.0,0.0010209486870096573,,unclassified
1020317,PEKIN SINGER STRAUSS ASSET MANAGEMENT /IL,16230.0,0.0010198176507980514,0.25017957463084917,medium
1389709,"WHALEROCK POINT PARTNERS, LLC",16225.0,0.0010195034740726053,,unclassified
1615135,"Ironsides Asset Advisors, LLC",16106.0,0.0010120260680069881,0.8798692207526848,short
1480916,"WMS Partners, LLC",16045.0,0.0010081931119565457,0.09408309096549698,long
1407409,Parametric Risk Advisors LLC,16039.0,0.0010078160998860102,0.19106723265503622,medium
1284208,NTV ASSET MANAGEMENT LLC,16023.0,0.0010068107343645827,0.1362974725508945,long
752365,WALTER & KEENAN FINANCIAL CONSULTING CO /MI/ /ADV,16019.0,0.0010065593929842259,0.5574665851286058,short
1356783,Phocas Financial Corp.,15836.0,0.0009950605248328986,0.299140156202487,medium
1084580,Jefferies Group LLC,15835.0,0.0009949976894878094,1.0148803488048246,short
1633037,Rehmann Capital Advisory Group,15781.0,0.0009916045808529912,0.15946875103679528,long
1116247,"FAIRFIELD, BUSH & CO.",15750.0,0.0009896566851552255,0.19669547043589652,medium
1166308,GREEN SQUARE CAPITAL LLC,15730.0,0.0009883999782534412,0.34002982033191687,medium
1682266,"Carnick & Kubik Group, LLC",15676.0,0.000985006869618623,,unclassified
1606609,"Archford Capital Strategies, LLC",15604.0,0.0009804827247721993,0.7612678548361831,short
1344551,"ASSETMARK, INC",15588.0,0.0009794773592507718,0.5907364555584282,short
884535,TIRSCHWELL & LOEWY INC,15579.0,0.0009789118411449688,0.08375479888784576,long
1536444,"Camarda Financial Advisors, LLC",15507.0,0.0009743876962985449,0.4756484262891649,short
1411784,"Pinnacle Holdings, LLC",15498.0,0.0009738221781927419,0.6230321548100497,short
1399794,Choate Investment Advisors,15379.0,0.0009663447721271247,0.3638264835643955,medium
1123778,"Jarislowsky, Fraser Ltd",15370.0,0.0009657792540213216,0.3971094424319673,short
1616664,Raab & Moskowitz Asset Management LLC,15354.0,0.0009647738884998941,0.11230226132384827,long
1230765,"RICE HALL JAMES & ASSOCIATES, LLC",15221.0,0.0009564167876030278,0.239766868031488,medium
1311016,"Nuveen Fund Advisors, LLC",15187.0,0.0009542803858699942,,unclassified
1601539,CHICAGO TRUST Co NA,15102.0,0.0009489393815374105,0.12824923299069177,long
1095836,CAPITAL CITY TRUST CO/FL,15073.0,0.0009471171565298231,0.06603873922267059,long
1426940,"Horizon Investment Services, LLC",15032.0,0.0009445409073811651,0.3765101530646161,short
1177719,WESTFIELD CAPITAL MANAGEMENT CO LP,15030.0,0.0009444152366909866,0.41048960066709816,short
1631408,"Northstar Group, Inc.",15008.0,0.0009430328590990238,0.06875059756133364,long
1475896,"Asset Dedication, LLC",14906.0,0.0009366236538999233,,unclassified
1633516,Goss Wealth Management LLC,14856.0,0.0009334818866454622,0.6422232735189378,short
829407,MONTAG A & ASSOCIATES INC,14855.0,0.000933419051300373,0.2586097394455981,medium
1159363,CAZ INVESTMENTS LP,14820.0,0.0009312198142222503,0.15472915628445216,long
1344114,Waverton Investment Management Ltd,14780.0,0.0009287064004186815,1.14782958111532,short
932540,"GROUP ONE TRADING, L.P.",14663.0,0.0009213546650432427,0.8792754597480026,short
923093,TUDOR INVESTMENT CORP ET AL,14639.0,0.0009198466167611014,1.0370643101311665,short
1590491,"TELEMUS CAPITAL, LLC",14635.0,0.0009195952753807444,0.7286806740189082,short
899051,ALLSTATE CORP,14626.0,0.0009190297572749415,0.6788120385730281,short
1341748,Cypress Capital Group,14625.0,0.0009189669219298522,0.09788546181070829,long
3520,FRED ALGER MANAGEMENT INC,14595.0,0.0009170818615771756,0.35314451217849907,medium
1123812,PROFFITT & GOODSON INC,14591.0,0.0009168305201968188,0.05803583587542782,long
1056549,"FAIRVIEW CAPITAL INVESTMENT MANAGEMENT, LLC",14563.0,0.0009150711305343206,0.16885928312392895,medium
1369913,"American Investment Services, Inc.",14458.0,0.0009084734192999524,0.1710970906118246,medium
1506294,AT Bancorp,14440.0,0.0009073423830883464,0.49149501501448306,short
923116,GROESBECK INVESTMENT MANAGEMENT CORP /NJ/,14425.0,0.0009063998529120082,0.41038086699954557,short
1455267,Parkside Financial Bank & Trust,14257.0,0.000895843514937019,0.1503469082160639,long
1598244,GLENVIEW STATE BANK TRUST DEPT.,14186.0,0.0008913822054356843,0.058970259504689315,long
1162170,GREENLEAF TRUST,14153.0,0.0008893086390477401,0.08378241610654671,long
1156185,HIGH POINT BANK & TRUST CO,13936.0,0.0008756733691633792,0.5192111395980226,short
1483870,"TCTC Holdings, LLC",13849.0,0.000870206694140617,0.05443595603328004,long
1525212,USCA RIA LLC,13808.0,0.000867630444991959,0.3627057751095257,medium
1599863,Northeast Financial Consultants Inc,13755.0,0.0008643001717022303,0.2092862131890586,medium
1682501,"Harbour Capital Advisors, LLC",13755.0,0.0008643001717022303,0.35110670143678296,medium
1482880,"Savant Capital, LLC",13722.0,0.000862226605314286,0.09725262648409626,long
1388168,"Atlas Brown,Inc.",13712.0,0.0008615982518633937,0.20329292843448638,medium
1591122,Heritage Wealth Advisors,13659.0,0.000858267978573665,0.11085982326869535,long
1541211,"Hilton Capital Management, LLC",13646.0,0.0008574511190875052,0.4089819603757317,short
1672067,"Kelman-Lazarov, Inc.",13598.0,0.0008544350225232226,,unclassified
1013234,ORLEANS CAPITAL MANAGEMENT CORP/LA,13581.0,0.0008533668216567058,0.05807064389495555,long
1058800,BEACH INVESTMENT COUNSEL INC/PA,13504.0,0.0008485285000848359,0.27269384297748367,medium
1360798,BRIGHTON JONES LLC,13430.0,0.0008438786845482336,0.23161070898038297,medium
1667164,"Arbor Wealth Management, LLC",13331.0,0.0008376579853844007,,unclassified
1380137,HUNTER ASSOCIATES INVESTMENT MANAGEMENT LLC,13329.0,0.0008375323146942223,0.09475184378465476,long
1634208,Analyst IMS Investment Management Services Ltd.,13163.0,0.0008271016474094117,0.1720444985937843,medium
1588539,"FTB Advisors, Inc.",13143.0,0.0008258449405076272,0.3714825752662454,short
867926,INVESTORS ASSET MANAGEMENT OF GEORGIA INC /GA/ /ADV,12995.0,0.0008165453094344225,0.03842710348324508,long
1666179,"Laurel Wealth Advisors, Inc.",12976.0,0.0008153514378777274,,unclassified
1653866,"Stokes & Hubbell Capital Management, LLC",12976.0,0.0008153514378777274,0.10465339259912512,long
1101250,BURKE & HERBERT BANK & TRUST CO,12928.0,0.0008123353413134448,0.08560864163554471,long
924166,HALLMARK CAPITAL MANAGEMENT INC,12907.0,0.0008110157990665712,0.2411620365199325,medium
1599904,"Sullivan, Bruyette, Speros & Blaney, Inc.",12895.0,0.0008102617749255005,,unclassified
1037763,OPTIMUM INVESTMENT ADVISORS,12880.0,0.0008093192447491622,0.12716120553179908,long
1461564,Cypress Wealth Advisors LLC,12818.0,0.0008054234533536306,0.13907808337086353,long
1512920,Sprott Inc.,12800.0,0.0008042924171420246,0.6686072543121037,short
1222993,"WATERS PARKERSON & CO., LLC",12652.0,0.0007949927860688199,0.058019738568946946,long
1569655,"Winfield Associates, Inc.",12612.0,0.0007924793722652511,0.13201201624931505,long
805867,"GIRARD SECURITIES, INC.",12550.0,0.0007885835808697193,,unclassified
1511037,"PATTON ALBERTSON MILLER GROUP, LLC",12519.0,0.0007866356851719535,0.21156757157320816,medium
923469,CADINHA & CO LLC,12436.0,0.0007814203515295482,0.25762676606459806,medium
1542317,"First Houston Capital, Inc.",12400.0,0.0007791582791063363,0.2709382441015561,medium
1508512,Drexel Morgan & Co.,12252.0,0.0007698586480331316,0.11692838659779849,long
936936,DOHENY ASSET MANAGEMENT /CA,12230.0,0.0007684762704411687,0.1402925846354142,long
1634222,vontobel swiss wealth advisors AG,12211.0,0.0007672823988844735,0.34068427819039504,medium
1690717,"ELCO Management Co., LLC",12205.0,0.0007669053868139382,,unclassified
1163902,FOSTER & MOTLEY INC,12180.0,0.0007653345031867077,0.14765926879431873,long
1276918,ZEVENBERGEN CAPITAL INVESTMENTS LLC,12125.0,0.0007618785592068006,0.18129876054575045,medium
51964,INVESTMENT COUNSELORS OF MARYLAND LLC,12085.0,0.0007593651454032318,0.19381106637964587,medium
1053055,BOSTON FINANCIAL MANGEMENT INC /MA,12060.0,0.0007577942617760013,0.2393734085422953,medium
1393389,Manchester Capital Management LLC,11972.0,0.0007522647514081498,0.16789754711069027,medium
1379119,Livingston Group Asset Management CO (operating as Southport Capital Management),11943.0,0.0007504425264005624,0.21056503198882412,medium
1209324,COUNTRY TRUST BANK,11941.0,0.000750316855710384,0.12774772061299544,long
938759,MONARCH CAPITAL MANAGEMENT INC/,11862.0,0.0007453528634483355,0.05694344680247884,long
1569650,BANK OF THE OZARKS,11829.0,0.0007432792970603913,0.04987898935873597,long
1654175,Proficio Capital Partners LLC,11672.0,0.0007334141478813836,,unclassified
1599747,Dynamic Advisors Solutions LLC,11621.0,0.0007302095452818334,0.3486597725447931,medium
1426853,Crestwood Advisors LLC,11604.0,0.0007291413444153166,0.16736392558769103,long
1566113,"Court Place Advisors, LLC",11529.0,0.0007244286935336251,0.06201201775475778,long
1161825,LAU ASSOCIATES LLC,11475.0,0.0007210355848988072,0.08600804653267119,long
712050,ALTFEST L J & CO INC,11392.0,0.0007158202512564018,0.2718346029654173,medium
1014306,DIXON HUBARD FEINOUR & BROWN INC/VA,11350.0,0.0007131811667626546,0.2154813827660027,medium
1566653,"Eqis Capital Management, Inc.",11254.0,0.0007071489736340894,0.7331875354969779,short
1085867,Brave Asset Management Inc,11247.0,0.0007067091262184649,0.13986008649144083,long
1374889,"Ballentine Partners, LLC",11244.0,0.0007065206201831972,0.1329724774813804,long
908195,SHUFRO ROSE & CO LLC,11169.0,0.0007018079693015056,0.14408513980816204,long
1166385,TRADITION CAPITAL MANAGEMENT LLC,11165.0,0.0007015566279211488,0.4777396466465867,short
1022314,FORTE CAPITAL LLC /ADV,11163.0,0.0007014309572309703,0.1478811969817834,long
1439743,Mechanics Bank Trust Department,11135.0,0.0006996715675684722,0.1822825679407327,medium
1454027,Verition Fund Management LLC,10999.0,0.0006911259606363381,1.2533191658973755,short
1080628,COLONY GROUP LLC,10954.0,0.0006882983701073232,0.4414412091685843,short
1667140,"WESCAP Management Group, Inc.",10950.0,0.0006880470287269663,,unclassified
1020585,DUNCKER STREETT & CO INC,10903.0,0.000685093767507773,0.06358604657220226,long
826154,ORRSTOWN FINANCIAL SERVICES INC,10859.0,0.0006823290123238472,0.13584988256592856,long
1086555,BREMER TRUST NATIONAL ASSOCIATION,10844.0,0.000681386482147509,0.1969906512596319,medium
1128213,"PETTYJOHN, WOOD & WHITE, INC",10820.0,0.0006798784338653676,0.10819897475494669,long
1606810,Confluence Wealth Management LLC,10807.0,0.0006790615743792077,0.197188774973797,medium
59558,LINCOLN NATIONAL CORP,10796.0,0.0006783703855832263,0.11902514454442664,long
1625292,Argent Trust Co,10771.0,0.0006767995019559958,0.19174315217084656,medium
1664324,Mandatum Life Insurance Co Ltd,10752.0,0.0006756056303993006,,unclassified
1291424,"American Trust Investment Advisors, LLC",10747.0,0.0006752914536738545,0.6969577197639459,short
1569638,"M Holdings Securities, Inc.",10737.0,0.0006746631002229623,0.1891498502271714,medium
1327055,"Bragg Financial Advisors, Inc",10593.0,0.0006656148105301145,0.11009158531899031,long
1599900,"Sequoia Financial Advisors, LLC",10546.0,0.0006626615493109211,0.4316699960893552,short
1542421,"Buckingham Asset Management, LLC",10534.0,0.0006619075251698505,0.17400746318664662,medium
1108969,"CHATHAM CAPITAL GROUP, INC.",10491.0,0.000659205605331014,0.1437734977088655,long
1643792,Svenska Handelsbanken AB (publ),10400.0,0.000653487588927895,,unclassified
1483859,"Arrowpoint Asset Management, LLC",10379.0,0.0006521680466810213,0.27984517887347893,medium
1541897,"Kistler-Tiffany Companies, LLC",10373.0,0.000651791034610486,0.09993412052356493,long
1667694,"Berkeley Capital Partners, LLC",10317.0,0.0006482722552854897,,unclassified
1443077,INTACT INVESTMENT MANAGEMENT INC.,10300.0,0.0006472040544189729,0.2974599649087776,medium
1605070,"Bienville Capital Management, LLC",10290.0,0.0006465757009680807,0.20311522405600466,medium
1579254,"East Coast Asset Management, LLC.",10152.0,0.0006379044233457682,0.15534419123723753,long
701853,BANCORPSOUTH INC,10123.0,0.0006360821983381808,0.07299158019669554,long
1507971,"Wall Street Access Asset Management, LLC",10111.0,0.0006353281741971102,0.4378769226701761,short
1566601,"FDx Advisors, Inc.",10071.0,0.0006328147603935413,0.3808008842783495,short
1327944,Town & Country Bank & Trust CO dba First Bankers Trust CO,10067.0,0.0006325634190131844,0.21565663956300513,medium
1127990,PAX WORLD MANAGEMENT LLC,10004.0,0.0006286047922725636,0.30969479352712703,medium
1009003,EXCALIBUR MANAGEMENT CORP,9903.0,0.0006222584224185523,0.07628297188647083,long
1567163,Edge Wealth Management LLC,9809.0,0.0006163518999801655,0.40890771681560867,short
1390202,Laurion Capital Management LP,9783.0,0.0006147181810078457,1.5464585468110685,short
1632972,"WEALTH ENHANCEMENT ADVISORY SERVICES, LLC",9733.0,0.0006115764137533847,0.3363220715304889,medium
1494234,Hemenway Trust Co LLC,9720.0,0.0006107595542672249,0.565029923242718,short
1021258,BALDWIN BROTHERS INC/MA,9668.0,0.0006074921163225854,0.2655172656237635,medium
1057395,M&R CAPITAL MANAGEMENT INC,9667.0,0.0006074292809774962,0.19852476460841373,medium
1535588,"Twin Tree Management, LP",9634.0,0.0006053557145895519,1.1843060247841948,short
1174850,NICOLET BANKSHARES INC,9625.0,0.0006047901964837489,,unclassified
1665976,"LLBH Private Wealth Management, LLC",9459.0,0.0005943595291989383,,unclassified
1632078,"Spectrum Asset Management, Inc. (NB/CA)",9458.0,0.0005942966938538491,0.2831906110727983,medium
1105863,AUXIER ASSET MANAGEMENT,9437.0,0.0005929771516069754,0.053799067733867986,long
1549408,"Alethea Capital Management, LLC",9401.0,0.0005907150791837635,1.1682890719701788,short
1652103,Gratus Capital LLC,9391.0,0.0005900867257328712,0.29595636947420706,medium
1054522,CenturyLink Investment Management Co,9305.0,0.0005846828860551983,0.35656401179638925,medium
1480751,"Nikko Asset Management Americas, Inc.",9300.0,0.0005843687093297522,0.20449031977512439,medium
1599950,Amica Retiree Medical Trust,9252.0,0.0005813526127654696,0.14243601101478306,long
1305707,"ProVise Management Group, LLC",9245.0,0.0005809127653498451,0.18770709122611762,medium
1143565,"HUNTINGTON ASSET ADVISORS, INC.",9232.0,0.0005800959058636852,,unclassified
1304229,SeaBridge Investment Advisors LLC,9220.0,0.0005793418817226146,0.23657330418328107,medium
1424177,Birch Hill Investment Advisors LLC,9168.0,0.0005760744437779751,0.11206247560365,long
1343916,IMS Capital Management,9078.0,0.0005704192627199453,0.24053581569372595,medium
1573311,"Alexandria Capital, LLC",9040.0,0.0005680315196065548,0.2562393268066089,medium
1428793,"First Heartland Consultants, Inc.",9035.0,0.0005677173428811087,0.3606360772905249,medium
1576707,Veritas Investment Management LLP,9025.0,0.0005670889894302166,0.18275181071316404,medium
933141,IBERIABANK CORP,9018.0,0.0005666491420145919,0.19120415122760107,medium
1080381,CADENCE BANK NA,8965.0,0.0005633188687248632,0.10526713964819381,long
1432354,Global X Management CO LLC,8931.0,0.0005611824669918298,0.34767100802640866,medium
1318757,Marshall Wace LLP,8916.0,0.0005602399368154914,0.8231020614676211,short
1137429,WHITE PINE CAPITAL LLC,8783.0,0.0005518828359186251,0.10596663836389889,long
1674623,"WEALTHSOURCE PARTNERS, LLC",8782.0,0.0005518200005735359,,unclassified
934999,DF DENT & CO INC,8747.0,0.0005496207634954132,0.11877517082237268,long
1283718,CANADA PENSION PLAN INVESTMENT BOARD,8680.0,0.0005454107953744353,0.5215357609346504,short
1616328,"Garde Capital, Inc.",8662.0,0.0005442797591628294,0.21941083361028801,medium
1324022,COHEN LAWRENCE B,8650.0,0.0005435257350217587,0.11473867721134921,long
1559968,Regent Investment Management LLC,8625.0,0.0005419548513945282,0.10768677806126462,long
1324279,Coastline Trust Co,8605.0,0.0005406981444927439,0.07729889623138445,long
1313294,"Linscomb & Williams, Inc.",8602.0,0.0005405096384574761,0.08349169681842618,long
1435346,Daiwa SB Investments Ltd.,8590.0,0.0005397556143164055,0.4396236490753479,short
1543536,"Hudock Capital Group, LLC",8576.0,0.0005388759194851565,0.1700738449111015,medium
1633172,"Lakeview Capital Partners, LLC",8567.0,0.0005383104013793534,0.3424337080603361,medium
1541625,Prospera Financial Services Inc,8551.0,0.000537305035857926,0.5581035995836321,short
1332342,Texas Yale Capital Corp.,8481.0,0.0005329065617016805,0.07297878256822869,long
1557406,Sippican Capital Advisors,8438.0,0.000530204641862844,0.09964951964054038,long
1542287,"Annex Advisory Services, LLC",8419.0,0.0005290107703061488,0.0798740974725481,long
1387399,"West Oak Capital, LLC",8410.0,0.0005284452522003458,0.07999214368273785,long
1655006,NWAM LLC,8395.0,0.0005275027220240075,0.3118879825823448,medium
1518364,Accredited Investors Inc.,8363.0,0.0005254919909811524,0.3447585143357194,medium
1583751,"TCI Wealth Advisors, Inc.",8297.0,0.0005213448582052639,0.30362891462040953,medium
1477024,"Johnson Financial Group, Inc.",8292.0,0.0005210306814798178,0.23566108966177257,medium
1214183,FIRST UNITED BANK TRUST/,8284.0,0.000520527998719104,0.08205635814454966,long
1689646,Jacobi Capital Management LLC,8257.0,0.000518831444401695,,unclassified
1511915,"Meristem, LLP",8210.0,0.0005158781831825017,0.15302178948210363,long
1450144,"TWO SIGMA SECURITIES, LLC",8203.0,0.0005154383357668771,1.5705295079902406,short
1678953,"Nicholas Hoffman & Company, LLC.",8169.0,0.0005133019340338436,,unclassified
1423296,"Zuckerman Investment Group, LLC",8155.0,0.0005124222392025946,0.1970702727861927,medium
1044924,SAYBROOK CAPITAL /NC,8138.0,0.0005113540383360778,0.04915885039783028,long
1539338,Financial Advisory Group,8107.0,0.000509406142638312,0.14101378847903862,long
1356643,Maryland Capital Management,8085.0,0.0005080237650463491,0.23169960723355898,medium
1669733,"Wellesley Investment Partners, LLC",8051.0,0.0005058873633133156,,unclassified
1569102,"A. D. Beadell Investment Counsel, Inc.",8040.0,0.0005051961745173341,0.21169172208501202,medium
1600327,CAHILL FINANCIAL ADVISORS INC,8023.0,0.0005041279736508175,0.1003613043448407,long
1288136,Pine River Capital Management L.P.,8007.0,0.0005031226081293899,1.0142671819627789,short
1418948,"Sunnymeath Asset Management, Inc.",8000.0,0.0005026827607137654,,unclassified
1599670,Barbara Oil Co.,8000.0,0.0005026827607137654,0.046084705666346176,long
1049650,FINANCIAL PARTNERS CAPITAL MANAGEMENT LLC,7984.0,0.0005016773951923378,0.16791818088241178,medium
1390003,Southeast Asset Advisors Inc.,7944.0,0.000499163981388769,0.08885928837086987,long
1569118,JNBA Financial Advisors,7914.0,0.0004972789210360923,0.6037014962999465,short
1456048,"SIGNATUREFD, LLC",7914.0,0.0004972789210360923,0.2792832364988619,medium
1685798,CGOV Asset Management,7901.0,0.0004964620615499325,,unclassified
1463753,"Ipswich Investment Management Co., Inc.",7895.0,0.0004960850494793972,0.18187500431716333,medium
1667074,TRUE Private Wealth Advisors,7841.0,0.0004926919408445793,,unclassified
1623883,EXANE DERIVATIVES,7806.0,0.0004904927037664565,1.0817017322649694,short
831571,ST GERMAIN D J CO INC,7786.0,0.0004892359968646722,0.1356254357440645,long
1497637,Accuvest Global Advisors,7760.0,0.00048760227789235237,0.6748487655016846,short
1667146,"Ausdal Financial Partners, Inc.",7728.0,0.00048559154684949733,,unclassified
1592613,"Formidable Asset Management, LLC",7727.0,0.0004855287115044081,0.22403354364829664,medium
1387818,Barton Investment Management,7712.0,0.00048458618132806976,0.35624162506205637,medium
1633869,First Personal Financial Services,7659.0,0.00048125590803834106,0.23253299669951905,medium
1425949,WealthTrust Axiom LLC,7633.0,0.0004796221890660213,0.10048278508848099,long
1665337,"Integrated Investment Consultants, LLC",7618.0,0.000478679658889683,,unclassified
1166767,Natixis Asset Management,7611.0,0.0004782398114740585,0.24888709383377697,medium
1034771,INTRUST BANK NA,7594.0,0.0004771716106075417,0.24862585314362334,medium
1134687,PRENTISS SMITH & CO INC,7535.0,0.0004734643252472777,0.21927774670031963,medium
1120926,ARGENT CAPITAL MANAGEMENT LLC,7510.0,0.0004718934416200472,0.21323919219940807,medium
1105876,HARVEST CAPITAL MANAGEMENT INC,7509.0,0.000471830606274958,0.16728199128170446,long
1633445,Trexquant Investment LP,7500.0,0.000471265088169155,1.346317905669678,short
1033324,FUKOKU MUTUAL LIFE INSURANCE Co,7500.0,0.000471265088169155,0.21980454282578854,medium
1519611,"ARGI Investment Services, LLC",7485.0,0.0004703225579928167,0.22183481845355882,medium
1112289,PRIVATE CAPITAL MANAGEMENT INC,7475.0,0.00046969420454192446,,unclassified
1539994,KAMES CAPITAL plc,7463.0,0.00046894018040085386,0.35150801570757034,medium
1389400,Stockman Asset Management,7444.0,0.00046774630884415864,0.16417482944942413,long
1386935,"Keel Point, LLC",7382.0,0.00046385051744862694,0.3996585040337097,short
1510201,iAB Financial Bank,7345.0,0.0004615256096803258,0.07585979069758375,long
1427261,"FundX Investment Group, LLC",7294.0,0.00045832100708077556,0.8393063890660034,short
1551969,"Gilman Hill Asset Management, LLC",7269.0,0.00045675012345354504,0.15008208844165605,long
1288917,Steinberg Global Asset Management,7266.0,0.0004565616174182774,0.1411156237749928,long
1259261,BOSTON RESEARCH & MANAGEMENT INC,7260.0,0.00045618460534774203,0.09664961127790186,long
1666239,Oliver Luxxe Assets LLC,7249.0,0.0004554934165517606,,unclassified
1287618,DUMONT & BLAKE INVESTMENT ADVISORS LLC,7247.0,0.00045536774586158216,0.11092567093954678,long
1541787,"Nadler Financial Group, Inc.",7174.0,0.0004507807656700691,0.0729505859560172,long
1540141,"RAND WEALTH, LLC",7146.0,0.00044902137600757086,0.07773987618187178,long
1056943,PEOPLES FINANCIAL SERVICES CORP.,7076.0,0.00044462290185132543,0.05647400515544407,long
1555170,"Hanson McClain, Inc.",7021.0,0.0004411669578714183,0.34056600346608706,medium
1325447,"First Eagle Investment Management, LLC",7000.0,0.00043984741562454465,0.22218685167243699,medium
773411,VALLEY NATIONAL ADVISERS INC,6989.0,0.00043915622682856326,0.18926260137992956,medium
1533421,Tower Research Capital LLC (TRC),6957.0,0.00043714549578570817,1.2165702985443383,short
1566030,INVESTMENT HOUSE LLC,6953.0,0.0004368941544053513,0.09469827322486937,long
1511137,"PATHSTONE FAMILY OFFICE, LLC",6941.0,0.00043614013026428065,1.1328858031749647,short
1362535,"Cullen Capital Management, LLC",6900.0,0.0004335638811156226,0.12328470950960319,long
1592614,Dempze Nancy E,6868.0,0.0004315531500727675,,unclassified
1585859,"Miracle Mile Advisors, LLC",6848.0,0.00043029644317098313,0.4288148635793573,short
860644,"Aristotle Capital Management, LLC",6836.0,0.0004295424190299125,0.12934824615737364,long
1162781,HARVEY INVESTMENT CO LLC,6829.0,0.0004291025716142879,0.06501563540958685,long
1048921,MITCHELL SINKLER & STARR/PA,6814.0,0.0004281600414379496,0.12064855414451214,long
1378559,First Dallas Securities Inc.,6790.0,0.0004266519931558083,0.14651652110778027,long
1432529,"Baker Avenue Asset Management, LP",6740.0,0.0004235102259013473,0.39572228144619637,short
1645382,"MISSION WEALTH MANAGEMENT, LLC",6734.0,0.00042313321383081196,0.2180655115398112,medium
1663649,"YOUNGS ADVISORY GROUP, INC.",6714.0,0.0004218765069290276,,unclassified
1673633,Silicon Valley Capital Partners,6714.0,0.0004218765069290276,,unclassified
1140771,DAVIDSON INVESTMENT ADVISORS,6700.0,0.0004209968120977785,0.1904956873500373,medium
1088859,PARTHENON LLC,6693.0,0.0004205569646821539,0.034776669777205,long
1376113,ALPS ADVISORS INC,6629.0,0.0004165355025964438,0.21304675627072878,medium
1649107,"Moisand Fitzgerald Tamayo, LLC",6621.0,0.00041603281983573006,,unclassified
1668189,"Cornerstone Advisory, LLP",6598.0,0.00041458760689867797,,unclassified
1535847,"CWM, LLC",6597.0,0.00041452477155358875,0.4493565543695686,short
1668155,"Edmonds Duncan Registered Investment Advisors, LLC",6594.0,0.0004143362655183211,,unclassified
1082849,TRUST DEPARTMENT MB FINANCIAL BANK N A,6593.0,0.00041427343017323183,0.1351129850236765,long
860580,STEWART & PATTEN CO LLC,6582.0,0.00041358224137725045,0.03499108444299903,long
1512440,"Shinko Asset Management Co., Ltd.",6579.0,0.00041339373534198274,0.17527917722569103,medium
1313871,First National Bank of Hutchinson,6576.0,0.0004132052293067151,0.10345508244211941,long
1551787,Sterling Global Strategies LLC,6546.0,0.0004113201689540385,1.152264285520498,short
933482,DUBUQUE BANK & TRUST CO,6545.0,0.00041125733360894927,0.3356008896591663,medium
1639943,Feltz Wealth PLAN Inc.,6507.0,0.0004088695904955589,,unclassified
860176,MARK ASSET MANAGEMENT CORP,6470.0,0.0004065446827272577,0.38782299962153843,short
1616026,"Tradewinds Capital Management, LLC",6410.0,0.0004027745620219045,0.14834071983378833,long
1596461,"CrestPoint Capital Management, LLC",6400.0,0.0004021462085710123,0.3061563532704314,medium
905790,GLUSKIN SHEFF & ASSOC INC,6396.0,0.0004018948671906554,0.736507994812656,short
1665445,"Cornerstone Financial Partners, LLC",6384.0,0.00040114084304958476,,unclassified
1394096,ZEVIN ASSET MANAGEMENT LLC,6376.0,0.00040063816028887097,0.1739537654071374,medium
1079112,HOWLAND CAPITAL MANAGEMENT LLC,6376.0,0.00040063816028887097,0.10883398030956089,long
919497,Middleton & Co Inc/MA,6363.0,0.0003998213008027111,0.1467487161304808,long
1025835,ENTERPRISE FINANCIAL SERVICES CORP,6347.0,0.0003988159352812836,0.12518723231841508,long
1633366,"MV Capital Management, Inc.",6278.0,0.00039448029647012737,0.21200910727310707,medium
1688519,"Corient Capital Partners, LLC",6172.0,0.00038781974989067,,unclassified
1003279,FORTALEZA ASSET MANAGEMENT INC/,6160.0,0.00038706572574959933,0.47007523860488454,short
1034184,FARR MILLER & WASHINGTON LLC/DC,6142.0,0.0003859346895379933,0.06934897081926715,long
1478417,MUTUAL OF OMAHA BANK WEALTH MANAGEMENT,6140.0,0.0003858090188478149,0.08899384211466779,long
1158970,SPINNAKER TRUST,6069.0,0.00038134770934648024,0.22868249923987743,medium
1512596,Odey Asset Management Group Ltd,6050.0,0.000380153837789785,0.7190186572968162,short
825293,CAPITAL MANAGEMENT ASSOCIATES /NY/,6047.0,0.00037996533175451737,0.2616046308522834,medium
1374998,Premier Asset Managment LLC,6042.0,0.0003796511550290713,0.15760684787661658,long
1418359,K.J. Harrison & Partners Inc,6030.0,0.00037889713088800063,0.4767571267040034,short
315054,REGENTS OF THE UNIVERSITY OF CALIFORNIA,6000.0,0.000377012070535324,0.17913482938413533,medium
1482935,"Van Cleef Asset Management,Inc",5995.0,0.0003766978938098779,0.07917995043253216,long
1633861,Intersect Capital LLC,5936.0,0.0003729906084496139,0.2777798542424993,medium
1504744,Homrich & Berg,5912.0,0.0003714825601674726,0.1742375953471937,medium
1067532,FORBES J M & CO LLP,5865.0,0.0003685292989482792,0.20213916925571151,medium
1633389,"Koshinski Asset Management, Inc.",5803.0,0.00036463350755274756,0.42295358767501184,short
862853,CALDWELL & ORKIN INC,5800.0,0.00036444500151747985,0.9287455149769438,short
1642160,Glassman Wealth Services,5774.0,0.0003628112825451601,0.16623235395722108,long
1597843,"PEDDOCK CAPITAL ADVISORS, LLC",5774.0,0.0003628112825451601,0.13406381869310863,long
1476417,"Argentus Capital Management, LLC",5719.0,0.000359355338565253,0.7167951602774058,short
1015083,EMERALD ADVISERS INC/PA,5699.0,0.0003580986316634686,0.3279082578145641,medium
1166620,"KLCM Advisors, Inc.",5697.0,0.0003579729609732901,0.17540403467367088,medium
1633673,"Bruderman Asset Management, LLC",5694.0,0.00035778445493802246,0.26777243544850243,medium
1165805,WOODLEY FARRA MANION PORTFOLIO MANAGEMENT INC,5693.0,0.00035772161959293325,0.14047211177624247,long
837592,CRAWFORD INVESTMENT COUNSEL INC,5691.0,0.0003575959489027548,0.18432792377048415,medium
1424717,"Plante Moran Financial Advisors, LLC",5665.0,0.0003559622299304351,0.13862121644811554,long
1631930,"Neumann Capital Management, LLC",5664.0,0.00035589939458534586,0.051640360307666895,long
1353323,P.R. Herzig & Co. Inc.,5650.0,0.00035501969975409677,0.222241986497711,medium
108572,WRIGHT INVESTORS SERVICE INC,5640.0,0.00035439134630320455,0.3444530942272719,medium
1633207,"Patten Group, Inc.",5639.0,0.00035432851095811534,0.6058377704901697,short
902528,BANK HAPOALIM BM,5637.0,0.0003542028402679369,0.3057037251104995,medium
1479844,Diversified Trust Co,5634.0,0.00035401433423266925,0.2755637518158991,medium
1674343,"Mosaic Family Wealth, LLC",5631.0,0.00035382582819740155,,unclassified
1563525,Chicago Partners Investment Group LLC,5605.0,0.0003521921092250818,0.2143954955694588,medium
1037558,FOSTER DYKEMA CABOT & CO INC/MA,5598.0,0.0003517522618094573,0.15047044032241727,long
901849,GUARDIAN LIFE INSURANCE CO OF AMERICA,5582.0,0.0003507468962880298,0.42050995755708503,short
1313893,"Maple Capital Management, Inc.",5566.0,0.00034974153076660226,0.1504246560723484,long
1532516,Partnervest Advisory Services LLC,5525.0,0.00034716528161794416,0.2726321812269126,medium
1689470,"HMS Capital Management, LLC",5503.0,0.00034578290402598134,,unclassified
1532520,"Cornerstone Advisors, Inc.",5502.0,0.0003457200686808921,0.27275505216981544,medium
1133653,WOODMONT INVESTMENT COUNSEL LLC,5497.0,0.000345405891955446,0.16967291736305978,medium
1569855,Janney Capital Management LLC,5492.0,0.0003450917152299999,0.3527141547745713,medium
1091923,PENINSULA ASSET MANAGEMENT INC,5486.0,0.00034471470315946455,0.09005185197214963,long
1009215,COLUMBIA PARTNERS L L C INVESTMENT MANAGEMENT,5485.0,0.00034465186781437534,0.4142551841908536,short
1634865,"BKS ADVISORS, LLC",5433.0,0.00034138442986973586,0.3042005156195128,medium
1697815,"ADVANTAGE INVESTMENT MANAGEMENT, LLC",5405.0,0.0003396250402072377,0.5868566639357624,short
1389223,"Mathes Company, Inc.",5400.0,0.0003393108634817916,0.2156942524981621,medium
1542162,"Signature Financial Management, Inc.",5391.0,0.0003387453453759886,0.4240424471683715,short
1455495,"TrueNorth, Inc.",5386.0,0.0003384311686505425,0.26284957484901567,medium
1513211,Main Street Research LLC,5361.0,0.000336860285023312,0.2217041752669271,medium
1586052,"Focused Wealth Management, Inc",5313.0,0.0003338441884590294,0.2500158813177552,medium
1541596,Aspen Investment Management Inc,5210.0,0.0003273721479148397,0.11831694373903372,long
1652391,"Starfire Investment Advisers, Inc.",5194.0,0.00032636678239341213,0.5775201136041627,short
1161722,HOLLENCREST SECURITIES LLC,5188.0,0.00032598977032287683,0.25741747731731157,medium
872078,Acadia Trust NA,5136.0,0.00032272233237823735,0.10547919010993934,long
1598381,"Peachtree Investment Advisors, Inc.",5127.0,0.00032215681427243435,0.14487686968653454,long
1265131,Hilltop Holdings Inc.,5110.0,0.0003210886134059176,0.13730919610847114,long
1362033,GSA CAPITAL PARTNERS LLP,5105.0,0.00032077443668047153,0.7969875944073135,short
1575151,"TIEMANN INVESTMENT ADVISORS, LLC",5093.0,0.0003200204125394009,0.09931346964136606,long
1677560,MEMBERS Trust Co,5083.0,0.00031939205908850866,,unclassified
752832,APPROPRIATE BALANCE FINANCIAL SERVICES INC.,5069.0,0.00031851236425725957,,unclassified
1569667,"OARSMAN CAPITAL, INC.",5062.0,0.000318072516841635,0.49434235892206746,short
1602905,MCF Advisors LLC,5037.0,0.0003165016332144045,0.1571053714470831,long
1521951,"FIRST BUSINESS FINANCIAL SERVICES, INC.",5036.0,0.00031643879786931526,0.40204366067704883,short
1633387,"RFG Advisory Group, LLC",5030.0,0.00031606178579877996,0.7565885385719311,short
846788,MESIROW FINANCIAL INVESTMENT MANAGEMENT US VALUE EQUITY,4990.0,0.00031354837199521114,0.809557198541599,short
1242972,RONALD BLUE & CO LLC,4977.0,0.00031273151250905127,0.20281891253066686,medium
1278178,MIDWEST INVESTMENT MANAGEMENT LLC,4943.0,0.00031059511077601774,0.09998972305427574,long
860643,GARDNER RUSSO & GARDNER LLC,4903.0,0.0003080816969724489,0.050555104962587236,long
1576102,"Blue Fin Capital, Inc.",4893.0,0.0003074533435215567,0.08992504490004777,long
1568289,Princeton Portfolio Strategies Group LLC,4888.0,0.0003071391667961106,0.13476342804456448,long
1525865,Clean Yield Group,4885.0,0.00030695066076084297,0.12262484287412125,long
1624758,"Capital Analysts, LLC",4865.0,0.0003056939538590585,0.22026198282316184,medium
1114928,CAPITAL COUNSEL LLC/NY,4862.0,0.0003055054478237909,0.2168382099749573,medium
1332905,"RMB Capital Management, LLC",4831.0,0.00030355755212602506,0.4166100106314575,short
884423,SALEM INVESTMENT COUNSELORS INC,4807.0,0.00030204950384388375,0.13354880890947934,long
1664214,"Clarius Group, LLC",4787.0,0.0003007927969420993,,unclassified
1536446,"Pinkerton Retirement Specialists, LLC",4784.0,0.00030060429090683166,0.5310222262458388,short
1662212,Coconut Grove Bank,4758.0,0.0002989705719345119,,unclassified
860862,TRAIN BABCOCK ADVISORS LLC,4751.0,0.0002985307245188874,0.14848384106093374,long
1134319,SPERO-SMITH INVESTMENT ADVISERS INC /OH,4743.0,0.0002980280417581736,0.10631652388446222,long
1450558,"Legacy Capital Partners, Inc.",4720.0,0.00029658282882112153,0.1084752610375046,long
1550228,Filament LLC,4701.0,0.00029538895726442636,0.19593913452053427,medium
1667391,Bach Investment Advisors Ltd,4690.0,0.0002946977684684449,,unclassified
1438574,"Sterneck Capital Management, LLC",4677.0,0.00029388090898228506,0.3339743268080802,medium
1276673,BINGHAM OSBORN & SCARBOROUGH LLC,4668.0,0.00029331539087648205,0.05378124884567078,long
1599584,Brookstone Capital Management,4663.0,0.00029300121415103597,0.644131979925337,short
1177244,SHAPIRO CAPITAL MANAGEMENT LLC,4657.0,0.00029262420208050067,0.2695989363070542,medium
1464586,"Granite Investment Advisors, Inc.",4620.0,0.0002902992943121995,0.1534517889844331,long
1399706,South Street Advisors LLC,4585.0,0.00028810005723407675,0.22290500331214713,medium
1109767,"NATIONS FINANCIAL GROUP INC, /IA/ /ADV",4578.0,0.00028766020981845224,,unclassified
1600307,Krasney Financial LLC,4565.0,0.00028684335033229237,0.2640991778784537,medium
1510434,"Empirical Financial Services, LLC",4559.0,0.000286466338261757,0.1192435709692275,long
1598490,"EACHWIN CAPITAL, LP",4533.0,0.0002848326192894373,,unclassified
1017284,"THOMPSON DAVIS & CO., INC.",4497.0,0.0002825705468662253,0.6134349640777748,short
1280511,QUANTUM CAPITAL MANAGEMENT,4477.0,0.00028131383996444093,0.4832229741358576,short
1689872,"RGT Capital Management, Ltd.",4459.0,0.0002801828037528349,,unclassified
1653926,First PREMIER Bank,4443.0,0.0002791774382314074,,unclassified
1425165,Apriem Advisors,4392.0,0.00027597283563185715,0.3955957786227,short
1603142,First Western Capital Management Co,4379.0,0.0002751559761456973,0.22902080793960183,medium
1308523,Carl Domino Inc,4369.0,0.0002745276226948051,0.19967759635058055,medium
1648901,"Bridgewater Wealth & Financial Management, LLC",4362.0,0.00027408777527918054,0.1493090255984466,long
1377633,"Stanford Investment Group, Inc.",4358.0,0.0002738364338988237,0.1899737061466053,medium
1542265,Gradient Investments LLC,4343.0,0.0002728939037224854,0.41300406255752076,short
1608531,Grassi Investment Management,4337.0,0.00027251689165195,0.14782893007785353,long
1631507,Leisure Capital Management,4303.0,0.00027038048991891655,0.22994391625777094,medium
1134283,"SEIZERT CAPITAL PARTNERS, LLC",4294.0,0.00026981497181311355,0.2384611302881243,medium
1519418,Horizon Kinetics LLC,4285.0,0.00026924945370731054,0.20259327804688348,medium
1426319,Spears Abacus Advisors LLC,4274.0,0.0002685582649113291,0.18291806647677658,medium
1542164,"Efficient Advisors, LLC",4264.0,0.00026792991146043694,0.1773612033126904,medium
1166340,"QCM Cayman, Ltd.",4255.0,0.00026736439335463394,1.6898105680323048,short
1392364,L & S Advisors Inc,4245.0,0.0002667360399037417,0.9792639310700487,short
1607355,"MARK SHEPTOFF FINANCIAL PLANNING, LLC",4245.0,0.0002667360399037417,0.14445740644664318,long
1032814,CHECK CAPITAL MANAGEMENT INC/CA,4221.0,0.0002652279916216004,0.12117789984288384,long
1598894,AHL Partners LLP,4205.0,0.0002642226261001729,0.9689102339247847,short
1662918,"Marcus Capital, LLC",4205.0,0.0002642226261001729,,unclassified
1626982,"FormulaFolio Investments, LLC",4195.0,0.00026359427264928067,0.5969280854530075,short
1592615,Page Arthur B,4190.0,0.0002632800959238346,0.09890887576538367,long
1631864,"Pinnacle Wealth Management Advisory Group, LLC",4175.0,0.0002623375657474963,0.16393175755574718,long
1556245,Sandhill Capital Partners LLC,4168.0,0.0002618977183318717,0.30401410523671385,medium
1663897,"FORT PITT CAPITAL GROUP, LLC",4155.0,0.00026108085884571185,,unclassified
1673954,"SevenBridge Financial Group, LLC",4148.0,0.00026064101143008733,,unclassified
1352776,Regis Management CO LLC,4137.0,0.0002599498226341059,0.21254724932614646,medium
1653202,"LGL PARTNERS, LLC",4131.0,0.0002595728105635706,,unclassified
1114039,BAR HARBOR TRUST SERVICES,4115.0,0.000258567445042143,0.32478742278724043,medium
1679118,"Independence Advisors, LLC",4110.0,0.00025825326831669694,,unclassified
1665589,"Johanson Financial Advisors, Inc.",4102.0,0.00025775058555598315,,unclassified
1603470,WHEATLAND ADVISORS INC,4099.0,0.0002575620795207155,0.028510139982356995,long
1399248,COMERICA SECURITIES INC,4066.0,0.00025548851313277125,0.21915226246726383,medium
1352859,Benchmark Capital Advisors,4050.0,0.0002544831476113437,0.23495179565693336,medium
1008871,BEACON TRUST CO,4047.0,0.000254294641576076,0.26038842461342177,medium
1662449,"Klingman & Associates, LLC",4031.0,0.0002532892760546485,0.15806841755614762,long
1576053,"LVW Advisors, LLC",4029.0,0.0002531636053644701,0.29266108654838685,medium
1582813,New England Private Wealth Advisors LLC,4024.0,0.00025284942863902394,0.12931443179953975,long
1323645,CAPITAL FUND MANAGEMENT S.A.,4023.0,0.0002527865932939347,1.162796208694575,short
1653199,FFT WEALTH MANAGEMENT LLC,4000.0,0.0002513413803568827,,unclassified
1599217,"Capstone Financial Advisors, Inc.",3974.0,0.00024970766138456295,0.29450466952284854,medium
1598180,"Waldron, LP",3958.0,0.0002487022958631354,0.12871939119093712,long
1406585,"VNBTrust, National Association",3949.0,0.0002481367777573324,0.24501505449577904,medium
1056504,KEELEY ASSET MANAGEMENT CORP,3903.0,0.00024524635188322825,0.2913497489128566,medium
884541,"TRILLIUM ASSET MANAGEMENT, LLC",3902.0,0.00024518351653813903,0.19132314221331592,medium
1138486,NORTHERN OAK WEALTH MANAGEMENT INC,3888.0,0.00024430382170688994,0.3187049276164936,medium
1650717,QUADRANT CAPITAL GROUP LLC,3885.0,0.0002441153156716223,0.2549311573128593,medium
1542143,"Modera Wealth Management, LLC",3850.0,0.00024191607859349958,0.1325411805103736,long
1532351,"Bluefin Trading, LLC",3803.0,0.00023896281737430619,1.4000614780776495,short
67698,"MONTAG & CALDWELL, LLC",3800.0,0.00023877431133903854,0.2835921210978123,medium
928568,GUYASUTA INVESTMENT ADVISORS INC,3797.0,0.00023858580530377086,0.17679728008322587,medium
1599813,Reilly Herbert Faulkner III,3762.0,0.00023638656822564814,0.13532720367873194,long
1423442,"O'SHAUGHNESSY ASSET MANAGEMENT, LLC",3756.0,0.00023600955615511282,0.35494093795201653,medium
1484205,"Halbert, Hargrove/Russell LLC",3755.0,0.0002359467208100236,0.44591725443002217,short
1589282,"Fort Point Capital Partners, LLC",3732.0,0.00023450150787297154,0.2940542722414676,medium
1600145,"Van Hulzen Asset Management, LLC",3729.0,0.00023431300183770386,0.353265448796448,medium
1575581,"Segment Wealth Management, LLC",3712.0,0.00023324480097118713,0.18492859457599187,medium
919530,JOHN G ULLMAN & ASSOCIATES INC,3706.0,0.0002328677889006518,0.1756627648603147,medium
714562,FIRST FINANCIAL CORP /IN/,3705.0,0.00023280495355556258,0.199865207799541,medium
1674117,"Cornerstone Wealth Management, LLC",3704.0,0.00023274211821047334,,unclassified
1058022,SHIKIAR ASSET MANAGEMENT INC,3703.0,0.00023267928286538412,0.25797421159630257,medium
1443095,"Welch Group, LLC",3701.0,0.0002325536121752057,0.1557405760876666,long
1622820,Rosenbaum Jay D.,3685.0,0.00023154824665377814,0.10161729521589934,long
1504404,"Pinnacle Advisory Group, Inc.",3650.0,0.00022934900957565543,0.3781851463807898,short
1552426,Huntington Steele LLC,3632.0,0.00022821797336404945,0.0719987773055964,long
1407382,"Miller Investment Management, LP",3623.0,0.00022765245525824647,0.15580469440794906,long
1682146,Foresters Asset Management Inc.,3605.0,0.0002265214190466405,,unclassified
842782,ZWJ INVESTMENT COUNSEL INC,3592.0,0.00022570455956048063,0.1284855878694929,long
1596957,"Financial Advisory Service, Inc.",3552.0,0.0002231911457569118,0.33205543847247865,medium
1654847,"Community Bank & Trust, Waco, Texas",3551.0,0.00022312831041182258,,unclassified
1352187,"Clark Capital Management Group, Inc.",3547.0,0.00022287696903146572,0.7325873343830818,short
1534270,Cutler Group LP,3542.0,0.0002225627923060196,,unclassified
1082339,COLDSTREAM CAPITAL MANAGEMENT INC,3537.0,0.0002222486155805735,0.3049022337280771,medium
49096,WAYNE HUMMER INVESTMENTS L.L.C.,3537.0,0.0002222486155805735,,unclassified
1360710,Hirtle Callaghan & Co LLC,3537.0,0.0002222486155805735,0.30528601002909217,medium
1581465,Addison Capital Co,3534.0,0.00022206010954530585,0.25987298664201436,medium
905608,ICM ASSET MANAGEMENT INC/WA,3485.0,0.00021898117763593402,0.5166735617547714,short
1301540,"Rock Point Advisors, LLC",3462.0,0.00021753596469888196,0.3279247112684458,medium
1566414,"SignalPoint Asset Management, LLC",3458.0,0.00021728462331852507,0.23740949153251206,medium
1611848,"BTC Capital Management, Inc.",3450.0,0.0002167819405578113,0.22063734026036547,medium
1533964,Virtu Financial LLC,3440.0,0.00021615358710691909,1.3944636496305163,short
1568190,"Lourd Capital, LLC",3434.0,0.00021577657503638376,0.48853560936466245,short
1632932,"Sunbelt Securities, Inc.",3423.0,0.00021508538624040235,0.16719784473829016,long
1653168,"Ken Stern & Associates, Inc.",3423.0,0.00021508538624040235,0.47865281372332213,short
1654599,"BEACON INVESTMENT ADVISORY SERVICES, INC.",3415.0,0.00021458270347968856,0.9901526843319941,short
1082509,SMITH CHAS P & ASSOCIATES PA CPAS,3397.0,0.0002134516672680826,0.23181779396347374,medium
1595509,"Iron Financial, LLC",3375.0,0.00021206928967611974,0.432646423623601,short
320376,MCRAE CAPITAL MANAGEMENT INC,3340.0,0.00020987005259799702,0.10583379321858374,long
1172036,SONATA CAPITAL GROUP INC,3312.0,0.00020811066293549885,0.054103586342830516,long
1666733,"Canal Capital Management, LLC",3307.0,0.00020779648621005274,0.2972241760115875,medium
1689829,"Connecticut Wealth Management, LLC",3301.0,0.00020741947413951742,,unclassified
1535227,"Peregrine Asset Advisers, Inc.",3299.0,0.00020729380344933898,1.0417686794131362,short
1511985,West Coast Financial LLC,3298.0,0.00020723096810424977,0.17057048365508298,medium
1388443,"Palisades Hudson Asset Management, L.P.",3298.0,0.00020723096810424977,0.1429527959816506,long
1080197,SCHULHOFF & CO INC,3295.0,0.0002070424620689821,0.017301739147133174,long
1620081,"Long Road Investment Counsel, LLC",3275.0,0.00020578575516719768,0.03454038020207797,long
1666610,"Allegis Investment Advisors, LLC",3271.0,0.0002055344137868408,,unclassified
1612041,Burt Wealth Advisors,3271.0,0.0002055344137868408,0.35712259451397504,medium
1314377,Kidder Stephen W,3266.0,0.0002052202370613947,0.10421328671228715,long
1002152,COMPASS CAPITAL MANAGEMENT INC/,3252.0,0.00020434054223014562,0.12842384946345686,long
1372130,"HEADINVEST, LLC",3215.0,0.00020201563446184444,0.08999142473416687,long
1651960,"Arcus Capital Partners, LLC",3208.0,0.0002015757870462199,,unclassified
1427350,"First City Capital Management, Inc.",3184.0,0.0002000677387640786,0.5152579214908951,short
1544806,VICUS CAPITAL,3177.0,0.00019962789134845405,0.41424272630541703,short
1569099,Stearns Financial Services Group,3170.0,0.0001991880439328295,0.09259263765639006,long
1404652,"Jaffetilchin Investment Partners, LLC",3136.0,0.000197051642199796,0.49696115603931823,short
1632097,"NorthRock Partners, LLC",3134.0,0.00019692597150961757,0.2835502377408759,medium
1350585,"Coho Partners, Ltd.",3117.0,0.0001958577706431008,0.10816285944782157,long
1632966,Farmers National Bank,3117.0,0.0001958577706431008,0.0866790636496142,long
1665199,"Strategic Financial Group, LLC",3115.0,0.00019573209995292238,,unclassified
1633446,Mirador Capital Partners LP,3114.0,0.00019566926460783316,0.6886317602455727,short
1666788,"Kalos Management, Inc.",3112.0,0.0001955435939176547,,unclassified
938487,SSI INVESTMENT MANAGEMENT INC,3107.0,0.00019522941719220862,0.2443595073348572,medium
1280043,GOLUB GROUP LLC,3099.0,0.00019472673443149486,0.18258210412961517,medium
1599620,"Blue Edge Capital, LLC",3072.0,0.00019303018011408588,0.16371494383772006,long
1602603,"Family Firm, Inc.",3063.0,0.0001924646620082829,0.10276217832664641,long
899211,Security Asset Management,3057.0,0.00019208764993774757,0.08729755332031429,long
1067324,MOUNTAIN PACIFIC INVESTMENT ADVISERS INC/ID,3053.0,0.0001918363085573907,0.09293932468794279,long
1482611,"Berson & Corrado Investment Advisors, LLC",3048.0,0.0001915221318319446,0.30591995101041186,medium
1439805,Greenwich Wealth Management LLC,3043.0,0.0001912079551064985,0.45481644530455545,short
878313,WESTPORT RESOURCES MANAGEMENT INC,3037.0,0.00019083094303596316,0.3816447927791622,short
1469528,"ZEKE CAPITAL ADVISORS, LLC",3037.0,0.00019083094303596316,0.8711125673346682,short
1280604,WEYBOSSET RESEARCH & MANAGEMENT LLC,3013.0,0.00018932289475382186,0.10019574695279487,long
1569258,"Schooner Investment Group, LLC.",3000.0,0.000188506035267662,0.8018811539437336,short
1654913,"PT ASSET MANAGEMENT, LLC",3000.0,0.000188506035267662,0.741883723536933,short
1425851,Pentwater Capital Management LP,3000.0,0.000188506035267662,1.0880757097240945,short
750577,HANCOCK HOLDING CO,2990.0,0.0001878776818167698,0.13295961324788894,long
1129770,CHARTIST INC /CA/,2968.0,0.00018649530422480695,,unclassified
1048703,"Karpus Management, Inc.",2944.0,0.00018498725594266564,0.282692561506135,medium
1611518,"Wealth Architects, LLC",2940.0,0.00018473591456230875,0.07706606899480743,long
1598550,"E&G Advisors, LP",2940.0,0.00018473591456230875,0.2068210886484967,medium
1574010,"Lowe fs, LLC",2921.0,0.00018354204300561355,0.08096099282605086,long
1549230,"BOOTHBAY FUND MANAGEMENT, LLC",2921.0,0.00018354204300561355,1.1745227865615462,short
1535061,"Edgestream Partners, L.P.",2911.0,0.00018291368955472136,1.131546472870559,short
1600151,"Arete Wealth Advisors, LLC",2909.0,0.00018278801886454293,0.5509714701501255,short
1667134,"CWA Asset Management Group, LLC",2901.0,0.00018228533610382914,,unclassified
1434641,"CEDAR HILL ASSOCIATES, LLC",2892.0,0.00018171981799802617,0.23643703057129162,medium
1464790,"B. Riley Financial, Inc.",2845.0,0.0001787665567788328,,unclassified
1120927,MONETA GROUP INVESTMENT ADVISORS LLC,2803.0,0.00017612747228508554,0.23078595127530804,medium
1093589,ALTA CAPITAL MANAGEMENT LLC/,2755.0,0.00017311137572080293,0.17751305533975698,medium
1470876,"Freestone Capital Holdings, LLC",2740.0,0.00017216884554446463,0.30808582407127216,medium
1082461,S&CO INC,2700.0,0.0001696554317408958,0.0778155315621385,long
1569453,"F&V Capital Management, LLC",2700.0,0.0001696554317408958,0.150932185348985,long
1353219,ALPHA WINDWARD LLC,2695.0,0.0001693412550154497,0.44440897920757383,short
1539947,Family Management Corp,2694.0,0.00016927841967036048,0.3144395941194678,medium
1085163,SIGMA INVESTMENT COUNSELORS INC,2688.0,0.00016890140759982515,0.04896799901688656,long
1367786,"HM Capital Management, LLC",2676.0,0.0001681473834587545,0.10738015850805241,long
1664847,"Armbruster Capital Management, Inc.",2650.0,0.00016651366448643476,,unclassified
1599923,Community Bank of Raymore,2644.0,0.00016613665241589943,0.024845777793845326,long
1036325,DAVIS SELECTED ADVISERS,2629.0,0.00016519412223956113,0.20436833602088508,medium
1690531,"BSC PRIVATE WEALTH MANAGEMENT, LLC",2626.0,0.00016500561620429348,,unclassified
1628896,"Capital Advantage, Inc.",2610.0,0.00016400025068286593,0.30683930579448854,medium
860561,EDGEWOOD MANAGEMENT LLC,2600.0,0.00016337189723197374,0.19964773381931736,medium
1365167,"DIVIDEND ASSET CAPITAL, LLC",2599.0,0.00016330906188688452,0.1556401912364569,long
1536430,HENGEHOLD CAPITAL MANAGEMENT LLC,2596.0,0.00016312055585161685,0.27179973307594824,medium
799004,BECKER CAPITAL MANAGEMENT INC,2596.0,0.00016312055585161685,0.18743374894831774,medium
1531809,"CapWealth Advisors, LLC",2594.0,0.00016299488516143841,0.039888041542816645,long
1044330,"UNITED BANK, INC.",2593.0,0.0001629320498163492,0.17668265159560767,medium
1079398,BAKER BOYER NATIONAL BANK,2576.0,0.00016186384894983243,0.07749257285388554,long
1425845,"Vigilant Capital Management, LLC",2513.0,0.00015790522220921155,0.1608492265914742,long
1456133,"Convergence Investment Partners, LLC",2507.0,0.00015752821013867622,0.8163967215696188,short
1674581,"Cable Hill Partners, LLC",2490.0,0.00015646000927215946,0.13337290244966832,long
1664772,Highland Private Wealth Management,2484.0,0.00015608299720162413,,unclassified
1676603,"Probity Advisors, Inc.",2474.0,0.00015545464375073194,,unclassified
1633674,AllSquare Wealth Management LLC,2448.0,0.0001538209247784122,0.07333437675568139,long
915287,MCKINLEY CAPITAL MANAGEMENT LLC /DELAWARE,2422.0,0.00015218720580609246,0.5020027269111256,short
1044929,ATWOOD & PALMER INC,2414.0,0.0001516845230453787,0.21124944926289846,medium
1384484,MAD RIVER INVESTORS,2400.0,0.0001508048282141296,0.19954667650910785,medium
1682196,"Yellowstone Partners, LLC",2397.0,0.00015061632217886194,0.38325168128123,short
1478735,"TWO SIGMA ADVISERS, LLC",2392.0,0.00015030214545341583,0.6165647747014392,short
1017115,ROBERTS GLORE & CO INC /IL/,2391.0,0.00015023931010832661,0.15462741161688812,long
1570396,Lipe & Dalton,2385.0,0.0001498622980377913,0.23927099046687314,medium
98758,Torray LLC,2374.0,0.00014917110924180985,0.35940616754970334,medium
1393944,Hanson & Doremus Investment Management,2365.0,0.00014860559113600688,0.09317583319540206,long
1632248,"CFO4Life, L.P.",2363.0,0.00014847992044582844,0.2582895594135151,medium
1184820,HOLDERNESS INVESTMENTS CO,2351.0,0.0001477258963047578,0.07669067544504765,long
1631941,"Capital Planning Advisors, LLC",2349.0,0.00014760022561457936,0.217535686272318,medium
1631775,"Godshalk Welsh Capital Management, Inc.",2337.0,0.0001468462014735087,0.06684382492022925,long
1009950,"FCG ADVISORS, LLC",2331.0,0.00014646918940297338,0.34510295305841443,medium
1511857,"Clear Harbor Asset Management, LLC",2330.0,0.00014640635405788416,0.21997041452684937,medium
1352764,"Beaumont Financial Partners, LLC",2326.0,0.00014615501267752727,0.5498033527308555,short
1626379,"Evanson Asset Management, LLC",2324.0,0.00014602934198734883,0.13634656050637986,long
1352860,"BLUE BELL PRIVATE WEALTH MANAGEMENT, LLC",2319.0,0.00014571516526190272,0.15462857673958028,long
1531593,"SUMMIT SECURITIES GROUP, LLC",2300.0,0.00014452129370520753,1.6277827538463643,short
1640638,"Financial Strategy Network, LLC",2296.0,0.00014426995232485066,,unclassified
1570296,"Fernwood Investment Management, LLC",2291.0,0.00014395577559940455,0.13313469130563454,long
1080201,VALICENTI ADVISORY SERVICES INC,2289.0,0.00014383010490922612,0.20949794394363916,medium
1269786,OVERBROOK MANAGEMENT CORP,2275.0,0.000142950410077977,0.40203841221732517,short
1215208,SOMERVILLE KURT F,2265.0,0.0001423220566270848,0.09354624947314664,long
1673815,"INSTITUTIONAL & FAMILY ASSET MANAGEMENT, LLC",2243.0,0.00014093967903512197,,unclassified
1482970,"Stillwater Capital Advisors, LLC",2241.0,0.0001408140083449435,0.2030135342351291,medium
1085041,FIRST NATIONAL BANK SIOUX FALLS,2230.0,0.0001401228195489621,0.0792502702179608,long
1599511,"Tortoise Investment Management, LLC",2222.0,0.0001396201367882483,0.15102565102618692,long
1623707,Alliance Wealth Management Group,2203.0,0.00013842626523155312,,unclassified
769963,HOWE & RUSLING INC,2201.0,0.00013830059454137468,0.30049599355552536,medium
1365324,NUMERIC INVESTORS LLC,2200.0,0.00013823775919628547,0.6661948842299948,short
1213206,MARATHON CAPITAL MANAGEMENT,2194.0,0.00013786074712575014,0.12325800907370309,long
1280577,LUCAS CAPITAL MANAGEMENT,2181.0,0.00013704388763959027,0.16946994388112613,medium
1599852,"Holt Capital Advisors, L.L.C. dba Holt Capital Partners, L.P.",2175.0,0.00013666687556905494,0.1510458276360964,long
1269978,ALESCO ADVISORS LLC,2175.0,0.00013666687556905494,0.09448393016474638,long
1632283,"Summit Financial Wealth Advisors, LLC",2175.0,0.00013666687556905494,0.306972421414191,medium
1667163,"Cribstone Capital Management, LLC",2161.0,0.00013578718073780586,,unclassified
1093276,"NOTTINGHAM ADVISORS, INC.",2160.0,0.00013572434539271664,0.17798735536128404,medium
1625246,"Summit Financial Strategies, Inc.",2153.0,0.0001352844979770921,0.10338033762167186,long
1633648,"Quaker Capital Investments, LLC",2150.0,0.00013509599194182442,0.1516649096422716,long
1607825,Gemmer Asset Management LLC,2134.0,0.0001340906264203969,0.13660728398622662,long
1606716,Taylor Wealth Management Partners,2131.0,0.00013390212038512925,0.3553692565726865,medium
1519113,"Highlander Capital Management, LLC",2100.0,0.0001319542246873634,0.12354884528242967,long
1569884,"RPg Family Wealth Advisory, LLC",2071.0,0.000130131999679776,,unclassified
1607863,Gierl Augustine Investment Management Inc,1976.0,0.00012416264189630004,,unclassified
1599822,Point72 Asia (Hong Kong) Ltd,1900.0,0.00011938715566951927,1.6923726734860267,short
1501542,"Jacobus Wealth Management, Inc.",1789.0,0.00011241243236461577,0.12633218770913393,long
1097362,Sun Life Financial INC,1785.0,0.00011216109098425889,0.6537917779912125,short
1132699,"VESTOR CAPITAL, LLC",1769.0,0.00011115572546283136,0.048070084792448176,long
820330,"CLEARBRIDGE, LLC",1750.0,0.00010996185390613616,0.2506158230954111,medium
1622852,"Genovese Burford & Brothers Wealth & Retirement Plan Management, LLC",1745.0,0.00010964767718069007,,unclassified
1418539,"Sonora Investment Management, LLC",1709.0,0.00010738560475747812,0.29970818397284826,medium
1601742,"Private Ocean, LLC",1679.0,0.0001055005444048015,0.04322138531024772,long
1079935,SIGNATURE ESTATE & INVESTMENT ADVISORS LLC,1649.0,0.00010361548405212488,0.3559495933596989,medium
1496228,SRB Corp,1642.0,0.00010317563663650034,0.07107194602382848,long
1388076,Stevens First Principles Investment Advisors,1623.0,0.00010198176507980514,0.2444982942129958,medium
1640485,CT Financial Advisors LLC,1596.0,0.00010028521076239619,0.16097654116062918,long
1594061,Cordasco Financial Network,1501.0,9.431585297892022e-05,0.3306260181086963,medium
1642140,Zions Bancorporation,1462.0,9.186527452044062e-05,0.12948115792419262,long
1597858,Cantab Capital Partners LLP,1440.0,9.048289692847776e-05,0.5878704380924581,short
1535764,TLP GROUP LLC,1384.0,8.69641176034814e-05,,unclassified
1473438,"MU Investments Co., Ltd.",1300.0,8.168594861598687e-05,0.3013818046198217,medium
820289,FRIESS ASSOCIATES LLC,1270.0,7.980088826331025e-05,0.6977708187386741,short
225816,ROWLAND & CO INVESTMENT COUNSEL/ADV,1238.0,7.779015722045519e-05,1.0667372812937084,short
1659047,Krilogy Financial LLC,1227.0,7.709896842447376e-05,0.5099659890879068,short
1528147,"Lombard Odier Transatlantic, Limited Partnership",1200.0,7.54024141070648e-05,0.21344871276051564,medium
1589989,"Kernodle & Katon Asset Management Group, LLC",1200.0,7.54024141070648e-05,,unclassified
820123,MARSHALL & SULLIVAN INC /WA/,1152.0,7.238631754278221e-05,0.032633204437572005,long
1318601,"Acropolis Investment Management, LLC",1136.0,7.138095202135468e-05,0.08005651752950246,long
1586678,Balentine LLC,1076.0,6.761083131600144e-05,0.6442942364425186,short
1601348,Riggs Asset Managment Co. Inc.,1065.0,6.691964252002e-05,0.5316332975879238,short
1509510,"Thomas J. Herzfeld Advisors, Inc.",1057.0,6.641695975930625e-05,0.23598142198560687,medium
1328450,"Independent Portfolio Consultants, Inc.",1033.0,6.490891147716495e-05,0.3848825435187129,short
1085825,Kanaly Trust Co,981.0,6.164147353252548e-05,0.09475642787546773,long
1600403,CKW FINANCIAL GROUP,965.0,6.063610801109794e-05,0.1210394329861528,long
1512601,BSW Wealth Partners,950.0,5.9693577834759634e-05,0.5966886655916896,short
1313926,Edinburgh Partners Ltd,915.0,5.749434075663691e-05,0.3007567899068595,medium
1653253,"Stuart Chaussee & Associates, Inc.",898.0,5.6426139890120156e-05,,unclassified
1426588,"Barnett & Company, Inc.",808.0,5.07709588320903e-05,0.13428097651838944,long
1665633,Alpha Omega Wealth Management LLC,761.0,4.7817697612896926e-05,,unclassified
1596920,"D. SCOTT NEAL, INC.",738.0,4.637248467584485e-05,0.1403243849200529,long
1632549,Ruggie Capital Group,730.0,4.5869801915131085e-05,,unclassified
1464332,"Lenox Wealth Management, Inc.",719.0,4.517861311914966e-05,0.2622421490840637,medium
1642246,"Sharkey, Howes & Javer",677.0,4.253952862540239e-05,0.43186296272238733,short
1033244,NEW YORK LIFE TRUST CO,668.0,4.197401051959941e-05,0.4452718624344516,short
1569117,"Jolley Asset Management, LLC",615.0,3.864373722987071e-05,0.1919040523824733,medium
1569452,"Advocacy Wealth Management Services, LLC",615.0,3.864373722987071e-05,,unclassified
1384058,"Redwood Investments, LLC",612.0,3.845523119460305e-05,0.5029057018052535,short
1016972,ARCADIA INVESTMENT MANAGEMENT CORP/MI,610.0,3.8329560504424604e-05,0.1366903556956648,long
1506796,American Research & Management Co.,602.0,3.7826877743710844e-05,0.10930521241751925,long
1510848,Timber Creek Capital Management LLC,577.0,3.625599411648032e-05,0.11234668763117925,long
1569886,"Risk Paradigm Group, LLC",567.0,3.5627640665588116e-05,0.8065858267525059,short
1599603,"Tarbox Group, Inc.",561.0,3.5250628595052796e-05,0.1406927899640005,long
1591925,"Parasol Investment Management, LLC",555.0,3.487361652451747e-05,0.19656893663926744,medium
1600566,"LBA Wealth Management, LLC",545.0,3.4245263073625264e-05,0.13659850169317989,long
1622757,"Elite Wealth Management, LLC",545.0,3.4245263073625264e-05,0.5221116220266531,short
1484721,"Live Your Vision, LLC",535.0,3.361690962273306e-05,0.25888408751143815,medium
1599084,"Cranbrook Wealth Management, LLC",534.0,3.3554074277643834e-05,0.08823051713544051,long
1639666,"ISTHMUS PARTNERS, LLC",503.0,3.160617857987799e-05,0.13122231595390063,long
1110443,"INTEGRATED WEALTH COUNSEL, LLC",500.0,3.1417672544610336e-05,0.3430584655658705,medium
1143261,"EQUITEC PROPRIETARY MARKETS, LLC",500.0,3.1417672544610336e-05,1.247937128360762,short
1424447,"WealthTrust-Arizona, LLC",490.0,3.078931909371813e-05,0.145442114901638,long
1055282,"DREMAN VALUE MANAGEMENT, L L C",470.0,2.9532612191933714e-05,0.9040765669134478,short
1546989,NewSquare Capital LLC,462.0,2.9029929431219948e-05,0.6205513621272163,short
1536755,"Commonwealth Financial Services, LLC",458.0,2.8778588050863064e-05,0.9983747054214754,short
1597878,"Capital Advisors, Ltd. LLC",450.0,2.82759052901493e-05,0.0720544738532951,long
1348183,"AlphaMark Advisors, LLC",427.0,2.6830692353097226e-05,0.3186173791901996,medium
1004244,GENERAL RE NEW ENGLAND ASSET MANAGEMENT INC,415.0,2.6076668212026577e-05,0.1028866704241414,long
1536550,Edmond de Rothschild (Europe),363.0,2.2809230267387102e-05,0.39833259220908607,short
1650300,"Jackson, Grant Investment Advisers, Inc.",362.0,2.2746394922297882e-05,,unclassified
1677443,Catamount Wealth Management,332.0,2.086133456962126e-05,0.33452526018789663,medium
1432976,"Tiedemann Wealth Management Holdings, LLC",325.0,2.0421487153996718e-05,,unclassified
1646821,"D'Orazio & Associates, Inc.",316.0,1.985596904819373e-05,0.15079027252837704,long
816788,TANAKA CAPITAL MANAGEMENT INC,285.0,1.790807335042789e-05,0.414289167906577,short
1132597,Itau Unibanco Holding S.A.,265.0,1.6651366448643477e-05,,unclassified
1671623,"Horan Securities, Inc.",260.0,1.6337189723197374e-05,,unclassified
1642305,"Roble, Belko & Company, Inc",236.0,1.4829141441056077e-05,0.1064465540200149,long
1681373,Delphi Private Advisors LLC,235.0,1.4766306095966857e-05,,unclassified
1615305,"Lombard Odier & Cie (Canada), Limited Partnership",200.0,1.2567069017844134e-05,0.24409771008926703,medium
1365707,"CONTRAVISORY INVESTMENT MANAGEMENT, INC.",200.0,1.2567069017844134e-05,0.4927437871273447,short
1569292,"Lenox Wealth Advisors, Inc.",162.0,1.0179325904453749e-05,0.14052984366904706,long
1575301,"Beacon Capital Management, Inc.",158.0,9.927984524096866e-06,0.40758558376078846,short
1593324,Penserra Capital Management LLC,156.0,9.802313833918424e-06,,unclassified
1429390,Harel Insurance Investments & Financial Services Ltd.,140.0,8.796948312490893e-06,,unclassified
1320005,HERNDON CAPITAL MANAGEMENT LLC,137.0,8.608442277223232e-06,0.4185198483134145,short
1633910,"Hedeker Wealth Management Group, LLC",129.0,8.105759516509465e-06,0.8785455883741017,short
1633896,Cypress Capital Management LLC (WY),125.0,7.854418136152584e-06,0.34598310898820034,medium
1512779,"ROCKY MOUNTAIN ADVISERS, LLC",118.0,7.4145707205280384e-06,0.10615286432927597,long
1689024,Guidant Wealth Advisors,101.0,6.346369854011288e-06,,unclassified
1374022,"Mitsubishi UFJ Securities Holdings Co., Ltd.",100.0,6.283534508922067e-06,1.329481500642575,short
1598177,HOERTKORN RICHARD CHARLES,100.0,6.283534508922067e-06,0.07742299805475006,long
900973,"Winslow Capital Management, LLC",100.0,6.283534508922067e-06,0.4325971018066197,short
810384,JAMES INVESTMENT RESEARCH INC,100.0,6.283534508922067e-06,0.28977045282589786,medium
1492040,Jones Collombin Investment Counsel Inc,100.0,6.283534508922067e-06,0.2196378681743818,medium
1567738,"Sensible Financial Planning & Management, LLC.",96.0,6.032193128565184e-06,0.0535948706136279,long
1568132,"Financial Management Professionals, Inc.",92.0,5.780851748208301e-06,0.44555163839987366,short
1468428,Psagot Investment House Ltd.,80.0,5.026827607137654e-06,0.31271467573782397,medium
1630360,"Ironwood Financial, llc",70.0,4.398474156245447e-06,,unclassified
1525947,"Kessler Investment Group, LLC",58.0,3.644450015174799e-06,0.5454055311148128,short
1360533,"CLS Investments, LLC",49.0,3.0789319093718126e-06,0.2801223364086074,medium
1554815,"PIERSHALE FINANCIAL GROUP, INC.",47.0,2.9532612191933715e-06,1.5877429186156942,short
1385925,"Horrell Capital Management, Inc.",46.0,2.8904258741041507e-06,0.15205307206405957,long
1543830,Cowen Prime Services LLC,34.0,2.1364017330335025e-06,0.28462353798698337,medium
1632802,"BUTENSKY & COHEN FINANCIAL SECURITY, INC",29.0,1.8222250075873994e-06,0.06888294268061329,long
1535477,INR ADVISORY SERVICES LLC,27.0,1.696554317408958e-06,0.06659308318529368,long
1516450,WEALTHCARE CAPITAL MANAGEMENT LLC,19.0,1.1938715566951926e-06,,unclassified
1308778,"America First Investment Advisors, LLC",10.0,6.283534508922067e-07,0.10213453126992005,long
1551727,MACROVIEW INVESTMENT MANAGEMENT LLC,5.0,3.1417672544610335e-07,0.4706454091103705,short
