CIK,manager_name,shares,pct_shares_out,avg_churn,type
102909,VANGUARD GROUP INC,148893179.0,8.137222919791972,0.02699295855088417,long
1364742,BlackRock Inc.,121963009.0,6.665451022451435,0.041825746553516854,long
93751,STATE STREET CORP,73142473.0,3.9973396478146626,0.03369296778925024,long
895421,MORGAN STANLEY,44122932.0,2.411380668813732,0.11140447189892994,long
315032,STATE FARM MUTUAL AUTOMOBILE INSURANCE CO,33783812.0,1.8463331307093864,0.006381081829957493,long
1214717,"GEODE CAPITAL MANAGEMENT, LLC",33246496.0,1.8169680509942778,0.03606231478924635,long
73124,NORTHERN TRUST CORP,22475069.0,1.2282943236150936,0.03989374317210569,long
1390777,Bank of New York Mellon Corp,20559248.0,1.1235919950321382,0.06930474828856537,long
80255,PRICE T ROWE ASSOCIATES INC /MD/,18301007.0,1.0001759289166183,0.19909055970683143,medium
70858,BANK OF AMERICA CORP /DE/,17236490.0,0.9419985685493701,0.13292248853501165,medium
1000275,ROYAL BANK OF CANADA,14149237.0,0.7732758235618612,0.11024308541588107,long
1722329,Newport Trust Co,12725813.0,0.6954836877825454,0.04804684158119828,long
902219,WELLINGTON MANAGEMENT GROUP LLP,12030651.0,0.657492100811537,0.1505389460114006,medium
312348,LOOMIS SAYLES & CO L P,11910857.0,0.6509451892001356,0.12114046641459965,long
764068,Legal & General Group Plc,11297073.0,0.6174010250809613,0.05302235379815034,long
1521019,"Nuveen Asset Management, LLC",11025016.0,0.6025327250637399,0.10867056071560074,long
38777,FRANKLIN RESOURCES INC,10937837.0,0.5977682693533508,0.12631763400633483,long
912938,MASSACHUSETTS FINANCIAL SERVICES CO /MA/,10255914.0,0.5605002124658469,0.10368901111624522,long
1330387,AMUNDI,10244973.0,0.5599022713340678,0.22388273786035806,medium
886982,GOLDMAN SACHS GROUP INC,9719640.0,0.5311920795251933,0.19513889312543864,medium
884546,CHARLES SCHWAB INVESTMENT MANAGEMENT INC,9574252.0,0.5232464195976643,0.06343718985821013,long
861177,UBS ASSET MANAGEMENT AMERICAS INC,8992269.0,0.49144022512767255,0.07197806534847755,long
315066,FMR LLC,8989286.0,0.49127719995665553,0.40498158795438133,short
1109448,ALLIANCEBERNSTEIN L.P.,8294506.0,0.4533064898261863,0.12878890597304576,medium
1610520,UBS Group AG,7557749.0,0.41304167724724894,0.15552533617751052,medium
354204,DIMENSIONAL FUND ADVISORS LP,7461428.0,0.40777759830070914,0.05898022996453246,long
1446194,"SUSQUEHANNA INTERNATIONAL GROUP, LLP",7397890.0,0.40430515669290557,0.5442373743725295,short
914208,Invesco Ltd.,7143036.0,0.3903770249683444,0.1322907606944416,medium
72971,WELLS FARGO & COMPANY/MN,7126417.0,0.3894687731020583,0.07215881411411487,long
1582202,Swiss National Bank,6597725.0,0.36057500719011776,0.06878875174795665,long
1298088,"CIBC Private Wealth Group, LLC",6512424.0,0.35591318683714396,0.24396498234626768,medium
850529,"Fisher Asset Management, LLC",6495586.0,0.35499296631096755,0.14331975729727336,medium
1345471,"TRIAN FUND MANAGEMENT, L.P.",6425050.0,0.3511380741008251,0.1931513508278176,medium
948046,DEUTSCHE BANK AG\,6372919.0,0.34828904118420184,0.1436676476635158,medium
1484150,Lindsell Train Ltd,5633690.0,0.30788913030732484,0.04321631078905326,long
763212,PRIMECAP MANAGEMENT CO/CA/,5632307.0,0.30781354740034644,0.05497248355923737,long
19617,JPMORGAN CHASE & CO,5587115.0,0.3053437406525757,0.14239519646993398,medium
312069,BARCLAYS PLC,5402255.0,0.2952408800712139,0.4036511160600049,short
820027,AMERIPRISE FINANCIAL INC,5036245.0,0.27523791565822986,0.12406976951637473,long
1475365,"Sumitomo Mitsui Trust Holdings, Inc.",5000497.0,0.27328423687394704,0.07913547391072681,long
919079,CALIFORNIA PUBLIC EMPLOYEES RETIREMENT SYSTEM,4874478.0,0.26639712020402045,0.09947867385729936,long
1418333,MACQUARIE GROUP LTD,4769609.0,0.26066588096185433,0.16921676710560457,medium
1207017,LAZARD ASSET MANAGEMENT LLC,4078054.0,0.22287142164483797,0.15842703215139894,medium
748054,AMERICAN CENTURY COMPANIES INC,3914735.0,0.2139458071945111,0.17169561921169935,medium
824468,CREDIT SUISSE AG/,3867720.0,0.21137637091715133,0.11637313357667445,long
873630,HSBC HOLDINGS PLC,3640066.0,0.1989347576812467,0.2645360866461255,medium
928047,"MANUFACTURERS LIFE INSURANCE COMPANY, THE",3538274.0,0.19337168084310982,0.13599717684974416,medium
1115418,RHUMBLINE ADVISERS,3428183.0,0.18735505191168766,0.04791585500227563,long
810265,NEW YORK STATE COMMON RETIREMENT FUND,3388973.0,0.1852121699285913,0.08062187072051237,long
927971,BANK OF MONTREAL /CAN/,3342478.0,0.1826711523870441,,unclassified
1274173,JANUS HENDERSON GROUP PLC,3207814.0,0.17531157423423385,0.42778549222859674,short
1648711,"Baird Financial Group, Inc.",3140574.0,0.17163681308801093,0.13772825965673283,medium
1081019,CALIFORNIA STATE TEACHERS RETIREMENT SYSTEM,3030471.0,0.1656195283396085,0.030096140465824015,long
1608046,National Pension Service,2975768.0,0.16262993198354317,0.06332256769795067,long
1135730,COATUE MANAGEMENT LLC,2950000.0,0.16122167432120124,0.5415328019571722,short
1510481,Sarasin & Partners LLP,2829850.0,0.1546553068060513,0.4511283252904891,short
1217541,DIAMOND HILL CAPITAL MANAGEMENT INC,2809663.0,0.15355205869095906,0.1357158528362443,medium
1348883,"Clearbridge Investments, LLC",2716508.0,0.14846100612438567,0.10983149200350077,long
1562230,Capital International Investors,2682873.0,0.14662280578004885,0.13640870468693694,medium
869178,VAN ECK ASSOCIATES CORP,2662641.0,0.14551709835128054,0.1517237246457001,medium
831001,CITIGROUP INC,2498268.0,0.13653388130951824,0.3036564410402464,short
1708828,CLEAR STREET LLC,2472200.0,0.13510922822266905,1.6648490955386102,short
1462245,"HighTower Advisors, LLC",2373818.0,0.1297325127097645,0.1207433165455265,long
1126328,PRINCIPAL FINANCIAL GROUP INC,2300992.0,0.12575246875921678,0.0840918311842473,long
926171,NATIONAL BANK OF CANADA /FI/,2284919.0,0.12487405656553384,0.5782439060017435,short
1456228,DekaBank Deutsche Girozentrale,2260700.0,0.12355045394506428,0.1289965556753021,medium
1084208,RAYMOND JAMES & ASSOCIATES,2233094.0,0.12204174698190799,0.08220604971576054,long
713676,"PNC Financial Services Group, Inc.",2095663.0,0.11453094836372595,0.0764441675817337,long
1411133,KBC Group NV,2093385.0,0.11440645244030097,0.26624225369208115,medium
1096343,MARKEL CORP,2020665.0,0.1104322015397458,0.046656736845754984,long
1692234,"Russell Investments Group, Ltd.",2014745.0,0.11010866516280292,0.15968528969895196,medium
813917,HARRIS ASSOCIATES L P,1995536.0,0.10905886613160429,0.21757665579459629,medium
314969,NEW YORK STATE TEACHERS RETIREMENT SYSTEM,1991509.0,0.10883878488330209,0.034925839883945195,long
1694217,"DZ BANK AG Deutsche Zentral Genossenschafts Bank, Frankfurt am Main",1931407.0,0.10555412553752147,0.32261697936845524,short
1948780,"CI Private Wealth, LLC",1922085.0,0.10504466504666647,,unclassified
938076,STATE BOARD OF ADMINISTRATION OF FLORIDA RETIREMENT SYSTEM,1904415.0,0.10407897454318998,0.033595104413994215,long
1361570,PICTET ASSET MANAGEMENT SA,1896958.0,0.103671438941355,0.13788331282377536,medium
1407543,ENVESTNET ASSET MANAGEMENT INC,1881728.0,0.10283909789053741,0.3460410583329159,short
1137774,PRUDENTIAL FINANCIAL INC,1796415.0,0.0981766217205833,0.19075425059738618,medium
1465109,Neuberger Berman Group LLC,1774838.0,0.09699740813860751,0.15202938935440785,medium
1165408,"ADAGE CAPITAL PARTNERS GP, L.L.C.",1760625.0,0.09622064757686946,0.2999055514809201,short
1166588,"BNP PARIBAS ARBITRAGE, SNC",1757816.0,0.09606713175206667,1.099890402827418,short
1466546,"Mitsubishi UFJ Kokusai Asset Management Co., Ltd.",1734516.0,0.0947937537820043,0.1774689028532263,medium
1520354,BNP PARIBAS ASSET MANAGEMENT Holding S.A.,1723922.0,0.09421477669123861,0.2357696248722238,medium
1462020,"Chevy Chase Trust Holdings, LLC",1707141.0,0.09329767129571857,0.05028868487174104,long
905567,YACKTMAN ASSET MANAGEMENT LP,1664185.0,0.09095006511194179,0.09389253889488827,long
1664713,Intermede Investment Partners Ltd,1644910.0,0.08989665908735157,0.12137015988576222,long
1403438,LPL Financial LLC,1639992.0,0.08962788342826288,0.11045770871072631,long
1046192,GREAT WEST LIFE ASSURANCE CO /CAN/,1630850.0,0.08912826019211222,0.06868458495876398,long
1350585,"Coho Partners, Ltd.",1586923.0,0.08672758748434699,0.08369835384811447,long
1729829,Qube Research & Technologies Ltd,1566127.0,0.08559105665750506,1.1062719656492153,short
887777,DAVENPORT & Co LLC,1558393.0,0.08516838261370839,0.13902396929358357,medium
92230,TRUIST FINANCIAL CORP,1536982.0,0.08399824116662662,0.11293042481475829,long
720672,STIFEL FINANCIAL CORP,1485053.0,0.08116024783583826,0.10488438754115484,long
1056288,"FEDERATED HERMES, INC.",1466443.0,0.08014318500223909,0.24271832190465517,medium
1454984,"Ensign Peak Advisors, Inc",1454172.0,0.07947255748847791,0.11924174133904233,long
1595888,"JANE STREET GROUP, LLC",1428609.0,0.07807550336621592,0.8732722474514437,short
1596800,"Connor, Clark & Lunn Investment Management Ltd.",1358252.0,0.07423039375936279,0.38868509109081634,short
1037389,RENAISSANCE TECHNOLOGIES LLC,1350301.0,0.07379586035850588,0.5252663393396,short
1335644,SCOTIA CAPITAL INC.,1339459.0,0.0732033297168142,0.07716967311467365,long
1477872,Saratoga Research & Investment Management,1335416.0,0.07298237404587161,0.0675067887551492,long
1462160,Mitsubishi UFJ Trust & Banking Corp,1328109.0,0.07258303615629026,0.10147435660551528,long
1018331,"NATIXIS ADVISORS, L.P.",1321825.0,0.07223960666427859,0.16824604391416825,medium
1086619,SCHRODER INVESTMENT MANAGEMENT GROUP,1302485.0,0.0711826482977118,0.1835526499960063,medium
854157,STATE OF WISCONSIN INVESTMENT BOARD,1284054.0,0.07017536806740195,0.1620759378953482,medium
36104,US BANCORP \DE\,1273092.0,0.06957627925590737,0.09055683316106704,long
1078013,"GREAT LAKES ADVISORS, LLC",1252406.0,0.06844576008471809,0.42794339279217647,short
1767471,OSSIAM,1244799.0,0.06803002677062948,0.5711349904811162,short
947263,TORONTO DOMINION BANK,1240839.0,0.0678136071671339,0.338548779401474,short
1009254,EVERETT HARRIS & CO /CA/,1239609.0,0.06774638592665422,0.021731940855268205,long
1421578,PUTNAM INVESTMENTS LLC,1238172.0,0.06766785184326454,0.14604529207629277,medium
1716774,abrdn plc,1228281.0,0.06712729469726081,0.1446137102982995,medium
1546007,Assenagon Asset Management S.A.,1199016.0,0.06552792103657946,0.7032178253862617,short
1056053,TD Asset Management Inc,1191594.0,0.06512229823427033,0.10931797559251284,long
1456670,DnB Asset Management AS,1159906.0,0.0633905041949855,0.1767517380572911,medium
1177244,SHAPIRO CAPITAL MANAGEMENT LLC,1157218.0,0.06324360119140063,0.18784848523872338,medium
1218210,NORDEA INVESTMENT MANAGEMENT AB,1106945.0,0.06049611060389224,0.1287703322524852,medium
1283718,CANADA PENSION PLAN INVESTMENT BOARD,1100160.0,0.06012530075295348,0.21357710745147226,medium
1068837,Voya Investment Management LLC,1098939.0,0.06005857137520901,0.35211800153181055,short
1089877,KEYBANK NATIONAL ASSOCIATION/OH,1091831.0,0.05967010911721745,0.04028897378730681,long
1483066,State of New Jersey Common Pension Fund D,1077015.0,0.058860393752219846,0.06034638026807398,long
318989,FIL Ltd,1062311.0,0.05805679934570495,0.2207830184824015,medium
312272,"COMMONWEALTH EQUITY SERVICES, LLC",1048777.0,0.057317147094768296,0.10411017827887614,long
1978885,"Empower Advisory Group, LLC",1004646.0,0.054905325498338146,,unclassified
1007280,PUBLIC EMPLOYEES RETIREMENT SYSTEM OF OHIO,995729.0,0.05441799883056793,0.06409852499485316,long
1566475,Cerity Partners LLC,991237.0,0.05417250467427951,0.399184109556176,short
35527,FIFTH THIRD BANCORP,987215.0,0.053952696683052435,0.07734243609017301,long
1273087,MILLENNIUM MANAGEMENT LLC,965640.0,0.0527735924039067,0.7340628015608879,short
1977290,Quintet Private Bank (Europe) S.A.,952933.0,0.052079136873195,,unclassified
820478,STRS OHIO,952506.0,0.052055800718979695,0.5750793281235506,short
1421224,CIBC WORLD MARKET INC.,940318.0,0.05138970927266553,0.11935603759811372,long
829108,"Brandywine Global Investment Management, LLC",936972.0,0.05120684563799477,0.5058603124466208,short
310051,KING LUTHER CAPITAL MANAGEMENT CORP,935686.0,0.05113656391827373,0.04329798301266079,long
1759760,"H&H International Investment, LLC",926800.0,0.05065093144436926,0.09582024315078064,long
1068855,"Asset Management One Co., Ltd.",919101.0,0.050230170200098435,0.05342073955008808,long
1462284,"Raymond James Financial Services Advisors, Inc.",913502.0,0.04992417692737829,0.10521738655388937,long
919859,MACKENZIE FINANCIAL CORP,912036.0,0.049844057952952915,0.16729000052599668,medium
1140022,AVIVA PLC,903347.0,0.049369191807808195,0.24350352607215,medium
1665198,"Kovitz Investment Group Partners, LLC",902620.0,0.049329460229085645,0.1909453119732363,medium
1373442,"Mariner, LLC",876743.0,0.04791524556250608,0.1338200896619251,medium
1666940,Mn Services Vermogensbeheer B.V.,875670.0,0.047856604594185184,0.1352271271343487,medium
1749768,Impax Asset Management Group plc,868718.0,0.04747666795693739,0.16723874594766547,medium
1677044,"ADVISOR GROUP HOLDINGS, INC.",852791.0,0.046606234869847975,0.15184168719715738,medium
36270,M&T Bank Corp,852578.0,0.04659459411844783,0.06984427631945413,long
1553562,AMF Tjanstepension AB,843422.0,0.046094205762486844,0.25888856731896104,medium
937729,Fayez Sarofim & Co,841006.0,0.04596216794378853,0.05930859658154799,long
1165797,CAUSEWAY CAPITAL MANAGEMENT LLC,835862.0,0.04568104106490438,0.23935243082540264,medium
1739439,Rockefeller Capital Management L.P.,828501.0,0.04527875199891171,0.20614280343969935,medium
1761054,Treasurer of the State of North Carolina,824125.0,0.045039597406766094,0.0345981723616497,long
1040188,VICTORY CAPITAL MANAGEMENT INC,823307.0,0.04499489254927635,0.1771578222187281,medium
1575677,FLOSSBACH VON STORCH AG,791231.0,0.043241893760962165,0.16134923472526683,medium
1496637,"Norinchukin Bank, The",764041.0,0.0417559217864559,0.12021778933045088,long
1368163,Zurcher Kantonalbank (Zurich Cantonalbank),763632.0,0.04173356935771103,0.13000647513476807,medium
1730464,"Nan Shan Life Insurance Co., Ltd.",753557.0,0.041182956351342864,0.2411685956031071,medium
1329948,Janney Montgomery Scott LLC,752138.0,0.04110540599342361,0.1954608588565637,medium
1463217,"UNITED CAPITAL FINANCIAL ADVISERS, LLC",751399.0,0.04106501859772078,0.11029946528968368,long
1376192,Clal Insurance Enterprises Holdings Ltd,733000.0,0.040059487212691695,0.2997728383843645,short
1466153,Artisan Partners Limited Partnership,721371.0,0.03942394590737602,0.18730132558935397,medium
1393825,Hudson Bay Capital Management LP,720000.0,0.03934901881737793,1.003154200443233,short
898286,CAISSE DE DEPOT ET PLACEMENT DU QUEBEC,712182.0,0.03892175405471923,0.2871294270599019,medium
863748,ROYAL LONDON ASSET MANAGEMENT LTD,705937.0,0.03858045596789351,0.11138527590047277,long
1587973,"State of Tennessee, Treasury Department",701381.0,0.03833146412104354,0.1681275578313453,medium
1009207,"D. E. Shaw & Co., Inc.",694282.0,0.0379434937257872,0.6057041780806494,short
1441689,Korea Investment CORP,680673.0,0.03719974261872373,0.17275202859894373,medium
859872,KLINGENSTEIN FIELDS & CO LP,663313.0,0.03625099405390473,0.04941663884842601,long
1642575,Squarepoint Ops LLC,657171.0,0.035915325062826485,1.158343378976133,short
1550075,Bartlett & Co. LLC,654128.0,0.03574902080690804,0.06192872974206179,long
1671657,"Dorsey Asset Management, LLC",648816.0,0.03545871249029983,0.16220905707902963,medium
1593051,Retirement Systems of Alabama,631804.0,0.03452898261790923,0.11003563476597258,long
1453620,Cohen Klingenstein LLC,624648.0,0.034137897091996515,0.026031688016586348,long
842180,"BANCO BILBAO VIZCAYA ARGENTARIA, S.A.",612389.0,0.03346792539521563,0.311326441551398,short
1055964,NOMURA ASSET MANAGEMENT CO LTD,604921.0,0.03305978862781538,0.11764622313000378,long
1280043,SUMMITRY LLC,594545.0,0.032492725545524945,0.19781834831290906,medium
1316507,CALAMOS ADVISORS LLC,593357.0,0.03242779966447627,0.24356157353671715,medium
1672594,"Douglas Lane & Associates, LLC",593270.0,0.03242304499136917,0.07095904164636038,long
1478215,Morningstar Investment Services LLC,583372.0,0.031882105285460274,0.08469394995043389,long
1615423,Compagnie Lombard Odier SCmA,574119.0,0.031376415742241946,0.16666069872723238,medium
1588340,Vontobel Holding Ltd.,569041.0,0.03109889585674938,0.27457368947612215,medium
937615,"NISA INVESTMENT ADVISORS, LLC",567795.0,0.031030800193629308,0.16181923856596528,medium
883961,TOCQUEVILLE ASSET MANAGEMENT L.P.,567589.0,0.031019542002134335,0.11141518906622969,long
1426748,Lazard Freres Gestion S.A.S.,566947.0,0.03098445579368884,0.050072731686249955,long
1419999,MAR VISTA INVESTMENT PARTNERS LLC,566448.0,0.030957184737591795,0.11757371044264438,long
1764000,Wilkinson Global Asset Management LLC,562629.0,0.03074847098361462,0.0635830023932944,long
1114618,GATEWAY INVESTMENT ADVISERS LLC,558986.0,0.030549375878681694,0.1056131229397895,long
1352187,"Clark Capital Management Group, Inc.",555865.0,0.030378808812391366,0.7281610034687127,short
5272,"AMERICAN INTERNATIONAL GROUP, INC.",554203.0,0.030287978160621253,0.05538919411538105,long
902367,BLAIR WILLIAM & CO/IL,553552.0,0.030252400089440537,0.06314507416690676,long
944388,1832 Asset Management L.P.,531305.0,0.029036570059398584,0.26495189430561367,medium
1351991,Rathbones Group PLC,529187.0,0.028920818362377466,0.08896872640508721,long
1558481,Arizona State Retirement System,522185.0,0.028538149154378464,0.03518812257217197,long
1540235,Creative Planning,519646.0,0.02839938921163218,0.06858061035083683,long
1179392,"TWO SIGMA INVESTMENTS, LP",517887.0,0.028303257372604727,0.7863864540731853,short
1569395,"Mirae Asset Global Investments Co., Ltd.",512536.0,0.028010817650810576,0.14790837229214626,medium
1398318,Handelsbanken Fonder AB,510377.0,0.027892825245773467,0.14042477347350357,medium
1070134,MAIRS & POWER INC,508646.0,0.027798223646366686,0.06743275300812526,long
1056527,CIBC WORLD MARKETS CORP,503145.0,0.027497586212318913,0.8316406568781283,short
762152,STATE OF MICHIGAN RETIREMENT SYSTEM,502466.0,0.027460477901517524,0.05731874696904417,long
1002152,"COMPASS CAPITAL MANAGEMENT, INC",500313.0,0.02734281340497056,0.07052514661439421,long
350894,SEI INVESTMENTS CO,499268.0,0.02728570267627034,0.1620689356437226,medium
1904154,"Stonegate Investment Group, LLC",499063.0,0.02727449913619039,0.09019420193086108,long
1452208,CACTI ASSET MANAGEMENT LLC,496607.0,0.027140275260891113,0.007724596356271001,long
1999606,TD Waterhouse Canada Inc.,496443.0,0.027131312428827156,0.11597843857643592,long
1540569,"EP Wealth Advisors, LLC",480753.0,0.026273831727098462,0.8972554647742174,short
1770632,Quilter Plc,471890.0,0.025789456235739545,0.07301282591701382,long
919192,AMALGAMATED BANK,467057.0,0.025525325946927895,0.061597897126839565,long
1603328,FORSTA AP-FONDEN,466300.0,0.025483954825754624,0.20813433069367232,medium
1529735,"MetLife Investment Management, LLC",463841.0,0.02534956699621027,0.11647127781978625,long
1544599,"Bank Julius Baer & Co. Ltd, Zurich",462048.0,0.025251577009071997,0.10679517873934695,long
1081407,GABELLI FUNDS LLC,456185.0,0.024931155762785488,0.10468967484095071,long
920440,WAFRA INC.,437760.0,0.023924203440965783,0.3530154684018997,short
1419186,"Cambridge Investment Research Advisors, Inc.",434589.0,0.023750903803924247,0.13641141643342292,medium
1079935,SIGNATURE ESTATE & INVESTMENT ADVISORS LLC,434450.0,0.02374330725723589,0.1895782163053429,medium
1859606,Optiver Holding B.V.,430930.0,0.02355093427635093,0.763726359490325,short
1345929,BROWN ADVISORY INC,430122.0,0.02350677593301143,0.103334269116086,long
927337,"WOLVERINE TRADING, LLC",426504.0,0.023309047113454107,1.2104857876831445,short
1357955,ProShare Advisors LLC,424498.0,0.02319941637491569,0.1277663396517114,medium
1537014,Candriam S.C.A.,422187.0,0.02307311695479491,0.25500414347104217,medium
701059,"MML INVESTORS SERVICES, LLC",419940.0,0.022950315225235676,0.21188429889500196,medium
314984,Thrivent Financial for Lutherans,414394.0,0.02264721847751182,0.21582286148652613,medium
1977602,OFI INVEST ASSET MANAGEMENT,408116.0,0.022304116893990294,,unclassified
728083,FIRST MANHATTAN CO,403497.0,0.02205168200799381,0.10235579472429882,long
1093589,ALTA CAPITAL MANAGEMENT LLC/,398278.0,0.021766456272982845,0.12295643851158432,long
1989400,UniSuper Management Pty Ltd,397742.0,0.021737163114529907,,unclassified
807249,"GAMCO INVESTORS, INC. ET AL",395950.0,0.021639227778806655,0.08194413076942732,long
1841616,"InterOcean Capital Group, LLC",392961.0,0.021475874699299513,0.12342265068879778,long
796848,TEACHER RETIREMENT SYSTEM OF TEXAS,386811.0,0.021139768496901076,0.22679892885200342,medium
1080107,D.A. DAVIDSON & CO.,385271.0,0.021055605317763907,0.08434562332769384,long
1009016,FORT WASHINGTON INVESTMENT ADVISORS INC /OH/,383813.0,0.020975923554658715,0.08540901853328277,long
1223779,TEXAS PERMANENT SCHOOL FUND CORP,383169.0,0.02094072804338317,0.14445154140155791,medium
1411530,"Sumitomo Mitsui DS Asset Management Company, Ltd",380667.0,0.020803990202992784,0.13118184137143818,medium
1398739,Employees Retirement System of Texas,379798.0,0.02075649812333681,0.3418781559520108,short
922898,M&G INVESTMENT MANAGEMENT LTD,378598.0,0.020690916425307845,0.16041361125730608,medium
1452765,GTS SECURITIES LLC,376235.0,0.020561775131605814,,unclassified
805676,PARK NATIONAL CORP /OH/,374318.0,0.020457008369004544,0.08794353901499523,long
1291318,OVERSEA-CHINESE BANKING Corp Ltd,371918.0,0.02032584497294662,,unclassified
1534653,Skandinaviska Enskilda Banken AB (publ),366774.0,0.020044718094062462,0.1976904840595725,medium
200217,Dodge & Cox,364763.0,0.019934814098448925,0.08242164748569786,long
16972,Cannell & Co.,364540.0,0.01992262683289854,0.22888941552030856,medium
314949,GLENMEDE TRUST CO NA,363845.0,0.01988464409945677,0.10343205460460637,long
1577774,Regal Partners Ltd,360135.0,0.019681887349717223,0.49836378398215847,short
1278573,Destination Wealth Management,359666.0,0.019656255836070904,0.09202348921680337,long
937589,HERITAGE INVESTORS MANAGEMENT CORP,356801.0,0.019499679532026755,0.030717954210999855,long
1698246,IFM Investors Pty Ltd,356579.0,0.019487546917891396,0.05368132481727486,long
1434819,APG Asset Management N.V.,354368.0,0.01936671263927303,0.19959042712684943,medium
944804,Homestead Advisers Corp,354000.0,0.01934660091854415,0.06718776610746945,long
1191672,Credit Agricole S A,351962.0,0.01923522133472496,0.4822997739112812,short
1281761,REGIONS FINANCIAL CORP,347343.0,0.018982786448728476,0.06512092070681928,long
1345576,"Advisors Capital Management, LLC",346034.0,0.01891124774646188,0.17132631556233896,medium
700529,"ATALANTA SOSNOFF CAPITAL, LLC",345605.0,0.018887802289416528,0.3040603825549387,short
1789908,Fosse Capital Partners LLP,345541.0,0.01888430459885498,0.027691272166002888,long
1177206,LOS ANGELES CAPITAL MANAGEMENT LLC,342989.0,0.01874483418771339,0.376135790308166,short
821197,JOHNSON INVESTMENT COUNSEL INC,337583.0,0.01844938863809291,0.061517858926560046,long
1767559,London & Capital Asset Management Ltd,335837.0,0.018353967267460768,0.1264522792458263,medium
1137881,WHITTIER TRUST CO,328079.0,0.01792998158970352,0.0675266821789627,long
898427,AXA S.A.,326092.0,0.01782138922805056,0.31295208019802806,short
1021926,CIBC Asset Management Inc,321949.0,0.017594968415605566,0.1130226576689256,long
1512024,CAPTRUST FINANCIAL ADVISORS,321765.0,0.017584912555241125,0.3307375166520549,short
1141802,NORTHWESTERN MUTUAL WEALTH MANAGEMENT CO,321253.0,0.017556931030748766,0.09670743275451474,long
1540880,FJARDE AP-FONDEN /FOURTH SWEDISH NATIONAL PENSION FUND,318700.0,0.01741740596819215,0.13609831212158105,medium
1083190,COMMONWEALTH OF PENNSYLVANIA PUBLIC SCHOOL EMPLS RETRMT SYS,318688.0,0.017416750151211857,0.13220250206848697,medium
1050743,PEAPACK GLADSTONE FINANCIAL CORP,316086.0,0.017274547169319057,0.09788162815320757,long
1535323,Allianz Asset Management GmbH,314359.0,0.017180164175572374,0.3115393207894368,short
1548392,Utah Retirement Systems,313995.0,0.017160271060503586,0.044884793997890374,long
860857,DELTA ASSET MANAGEMENT LLC/TN,313340.0,0.01712447438366278,0.02865395601188038,long
276101,BRISTOL JOHN W & CO INC /NY/,313180.0,0.017115730157258917,0.09362185077563503,long
949623,FINANCIAL COUNSELORS INC,308434.0,0.016856354541554368,0.05121330269015596,long
891287,DAVIS R M INC,308075.0,0.016836734683560704,0.05501762355641904,long
1587381,USS Investment Management Ltd,307896.0,0.016826952080271382,0.1717772749674559,medium
1351731,"WestEnd Advisors, LLC",307392.0,0.016799407767099216,,unclassified
1010873,FRANKLIN STREET ADVISORS INC /NC,304816.0,0.016658625721997042,0.1658976030153319,medium
1556921,"VOLORIDGE INVESTMENT MANAGEMENT, LLC",304455.0,0.01663889656117333,0.7765263310670398,short
1063571,VAUGHAN DAVID INVESTMENTS LLC/IL,302795.0,0.016548175212233264,0.047337397165421714,long
1857493,"Connectus Wealth, LLC",301459.0,0.016475160921761017,0.368915337857121,short
1332905,"RMB Capital Management, LLC",301133.0,0.01645734456046315,0.2714343437732866,medium
1803916,Aquatic Capital Management LLC,294100.0,0.016072981158598402,1.4540793618718884,short
1534561,"Vantage Investment Partners, LLC",293488.0,0.01603953449260363,0.33556074080562126,short
315297,PUBLIC EMPLOYEES RETIREMENT ASSOCIATION OF COLORADO,292636.0,0.015992971487003068,0.07237002287603783,long
1228242,BRITISH COLUMBIA INVESTMENT MANAGEMENT Corp,289261.0,0.015808522961296607,0.24344994058622865,medium
1396318,Public Sector Pension Investment Board,288172.0,0.015749007570335323,0.26213849428413566,medium
1133639,NEW YORK LIFE INVESTMENT MANAGEMENT LLC,285477.0,0.015601722006845276,0.17102009927527648,medium
1390202,Laurion Capital Management LP,285263.0,0.015590026604030112,1.0344731759582164,short
1637460,Man Group plc,284474.0,0.015546906637576068,,unclassified
1876496,Border to Coast Pensions Partnership Ltd,283740.0,0.015506792498948352,0.11524082364126756,long
1008929,PRIO WEALTH LIMITED PARTNERSHIP,281721.0,0.015396451292014621,0.04676898045741658,long
1082215,NORTHEAST INVESTMENT MANAGEMENT,279664.0,0.015284033331309973,0.046508404280937284,long
1534468,Cetera Advisor Networks LLC,277367.0,0.015158499030999533,0.2092831644619017,medium
1858789,"YOUSIF CAPITAL MANAGEMENT, LLC",275465.0,0.015054552039623626,0.06364686430587274,long
1318757,"MARSHALL WACE, LLP",271123.0,0.014817255595588828,0.7536401635722378,short
869589,NISSAY ASSET MANAGEMENT CORP /JAPAN/ /ADV,270793.0,0.014799220628630863,0.2846372694114396,medium
1274981,NATIXIS,269617.0,0.01473495056456248,0.7380723634342532,short
1080382,EUBEL BRADY & SUTTMAN ASSET MANAGEMENT INC,269335.0,0.014719538865525673,0.1357708673239785,medium
714142,TEACHERS RETIREMENT SYSTEM OF THE STATE OF KENTUCKY,268972.0,0.014699700401871912,,unclassified
1473429,"Petrus Trust Company, LTA",265000.0,0.014482624981396044,0.34674592114703845,short
922127,MUTUAL OF AMERICA CAPITAL MANAGEMENT LLC,262814.0,0.014363156988153282,0.04117593373496766,long
891478,"Banco Santander, S.A.",258801.0,0.014143840859661425,0.18705918091684604,medium
1788587,"Williams Jones Wealth Management, LLC.",257980.0,0.014098972047926608,0.05184004465811679,long
799004,BECKER CAPITAL MANAGEMENT INC,253919.0,0.013877032651513592,0.11558217102860119,long
1222993,"WATERS PARKERSON & CO., LLC",251165.0,0.013726522654537122,0.0654338118478506,long
1781880,NAN FUNG TRINITY (HK) LTD,250708.0,0.013701546957871092,0.28291011656263887,medium
1742418,Dundas Partners LLP,250136.0,0.013670286348477285,0.058666484897565166,long
1488542,"SIMPLEX TRADING, LLC",248676.0,0.013590495282542046,1.271122643448341,short
1545812,"CORDA Investment Management, LLC.",245736.0,0.013429820122371088,0.09055504088703131,long
869367,ROFFMAN MILLER ASSOCIATES INC /PA/,245614.0,0.013423152649738142,0.020706225541032623,long
1900923,READYSTATE ASSET MANAGEMENT LP,244573.0,0.013366260526698016,,unclassified
1840945,"Galvin, Gaustad & Stein, LLC",241720.0,0.013210340039634156,0.1271846360967615,medium
1009076,COMMERCE BANK,240509.0,0.01314415717603993,0.06877532833405586,long
1418773,Robeco Institutional Asset Management B.V.,238610.0,0.013040374138909095,0.211201841576989,medium
932974,LORING WOLCOTT & COOLIDGE FIDUCIARY ADVISORS LLP/MA,237557.0,0.01298282619888868,0.025543112862083002,long
1538846,South Dakota Investment Council,234863.0,0.012835595286813656,0.10484625466066742,long
1532262,"Greenbrier Partners Capital Management, LLC",233389.0,0.01275503910106808,0.035083744391852446,long
1567755,"Private Advisor Group, LLC",232424.0,0.012702300485569789,0.18438623010538457,medium
1641864,Giverny Capital Inc.,230556.0,0.012600211642304703,0.0796030046412762,long
1086763,FIRST FOUNDATION ADVISORS,230095.0,0.012575017339978576,0.1984161568633597,medium
1163653,NOMURA HOLDINGS INC,228838.0,0.012506320511293237,0.7661745795713897,short
1269119,OPPENHEIMER ASSET MANAGEMENT INC.,228264.0,0.012474950599069383,0.11192965424631796,long
1370102,"State of Alaska, Department of Revenue",226398.0,0.012372971058634346,0.08288976452506724,long
1163648,CI INVESTMENTS INC.,224586.0,0.01227394269461061,0.21514864379590753,medium
1209324,COUNTRY TRUST BANK,223701.0,0.01222557619231425,0.11236315237241978,long
1637541,"XPONANCE, INC.",222932.0,0.01218354925416069,0.09770076680227728,long
1562855,"Clarkston Capital Partners, LLC",222876.0,0.012180488774919338,0.10650865933579204,long
1830819,"Kestra Advisory Services, LLC",222795.0,0.012176062010302384,0.25158538698503685,medium
1481045,Daiwa Securities Group Inc.,219084.0,0.011973250609147815,0.14923521210486695,medium
1535588,"Twin Tree Management, LP",218202.0,0.011925048061096526,1.1771670574083188,short
1534400,Cetera Advisors LLC,217590.0,0.011891601395101755,0.2354619623034824,medium
1387369,"KETTLE HILL CAPITAL MANAGEMENT, LLC",217098.0,0.01186471289890988,1.2002915345491694,short
1715783,"Grace & Mercy Foundation, Inc.",217000.0,0.011859357060237516,,unclassified
1908923,Czech National Bank,216338.0,0.011823177823491536,,unclassified
819535,"Cornerstone Capital, Inc.",215425.0,0.0117732810815745,0.08161066282309387,long
884541,"TRILLIUM ASSET MANAGEMENT, LLC",213609.0,0.01167403411189067,0.09911209927739331,long
1697723,AE Wealth Management LLC,213052.0,0.011643593273722226,0.262985313768663,medium
1591122,Heritage Wealth Advisors,213032.0,0.011642500245421744,0.08872127239604102,long
1079112,HOWLAND CAPITAL MANAGEMENT LLC,212860.0,0.011633100202037592,0.07614187940699373,long
1600151,"Arete Wealth Advisors, LLC",212359.0,0.0116057198431105,0.5574745990954464,short
1106565,STALEY CAPITAL ADVISERS INC,211689.0,0.011569103395044328,0.35740849305401307,short
1860501,"Howard Capital Management Group, LLC",210388.0,0.011498001904097927,0.04113026418855391,long
1742315,"J. L. Bainbridge & Co., Inc.",205829.0,0.01124884610300289,0.08943503795641686,long
1015086,BRADLEY FOSTER & SARGENT INC/CT,203314.0,0.011111397794217189,0.06819527894482753,long
1539204,"Crossmark Global Holdings, Inc.",202388.0,0.011060790583904839,0.13357753528619948,medium
743127,PINNACLE ASSOCIATES LTD,201151.0,0.010993186783519984,0.09957594367379212,long
1773368,Wesleyan Assurance Society,200798.0,0.010973894834016463,0.03588605841186473,long
1308016,"GRANDFIELD & DODD, LLC",197252.0,0.010780100916340877,0.04838740557271644,long
1234074,SPRUCEGROVE INVESTMENT MANAGEMENT LTD,196632.0,0.010746217039025913,0.13400930725910654,medium
1651424,Quadrature Capital Ltd,196517.0,0.010739932126298138,1.1576580847788462,short
860176,MARK ASSET MANAGEMENT LP,195376.0,0.010677574861755598,0.2543041922049871,medium
1748965,LANNEBO FONDER AB,195000.0,0.010657025929706522,0.13042174958519354,medium
39263,"CULLEN/FROST BANKERS, INC.",194491.0,0.010629208359459238,0.09601376054104391,long
1666741,Cetera Investment Advisers,194157.0,0.010610954786841176,0.28878760260274844,medium
1761755,TownSquare Capital LLC,193502.0,0.010575158110000368,0.22175673965678944,medium
1901166,"Mill Capital Management, LLC",193071.0,0.010551603350124963,0.054053633165342105,long
1483870,"TCTC Holdings, LLC",192112.0,0.010499192643116818,0.025294771676915417,long
1845930,TITAN GLOBAL CAPITAL MANAGEMENT USA LLC,191520.0,0.010466839005422529,0.3344268073004906,short
1164632,Chesley Taft & Associates LLC,191211.0,0.010449951718180072,0.203793033250072,medium
741073,STOCK YARDS BANK & TRUST CO,189948.0,0.010380926981004587,0.06240462488597791,long
1040210,BARR E S & CO,187798.0,0.010263426438702695,0.04512717345504543,long
887818,FACTORY MUTUAL INSURANCE CO,187306.0,0.01023653794251082,0.14285318167152605,medium
1744317,"Beacon Pointe Advisors, LLC",186221.0,0.010177241157209633,0.14707058651477412,medium
1927543,"Atria Wealth Solutions, Inc.",185692.0,0.010148330558661864,0.1884093316735984,medium
1445911,"Quantitative Investment Management, LLC",184870.0,0.010103407095512025,1.3910215778098034,short
1283072,GUGGENHEIM CAPITAL LLC,184825.0,0.010100947781835939,0.1607944962732326,medium
1598697,Gulf International Bank (UK) Ltd,184482.0,0.01008220234648266,0.1441224406642423,medium
1422849,Capital World Investors,182600.0,0.009979348383407236,0.14769682477951956,medium
853758,MERCER GLOBAL ADVISORS INC /ADV,180591.0,0.009869553690623747,0.22868944487375897,medium
1040197,MAI Capital Management,179977.0,0.009835997721798927,0.09903476068466602,long
1799793,Force Hill Capital Management LP,179653.0,0.009818290663331107,0.7849369358381304,short
1078635,WINDWARD CAPITAL MANAGEMENT CO /CA,178254.0,0.00974183333371234,0.044430587924792146,long
1765876,MMBG INVESTMENT ADVISORS CO.,178098.0,0.009733307712968575,0.09268184967833153,long
1349267,"LEWIS CAPITAL MANAGEMENT, LLC",176377.0,0.009639252627712038,0.055190650417709416,long
1923739,Harvest Portfolios Group Inc.,176117.0,0.009625043259805762,,unclassified
1426853,Crestwood Advisors Group LLC,175485.0,0.009590503565510508,0.11526972996908354,long
1544676,Segantii Capital Management Ltd,175000.0,0.009563997629223803,0.8868594782520531,short
1895362,"Badgley Phelps Wealth Managers, LLC",174842.0,0.00955536270564999,0.10069722168958814,long
822581,OPPENHEIMER & CO INC,174615.0,0.00954295683443951,0.14593529693558988,medium
1263548,WHITTIER TRUST CO OF NEVADA INC,174124.0,0.00951612298966266,0.06091291387078108,long
9631,BANK OF NOVA SCOTIA,172713.0,0.009439009843063603,0.4289645120164661,short
1511137,"PATHSTONE FAMILY OFFICE, LLC",172328.0,0.009417969048279311,0.5191366894899713,short
1047142,COMMUNITY TRUST & INVESTMENT CO,172213.0,0.009411684135551535,0.09799433667063161,long
1893159,"NorthCrest Asset Manangement, LLC",170488.0,0.0093174104446349,0.1764974096243649,medium
1911278,LGT Group Foundation,170305.0,0.009307409235685484,0.19644868011752667,medium
1317209,"TAURUS ASSET MANAGEMENT, LLC",168656.0,0.009217289052310684,0.06798067384425087,long
1966007,"Applied Finance Capital Management, LLC",168070.0,0.00918526332310654,,unclassified
1034642,CLIFFORD SWAN INVESTMENT COUNSEL LLC,167633.0,0.009161380654740993,0.03324280176704977,long
1427202,Busey Wealth Management,167074.0,0.0091308305137425,0.052417385234805644,long
1455969,"Reynders McVeigh Capital Management, LLC",166144.0,0.009080004697770054,0.05892490035412881,long
887402,GODSEY & GIBB ASSOCIATES,163606.0,0.008941299406438797,0.952288288146773,short
1426196,"CAPSTONE INVESTMENT ADVISORS, LLC",163378.0,0.008928838883813293,0.9900204802331389,short
1589176,SPX Gestao de Recursos Ltda,163200.0,0.008919110931938997,1.1701412144357572,short
1791965,"Kingsview Wealth Management, LLC",158212.0,0.008646509673798607,0.27284624938215774,medium
40729,Ally Financial Inc.,158000.0,0.00863492357381349,0.13725014201278007,medium
872162,BLACKHILL CAPITAL INC,156300.0,0.00854201616827246,0.016807773083521785,long
1900099,"Washington Trust Advisors, Inc.",155841.0,0.00851693116877638,0.09887022249922625,long
1162827,RBO & CO LLC,155684.0,0.00850835089661759,0.02403060891746701,long
1661580,Ilmarinen Mutual Pension Insurance Co,155000.0,0.008470969328741081,0.39117132340558336,short
35442,FIDUCIARY TRUST CO,154157.0,0.008424898185875735,0.07214245616156571,long
49205,HUNTINGTON NATIONAL BANK,153419.0,0.008384565441587923,0.0912930202808437,long
1890906,"Allspring Global Investments Holdings, LLC",153184.0,0.00837172235905725,0.21047841217546404,medium
1666736,Gerber Kawasaki Wealth & Investment Management,150633.0,0.00823230659933068,0.18191413899275008,medium
1739877,Elo Mutual Pension Insurance Co,150332.0,0.008215856523408414,0.09132149890194531,long
1279627,WETHERBY ASSET MANAGEMENT INC,150245.0,0.008211101850301316,0.08358318299145684,long
1630709,"DRH Investments, Inc.",149516.0,0.00817126096874872,0.17344185795560624,medium
1847838,B. Metzler seel. Sohn & Co. AG,149437.0,0.008166943506961814,0.1493355514041268,medium
1259969,FARMERS & MERCHANTS INVESTMENTS INC,149300.0,0.008159456263103507,0.03867563980759638,long
1035350,"SECURIAN ASSET MANAGEMENT, INC",148983.0,0.008142131764540856,0.08836709939243818,long
872080,BRAUN STACEY ASSOCIATES INC,148652.0,0.008124042146167867,0.6406987332855945,short
1544204,Liontrust Investment Partners LLP,148000.0,0.00808840942357213,0.6589824307759041,short
919219,PAYDEN & RYGEL,147530.0,0.008062723258510787,0.45389788352929017,short
860580,STEWART & PATTEN CO LLC,147390.0,0.008055072060407406,0.036073123932728296,long
1731446,"Prime Capital Investment Advisors, LLC",146946.0,0.00803080683213669,0.4610347005807811,short
1537783,Kentucky Retirement Systems,146920.0,0.008029385895346063,0.02921264459500985,long
1846311,Vancity Investment Management Ltd,145541.0,0.007954021594027779,0.0993414233092982,long
1115055,PINNACLE FINANCIAL PARTNERS INC,145285.0,0.007940030831781601,0.12047378816632731,long
1457833,Sandy Spring Bank,144950.0,0.007921722607748516,0.050814798440622935,long
1779789,"IEQ CAPITAL, LLC",144810.0,0.007914071409645135,0.14926604609428049,medium
1535602,BANQUE PICTET & CIE SA,143857.0,0.007861988611127134,0.14786710195931166,medium
1455952,"Richmond Hill Investments, LLC",143280.0,0.007830454744658207,0.01635116254660866,long
1107314,OREGON PUBLIC EMPLOYEES RETIREMENT FUND,142257.0,0.007774546347088517,0.19386415456010817,medium
1102578,EARNEST PARTNERS LLC,141929.0,0.0077566206829606,0.1206507391931211,long
1088950,RAYMOND JAMES TRUST N.A.,141087.0,0.0077106041915102775,0.07262008126255437,long
1299351,"MADISON ASSET MANAGEMENT, LLC",140741.0,0.007691694801911926,0.145197567546261,medium
1107261,"BRIDGEWAY CAPITAL MANAGEMENT, LLC",140406.0,0.007673386577878841,0.3495372981679987,short
1795552,Maryland State Retirement & Pension System,139708.0,0.007635239890191994,0.5179267846751777,short
1033505,COBBLESTONE CAPITAL ADVISORS LLC /NY/,139644.0,0.00763174219963045,0.09744678549290674,long
1660531,FengHe Fund Management Pte. Ltd.,139600.0,0.007629337537369388,1.3547295695161055,short
936698,FRONT BARNETT ASSOCIATES LLC,139134.0,0.00760386997796814,0.05838330557563557,long
1650150,"Lido Advisors, LLC",139006.0,0.007596874596845051,0.2338083975091208,medium
1427263,"GFS Advisors, LLC",138968.0,0.007594797843074133,0.10571727666286863,long
1535847,"CWM, LLC",138888.0,0.007590425729872202,0.1974145484168635,medium
1232395,SILVERCREST ASSET MANAGEMENT GROUP LLC,138771.0,0.007584031514314379,0.12497048055114372,long
1086318,INTECH INVESTMENT MANAGEMENT LLC,136515.0,0.007460737922019928,0.35870082690371907,short
1616667,"Pacer Advisors, Inc.",136449.0,0.007457130928628335,0.580778192778412,short
1766150,EASTERLY INVESTMENT PARTNERS LLC,136345.0,0.007451447181465825,0.29314322493475914,short
1650135,Hosking Partners LLP,136277.0,0.007447730885244183,0.19448795816496628,medium
911274,"BEESE FULMER INVESTMENT MANAGEMENT, INC.",136276.0,0.0074476762338291595,0.04428028702289451,long
1072843,"First Fiduciary Investment Counsel, Inc.",136063.0,0.007436035482429018,0.055732710081658934,long
1542629,Baader Bank Aktiengesellschaft,134882.0,0.007371492161285514,0.4711836027714402,short
1125816,FIRST TRUST ADVISORS LP,133673.0,0.007305418600521333,0.2606901693935124,medium
1056859,CHILTON CAPITAL MANAGEMENT LLC,133657.0,0.0073045441778809474,0.10386931732133173,long
1303042,"AVANTAX ADVISORY SERVICES, INC.",132962.0,0.0072665614444391725,0.122985096608382,long
923093,TUDOR INVESTMENT CORP ET AL,132412.0,0.007236503166175898,0.9873331937517189,short
1450144,"TWO SIGMA SECURITIES, LLC",131671.0,0.007196006467643013,1.182363759987302,short
824325,COUNTRY CLUB BANK /GFN,131004.0,0.0071595539738219145,0.13290392820547828,medium
1494234,Hemenway Trust Co LLC,130812.0,0.00714906090213728,0.05627454941351387,long
939219,LEE DANNER & BASS INC,129756.0,0.007091349007871793,0.040550115227632716,long
1389426,"Rafferty Asset Management, LLC",129603.0,0.0070829873413731,0.24501986627368455,medium
1140334,FLPUTNAM INVESTMENT MANAGEMENT CO,129271.0,0.007064843071585086,0.1552773258027636,medium
922439,HARTFORD INVESTMENT MANAGEMENT CO,129007.0,0.007050415098018715,0.2846252812736651,medium
947996,"Olstein Capital Management, L.P.",129000.0,0.007050032538113545,0.1836972074506227,medium
1511506,"Carnegie Capital Asset Management, LLC",128677.0,0.0070323801310607495,0.10191699755290559,long
1084683,GREENWOOD GEARHART INC,127733.0,0.006980789195277965,0.1228999722873178,long
1697162,Chescapmanager LLC,127500.0,0.0069680554155773415,0.20370141266801298,medium
1903055,Snowden Capital Advisors LLC,127334.0,0.006958983280683335,0.15849679679612494,medium
1033974,SCHAPER BENZ & WISE INVESTMENT COUNSEL INC/WI,127058.0,0.006943899490136673,0.05612092707872457,long
1486180,RIVER & MERCANTILE ASSET MANAGEMENT LLP,126749.0,0.006927012202894216,0.22633131783513527,medium
1105467,SAWGRASS ASSET MANAGEMENT LLC,123960.0,0.0067745894063919,0.18024436805237615,medium
1260824,EVERGREEN CAPITAL MANAGEMENT LLC,123918.0,0.0067722940469608865,0.19166723983829762,medium
1086483,ZACKS INVESTMENT MANAGEMENT,123906.0,0.006771638229980597,0.15699194453578366,medium
1039765,ING GROEP NV,122789.0,0.006710592599398637,0.6166129228760588,short
1124841,LATHROP INVESTMENT MANAGEMENT CORP,122142.0,0.006675233133878021,0.07630589902639925,long
1115373,SEMPER AUGUSTUS INVESTMENTS GROUP LLC,122023.0,0.006668729615490148,0.09475198787816806,long
1942364,Azimuth Capital Investment Management LLC,121336.0,0.006631184093368567,0.15721508951637014,medium
861787,Washington Trust Bank,120791.0,0.0066013990721804135,0.4848417552652931,short
1844571,Rempart Asset Management Inc.,120741.0,0.006598666501429207,0.06938506404902417,long
1600035,Stonebridge Capital Advisors LLC,120563.0,0.00658893854955491,0.07642918141923707,long
933429,"UMB Bank, n.a.",120429.0,0.006581615259941676,0.08369057403929374,long
1490429,"First Long Island Investors, LLC",120172.0,0.006567569846280473,0.07864125783818728,long
7789,Associated Banc-Corp,119944.0,0.00655510932365497,0.056834097891403756,long
1006378,"SEGALL BRYANT & HAMILL, LLC",119467.0,0.006529040598688457,0.1175217641422708,long
1731876,"Steigerwald, Gordon & Koch Inc.",119218.0,0.006515432396347447,0.0436635892921676,long
1367401,VAN LANSCHOT KEMPEN INVESTMENT MANAGEMENT N.V.,119183.0,0.006513519596821602,0.3012132337296956,short
1970075,La Banque Postale Asset Management SA,118259.0,0.006463021689339301,,unclassified
1569411,Addenda Capital Inc.,117943.0,0.006445751842191674,0.15507527925534006,medium
1327055,"Bragg Financial Advisors, Inc",117792.0,0.0064374994785230295,0.05690991517649783,long
1697728,"Dai-Ichi Life Insurance Company, Ltd",116492.0,0.006366452638991653,0.13678863273340178,medium
1729673,"DDD Partners, LLC",116344.0,0.006358364229568081,0.2245388927563559,medium
1780570,Ethic Inc.,116296.0,0.006355740961646922,0.2205627644901426,medium
1798150,Avalon Trust Co,116255.0,0.006353500253630932,,unclassified
1570253,QV Investors Inc.,115900.0,0.006334099001297364,0.18789314413107672,medium
1722641,"Valeo Financial Advisors, LLC",115855.0,0.006331639687621278,0.14614505627678714,medium
1645890,Fiduciary Group LLC,115529.0,0.00631382332632341,0.16769819995889307,medium
1537191,Louisiana State Employees Retirement System,113000.0,0.006175609897727369,0.16089675743839146,medium
1537720,FineMark National Bank & Trust,112557.0,0.006151399320871677,0.062442098331515525,long
1761013,"Cresset Asset Management, LLC",112148.0,0.0061290468921268056,0.49258743543041916,short
1478735,"TWO SIGMA ADVISERS, LP",112000.0,0.006120958482703233,0.5050322858592098,short
1650290,Tredje AP-fonden,111763.0,0.006108006097342513,0.30806230999833645,short
1542143,"Modera Wealth Management, LLC",111624.0,0.006100409550654159,0.2994716547507107,short
40417,GENERAL AMERICAN INVESTORS CO INC,111478.0,0.006092430444060635,0.07894741349884138,long
1307617,"Ziegler Capital Management, LLC",111440.0,0.0060903536902897175,0.15381546348470318,medium
877134,WESBANCO BANK INC,111060.0,0.0060695861525805455,0.21999307301825158,medium
1666664,"RPG Investment Advisory, LLC",110570.0,0.006042806959218719,0.16678306506158969,medium
1542927,National Mutual Insurance Federation of Agricultural Cooperatives,110500.0,0.00603898136016703,0.07688544495078595,long
1846352,"Nixon Capital, LLC",110221.0,0.006023733615375296,0.2011465652429202,medium
1654599,"BEACON INVESTMENT ADVISORY SERVICES, INC.",109775.0,0.005999359084274531,0.08081875915876159,long
1730814,"Providence Capital Advisors, LLC",109377.0,0.005977607821094925,1.1010810225911476,short
1080628,COLONY GROUP LLC,109148.0,0.005965092647054398,0.1785081634375188,medium
1799877,Live Oak Private Wealth LLC,108958.0,0.005954708878199812,0.09016755939528856,long
1599863,Northeast Financial Consultants Inc,108780.0,0.005944980926325515,0.15885633011571007,medium
1758720,Walleye Capital LLC,107908.0,0.005897324892424469,1.0276395039684723,short
1775446,"Cornerstone Advisors, LLC",107700.0,0.005885957398099448,0.4258567609474995,short
1778131,BI Asset Management Fondsmaeglerselskab A/S,107285.0,0.0058632770608644325,0.39067295247745404,short
852933,COMMERZBANK AKTIENGESELLSCHAFT /FI,106888.0,0.00584158044909985,0.9959016712838947,short
815917,JONES FINANCIAL COMPANIES LLLP,106134.0,0.005800373282171652,0.06629767305338014,long
813933,ANCHOR CAPITAL ADVISORS LLC,106029.0,0.005794634883594117,0.13934505207726847,medium
893879,ARVEST TRUST CO N A,105461.0,0.005763592879860408,0.07047813039091996,long
1612865,"Stratos Wealth Partners, LTD.",105400.0,0.005760259143543936,0.18835362740943018,medium
1161822,GREENWOOD CAPITAL ASSOCIATES LLC,105142.0,0.005746159078467709,0.2760382210315008,medium
1013701,LAWSON KROEKER INVESTMENT MANAGEMENT INC/NE,104691.0,0.005721511290291823,0.2515049193118884,medium
1697850,ICICI Prudential Asset Management Co Ltd,104523.0,0.0057123298525677685,0.3143912786044518,short
1335851,"Private Wealth Partners, LLC",103679.0,0.005666204058287398,0.06052226691569773,long
935359,"Matthew Goff Investment Advisor, LLC",103225.0,0.00564139231586644,0.05553031352528773,long
1504169,TOKIO MARINE ASSET MANAGEMENT CO LTD,103085.0,0.005633741117763061,0.25047838396349115,medium
884423,SALEM INVESTMENT COUNSELORS INC,103021.0,0.005630243427201516,0.047609788775961476,long
1134008,TRUST CO OF VERMONT,102588.0,0.005606579364496066,0.051397827213031586,long
1130787,EAGLE GLOBAL ADVISORS LLC,102493.0,0.005601387480068772,0.12345489994392603,long
1802365,"Strategic Wealth Investment Group, LLC",102162.0,0.005583297861695783,0.3417491997352048,short
1928502,Eisler Capital (US) LLC,101850.0,0.005566246620208253,,unclassified
1631353,Dakota Wealth Management,101755.0,0.00556105473578096,0.34940392667520737,short
36644,FIRST NATIONAL BANK OF OMAHA,101578.0,0.005551381435321688,0.08707190483736878,long
1445891,Eagle Ridge Investment Management,101521.0,0.0055482663046653126,0.10064603381417751,long
1575239,"Perigon Wealth Management, LLC",101159.0,0.005528482492426575,0.9928688640301926,short
1055544,JACOBS & CO/CA,101012.0,0.005520448734418027,0.03844052982817002,long
1706248,"Parkside Investments, LLC",100747.0,0.005505966109436631,0.18579958070285263,medium
1008322,THOMPSON SIEGEL & WALMSLEY LLC,100712.0,0.005504053309910786,0.18717772858966722,medium
1632512,"Peak Asset Management, LLC",100350.0,0.005484269497672049,0.10188380702567078,long
1633862,Lincoln Capital LLC,100230.0,0.0054777113278691525,0.052122907141095846,long
1633516,"NewEdge Advisors, LLC",100103.0,0.005470770598161087,0.23493125268806267,medium
1315421,"Graham Capital Management, L.P.",100000.0,0.005465141502413601,1.0806213643303408,short
1735445,Rheos Capital Works Inc.,100000.0,0.005465141502413601,0.4623678093290627,short
1482935,"Van Cleef Asset Management,Inc",99808.0,0.0054546484307289676,0.09912777912369215,long
1056559,NORTH STAR ASSET MANAGEMENT INC,99747.0,0.005451314694412495,0.051799350071650985,long
1457320,"EXCHANGE TRADED CONCEPTS, LLC",99446.0,0.00543486461849023,0.9161686696668115,short
1766904,CARY STREET PARTNERS INVESTMENT ADVISORY LLC,99430.0,0.005433990195849844,0.15591812256682036,medium
1690010,"Parallel Advisors, LLC",99353.0,0.005429782036892985,0.19429791334178234,medium
757657,STEPHENS INC /AR/,99281.0,0.005425847135011247,0.15416167659581254,medium
1486066,"Simplicity Solutions, LLC",98873.0,0.0054035493576814,0.5564264367803817,short
872259,BAHL & GAYNOR INC,98854.0,0.005402510980795941,0.14767908885690553,medium
1395055,"Callahan Advisors, LLC",98818.0,0.005400543529855073,0.0711579052396015,long
1567993,Colonial Trust Advisors,98534.0,0.005385022527988218,0.06145031806268762,long
1278249,TOWER BRIDGE ADVISORS,98501.0,0.005383219031292422,0.139013586248742,medium
1079736,WASHINGTON TRUST Co,98228.0,0.0053682991949908325,0.06490085101121358,long
1277158,GRAND JEAN CAPITAL MANAGEMENT INC,97849.0,0.005347586308696685,0.1300242757720381,medium
931097,CCM INVESTMENT ADVISERS LLC,97746.0,0.005341957212949199,0.1422533783861068,medium
1535865,"Atria Investments, Inc",97614.0,0.005334743226166012,0.21648594714888722,medium
1568621,"Broad Run Investment Management, LLC",97365.0,0.005321135023825003,0.163135175462411,medium
1135439,TRUST CO OF VIRGINIA /VA,97329.0,0.005319167572884134,0.07953171598109539,long
1480751,"Nikko Asset Management Americas, Inc.",96617.0,0.005280255765386949,0.1518478758049725,medium
1936953,"Bleakley Financial Group, LLC",95714.0,0.005230905537620154,,unclassified
1425851,Pentwater Capital Management LP,95500.0,0.005219210134804989,0.7089991151375487,short
1103653,MASSMUTUAL TRUST CO FSB/ADV,95212.0,0.005203470527278038,0.08019260653703895,long
1802647,"Orion Portfolio Solutions, LLC",94956.0,0.005189479765031859,0.4710489003121135,short
9634,"BOKF, NA",94457.0,0.005162208708934815,0.14700224195714548,medium
1793755,Banque Cantonale Vaudoise,94090.0,0.005142151639620957,0.15978768614246117,medium
1890435,"Iyo Bank, Ltd.",93348.0,0.005101600289673049,0.19492996026009538,medium
1649451,"KESTRA PRIVATE WEALTH SERVICES, LLC",93011.0,0.0050831827628099145,0.2008524395165362,medium
1673385,Morningstar Investment Management LLC,92172.0,0.005037330225604665,0.5376899699181862,short
883803,"GRIFFIN ASSET MANAGEMENT, INC.",90973.0,0.004971803178990725,0.06062779410512906,long
1555829,Kiwi Wealth Investments Limited Partnership,90899.0,0.00496775897427894,0.3024196269598565,short
1005607,"OSBORNE PARTNERS CAPITAL MANAGEMENT, LLC",90594.0,0.004951090292696578,0.09123846272820652,long
1696438,Round Hill Asset Management,90480.0,0.004944860031383827,0.04151937011605164,long
1585828,"FOUNDERS CAPITAL MANAGEMENT, LLC",89823.0,0.004908954051712969,0.0368265046374231,long
842941,Haverford Trust Co,89798.0,0.004907587766337366,0.07267401788635842,long
750641,"BAILARD, INC.",89630.0,0.004898406328613311,0.22056622105407045,medium
1587192,"Blume Capital Management, Inc.",88989.0,0.0048633747715828395,0.20803362647139173,medium
1863523,"CSM Advisors, LLC",88934.0,0.0048603689437565125,0.1763633593116433,medium
919530,JOHN G ULLMAN & ASSOCIATES INC,88916.0,0.0048593852182860775,0.1171508494642438,long
862469,NEW MEXICO EDUCATIONAL RETIREMENT BOARD,88755.0,0.004850586340467192,0.08033605505012192,long
1786379,Stonehage Fleming Financial Services Holdings Ltd,88308.0,0.004826157157951403,0.32093085764008034,short
932540,"GROUP ONE TRADING, L.P.",88141.0,0.004817030371642372,0.8578299641170544,short
1388142,"Bedell Frazier Investment Counseling, LLC",87761.0,0.004796262833933201,0.2517307385597922,medium
1455258,Calamos Wealth Management LLC,87591.0,0.0047869720933790974,0.16870138567574736,medium
949012,BERKSHIRE ASSET MANAGEMENT LLC/PA,87121.0,0.004761285928317754,0.0666160953685867,long
1016683,CABOT WEALTH MANAGEMENT INC,87067.0,0.004758334751906451,0.14114313845285126,medium
1131181,AMUSSEN HUNSAKER ASSOCIATES LLC,87031.0,0.0047563673009655815,0.1578035439910956,medium
36066,"FIRST AMERICAN TRUST, FSB",86935.0,0.004751120765123264,0.14493933010625787,medium
1482970,"Stillwater Capital Advisors, LLC",86790.0,0.004743196309944764,0.11140166548126633,long
1986389,"LAZARI CAPITAL MANAGEMENT, INC.",86559.0,0.004730571833074189,,unclassified
1384042,Dorsey & Whitney Trust CO LLC,86410.0,0.004722428772235593,0.11663751406926556,long
1533964,Virtu Financial LLC,86213.0,0.004711662443475838,1.3731436513608166,short
1333986,"Equitable Holdings, Inc.",86191.0,0.004710460112345307,0.1287070302137416,medium
1455845,"LS Investment Advisors, LLC",85879.0,0.004693408870857777,0.11534311368424449,long
1541399,"Ramsay, Stattman, Vela & Price, Inc.",85501.0,0.004672750635978653,0.05699437360251013,long
1792283,Venture Visionary Partners LLC,85347.0,0.004664334318064936,0.14456713748776456,medium
1008877,WOODSTOCK CORP,85258.0,0.0046594703421277885,0.029490070017678206,long
1142495,WEDBUSH SECURITIES INC,85192.0,0.004655863348736195,0.2292641352385954,medium
1879371,JB Capital LLC,85055.0,0.0046483761048778886,0.29023390736714,medium
898419,PRUDENTIAL PLC,84856.0,0.004637500473288086,0.410559409068362,short
1679543,Phoenix Holdings Ltd.,84688.0,0.0046283190355640305,0.5697782583722601,short
1561790,Thomasville National Bank,84642.0,0.00462580507047292,0.08471686715737634,long
934745,WEATHERLY ASSET MANAGEMENT L. P.,84274.0,0.0046056933497440385,0.03015913171002743,long
1636948,Covea Finance,83671.0,0.004572738546484484,0.418280253108731,short
1109228,KCM INVESTMENT ADVISORS LLC,83447.0,0.004560496629519078,0.06460408734328384,long
1166620,"KLCM Advisors, Inc.",83198.0,0.004546888427178068,0.1568736561977498,medium
1691827,Glenview Trust Co,82866.0,0.0045287441573900545,0.07808477065049806,long
1423053,CITADEL ADVISORS LLC,82829.0,0.004526722055034162,0.8099265864378424,short
1211028,SHELL ASSET MANAGEMENT CO,82803.0,0.0045253011182435346,0.20044976215901478,medium
1694080,"Mutual Advisors, LLC",82759.0,0.0045228964559824725,0.23684621993719956,medium
885415,"FOLGER NOLAN FLEMING DOUGLAS CAPITAL MANAGEMENT, INC",82654.0,0.004517158057404938,0.028576626620149655,long
1313360,"SG Americas Securities, LLC",82372.0,0.004501746358368132,0.8521979239624815,short
1608531,Grassi Investment Management,82294.0,0.004497483547996249,0.025373524879682446,long
1957394,"Beaumont Financial Advisors, LLC",82003.0,0.004481579986224226,,unclassified
1096783,BAXTER BROS INC,81993.0,0.004481033472073984,0.047889825165586306,long
1007399,WILBANKS SMITH & THOMAS ASSET MANAGEMENT LLC,81588.0,0.004458899648989209,0.17500246414832177,medium
1123274,Bank Pictet & Cie (Europe) AG,81069.0,0.004430535564591683,0.16978416438710106,medium
1533421,Tower Research Capital LLC (TRC),80773.0,0.004414358745744538,0.8379282331046904,short
1238990,"PUNCH & ASSOCIATES INVESTMENT MANAGEMENT, INC.",80554.0,0.0044023900858542525,0.139652059581332,medium
1567163,Edge Wealth Management LLC,80456.0,0.004397034247181887,0.0900748406923819,long
1573876,"Advisory Services Network, LLC",80431.0,0.004395667961806284,0.19007135097839978,medium
1649647,EDMOND DE ROTHSCHILD HOLDING S.A.,80344.0,0.004390913288699184,0.21263958938280325,medium
908431,PACIFIC GLOBAL INVESTMENT MANAGEMENT CO,80110.0,0.004378124857583536,0.052161092629693595,long
1323414,Pacific Heights Asset Management LLC,80000.0,0.004372113201930881,0.030190945765874208,long
1832158,SEAVIEW INVESTMENT MANAGERS LLC,79927.0,0.004368123648634119,0.3458953851443548,short
1767306,"Vanguard Personalized Indexing Management, LLC",79874.0,0.00436522712363784,0.15826657564819954,medium
1300311,"Veritable, L.P.",79773.0,0.0043597073307204024,0.05548394277004394,long
728618,Metropolitan Life Insurance Co/NY,79632.0,0.004352001481201999,0.13995178701703262,medium
1262677,NOESIS CAPITAL MANGEMENT CORP,79586.0,0.004349487516110888,0.05056791320052841,long
1387130,"Marble Harbor Investment Counsel, LLC",79263.0,0.0043318351090580924,0.05433212238402041,long
1737109,Integrated Wealth Concepts LLC,78877.0,0.004310739662858777,0.3272057284696079,short
1766561,Geo Capital Gestora de Recursos Ltd,78640.0,0.004297787277498056,0.3529781138929581,short
900974,BRYN MAWR TRUST Co,78587.0,0.004294890752501777,0.06444358220886767,long
1730478,"Ironvine Capital Partners, LLC",78060.0,0.0042660894567840574,0.07556033181431923,long
1511985,West Coast Financial LLC,77447.0,0.004232588139374262,0.12462954290023041,long
1164478,KANAWHA CAPITAL MANAGEMENT LLC,77372.0,0.004228489283247452,0.027419894989221462,long
1566030,INVESTMENT HOUSE LLC,77273.0,0.004223078793160062,0.12004412201412323,long
18349,SYNOVUS FINANCIAL CORP,77270.0,0.00422291483891499,0.06182336057525403,long
1599584,Brookstone Capital Management,76842.0,0.004199524033284659,0.23907550092227361,medium
1470944,"LMCG INVESTMENTS, LLC",76786.0,0.004196463554043308,0.1146477954941478,long
1594916,"Metis Global Partners, LLC",76557.0,0.004183948380002781,0.31145715510270067,short
1464811,"B. Riley Wealth Advisors, Inc.",76290.0,0.004169356452191336,0.2689750032306291,medium
1002784,SHELTON CAPITAL MANAGEMENT,75574.0,0.004130226039034055,0.5251276165707602,short
1274196,BEDRIJFSTAKPENSIOENFONDS VOOR DE MEDIA PNO,75000.0,0.004098856126810201,0.0976806794123813,long
1711615,"TIAA, FSB",74928.0,0.0040949212249284635,0.06705715855615374,long
1449126,Sigma Planning Corp,74820.0,0.004089018872105856,0.17272325504472477,medium
1306333,MOTCO,74738.0,0.0040845374560738775,0.05639210998520767,long
1540826,EULAV Asset Management,74000.0,0.004044204711786065,0.12342441549112447,long
1839498,"DCM Advisors, LLC",73970.0,0.004042565169335341,0.24381453288796387,medium
1705399,"Stamos Capital Partners, L.P.",73840.0,0.0040354604853822034,0.5477455695428571,short
1771174,"Spouting Rock Asset Management, LLC",73079.0,0.003993870758548836,0.4572763003310898,short
1567634,"Buckingham Capital Management, Inc.",72870.0,0.003982448612808791,0.1039997595635211,long
920441,KELLY LAWRENCE W & ASSOCIATES INC/CA,72612.0,0.003968348547732564,0.06815076026891097,long
1088859,PARTHENON LLC,72157.0,0.003943482153896582,0.023067992241617936,long
1054677,ALBION FINANCIAL GROUP /UT,71956.0,0.003932497219476731,0.06978050691666977,long
1390063,"Westchester Capital Management, Inc.",71779.0,0.003922823919017459,0.015894368140384932,long
1641866,"IFP Advisors, Inc",71676.0,0.003917194823269973,0.4344412675659607,short
791490,"CARRET ASSET MANAGEMENT, LLC",71541.0,0.0039098168822417146,0.028051275540049166,long
1567889,"Telos Capital Management, Inc.",71503.0,0.003907740128470797,0.0826113989898397,long
44365,CENTRAL TRUST Co,71376.0,0.003900799398762732,0.09328828643936277,long
1048921,MITCHELL SINKLER & STARR/PA,71261.0,0.0038945144860349566,0.10654209785542858,long
1909316,JOURNEY STRATEGIC WEALTH LLC,70830.0,0.0038709597261595537,0.27522269591462667,medium
59558,LINCOLN NATIONAL CORP,70661.0,0.0038617236370204746,0.08248995945529851,long
1389059,"BLB&B Advisors, LLC",70511.0,0.0038535259247668542,0.08778057315969798,long
1699080,"Synergy Asset Management, LLC",70343.0,0.0038443444870427997,0.7182282642183072,short
1940461,"Advanced Portfolio Management, LLC",70000.0,0.003825599051689521,,unclassified
1055290,APPLETON PARTNERS INC/MA,69976.0,0.0038242874177289417,0.07552671450767055,long
1077583,BOWEN HANES & CO INC,69790.0,0.003814122254534452,0.11534663095405792,long
1315339,FIRST FINANCIAL BANK - TRUST DIVISION,69696.0,0.0038089850215221837,0.08882468457048338,long
1745981,WORLDQUANT MILLENNIUM ADVISORS LLC,69440.0,0.0037949942592760046,0.8195245456746425,short
1055963,Tufton Capital Management,69412.0,0.003793464019655329,0.07146793014864813,long
1461287,Narwhal Capital Management,69163.0,0.003779855817314319,0.08610625042349118,long
1769897,"GREAT VALLEY ADVISOR GROUP, INC.",69055.0,0.0037739534644917125,0.2407702599160435,medium
1088731,BOURGEON CAPITAL MANAGEMENT LLC,68915.0,0.0037663022663883333,0.1720138899619904,medium
1599747,Dynamic Advisor Solutions LLC,68912.0,0.003766138312143261,0.22873547993942078,medium
1725247,WoodTrust Financial Corp,68394.0,0.0037378288791607584,0.11276982262594795,long
1000490,GIRARD PARTNERS LTD.,67990.0,0.0037157497074910076,0.14994840470403736,medium
1080493,MARCO INVESTMENT MANAGEMENT LLC,67710.0,0.0037004473112842496,0.044690238959979894,long
1801868,Steel Peak Wealth Management LLC,67601.0,0.0036944903070466185,0.3935529262405048,short
22657,LOWE BROCKENBROUGH & CO INC,66824.0,0.003652026157572865,0.07602486610256452,long
1625292,Argent Trust Co,66489.0,0.003633717933539779,0.08179232165335323,long
1352864,"FORVIS Wealth Advisors, LLC",66051.0,0.003609780613759208,0.10963671121081904,long
1584686,Kentucky Retirement Systems Insurance Trust Fund,65596.0,0.0035849142199232257,0.026901787313358995,long
1454027,Verition Fund Management LLC,65318.0,0.003569721126546516,1.0605501845709475,short
1314620,"Hillman Capital Management, Inc.",65286.0,0.0035679722812657438,0.11906962620130289,long
1851362,Lorne Steinberg Wealth Management Inc.,65149.0,0.003560485037407437,0.1378979237661036,medium
1047339,BURNS J W & CO INC/NY,65084.0,0.0035569326954308683,0.028676140834562568,long
1907552,"Sonora Investment Management Group, LLC",64356.0,0.0035171464652932975,0.7603596589959221,short
1625986,"Gibraltar Capital Management, Inc.",64203.0,0.0035087847987946043,0.14652957353579973,medium
1607239,"Moors & Cabot, Inc.",64076.0,0.003501844069086539,0.08108238665440581,long
1519676,Stelac Advisory Services LLC,63994.0,0.00349736265305456,0.18379405501141138,medium
71210,NEVILLE RODIE & SHAW INC,63885.0,0.0034914056488169294,0.0491618941115857,long
1569855,Janney Capital Management LLC,63597.0,0.003475666041289978,0.23214420116940213,medium
1749744,"Global Retirement Partners, LLC",63497.0,0.0034702008997875644,0.197152118192523,medium
1057395,M&R CAPITAL MANAGEMENT INC,63383.0,0.0034639706384748128,0.057837136909149815,long
1723397,"Steward Partners Investment Advisory, LLC",63091.0,0.0034480124252877654,0.13403640721337107,medium
791191,ANDERSON HOAGLAND & CO,62790.0,0.0034315623493655005,0.13789038671944967,medium
1799425,WealthBridge Investment Counsel Inc.,62736.0,0.0034286111729541968,0.06575135405838597,long
1446114,"Ancora Advisors, LLC",62708.0,0.003427080933333521,0.20121822746263435,medium
1759803,"Graves Light Lenhart Wealth, Inc.",62476.0,0.0034144018050479216,0.13504313416030117,medium
1816616,"NZS Capital, LLC",62259.0,0.003402542447987684,0.27417808670429417,medium
801166,Power Corp of Canada,62252.0,0.003402159888082515,0.42265888813326535,short
1679688,"DigitalBridge Group, Inc.",62074.0,0.003392431936208219,0.3922404240278596,short
1132556,WADE G W & INC,61793.0,0.0033770748885864365,0.1237099327082703,long
1006435,PIONEER TRUST BANK N A/OR,61755.0,0.0033749981348155196,0.05656774862613245,long
1009209,"Sand Hill Global Advisors, LLC",61500.0,0.003361062023984365,0.13658261821503542,medium
1769288,Atwater Malick LLC,60688.0,0.0033166850749847664,0.052265154012084925,long
1719165,Capital Markets Trading UK LLP,60183.0,0.003289086110397578,1.3562941060911033,short
1840565,"BAKER TILLY WEALTH MANAGEMENT, LLC",60052.0,0.0032819267750294158,0.16326777839524134,medium
1740316,Gifford Fong Associates,60039.0,0.0032812163066341022,0.07448458486913541,long
1454424,Archon Partners LLC,60000.0,0.0032790849014481607,0.11499299712558349,long
1482689,"Evercore Wealth Management, LLC",59675.0,0.0032613231915653166,0.039441647773494556,long
1603465,"Cubist Systematic Strategies, LLC",59503.0,0.003251923148181165,0.9057744050211589,short
1966180,"Talbot Financial, LLC",59400.0,0.003246294052433679,,unclassified
726854,CITY HOLDING CO,59089.0,0.0032292974623611727,0.05840647975612827,long
1417889,"Vision Capital Management, Inc.",58984.0,0.0032235590637836385,0.07422312606084287,long
1727573,McCollum Christoferson Group LLC,58851.0,0.0032162904255854286,0.09501367478698658,long
842775,"Clearstead Advisors, LLC",58136.0,0.0031772146638431712,0.1499187564526065,medium
1697847,"Marietta Wealth Management, LLC",58005.0,0.0031700553284750095,0.23781820109962606,medium
1680843,"Worm Capital, LLC",57731.0,0.0031550808407583963,0.4071383927815434,short
1567752,"BLOOM TREE PARTNERS, LLC",57691.0,0.0031528947841574307,0.7199639729969177,short
1401561,"GHP Investment Advisors, Inc.",57664.0,0.003151419195951779,0.0733198873058071,long
1629649,"NORTHWESTERN MUTUAL INVESTMENT MANAGEMENT COMPANY, LLC",57639.0,0.0031500529105761756,0.18764299168754117,medium
1142062,"VAN DEN BERG MANAGEMENT I, INC",57351.0,0.0031343133030492243,0.1847104461346467,medium
1572838,"Empirical Finance, LLC",57330.0,0.003133165623333718,0.14191409044571215,medium
1664193,"Aptus Capital Advisors, LLC",57273.0,0.0031300504926773417,0.2841352400482404,medium
1121330,LOGAN CAPITAL MANAGEMENT INC,57152.0,0.0031234376714594212,0.08360390556138898,long
1954015,"ADVISOR PARTNERS II, LLC",56863.0,0.003107643412517446,,unclassified
1696899,Independent Advisor Alliance,56842.0,0.0031064957328019393,0.17429203924948364,medium
1317733,"Exchange Capital Management, Inc.",56636.0,0.0030952375413069674,0.05782937252761621,long
1686444,"LYELL WEALTH MANAGEMENT, LP",56609.0,0.0030937619531013157,0.08749733042900618,long
1491685,Meiji Yasuda Asset Management Co Ltd.,56376.0,0.003081028173400692,0.15182053629753567,medium
1021223,KAYNE ANDERSON RUDNICK INVESTMENT MANAGEMENT LLC,56370.0,0.003080700264910547,0.08732321801103002,long
1801857,MADISON WEALTH MANAGEMENT,56368.0,0.003080590962080499,0.10056380336546997,long
1518320,"Financial Advantage, Inc.",56343.0,0.0030792246767048954,0.04839928373399701,long
1438848,GAM Holding AG,56330.0,0.0030785142083095815,0.2907453664798058,medium
105495,WELCH & FORBES LLC,56290.0,0.0030763281517086163,0.025909850520313808,long
1861678,"Bradley & Co. Private Wealth Management, LLC",56146.0,0.0030684583479451406,0.1379298309402877,medium
1594417,"Beta Wealth Group, Inc.",56131.0,0.0030676385767197784,0.34460756155183925,short
1633697,Sowell Financial Services LLC,56103.0,0.0030661083370991027,0.639235561494401,short
1166716,STRATEGY ASSET MANAGERS LLC,56002.0,0.003060588544181665,0.2060849856765224,medium
356264,1ST SOURCE BANK,55917.0,0.0030559431739046136,0.03831921039519881,long
1912970,Brown Shipley& Co Ltd,55646.0,0.0030411326404330727,,unclassified
1607866,"FAGAN ASSOCIATES, INC.",55630.0,0.0030402582177926863,0.08090094764742953,long
1550057,"Goelzer Investment Management, Inc.",55554.0,0.003036104710250852,0.1127518918287294,long
1666470,Baker Chad R,55490.0,0.0030326070196893076,0.02857020922710702,long
1167026,PRINCETON CAPITAL MANAGEMENT LLC,55418.0,0.0030286721178075697,0.11027185762727305,long
1286534,WINSLOW ASSET MANAGEMENT INC,55294.0,0.003021895342344577,0.05713597336361353,long
1533504,"Sompo Asset Management Co., Ltd.",54950.0,0.003003095255576274,0.18442523308890232,medium
1128213,"PETTYJOHN, WOOD & WHITE, INC",54859.0,0.0029981219768090775,0.0492153033044848,long
14661,BROWN BROTHERS HARRIMAN & CO,54707.0,0.002989814961725409,0.1089314207521117,long
866780,TOTH FINANCIAL ADVISORY CORP,54618.0,0.0029849509857882606,0.10192666632499561,long
1313792,"Edgemoor Investment Advisors, Inc.",54495.0,0.002978228861740292,0.060141313736399776,long
1773205,"KMG FIDUCIARY PARTNERS, LLC",54372.0,0.0029715067376923235,0.17732796575016951,medium
1559077,"HOYLECOHEN, LLC",54344.0,0.0029699764980716473,0.06453576835430044,long
1080166,AR ASSET MANAGEMENT INC,54290.0,0.002967025321660344,0.04248860455881207,long
1080173,VAN STRUM & TOWNE INC.,54200.0,0.002962106694308172,0.02914634698170416,long
1569518,"Kinneret Advisory, LLC",54170.0,0.0029604671518574477,0.38829312979857966,short
719245,WESTPAC BANKING CORP,54168.0,0.0029603578490273994,0.5185442659863759,short
1642570,River Wealth Advisors LLC,54166.0,0.002960248546197351,0.08615597308434376,long
1015247,COURIER CAPITAL LLC,54124.0,0.0029579531867663378,0.11991444149970089,long
1729359,"Townsend & Associates, Inc",54099.0,0.0029565869013907344,0.5435600123967494,short
1471265,"Northwest Bancshares, Inc.",53735.0,0.0029366937863219487,0.10899695827364539,long
1056825,EVERENCE CAPITAL MANAGEMENT INC,52802.0,0.0028857040161044296,0.10946431847102608,long
898399,KEMPNER CAPITAL MANAGEMENT INC.,52729.0,0.0028817144628076677,0.20591896550883113,medium
1388409,NOVARE CAPITAL MANAGEMENT LLC,52585.0,0.0028738446590441924,0.09419934909200764,long
1127544,"KARPAS STRATEGIES, LLC",52436.0,0.002865701598205596,0.08005343537627102,long
1308377,"Lafayette Investments, Inc.",52352.0,0.0028611108793435685,0.03250364478345951,long
1299910,"Skylands Capital, LLC",52350.0,0.0028610015765135203,0.14791033471896559,medium
1939208,"INVICTUS PRIVATE WEALTH, LLC",52043.0,0.0028442235921011107,,unclassified
1054074,BESSEMER GROUP INC,52027.0,0.0028433491694607243,0.18427573795173505,medium
1611848,"BTC Capital Management, Inc.",51966.0,0.0028400154331442522,0.10417639511800822,long
1741024,"DUALITY ADVISERS, LP",51603.0,0.0028201769694904907,1.3039942769892383,short
1600064,"Toroso Investments, LLC",51526.0,0.0028159688105336323,0.5435857185848274,short
1491719,Lombard Odier Asset Management (USA) Corp,51510.0,0.002815094387893246,0.9906266924341877,short
201772,ESSEX INVESTMENT MANAGEMENT CO LLC,51460.0,0.002812361817142039,0.2866944860628385,medium
1539919,Waratah Capital Advisors Ltd.,51447.0,0.0028116513487467256,0.603014893006403,short
1841769,"Legal Advantage Investments, Inc.",51428.0,0.002810612971861267,0.09648729693039582,long
1585047,Columbia Asset Management,51207.0,0.002798535009140933,0.08802422856361644,long
1872738,CenterBook Partners LP,51088.0,0.0027920314907530605,0.7416055657182298,short
45319,MEYER HANDELMAN CO,50856.0,0.002779352362467461,0.03213967924187873,long
1582732,"Capital Investment Advisors, LLC",50741.0,0.0027730674497396853,0.11773621899191561,long
1167557,AQR CAPITAL MANAGEMENT LLC,50664.0,0.002768859290782827,0.26079640488481615,medium
898413,NBT BANK N A /NY,50649.0,0.002768039519557465,0.04725218267004725,long
924181,"LEAVELL INVESTMENT MANAGEMENT, INC.",50625.0,0.002766727885596886,0.07423573206463747,long
1215208,SOMERVILLE KURT F,50536.0,0.0027618639096597375,0.06440405324853611,long
1697765,Achmea Investment Management B.V.,50518.0,0.002760880184189303,0.23768426120240438,medium
1633445,Trexquant Investment LP,50488.0,0.002759240641738579,1.1824942109469905,short
1697360,"Perennial Advisors, LLC",50412.0,0.0027550871341967447,0.09545652257118555,long
1053054,LVM CAPITAL MANAGEMENT LTD/MI,50192.0,0.0027430638228914347,0.07226665500952503,long
701516,"MEANS INVESTMENT CO., INC.",50063.0,0.0027360137903533212,0.07108684083770887,long
1512020,Kepos Capital LP,50000.0,0.0027325707512068005,,unclassified
1862282,Pallas Capital Advisors LLC,49904.0,0.0027273242153644838,0.4696051379871137,short
1483503,TB Alternative Assets Ltd.,49700.0,0.0027161753266995597,0.44222307669678385,short
883782,"Fulton Bank, N.A.",49507.0,0.0027056276035999018,0.08727411262340916,long
1763921,Wealthfront Advisers LLC,49494.0,0.002704917135204588,0.11437014370240756,long
1008895,SCHMIDT P J INVESTMENT MANAGEMENT INC,49195.0,0.002688576362112371,0.19240733768155122,medium
1911407,"EAGLE ROCK INVESTMENT COMPANY, LLC",48645.0,0.0026585180838490964,0.12193228569439113,long
1849486,Eisler Capital (UK) Ltd.,48414.0,0.002645893606978521,1.0668591384097037,short
1592828,"Empowered Funds, LLC",48413.0,0.002645838955563497,0.8424883058155896,short
1592900,EA Series Trust,48413.0,0.002645838955563497,,unclassified
1858740,Spire Wealth Management,48391.0,0.002644636624432966,0.3107226838806385,short
1718570,Close Asset Management Ltd,48358.0,0.002642833127737169,0.20466575373912485,medium
1456048,"SIGNATUREFD, LLC",48193.0,0.002633815644258187,0.12150149257289716,long
1277303,First National Trust Co,48141.0,0.002630973770676932,0.13018201894939135,medium
354497,PFS INVESTMENTS INC.,47999.0,0.0026232132697435045,0.26894123208341675,medium
1861163,"Koss-Olinger Consulting, LLC",47997.0,0.0026231039669134563,0.35158771580211634,short
1423442,"O'SHAUGHNESSY ASSET MANAGEMENT, LLC",47984.0,0.0026223934985181423,0.2583679754525628,medium
1008937,TRUST CO OF TOLEDO NA /OH/,47954.0,0.0026207539560674183,0.09661068647673882,long
1816444,Sara-Bay Financial,47950.0,0.002620535350407322,0.3481084082308927,short
1424322,"Cubic Asset Management, LLC",47799.0,0.0026122829867386774,0.05531863912863759,long
1121908,INDEPENDENT INVESTORS INC,47732.0,0.00260862134193206,0.02082053345640951,long
1330463,"Ironwood Investment Counsel, LLC",47681.0,0.002605834119765829,0.13557220512579105,medium
1739728,"CreativeOne Wealth, LLC",47538.0,0.0025980189674173777,0.3660732791115241,short
1272164,AMERICAN NATIONAL BANK,47433.0,0.0025922805688398435,0.1162930203428702,long
1725362,"Bell & Brown Wealth Advisors, LLC",47161.0,0.0025774153839532785,0.0848883245430606,long
1731359,Seneca House Advisors,47053.0,0.002571513031130672,0.20035054546986156,medium
1806425,Citizens National Bank Trust Department,46759.0,0.002555445515113576,0.04217850926158726,long
1418421,"Capital Investment Counsel, Inc",46723.0,0.0025534780641727067,0.12826129506203948,medium
1767945,OSTRUM ASSET MANAGEMENT,46535.0,0.0025432035981481694,,unclassified
1029160,SOROS FUND MANAGEMENT LLC,46400.0,0.002535825657119911,0.5556627587547358,short
1631864,"Pinnacle Wealth Management Advisory Group, LLC",46309.0,0.0025308523783527147,0.13543421033207495,medium
1443095,"Welch Group, LLC",46288.0,0.002529704698637208,0.047562756955689595,long
860486,"HIGHLAND CAPITAL MANAGEMENT, LLC",46253.0,0.002527791899111363,0.13225565455104327,medium
1356202,"Beech Hill Advisors, Inc.",46135.0,0.002521343032138515,0.10363790465835204,long
1482880,"Savant Capital, LLC",46068.0,0.002517681387331898,0.20256089698008534,medium
1135077,HYMAN CHARLES D,46010.0,0.002514511605260498,0.0189912667483297,long
1542266,"Granite Investment Partners, LLC",45948.0,0.0025111232175290014,0.3220027553628821,short
1911253,"HB Wealth Management, LLC",45932.0,0.0025102487948886155,0.07799143822780381,long
1513189,First Western Trust Bank,45919.0,0.0025095383264933015,0.04930695193302775,long
1388391,Walleye Trading LLC,45769.0,0.002501340614239681,0.9297384556900297,short
1469219,"YHB Investment Advisors, Inc.",45628.0,0.002493634764721278,0.06959440785266281,long
1856637,Siemens Fonds Invest GmbH,45606.0,0.0024924324335907472,0.11099031207196583,long
826794,CAMPBELL CAPITAL MANAGEMENT INC,45595.0,0.0024918312680254815,0.2715341312183176,medium
1335382,BANK OF NOVA SCOTIA TRUST CO,45553.0,0.0024895359085944676,0.08031104157861332,long
1354821,"LEVIN CAPITAL STRATEGIES, L.P.",45467.0,0.002484835886902392,0.24285221677938523,medium
1613331,Fragasso Group Inc.,45305.0,0.002475982357668482,0.1661763694843083,medium
1805754,swisspartners Advisors Ltd,45278.0,0.0024745067694628303,0.07912603316384328,long
1541910,Illinois Municipal Retirement Fund,45186.0,0.00246947883928061,0.19680636832062642,medium
1760145,"Costello Asset Management, INC",44913.0,0.002454559002979021,0.17127776961057734,medium
908195,SHUFRO ROSE & CO LLC,44892.0,0.002453411323263514,0.22918429021573122,medium
1071640,PARK AVENUE SECURITIES LLC,44835.0,0.002450296192607138,0.22831384712968722,medium
96223,Jefferies Financial Group Inc.,44796.0,0.002448164787421197,0.9859997343036666,short
1963352,"Kennon-Green & Company, LLC",44773.0,0.0024469078048756417,,unclassified
1426754,"Wallington Asset Management, LLC",44748.0,0.0024455415195000383,0.10746709603254909,long
1862664,"NFJ INVESTMENT GROUP, LLC",44708.0,0.0024433554628990727,0.508226153416677,short
1751006,"Chapman Investment Management, LLC",44485.0,0.0024311681973486904,0.19910981157328744,medium
1535845,HEALTHCARE OF ONTARIO PENSION PLAN TRUST FUND,44000.0,0.0024046622610619846,0.6424623608956261,short
1624758,"Capital Analysts, LLC",43976.0,0.0024033506271014054,0.19583426240199492,medium
1598011,Moreno Evelyn V,43963.0,0.0024026401587060914,0.3582640404074229,short
1697490,"IHT Wealth Management, LLC",43903.0,0.0023993610738046434,0.268773239124873,medium
1085867,BRAVE ASSET MANAGEMENT INC,43774.0,0.00239231104126653,0.2521338167230619,medium
1533954,"Institute for Wealth Management, LLC.",43741.0,0.002390507544570733,0.09394084197065772,long
1445065,"BENJAMIN F. EDWARDS & COMPANY, INC.",43472.0,0.002375806313929241,0.27353743941134084,medium
1954805,Fiduciary Alliance LLC,43348.0,0.002369029538466248,,unclassified
1626116,SVB WEALTH LLC,43245.0,0.0023634004427187617,0.22503165704690453,medium
1792565,"Pavion Blue Capital, LLC",43170.0,0.0023593015865919515,0.028360122281101217,long
1470876,"Freestone Capital Holdings, LLC",43128.0,0.002357006227160938,0.2391416867310327,medium
1021249,UNITED SERVICES AUTOMOBILE ASSOCIATION,43066.0,0.0023536178394294414,0.26965735498187227,medium
1801720,Key Financial Inc,43036.0,0.0023519782969787175,0.12429889958686693,long
1512814,Motley Fool Asset Management LLC,43019.0,0.002351049222923307,0.16966566176412784,medium
1536925,Vestcor Inc,42961.0,0.0023478794408519073,0.22931975474717453,medium
1610769,"CAPROCK Group, Inc.",42923.0,0.00234580268708099,0.15739322552027438,medium
1975417,Pine Valley Investments Ltd Liability Co,42867.0,0.0023427422078396384,,unclassified
1670903,Bridge Creek Capital Management LLC,42752.0,0.002336457295111863,0.04218905086725372,long
1956824,"DAYMARK WEALTH PARTNERS, LLC",42693.0,0.0023332328616254387,,unclassified
1674486,Simmons Bank,42590.0,0.0023276037658779528,0.06672590507260578,long
1633389,"Koshinski Asset Management, Inc.",42300.0,0.002311754855520953,0.24133853180020431,medium
1736736,"Rice Partnership, LLC",42219.0,0.0023073280909039983,0.14107546873956847,medium
709089,TOWNSEND ASSET MANAGEMENT CORP /NC/ /ADV,42185.0,0.002305469942793178,0.11534138843625448,long
1352526,Hartford Financial Management Inc.,42164.0,0.002304322263077671,0.067602302373156,long
1463559,Alberta Investment Management Corp,42000.0,0.0022953594310137124,0.2889300020484406,medium
1541625,Prospera Financial Services Inc,41985.0,0.0022945396597883506,0.30923277636162916,short
1696715,"LEVEL FOUR ADVISORY SERVICES, LLC",41701.0,0.0022790186579214958,0.2357583994105508,medium
1399794,Choate Investment Advisors,41545.0,0.0022704930371777307,0.29163780610313894,medium
1850858,"Bard Financial Services, Inc.",41495.0,0.002267760466426524,0.05370299324256565,long
1542421,"BUCKINGHAM STRATEGIC WEALTH, LLC",41461.0,0.0022659023183157034,0.07182324000849276,long
1389848,Arlington Partners LLC,41449.0,0.0022652465013354136,0.3348592564286154,short
1041885,INGALLS & SNYDER LLC,41407.0,0.0022629511419043997,0.05482053080813008,long
1344551,"ASSETMARK, INC",41156.0,0.0022492336367333416,0.26545288175984305,medium
1123320,Family Capital Trust Co,41114.0,0.002246938277302328,0.02955572757128306,long
937522,SCHWERIN BOYLE CAPITAL MANAGEMENT INC,40900.0,0.002235242874487163,0.09993624243154603,long
1790525,HBW Advisory Services LLC,40842.0,0.002232073092415763,0.28468591576136015,medium
809339,"L. Roy Papp & Associates, LLP",40833.0,0.0022315812296805457,0.033168794782741914,long
1793432,"EVOKE WEALTH, LLC",40721.0,0.0022254602711978427,0.18724058784877,medium
1517429,"Reliant Investment Management, LLC",40705.0,0.0022245858485574563,0.21466904828084202,medium
1380137,HUNTER ASSOCIATES INVESTMENT MANAGEMENT LLC,40690.0,0.0022237660773320946,0.10267478482261094,long
1569119,Strategic Advisors LLC,40681.0,0.002223274214596877,0.08297995787285628,long
1133999,BUCKHEAD CAPITAL MANAGEMENT LLC,40659.0,0.002222071883466346,0.06895957119287821,long
1035463,BAR HARBOR WEALTH MANAGEMENT,40612.0,0.0022195032669602116,0.06267684273367848,long
749044,RESOURCES MANAGEMENT CORP /CT/ /ADV,40468.0,0.0022116334631967364,0.8027560575531333,short
51762,RNC CAPITAL MANAGEMENT LLC,40384.0,0.0022070427443347087,0.12388520034391705,long
1541897,"Kistler-Tiffany Companies, LLC",40357.0,0.002205567156129057,0.11254908741888613,long
1276144,Clough Capital Partners L P,40300.0,0.0022024520254726814,0.6752093422416602,short
764038,SouthState Corp,40283.0,0.002201522951417271,0.06229538287743897,long
1720969,"Legacy Advisors, LLC",40219.0,0.0021980252608557265,0.1918254582822288,medium
717538,Arrow Financial Corp,40173.0,0.002195511295764616,0.07617847987033752,long
1664324,Mandatum Life Insurance Co Ltd,40008.0,0.0021864938122856336,0.22591120747594565,medium
1767686,"Yarbrough Capital, LLC",40000.0,0.0021860566009654406,0.16366848561050612,medium
1737987,"Wells Trecaso Financial Group, LLC",39954.0,0.0021835426358743303,0.03811282074746383,long
1569036,Covington Investment Advisors Inc.,39953.0,0.002183487984459306,0.07097727370736243,long
1594320,Coronation Fund Managers Ltd.,39807.0,0.0021755088778657823,0.4694800236980302,short
1844393,"Financial Avengers, Inc.",39692.0,0.0021692239651380065,0.03877524437876194,long
1259261,BOSTON RESEARCH & MANAGEMENT INC,39530.0,0.0021603704359040967,0.04465188527204309,long
1555170,Allworth Financial LP,39510.0,0.002159277407603614,0.20594118665781644,medium
1751412,"Sepio Capital, LP",39498.0,0.0021586215906233244,0.3199052455878961,short
1687156,Harbor Advisors LLC,39496.0,0.0021585122877932758,0.016896701130814238,long
102212,UNIVEST FINANCIAL Corp,39309.0,0.0021482924731837626,0.20348149723782138,medium
928052,HM PAYSON & CO,39308.0,0.0021482378217687385,0.08890343805775791,long
1590491,"TELEMUS CAPITAL, LLC",39271.0,0.002146215719412845,0.10460638842713506,long
914933,CONNABLE OFFICE INC,39135.0,0.002138783126969563,0.2019318787758439,medium
1020918,ROTHSCHILD INVESTMENT CORP /IL,39033.0,0.002133208682637101,0.0816239826041664,long
1386935,"Keel Point, LLC",38947.0,0.002128508660945025,0.20115670628435875,medium
1599868,"Nelson, Van Denburg & Campbell Wealth Management Group, LLC",38838.0,0.0021225516567073945,0.17841158899709889,medium
1026200,PRIVATE ASSET MANAGEMENT INC,38789.0,0.002119873737371212,0.08565196177808782,long
1483259,NJ State Employees Deferred Compensation Plan,38700.0,0.0021150097614340635,0.033197921587779386,long
1649186,Prostatis Group LLC,38695.0,0.002114736504358943,1.3386316131636886,short
1727454,"Quadrant Private Wealth Management, LLC",38688.0,0.002114353944453774,,unclassified
1759654,Quantinno Capital Management LP,38667.0,0.002113206264738267,0.367638642364467,short
905790,GLUSKIN SHEFF & ASSOC INC,38654.0,0.0021124957963429536,0.20486222783238017,medium
1694283,"Robinson Value Management, Ltd.",38579.0,0.0021083969402161435,0.2579129848404083,medium
1597694,MUFG Securities EMEA plc,38132.0,0.0020839677577003547,0.5996811861143434,short
919497,MIDDLETON & CO INC/MA,38034.0,0.0020786119190279893,0.12530511898195645,long
1741224,"Aigen Investment Management, LP",37909.0,0.0020717804921499723,1.4075022044222743,short
1730815,"Poehling Capital Management, INC.",37907.0,0.0020716711893199236,0.1859808230922262,medium
712534,FIRST MERCHANTS CORP,37810.0,0.002066370002062583,0.08969669907494429,long
1039807,BOSTON FAMILY OFFICE LLC,37780.0,0.0020647304596118584,0.05414110938352684,long
1108831,STONERIDGE INVESTMENT PARTNERS LLC,37612.0,0.002055549021887804,0.41182816795791466,short
1731444,MGO ONE SEVEN LLC,37447.0,0.0020465315384088213,0.4546746226041053,short
1549042,"Diligent Investors, LLC",37344.0,0.0020409024426613354,0.04930954338227411,long
764106,FIRST HAWAIIAN BANK,37329.0,0.002040082671435973,0.07499644323609651,long
1756695,"Asset Advisors Investment Management, LLC",37174.0,0.002031611702107232,0.032954621776687266,long
1332342,Texas Yale Capital Corp.,36898.0,0.0020165279115605707,0.038677435624066725,long
1058231,LINCLUDEN MANAGEMENT LTD,36723.0,0.002006963913931347,0.14404727818420784,medium
1831263,"JEPPSON WEALTH MANAGEMENT, LLC",36700.0,0.0020057069313857917,0.12615203435696287,long
1510387,"Gotham Asset Management, LLC",36659.0,0.002003466223369802,0.38806059083467354,short
1326234,Allen Investment Management LLC,36634.0,0.0020020999379941986,0.14836787455043937,medium
1476804,Roundview Capital LLC,36587.0,0.001999531321488064,0.10753116190890799,long
1964958,"INSIGNEO ADVISORY SERVICES, LLC",36533.0,0.001996580145076761,,unclassified
1054425,DILLON & ASSOCIATES INC,36517.0,0.001995705722436375,0.04543766607196768,long
1603937,SCHNIEDERS CAPITAL MANAGEMENT LLC,36476.0,0.0019934650144203853,0.12201275949557873,long
1032814,CHECK CAPITAL MANAGEMENT INC/CA,36469.0,0.0019930824545152164,0.11701867741703606,long
1797678,"Americana Partners, LLC",36373.0,0.0019878359186728993,0.24867555280315395,medium
1599900,"Sequoia Financial Advisors, LLC",36320.0,0.00198493939367662,0.22045384970603915,medium
1737090,FARMERS & MERCHANTS TRUST Co OF LONG BEACH,36254.0,0.001981332400285027,0.05696878362348503,long
1161670,CULLINAN ASSOCIATES INC,36251.0,0.0019811684460399547,0.16413244887063758,medium
1913043,"Nilsine Partners, LLC",36183.0,0.0019774521498183133,,unclassified
1144492,Meiji Yasuda Life Insurance Co,36132.0,0.0019746649276520824,0.23069610632356766,medium
891943,"CENTAURUS FINANCIAL, INC.",36075.0,0.001971549796995707,0.29215032878002484,medium
1122241,AMI INVESTMENT MANAGEMENT INC,35926.0,0.0019634067361571105,0.11085647519735173,long
1580830,"Alpha Cubed Investments, LLC",35892.0,0.0019615485880462896,0.19712092656180247,medium
1362535,"Cullen Capital Management, LLC",35824.0,0.0019578322918246487,0.2547372450783644,medium
1511550,"Asset Management Group, Inc.",35814.0,0.001957285777674407,0.02171163019001751,long
1764387,"Apollon Wealth Management, LLC",35762.0,0.001954443904093152,0.23539423569385456,medium
883948,Atlantic Union Bankshares Corp,35759.0,0.0019542799498480797,0.1448242595856792,medium
1818604,"INTERNATIONAL ASSETS INVESTMENT MANAGEMENT, LLC",35683.0,0.0019501264423062454,1.0965947964853902,short
1125727,FIRST INTERSTATE BANK,35621.0,0.001946738054574749,0.17399231434921225,medium
1389709,"WHALEROCK POINT PARTNERS, LLC",35572.0,0.0019440601352385663,0.03545167049248343,long
1733082,Rossmore Private Capital,35570.0,0.001943950832408518,0.045932299842050404,long
1783599,"Red Door Wealth Management, LLC",35460.0,0.001937939176755863,0.14938116503049773,medium
1800798,Arkadios Wealth Advisors,35439.0,0.0019367914970403561,0.1683893084542314,medium
1715740,"Bogart Wealth, LLC",35314.0,0.0019299600701623391,0.17642144020405276,medium
1089710,ROANOKE ASSET MANAGEMENT CORP/ NY,35288.0,0.0019285391333717116,0.027858026686955483,long
1671716,"Bristlecone Advisors, LLC",35098.0,0.0019181553645171258,0.0794815925788942,long
1390113,Taconic Capital Advisors LP,35000.0,0.0019127995258447605,0.566230418916105,short
1092903,MOODY NATIONAL BANK TRUST DIVISION,34970.0,0.0019111599833940363,0.06579822690475023,long
1108965,LYNCH & ASSOCIATES/IN,34931.0,0.001909028578208095,0.03919786777963219,long
1224324,GUARDIAN CAPITAL LP,34896.0,0.0019071157786822502,0.13215410994519958,medium
1539994,AEGON ASSET MANAGEMENT UK Plc,34844.0,0.0019042739051009952,0.10862530624982966,long
1388382,HALL LAURIE J TRUSTEE,34820.0,0.001902962271140416,0.04954737714954048,long
1695582,"RB Capital Management, LLC",34733.0,0.001898207598033316,0.05732977694341132,long
1305841,"Epoch Investment Partners, Inc.",34571.0,0.001889354068799406,0.18141134140900067,medium
1218254,BOYAR ASSET MANAGEMENT INC.,34522.0,0.0018866761494632234,0.07041563923952457,long
831571,ST GERMAIN D J CO INC,34455.0,0.0018830145046566063,,unclassified
1074266,CANANDAIGUA NATIONAL BANK & TRUST CO,34260.0,0.0018723574787268998,,unclassified
1513038,Perkins Coie Trust Co,34255.0,0.0018720842216517792,0.06331051415353042,long
1162170,GREENLEAF TRUST,34199.0,0.0018690237424104274,0.042162886363189434,long
1956031,Thematics Asset Management,34195.0,0.001868805136750331,,unclassified
1318259,White Pine Investment CO,34171.0,0.0018674935027897517,0.08542511989550625,long
1633910,"Hedeker Wealth, LLC",34169.0,0.0018673841999597035,0.36592153632551877,short
1697300,"Meridian Wealth Management, LLC",34055.0,0.001861153938646952,0.1618008389575829,medium
1808915,"U.S. Capital Wealth Advisors, LLC",34014.0,0.0018589132306309623,0.1639816806997259,medium
1475896,"Asset Dedication, LLC",33901.0,0.001852737620733235,0.17407822350605012,medium
764112,KIRR MARBACH & CO LLC /IN/,33709.0,0.001842244549048601,0.11892800659810046,long
894300,BENDER ROBERT & ASSOCIATES,33653.0,0.0018391840698072492,0.0344647260587376,long
1743404,"Foundations Investment Advisors, LLC",33445.0,0.001827816575482229,0.3712517912699869,short
1600145,"Van Hulzen Asset Management, LLC",33306.0,0.001820220028793874,0.34280790999688937,short
941560,GARDNER LEWIS ASSET MANAGEMENT L P,33298.0,0.001819782817473681,0.6303219056023968,short
1964962,"Mill Creek Capital Advisors, LLC",33298.0,0.001819782817473681,,unclassified
1404763,"J.W. COLE ADVISORS, INC.",33212.0,0.0018150827957816053,0.14811087015661278,medium
1910961,William Allan Corp,33209.0,0.001814918841536533,0.06131342848753028,long
1729854,MainStreet Investment Advisors LLC,33197.0,0.0018142630245562433,0.12320313052412833,long
1905128,American Trust,33181.0,0.001813388601915857,0.3432540680465347,short
1616664,Raab & Moskowitz Asset Management LLC,33146.0,0.0018114758023900124,0.05885310859267839,long
1698484,Varma Mutual Pension Insurance Co,33108.0,0.001809399048619095,0.5870720883069244,short
1365559,Baker Ellis Asset Management LLC,33008.0,0.0018039339071166814,0.09999921172916584,long
1053914,PUZO MICHAEL J,32848.0,0.0017951896807128199,0.04385828448130386,long
752365,WALTER & KEENAN WEALTH MANAGEMENT LLC /IN/ /ADV,32774.0,0.0017911454760010338,0.06876592601928826,long
1683059,Wealthcare Advisory Partners LLC,32694.0,0.0017867733627991028,0.2235994191444061,medium
1659047,Krilogy Financial LLC,32645.0,0.0017840954434629201,0.2780466792703091,medium
1885319,"Roberts Wealth Advisors, LLC",32613.0,0.0017823465981821479,0.1365415254322257,medium
1841766,"KAVAR CAPITAL PARTNERS GROUP, LLC",32574.0,0.0017802151929962064,0.10870856421142129,long
1794198,Graypoint LLC,32450.0,0.0017734384175332135,0.14422121330502502,medium
51812,STONEBRIDGE CAPITAL MANAGEMENT INC,32440.0,0.0017728919033829723,0.07131716130529546,long
1592616,Notis-McConarty Edward,32400.0,0.0017707058467820067,0.030273717292038902,long
714395,"GERMAN AMERICAN BANCORP, INC.",32292.0,0.0017648034939594002,0.16730905061855278,medium
1379995,HBK Sorce Advisory LLC,32284.0,0.001764366282639207,0.5527093703890339,short
1438574,"Sterneck Capital Management, LLC",32199.0,0.0017597209123621554,0.08044614147959991,long
1599637,Permanens Capital L.P.,32130.0,0.0017559499647254902,0.27800026735826155,medium
1044905,PATTEN & PATTEN INC/TN,32126.0,0.0017557313590653935,0.042478500748157434,long
1706028,Heritage Trust Co,32039.0,0.0017509766859582936,0.0665853008971656,long
1585859,"Miracle Mile Advisors, LLC",32038.0,0.0017509220345432695,0.3122168449214978,short
1563660,Desjardins Global Asset Management Inc.,31960.0,0.001746659224171387,0.5048045124696687,short
1803106,"Blue Zone Wealth Advisors, LLC",31907.0,0.0017437626991751078,0.1675307393832825,medium
1744349,"Mount Yale Investment Advisors, LLC",31833.0,0.0017397184944633218,0.2549431634296052,medium
1764049,"SlateStone Wealth, LLC",31833.0,0.0017397184944633218,0.15494383135927092,medium
1418359,K.J. Harrison & Partners Inc,31821.0,0.0017390626774830321,0.3740487738192626,short
1959989,DoubleLine ETF Adviser LP,31814.0,0.001738680117577863,,unclassified
1784547,Woodline Partners LP,31751.0,0.0017352370784313425,0.9514670159211222,short
1716539,"Arlington Financial Advisors, LLC",31748.0,0.0017350731241862702,0.11663025930789157,long
1666789,"Sheaff Brock Investment Advisors, LLC",31747.0,0.001735018472771246,0.11142691695954414,long
1326766,"Violich Capital Management, Inc.",31707.0,0.0017328324161702807,0.022062660148662292,long
1062938,CORNERCAP INVESTMENT COUNSEL INC,31661.0,0.0017303184510791703,0.4244850242483985,short
1907874,"Keene & Associates, Inc.",31649.0,0.0017296626340988807,0.15783628481970097,medium
1689646,Jacobi Capital Management LLC,31615.0,0.00172780448598806,0.11905026853620232,long
1252007,GRAYBILL BARTZ & ASSOC LTD,31525.0,0.0017228858586358878,0.05345739460573873,long
709428,COZAD ASSET MANAGEMENT INC,31434.0,0.0017179125798686915,0.14171215394949194,medium
1845469,Veriti Management LLC,31434.0,0.0017179125798686915,0.10583588176941092,long
1697646,"Abbrea Capital, LLC",31378.0,0.0017148521006273398,0.0695314418219917,long
1690370,"Resources Investment Advisors, LLC.",31206.0,0.0017054520572431884,0.3140834540009028,short
1954093,Colonial Trust Co / SC,31170.0,0.0017034846063023194,,unclassified
1427196,"Diversified Investment Strategies, LLC",31104.0,0.0016998776129107265,0.08594881844028013,long
769954,ACCOUNT MANAGEMENT LLC,30978.0,0.0016929915346176854,0.11827889969025164,long
1760263,"Hamilton Wealth, LLC",30966.0,0.0016923357176373958,0.4677649400216964,short
1911488,"REGATTA CAPITAL GROUP, LLC",30963.0,0.0016921717633923234,0.18642846371766175,medium
1080374,"JAG CAPITAL MANAGEMENT, LLC",30908.0,0.0016891659355659958,0.2784184977310581,medium
1600585,Mendel Money Management,30852.0,0.0016861054563246443,0.11096409544142447,long
1511037,"PATTON ALBERTSON MILLER GROUP, LLC",30848.0,0.0016858868506645476,0.1726746064356795,medium
1602237,IPG Investment Advisors LLC,30808.0,0.0016837007940635822,0.4261862613747282,short
1586052,"Focused Wealth Management, Inc",30757.0,0.0016809135718973513,0.2088904403811057,medium
1224890,CULBERTSON A N & CO INC,30740.0,0.001679984497841941,0.030057619347274692,long
1791002,"Xcel Wealth Management, LLC",30670.0,0.0016761588987902515,0.1445610637481908,medium
1484256,"RiverPark Advisors, LLC",30524.0,0.0016681797921967276,0.5160565271965906,short
1968109,Vinva Investment Management Ltd,30511.0,0.0016674693238014138,,unclassified
1504665,"DFPG INVESTMENTS, LLC",30493.0,0.0016664855983309795,0.6230027147440714,short
1713458,"BDO Wealth Advisors, LLC",30430.0,0.001663042559184459,0.12480669696524406,long
857508,AMICA MUTUAL INSURANCE CO,30387.0,0.001660692548338421,0.21151209238533886,medium
1074272,CAMBRIDGE TRUST CO,30357.0,0.001659053005887697,0.11159645057777144,long
1631408,"Northstar Group, Inc.",30318.0,0.0016569216007017557,0.04396489398406549,long
1564835,"ASAHI LIFE ASSET MANAGEMENT CO., LTD.",30281.0,0.0016548994983458627,0.25500174828909944,medium
1911832,"Forum Financial Management, LP",30138.0,0.0016470843459974111,0.25705824081385253,medium
1018674,PARSONS CAPITAL MANAGEMENT INC/RI,30137.0,0.001647029694582387,0.05946585448301725,long
1539947,Family Management Corp,30090.0,0.0016444610780762526,0.3281028748224858,short
1714590,"Gs Investments, Inc.",30066.0,0.0016431494441156733,0.1526938551805324,medium
1846160,AAFMAA Wealth Management & Trust LLC,30000.0,0.0016395424507240804,0.2714736914081058,medium
1313473,Canal Insurance CO,30000.0,0.0016395424507240804,0.08408439052595439,long
1895612,"VELA Investment Management, LLC",29950.0,0.0016368098799728736,0.1844574264014418,medium
1134152,ADELL HARRIMAN & CARPENTER INC,29894.0,0.001633749400731522,0.07701469900577444,long
1886707,"ARS Wealth Advisors Group, LLC",29865.0,0.001632164509695822,0.226702186497885,medium
1804329,"Procyon Advisors, LLC",29863.0,0.0016320552068657737,0.2591560276354422,medium
1757128,Laurel Wealth Advisors LLC,29794.0,0.0016282842592291085,0.3467519654183433,short
1691766,"FLAGSHIP HARBOR ADVISORS, LLC",29705.0,0.0016234202832919602,0.28557801370213887,medium
1694164,AustralianSuper Pty Ltd,29646.0,0.0016201958498055363,0.41605493619669165,short
1512652,GUARDIAN CAPITAL ADVISORS LP,29640.0,0.0016198679413153914,0.0756495487940638,long
1801413,"Summit Place Financial Advisors, LLC",29582.0,0.0016166981592439914,0.22365110156319642,medium
1832237,Te Ahumairangi Investment Management Ltd,29576.0,0.0016163702507538467,0.12341220134376552,long
1393944,Hanson & Doremus Investment Management,29537.0,0.0016142388455679055,0.13423992930546955,medium
1506073,"Wellington Shields & Co., LLC",29525.0,0.0016135830285876158,0.3172605472943236,short
1309148,Hills Bank & Trust Co,29495.0,0.0016119434861368916,0.10806468714489675,long
1551969,"Gilman Hill Asset Management, LLC",29490.0,0.001611670229061771,0.19465924424571554,medium
1729049,"Pegasus Asset Management, Inc.",29304.0,0.0016015050658672817,0.03916939012380838,long
1593688,M. Kraus & Co,29206.0,0.0015961492271949164,0.06807399256135041,long
1766530,Gladstone Institutional Advisory LLC,29136.0,0.001592323628143227,0.3065187284370654,short
1397290,Rodgers Brothers Inc.,28916.0,0.001580300316837917,0.13577152016276045,medium
1697274,"NVWM, LLC",28799.0,0.001573906101280093,0.2656026102391303,medium
1700481,"WSFS CAPITAL MANAGEMENT, LLC",28778.0,0.0015727584215645862,0.34132444959466746,short
1696494,Sicart Associates LLC,28775.0,0.0015725944673195137,0.14208180551899238,medium
1966040,"BBJS FINANCIAL ADVISORS, LLC",28623.0,0.001564287452235845,,unclassified
1961742,New Hampshire Trust,28523.0,0.0015588223107334315,,unclassified
829407,MONTAG A & ASSOCIATES INC,28495.0,0.0015572920711127557,0.08952388902108721,long
1126735,MOGY JOEL R INVESTMENT COUNSEL INC,28443.0,0.0015544501975315007,0.02214016381096185,long
1542383,"Aviance Capital Partners, LLC",28385.0,0.0015512804154601007,0.1354256411443886,medium
1728121,"SeaCrest Wealth Management, LLC",28277.0,0.001545378062637494,0.15024907356616385,medium
1855713,WCG Wealth Advisors LLC,28277.0,0.001545378062637494,0.4819486443201134,short
1803291,"Asio Capital, LLC",28273.0,0.0015451594569773975,0.24594732392339713,medium
1560717,"Horizon Investments, LLC",28201.0,0.0015412245550956597,0.4702731775548018,short
1767902,"Western Wealth Management, LLC",28185.0,0.0015403501324552735,0.2670246506604504,medium
1695345,"CONCENTRIC WEALTH MANAGEMENT, LLC",28025.0,0.0015316059060514118,0.13910208436926397,medium
1673954,"SevenBridge Financial Group, LLC",27996.0,0.0015300210150157119,0.13707575835882885,medium
1024896,"CANTOR FITZGERALD, L. P.",27956.0,0.0015278349584147465,0.42061218544518825,short
1649888,DORCHESTER WEALTH MANAGEMENT Co,27945.0,0.001527233792849481,0.0914103350200421,long
1428350,"NORTHWEST INVESTMENT COUNSELORS, LLC",27867.0,0.0015229709824775982,0.05395986531522423,long
1913231,"Ascent Group, LLC",27820.0,0.001520402365971464,0.3012231583742019,short
1600319,Bridgewater Advisors Inc.,27781.0,0.0015182709607855225,0.3229821652089681,short
1105837,"WEBSTER BANK, N. A.",27597.0,0.0015082151004210816,0.08427817065598986,long
1898296,"Vickerman Investment Advisors, Inc.",27497.0,0.001502749958918668,0.1818587960824694,medium
1911621,"Autumn Glory Partners, LLC",27447.0,0.0015000173881674613,0.4968106974681699,short
1889147,Essex LLC,27404.0,0.0014976673773214233,0.11413618481239246,long
1360798,BRIGHTON JONES LLC,27272.0,0.0014904533905382373,0.11348848030948161,long
1875645,JTC Employer Solutions Trustee Ltd,27247.0,0.0014890871051626339,0.44345378004015035,short
1632187,"Community Bank, N.A.",26979.0,0.0014744405259361655,0.05562817973610157,long
1339270,SOL Capital Management CO,26965.0,0.0014736754061258277,0.08753280152069169,long
1679031,"CHOREO, LLC",26962.0,0.001473511451880755,0.14147571042216195,medium
1767307,"Robertson Stephens Wealth Management, LLC",26929.0,0.0014717079551849587,0.26251583438139087,medium
1082491,CONDOR CAPITAL MANAGEMENT,26896.0,0.0014699044584891622,0.11504112223508049,long
1906719,"Lynch Asset Management, Inc.",26875.0,0.0014687567787736553,0.07257099691521007,long
1218710,Balyasny Asset Management LLC,26842.0,0.001466953282077859,1.0423645090025953,short
1914558,"SageView Advisory Group, LLC",26790.0,0.0014641114084966039,,unclassified
1801583,"Mission Creek Capital Partners, Inc.",26787.0,0.0014639474542515313,0.12895088154761097,medium
1596901,"Pettee Investors, Inc.",26778.0,0.0014634555915163142,0.026079235218014356,long
1318011,"Weil Company, Inc.",26772.0,0.0014631276830261693,0.23732393567666546,medium
1666613,"CONSOLIDATED CAPITAL MANAGEMENT, LLC",26695.0,0.0014589195240693109,0.2919032155458639,medium
1479844,Diversified Trust Co,26631.0,0.0014554218335077662,0.11432921369740956,long
937760,SUMITOMO LIFE INSURANCE CO,26568.0,0.0014519787943612457,0.6526586550447072,short
1840084,"Brown Miller Wealth Management, LLC",26568.0,0.0014519787943612457,0.11573812702355801,long
1674117,"Cornerstone Wealth Management, LLC",26531.0,0.0014499566920053526,,unclassified
200724,"SMITH, MOORE & CO.",26516.0,0.0014491369207799906,0.1188328725625471,long
1815123,"Horizon Wealth Management, LLC",26490.0,0.0014477159839893629,0.643405154680406,short
1790837,"Bull Street Advisors, LLC",26467.0,0.001446459001443808,0.014925231087213574,long
1259671,WBH ADVISORY INC,26461.0,0.001446131092953663,,unclassified
1849724,"Alliance Wealth Advisors, LLC",26424.0,0.00144410899059777,0.12845225028878393,medium
1697729,"Summit X, LLC",26325.0,0.0014386985005103805,0.31276307493252037,short
1388829,AMG National Trust Bank,26240.0,0.001434053130233329,0.11642732048754165,long
1601384,"Allen Capital Group, LLC",26155.0,0.0014294077599562773,1.070678001412779,short
1132708,NORTHSTAR ASSET MANAGEMENT LLC,25941.0,0.0014177123571411123,0.04104186657368699,long
1092203,FIRST CITIZENS BANK & TRUST CO,25903.0,0.0014156356033701951,0.36434091571675775,short
1424177,Birch Hill Investment Advisors LLC,25839.0,0.0014121379128086504,0.06965330011873208,long
1352547,Legacy Private Trust Co.,25833.0,0.0014118100043185057,0.17809040322004732,medium
1632802,"BUTENSKY & COHEN FINANCIAL SECURITY, INC",25780.0,0.0014089134793222264,0.09962944495169171,long
1730293,Financial Advocates Investment Management,25727.0,0.0014060169543259472,0.35563354160121696,short
1588539,"First Horizon Advisors, Inc.",25607.0,0.0013994587845230508,0.11877097035952214,long
1599330,"Joel Isaacson & Co., LLC",25580.0,0.0013979831963173992,0.05156417709036422,long
1831984,Berkshire Bank,25545.0,0.0013960703967915544,0.07990973381867504,long
1842370,"M. Kulyk & Associates, LLC",25326.0,0.0013841017369012687,0.14761872854174254,medium
1609674,"Mengis Capital Management, Inc.",25298.0,0.0013825714972805928,0.053874157152517706,long
1631054,"Creegan & Nassoura Financial Group, LLC",25291.0,0.001382188937375424,0.031459596264107915,long
1811907,"Citadel Investment Advisory, Inc.",25215.0,0.0013780354298335896,0.02133027370489525,long
1566601,"FDx Advisors, Inc.",25215.0,0.0013780354298335896,0.25151266551413715,medium
1581465,Addison Capital Co,25177.0,0.0013759586760626725,0.11299344535500266,long
1776082,"TRANSCEND CAPITAL ADVISORS, LLC",25120.0,0.0013728435454062966,0.13181409290120483,medium
1802224,"JSF Financial, LLC",25113.0,0.0013724609855011278,0.3374192607672649,short
1167487,LONGFELLOW INVESTMENT MANAGEMENT CO LLC,25080.0,0.0013706574888053312,0.2544832905672268,medium
1694895,Mitsubishi UFJ Asset Management (UK) Ltd.,25000.0,0.0013662853756034002,0.401544637104848,short
1591744,"Shellback Capital, LP",25000.0,0.0013662853756034002,0.8942205417744141,short
1299939,Cadence Bank,24910.0,0.001361366748251228,0.1492443563590886,medium
897599,LOCKHEED MARTIN INVESTMENT MANAGEMENT CO,24890.0,0.0013602737199507455,0.3101526475977757,short
1534270,Cutler Group LLC / CA,24877.0,0.0013595632515554317,0.9908778617800361,short
1366838,"Liberty Capital Management, Inc.",24826.0,0.0013567760293892006,0.04596278903704759,long
1416856,Fruth Investment Management,24752.0,0.0013527318246774145,0.038369111435202226,long
1352871,Benin Management CORP,24724.0,0.0013512015850567387,0.06863958818200337,long
1608057,Curbstone Financial Management Corp,24710.0,0.0013504364652464009,0.04960581698334589,long
1739953,"Windsor Advisory Group, LLC",24658.0,0.0013475945916651458,,unclassified
1914617,"Glassy Mountain Advisors, Inc.",24430.0,0.001335134069039643,,unclassified
1621225,"Merit Financial Group, LLC",24358.0,0.001331199167157905,0.31008736736738063,short
1556168,Consolidated Investment Group LLC,24202.0,0.0013226735464141398,0.04696104338843763,long
1764754,Geneos Wealth Management Inc.,24163.0,0.0013205421412281985,0.26362696592927454,medium
1731061,Larson Financial Group LLC,24154.0,0.0013200502784929812,0.2536607298674795,medium
1058800,BEACH INVESTMENT COUNSEL INC/PA,24117.0,0.0013180281761370882,0.16469499641965954,medium
1893327,FRG Family Wealth Advisors LLC,24098.0,0.0013169897992516297,0.050190683180863255,long
315014,PITCAIRN CO,24037.0,0.0013136560629351574,0.13460598353353648,medium
1714678,Beaton Management Co. Inc.,24036.0,0.0013136014115201333,0.0343057345172055,long
1633037,Rehmann Capital Advisory Group,23970.0,0.0013099944181285403,0.14940309776417357,medium
1743413,Principle Wealth Partners LLC,23967.0,0.0013098304638834678,0.10083066319912729,long
1660177,Integrated Advisors Network LLC,23941.0,0.0013084095270928403,0.27810774762534823,medium
1766564,"Paradigm Financial Partners, LLC",23928.0,0.0013076990586975265,0.12624093999964628,long
1082339,COLDSTREAM CAPITAL MANAGEMENT INC,23883.0,0.0013052397450214403,,unclassified
1736982,"Vestmark Advisory Solutions, Inc.",23835.0,0.001302616477100282,0.1972913938890239,medium
1412665,"MidWestOne Financial Group, Inc.",23808.0,0.00130114088889463,0.12812434565412856,medium
1722439,"Cito Capital Group, LLC",23790.0,0.0013001571634241958,0.05693353836557809,long
1927961,Fund Management at Engine No. 1 LLC,23789.0,0.0013001025120091716,0.23345519846532758,medium
1914644,"Bill Few Associates, Inc.",23783.0,0.0012997746035190267,0.06455124709664356,long
1546967,Iowa State Bank,23723.0,0.0012964955186175787,0.09439649681541454,long
1767730,"Frisch Financial Group, Inc.",23704.0,0.00129545714173212,0.3318719221540413,short
1639997,"Westhampton Capital, LLC",23694.0,0.0012949106275818786,0.057460746583020306,long
1978608,"Portside Wealth Group, LLC",23673.0,0.001293762947866372,,unclassified
1492040,JCIC Asset Management Inc.,23631.0,0.001291467588435358,0.17080656679438674,medium
1645382,"MISSION WEALTH MANAGEMENT, LP",23476.0,0.001282996619106617,0.13350640731975238,medium
710127,SEARLE & CO.,23463.0,0.0012822861507113033,0.05984634662561275,long
943442,HUDSON VALLEY INVESTMENT ADVISORS INC /ADV,23362.0,0.0012767663577938656,0.12804573661679697,medium
1666024,Capital Asset Advisory Services LLC,23355.0,0.0012763837978886966,0.2988194927711916,short
1772483,Legacy Trust,23347.0,0.0012759465865685034,,unclassified
1055980,"Ameritas Investment Partners, Inc.",23335.0,0.0012752907695882138,0.07868617777635331,long
1698218,RITHOLTZ WEALTH MANAGEMENT,23317.0,0.0012743070441177794,0.37082656497801303,short
1766510,"TrinityPoint Wealth, LLC",23293.0,0.0012729954101572002,0.1451549357939,medium
1003518,AGF MANAGEMENT LTD,23215.0,0.0012687325997853176,,unclassified
1633625,IAT REINSURANCE CO LTD.,23070.0,0.0012608081446068178,0.042997056498027084,long
1909319,"HERBST GROUP, LLC",22997.0,0.0012568185913100559,0.11653377312191018,long
1100710,HARBOR ADVISORY CORP /MA/,22910.0,0.001252063918202956,0.0938833491080231,long
1623678,PLIMOTH TRUST CO LLC,22821.0,0.001247199942265808,0.047029327159468164,long
1964544,PETREDIS INVESTMENT ADVISORS LLC,22802.0,0.0012461615653803493,,unclassified
1796874,"VERUS CAPITAL PARTNERS, LLC",22795.0,0.0012457790054751804,0.23732875915342494,medium
1879345,"AFS Financial Group, LLC",22789.0,0.0012454510969850355,,unclassified
903783,OLD SECOND NATIONAL BANK OF AURORA,22749.0,0.0012432650403840701,0.13571349459987755,medium
1768089,Knuff & Co LLC,22739.0,0.0012427185262338287,0.07553493938104965,long
938759,MONARCH CAPITAL MANAGEMENT INC/,22706.0,0.0012409150295380324,0.042136089472292165,long
1539948,"United Asset Strategies, Inc.",22655.0,0.0012381278073718015,0.3394930585169442,short
1471474,"Avidian Wealth Solutions, LLC",22516.0,0.0012305312606834464,0.3282558641323858,short
1665633,Alpha Omega Wealth Management LLC,22454.0,0.00122714287295195,0.06241531895866403,long
1868903,"C2C Wealth Management, LLC",22420.0,0.0012252847248411295,0.07522675116430554,long
850401,TCW GROUP INC,22400.0,0.0012241916965406467,0.11311039653295268,long
1317348,"BOK Financial Private Wealth, Inc.",22222.0,0.0012144637446663505,0.14754772832414995,medium
1904033,Buttonwood Financial Advisors Inc.,22213.0,0.0012139718819311333,0.08558223951294291,long
1053055,BOSTON FINANCIAL MANGEMENT LLC,22189.0,0.001212660247970554,0.09156087513715762,long
1665518,"PHYSICIANS FINANCIAL SERVICES, INC.",22156.0,0.0012108567512747574,0.02108270675343561,long
1799284,"Modus Advisors, LLC",22146.0,0.0012103102371245162,0.13609894749710305,medium
49969,CIGNA INVESTMENTS INC /NEW,22110.0,0.0012083427861836473,0.047762477196426206,long
1667134,"CWA Asset Management Group, LLC",22088.0,0.0012071404550531163,0.2939481016670088,short
1846532,"Continuum Advisory, LLC",22035.0,0.0012042439300568371,0.20747123462394654,medium
1169069,VIKING FUND MANAGEMENT LLC,22000.0,0.0012023311305309923,0.16829940594267828,medium
1442641,Legato Capital Management LLC,21945.0,0.0011993253027046647,0.197432622806272,medium
1020580,KEATING INVESTMENT COUNSELORS INC,21933.0,0.001198669485724375,0.1654806721337208,medium
1787125,"TBH Global Asset Management, LLC",21916.0,0.0011977404116689648,0.16224990910627946,medium
1614704,RIVERPARK CAPITAL MANAGEMENT LLC,21852.0,0.0011942427211074202,0.36848975633867775,short
1646247,"Wealthspire Advisors, LLC",21846.0,0.0011939148126172752,0.0852145079686477,long
1911091,ICAPITAL WEALTH LLC,21842.0,0.0011936962069571788,0.27500142744780554,medium
1120927,MONETA GROUP INVESTMENT ADVISORS LLC,21824.0,0.0011927124814867444,0.1914650464328528,medium
1792167,"Meeder Advisory Services, Inc.",21823.0,0.0011926578300717203,,unclassified
1908192,Stone Point Wealth LLC,21696.0,0.0011857171003636549,0.11737147712599165,long
1879203,"Pariax, LLC",21690.0,0.0011853891918735102,0.5297703620239579,short
759944,Citizens Financial Group Inc/RI,21689.0,0.001185334540458486,0.11692746836463351,long
1697323,"Greenline Partners, LLC",21662.0,0.0011838589522528344,0.34863256945960186,short
1541496,Hendershot Investments Inc.,21542.0,0.001177300782449938,0.08069938767175543,long
1308527,"Douglass Winthrop Advisors, LLC",21502.0,0.0011751147258489726,0.07489943281988391,long
1275880,HARBOUR INVESTMENT MANAGEMENT LLC,21391.0,0.0011690484187812935,0.046689687477064985,long
1333792,Sky Investment Group LLC,21356.0,0.0011671356192554487,0.04209512546758449,long
938592,"MOODY LYNN & LIEBERSON, LLC",21335.0,0.0011659879395399418,0.15378298213869945,medium
1597823,Parkwood LLC,21228.0,0.0011601402381323594,0.47500590949944177,short
1512611,"Nelson Capital Management, LLC",21150.0,0.0011558774277604766,0.1755030683983178,medium
1297376,"Advisors Asset Management, Inc.",21126.0,0.0011545657937998973,0.1370142002937974,medium
1608376,Trust Asset Management LLC,21108.0,0.001153582068329463,0.040582625104998944,long
810121,"HARBOUR INVESTMENTS, INC.",21107.0,0.0011535274169144388,0.16859480008789082,medium
1453381,"Jasper Ridge Partners, L.P.",21100.0,0.0011531448570092698,0.18216368445573616,medium
1541353,Triangle Securities Wealth Management,21095.0,0.0011528715999341492,0.06711864297426424,long
225816,ROWLAND & CO INVESTMENT COUNSEL/ADV,21046.0,0.0011501936805979665,0.042207579588747456,long
1619899,"Bramshill Investments, LLC",21038.0,0.0011497564692777734,0.28579361860923214,medium
1019754,Smithfield Trust Co,21029.0,0.0011492646065425563,0.11974588872967636,long
1977992,"Trivant Custom Portfolio Group, LLC",21007.0,0.0011480622754120253,,unclassified
898358,KORNITZER CAPITAL MANAGEMENT INC /KS,21004.0,0.001147898321166953,0.10459987866788513,long
869353,"FERGUSON WELLMAN CAPITAL MANAGEMENT, INC",20913.0,0.0011429250423997564,0.5144632393767262,short
1080351,MITCHELL CAPITAL MANAGEMENT CO,20812.0,0.0011374052494823187,0.14961764604481828,medium
1767049,"Jackson Hole Capital Partners, LLC",20811.0,0.0011373505980672946,0.10794982215060701,long
1279708,MENLO ADVISORS LLC,20708.0,0.0011317215023198086,0.11419496202555873,long
1731124,"DIAMANT ASSET MANAGEMENT, INC.",20641.0,0.0011280598575131914,0.35711731770392285,short
752798,"CONCOURSE FINANCIAL GROUP SECURITIES, INC.",20594.0,0.0011254912410070571,0.1914132621803516,medium
1776792,"Coastal Investment Advisors, Inc.",20573.0,0.0011243435612915502,0.1765634079734976,medium
1433541,"ASPIRIANT, LLC",20506.0,0.0011206819164849332,0.1134615382607264,long
750577,HANCOCK WHITNEY CORP,20490.0,0.0011198074938445469,0.19800908937945266,medium
1080523,Selway Asset Management,20477.0,0.001119097025449233,0.1035514184114209,long
1065350,CAPITAL INTERNATIONAL LTD /CA/,20459.0,0.0011181132999787988,0.15933625285799147,medium
1519113,"Highlander Capital Management, LLC",20412.0,0.0011155446834726643,0.04110279547126074,long
1840085,"Journey Advisory Group, LLC",20283.0,0.0011084946509345509,0.29206947722704046,medium
1342857,North Star Investment Management Corp.,20253.0,0.0011068551084838266,0.07393061150606554,long
1716984,"Slow Capital, Inc.",20204.0,0.001104177189147644,0.206674794946075,medium
1324022,COHEN LAWRENCE B,20195.0,0.0011036853264124267,0.25046646319271026,medium
811808,"SUMMIT FINANCIAL GROUP, INC.",20140.0,0.0011006794985860993,0.0688459791359965,long
1633366,"MV CAPITAL MANAGEMENT, INC.",20121.0,0.0010996411217006408,0.1934627283103846,medium
712050,ALTFEST L J & CO INC,20098.0,0.0010983841391550857,0.6455124255503641,short
1606666,Fort Sheridan Advisors LLC,20094.0,0.001098165533494989,0.08839506550194923,long
1722436,"Sawyer & Company, Inc",20058.0,0.00109619808255412,0.09827877132815627,long
1730945,Congress Park Capital LLC,20003.0,0.0010931922547277927,0.1581003866213754,medium
1793904,Wealth Alliance,19991.0,0.001092536437747503,0.19519049805746935,medium
1815025,"NovaPoint Capital, LLC",19975.0,0.001091662015107117,0.13789604739546296,medium
765443,DUFF & PHELPS INVESTMENT MANAGEMENT CO,19973.0,0.0010915527122770687,0.12419309478778946,long
1601539,CHICAGO TRUST Co NA,19953.0,0.0010904596839765859,0.10528067995176105,long
916542,ACADIAN ASSET MANAGEMENT LLC,19897.0,0.0010873992047352342,0.37781509156743504,short
1582151,"NAPLES GLOBAL ADVISORS, LLC",19886.0,0.0010867980391699688,0.08045623602450355,long
1598177,HOERTKORN RICHARD CHARLES,19864.0,0.0010855957080394378,0.03185578125978898,long
1269950,DELTEC ASSET MANAGEMENT LLC,19858.0,0.0010852677995492929,0.37220987707665343,short
1331074,MCDONALD PARTNERS LLC,19832.0,0.0010838468627586654,0.13992172846197137,medium
1860698,"CEERA INVESTMENTS, LLC",19821.0,0.0010832456971933998,0.23375211369676857,medium
1910183,Chemistry Wealth Management LLC,19795.0,0.0010818247604027723,0.0857826813828866,long
1423296,"Zuckerman Investment Group, LLC",19743.0,0.0010789828868215173,0.10987430042119088,long
1641652,ROPES WEALTH ADVISORS LLC,19700.0,0.0010766328759754795,0.13558783664022359,medium
1129919,PROFUND ADVISORS LLC,19698.0,0.001076523573145431,0.1559274997975945,medium
1482611,"CORRADO ADVISORS, LLC",19618.0,0.0010721514599435003,0.18622312586715728,medium
1906547,Eagle Bluffs Wealth Management LLC,19592.0,0.0010707305231528728,0.1375178611369997,medium
1007295,BRIDGES INVESTMENT MANAGEMENT INC,19554.0,0.0010686537693819556,0.08675368972572772,long
1849444,"SOA Wealth Advisors, LLC.",19465.0,0.0010637897934448076,0.0815952674238837,long
1344717,Estabrook Capital Management,19446.0,0.0010627514165593489,0.06286265530805371,long
1727783,Neo Ivy Capital Management,19416.0,0.0010611118741086249,,unclassified
1845445,CARY STREET PARTNERS ASSET MANAGEMENT LLC,19387.0,0.0010595269830729248,0.23702538079981916,medium
1927042,"Ledge Wealth Management, Inc.",19357.0,0.0010578874406222008,0.2773603268464871,medium
1447884,Fosun International Ltd,19331.0,0.0010564665038315733,0.3966588522820352,short
1009006,PALISADE CAPITAL MANAGEMENT LLC/NJ,19316.0,0.0010556467326062113,1.0337576706435758,short
1731466,"New Potomac Partners, LLC",19301.0,0.001054826961380849,0.1199747707826863,long
1327944,Town & Country Bank & Trust CO dba First Bankers Trust CO,19228.0,0.0010508374080840874,0.05760838630518471,long
1655789,Teza Capital Management LLC,19209.0,0.0010497990311986287,1.2065009025896671,short
1659203,"Capital Investment Advisory Services, LLC",19205.0,0.0010495804255385322,0.20563785500205128,medium
1896379,Mount Capital Ltd,19200.0,0.0010493071684634114,0.3092029387427069,short
1911520,"Cladis Investment Advisory, LLC",19179.0,0.0010481594887479047,0.10881398170065437,long
1369913,"American Investment Services, Inc.",19139.0,0.001045973432146939,0.08970863605440163,long
1893893,STUDIO INVESTMENT MANAGEMENT LLC,19026.0,0.0010397978222492117,0.16858837793813794,medium
1279891,WOLVERINE ASSET MANAGEMENT LLC,18980.0,0.0010372838571581016,0.7402313748645928,short
1041283,SPIRIT OF AMERICA MANAGEMENT CORP/NY,18950.0,0.0010356443147073774,0.04738992829450208,long
1606588,"One Capital Management, LLC",18908.0,0.0010333489552763638,0.32857562093125303,short
1767045,"Lindbrook Capital, LLC",18825.0,0.0010288128878293604,0.16948608714066787,medium
1828301,XTX Topco Ltd,18804.0,0.0010276652081138535,1.3889496170297546,short
1388168,"Atlas Brown,Inc.",18803.0,0.0010276105566988294,0.055649950850429696,long
1728321,"Kovack Advisors, Inc.",18795.0,0.0010271733453786364,0.3220520304863107,short
883677,PANAGORA ASSET MANAGEMENT INC,18794.0,0.0010271186939636123,0.29443435697793613,short
1800608,Laidlaw Wealth Management LLC,18723.0,0.0010232384434968986,0.14997029004915463,medium
1082917,"GW&K Investment Management, LLC",18710.0,0.0010225279751015848,0.14074854338052184,medium
1394866,"Penobscot Investment Management Company, Inc.",18623.0,0.001017773301994485,0.05460662269086951,long
1730299,"Banco de Sabadell, S.A",18600.0,0.0010165163194489298,0.12038030083817525,long
1480916,"WMS Partners, LLC",18572.0,0.001014986079828254,0.27483970384101836,medium
1830467,"BCGM Wealth Management, LLC",18552.0,0.0010138930515277713,0.19371589660788358,medium
1284208,NTV Asset Management LLC,18473.0,0.0010095755897408646,0.05334530720287218,long
200648,ROMANO BROTHERS AND COMPANY,18468.0,0.0010093023326657438,,unclassified
1594492,Field & Main Bank,18445.0,0.0010080453501201889,0.049208447079067755,long
1912040,"OAK HARBOR WEALTH PARTNERS, LLC",18397.0,0.0010054220821990303,0.08493903802075121,long
1278793,WEIK CAPITAL MANAGEMENT,18300.0,0.001000120894941689,0.06928518112826826,long
1053994,SANDERS MORRIS HARRIS LLC,18238.0,0.0009967325072101926,0.587145751273257,short
1585822,"Winch Advisory Services, LLC",18233.0,0.0009964592501350718,0.07093430355204022,long
1802655,TEXAS CAPITAL BANK WEALTH MANAGEMENT SERVICES INC,18217.0,0.0009955848274946857,0.2044961999817593,medium
1950962,"Three Bridge Wealth Advisors, LLC",18205.0,0.000994929010514396,0.10252048373789203,long
707179,OLD NATIONAL BANCORP /IN/,18148.0,0.0009918138798580205,0.42022957893502244,short
1765594,"CRA Financial Services, LLC",18038.0,0.0009858022242053655,0.08318105486011251,long
1946136,Bizma Investimentos Ltda,18000.0,0.0009837254704344483,0.11564256100893917,long
1831577,"Jump Financial, LLC",17987.0,0.0009830150020391345,1.1819560025876095,short
1666733,"Canal Capital Management, LLC",17911.0,0.0009788614944973002,0.23444106641683166,medium
1730521,"Murphy, Middleton, Hinkle & Parker, Inc.",17910.0,0.000978806843082276,0.04721947894290353,long
1422508,Montecito Bank & Trust,17879.0,0.0009771126492165278,0.08055250699450454,long
1730511,"Bedel Financial Consulting, Inc.",17833.0,0.0009745986841254175,0.10100315591971759,long
1818535,"Carl P. Sherr & Co., LLC",17823.0,0.0009740521699751762,0.11907852422647414,long
1374889,"Ballentine Partners, LLC",17743.0,0.0009696800567732453,0.12395687346118844,long
870260,L.M. KOHN & COMPANY,17664.0,0.0009653625949863385,0.17016208144853248,medium
1650717,QUADRANT CAPITAL GROUP LLC,17655.0,0.0009648707322511213,0.1585806578197308,medium
1802534,"ABSHER WEALTH MANAGEMENT, LLC",17644.0,0.0009642695666858558,0.10943286999875579,long
1083323,TRUST CO OF OKLAHOMA,17605.0,0.0009621381614999145,0.09433962879996415,long
1659171,BigSur Wealth Management LLC,17592.0,0.0009614276931046008,0.12583680556318422,long
874791,CAMPBELL NEWMAN ASSET MANAGEMENT INC,17565.0,0.000959952104898949,0.054120367002969565,long
1666624,"CHARTER RESEARCH & INVESTMENT GROUP, INC.",17530.0,0.0009580393053731043,0.042497694460848126,long
1897835,"Alan B Lancz & Associates, Inc.",17528.0,0.000957930002543056,0.2331472942646999,medium
1724269,"LAKE STREET ADVISORS GROUP, LLC",17483.0,0.0009554706888669699,0.13110167036067338,medium
1519319,"Garrison Asset Management, LLC",17483.0,0.0009554706888669699,0.05180069717033865,long
1692227,Norway Savings Bank,17470.0,0.0009547602204716561,0.10452192176765022,long
1401459,RS CRUM INC.,17446.0,0.0009534485865110769,0.19842856373525097,medium
1161722,HOLLENCREST CAPITAL MANAGEMENT,17446.0,0.0009534485865110769,0.19524654517826456,medium
1660694,"GSB Wealth Management, LLC",17443.0,0.0009532846322660045,0.185352891816984,medium
1632105,MITCHELL MCLEOD PUGH & WILLIAMS INC,17432.0,0.000952683466700739,0.1154276855545982,long
1859474,"Benedetti & Gucer, Inc.",17386.0,0.0009501695016096287,0.25296052599623176,medium
1721242,Belpointe Asset Management LLC,17365.0,0.0009490218218941219,0.4384106992147724,short
1836506,"MITCHELL & PAHL PRIVATE WEALTH, LLC",17347.0,0.0009480380964236874,0.0651738918459307,long
1911056,"AXXCESS WEALTH MANAGEMENT, LLC",17327.0,0.0009469450681232047,0.33215770120097105,short
872098,"CHAPIN DAVIS, INC.",17291.0,0.0009449776171823358,,unclassified
1948632,Citizens Business Bank,17210.0,0.0009405508525653808,0.20017658247438086,medium
1803397,"Sculati Wealth Management, LLC",17193.0,0.0009396217785099704,0.07133425829841047,long
1116247,"FAIRFIELD, BUSH & CO.",17184.0,0.0009391299157747533,0.27025720051244195,medium
1559789,Regal Investment Advisors LLC,17167.0,0.0009382008417193429,0.1717042074140305,medium
1801523,"Perennial Investment Advisors, LLC",17160.0,0.000937818281814174,0.32627922155018335,short
1736225,"ExodusPoint Capital Management, LP",17132.0,0.0009362880421934982,1.0169573808329344,short
1964541,"DOVER ADVISORS, LLC",17114.0,0.0009353043167230638,,unclassified
1843553,"Ellsworth Advisors, LLC",17082.0,0.0009335554714422914,0.26712466347463315,medium
902528,BANK HAPOALIM BM,17081.0,0.0009335008200272672,0.2765905983242766,medium
1694883,"Patriot Financial Group Insurance Agency, LLC",17078.0,0.0009333368657821948,0.1874381371211012,medium
1569148,Murphy Pohlad Asset Management LLC,17069.0,0.0009328450030469776,0.06504385499472083,long
1802278,"Stokes Family Office, LLC",17039.0,0.0009312054605962536,0.1696212586509618,medium
1407382,"Miller Investment Management, LP",17023.0,0.0009303310379558674,0.14109048421683373,medium
1386462,Ionic Capital Management LLC,17022.0,0.0009302763865408432,0.5165966067048126,short
1483065,Supplemental Annuity Collective Trust of NJ,17000.0,0.0009290740554103122,0.022776408699905958,long
1315269,"Scott & Selber, Inc.",16987.0,0.0009283635870149984,0.05526343326255085,long
1677253,"Intellectus Partners, LLC",16985.0,0.0009282542841849502,0.13737595458655127,medium
1134813,STEVENS CAPITAL MANAGEMENT LP,16946.0,0.0009261228789990089,1.2058324103384745,short
1901275,"Ameritas Advisory Services, LLC",16920.0,0.0009247019422083813,0.4115416666878011,short
1964810,"B.O.S.S. Retirement Advisors, LLC",16769.0,0.0009164495785397368,,unclassified
1598186,"Checchi Capital Advisers, LLC",16726.0,0.0009140995676936989,0.26621853828538566,medium
1505207,THOMAS STORY & SON LLC,16679.0,0.0009115309511875646,0.05454027219124191,long
1563690,Boltwood Capital Management,16666.0,0.0009108204827922508,0.09940425925429533,long
1911322,Byrne Asset Management LLC,16638.0,0.000909290243171575,0.1884572063762035,medium
1596957,FAS Wealth Partners,16627.0,0.0009086890776063095,0.2773262345633797,medium
872573,CAXTON ASSOCIATES LP,16621.0,0.0009083611691161646,1.3728411950152077,short
1542611,"Executive Wealth Management, LLC",16614.0,0.0009079786092109957,0.8940155797797947,short
1654175,Proficio Capital Partners LLC,16605.0,0.0009074867464757785,0.6283324815706115,short
1508512,Drexel Morgan & Co.,16586.0,0.00090644836959032,0.1764250521281105,medium
1909322,Insight Inv LLC,16540.0,0.0009039344044992096,0.07943396584322272,long
1729299,Keystone Financial Group,16532.0,0.0009034971931790166,,unclassified
1315785,"Essex Financial Services, Inc.",16498.0,0.0009016390450681959,0.11624799205986605,long
1544576,Adviser Investments LLC,16481.0,0.0009007099710127857,0.4041650319407407,short
1569118,JNBA Financial Advisors,16480.0,0.0009006553195977615,0.08287140104925433,long
1697715,HCR Wealth Advisors,16467.0,0.0008999448512024477,0.05823711448087314,long
1845262,Connolly Sarah T.,16465.0,0.0008998355483723994,0.06375408327724312,long
1905644,Linker Capital Management Inc.,16432.0,0.000898032051676603,0.014532657236158122,long
1900481,"Carmel Capital Partners, LLC",16431.0,0.0008979774002615789,0.2652039790105055,medium
1521951,"FIRST BUSINESS FINANCIAL SERVICES, INC.",16401.0,0.0008963378578108548,0.07401084393426295,long
1707206,"Fundamentum, LLC",16397.0,0.0008961192521507582,0.10386662432495367,long
1536139,"J. W. Coons Advisors, LLC",16386.0,0.0008955180865854927,0.11330887081433066,long
1830922,"CHIRON CAPITAL MANAGEMENT, LLC",16350.0,0.0008935506356446239,0.19529831344304946,medium
1845081,Cohen Investment Advisors LLC,16350.0,0.0008935506356446239,0.042200414068976275,long
357301,TRUSTCO BANK CORP N Y,16325.0,0.0008921843502690205,0.05024450727472603,long
1265131,Hilltop Holdings Inc.,16308.0,0.0008912552762136101,0.3341792464590275,short
1598304,"GM Advisory Group, Inc.",16288.0,0.0008901622479131274,0.3003198077986774,short
1341748,Cypress Capital Group,16235.0,0.0008872657229168482,0.11284792977562597,long
1705711,"Morse Asset Management, Inc",16220.0,0.0008864459516914862,0.18268539783812732,medium
1632972,"WEALTH ENHANCEMENT ADVISORY SERVICES, LLC",16203.0,0.0008855168776360758,0.3165298267086356,short
1535452,Andra AP-fonden,16189.0,0.000884751757825738,0.2722621793411107,medium
1572748,Marathon Trading Investment Management LLC,16174.0,0.0008839319866003758,1.0312503414214467,short
1840501,"Hudson Value Partners, LLC",16174.0,0.0008839319866003758,0.10061654846175513,long
1872254,CV Advisors LLC,16142.0,0.0008821831413196035,0.2501893626177105,medium
1742435,"FORA Capital, LLC",16141.0,0.0008821284899045794,1.377240630778882,short
1935000,TRANSATLANTIQUE PRIVATE WEALTH LLC,16089.0,0.0008792866163233244,0.23593062076511737,medium
1715593,Csenge Advisory Group,16089.0,0.0008792866163233244,0.22448987638728174,medium
1596077,"New England Research & Management, Inc.",16087.0,0.000879177313493276,0.3713861821396256,short
1017115,ROBERTS GLORE & CO INC /IL/,16055.0,0.0008774284682125037,0.06824346331427925,long
1626757,NIXON PEABODY TRUST CO,16031.0,0.0008761168342519244,0.31560020647853493,short
1767715,"GYL Financial Synergies, LLC",16030.0,0.0008760621828369003,0.4095474035460668,short
1965909,"CIC Wealth, LLC",16019.0,0.0008754610172716348,,unclassified
1723223,"KILEY JUERGENS WEALTH MANAGEMENT, LLC",16008.0,0.0008748598517063694,0.0691336478386163,long
1729939,"Cypress Capital, LLC",15993.0,0.0008740400804810072,0.36350764668963015,short
1925853,"Sterling Investment Counsel, LLC",15988.0,0.0008737668234058865,0.17026622203706562,medium
1074902,LCNB CORP,15938.0,0.0008710342526546798,0.07383270037536513,long
1706016,"Family Legacy, Inc.",15928.0,0.0008704877385044385,0.047619912983271964,long
1509873,"STERLING INVESTMENT MANAGEMENT, LLC",15927.0,0.0008704330870894142,0.3034092638624791,short
1867587,"Invst, LLC",15877.0,0.0008677005163382074,0.48067394885639714,short
1352675,Bangor Savings Bank,15777.0,0.0008622353748357938,0.08058563913932329,long
1729516,"Bigelow Investment Advisors, LLC",15745.0,0.0008604865295550215,0.20083113089781546,medium
1793367,"Belmont Capital, LLC",15735.0,0.0008599400154047802,0.19242326204272525,medium
1707202,"Stratos Wealth Advisors, LLC",15735.0,0.0008599400154047802,0.294112765711977,short
1846333,Bradley Mark J.,15705.0,0.0008583004729540561,0.19764246228387414,medium
1655006,NWAM LLC,15621.0,0.0008537097540920286,0.2599328380384363,medium
1765768,Galibier Capital Management Ltd.,15524.0,0.0008484085668346875,0.17508356493646973,medium
1105863,AUXIER ASSET MANAGEMENT,15516.0,0.0008479713555144944,0.018715647831186278,long
1384058,"Redwood Investments, LLC",15437.0,0.0008436538937275877,0.370048633764326,short
1964538,"Mendota Financial Group, LLC",15392.0,0.0008411945800515015,,unclassified
1109767,"NATIONS FINANCIAL GROUP INC, /IA/ /ADV",15381.0,0.0008405934144862361,0.1889295037203325,medium
1033324,FUKOKU MUTUAL LIFE INSURANCE Co,15296.0,0.0008359480442091845,0.11104382361499524,long
1734565,Avitas Wealth Management LLC,15256.0,0.000833761987608219,0.2564449107942187,medium
1755987,Oak Thistle LLC,15240.0,0.0008328875649678329,1.6553104923078559,short
1633387,"RFG Advisory, LLC",15232.0,0.0008324503536476398,0.32399029980198873,short
1652174,Turim 21 Investimentos Ltda.,15229.0,0.0008322863994025673,0.8151895820821433,short
1965941,"Bensler, LLC",15211.0,0.0008313026739321329,0.16318995149342352,medium
1693809,"Vantage Financial Partners Ltd., Inc.",15200.0,0.0008307015083668674,0.18161422039601652,medium
1065349,CAPITAL INTERNATIONAL SARL,15177.0,0.0008294445258213123,0.2461575393924065,medium
1965772,"LMG Wealth Partners, LLC",15129.0,0.0008268212579001538,,unclassified
1765216,Magnus Financial Group LLC,15097.0,0.0008250724126193814,0.20011040790044354,medium
7195,"ARGUS INVESTORS' COUNSEL, INC.",15085.0,0.0008244165956390918,0.11985580272868877,long
906396,MOSELEY INVESTMENT MANAGEMENT INC,15008.0,0.0008202084366822332,0.0855403222095429,long
1844873,"WAYCROSS PARTNERS, LLC",15000.0,0.0008197712253620402,0.3896177192679634,short
1592614,Dempze Nancy E,14954.0,0.00081725726027093,0.049424636650399666,long
1133119,DAVIDSON TRUST CO,14933.0,0.000816109580555423,0.08316736478683606,long
1978883,Hudson Canyon Capital Management,14925.0,0.00081567236923523,0.09536080528959416,long
938077,"DOLIVER ADVISORS, LP",14901.0,0.0008143607352746507,0.09453754447322069,long
1731927,"Elmwood Wealth Management, Inc.",14802.0,0.0008089502451872612,0.165564621975174,medium
1940416,Tevis Investment Management,14727.0,0.000804851389060451,0.1352808559626164,medium
1616328,"Garde Capital, Inc.",14712.0,0.000804031617835089,0.1036698433412011,long
1794153,SCHWARZ DYGOS WHEELER INVESTMENT ADVISORS LLC,14707.0,0.0008037583607599684,0.08353979986363338,long
1802291,Columbia Trust Co 01012016,14700.0,0.0008033758008547994,0.15458831083046876,medium
1766907,Act Two Investors LLC,14675.0,0.000802009515479196,0.3615885941619084,short
1314377,Kidder Stephen W,14650.0,0.0008006432301035926,0.04456970408119849,long
1768099,Qtron Investments LLC,14593.0,0.0007975280994472169,0.23187652195335506,medium
1800913,"Spreng Capital Management, Inc.",14533.0,0.0007942490145457687,0.08532113741017892,long
1667019,"WIMMER ASSOCIATES 1, LLC",14494.0,0.0007921176093598274,0.03744027706106075,long
1512601,BSW Wealth Partners,14490.0,0.0007918990036997308,0.19126632209276923,medium
1277279,"THOMPSON INVESTMENT MANAGEMENT, INC.",14477.0,0.0007911885353044171,0.11508578910562295,long
1427514,"Dana Investment Advisors, Inc.",14454.0,0.0007899315527588619,0.20612011650318485,medium
1767821,"Strategic Blueprint, LLC",14433.0,0.0007887838730433551,0.23902914148481563,medium
1339908,FIRST NATIONAL BANK & TRUST CO OF NEWTOWN,14404.0,0.0007871989820076551,0.010872197742335023,long
1800369,Atlas Private Wealth Management,14399.0,0.0007869257249325344,0.2993311543141768,short
1809043,"Eudaimonia Partners, LLC",14341.0,0.0007837559428611346,0.30359335978061586,short
1856022,"Ronald Blue Trust, Inc.",14313.0,0.0007822257032404587,0.1293794429355395,medium
1512991,Quantbot Technologies LP,14289.0,0.0007809140692798795,1.2617680550569974,short
1004244,NEW ENGLAND ASSET MANAGEMENT INC,14286.0,0.0007807501150348071,0.521298485208031,short
1738723,West Branch Capital LLC,14280.0,0.0007804222065446622,0.03787503466315111,long
1811805,"Capstone Triton Financial Group, LLC",14251.0,0.0007788373155089624,0.17009586553253878,medium
1353110,Aldebaran Financial Inc.,14238.0,0.0007781268471136485,0.15399097329489486,medium
1705716,"Conservest Capital Advisors, Inc.",14223.0,0.0007773070758882865,1.0023089421042006,short
918504,BIRMINGHAM CAPITAL MANAGEMENT CO INC/AL,14221.0,0.0007771977730582383,0.04761936633755896,long
1784777,"Sound View Wealth Advisors Group, LLC",14201.0,0.0007761047447577555,0.15333062904411823,medium
1277557,PRIVATE TRUST CO NA,14160.0,0.000773864036741766,0.13190789142288611,medium
1255435,CUMBERLAND ADVISORS INC,14150.0,0.0007733175225915246,0.3491208793893235,short
1845109,"Oder Investment Management, LLC",14144.0,0.0007729896141013797,0.16113471222195153,medium
1510434,"Empirical Financial Services, LLC d.b.a. Empirical Wealth Management",14084.0,0.0007697105291999317,0.1185763759449941,long
1674623,"WEALTHSOURCE PARTNERS, LLC",14068.0,0.0007688361065595454,0.2471218092434128,medium
1730479,Independence Bank of Kentucky,14066.0,0.0007687268037294972,0.09362744756893934,long
1566113,"Court Place Advisors, LLC",14030.0,0.0007667593527886283,0.04165375331040547,long
1709698,"Intercontinental Wealth Advisors, LLC",14000.0,0.0007651198103379042,0.16755783254613757,medium
1538383,"Westside Investment Management, Inc.",13988.0,0.0007644639933576145,0.4005729039898752,short
1739043,Winthrop Advisory Group LLC,13894.0,0.0007593267603453458,0.14832228869207037,medium
867926,INVESTORS ASSET MANAGEMENT OF GEORGIA INC /GA/ /ADV,13862.0,0.0007575779150645734,0.0853854173870422,long
1907294,JMAC ENTERPRISES LLC,13822.0,0.0007553918584636079,0.12048566861535384,long
1811491,"Auxano Advisors, LLC",13809.0,0.0007546813900682942,0.08986571420652202,long
1764386,Claro Advisors LLC,13806.0,0.0007545174358232218,0.17860544085065733,medium
1975730,"Pinnacle West Asset Management, Inc.",13795.0,0.0007539162702579563,,unclassified
1631507,Leisure Capital Management,13790.0,0.0007536430131828356,0.2028924380978138,medium
1801097,CFM WEALTH PARTNERS LLC,13746.0,0.0007512383509217736,0.09862063676948311,long
1765536,"Summit Financial, LLC",13727.0,0.000750199974036315,0.10878800603593912,long
1510870,"Carlton Hofferkamp & Jenks Wealth Management, LLC",13726.0,0.0007501453226212909,0.07975262969458602,long
1384943,Bath Savings Trust Co,13712.0,0.000749380202810953,0.028643251413260084,long
1570296,"Fernwood Investment Management, LLC",13706.0,0.0007490522943208082,0.13335931690264455,medium
1730817,"180 WEALTH ADVISORS, LLC",13596.0,0.0007430406386681532,0.1120855260536835,long
1973224,"PFG Investments, LLC",13491.0,0.0007373022400906189,,unclassified
1054257,ADIRONDACK TRUST CO,13488.0,0.0007371382858455466,0.03756918176850798,long
1811739,"Annandale Capital, LLC",13486.0,0.0007370289830154982,0.19806633221549333,medium
1715862,Cordatus Wealth Management LLC,13449.0,0.0007350068806596052,1.3601216763191328,short
89014,SENTRY INVESTMENT MANAGEMENT LLC,13303.0,0.0007270277740660814,0.14306750696785525,medium
1566493,"Newman Dignan & Sheerar, Inc.",13301.0,0.0007269184712360331,0.07968406355061997,long
1697934,"Moloney Securities Asset Management, LLC",13299.0,0.0007268091684059848,0.2372504374014076,medium
1598180,Waldron Private Wealth LLC,13297.0,0.0007266998655759366,0.13031285308743562,medium
1690717,"ELCO Management Co., LLC",13269.0,0.0007251696259552607,0.10831410684362561,long
1780507,WT Wealth Management,13224.0,0.0007227103122791746,0.4834135009576285,short
1307877,"Trellus Management Company, LLC",13200.0,0.0007213986783185954,0.3768120872478488,short
1761044,"Compton Wealth Advisory Group, LLC",13167.0,0.0007195951816227989,0.1780058445905563,medium
1972322,"Eaton Financial Holdings Company, LLC",13145.0,0.0007183928504922679,,unclassified
1540656,Gladius Capital Management LP,13099.0,0.0007158788854011576,0.9501449437148644,short
1597690,Trust Investment Advisors,13062.0,0.0007138567830452646,0.15096039142798204,medium
712537,FIRST COMMONWEALTH FINANCIAL CORP /PA/,13047.0,0.0007130370118199026,0.13757543637701275,medium
1879757,"Newbridge Financial Services Group, Inc.",13026.0,0.0007118893321043957,0.18267340169388807,medium
1427147,"Cheviot Value Management, LLC",12890.0,0.0007044567396611132,0.04246309890196851,long
860828,CAPITAL ADVISORS INC/OK,12868.0,0.0007032544085305822,0.12308429616288241,long
1434165,ATLAS CAPITAL ADVISORS LLC,12863.0,0.0007029811514554615,0.34431276148795303,short
1426319,Spears Abacus Advisors LLC,12852.0,0.000702379985890196,0.08766300815201977,long
1008868,MARTIN & CO INC /TN/,12820.0,0.0007006311406094237,0.04932125466248238,long
1535660,Lombard Odier Asset Management (Switzerland) SA,12784.0,0.0006986636896685548,0.48192748644713357,short
1905669,"Synergy Financial Group, LTD",12721.0,0.0006952206505220342,0.15304460237356982,medium
1005441,"Avantax Planning Partners, Inc.",12645.0,0.0006910671429801999,0.12171692347280114,long
1820681,Snider Financial Group,12641.0,0.0006908485373201033,0.23697264224478667,medium
1765690,"MONECO Advisors, LLC",12634.0,0.0006904659774149344,0.14399681698089659,medium
1664214,"Clarius Group, LLC",12624.0,0.000689919463264693,0.1100638091352555,long
1846505,OUTFITTER FINANCIAL LLC,12615.0,0.0006894276005294758,0.06594031558984628,long
1696260,"Good Life Advisors, LLC",12613.0,0.0006893182976994276,0.1885967103353339,medium
1487438,"DONALDSON CAPITAL MANAGEMENT, LLC",12553.0,0.0006860392127979794,0.10614351079885617,long
1830817,Platform Technology Partners,12536.0,0.000685110138742569,0.08617945262316315,long
1900409,"Agate Pass Investment Management, LLC",12509.0,0.0006836345505369174,0.08377223392171135,long
1904770,"Manhattan West Asset Management, LLC",12486.0,0.0006823775679913622,0.2642094741749725,medium
1769578,"Blue Square Asset Management, LLC",12485.0,0.0006823229165763381,0.8362829921876066,short
1681372,"Fairbanks Capital Management, Inc.",12448.0,0.0006803008142204451,0.06956141998744977,long
1632097,"NorthRock Partners, LLC",12427.0,0.0006791531345049383,0.17689141396227123,medium
1089707,LEDERER & ASSOCIATES INVESTMENT COUNSEL/CA,12400.0,0.0006776775462992865,0.04724883937984753,long
1571556,"Pure Financial Advisors, LLC",12355.0,0.0006752182326232004,0.11846088256493839,long
1020585,DUNCKER STREETT & CO INC,12350.0,0.0006749449755480797,0.04251871963076649,long
1660203,"BerganKDV Wealth Management, LLC",12345.0,0.000674671718472959,0.13665201565486199,medium
1133653,WOODMONT INVESTMENT COUNSEL LLC,12338.0,0.0006742891585677901,0.07766184910769647,long
1730578,Vanguard Capital Wealth Advisors,12318.0,0.0006731961302673074,0.21677592457163622,medium
1481986,"DRW Securities, LLC",12313.0,0.0006729228731921867,,unclassified
1681490,"Cascade Investment Advisors, Inc.",12298.0,0.0006721031019668247,0.18946110196743962,medium
1034771,INTRUST BANK NA,12281.0,0.0006711740279114144,0.07263702378167075,long
822648,"CALTON & ASSOCIATES, INC.",12250.0,0.0006694798340456661,0.3046258754828179,short
1787274,Sierra Capital LLC,12247.0,0.0006693158798005938,0.18958782591611087,medium
1910205,"Guardian Wealth Management, Inc.",12227.0,0.000668222851500111,0.12298881173487455,long
1678953,"Nicholas Hoffman & Company, LLC.",12224.0,0.0006680588972550386,0.495784745159651,short
1790295,DELTA FINANCIAL ADVISORS LLC,12193.0,0.0006663647033892904,0.0351587292910693,long
1806428,"Tempus Wealth Planning, LLC",12176.0,0.0006654356293338801,0.29601619790732286,short
1696628,Shepherd Financial Partners LLC,12155.0,0.0006642879496183733,0.19270468060402393,medium
1929008,Balboa Wealth Partners,12121.0,0.0006624298015075526,,unclassified
1965351,Garden State Investment Advisory Services LLC,12055.0,0.0006588228081159597,,unclassified
1803804,Archer Investment Corp,12047.0,0.0006583855967957665,0.2392433978566737,medium
1511857,"Clear Harbor Asset Management, LLC",12046.0,0.0006583309453807424,0.17225263253673984,medium
1764581,CM WEALTH ADVISORS LLC,12027.0,0.0006572925684952838,1.6206665563213989,short
801051,CONNING INC.,12023.0,0.0006570739628351873,0.1445228013394548,medium
1668189,"Cornerstone Advisory, LLC",12013.0,0.0006565274486849459,0.10836417882650626,long
1725888,Lester Murray Antman dba SimplyRich,12006.0,0.000656144888779777,0.052215593326269634,long
1817174,"Prudent Man Advisors, LLC",11981.0,0.0006547786034041736,0.1007127981480467,long
1661536,Delaney Dennis R,11954.0,0.000653303015198522,,unclassified
1820879,Advisor Resource Council,11929.0,0.0006519367298229184,0.9487120688052852,short
1054646,CAPE COD FIVE CENTS SAVINGS BANK,11928.0,0.0006518820784078943,0.08723174658320705,long
1910411,"Confluence Wealth Services, Inc.",11908.0,0.0006507890501074116,0.34781903999426184,short
1578242,"Circle Wealth Management, LLC",11881.0,0.00064931346190176,0.03407765327593243,long
1775391,"Joseph P. Lucia & Associates, LLC",11865.0,0.0006484390392613738,0.11082371070699505,long
1961893,SYSTM Wealth Solutions LLC,11855.0,0.0006478925251111325,,unclassified
1593324,Penserra Capital Management LLC,11837.0,0.000646908799640698,0.38196676955485354,short
1174850,NICOLET BANKSHARES INC,11758.0,0.0006425913378537912,0.08881728150355277,long
1978879,"Atomi Financial Group, Inc.",11757.0,0.0006425366864387671,,unclassified
1778185,PRIVATE CAPITAL MANAGEMENT LLC,11745.0,0.0006418808694584775,0.1986567924264472,medium
1846138,"SITTNER & NELSON, LLC",11697.0,0.0006392576015373189,0.0647635234783051,long
1342396,FOUNDERS FINANCIAL SECURITIES LLC,11695.0,0.0006391482987072707,0.282079457810203,medium
84616,ROCKLAND TRUST CO,11625.0,0.0006353226996555812,0.0978005865827491,long
1632932,"Sunbelt Securities, Inc.",11624.0,0.000635268048240557,0.17984681102775257,medium
944361,"CLIFTONLARSONALLEN WEALTH ADVISORS, LLC",11587.0,0.0006332459458846639,0.6741714326973185,short
1803425,CAROLINAS WEALTH CONSULTING LLC,11582.0,0.0006329726888095433,0.08309090548603511,long
1483232,"TIEDEMANN ADVISORS, LLC",11582.0,0.0006329726888095433,0.2653552209585842,medium
1667146,"Ausdal Financial Partners, Inc.",11563.0,0.0006319343119240848,0.23861041884545828,medium
1568068,"JFS WEALTH ADVISORS, LLC",11556.0,0.0006315517520189157,0.06254478487166372,long
1710537,"EverSource Wealth Advisors, LLC",11541.0,0.0006307319807935537,0.3089326292389192,short
1765885,"Allred Capital Management, LLC",11516.0,0.0006293656954179503,0.0968486552378392,long
1390003,Southeast Asset Advisors Inc.,11478.0,0.0006272889416470332,0.06253313712535363,long
1030618,CYPRESS ASSET MANAGEMENT INC/TX,11471.0,0.0006269063817418642,0.04901472191003104,long
1276918,ZEVENBERGEN CAPITAL INVESTMENTS LLC,11470.0,0.0006268517303268401,0.24029044269724678,medium
1056516,"Palouse Capital Management, Inc.",11462.0,0.000626414519006647,0.21888150601746942,medium
1696136,"Omnia Family Wealth, LLC",11450.0,0.0006257587020263573,0.3792261490950495,short
1868872,Buckingham Strategic Partners,11436.0,0.0006249935822160194,0.35240943757795706,short
1022837,"SUMITOMO MITSUI FINANCIAL GROUP, INC.",11431.0,0.0006247203251408987,0.3043195059961663,short
1740140,VISTA INVESTMENT MANAGEMENT,11408.0,0.0006234633425953437,0.10929488413803745,long
1861796,"NewEdge Wealth, LLC",11402.0,0.0006231354341051989,0.21803730886785386,medium
1729754,Uncommon Cents Investing LLC,11398.0,0.0006229168284451023,0.03775637030213054,long
1904432,"Evergreen Wealth Solutions, LLC",11393.0,0.0006226435713699816,0.2334175521267583,medium
1745885,Dash Acquisitions Inc.,11383.0,0.0006220970572197403,0.10267351603496022,long
1943239,V-Square Quantitative Management LLC,11371.0,0.0006214412402394506,,unclassified
1411784,"Pinnacle Holdings, LLC",11363.0,0.0006210040289192575,0.0833455951475043,long
1819476,Onyx Bridge Wealth Group LLC,11354.0,0.0006205121661840403,0.5982169803529657,short
1641447,Lavaca Capital LLC,11335.0,0.0006194737892985817,0.5208057070877296,short
1855567,"Naviter Wealth, LLC",11316.0,0.0006184354124131232,0.42697967464438696,short
1527641,"MATHER GROUP, LLC.",11303.0,0.0006177249440178094,0.14552726609765843,medium
1730383,Chesapeake Wealth Management,11286.0,0.0006167958699623991,0.08563734253357168,long
1665976,"Coastal Bridge Advisors, LLC",11281.0,0.0006165226128872784,0.1564649410818449,medium
1775863,"NICOLET ADVISORY SERVICES, LLC",11273.0,0.0006160854015670853,0.15041291283275,medium
1748861,"Bay Colony Advisory Group, Inc d/b/a Bay Colony Advisors",11263.0,0.0006155388874168439,0.19300548288067174,medium
1843558,"Lumature Wealth Partners, LLC",11246.0,0.0006146098133614336,0.15205252528606583,medium
1789219,Charles Schwab Trust Co,11216.0,0.0006129702709107096,0.2081030332253839,medium
1576102,"Blue Fin Capital, Inc.",11193.0,0.0006117132883651544,0.05116292852554375,long
1929662,"Quantum Private Wealth, LLC",11193.0,0.0006117132883651544,0.10014769209656528,long
1568787,"Waverly Advisors, LLC",11187.0,0.0006113853798750096,0.2219428789233363,medium
1891713,"Herold Advisors, Inc.",11180.0,0.0006110028199698406,0.1536484705671993,medium
1557406,Sippican Capital Advisors,11146.0,0.00060914467185902,0.08347215349512378,long
1767343,"DAGCO, Inc.",11120.0,0.0006077237350683924,0.17696831656782822,medium
1718732,"Icon Wealth Partners, LLC",11108.0,0.0006070679180881028,,unclassified
1698478,"Summit Trail Advisors, LLC",11105.0,0.0006069039638430305,0.22810396924588788,medium
1080132,Peloton Wealth Strategists,11080.0,0.0006055376784674271,0.06593860028201054,long
1553540,"Smith Anglin Financial, LLC",11071.0,0.0006050458157322098,0.304016022417702,short
1035912,EADS & HEALD WEALTH MANAGEMENT,11057.0,0.0006042806959218719,0.06537446769430266,long
1432539,"Strategic Financial Services, Inc,",11052.0,0.0006040074388467512,0.1211391276277077,long
1037763,OPTIMUM INVESTMENT ADVISORS,11009.0,0.0006016574280007133,0.07569543178634333,long
1801112,"Great Diamond Partners, LLC",10991.0,0.0006006737025302789,0.22501843323346726,medium
1845531,Constitution Capital LLC,10985.0,0.0006003457940401341,0.14390037980722814,medium
1534866,Boston Trust Walden Corp,10984.0,0.0006002911426251099,0.08526398689899706,long
1439743,Mechanics Bank Trust Department,10984.0,0.0006002911426251099,0.04635995486706594,long
1067532,FORBES J M & CO LLP,10970.0,0.0005995260228147721,0.13675384823700046,medium
1714341,"Abbot Financial Management, Inc.",10967.0,0.0005993620685696997,0.07153945862464337,long
1409362,"AdvisorNet Financial, Inc",10963.0,0.0005991434629096031,0.1185162200834615,long
1869164,Gordian Capital Singapore Pte Ltd,10961.0,0.0005990341600795549,0.24435536824059673,medium
1744073,"AJ WEALTH STRATEGIES, LLC",10882.0,0.0005947166982926481,0.37218078320282677,short
1606609,"Archford Capital Strategies, LLC",10873.0,0.0005942248355574308,0.15877635100233214,medium
1780607,Arden Trust Co,10872.0,0.0005941701841424067,0.450602031607605,short
1349654,"OBERMEYER WOOD INVESTMENT COUNSEL, LLLP",10808.0,0.000590672493580862,0.162242743818293,medium
1535387,Dynamic Technology Lab Private Ltd,10807.0,0.0005906178421658379,1.395861725631966,short
1665241,Schonfeld Strategic Advisors LLC,10751.0,0.0005875573629244863,0.9694600491541403,short
1906640,"Widmann Financial Services, Inc.",10718.0,0.0005857538662286897,0.053889379222507604,long
1982273,Nemes Rush Group LLC,10685.0,0.0005839503695328933,,unclassified
1951586,"Schechter Investment Advisors, LLC",10667.0,0.0005829666440624588,0.3525162005043997,short
1763722,Meridian Financial Partners LLC,10660.0,0.0005825840841572899,0.5120139820670726,short
1426851,"Argent Advisors, Inc.",10630.0,0.0005809445417065658,0.19651924984850078,medium
940445,BURNEY CO/,10612.0,0.0005799608162361313,0.22734239062006387,medium
1538853,MIRABELLA FINANCIAL SERVICES LLP,10597.0,0.0005791410450107693,1.3947830499285574,short
1802225,"Copperleaf Capital, LLC",10574.0,0.0005778840624652142,0.4251663967852482,short
1821336,Mechanics Financial Corp,10566.0,0.0005774468511450211,0.03361499756600525,long
1634556,"True North Advisors, LLC",10561.0,0.0005771735940699004,0.32863901436526455,short
1214183,FIRST UNITED BANK & TRUST,10556.0,0.0005769003369947797,0.05653051383136937,long
1703556,Ridgewood Investments LLC,10536.0,0.000575807308694297,0.19639867279622863,medium
1661149,V Wealth Advisors LLC,10529.0,0.0005754247487891281,0.20506219315000856,medium
790354,CHEMUNG CANAL TRUST CO,10513.0,0.0005745503261487419,0.1801091347661364,medium
1568891,"Covey Capital Advisors, LLC",10495.0,0.0005735666006783074,0.09641709947383477,long
1318601,"Acropolis Investment Management, LLC",10494.0,0.0005735119492632833,0.09815906608219435,long
1536924,"LBMC INVESTMENT ADVISORS, LLC",10484.0,0.000572965435113042,0.03193126840035275,long
1846310,Palumbo Wealth Management LLC,10466.0,0.0005719817096426075,0.19950635834482033,medium
1602905,MCF Advisors LLC,10462.0,0.000571763103982511,0.15452728194979282,medium
1977092,"Legacy Capital Group California, Inc.",10434.0,0.0005702328643618352,,unclassified
1021258,BALDWIN BROTHERS LLC/MA,10383.0,0.0005674456421956042,0.15678320192348771,medium
1843848,TriaGen Wealth Management LLC,10363.0,0.0005663526138951215,0.3817501302287077,short
1729515,Aries Wealth Management,10322.0,0.000564111905879132,0.06215698912080265,long
1398346,MEITAV INVESTMENT HOUSE LTD,10310.0,0.0005634560888988423,0.4042594988650752,short
1800465,"XML Financial, LLC",10291.0,0.0005624177120133838,0.24380783726423516,medium
1085041,FIRST NATIONAL BANK SIOUX FALLS,10266.0,0.0005610514266377804,0.37520329035373723,short
1424367,"Voya Financial Advisors, Inc.",10261.0,0.0005607781695626597,0.13741824277574807,medium
1740839,GABLES CAPITAL MANAGEMENT INC.,10251.0,0.0005602316554124182,0.03260208936801408,long
1885767,"DB Fitzpatrick & Co, Inc",10242.0,0.0005597397926772011,0.20614576041121768,medium
1697493,"Symmetry Partners, LLC",10231.0,0.0005591386271119356,0.1230094350847699,long
1317829,Buffington Mohr McNeal,10228.0,0.0005589746728668631,0.09014829468600165,long
1752212,Essex Savings Bank,10170.0,0.0005558048907954632,0.055752636773036546,long
1022314,FORTE CAPITAL LLC /ADV,10168.0,0.000555695587965415,0.08305034300680586,long
1784450,"Marcum Wealth, LLC",10145.0,0.0005544386054198598,0.11671016430678016,long
1841815,"TCG Advisory Services, LLC",10130.0,0.0005536188341944978,0.45675871828399656,short
1767868,"Inscription Capital, LLC",10126.0,0.0005534002285344013,0.31443141530987345,short
1909760,"Zullo Investment Group, Inc.",10124.0,0.000553290925704353,0.07370763778744185,long
1775321,Bremer Bank National Association,10108.0,0.0005524165030639668,0.13812346780411922,medium
1715228,"Wealth Advisors of Tampa Bay, LLC",10089.0,0.0005513781261785082,0.2342453542776534,medium
1877829,"Cherry Creek Investment Advisors, Inc.",10084.0,0.0005511048691033875,0.06558752133974297,long
1809236,"Salvus Wealth Management, LLC",10059.0,0.0005497385837277841,0.09908473198056986,long
945625,HARTLINE INVESTMENT CORP/,10051.0,0.0005493013724075911,0.9725470083789578,short
1851418,"Valley Brook Capital Group, Inc.",10035.0,0.0005484269497672048,0.037770546284751044,long
1784235,"Clear Creek Financial Management, LLC",10016.0,0.0005473885728817463,0.4247576940167581,short
1102256,OLD POINT TRUST & FINANCIAL SERVICES N A,10007.0,0.0005468967101465291,0.052289523484814505,long
1742569,"O'Dell Group, LLC",10004.0,0.0005467327559014566,0.31403910231472976,short
1491072,Anson Funds Management LP,10000.0,0.0005465141502413602,1.1120773115383322,short
878228,WENDELL DAVID ASSOCIATES INC,9973.0,0.0005450385620357084,0.019732732327334884,long
1425165,Apriem Advisors,9903.0,0.0005412129629840189,0.10871253163371465,long
1767802,"My Legacy Advisors, LLC",9896.0,0.00054083040307885,0.2546133386944495,medium
3520,"FRED ALGER MANAGEMENT, LLC",9891.0,0.0005405571460037293,0.34354542290167006,short
1910854,"VANCE WEALTH, INC.",9883.0,0.0005401199346835362,0.1615649276546559,medium
1531721,"PINEBRIDGE INVESTMENTS, L.P.",9875.0,0.0005396827233633432,0.29710378463473913,short
49096,WINTRUST INVESTMENTS LLC,9857.0,0.0005386989978929087,0.3392352153154913,short
1972835,Consolidated Portfolio Review Corp,9804.0,0.0005358024728966295,,unclassified
1387723,BANK OF STOCKTON,9779.0,0.0005344361875210261,0.1312767734087525,medium
1944437,"Cape Investment Advisory, Inc.",9768.0,0.0005338350219557605,,unclassified
1721527,"Cypress Wealth Services, LLC",9703.0,0.0005302826799791917,0.16266646682610725,medium
1058470,ICON ADVISERS INC/CO,9700.0,0.0005301187257341193,0.4362619921040229,short
1732537,TLWM,9698.0,0.000530009422904071,0.3856328003253804,short
1767107,"GARRISON POINT ADVISORS, LLC",9677.0,0.0005288617431885642,0.04763312788527545,long
1808919,"Hunter Perkins Capital Management, LLC",9674.0,0.0005286977889434918,0.3814912600495872,short
1321993,"GRIMES & COMPANY, INC.",9663.0,0.0005280966233782262,0.32952964552151826,short
1476225,"Endurance Wealth Management, Inc.",9651.0,0.0005274408063979367,0.061844987548476976,long
1909904,GREENUP STREET WEALTH MANAGEMENT LLC,9644.0,0.0005270582464927677,0.3994997416379663,short
1852930,"Mayflower Financial Advisors, LLC",9644.0,0.0005270582464927677,0.09420259038490854,long
1633172,"Bison Wealth, LLC",9643.0,0.0005270035950777435,0.361378689168283,short
1126395,EASTERN BANK,9639.0,0.0005267849894176471,0.1218593092448412,long
831941,RESOURCE CONSULTING GROUP INC,9612.0,0.0005253094012119953,0.21932544144767835,medium
1689013,JT Stratford LLC,9601.0,0.0005247082356467298,0.3087197467801035,short
1971111,"Tilt Investment Management Holdings, PBC",9588.0,0.000523997767251416,,unclassified
1599852,"Holt Capital Advisors, L.L.C. dba Holt Capital Partners, L.P.",9542.0,0.0005214838021603058,0.18431627075755716,medium
1929071,"Finer Wealth Management, Inc.",9531.0,0.0005208826365950403,0.05153907804534617,long
1997586,"Etesian Wealth Advisors, Inc.",9522.0,0.0005203907738598231,,unclassified
1893261,"Alliance Wealth Advisors, LLC /UT",9481.0,0.0005181500658438335,,unclassified
1566653,"Eqis Capital Management, Inc.",9454.0,0.0005166744776381819,0.3466606552454798,short
1889322,Strong Tower Advisory Services,9443.0,0.0005160733120729164,0.15413078916921671,medium
1541787,"Nadler Financial Group, Inc.",9392.0,0.0005132860899066855,0.13187841678889267,medium
1430681,Hayek Kallen Investment Management,9375.0,0.0005123570158512751,0.04275772254955512,long
1527488,TOBAM,9357.0,0.0005113732903808407,0.31518888773517784,short
1582968,"Polaris Wealth Advisory Group, LLC",9355.0,0.0005112639875507924,0.5115673126626025,short
1443077,INTACT INVESTMENT MANAGEMENT INC.,9350.0,0.0005109907304756717,0.35990653377223625,short
1870364,Y.D. More Investments Ltd,9346.0,0.0005107721248155751,,unclassified
842782,ZWJ INVESTMENT COUNSEL INC,9341.0,0.0005104988677404545,0.13496405810177503,medium
1855835,Piscataqua Savings Bank,9303.0,0.0005084221139695373,0.04589548863909547,long
1803848,RMR Wealth Builders,9299.0,0.0005082035083094408,0.14022190310509383,medium
1770710,Enterprise Bank & Trust Co,9264.0,0.000506290708783596,0.10430102796538672,long
1634047,"Vident Investment Advisory, LLC",9262.0,0.0005061814059535478,0.474279890584488,short
1610880,BlueCrest Capital Management Ltd,9217.0,0.0005037220922774617,1.2781504398940915,short
1841259,"Octavia Wealth Advisors, LLC",9208.0,0.0005032302295422444,0.176876820310491,medium
1774207,Jupiter Wealth Management LLC,9195.0,0.0005025197611469306,0.14207411061505312,medium
1839826,"Monterey Private Wealth, Inc.",9145.0,0.0004997871903957238,0.12226827981381776,long
1800692,"Secure Asset Management, LLC",9129.0,0.0004989127677553376,0.2952476233608493,short
1983616,First County Bank /CT/,9116.0,0.0004982022993600239,,unclassified
1056827,ARMSTRONG HENRY H ASSOCIATES INC,9115.0,0.0004981476479449997,0.022004065412551798,long
1957867,Hilltop Partners LLC,9096.0,0.0004971092710595412,,unclassified
1206792,DEARBORN PARTNERS LLC,9087.0,0.000496617408324324,0.05485837521721222,long
1847956,"Bridge Advisory, LLC",9086.0,0.0004965627569092999,0.23383778911928146,medium
1137429,WHITE PINE CAPITAL LLC,9081.0,0.0004962894998341792,0.10459952136478814,long
1588871,"Oakworth Capital, Inc.",9030.0,0.0004935022776679483,0.18763895507847958,medium
1544366,"Samalin Investment Counsel, LLC",9017.0,0.0004927918092726344,0.18735491734387666,medium
315080,BANK OF HAWAII,9015.0,0.0004926825064425861,0.07564351243628084,long
1845373,Humankind Investments LLC,9010.0,0.0004924092493674654,0.10121675378081563,long
1599670,Barbara Oil Co.,9000.0,0.0004918627352172242,0.014207032564482903,long
1511847,Lumina Fund Management LLC,9000.0,0.0004918627352172242,0.031977736868056064,long
1763350,"Main Street Financial Solutions, LLC",8998.0,0.0004917534323871758,0.21732534264325162,medium
1820593,"Navalign, LLC",8972.0,0.0004903324955965483,0.15581116763585534,medium
1468792,"HARBOR INVESTMENT ADVISORY, LLC",8966.0,0.0004900045871064035,0.13096898472520843,medium
1963169,"HF Advisory Group, LLC",8944.0,0.0004888022559758725,,unclassified
1832190,"Founders Financial Alliance, LLC",8922.0,0.0004875999248453415,0.23130689472943453,medium
1179791,CIM INVESTMENT MANAGEMENT INC,8900.0,0.0004863975937148105,0.13151284236296001,medium
1882673,US Asset Management LLC,8880.0,0.0004853045654143278,,unclassified
1843826,Alta Wealth Advisors LLC,8867.0,0.00048459409701901405,0.13627312208909947,medium
1912460,"Mystic Asset Management, Inc.",8863.0,0.00048437549135891747,0.050811467422774634,long
1965401,"VIAWEALTH, LLC",8858.0,0.0004841022342837968,,unclassified
1740063,"Pflug Koory, LLC",8857.0,0.00048404758286877265,0.007636594572818428,long
1765285,"Apexium Financial, LP",8851.0,0.00048371967437862783,0.40083846923281863,short
1416692,"Financial Architects, Inc",8849.0,0.0004836103715485796,0.4660609483608232,short
1846002,Oxler Private Wealth LLC,8805.0,0.0004812057092875176,0.1835274659180474,medium
1286295,"Profit Investment Management, LLC",8793.0,0.000480549892307228,0.06346370853078863,long
1376113,ALPS ADVISORS INC,8780.0,0.0004798394239119142,0.1307219263944914,medium
1682501,"Harbour Capital Advisors, LLC",8779.0,0.00047978477249689005,0.14174120361774523,medium
1768302,"ERn Financial, LLC",8754.0,0.00047841848712128665,0.12055799362256411,long
1556245,Sandhill Capital Partners LLC,8753.0,0.00047836383570626253,0.18593474800878923,medium
1931232,Carr Financial Group Corp,8739.0,0.0004775987158959246,,unclassified
1482171,DAVIS-REA LTD.,8720.0,0.000476560339010466,0.32059586762379316,short
1764970,"Kozak & Associates, Inc.",8702.0,0.00047557661354003157,0.12394124735586048,long
1602730,"Abacus Planning Group, Inc.",8700.0,0.00047546731070998333,0.09498487959943948,long
1731123,"Biltmore Family Office, LLC",8693.0,0.00047508475080481434,0.1742511908757717,medium
1576151,"EXENCIAL WEALTH ADVISORS, LLC",8692.0,0.0004750300993897902,0.16154167802533814,medium
1542265,Gradient Investments LLC,8686.0,0.0004747021908996454,0.49238678365180577,short
1802654,Aberdeen Wealth Management LLC,8659.0,0.00047322660269399376,0.0557915842739493,long
1950947,"Cyndeo Wealth Partners, LLC",8656.0,0.00047306264844892135,,unclassified
1050068,"INVESTMENT PARTNERS, LTD.",8636.0,0.0004719696201484386,0.35936981764019366,short
1518364,Accredited Investors Inc.,8617.0,0.00047093124326298,0.19922120615779154,medium
1729847,"Nikulski Financial, Inc.",8612.0,0.0004706579861878593,0.061098561611405276,long
1919867,iSAM Funds (UK) Ltd,8593.0,0.00046961960930240075,,unclassified
1912128,"McDonough Capital Management, Inc",8570.0,0.00046836262675684564,0.042537492650211846,long
1859918,TECTONIC ADVISORS LLC,8562.0,0.00046792541543665253,0.13961479720284808,medium
1343916,IMS Capital Management,8553.0,0.0004674335527014353,0.11467063578286002,long
1826136,"Berger Financial Group, Inc",8549.0,0.00046721494704133877,0.15973174169980003,medium
1579111,Wolf Group Capital Advisors,8538.0,0.0004666137814760733,0.17923642358946357,medium
1082509,SMITH CHAS P & ASSOCIATES PA CPAS,8537.0,0.00046655913006104913,0.0882648674737351,long
1729677,"LexAurum Advisors, LLC",8528.0,0.0004660672673258319,0.15282814670797426,medium
1307878,Laffer Tengler Investments,8526.0,0.00046595796449578367,0.16728563878210678,medium
1701132,"Sterling Investment Advisors, Ltd.",8515.0,0.00046535679893051815,0.13635219751608585,medium
1831542,Hexagon Capital Partners LLC,8506.0,0.0004648649361953009,0.08279986685774378,long
1847343,InTrack Investment Management Inc,8504.0,0.0004647556333652527,0.2932473816113303,short
1091370,"THOROUGHBRED FINANCIAL SERVICES, LLC",8500.0,0.0004645370277051561,0.12182599702110522,long
1730630,Investors Research Corp,8465.0,0.00046262422817931135,0.05458893483433954,long
1845199,CoreFirst Bank & Trust,8457.0,0.00046218701685911824,0.11328741673232107,long
893738,DELTA CAPITAL MANAGEMENT LLC,8425.0,0.0004604381715783459,0.0263332575892438,long
1966026,SILVERLAKE WEALTH MANAGEMENT LLC,8413.0,0.00045978235459805626,0.10502119543622077,long
1842811,IVC Wealth Advisors LLC,8412.0,0.00045972770318303215,0.2558325817343148,medium
1694435,PFG Advisors,8408.0,0.0004595090975229356,0.3076904106379751,short
1946733,Sonnipe Ltd,8403.0,0.0004592358404478149,,unclassified
1350694,"Bridgewater Associates, LP",8397.0,0.0004589079319576701,0.2994990838496185,short
1834874,"Audent Global Asset Management, LLC",8385.0,0.00045825211497738046,0.4753616508546996,short
1721780,Successful Portfolios LLC,8375.0,0.0004577056008271391,0.17578782465291937,medium
1525109,"Wills Financial Group, Inc.",8352.0,0.000456448618281584,0.10594251777548488,long
1912339,Resurgent Financial Advisors LLC,8342.0,0.0004559021041313426,0.2613143019731579,medium
1964358,"Worth Financial Advisory Group, LLC",8304.0,0.00045382535036042544,,unclassified
1911412,EFG Asset Management (North America) Corp.,8267.0,0.0004518032480045324,0.34509973802160215,short
1745879,Unigestion Holding SA,8248.0,0.00045076487111907383,0.24324389625113615,medium
1597843,"PEDDOCK CAPITAL ADVISORS, LLC",8237.0,0.00045016370555380836,0.08041760283841454,long
1912612,"Key Client Fiduciary Advisors, LLC",8222.0,0.0004493439343284463,0.20715233584540904,medium
1740053,"Chicago Capital, LLC",8188.0,0.0004474857862176257,0.1043991483546804,long
1800752,"CERTUITY, LLC",8180.0,0.0004470485748974326,0.3110609477647459,short
1824694,"Signature Wealth Management Partners, LLC",8146.0,0.00044519042678661195,0.11343877041198519,long
1741736,"Financial Gravity Asset Management, Inc.",8139.0,0.000444807866881443,1.0366671281466926,short
1737089,CX Institutional,8123.0,0.00044393344424105684,0.5179508757114828,short
1511697,Huber Capital Management LLC,8100.0,0.0004426764616955017,0.17819336507818412,medium
1801881,"DOHJ, LLC",8088.0,0.0004420206447152121,0.26227042357187147,medium
1667140,"WESCAP Management Group, Inc.",8076.0,0.00044136482773492246,0.11820022151236956,long
1903905,"Peterson Financial Group, Inc.",8048.0,0.00043983458811424665,0.5993344643239374,short
1929170,"ANGELES WEALTH MANAGEMENT, LLC",8044.0,0.00043961598245415007,0.17782061636895882,medium
1080201,VALICENTI ADVISORY SERVICES INC,8039.0,0.0004393427253790294,0.13642345086243976,medium
1912338,"Quent Capital, LLC",8038.0,0.00043928807396400525,0.1205244838677082,long
1356407,Indiana Trust & Investment Management CO,8025.0,0.0004385776055686915,0.050533142030201206,long
1759271,"Principal Street Partners, LLC",8024.0,0.00043852295415366737,0.3965678923294446,short
1697791,United Bank,7995.0,0.00043693806311796745,0.07462860836667487,long
1387615,Aull & Monroe Investment Management Corp,7980.0,0.0004361182918926054,0.024619234913537406,long
1692038,"SIMON QUICK ADVISORS, LLC",7970.0,0.00043557177774236405,0.19764689626476584,medium
1866189,"Keystone Wealth Services, LLC",7952.0,0.0004345880522719296,0.20545784891589267,medium
1908186,Missouri Trust & Investment Co,7948.0,0.000434369446611833,0.09158977387762322,long
1175954,CENTRAL BANK & TRUST CO,7947.0,0.0004343147951968089,0.12366491106397375,long
1751581,Cooper Financial Group,7920.0,0.0004328392069911572,0.20497128905961565,medium
1965760,"DUDLEY CAPITAL MANAGEMENT, LLC",7916.0,0.00043262060133106067,,unclassified
1141781,NICHOLS & PRATT ADVISERS LLP /MA,7882.0,0.00043076245322024004,0.06056463085867999,long
1512779,"ROCKY MOUNTAIN ADVISERS, LLC",7876.0,0.0004304345447300952,0.2199870374131287,medium
1913420,FirstPurpose Wealth LLC,7873.0,0.0004302705904850228,0.20292635298886108,medium
895213,"Capital International, Inc./CA/",7873.0,0.0004302705904850228,0.2627092062031849,medium
1346378,"Baldwin Investment Management, LLC",7833.0,0.00042808453388405737,0.23489433198910611,medium
1900584,"Amplius Wealth Advisors, LLC",7828.0,0.0004278112768089367,0.5452113867102432,short
1860719,"RIDGECREST WEALTH PARTNERS, LLC",7814.0,0.0004270461569985988,0.07558584840662155,long
1961635,BEACON INVESTMENT ADVISORS LLC,7812.0,0.00042693685416855055,,unclassified
1080197,SCHULHOFF & CO INC,7809.0,0.00042677289992347814,0.09233676823167249,long
1776821,"Spectrum Wealth Advisory Group, LLC",7798.0,0.0004261717343582126,0.2555319127908171,medium
1767384,"Clarity Wealth Advisors, LLC",7780.0,0.00042518800888777816,0.05651790171377617,long
1114702,MARIETTA INVESTMENT PARTNERS LLC,7780.0,0.00042518800888777816,0.1974827236584069,medium
2004720,WEST PACES ADVISORS INC.,7773.0,0.0004248054489826092,0.09335731611350072,long
1963807,"Goldstein Advisors, LLC",7771.0,0.00042469614615256093,,unclassified
1769302,LIBERTY WEALTH MANAGEMENT LLC,7768.0,0.0004245321919074885,,unclassified
1772715,Prestige Wealth Management Group LLC,7759.0,0.00042404032917227135,0.24609109082878136,medium
1123812,PROFFITT & GOODSON INC,7731.0,0.00042251008955159554,0.0802673529908046,long
1314376,Broderick Brian C,7717.0,0.0004217449697412576,0.04499136385663596,long
1037558,FOSTER DYKEMA CABOT & CO INC/MA,7700.0,0.0004208158956858473,0.1333666420043721,medium
1908936,"Sweet Financial Partners, LLC",7693.0,0.00042043333578067833,0.1526609519878698,medium
1005817,TOMPKINS FINANCIAL CORP,7681.0,0.0004197775188003887,0.05505646047695652,long
1744955,"Providence Wealth Advisors, LLC",7662.0,0.0004187391419149301,0.16729606951171977,medium
1622820,Rosenbaum Jay D.,7652.0,0.00041819262776468877,0.13195320788824788,medium
945631,EAGLE CAPITAL MANAGEMENT LLC,7619.0,0.00041638913106889226,0.15334446575980726,medium
1665199,"StrategIQ Financial Group, LLC",7576.0,0.00041403912022285446,0.09558039525399259,long
1990099,"Armstrong, Fleming & Moore, Inc",7566.0,0.00041349260607261305,,unclassified
1767302,"Cedar Brook Financial Partners, LLC",7559.0,0.0004131100461674441,0.12211868007615476,long
1744091,Hall Private Wealth Advisors,7545.0,0.00041234492635710624,0.21690838903931453,medium
781875,"COMERICA SECURITIES,INC.",7521.0,0.00041103329239652696,0.15670315896535708,medium
1101250,BURKE & HERBERT BANK & TRUST CO,7513.0,0.00041059608107633385,0.08123047662998692,long
46392,"HAZLETT, BURT & WATSON, INC.",7510.0,0.00041043212683126144,0.07524439947470274,long
1887163,Zenyatta Capital Management LP,7500.0,0.0004098856126810201,1.0968993585085096,short
1729755,"Strategic Family Wealth Counselors, L.L.C.",7491.0,0.00040939374994580286,0.12410395021944436,long
1861125,Westwood Wealth Management,7490.0,0.00040933909853077874,0.08476976392538932,long
1099762,"MARINO, STRAM & ASSOCIATES LLC",7479.0,0.0004087379329655132,0.059227932575366335,long
1127612,MAINSTAY CAPITAL MANAGEMENT LLC /ADV,7474.0,0.0004084646758903926,0.4238811230717239,short
1733755,Arnhold LLC,7464.0,0.0004079181617401512,0.11130794543757251,long
1542287,"Annex Advisory Services, LLC",7452.0,0.0004072623447598616,0.2571053598575241,medium
1535110,Parametrica Management Ltd,7445.0,0.0004068797848546926,0.9815814581900739,short
1906866,MATRIX PRIVATE CAPITAL GROUP LLC,7444.0,0.0004068251334396685,0.14726177410872188,medium
1662212,Grove Bank & Trust,7443.0,0.00040677048202464436,0.11057477725436872,long
1870761,Bank of New Hampshire,7437.0,0.00040644257353449954,0.07373571685804536,long
1899030,Fifth Third Wealth Advisors LLC,7435.0,0.00040633327070445125,,unclassified
1963612,Cassaday & Co Wealth Management LLC,7431.0,0.0004061146650443547,,unclassified
1531971,XR Securities LLC,7402.0,0.0004045297740086548,1.1984890001704414,short
1044924,SAYBROOK CAPITAL /NC,7400.0,0.0004044204711786065,0.026535427509627667,long
1108969,"CHATHAM CAPITAL GROUP, INC.",7386.0,0.00040365535136826857,0.11817833471660916,long
1729672,"Global Trust Asset Management, LLC",7353.0,0.0004018518546724721,0.07938189027336512,long
1846161,"OAK FAMILY ADVISORS, LLC",7353.0,0.0004018518546724721,0.30250579205701694,short
1726752,"Pinnacle Wealth Planning Services, Inc.",7340.0,0.00040114138627715836,0.19385972444399088,medium
1484265,"McKinley Carter Wealth Services, Inc.",7334.0,0.00040081347778701354,0.13678794403149602,medium
1605522,"St. Johns Investment Management Company, LLC",7321.0,0.0004001030093916997,0.06499960295559949,long
1844314,"Montis Financial, LLC",7316.0,0.0003998297523165791,0.14712689811355378,medium
1663649,"YOUNGS ADVISORY GROUP, INC.",7309.0,0.00039944719241141014,0.12124746723152213,long
1717658,"DeDora Capital, Inc.",7307.0,0.00039933788958136185,0.10346743276258051,long
1425845,"Vigilant Capital Management, LLC",7297.0,0.0003987913754311205,0.08961733284073213,long
1756543,"RVW Wealth, LLC",7290.0,0.0003984088155259515,0.23258452998597856,medium
1642160,Glassman Wealth Services,7283.0,0.00039802625562078257,0.07368938998809428,long
1716659,Parisi Gray Wealth Management,7277.0,0.00039769834713063775,0.40352493503662734,short
1731837,"GPS Wealth Strategies Group, LLC",7275.0,0.0003975890443005895,0.293945062828308,short
1563525,Chicago Partners Investment Group LLC,7263.0,0.0003969332273202999,0.144744202056165,medium
1972517,"Aspen Wealth Strategies, LLC",7256.0,0.00039655066741513094,,unclassified
1146089,"LEO BROKERAGE, LLC",7246.0,0.00039600415326488953,,unclassified
913990,LANDAAS & CO /WI /ADV,7223.0,0.00039474717071933443,0.08824267056804043,long
936938,CAPE ANN SAVINGS BANK,7203.0,0.0003936541424188517,0.07507339324211221,long
1726375,"Oak Asset Management, LLC",7187.0,0.0003927797197784655,0.49993611434156243,short
1722053,"CenterStar Asset Management, LLC",7173.0,0.00039201459996812763,,unclassified
1380443,"Valmark Advisers, Inc.",7172.0,0.00039195994855310346,0.12080239742612893,long
1463753,"Ipswich Investment Management Co., Inc.",7136.0,0.0003899924976122346,0.04776286096867335,long
1761871,Hardy Reed LLC,7126.0,0.00038944598346199325,0.08362624861949128,long
1801682,PBMares Wealth Management LLC,7109.0,0.0003885169094065829,0.11425334549150552,long
1780055,Weaver Consulting Group,7108.0,0.0003884622579915588,0.15250866585838593,medium
1962755,"Fidelis Capital Partners, LLC",7099.0,0.00038797039525634156,,unclassified
1899753,"Pine Haven Investment Counsel, Inc",7086.0,0.0003872599268610278,0.028551952956770935,long
1907054,"NCM Capital Management, LLC",7079.0,0.00038687736695585886,0.16455927079906119,medium
1964309,Breakwater Capital Group,7077.0,0.00038676806412581057,,unclassified
1802533,"HOHIMER WEALTH MANAGEMENT, LLC",7064.0,0.0003860575957304968,0.3912130709846329,short
1904832,Stiles Financial Services Inc,7057.0,0.0003856750358253278,0.13506673908335223,medium
1730810,"Legacy Financial Advisors, Inc.",7051.0,0.00038534712733518306,0.23352569690032185,medium
1387458,LaFleur & Godfrey LLC,7047.0,0.0003851285216750865,0.08690338646068403,long
1649107,"Moisand Fitzgerald Tamayo, LLC",7045.0,0.00038501921884503824,0.08401848391738706,long
1119254,FULTON BREAKEFIELD BROENNIMAN LLC,7033.0,0.0003843634018647486,0.0892365839249852,long
1245862,OXFORD FINANCIAL GROUP LTD,7019.0,0.00038359828205441067,0.15216173549619863,medium
1803296,"WNY Asset Management, LLC",7017.0,0.00038348897922436243,0.3546326470389662,short
1477024,"Johnson Financial Group, Inc.",7003.0,0.0003827238594140245,0.22868931259083786,medium
1766506,"9258 Wealth Management, LLC",7000.0,0.0003825599051689521,0.1532179290650844,medium
926834,AVITY INVESTMENT MANAGEMENT INC.,7000.0,0.0003825599051689521,0.09567962792829648,long
1536562,JGP Global Gestao de Recursos Ltda.,7000.0,0.0003825599051689521,1.2905202366133974,short
1704212,"Black Swift Group, LLC",7000.0,0.0003825599051689521,1.3529290722134908,short
1693750,First Command Bank,6979.0,0.0003814122254534452,0.21670097756315362,medium
1693789,"First Command Financial Services, Inc.",6979.0,0.0003814122254534452,0.21670097756315362,medium
1287618,DUMONT & BLAKE INVESTMENT ADVISORS LLC,6979.0,0.0003814122254534452,0.049664115342563056,long
1844444,"Accretive Wealth Partners, LLC",6973.0,0.0003810843169633004,0.06856386456100805,long
1910398,"Prosperity Consulting Group, LLC",6964.0,0.00038059245422808317,0.12643633635208257,long
1665337,"Integrated Investment Consultants, LLC",6960.0,0.00038037384856798664,0.2253586100130145,medium
1633207,"Patten Group, Inc.",6943.0,0.00037944477451257636,0.10359380317138736,long
1961292,"WealthSpring Partners, LLC",6940.0,0.00037928082026750395,,unclassified
1802496,"QP WEALTH MANAGEMENT, LLC",6930.0,0.0003787343061172626,0.32630848208284247,short
1527781,"Gallagher Fiduciary Advisors, LLC",6911.0,0.00037769592923180397,0.391320871646206,short
1802530,Soltis Investment Advisors LLC,6901.0,0.0003771494150815626,0.2877876105396258,medium
1353570,Campbell & CO Investment Adviser LLC,6901.0,0.0003771494150815626,1.2529973814723863,short
1056943,PEOPLES FINANCIAL SERVICES CORP.,6886.0,0.00037632964385620057,0.028202344184199105,long
1772031,LAKE STREET FINANCIAL LLC,6882.0,0.00037611103819610404,0.14902087077495735,medium
1987855,"KINGSWOOD WEALTH ADVISORS, LLC",6874.0,0.00037567382687591093,,unclassified
1730610,"Acorn Wealth Advisors, LLC",6874.0,0.00037567382687591093,0.10847677444407294,long
1980273,EDENTREE ASSET MANAGEMENT Ltd,6850.0,0.0003743621929153317,,unclassified
810384,JAMES INVESTMENT RESEARCH INC,6837.0,0.00037365172452001795,0.13224259929880897,medium
1130344,FIRST COMMUNITY TRUST NA,6833.0,0.00037343311885992136,0.08837165732576716,long
1653202,"LGL PARTNERS, LLC",6833.0,0.00037343311885992136,0.17656355046266187,medium
773411,VALLEY NATIONAL ADVISERS INC,6816.0,0.0003725040448045111,0.15201522438368614,medium
1591379,BEACON FINANCIAL GROUP,6805.0,0.00037190287923924556,0.1783356749797006,medium
1767898,"American Financial Advisors, LLC",6790.0,0.0003710831080138835,0.22653461822434587,medium
1802961,"Optas, LLC",6767.0,0.0003698261254683284,0.18231180142550282,medium
810958,CITIZENS & NORTHERN CORP,6755.0,0.00036917030848803876,0.0645216739994422,long
1811308,"Wellspring Financial Advisors, LLC",6754.0,0.00036911565707301464,0.01338952526169804,long
1381296,"Aureus Asset Management, LLC",6751.0,0.00036895170282794223,0.1266366150686247,medium
1425949,WealthTrust Axiom LLC,6737.0,0.0003681865830176043,0.06576170924625678,long
1582561,Blackhawk Capital Partners LLC.,6737.0,0.0003681865830176043,0.48818661257286505,short
1310658,Ledyard National Bank,6724.0,0.00036747611462229054,0.09175098017000875,long
1424717,"Plante Moran Financial Advisors, LLC",6722.0,0.0003673668117922423,0.1252922251646098,long
1352467,"BBR PARTNERS, LLC",6721.0,0.00036731216037721813,0.12614584287181638,long
1766159,"Qsemble Capital Management, LP",6700.0,0.00036616448066171127,,unclassified
1157436,SHEETS SMITH WEALTH MANAGEMENT,6665.0,0.0003642516811358665,0.10369058686027618,long
1940406,Greenfield Savings Bank,6653.0,0.0003635958641555769,0.09041912017596491,long
1428793,"First Heartland Consultants, Inc.",6647.0,0.00036326795566543206,0.31909397665882266,short
1486083,"Corundum Group, Inc.",6624.0,0.00036201097311987695,0.17873685739362893,medium
1650300,"Jackson, Grant Investment Advisers, Inc.",6618.0,0.00036168306462973213,0.04568649368335592,long
1904274,Wedmont Private Capital,6613.0,0.00036140980755461143,0.22630032728363533,medium
1600085,"American Money Management, LLC",6606.0,0.0003610272476494425,0.05507382835500074,long
1689144,"Legacy Bridge, LLC",6596.0,0.00036048073349920115,0.07123246977489388,long
1592613,"Formidable Asset Management, LLC",6591.0,0.00036020747642408045,0.10357129795135436,long
1861752,LCM Capital Management Inc,6585.0,0.0003598795679339356,0.03811812523798595,long
1802994,"Mine & Arao Wealth Creation & Management, LLC.",6584.0,0.0003598249165189115,0.051011547378217864,long
1771687,"KG&L Capital Management,LLC",6578.0,0.0003594970080287667,0.19233367868504747,medium
1387818,Barton Investment Management,6554.0,0.0003581853740681874,0.055007198689755614,long
1625246,"Summit Financial Strategies, Inc.",6552.0,0.00035807607123813917,0.12228336827873025,long
1822632,"Gleason Group, Inc.",6547.0,0.00035780281416301847,0.12108693402666165,long
1080369,GW HENSSLER & ASSOCIATES LTD,6512.0,0.0003558900146371737,0.14600206528916207,medium
1736260,"Cornell Pochily Investment Advisors, Inc.",6509.0,0.0003557260603921013,0.047504570607866524,long
1729254,Front Row Advisors LLC,6504.0,0.0003554528033169806,0.05595770179871409,long
1423045,"First National Bank of Mount Dora, Trust Investment Services",6492.0,0.000354796986336691,0.1628516556625539,medium
1819919,"PACES FERRY WEALTH ADVISORS, LLC",6481.0,0.0003541958207714255,0.14931935512354724,medium
1799677,"Detalus Advisors, LLC",6457.0,0.00035288418681084623,0.3707642755959391,short
1620220,Engineers Gate Manager LP,6448.0,0.000352392324075629,1.1434812902270584,short
743482,ECLECTIC ASSOCIATES INC /ADV,6448.0,0.000352392324075629,0.16552059767778438,medium
1650092,"Westbourne Investment Advisors, Inc.",6443.0,0.00035211906700050835,0.09287539043954726,long
1323276,Sabal Trust CO,6430.0,0.00035140859860519454,0.05800332297962316,long
1631738,Bray Capital Advisors,6408.0,0.00035020626747466355,0.07705185748553922,long
1847794,"Twin Lakes Capital Management, LLC",6395.0,0.0003494957990793498,0.2732413355912519,medium
1800379,"SkyOak Wealth, LLC",6393.0,0.00034938649624930156,0.1270883716704797,medium
947517,PACIFIC SUN FINANCIAL CORP,6377.0,0.00034851207360891534,,unclassified
1532943,"Palogic Value Management, L.P.",6377.0,0.00034851207360891534,,unclassified
1952532,"MGO Private Wealth, LLC",6361.0,0.00034763765096852917,,unclassified
1568235,King Wealth,6336.0,0.00034627136559292577,0.0559248547764168,long
825217,"WHITENER CAPITAL MANAGEMENT, INC.",6335.0,0.00034621671417790165,0.054516066691552206,long
1667694,"Berkeley Capital Partners, LLC",6335.0,0.00034621671417790165,0.19763294921932698,medium
1033475,AVENIR CORP,6320.0,0.0003453969429525396,0.06923237364034972,long
1910168,Ameliora Wealth Management Ltd.,6317.0,0.0003452329887074672,0.5744103730824884,short
1009003,EXCALIBUR MANAGEMENT CORP,6280.0,0.00034321088635157416,0.03592851929648373,long
1533457,"FOX RUN MANAGEMENT, L.L.C.",6266.0,0.0003424457665412363,1.49023413300895,short
1817693,"Retirement Planning Co of New England, Inc.",6243.0,0.0003411887839956811,0.05122049534586681,long
1966087,Kapstone Financial Advisors LLC,6232.0,0.00034058761843041565,,unclassified
1158970,SPINNAKER TRUST,6227.0,0.00034031436135529495,0.1514289249904462,medium
1934500,"Coastwise Capital Group, LLC",6211.0,0.0003394399387149088,0.21557428275301338,medium
1882132,"Lifeworks Advisors, LLC",6199.0,0.00033878412173461914,0.44230363930574795,short
1143565,RATIONAL ADVISORS LLC,6186.0,0.0003380736533393054,0.3108182530179444,short
1806473,TFG Advisers LLC,6181.0,0.0003378003962641847,0.04761467158891597,long
1810089,First Pacific Financial,6180.0,0.00033774574484916057,0.1700763261106609,medium
1616004,S. R. Schill & Associates,6166.0,0.00033698062503882264,0.11930597182923136,long
1964722,"MILESTONE ASSET MANAGEMENT, LLC",6155.0,0.00033637945947355717,,unclassified
1576762,"Advisory Alpha, LLC",6154.0,0.00033632480805853305,0.18274613154231856,medium
1801507,"Apella Capital, LLC",6153.0,0.0003362701566435089,,unclassified
1811005,Veracity Capital LLC,6153.0,0.0003362701566435089,0.22607153447086037,medium
1798756,"Beaumont Asset Management, L.L.C.",6148.0,0.00033599689956838823,0.1476035616064866,medium
1616336,"One River Asset Management, LLC",6147.0,0.00033594224815336406,,unclassified
1103882,Paloma Partners Management Co,6135.0,0.0003352864311730744,1.3005069888549265,short
1757043,"Delta Investment Management, LLC",6132.0,0.000335122476928002,0.4653759186876574,short
838618,"PDS Planning, Inc",6129.0,0.0003349585226829296,0.11506687225974781,long
1963030,"Forza Wealth Management, LLC",6120.0,0.0003344666599477124,,unclassified
1803673,"PAX Financial Group, LLC",6117.0,0.00033430270570264,0.2149708200573661,medium
1389223,"Mathes Company, Inc.",6115.0,0.0003341934028725917,,unclassified
1802696,Alhambra Investment Partners LLC,6104.0,0.0003335922373073262,0.1776933548287353,medium
1835751,CastleKnight Management LP,6100.0,0.0003333736316472297,0.5438525767814124,short
1184820,HOLDERNESS INVESTMENTS CO,6098.0,0.0003332643288171814,0.04851590044743245,long
1932645,"Wallace Advisory Group, LLC",6096.0,0.00033315502598713314,,unclassified
1544806,VICUS CAPITAL,6090.0,0.0003328271174969883,0.19447572457076368,medium
1455530,HARVEST VOLATILITY MANAGEMENT LLC,6089.0,0.0003327724660819642,0.15425808386881124,medium
1917686,Mason & Associates Inc,6082.0,0.0003323899061767952,0.20934020774749673,medium
1546408,Baystate Wealth Management LLC,6075.0,0.0003320073462716263,0.15287463542041022,medium
1767220,"Edge Capital Group, LLC",6053.0,0.0003308050151410953,0.5230933205512451,short
1841544,"Foster Group, Inc.",6052.0,0.00033075036372607117,0.09599259511867687,long
1586678,Balentine LLC,6049.0,0.00033058640948099876,0.4433909537156338,short
1700530,"Keeley-Teton Advisors, LLC",6039.0,0.00033003989533075736,0.1310907514133023,medium
1954551,"Warther Private Wealth, LLC",6034.0,0.0003297666382556367,0.24570179482844615,medium
1841991,"Diversified, LLC",6028.0,0.0003294387297654919,0.4040968322147577,short
1812198,Aaron Wealth Advisors LLC,6016.0,0.00032878291278520225,0.25636173099944104,medium
1549230,"BOOTHBAY FUND MANAGEMENT, LLC",6008.0,0.00032834570146500914,0.8145104320353875,short
315054,REGENTS OF THE UNIVERSITY OF CALIFORNIA,6000.0,0.0003279084901448161,0.25354186869382145,medium
1719305,Verdence Capital Advisors LLC,5994.0,0.00032758058165467126,0.19339491623559146,medium
1162781,HARVEY INVESTMENT CO LLC,5988.0,0.00032725267316452644,0.0411432555516297,long
1952781,"DRIVE WEALTH MANAGEMENT, LLC",5963.0,0.00032588638778892305,0.45720921186311914,short
1506071,"Wellington Shields Capital Management, LLC",5956.0,0.0003255038278837541,0.41158502986352685,short
1979372,ORG Partners LLC,5954.0,0.0003253945250537058,,unclassified
1991334,"Prosperity Financial Group, Inc.",5945.0,0.0003249026623184886,,unclassified
1857144,"FLYNN ZITO CAPITAL MANAGEMENT, LLC",5939.0,0.00032457475382834377,0.5834744560411642,short
1677501,"PERSONAL CFO SOLUTIONS, LLC",5935.0,0.00032435614816824724,0.3162422479352629,short
1904906,"Consilium Wealth Advisory, LLC",5934.0,0.0003243014967532231,0.2737851447372325,medium
1951368,Centurion Wealth Management LLC,5929.0,0.0003240282396781024,,unclassified
837592,CRAWFORD INVESTMENT COUNSEL INC,5919.0,0.00032348172552786107,0.08785866040303536,long
1713697,FLC Capital Advisors,5904.0,0.000322661954302499,0.29461800708062275,short
1810677,"Grant/GrossMendelsohn, LLC",5903.0,0.0003226073028874749,0.3692123759210745,short
1964897,River Street Advisors LLC,5900.0,0.0003224433486424025,,unclassified
1842572,Altus Wealth Group LLC,5891.0,0.00032195148590718526,0.2534986872598659,medium
1483472,ArchPoint Investors,5885.0,0.00032162357741704044,0.07094201097515054,long
1599620,"Blue Edge Capital, LLC",5884.0,0.0003215689260020163,0.22940082267099815,medium
1985855,UNION SAVINGS BANK,5876.0,0.0003211317146818232,,unclassified
1356783,Phocas Financial Corp.,5867.0,0.000320639851946606,0.1937771730120308,medium
1845536,"Kensington Investment Counsel, LLC",5865.0,0.0003205305491165577,0.08771370184191263,long
1928999,Fortitude Advisory Group L.L.C.,5862.0,0.0003203665948714853,0.1244751422193893,long
33250,EQUITABLE TRUST CO,5858.0,0.00032014798921138876,0.1744315540433901,medium
1354739,Geller Advisors LLC,5845.0,0.000319437520816075,0.17065546753888894,medium
1903153,Masso Torrence Wealth Management Inc.,5843.0,0.0003193282179860267,0.2504013588911823,medium
1654847,"Community Bank & Trust, Waco, Texas",5838.0,0.00031905496091090606,0.027617791879291576,long
1775210,Waterfront Wealth Inc.,5833.0,0.00031878170383578536,0.14171224969692972,medium
1575151,"TIEMANN INVESTMENT ADVISORS, LLC",5830.0,0.00031861774959071295,0.11092726425148103,long
1697796,"WP Advisors, LLC",5808.0,0.00031741541846018196,0.09974370836054708,long
1276853,WILKINS INVESTMENT COUNSEL INC,5800.0,0.00031697820713998885,0.027830356276363093,long
1018561,ACORN FINANCIAL ADVISORY SERVICES INC /ADV,5795.0,0.0003167049500648682,0.1033535192932461,long
1801991,"Lion Street Advisors, LLC",5794.0,0.0003166502986498441,0.2904188455265455,medium
1009262,"TRAN CAPITAL MANAGEMENT, L.P.",5787.0,0.0003162677387446751,0.27102551982469425,medium
1851184,"Curi Wealth Management, LLC",5786.0,0.000316213087329651,0.2403613099144442,medium
1956790,"FourThought Financial Partners, LLC",5785.0,0.00031615843591462685,,unclassified
1921304,"Smallwood Wealth Investment Management, LLC",5776.0,0.0003156665731794096,0.14640876867535368,medium
1845003,Golden State Equity Partners,5753.0,0.00031440959063385447,,unclassified
1962005,"Crescent Sterling, Ltd.",5741.0,0.0003137537736535648,,unclassified
1964394,Glass Jacobson Investment Advisors llc,5740.0,0.0003136991222385407,,unclassified
1921093,Athena Investment Management,5739.0,0.0003136444708235166,0.026336846167565868,long
1843495,"Bond & Devick Financial Network, Inc.",5729.0,0.00031309795667327524,0.11763670172454103,long
861176,TRUSTMARK NATIONAL BANK TRUST DEPARTMENT,5719.0,0.00031255144252303384,0.1673967470341808,medium
1757260,Reitz Capital Advisors LLC,5707.0,0.00031189562554274425,0.35621785578293685,short
1691804,"Bridgeworth, LLC",5707.0,0.00031189562554274425,0.3615377407679145,short
1851395,"BARON SILVER STEVENS FINANCIAL ADVISORS, LLC",5701.0,0.00031156771705259943,0.11812643085182004,long
1844108,"Bluesphere Advisors, LLC",5687.0,0.0003108025972422615,0.16280574658469743,medium
1901403,"GUARDIAN WEALTH ADVISORS, LLC / NC",5671.0,0.00030992817460187533,0.14452255392831767,medium
1909304,Carson Advisory Inc.,5668.0,0.0003097642203568029,0.15111995225251132,medium
933482,DUBUQUE BANK & TRUST CO,5665.0,0.0003096002661117305,0.09923503846309661,long
1906202,Hedges Asset Management LLC,5660.0,0.0003093270090366098,0.06889199332643253,long
1624729,"GYROSCOPE CAPITAL MANAGEMENT GROUP, LLC",5654.0,0.000308999100546465,0.36623555164678634,short
1050470,LSV ASSET MANAGEMENT,5600.0,0.00030604792413516167,0.11190516140361215,long
1760444,"Old North State Trust, LLC",5598.0,0.0003059386213051134,0.6317904577682285,short
934999,DF DENT & CO INC,5584.0,0.0003051735014947755,0.10802806787271935,long
1703383,"Pinnacle Bancorp, Inc.",5580.0,0.000304954895834679,0.08335313187614321,long
1729985,"Virtue Capital Management, LLC",5574.0,0.00030462698734453415,0.4678589532743557,short
1324279,Coastline Trust Co,5566.0,0.00030418977602434104,0.2268148778721497,medium
1846462,"Wealth Dimensions Group, Ltd.",5566.0,0.00030418977602434104,0.10201549334456597,long
1802984,Visionary Wealth Advisors,5565.0,0.0003041351246093169,0.19232327874171257,medium
1080576,"SILVER OAK SECURITIES, INCORPORATED",5560.0,0.0003038618675341962,0.5590563310985399,short
1843745,Addison Advisors LLC,5554.0,0.0003035339590440514,0.1504430704600789,medium
1774879,"Cornerstone Wealth Group, LLC",5549.0,0.00030326070196893076,0.47133717356592064,short
2002628,Morton Capital Management LLC/CA,5535.0,0.0003024955821585928,0.1062599255606961,long
1713662,AlphaCore Capital LLC,5525.0,0.0003019490680083515,0.34345384429921644,short
1393389,Manchester Capital Management LLC,5522.0,0.00030178511376327907,0.1477407802177614,medium
1638520,"GFG Capital, LLC",5515.0,0.00030140255385811013,0.32929491186207377,short
733444,ROMAN BUTLER FULLERTON & CO,5471.0,0.00029899789159704816,0.22071243371735222,medium
1910876,"KRS CAPITAL MANAGEMENT, LLC",5466.0,0.00029872463452192745,0.07367010603636096,long
899051,ALLSTATE CORP,5462.0,0.0002985060288618309,0.47955589774538043,short
1574408,"LVZ, Inc.",5438.0,0.00029719439490125165,0.22657114253256141,medium
1767580,"Advisor OS, LLC",5416.0,0.00029599206377072066,0.3373855625207313,short
1838234,Hemington Wealth Management,5407.0,0.00029550020103550343,0.0834733131567689,long
1308331,Boit C F David,5400.0,0.0002951176411303345,,unclassified
1779040,"PSI Advisors, LLC",5398.0,0.0002950083383002862,0.20626951787580258,medium
1802013,"Platte River Wealth Advisors, LLC",5398.0,0.0002950083383002862,0.16584155571285253,medium
1727605,"Castle Rock Wealth Management, LLC",5390.0,0.0002945711269800931,0.256619441458844,medium
1877090,Twelve Points Wealth Management LLC,5387.0,0.0002944071727350207,0.1977752904272984,medium
1120926,ARGENT CAPITAL MANAGEMENT LLC,5380.0,0.00029402461282985174,0.16667243915332264,medium
1911067,"Spinnaker Investment Group, LLC",5380.0,0.00029402461282985174,0.09190815533617293,long
1569136,Ergoteles LLC,5373.0,0.0002936420529246828,1.4437582513281626,short
1864229,Prentice Wealth Management LLC,5372.0,0.0002935874015096587,0.3603422529432582,short
1760076,"Global Strategic Investment Solutions, LLC",5371.0,0.0002935327500946345,0.5256406324703249,short
1631930,"Neumann Capital Management, LLC",5364.0,0.0002931501901894656,0.09573400677558833,long
1727827,"Blueshift Asset Management, LLC",5357.0,0.00029276763028429663,1.2039208620072102,short
1800502,Beacon Financial Advisory LLC,5353.0,0.00029254902462420005,0.18939137369719472,medium
1704404,"Avestar Capital, LLC",5342.0,0.0002919478590589346,0.4197592006305708,short
1599579,"Plancorp, LLC",5333.0,0.00029145599632371736,0.03925046105786792,long
1697478,"Fortis Advisors, LLC",5322.0,0.00029085483075845184,0.19483442865730435,medium
1286478,UNITED BANK,5303.0,0.00028981645387299326,0.12937244580356527,medium
1965307,"Prossimo Advisors, LLC",5298.0,0.0002895431967978726,,unclassified
1908177,"AIRE ADVISORS, LLC",5295.0,0.0002893792425528002,0.19159266972857295,medium
1059057,ROVIN CAPITAL /UT/ /ADV,5264.0,0.000287685048687052,0.47519422993249627,short
1913590,"Security Financial Services, INC.",5251.0,0.0002869745802917382,0.2495044258838897,medium
1633448,"INSPIRION WEALTH ADVISORS, LLC",5248.0,0.0002868106260466658,0.08432769341893988,long
1313893,"Maple Capital Management, Inc.",5234.0,0.0002860455062363279,0.06193783745432899,long
1676603,"Probity Advisors, Inc.",5233.0,0.00028599085482130377,,unclassified
1644128,"Ellevest, Inc.",5227.0,0.00028566294633115895,0.09019914312376191,long
1919142,High Net Worth Advisory Group LLC,5218.0,0.0002851710835959417,0.11629814023650216,long
1911035,"626 Financial, LLC",5218.0,0.0002851710835959417,0.11573610121171332,long
1133014,MONETARY MANAGEMENT GROUP INC,5200.0,0.00028418735812550726,0.08917549750084325,long
1583751,"TCI Wealth Advisors, Inc.",5192.0,0.0002837501468053142,0.08612233183557963,long
1006407,FISHMAN JAY A LTD/MI,5175.0,0.00028282107274990386,0.18174181842843815,medium
1455267,Parkside Financial Bank & Trust,5174.0,0.00028276642133487974,0.09885027343355599,long
1963865,"Davis Investment Partners, LLC",5170.0,0.0002825478156747832,,unclassified
1483467,"Westover Capital Advisors, LLC",5145.0,0.00028118153029917976,0.24161904933083833,medium
1084207,HENDLEY & CO INC,5140.0,0.0002809082732240591,0.06146803418861192,long
702007,"CALDWELL SUTTER CAPITAL, INC.",5115.0,0.0002795419878484557,,unclassified
1803255,Petix & Botte Co,5110.0,0.000279268730773335,,unclassified
1668155,"Edmonds Duncan Registered Investment Advisors, LLC",5108.0,0.0002791594279432868,0.1438544524216787,medium
1765590,"Ellis Investment Partners, LLC",5097.0,0.00027855826237802126,0.088409730814674,long
1840455,"Kesler, Norman & Wride, LLC",5086.0,0.00027795709681275574,0.12436171432638993,long
1765515,S.E.E.D. Planning Group LLC,5083.0,0.0002777931425676834,0.12873344456814018,medium
1922684,"Paragon Private Wealth Management, LLC",5066.0,0.00027686406851227304,0.1694573031917705,medium
1932952,"ARMSTRONG ADVISORY GROUP, INC",5061.0,0.00027659081143715234,,unclassified
1990690,"Meritas Wealth Management, LLC",5060.0,0.0002765361600221282,,unclassified
1078246,HUTCHINSON CAPITAL MANAGEMENT/CA,5054.0,0.0002762082515319834,0.13939420039754916,medium
1633446,Mirador Capital Partners LP,5053.0,0.0002761536001169593,0.19814266452495186,medium
1939831,"PRESILIUM PRIVATE WEALTH, LLC",5049.0,0.00027593499445686275,,unclassified
1034886,PITTENGER & ANDERSON INC,5030.0,0.0002748966175714041,0.3352863064892502,short
1767070,Shulman DeMeo Asset Management LLC,5013.0,0.00027396754351599384,0.016647489730760825,long
1689933,"Per Stirling Capital Management, LLC.",4995.0,0.0002729838180455594,,unclassified
1907281,"1620 INVESTMENT ADVISORS, INC.",4984.0,0.0002723826524802939,0.2948214098847922,short
1892378,MBB PUBLIC MARKETS I LLC,4984.0,0.0002723826524802939,0.42720919328178913,short
1631052,"Northside Capital Management, LLC",4973.0,0.0002717814869150284,0.1625891500573763,medium
1631775,"Godshalk Welsh Capital Management, Inc.",4962.0,0.0002711803213497629,0.06503972615573958,long
1666363,"Venturi Wealth Management, LLC",4958.0,0.00027096171568966634,0.4900987112035731,short
903064,GRACE & WHITE INC /NY,4950.0,0.0002705245043694733,0.08989781409098593,long
1692252,"ARTHUR M. COHEN & ASSOCIATES, LLC",4942.0,0.00027008729304928017,0.3990426239986701,short
1846711,"Safeguard Investment Advisory Group, LLC",4938.0,0.00026986868738918364,0.29227115869348586,medium
1814234,Atlas Private Wealth Advisors,4934.0,0.0002696500817290871,0.3379239448708904,short
1846150,"SAX WEALTH ADVISORS, LLC",4927.0,0.0002692675218239181,0.09902677614195042,long
1536114,Alta Advisers Ltd,4900.0,0.0002677919336182665,0.22746949121406368,medium
1956564,RFP Financial Group LLC,4894.0,0.00026746402512812167,,unclassified
107136,"WILEY BROS.-AINTREE CAPITAL, LLC",4885.0,0.00026697216239290444,0.11025708776073087,long
1905662,"Waypoint Capital Advisors, LLC",4877.0,0.00026653495107271133,0.16539563032516394,medium
1914987,Schrum Private Wealth Management LLC,4871.0,0.0002662070425825665,0.06857118002151973,long
1429390,Harel Insurance Investments & Financial Services Ltd.,4861.0,0.00026566052843232516,0.2721282709739795,medium
1318055,FARMERS TRUST CO,4861.0,0.00026566052843232516,0.1103847111871568,long
1906223,Viewpoint Capital Management LLC,4859.0,0.00026555122560227687,0.05949764538811263,long
1687832,"Copperwynd Financial, LLC",4858.0,0.00026549657418725275,0.49375312241232505,short
1766156,"Salomon & Ludwin, LLC",4847.0,0.00026489540862198723,0.0922081190926383,long
1690295,"Sloy Dahl & Holst, LLC",4837.0,0.0002643488944717459,0.19162624915049703,medium
1399706,South Street Advisors LLC,4832.0,0.00026407563739662524,0.11102281307012063,long
1957259,Kades & Cheifetz LLC,4828.0,0.00026385703173652865,,unclassified
1276755,CHELSEA COUNSEL CO,4817.0,0.0002632558661712632,0.1667487903173529,medium
1085163,SIGMA INVESTMENT COUNSELORS INC,4813.0,0.00026303726051116666,0.04404932228313742,long
884548,CONNORS INVESTOR SERVICES INC,4807.0,0.00026270935202102184,0.15827905940765033,medium
1902826,"INTEGRAL INVESTMENT ADVISORS, INC.",4804.0,0.00026254539777594943,0.29702516799227663,short
1469751,"RiverFront Investment Group, LLC",4800.0,0.00026232679211585285,0.2108771554990757,medium
1803005,"Wealth Advisors of Iowa, LLC",4794.0,0.000261998883625708,0.7225482592772462,short
1534450,"Ground Swell Capital, LLC",4784.0,0.0002614523694754667,1.4829879287330956,short
1584086,"Horan Capital Advisors, LLC.",4762.0,0.0002602500383449357,0.056120076948427806,long
1842149,Heron Bay Capital Management,4750.0,0.00025959422136464605,0.37447257004535767,short
1520309,Mizuho Securities Co. Ltd.,4740.0,0.0002590477072144047,1.1043466701865254,short
1633869,First Personal Financial Services,4735.0,0.000258774450139284,0.04424123743346241,long
1806755,"Systematic Alpha Investments, LLC",4731.0,0.00025855584447918747,0.15246523341233584,medium
1647273,Perpetual Ltd,4731.0,0.00025855584447918747,,unclassified
1656282,First Affirmative Financial Network,4729.0,0.0002584465416491392,0.16957627997402624,medium
1686988,"L2 Asset Management, LLC",4728.0,0.00025839189023411506,0.45990983170015887,short
1730033,Crewe Advisors LLC,4723.0,0.0002581186331589944,0.13978305355390166,medium
1858782,"Canvas Wealth Advisors, LLC",4722.0,0.00025806398174397024,0.2472159226368878,medium
1907254,WEALTH EFFECTS LLC,4712.0,0.0002575174675937289,0.12890937471803898,medium
1122490,HALL CAPITAL MANAGEMENT CO INC,4690.0,0.0002563151364631979,0.06007401122736086,long
1166402,FCA CORP /TX,4690.0,0.0002563151364631979,0.08721123937113669,long
1759320,Oxinas Partners Wealth Management LLC,4682.0,0.0002558779251430048,0.22494373554161592,medium
1748814,LITTLE HOUSE CAPITAL LLC,4674.0,0.00025544071382281174,0.274938862539944,medium
1965649,AlphaQ Advisors LLC,4660.0,0.0002546755940124738,,unclassified
1843294,"Wealth Management Partners, LLC",4655.0,0.00025440233693735316,0.09596279023017026,long
1667074,TRUE Private Wealth Advisors,4651.0,0.0002541837312772566,0.3174212374961783,short
1626379,"Evanson Asset Management, LLC",4647.0,0.00025396512561716005,0.06279960560505315,long
1597200,PECAUT & CO.,4636.0,0.0002533639600518946,0.2161769533343676,medium
1801373,"LifeSteps Financial, Inc.",4629.0,0.0002529814001467256,0.10665294668898628,long
1730386,"Retirement Income Solutions, Inc",4627.0,0.00025287209731667735,0.10330067207445105,long
1861642,"Hennion & Walsh Asset Management, Inc.",4625.0,0.00025276279448662906,0.21446225732536656,medium
1599923,Community Bank of Raymore,4612.0,0.0002520523260913153,0.16372346939092502,medium
1965710,"Beverly Hills Private Wealth, LLC",4609.0,0.0002518883718462429,,unclassified
1123778,"Jarislowsky, Fraser Ltd",4605.0,0.00025166976618614637,0.1086481688167422,long
1598550,"E&G Advisors, LP",4602.0,0.00025150581194107396,0.07724141429560347,long
1612041,Burt Wealth Advisors,4601.0,0.0002514511605260498,0.23368134178678698,medium
1838533,LifePro Asset Management,4582.0,0.0002504127836405912,0.9935266745713383,short
1622001,"FinTrust Capital Advisors, LLC",4578.0,0.0002501941779804947,0.16571975070012696,medium
1992825,"Farther Finance Advisors, LLC",4567.0,0.00024959301241522916,,unclassified
1639375,"Sendero Wealth Management, LLC",4560.0,0.0002492104525100602,0.46366715961852517,short
1910482,REDMONT WEALTH ADVISORS LLC,4546.0,0.00024844533269972234,0.4354127031240558,short
1716180,"MPS Loria Financial Planners, LLC",4537.0,0.0002479534699645051,0.1900823887616187,medium
1434323,"Palisade Asset Management, LLC",4529.0,0.000247516258644312,0.06282650139839946,long
1794543,"Kathmere Capital Management, LLC",4526.0,0.0002473523043992396,0.1975351716460418,medium
1483170,Kingfisher Capital LLC,4525.0,0.0002472976529842155,0.2524457525213949,medium
1535811,"Redhawk Wealth Advisors, Inc.",4522.0,0.00024713369873914306,0.594433896475877,short
1512944,Hall Kathryn A.,4504.0,0.0002461499732687086,0.12936360487626966,medium
866590,MANCHESTER FINANCIAL INC,4499.0,0.0002458767161935879,0.35011474228268963,short
1907803,Phraction Management LLC,4484.0,0.0002450569449682259,0.17497279365667867,medium
1689829,"Connecticut Wealth Management, LLC",4482.0,0.0002449476421381776,0.13552079879535853,medium
1639943,"WealthPLAN Partners, LLC",4476.0,0.0002446197336480328,,unclassified
1966037,"Gateway Wealth Partners, LLC",4471.0,0.0002443464765729121,,unclassified
1630360,"Ironwood Financial, llc",4451.0,0.0002432534482724294,0.06411289829597362,long
1802387,"Elevated Capital Advisors, LLC",4442.0,0.00024276158553721217,,unclassified
1163902,FOSTER & MOTLEY INC,4442.0,0.00024276158553721217,0.11206424789537875,long
10742,BECK MACK & OLIVER LLC,4437.0,0.0002424883284620915,0.04734019547008956,long
1978521,"3Chopt Investment Partners, LLC",4437.0,0.0002424883284620915,,unclassified
1611518,"Wealth Architects, LLC",4435.0,0.0002423790256320432,0.05376636437657051,long
860643,GARDNER RUSSO & QUINN LLC,4435.0,0.0002423790256320432,0.04237415017076239,long
1766328,"Signet Investment Advisory Group, Inc.",4425.0,0.00024183251148180186,0.06046590027647554,long
1834499,F/M Investments LLC,4418.0,0.00024144995157663292,0.8501507084671751,short
1965810,Park Place Capital Corp,4418.0,0.00024144995157663292,,unclassified
1991463,"Prosperity Wealth Management, Inc.",4392.0,0.00024002901478600538,,unclassified
1908288,"BARNES PETTEY FINANCIAL ADVISORS, LLC",4374.0,0.00023904528931557092,0.16565480503129784,medium
1831416,"MTM Investment Management, LLC",4372.0,0.00023893598648552265,0.059945380336001816,long
1946654,"Second Half Financial Partners, LLC",4368.0,0.0002387173808254261,0.9306164502948033,short
1849348,"Ignite Planners, LLC",4360.0,0.000238280169505233,0.2689477711983995,medium
1730765,Triumph Capital Management,4359.0,0.0002382255180902089,0.5597772744180584,short
1305707,"ProVise Management Group, LLC",4350.0,0.00023773365535499166,0.1528953210526243,medium
1525865,Clean Yield Group,4349.0,0.00023767900393996752,0.13416153711943501,medium
1802459,"CWS Financial Advisors, LLC",4341.0,0.00023724179261977444,0.1596395507784126,medium
1962086,SP Asset Management LLC,4340.0,0.0002371871412047503,,unclassified
1630798,Industrial Alliance Investment Management Inc.,4340.0,0.0002371871412047503,0.6623004109063817,short
1697719,KCS Wealth Advisory,4338.0,0.00023707783837470203,0.1989654509241511,medium
1760540,Strategic Investment Advisors / MI,4337.0,0.00023702318695967788,0.4378581258191531,short
1810099,"Royal Fund Management, LLC",4336.0,0.00023696853554465376,0.19351893594528824,medium
1961290,"Mainsail Financial Group, LLC",4329.0,0.0002365859756394848,,unclassified
1783412,"IFG Advisors, LLC",4329.0,0.0002365859756394848,0.0795301981827997,long
765207,"First Bancorp, Inc /ME/",4327.0,0.00023647667280943653,0.08267316767620574,long
928568,GUYASUTA INVESTMENT ADVISORS INC,4318.0,0.0002359848100742193,0.07381331495536997,long
1990080,"INVESCO, LLC",4315.0,0.0002358208558291469,,unclassified
1879167,AM Squared Ltd,4300.0,0.00023500108460378487,,unclassified
1752523,"B&D White Capital Company, LLC",4300.0,0.00023500108460378487,1.0037689050363412,short
1944579,"ICA Group Wealth Management, LLC",4299.0,0.00023494643318876072,0.32390819418678096,short
1509974,"Summit Asset Management, LLC",4284.0,0.00023412666196339867,0.023615846831668952,long
1632968,Wealthquest Corp,4284.0,0.00023412666196339867,0.23698435315044292,medium
1800358,"Cairn Investment Group, Inc.",4270.0,0.00023336154215306077,0.1417666577309267,medium
1768195,"Trek Financial, LLC",4264.0,0.00023303363366291595,0.5958572849433225,short
1802473,"Marks Group Wealth Management, Inc",4259.0,0.00023276037658779528,0.17901121045249418,medium
1830954,Source Financial Advisors LLC,4258.0,0.00023270572517277113,0.1834555085955098,medium
1313871,First National Bank of Hutchinson,4255.0,0.00023254177092769875,0.13152346811974702,medium
1962636,Register Financial Advisors LLC,4254.0,0.0002324871195126746,,unclassified
1759395,MQS Management LLC,4226.0,0.0002309568798919988,1.484738496723453,short
1569650,BANK OZK,4219.0,0.00023057431998682983,0.10476828875417432,long
1936845,"Pacific Sage Partners, LLC",4214.0,0.00023030106291170916,,unclassified
1001085,BROOKFIELD Corp /ON/,4209.0,0.00023002780583658848,0.3323135977945586,short
1968507,Baron Wealth Management LLC,4206.0,0.00022986385159151607,,unclassified
1713520,"Crescent Grove Advisors, LLC",4204.0,0.0002297545487614678,0.18419171622128333,medium
1795173,"UMA Financial Services, Inc.",4195.0,0.00022926268602625058,0.11856805759821575,long
1776588,"MONOGRAPH WEALTH ADVISORS, LLC",4179.0,0.0002283882633858644,0.11203369443097375,long
1511229,"Orca Investment Management, LLC",4179.0,0.0002283882633858644,0.13443577321984368,medium
1904976,Congress Wealth Management LLC / DE /,4178.0,0.00022833361197084027,0.188417591367494,medium
1844266,"Taylor & Morgan Wealth Management, LLC",4169.0,0.00022784174923562304,0.14074022766599442,medium
1697790,"WITTENBERG INVESTMENT MANAGEMENT, INC.",4168.0,0.0002277870978205989,0.08250710426458022,long
1964849,"OAK HILL WEALTH ADVISORS, LLC",4167.0,0.00022773244640557477,,unclassified
1599950,Amica Retiree Medical Trust,4164.0,0.00022756849216050236,0.2202891148163582,medium
1569765,Paragon Capital Management Ltd,4162.0,0.0002274591893304541,0.13781879657356877,medium
1803519,"Aprio Wealth Management, LLC",4147.0,0.00022663941810509205,0.5690226759932505,short
1674581,"Cable Hill Partners, LLC",4145.0,0.00022653011527504378,0.19946336230524586,medium
1535695,"Angeles Investment Advisors, LLC",4144.0,0.00022647546386001964,0.9312419376188017,short
1056549,"FAIRVIEW CAPITAL INVESTMENT MANAGEMENT, LLC",4143.0,0.0002264208124449955,0.07195224332167721,long
1845998,"Interchange Capital Partners, LLC",4143.0,0.0002264208124449955,0.5005844396436652,short
1388028,"REIK & CO., LLC",4132.0,0.00022581964687973,0.022199795064537134,long
1607825,Gemmer Asset Management LLC,4119.0,0.00022510917848441624,0.09733558013625378,long
1597099,Somerset Trust Co,4105.0,0.00022434405867407834,0.054223808147591326,long
1541596,Aspen Investment Management Inc,4103.0,0.00022423475584403007,0.12769656154328907,medium
1847610,"Thrive Wealth Management, LLC",4092.0,0.00022363359027876458,0.25056093320449196,medium
1776757,"WADDELL & ASSOCIATES, LLC",4083.0,0.00022314172754354735,0.14332204854662925,medium
1404652,"Jaffetilchin Investment Partners, LLC",4082.0,0.0002230870761285232,0.2458827346855108,medium
1936193,Northwest Bank & Trust Co,4079.0,0.0002229231218834508,,unclassified
1906594,"China Universal Asset Management Co., Ltd.",4078.0,0.00022286847046842665,0.4515192090425561,short
1844148,Allegheny Financial Group LTD,4073.0,0.00022259521339330597,0.10222235054863321,long
1389400,"Stockman Wealth Management, Inc.",4067.0,0.00022226730490316115,0.19707043996780832,medium
1727917,"Gradient Capital Advisors, LLC",4060.0,0.00022188474499799222,0.07575817400555923,long
1764059,"ELEMENT POINTE ADVISORS, LLC",4060.0,0.00022188474499799222,0.3185073147464288,short
1810720,"Charter Oak Capital Management, LLC",4058.0,0.00022177544216794395,0.09957930032783563,long
1698222,Pacific Center for Financial Services,4055.0,0.00022161148792287154,,unclassified
1662449,"Klingman & Associates, LLC",4049.0,0.00022128357943272672,0.09179461233006053,long
1991983,"SILVIA MCCOLL WEALTH MANAGEMENT, LLC",4040.0,0.0002207917166975095,,unclassified
1840268,Hoese & Co LLP,4018.0,0.0002195893855669785,0.12043703155205884,long
1965201,TFB Advisors LLC,4010.0,0.00021915217424678542,,unclassified
1964530,CORA CAPITAL ADVISORS LLC,4010.0,0.00021915217424678542,,unclassified
1912576,Psagot Value Holdings Ltd. / (Israel),4007.0,0.000218988220001713,0.5230450073591502,short
1803557,"Center for Financial Planning, Inc.",4005.0,0.00021887891717166472,0.04443476343110753,long
894205,PROFESSIONAL ADVISORY SERVICES INC,4005.0,0.00021887891717166472,0.13941924152549667,medium
1990951,"Corrigan Financial, Inc.",4000.0,0.00021860566009654405,0.12817475703997663,medium
1708001,"Clearstead Trust, LLC",3994.0,0.00021827775160639923,0.30544182488425153,short
1801982,"Bridgewealth Advisory Group, LLC",3991.0,0.00021811379736132682,,unclassified
1714093,Garner Asset Management Corp,3989.0,0.00021800449453127855,0.10310426104189813,long
1971456,"BRADY FAMILY WEALTH, LLC",3986.0,0.00021784054028620614,,unclassified
1908433,Kathleen S. Wright Associates Inc.,3975.0,0.00021723937472094065,0.1550706212096333,medium
1908275,Laraway Financial Advisors Inc,3966.0,0.00021674751198572342,0.046283752156675476,long
1005354,VIRGINIA RETIREMENT SYSTEMS ET AL,3958.0,0.00021631030066553034,,unclassified
1576584,"Aveo Capital Partners, LLC",3952.0,0.00021598239217538552,0.43530660216838685,short
1818897,AM INVESTMENT STRATEGIES LLC,3940.0,0.0002153265751950959,0.07132003743767745,long
1633288,Towercrest Capital Management,3939.0,0.00021527192378007176,0.06821821445933879,long
2001155,Exchange Bank,3938.0,0.0002152172723650476,,unclassified
1965756,"C2P Capital Advisory Group, LLC d.b.a. Prosperity Capital Advisors",3936.0,0.00021510796953499935,,unclassified
1575581,"Segment Wealth Management, LLC",3935.0,0.0002150533181199752,0.1209369790400478,long
1738738,"Pinion Investment Advisors, LLC",3928.0,0.00021467075821480626,0.319586888720401,short
1819275,BCK Capital Management LP,3925.0,0.00021450680396973385,0.8610572926308435,short
1802091,Marotta Asset Management,3924.0,0.0002144521525547097,,unclassified
1505817,FIERA CAPITAL CORP,3908.0,0.00021357772991432354,0.24613846564359332,medium
1916366,"My Personal CFO, LLC",3901.0,0.00021319517000915458,0.5791626695739063,short
1966210,Strait & Sound Wealth Management LLC,3898.0,0.0002130312157640822,,unclassified
887602,"BARRETT & COMPANY, INC.",3884.0,0.00021226609595374426,,unclassified
1958491,Hofer & Associates. Inc,3873.0,0.00021166493038847877,0.07079355852484188,long
1585550,Parkside Advisors LLC,3869.0,0.00021144632472838224,0.13652367940754498,medium
1557485,"SNS Financial Group, LLC",3860.0,0.000210954461993165,0.11629481225900964,long
1601742,"Private Ocean, LLC",3853.0,0.00021057190208799607,0.19529209974851913,medium
1755723,"Wambolt & Associates, LLC",3851.0,0.00021046259925794778,0.06636268230611868,long
716851,MONEY CONCEPTS CAPITAL CORP,3851.0,0.00021046259925794778,0.8918985936557834,short
1365474,GUARDIAN INVESTMENT MANAGEMENT,3850.0,0.00021040794784292366,0.2970944036243462,short
1025835,ENTERPRISE FINANCIAL SERVICES CORP,3847.0,0.00021024399359785125,0.34243732954611045,short
1793691,Relyea Zuckerberg Hanson LLC,3846.0,0.0002101893421828271,0.18959912829423517,medium
1776296,"RBA Wealth Management, LLC",3845.0,0.00021013469076780296,0.11398172083816796,long
715113,MJP ASSOCIATES INC /ADV,3844.0,0.00021008003935277884,0.32076634311331087,short
1864880,"Wescott Financial Advisory Group, LLC",3839.0,0.00020980678227765814,0.17352807015230623,medium
1536029,"Advance Capital Management, Inc.",3831.0,0.00020936957095746506,0.4738166533266297,short
1849614,"ENCOMPASS WEALTH ADVISORS, LLC",3830.0,0.00020931491954244094,0.08808727578780788,long
1846175,"Sovereign Financial Group, Inc.",3825.0,0.00020904166246732024,0.1542445602929858,medium
1842974,"McClarren Financial Advisors, Inc.",3794.0,0.00020734746860157202,0.33970514749241143,short
1987321,Arcataur Capital Management LLC,3782.0,0.0002066916516212824,,unclassified
1965896,INNOVIS ASSET MANAGEMENT LLC,3780.0,0.00020658234879123412,,unclassified
1962615,"Trifecta Capital Advisors, LLC",3774.0,0.00020625444030108932,,unclassified
1706836,"BFSG, LLC",3773.0,0.00020619978888606518,0.20294593426004712,medium
1867570,Dentgroup LLC,3773.0,0.00020619978888606518,0.14852008463196295,medium
1680613,"Almanack Investment Partners, LLC.",3773.0,0.00020619978888606518,1.013615852067024,short
1439805,Greenwich Wealth Management LLC,3765.0,0.0002057625775658721,0.1730732189600867,medium
1483859,ArrowMark Colorado Holdings LLC,3751.0,0.0002049974577555342,0.2592657777141214,medium
1730295,"Carmichael Hill & Associates, Inc.",3749.0,0.00020488815492548593,0.06556200079354144,long
1706351,"CFO4Life Group, LLC",3741.0,0.00020445094360529282,0.30395525277751245,short
1132597,Itau Unibanco Holding S.A.,3719.0,0.00020324861247476183,0.5447804485940122,short
1803662,MAGNOLIA CAPITAL ADVISORS LLC,3719.0,0.00020324861247476183,0.31423674622171394,short
1896711,SBB Research Group LLC,3718.0,0.0002031939610597377,0.4876786589093645,short
1843358,"Mach-1 Financial Group, LLC",3715.0,0.0002030300068146653,0.9568432629340555,short
1482010,New Jersey Better Educational Savings Trust,3706.0,0.00020253814407944807,0.055129239911143005,long
1656167,RENASANT BANK,3698.0,0.00020210093275925499,0.20417021840760868,medium
1803058,EPG Wealth Management LLC,3686.0,0.00020144511577896535,0.1420790524831519,medium
1666786,"Traynor Capital Management, Inc.",3683.0,0.00020128116153389294,0.11074503757115514,long
1713587,Quantamental Technologies LLC,3670.0,0.00020057069313857918,1.3705769854948597,short
1808992,"Revolve Wealth Partners, LLC",3658.0,0.00019991487615828954,0.20886861764742348,medium
1723681,"Affiance Financial, LLC",3655.0,0.00019975092191321713,0.2733086182727664,medium
1764694,BRANDYWINE OAK PRIVATE WEALTH LLC,3654.0,0.00019969627049819298,0.12341043863045238,long
1172036,SONATA CAPITAL GROUP INC,3632.0,0.000198493939367662,0.04797829598304097,long
1007524,OSTERWEIS CAPITAL MANAGEMENT INC,3630.0,0.00019838463653761373,0.20132815159569717,medium
816192,FIRST NATIONAL CORP /MA/ /ADV,3624.0,0.0001980567280474689,0.19932010563382094,medium
1987261,"Michael S. Ryan, Inc.",3618.0,0.0001977288195573241,,unclassified
1835669,"Crew Capital Management, Ltd.",3613.0,0.00019745556248220342,0.23687388326753758,medium
1844201,"Opal Wealth Advisors, LLC",3612.0,0.00019740091106717927,0.24286203855324145,medium
1927724,Redwood Financial Network Corp,3605.0,0.00019701835116201034,0.12162659040324489,long
1903296,"Long Run Wealth Advisors, LLC",3604.0,0.0001969636997469862,0.2509414948660625,medium
1848704,MBA Advisors LLC,3598.0,0.00019663579125684137,0.16414137891968159,medium
1507971,KELLEHER FINANCIAL ADVISORS,3597.0,0.00019658113984181725,0.18446716853011716,medium
1844369,"Destiny Wealth Partners, LLC",3576.0,0.00019543346012631038,0.3908949388140407,short
1015308,WEDGE CAPITAL MANAGEMENT L L P/NC,3574.0,0.00019532415729626212,0.3166426003328343,short
1801573,Aufman Associates Inc,3568.0,0.0001949962488061173,0.041265141710494425,long
1552564,"Column Capital Advisors, LLC",3568.0,0.0001949962488061173,0.24510961595910874,medium
1134687,PRENTISS SMITH & CO INC,3565.0,0.0001948322945610449,0.1768815568932626,medium
1803236,"Resonant Capital Advisors, LLC",3562.0,0.00019466834031597248,0.15669607052062925,medium
1593038,Coyle Financial Counsel LLC,3553.0,0.00019417647758075525,0.22143488509562137,medium
1832274,Sage Mountain Advisors LLC,3551.0,0.00019406717475070698,0.35667627730797236,short
1641296,Intrepid Financial Planning Group LLC,3547.0,0.00019384856909061043,0.07026669013251327,long
1535943,Alphadyne Asset Management LP,3541.0,0.0001935206606004656,1.6587485125807269,short
1766520,Private Portfolio Partners LLC,3531.0,0.00019297414645022426,0.16053100487755328,medium
1112325,RIVERBRIDGE PARTNERS LLC,3525.0,0.00019264623796007944,0.2511551403481073,medium
1712686,"Broadleaf Partners, LLC",3520.0,0.00019237298088495877,0.1992808449680133,medium
1543100,"Windsor Capital Management, LLC",3519.0,0.00019231832946993462,0.08013675552721929,long
1569102,"A. D. Beadell Investment Counsel, Inc.",3510.0,0.00019182646673471742,0.18237218447299408,medium
1776878,Core Alternative Capital,3504.0,0.0001914985582445726,0.2402642815564483,medium
1939970,CAPITAL GROUP INVESTMENT MANAGEMENT PTE. LTD.,3497.0,0.00019111599833940363,,unclassified
1759578,Crumly & Associates Inc.,3492.0,0.00019084274126428296,0.46619047561992033,short
1803386,Wealth Quarterback LLC,3490.0,0.0001907334384342347,0.3521742680199492,short
1576053,"LVW Advisors, LLC",3484.0,0.00019040552994408988,0.17262102406759783,medium
1730889,Vigilare Wealth Management,3481.0,0.00019024157569901747,0.46274473137174466,short
1392364,L & S Advisors Inc,3480.0,0.00019018692428399332,0.4475718638377771,short
1963040,LODESTAR PRIVATE ASSET MANAGEMENT LLC,3476.0,0.0001899683186238968,,unclassified
320376,MCRAE CAPITAL MANAGEMENT INC,3475.0,0.00018991366720887265,0.08988285937748797,long
936936,DOHENY ASSET MANAGEMENT /CA,3473.0,0.00018980436437882438,,unclassified
1766883,Lantz Financial LLC,3461.0,0.00018914854739853474,0.16906907250953715,medium
1959415,Sharper & Granite LLC,3455.0,0.00018882063890838992,,unclassified
1542420,Cipher Capital LP,3447.0,0.00018838342758819684,1.4041787502133896,short
1801892,Future Financial Wealth Managment LLC,3445.0,0.00018827412475814858,0.40683696498244565,short
1672067,"Kelman-Lazarov, Inc.",3438.0,0.0001878915648529796,0.13915569988788318,medium
1695490,"McAdam, LLC",3430.0,0.00018745435353278653,0.25333257445411916,medium
1692632,First Bank & Trust,3425.0,0.00018718109645766585,0.15355150375850218,medium
1803426,"BEAM WEALTH ADVISORS, INC.",3417.0,0.00018674388513747277,0.3187453642369941,short
1699506,"Ackerman Capital Advisors, LLC",3413.0,0.0001865252794773762,0.32017904679002523,short
1213206,MARATHON CAPITAL MANAGEMENT,3411.0,0.00018641597664732795,0.16831257424020332,medium
1632407,Willow Creek Wealth Management Inc.,3386.0,0.00018504969127172455,0.15709781572464182,medium
1546587,Hartford Funds Management Co LLC,3371.0,0.0001842299200463625,0.058139215117661534,long
1971875,"Empire Financial Management Company, LLC",3370.0,0.00018417526863133836,,unclassified
1923591,"West Wealth Group, LLC",3364.0,0.00018384736014119354,0.2599802130653849,medium
1632078,"Spectrum Asset Management, Inc. (NB/CA)",3357.0,0.0001834648002360246,0.18806984992191156,medium
1766571,"Pacific Wealth Strategies Group, Inc.",3352.0,0.00018319154316090392,0.12246709084441566,long
1802955,"Fusion Capital, LLC",3350.0,0.00018308224033085563,0.12929890244950518,medium
1961850,Kooman & Associates,3350.0,0.00018308224033085563,,unclassified
1925991,PROVENCE WEALTH MANAGEMENT GROUP,3345.0,0.00018280898325573496,0.3547432047385951,short
1165002,WESTWOOD HOLDINGS GROUP INC,3340.0,0.00018253572618061428,0.34398991156947867,short
1810512,"Truadvice, LLC",3334.0,0.00018220781769046946,0.5499299045710278,short
1731713,Windsor Group LTD,3332.0,0.0001820985148604212,0.1544553851861467,medium
1504941,Portland Global Advisors LLC,3332.0,0.0001820985148604212,0.07355764145739882,long
1958397,Gray Wealth Management Inc.,3330.0,0.00018198921203037294,0.06747353513579205,long
1911766,"Vantage Financial Partners, LLC",3329.0,0.0001819345606153488,0.45867062367520894,short
1767724,New World Advisors LLC,3329.0,0.0001819345606153488,0.14636131314676296,medium
1912584,Tyler-Stone Wealth Management,3327.0,0.00018182525778530053,,unclassified
1806752,"Hixon Zuercher, LLC",3327.0,0.00018182525778530053,0.14676894863961978,medium
1750405,Truvestments Capital LLC,3326.0,0.00018177060637027638,0.20849684323609471,medium
1269978,Alesco Advisors LLC,3323.0,0.00018160665212520397,0.06210113765590369,long
1875953,"Epic Trust Investment Advisors, LLC",3320.0,0.00018144269788013156,0.4169340830527378,short
1554656,Raub Brock Capital Management LP,3308.0,0.00018078688089984192,0.13586402212484147,medium
1095836,CAPITAL CITY TRUST CO/FL,3304.0,0.0001805682752397454,0.038478855894229065,long
1682021,Vivaldi Capital Management LP,3300.0,0.00018034966957964884,0.21196803532450847,medium
859804,WEDGEWOOD PARTNERS INC,3300.0,0.00018034966957964884,0.06929458943298478,long
1352342,Echo Street Capital Management LLC,3299.0,0.00018029501816462472,0.32414687789349383,short
1833140,McLean Asset Management Corp,3275.0,0.00017898338420404544,0.13689600184159076,medium
1512026,"SFMG, LLC",3275.0,0.00017898338420404544,0.15214487677348737,medium
1406995,"Cutter & CO Brokerage, Inc.",3271.0,0.0001787647785439489,0.13022674190689312,medium
1860132,"ONE PLUS ONE WEALTH MANAGEMENT, LLC",3269.0,0.00017865547571390062,0.565291925260321,short
1910660,"Horizon Family Wealth, Inc.",3265.0,0.0001784368700538041,0.12715966605765588,medium
1903059,BlackDiamond Wealth Management Inc.,3262.0,0.00017827291580873168,0.42454020365323053,short
1964652,New England Capital Financial Advisors LLC,3259.0,0.00017810896156365927,,unclassified
1812090,"Vise Technologies, Inc.",3258.0,0.00017805431014863513,0.24007519545956435,medium
1979028,"Hill Investment Group Partners, LLC",3245.0,0.00017734384175332137,0.13381291422414388,medium
1664864,"Sugarloaf Wealth Management, LLC",3237.0,0.00017690663043312829,0.19301749831617743,medium
1840755,Unison Asset Management LLC,3235.0,0.00017679732760308,0.09359940801065228,long
1764968,Advisory Resource Group,3229.0,0.00017646941911293517,0.17375677864016043,medium
1667132,"Well Done, LLC",3227.0,0.0001763601162828869,0.11270030889915646,long
1316617,Saturna Capital CORP,3215.0,0.00017570429930259727,0.06954217472056537,long
1732074,CNB Bank,3211.0,0.00017548569364250074,0.07258795848235633,long
1729303,"WealthShield Partners, LLC",3205.0,0.00017515778515235592,0.2505472397734361,medium
1844880,"Insight Advisors, LLC/ PA",3205.0,0.00017515778515235592,0.33937708916564896,short
1599217,"Capstone Financial Advisors, Inc.",3202.0,0.0001749938309072835,0.08332866415829292,long
1905663,CAPITAL PERFORMANCE ADVISORS LLP,3202.0,0.0001749938309072835,0.03307421588857837,long
1542166,"Callan Capital, LLC",3192.0,0.00017444731675704216,0.16573417960691333,medium
1963728,"Seed Wealth Management, Inc.",3186.0,0.00017411940826689734,,unclassified
1789351,Deseret Mutual Benefit Administrators,3179.0,0.00017373684836172838,0.18548380174951098,medium
1838226,Accel Wealth Management,3176.0,0.00017357289411665597,0.16531829946579732,medium
1313294,"Linscomb & Williams, Inc.",3171.0,0.0001732996370415353,0.07376058604822626,long
1456133,"Convergence Investment Partners, LLC",3168.0,0.00017313568279646289,0.3051785028702936,short
1666757,"Zions Bancorporation, N.A.",3165.0,0.00017297172855139048,0.21294455165573092,medium
1568389,"Merriman Wealth Management, LLC",3164.0,0.00017291707713636636,0.29568046123388686,short
1826790,Tennessee Valley Asset Management Partners,3155.0,0.00017242521440114913,0.3614483583361224,short
1432529,"Baker Avenue Asset Management, LP",3153.0,0.00017231591157110084,0.28498136033874694,medium
1843715,"Latitude Advisors, LLC",3151.0,0.00017220660874105257,0.40247262015393354,short
1767349,Princeton Global Asset Management LLC,3151.0,0.00017220660874105257,0.10050868116076664,long
1842054,"Rede Wealth, LLC",3144.0,0.00017182404883588363,0.058899514711082596,long
1800513,"TSFG, LLC",3140.0,0.00017160544317578708,0.12004450357054725,long
1769063,"Foster Victor Wealth Advisors, LLC",3137.0,0.00017144148893071467,0.17428029149963858,medium
1735513,CLARET ASSET MANAGEMENT Corp,3134.0,0.00017127753468564226,0.062209278935250474,long
1427350,"First City Capital Management, Inc.",3126.0,0.00017084032336544917,0.08165364240318575,long
819864,CREATIVE FINANCIAL DESIGNS INC /ADV,3124.0,0.0001707310205354009,0.25384653316768335,medium
1592615,Page Arthur B,3121.0,0.0001705670662903285,0.05714433869259269,long
1908765,"Perfromance Wealth Partners, LLC",3121.0,0.0001705670662903285,0.054999741027888266,long
1752761,Centric Wealth Management,3119.0,0.00017045776346028024,0.3797056796487162,short
1769031,"Van Leeuwen & Company, LLC",3116.0,0.00017029380921520783,0.28943411493669696,medium
1759641,"WestHill Financial Advisors, Inc.",3099.0,0.0001693647351597975,0.030033483466118074,long
1905867,"SAXON INTERESTS, INC.",3098.0,0.00016931008374477337,0.2704504148899055,medium
1785498,Keudell/Morrison Wealth Management,3092.0,0.00016898217525462855,0.30428287619824257,short
108634,"WULFF, HANSEN & CO.",3085.0,0.0001685996153494596,0.13730372843819158,medium
1733788,"Centerpoint Advisors, LLC",3069.0,0.00016772519270907341,0.07769472519484777,long
1730126,"Buckley Wealth Management, LLC",3066.0,0.000167561238464001,0.11384901842502385,long
1842296,"E Fund Management Co., Ltd.",3052.0,0.0001667961186536631,0.20831617635781727,medium
1965484,"Financial Freedom, LLC",3033.0,0.00016575774176820452,,unclassified
1830008,"Capital CS Group, LLC",3025.0,0.00016532053044801144,0.3230421349501146,short
1904423,"Custos Family Office, LLC",3022.0,0.00016515657620293903,0.3124238162584378,short
1284812,"COHEN & STEERS, INC.",3022.0,0.00016515657620293903,0.18631832800846376,medium
1810023,"Affinity Capital Advisors, LLC",3015.0,0.0001647740162977701,0.13660081593367834,medium
1629931,"Teamwork Financial Advisors, LLC",3014.0,0.00016471936488274595,0.4239063466526581,short
1843138,"Levy Wealth Management Group, LLC",3007.0,0.00016433680497757698,0.16722796821293798,medium
1665302,Cottage Street Advisors LLC,3004.0,0.00016417285073250457,1.041213596293674,short
1513126,"Wharton Business Group, LLC",3003.0,0.00016411819931748045,0.12774248623571108,medium
1848433,Coppell Advisory Solutions LLC,2997.0,0.00016379029082733563,,unclassified
1972653,Imprint Wealth LLC,2997.0,0.00016379029082733563,,unclassified
1963839,"Redwood Wealth Management Group, LLC",2989.0,0.00016335307950714255,,unclassified
1977500,"ABLE Financial Group, LLC",2986.0,0.00016318912526207014,,unclassified
1844142,Goepper Burkhardt LLC,2980.0,0.00016286121677192532,0.08940157193641299,long
1056823,HORIZON KINETICS ASSET MANAGEMENT LLC,2973.0,0.00016247865686675638,0.06284148105141374,long
1066816,EVERMAY WEALTH MANAGEMENT LLC,2967.0,0.00016215074837661156,0.07721016136810055,long
1704300,Founders Capital Management,2958.0,0.00016165888564139433,0.06447711652331171,long
1910000,"CARDIFF PARK ADVISORS, LLC",2957.0,0.00016160423422637019,0.09176344785848724,long
1654033,"COOPER/HAIMS ADVISORS, LLC",2942.0,0.00016078446300100816,0.14269296541777007,medium
1779453,"EPIQ Capital Group, LLC",2942.0,0.00016078446300100816,0.0673795056339302,long
1535061,"Edgestream Partners, L.P.",2932.0,0.0001602379488507668,1.2570065787237985,short
1904323,"Royal Capital Wealth Management, LLC",2930.0,0.00016012864602071852,0.08778222823452374,long
1766995,"SUMMIT WEALTH & RETIREMENT PLANNING, INC.",2929.0,0.00016007399460569438,0.2384319202670095,medium
1811345,"Sentinus, LLC",2929.0,0.00016007399460569438,,unclassified
1554308,Seven Post Investment Office LP,2924.0,0.0001598007375305737,0.09624600151903115,long
1966219,"Alpha Financial Partners, LLC",2907.0,0.0001588716634751634,,unclassified
1874068,Derbend Asset Management,2902.0,0.00015859840640004272,0.19395739676040527,medium
1877728,"Accurate Wealth Management, LLC",2901.0,0.00015854375498501857,0.6575369434254539,short
1801674,"WJ Wealth Management, LLC",2900.0,0.00015848910356999443,0.7847175072256953,short
1742998,"FNY Investment Advisers, LLC",2900.0,0.00015848910356999443,1.240675149624333,short
1904431,"AVAII WEALTH MANAGEMENT, LLC",2896.0,0.0001582704979098979,0.3313498211609599,short
1842013,Kaizen Financial Strategies,2896.0,0.0001582704979098979,0.3145546219810198,short
711089,BENEDICT FINANCIAL ADVISORS INC,2895.0,0.00015821584649487375,0.057359657958841355,long
1372130,"HEADINVEST, LLC",2890.0,0.00015794258941975308,0.06023030582487551,long
1110806,PHILADELPHIA TRUST CO,2887.0,0.00015777863517468067,0.12620487805058672,long
1814214,Concord Wealth Partners,2886.0,0.00015772398375965652,0.30306392148094513,short
1738828,Pathway Financial Advisors LLC,2883.0,0.00015756002951458414,0.16356434519818946,medium
1950158,Lodestone Wealth Management LLC,2881.0,0.00015745072668453585,,unclassified
1767812,"Miramar Capital, LLC",2877.0,0.00015723212102443932,0.12544157283042864,long
1091923,PENINSULA ASSET MANAGEMENT INC,2875.0,0.00015712281819439103,0.05502453091720441,long
1616026,"Tradewinds Capital Management, LLC",2874.0,0.0001570681667793669,1.181892202261611,short
1301540,"Rock Point Advisors, LLC",2872.0,0.00015695886394931862,0.17659463516512974,medium
881432,MERITAGE PORTFOLIO MANAGEMENT,2866.0,0.00015663095545917383,0.2834470660875866,medium
938487,SSI INVESTMENT MANAGEMENT LLC,2866.0,0.00015663095545917383,0.3202322838406953,short
1806027,"Aspen Grove Capital, LLC",2860.0,0.000156303046969029,,unclassified
1849055,"Navis Wealth Advisors, LLC",2859.0,0.00015624839555400486,0.25783940800638594,medium
1757282,NKCFO LLC,2849.0,0.0001557018814037635,0.2812598486055724,medium
1964835,"Compass Financial Group, INC/SD",2847.0,0.00015559257857371522,,unclassified
1965329,STAR Financial Bank,2846.0,0.0001555379271586911,,unclassified
1964819,"McGlone Suttner Wealth Management, Inc.",2843.0,0.0001553739729136187,,unclassified
1812103,Rosenberg Matthew Hamilton,2833.0,0.00015482745876337732,0.11871278405426064,long
1800556,"KFA Private Wealth Group, LLC",2832.0,0.0001547728073483532,0.10314428414583346,long
1688666,Knights of Columbus Asset Advisors LLC,2830.0,0.0001546635045183049,0.20447763213811143,medium
1508120,"Cohen Capital Management, Inc.",2830.0,0.0001546635045183049,0.07530719993902052,long
1989988,"New Republic Capital, LLC",2828.0,0.00015455420168825664,,unclassified
1870686,"Strategic Financial Concepts, LLC",2821.0,0.0001541716417830877,,unclassified
887748,"FSB PREMIER WEALTH MANAGEMENT, INC.",2812.0,0.00015367977904787047,0.10490811234710881,long
1807283,"High Note Wealth, LLC",2810.0,0.0001535704762178222,0.07256352323907311,long
1896419,Collaborative Wealth Managment Inc.,2798.0,0.00015291465923753257,0.17113104537143609,medium
1839445,"CMG Global Holdings, LLC",2797.0,0.00015286000782250843,0.12719064007078326,medium
1332632,CHILTON INVESTMENT CO INC.,2793.0,0.0001526414021624119,0.2065126607490817,medium
1949059,"James J. Burns & Company, LLC",2791.0,0.0001525320993323636,,unclassified
1910273,"Investment Advisory Group, LLC",2791.0,0.0001525320993323636,0.07983825071224875,long
1590214,"BIP Wealth, LLC",2783.0,0.00015209488801217052,,unclassified
1801989,Cardinal Strategic Wealth Guidance,2782.0,0.00015204023659714638,0.35845518715618224,short
1730404,Northwest Capital Management Inc,2781.0,0.00015198558518212226,0.19386917174116855,medium
1166308,GREEN SQUARE CAPITAL ADVISORS LLC,2778.0,0.00015182163093704985,0.17201744875061464,medium
1801263,Parcion Private Wealth LLC,2773.0,0.00015154837386192917,0.40571374913255853,short
1353318,Progressive Investment Management Corp,2757.0,0.00015067395122154298,0.05306459510066738,long
1600307,"SIGNET FINANCIAL MANAGEMENT, LLC",2753.0,0.00015045534556144645,0.13311541970673033,medium
1910666,City State Bank,2749.0,0.0001502367399013499,0.09891041680152432,long
1803140,1776 Wealth LLC,2747.0,0.00015012743707130163,0.10713028557538148,long
1801619,"BELLEVUE ASSET MANAGEMENT, LLC",2733.0,0.00014936231726096373,0.07406807493164963,long
1842820,"TMD Wealth Management, LLC",2731.0,0.00014925301443091546,0.3826967662248922,short
1729304,Holistic Financial Partners,2726.0,0.00014897975735579476,0.12429671717551252,long
1963967,CPA Asset Management LLC,2724.0,0.0001488704545257465,,unclassified
1427351,MERIDIAN INVESTMENT COUNSEL INC.,2723.0,0.00014881580311072235,0.031777700417045356,long
1730477,"Ballast, Inc.",2716.0,0.00014843324320555341,0.09490386797548096,long
1607355,"MARK SHEPTOFF FINANCIAL PLANNING, LLC",2713.0,0.000148269288960481,0.05410186485483178,long
1757617,"Full Sail Capital, LLC",2712.0,0.00014821463754545686,0.14249152722022004,medium
1802132,"Aurora Private Wealth, Inc.",2709.0,0.00014805068330038445,0.3553316873114513,short
1817494,Walkner Condon Financial Advisors LLC,2695.0,0.00014728556349004654,0.11156208307766205,long
1646639,"Hamilton Capital, LLC",2688.0,0.0001469030035848776,0.26969540227904165,medium
1119032,HARVEY CAPITAL MANAGEMENT INC,2681.0,0.00014652044367970864,0.12728299178812416,medium
1963536,"Jessup Wealth Management, Inc",2681.0,0.00014652044367970864,,unclassified
1739878,First National Bank of South Miami,2677.0,0.0001463018380196121,0.07952929705488805,long
1531593,CLEAR STREET MARKETS LLC,2676.0,0.00014624718660458797,1.2034204668902049,short
1886813,"McElhenny Sheffield Capital Management, LLC",2666.0,0.00014570067245434662,1.1907544195045476,short
1132699,"VESTOR CAPITAL, LLC",2665.0,0.00014564602103932247,0.3461842826382757,short
1774086,RDA Financial Network,2649.0,0.0001447715983989363,0.12235025907637714,long
1845743,"FIRETHORN WEALTH PARTNERS, LLC",2647.0,0.00014466229556888801,0.2348129913706709,medium
1675762,"Gilbert & Cook, Inc.",2646.0,0.0001446076441538639,0.18433507095628193,medium
1579254,"East Coast Asset Management, LLC.",2638.0,0.0001441704328336708,0.09966010132916446,long
1803675,"Keebeck Wealth Management, LLC",2622.0,0.00014329601019328462,0.13448008662928534,medium
1860487,"Deuterium Capital Management, LLC",2619.0,0.0001431320559482122,0.8138784981667442,short
1846786,"Kowal Investment Group, LLC",2618.0,0.0001430774045331881,0.3274316894237916,short
1697882,"Flaharty Asset Management, LLC",2613.0,0.00014280414745806741,0.17599416065961554,medium
1034550,ARMSTRONG SHAW ASSOCIATES INC/CT,2610.0,0.000142640193212995,0.05429782499891343,long
1427748,"Truepoint, Inc.",2605.0,0.0001423669361378743,0.13528813828764727,medium
1034549,PARADIGM ASSET MANAGEMENT CO LLC,2600.0,0.00014209367906275363,0.27257101696703445,medium
1938970,"Callan Family Office, LLC",2598.0,0.00014198437623270536,,unclassified
1387399,"West Oak Capital, LLC",2596.0,0.0001418750734026571,0.3208241149713133,short
1908462,"WealthCare Investment Partners, LLC",2588.0,0.000141437862082464,0.2601863944424236,medium
1834985,"TruWealth Advisors, LLC",2587.0,0.00014138321066743987,0.23427727650628088,medium
1876326,Five Oceans Advisors,2586.0,0.00014132855925241573,0.16043886724658307,medium
1727993,"Eldridge Investment Advisors, Inc.",2585.0,0.0001412739078373916,0.21040091001286065,medium
842766,ADVISORS MANAGEMENT GROUP INC /ADV,2583.0,0.00014116460500734332,0.11516564441893011,long
1841768,"PATRON PARTNERS, LLC",2580.0,0.0001410006507622709,0.09247556472450306,long
1285973,CUTLER INVESTMENT COUNSEL LLC,2579.0,0.0001409459993472468,0.07094361226089069,long
1839419,"Golden Green, Inc.",2567.0,0.00014029018236695715,0.4706479951720573,short
1695344,"NORTHWEST WEALTH MANAGEMENT, LLC",2564.0,0.00014012622812188474,0.13196862711872762,medium
1797135,"ARBOR TRUST WEALTH ADVISORS, LLC",2556.0,0.00013968901680169165,0.07680424878136241,long
1957124,"UNIQUE WEALTH, LLC",2556.0,0.00013968901680169165,,unclassified
1588456,"Private Capital Management, LLC",2552.0,0.0001394704111415951,0.11238516838329829,long
1909798,HILL ISLAND FINANCIAL LLC,2550.0,0.00013936110831154683,0.10307245605554184,long
1750557,"Vectors Research Management, LLC",2548.0,0.00013925180548149857,0.2776683422309465,medium
1926349,Investmark Advisory Group LLC,2545.0,0.00013908785123642616,0.165222451688243,medium
1852858,"Everhart Financial Group, Inc.",2545.0,0.00013908785123642616,0.27599319127417143,medium
1577001,W.G. Shaheen & Associates DBA Whitney & Co,2544.0,0.00013903319982140201,0.07653618328988109,long
1570396,Lipe & Dalton,2541.0,0.0001388692455763296,0.07629040366283837,long
1909993,"DIXON FNANCIAL SERVICES, INC.",2539.0,0.00013875994274628134,0.00973738375446992,long
1992748,"CJM Wealth Advisers, Ltd.",2534.0,0.00013848668567116067,0.1079937965144514,long
1965241,"MOSAIC FAMILY WEALTH PARTNERS, LLC",2527.0,0.0001381041257659917,,unclassified
1907826,"BLODGETT WEALTH ADVISORS, LLC",2525.0,0.00013799482293594344,0.07186820107189029,long
1978005,KENNEDY INVESTMENT GROUP,2520.0,0.00013772156586082276,,unclassified
1091961,GOULD ASSET MANAGEMENT LLC /CA/,2520.0,0.00013772156586082276,0.11835797546287324,long
1855571,"High Pines Wealth Management, LLC",2519.0,0.00013766691444579862,0.03970634378865609,long
1800938,"One Charles Private Wealth Services, LLC",2517.0,0.00013755761161575035,0.17486424748968932,medium
1767346,"Traverso Chambers Private Wealth Management, LLC",2517.0,0.00013755761161575035,0.12595117438651718,long
1965616,"Tanglewood Legacy Advisors, LLC",2514.0,0.00013739365737067794,,unclassified
1543536,"Hudock, Inc.",2505.0,0.0001369017946354607,0.19384975511201624,medium
1657980,Vista Private Wealth Partners. LLC,2504.0,0.00013684714322043657,0.20035965951320828,medium
1908695,Kearns & Associates LLC,2500.0,0.00013662853756034004,0.06852661746555685,long
1103738,"Gruss & Co., LLC",2500.0,0.00013662853756034004,0.5209012145656644,short
1877822,"HFR Wealth Management, LLC",2493.0,0.00013624597765517107,0.02141188106677918,long
1765595,Bernardo Wealth Planning LLC,2493.0,0.00013624597765517107,0.1789221440829789,medium
1780565,"O'Keefe Stevens Advisory, Inc.",2489.0,0.00013602737199507455,0.06516450317212077,long
1766909,"Financial Advisors, LLC",2486.0,0.00013586341775000214,0.10264209436374581,long
1800135,"PYA Waltman Capital, LLC",2484.0,0.00013575411491995384,0.14794906776691624,medium
1623707,Alliance Wealth Management Group,2477.0,0.0001353715550147849,0.059555499936214985,long
1843010,"Tradition Wealth Management, LLC",2475.0,0.00013526225218473664,0.15066378298453706,medium
1108893,PENN DAVIS MCFARLAND INC,2474.0,0.0001352076007697125,0.044741540836808,long
1569667,"OARSMAN CAPITAL, INC.",2469.0,0.00013493434369459182,0.17525354931067966,medium
1887441,ENZI WEALTH,2466.0,0.0001347703894495194,,unclassified
1716399,"Cahaba Wealth Management, Inc.",2465.0,0.00013471573803449527,0.06449001901036455,long
1789382,"Arkfeld Wealth Strategies, L.L.C.",2465.0,0.00013471573803449527,0.10985651498849096,long
1840341,"Birchcreek Wealth Management, LLC",2456.0,0.00013422387529927804,0.19569215664888445,medium
1735057,"Versant Capital Management, Inc",2455.0,0.00013416922388425392,0.06815408344978535,long
314169,"TERRIL BROTHERS, INC.",2452.0,0.0001340052696391815,0.10749130582310895,long
1791996,1900 WEALTH MANAGEMENT LLC,2451.0,0.00013395061822415736,0.10339407643157972,long
1600152,Bellecapital International Ltd.,2450.0,0.00013389596680913324,0.17386636762687518,medium
1910845,"PARAGON FINANCIAL PARTNERS, INC.",2449.0,0.0001338413153941091,0.07536144736579205,long
1701714,"McIlrath & Eck, LLC",2449.0,0.0001338413153941091,0.2578069719736109,medium
1767855,"Global Wealth Management Investment Advisory, Inc.",2442.0,0.00013345875548894013,0.13973933201382271,medium
1766918,Opes Wealth Management LLC,2429.0,0.00013274828709362638,0.16007363590018117,medium
1767056,"Fairhaven Wealth Management, LLC",2428.0,0.00013269363567860223,,unclassified
872163,NAVELLIER & ASSOCIATES INC,2428.0,0.00013269363567860223,0.41804383202762524,short
1797873,"Lineweaver Wealth Advisors, LLC",2427.0,0.0001326389842635781,0.2599663190283713,medium
1728436,"Sanctuary Wealth Management, L.L.C.",2426.0,0.00013258433284855397,,unclassified
1765278,EWG Elevate Inc.,2425.0,0.00013252968143352982,0.6140858509563971,short
1803329,Regent Peak Wealth Advisors LLC,2422.0,0.00013236572718845744,0.14572425273257075,medium
1547926,"Livforsakringsbolaget Skandia, Omsesidigt",2418.0,0.00013214712152836088,0.16336079768629408,medium
1597878,"Capital Advisors, Ltd. LLC",2409.0,0.00013165525879314365,0.09403853413711315,long
1482012,"Smith, Salley & Associates",2408.0,0.0001316006073781195,0.08761915393242797,long
1786241,"HILLTOP WEALTH ADVISORS, LLC",2406.0,0.00013149130454807124,0.3074839064894239,short
1484540,"WESPAC Advisors, LLC",2405.0,0.00013143665313304712,0.7622969616258364,short
1384484,MAD RIVER INVESTORS,2400.0,0.00013116339605792642,0.05413775421902637,long
1919920,"Cyrus J. Lawrence, LLC",2400.0,0.00013116339605792642,0.19585739380796535,medium
1965579,"LEGACY FINANCIAL GROUP, INC.",2398.0,0.00013105409322787816,,unclassified
1605070,"Bienville Capital Management, LLC",2390.0,0.00013061688190768507,0.3953104820462203,short
1415912,Migdal Insurance & Financial Holdings Ltd.,2390.0,0.00013061688190768507,0.5157982057295097,short
1415201,"SPC Financial, Inc.",2384.0,0.00013028897341754025,0.3735989087817827,short
1847769,Tranquilli Financial Advisor LLC,2380.0,0.0001300703677574437,0.3244588971246902,short
1388443,"Palisades Hudson Asset Management, L.P.",2379.0,0.00013001571634241958,0.04290009712306435,long
1728657,"Wagner Wealth Management, LLC",2370.0,0.00012952385360720235,0.3302257172416234,short
1964532,"Kaydan Wealth Management, Inc.",2365.0,0.00012925059653208168,0.4186252075125957,short
1738902,Atom Investors LP,2365.0,0.00012925059653208168,1.0585774508430867,short
1907666,Eagle Strategies LLC,2364.0,0.00012919594511705753,0.4299308515558795,short
1756959,"McGuire Investment Group, LLC",2363.0,0.00012914129370203339,0.05933265130038211,long
1004140,PENNSYLVANIA CAPITAL MANAGEMENT INC /ADV,2363.0,0.00012914129370203339,0.16692916476768999,medium
1044929,ATWOOD & PALMER INC,2363.0,0.00012914129370203339,0.12316393769986636,long
1951283,"Crane Advisory, LLC",2362.0,0.00012908664228700927,,unclassified
1910185,COOK WEALTH MANAGEMENT GROUP LLC,2355.0,0.0001287040823818403,0.2019581197210838,medium
1589282,Fort Point Capital Partners LLC,2354.0,0.00012864943096681618,0.20540449641255767,medium
1927120,"Asset Management Resources, LLC",2353.0,0.00012859477955179204,0.2765952234147135,medium
1566414,"SignalPoint Asset Management, LLC",2350.0,0.00012843082530671963,0.06294768254856487,long
1142031,PRIVATE MANAGEMENT GROUP INC,2344.0,0.0001281029168165748,0.14584634840807578,medium
1832212,"Ten Capital Wealth Advisors, LLC",2344.0,0.0001281029168165748,0.20485012747432887,medium
1852307,"Sterling Group Wealth Management, LLC",2339.0,0.00012782965974145413,,unclassified
1859259,"Fermata Advisors, LLC",2337.0,0.00012772035691140587,0.6738148430233339,short
1977044,PCA Investment Advisory Services Inc.,2336.0,0.00012766570549638172,,unclassified
1266014,WRAPMANAGER INC,2336.0,0.00012766570549638172,0.1995610468299005,medium
919447,"CASCADE INVESTMENT GROUP, INC.",2328.0,0.00012722849417618864,,unclassified
1905198,"Morling Financial Advisors, LLC",2320.0,0.00012679128285599556,0.14999671673148693,medium
1845950,"ADE, LLC",2319.0,0.0001267366314409714,0.18293933438954263,medium
1763608,"WealthOne, LLC",2316.0,0.000126572677195899,0.10379797052506923,long
1908914,"SFG Wealth Management, LLC.",2313.0,0.0001264087229508266,0.36559056786853444,short
1599511,"Tortoise Investment Management, LLC",2307.0,0.00012608081446068177,0.13212291570156576,medium
1369702,AMI ASSET MANAGEMENT CORP,2303.0,0.00012586220880058524,0.11788030685413112,long
1727762,Taylor Hoffman Wealth Management,2299.0,0.0001256436031404887,0.12493376712436673,long
1038661,ABNER HERRMAN & BROCK LLC,2294.0,0.000125370346065368,0.14057303205557653,medium
1802743,"Element Wealth, LLC",2292.0,0.00012526104323531975,0.11834736049700222,long
1883629,Financial Council Asset Management Inc,2289.0,0.00012509708899024734,0.31096550040421855,short
1918613,Montz Harcus Wealth Management LLC,2289.0,0.00012509708899024734,0.04608744369624425,long
1965468,"Beacon Bridge Wealth Partners, LLC",2281.0,0.00012465987767005426,,unclassified
1731878,Paulson Wealth Management Inc.,2278.0,0.00012449592342498185,0.24039083679948015,medium
1910852,"KRAEMATON INVESTMENT ADVISORS, INC",2278.0,0.00012449592342498185,0.13388172677999924,medium
1801145,Bank of Marin,2277.0,0.0001244412720099577,0.12315876074863105,long
1910370,First International Bank & Trust,2277.0,0.0001244412720099577,0.10817406058836786,long
1846991,"Round Rock Advisors, LLC",2277.0,0.0001244412720099577,0.07959029236353975,long
1602603,"Family Firm, Inc.",2269.0,0.00012400406068976462,0.0639200393871523,long
1697855,CAMDEN NATIONAL BANK,2259.0,0.00012345754653952324,0.08678852030036721,long
1890183,"Holland Advisory Services, Inc.",2254.0,0.00012318428946440257,0.27132929434130537,medium
1936420,CASTLE WEALTH MANAGEMENT LLC,2247.0,0.00012280172955923363,0.2900114593093685,medium
1964775,Semus Wealth Partners LLC,2242.0,0.00012252847248411295,,unclassified
1911244,ADAMSBROWN WEALTH CONSULTANTS LLC,2242.0,0.00012252847248411295,0.25160636177415036,medium
1735605,"USAdvisors Wealth Management, LLC",2238.0,0.0001223098668240164,0.1783394776152139,medium
1910210,"TILIA FIDUCIARY PARTNERS, INC.",2236.0,0.00012220056399396813,0.13349792169113298,medium
1692507,"Centiva Capital, LP",2227.0,0.0001217087012587509,1.1253514619721026,short
714562,FIRST FINANCIAL CORP /IN/,2224.0,0.0001215447470136785,0.058164151170230896,long
1909846,Covestor Ltd,2207.0,0.00012061567295826818,0.4278502509880469,short
1827844,"TFC Financial Management, Inc.",2207.0,0.00012061567295826818,0.09997586057314191,long
1847772,EMC Capital Management,2188.0,0.00011957729607280959,0.4011671348983332,short
1904425,"Cassady Schiller Wealth Management, LLC",2184.0,0.00011935869041271305,0.265009568433197,medium
1730960,"Sound Income Strategies, LLC",2162.0,0.00011815635928218206,0.17690874138179247,medium
1586767,"SRS Capital Advisors, Inc.",2149.0,0.00011744589088686829,0.3321628214805297,short
1894302,SJS Investment Consulting Inc.,2117.0,0.00011569704560609594,,unclassified
1391166,Lee Financial Co,2092.0,0.00011433076023049254,0.12421249055864093,long
1800911,S.A. Mason LLC,2051.0,0.00011209005221450296,0.03874699903011073,long
1911726,Raleigh Capital Management Inc.,2029.0,0.00011088772108397198,0.2533941692562669,medium
1698750,"TFO-TDC, LLC",2029.0,0.00011088772108397198,0.9243608640296995,short
1094584,PIN OAK INVESTMENT ADVISORS INC,2025.0,0.00011066911542387542,0.13004820659006727,medium
1750924,"VisionPoint Advisory Group, LLC",2015.0,0.00011012260127363407,0.4656134476161381,short
1800234,"ATTICUS WEALTH MANAGEMENT, LLC",2002.0,0.0001094121328783203,0.31039924770769434,short
1843991,"DB Wealth Management Group, LLC",1999.0,0.00010924817863324789,0.1530743608807189,medium
1827261,"IAG Wealth Partners, LLC",1976.0,0.00010799119608769276,0.14029553249955679,medium
1352860,"BLUE BELL PRIVATE WEALTH MANAGEMENT, LLC",1934.0,0.00010569583665667905,0.08537085199147193,long
769317,SIT INVESTMENT ASSOCIATES INC,1930.0,0.0001054772309965825,0.17262319913682578,medium
1738728,Silvant Capital Management LLC,1922.0,0.00010504001967638942,0.376756706093639,short
1697375,Farmers & Merchants Trust Co of Chambersburg PA,1908.0,0.00010427489986605152,0.047363329312956254,long
1921487,"Beacon Capital Management, LLC",1907.0,0.00010422024845102737,0.38190870604106036,short
1812902,"Coombe, Bender & Co LLC",1903.0,0.00010400164279093083,0.13938418246029488,medium
1966033,"True Wealth Design, LLC",1891.0,0.0001033458258106412,,unclassified
1750086,"HHM Wealth Advisors, LLC",1818.0,9.935627251387928e-05,0.08741374944939309,long
1726673,"PrairieView Partners, LLC",1750.0,9.563997629223802e-05,0.05829150769023422,long
1907320,"Western Pacific Wealth Management, LP",1715.0,9.372717676639326e-05,0.07904107086467604,long
809443,MEEDER ASSET MANAGEMENT INC,1661.0,9.077600035508991e-05,0.5792187527567186,short
1794972,"OPTIONS SOLUTIONS, LLC",1642.0,8.973762346963133e-05,0.2554191110736295,medium
1633674,AllSquare Wealth Management LLC,1636.0,8.940971497948652e-05,0.035195625744184326,long
1961632,"Stephens Consulting, LLC",1627.0,8.89178522442693e-05,0.2962421021248572,short
1960144,"Strategic Investment Solutions, Inc. /IL",1597.0,8.727830979354521e-05,,unclassified
1870012,TUCKER ASSET MANAGEMENT LLC,1565.0,8.552946451277287e-05,0.501976207134162,short
1537621,"DT Investment Partners, LLC",1480.0,8.08840942357213e-05,0.1370445078222325,medium
1963478,"VitalStone Financial, LLC",1478.0,8.077479140567303e-05,,unclassified
1142433,"MEAG MUNICH ERGO, Kapitalanlagegesellschaft mbH",1466.0,8.01189744253834e-05,0.2929971604215014,short
1765054,"TimeScale Financial, Inc.",1460.0,7.979106593523857e-05,0.07582583057482431,long
2002654,"PFS Partners, LLC",1434.0,7.837012914461104e-05,0.22198858649080955,medium
1365167,"DIVIDEND ASSETS CAPITAL, LLC",1425.0,7.787826640939382e-05,0.11130881515697348,long
1871734,"Level Financial Advisors, Inc.",1425.0,7.787826640939382e-05,0.11163778542714167,long
1909851,"Morton Brown Family Wealth, LLC",1411.0,7.711314659905591e-05,0.1367479271192441,medium
1802084,"CVA Family Office, LLC",1347.0,7.361545603751121e-05,0.14662820091304363,medium
1965653,Compass Wealth Management LLC,1335.0,7.295963905722157e-05,,unclassified
1999828,Sutton Wealth Advisors Inc.,1331.0,7.274103339712503e-05,0.16488715065750714,medium
1973259,"Buck Wealth Strategies, LLC",1325.0,7.241312490698021e-05,,unclassified
1899703,"Paladin Advisory Group, LLC",1282.0,7.006311406094237e-05,,unclassified
1092838,INTREPID CAPITAL MANAGEMENT INC,1272.0,6.951659991070101e-05,0.3560884462217392,short
1365707,"CONTRAVISORY INVESTMENT MANAGEMENT, INC.",1270.0,6.940729708065274e-05,0.3029704794977152,short
1484067,"Rock Creek Group, LP",1262.0,6.897008576045965e-05,0.5074948638993355,short
1536105,Magellan Asset Management Ltd,1256.0,6.864217727031483e-05,0.24365734529512525,medium
1842787,Newton One Investments LLC,1238.0,6.765845179988038e-05,0.05866946183466733,long
1891201,MARYLAND CAPITAL ADVISORS INC.,1222.0,6.678402915949421e-05,0.14486300945489075,medium
1843110,"Annapolis Financial Services, LLC",1207.0,6.596425793413216e-05,0.12048119308739352,long
1671623,"Horan Securities, Inc.",1194.0,6.52537895388184e-05,0.11781577367221563,long
1673815,"INSTITUTIONAL & FAMILY ASSET MANAGEMENT, LLC",1187.0,6.487122963364945e-05,0.13484102102103918,medium
1883134,Activest Wealth Management,1163.0,6.355959567307019e-05,1.0513158399531464,short
1908904,KENFARB & CO.,1159.0,6.334099001297365e-05,0.07234876998842413,long
1926571,Lansing Street Advisors,1134.0,6.197470463737024e-05,0.25959055994789176,medium
1601348,Riggs Asset Managment Co. Inc.,1116.0,6.099097916693579e-05,0.41429106246507086,short
1809159,"Spotlight Asset Group, Inc.",1084.0,5.924213388616344e-05,,unclassified
1737088,"Castleview Partners, LLC",1082.0,5.913283105611517e-05,0.6706692845428422,short
1600403,CKW FINANCIAL GROUP,1060.0,5.7930499925584175e-05,0.06798756380693682,long
1568132,"Financial Management Professionals, Inc.",1025.0,5.6017700399739416e-05,0.4158204698216741,short
1907568,OLIVER LAGORE VANVALIN INVESTMENT GROUP,1007.0,5.5033974929304963e-05,0.7397272307752423,short
1792704,Avion Wealth,1003.0,5.481536926920842e-05,0.12065669359443543,long
1799544,"HOEY INVESTMENTS, INC",1003.0,5.481536926920842e-05,0.24332725610454725,medium
1968777,25 LLC,1002.0,5.476071785418428e-05,,unclassified
1308778,"America First Investment Advisors, LLC",1001.0,5.470606643916015e-05,0.10450130423422638,long
1930102,Price Jennifer C.,1000.0,5.465141502413601e-05,0.2681826454079824,medium
1936603,Ritter Daniher Financial Advisory LLC / DE,998.0,5.454211219408774e-05,0.1671876270406775,medium
1864910,"KB FINANCIAL PARTNERS, LLC",991.0,5.415955228891879e-05,0.22742414713187567,medium
1925685,"FSC Wealth Advisors, LLC",987.0,5.394094662882225e-05,0.6284327581305797,short
1802451,HighMark Wealth Management LLC,983.0,5.37223409687257e-05,0.11969772983995086,long
1832097,WOLFF WIESE MAGANA LLC,959.0,5.241070700814644e-05,0.13597765656893473,medium
1803081,"Moser Wealth Advisors, LLC",945.0,5.164558719780853e-05,,unclassified
924166,HALLMARK CAPITAL MANAGEMENT INC,935.0,5.1099073047567174e-05,0.11553810051917743,long
1821407,"WFA of San Diego, LLC",916.0,5.006069616210859e-05,0.33020899277405197,short
1598561,"JANICZEK WEALTH MANAGEMENT, LLC",912.0,4.984209050201204e-05,0.16695311846358282,medium
1957363,Creative Capital Management Investments LLC,887.0,4.8475805126408644e-05,,unclassified
1985414,"Cherry Tree Wealth Management, LLC",881.0,4.814789663626383e-05,,unclassified
1574010,"Lowe Wealth Advisors, LLC",862.0,4.7109519750805246e-05,0.06042662614356195,long
1862864,Eagle Bay Advisors LLC,860.0,4.700021692075697e-05,0.18508168668853575,medium
1348183,"AlphaMark Advisors, LLC",854.0,4.6672308430612156e-05,0.6349787056350507,short
1798986,"Cedar Mountain Advisors, LLC",851.0,4.6508354185539746e-05,0.047618867190863765,long
1681126,"First Capital Advisors Group, LLC.",809.0,4.4212994754526035e-05,0.3644907579623408,short
1822587,Cornerstone Planning Group LLC,809.0,4.4212994754526035e-05,,unclassified
1737871,LFA - Lugano Financial Advisors SA,800.0,4.372113201930881e-05,0.19655452004101415,medium
1568859,Antonetti Capital Management LLC,792.0,4.328392069911572e-05,0.15168452818506842,medium
1166767,Natixis Investment Managers International,791.0,4.322926928409159e-05,0.3987694617539825,short
1911497,"Ulland Investment Advisors, LLC",782.0,4.273740654887436e-05,0.13664367672625724,medium
1831316,"Rise Advisors, LLC",753.0,4.115251551317442e-05,0.18502930405563278,medium
1859434,"EMFO, LLC",751.0,4.104321268312614e-05,0.17731027950148334,medium
1755785,"Canton Hathaway, LLC",745.0,4.071530419298133e-05,0.07571753721059873,long
1593600,Riverview Trust Co,737.0,4.027809287278824e-05,0.13494433928034408,medium
1695664,Mascoma Wealth Management LLC,735.0,4.016879004273997e-05,0.22240192142876913,medium
1812492,"Disciplined Investments, LLC",732.0,4.0004835797667565e-05,0.20518505477152227,medium
1984555,"Impact Partnership Wealth, LLC",717.0,3.918506457230552e-05,,unclassified
1510848,Timber Creek Capital Management LLC,713.0,3.896645891220898e-05,0.1390410751712695,medium
1451623,BENJAMIN EDWARDS INC,700.0,3.825599051689521e-05,0.20812736399133835,medium
1455495,"IMA Wealth, Inc.",693.0,3.787343061172626e-05,0.1694684796133676,medium
1599084,"Cranbrook Wealth Management, LLC",673.0,3.6780402311243534e-05,0.09367471122921028,long
1799900,Pacifica Partners Inc.,648.0,3.5414116935640136e-05,0.11658488688491801,long
1546989,NewSquare Capital LLC,639.0,3.4922254200422913e-05,0.24757020711859495,medium
1801467,AXS Investments LLC,623.0,3.404783156003674e-05,0.3363573863640896,short
706129,HORIZON BANCORP INC /IN/,621.0,3.393852872998846e-05,,unclassified
1964831,"MRP Capital Investments, LLC",600.0,3.2790849014481606e-05,,unclassified
1908965,"Gould Capital, LLC",595.0,3.2517591939360925e-05,0.19105646460579004,medium
1950556,Dakota Community Bank & Trust NA,592.0,3.235363769428852e-05,,unclassified
1659346,"Deane Retirement Strategies, Inc.",536.0,2.9293158452936904e-05,0.6352753991578542,short
1963421,"Koesten, Hirschmann & Crabtree, INC.",531.0,2.9019901377816223e-05,,unclassified
1653926,First PREMIER Bank,527.0,2.8801295717719678e-05,0.04914450609541398,long
1921196,"Strengthening Families & Communities, LLC",525.0,2.8691992887671407e-05,0.42025282784530316,short
1767340,"Aspire Private Capital, LLC",491.0,2.6833844776850783e-05,0.17692667711621296,medium
1770532,"Core Wealth Advisors, Inc.",488.0,2.6669890531778373e-05,0.3580987308525787,short
1799957,"PFG Private Wealth Management, LLC",485.0,2.6505936286705967e-05,0.3014483949759477,short
1906349,Steward Financial Group LLC,478.0,2.6123376381537015e-05,0.3814342263767312,short
1786411,"Carolina Wealth Advisors, LLC",462.0,2.5248953741150837e-05,0.2488268274226693,medium
1395067,"Marquette Asset Management, LLC",457.0,2.497569666603016e-05,0.16258798035771171,medium
1976256,"ZRC WEALTH MANAGEMENT, LLC",439.0,2.399197119559571e-05,,unclassified
1802881,CAAS CAPITAL MANAGEMENT LP,432.0,2.360941129042676e-05,1.2062022094385103,short
1738720,Avondale Wealth Management,407.0,2.2243125914823358e-05,0.2671447254158096,medium
1945037,"Coston, McIsaac & Partners",407.0,2.2243125914823358e-05,0.1832809913725989,medium
1965207,Quarry LP,373.0,2.0384977804002734e-05,,unclassified
1908938,"Beaird Harris Wealth Management, LLC",370.0,2.0221023558930324e-05,0.24332214898088284,medium
1541743,"Copeland Capital Management, LLC",360.0,1.9674509408688966e-05,0.154857595940509,medium
1121477,BOYD WATTERSON ASSET MANAGEMENT LLC/OH,345.0,1.8854738183326924e-05,0.08743127156937064,long
1730546,"Luken Investment Analytics, LLC",335.0,1.8308224033085565e-05,,unclassified
1593387,"GeoWealth Management, LLC",334.0,1.825357261806143e-05,0.4328438164835643,short
714364,OGOREK ANTHONY JOSEPH /NY/ /ADV,325.0,1.7761709882844204e-05,0.14824012779925383,medium
1848237,"SkyView Investment Advisors, LLC",319.0,1.7433801392699387e-05,0.8552970227542198,short
1909750,Operose Advisors LLC,319.0,1.7433801392699387e-05,0.13804968826445696,medium
1483824,TD Capital Management LLC,310.0,1.6941938657482164e-05,0.07089541460719107,long
1994434,WFA Asset Management Corp,306.0,1.672333299738562e-05,0.10422695907617646,long
1890149,"Bell Investment Advisors, Inc",301.0,1.645007592226494e-05,0.125548120493268,long
1802361,MAGNOLIA CAPITAL MANAGEMENT LTD,300.0,1.6395424507240803e-05,0.02700986893006646,long
1910383,Joseph Group Capital Management,300.0,1.6395424507240803e-05,0.2082044818731943,medium
1906967,"Evolution Advisers, Inc.",287.0,1.5684956111927035e-05,0.04135546294581918,long
1461539,"TD AMERITRADE INVESTMENT MANAGEMENT, LLC",286.0,1.56303046969029e-05,0.070569331787871,long
1962713,"Nordwand Advisors, LLC",279.0,1.5247744791733947e-05,,unclassified
1740491,"Retirement Group, LLC",272.0,1.4865184886564996e-05,0.3178585265450905,short
1661222,Ashburton (Jersey) Ltd,270.0,1.4755882056516723e-05,0.3399668191479075,short
1964203,"Richard W. Paul & Associates, LLC",265.0,1.4482624981396044e-05,,unclassified
1900946,"CarsonAllaria Wealth Management, Ltd.",251.0,1.371750517105814e-05,0.08773415672057396,long
1909654,New Millennium Group LLC,250.0,1.3662853756034003e-05,0.3415039843561044,short
1836270,"Iron Horse Wealth Management, LLC",231.0,1.2624476870575418e-05,0.5774769677002229,short
1843684,"West Financial Advisors, LLC",228.0,1.246052262550301e-05,0.16013466124581816,medium
1556218,Bollard Group LLC,201.0,1.0984934419851339e-05,0.03376775112788184,long
1864123,"Goodman Advisory Group, LLC",201.0,1.0984934419851339e-05,0.8318471795200872,short
1157519,OKABENA INVESTMENT SERVICES INC,200.0,1.0930283004827203e-05,1.1242828104551923,short
1801241,"RE Dickinson Investment Advisors, LLC",173.0,9.45469479917553e-06,0.5360860859563399,short
1551727,MACROVIEW INVESTMENT MANAGEMENT LLC,166.0,9.072134894006578e-06,0.19173866281096358,medium
1840306,Clearview Wealth Advisors LLC,165.0,9.017483478982442e-06,0.4270024540005193,short
1720346,Sturgeon Ventures LLP,155.0,8.470969328741082e-06,0.5939881804642542,short
1841016,"ADIRONDACK RETIREMENT SPECIALISTS, INC.",153.0,8.36166649869281e-06,0.3262892787345177,short
1802872,"HBC Financial Services, PLLC",150.0,8.197712253620401e-06,0.0904953119916849,long
1839307,GoalVest Advisory LLC,147.0,8.033758008547993e-06,0.3831178512203507,short
1907157,"Financial Connections Group, Inc.",143.0,7.81515234845145e-06,0.24463189651881534,medium
1633896,Cypress Capital Management LLC (WY),137.0,7.487243858306634e-06,0.18646551181495538,medium
1767500,"Nalls Sherbakoff Group, LLC",129.0,7.050032538113546e-06,,unclassified
1525947,"Kessler Investment Group, LLC",127.0,6.940729708065273e-06,0.5458826178774525,short
1696497,"Stone House Investment Management, LLC",126.0,6.886078293041138e-06,0.332542789960431,short
1730769,"Solstein Capital, LLC",119.0,6.503518387872186e-06,0.29190438364676663,medium
1892770,Knott David M Jr,116.0,6.339564142799778e-06,0.26374608326882154,medium
1893143,"Atlantic Private Wealth, LLC",111.0,6.066307067679098e-06,0.10933450754503837,long
1642305,"Roble, Belko & Company, Inc",107.0,5.847701407582553e-06,0.12750490193368647,medium
1929986,"WealthPlan Investment Management, LLC",102.0,5.574444332461873e-06,,unclassified
1765617,"IFS Advisors, LLC",102.0,5.574444332461873e-06,0.45200786579219004,short
1961944,"LAM GROUP, INC.",100.0,5.4651415024136015e-06,,unclassified
1653253,"Stuart Chaussee & Associates, Inc.",100.0,5.4651415024136015e-06,0.6030030292251605,short
1554815,"PIERSHALE FINANCIAL GROUP, INC.",100.0,5.4651415024136015e-06,0.3862930089369369,short
1992785,"CGC Financial Services, LLC",97.0,5.301187257341193e-06,,unclassified
1684956,GRAYHAWK INVESTMENT STRATEGIES INC.,87.0,4.754673107099833e-06,0.6179745811415105,short
1774437,"Your Advocates Ltd., LLP",83.0,4.536067447003289e-06,0.33695768617156946,short
1960212,JDM Financial Group LLC,75.0,4.098856126810201e-06,,unclassified
1994335,"Halpern Financial, Inc.",74.0,4.044204711786065e-06,0.09660424890526384,long
1922498,"Safeguard Financial, LLC",73.0,3.989553296761929e-06,0.2553256421405136,medium
1632554,Trust Co,55.0,3.0058278263274807e-06,0.24491839935652235,medium
1908623,PayPay Securities Corp,52.0,2.8418735812550726e-06,,unclassified
1635523,"CLEAR INVESTMENT RESEARCH, LLC",51.0,2.7872221662309367e-06,0.09869007151469684,long
1938514,"DecisionPoint Financial, LLC",49.0,2.677919336182665e-06,,unclassified
1385925,"Horrell Capital Management, Inc.",49.0,2.677919336182665e-06,0.08537629417344947,long
1875920,Cowen Prime Advisors LLC,44.0,2.4046622610619844e-06,0.17750425693949018,medium
825293,CAPITAL MANAGEMENT ASSOCIATES /NY/,41.0,2.2407080159895767e-06,0.38282691659988877,short
1091860,C M BIDWELL & ASSOCIATES LTD,38.0,2.0767537709171685e-06,0.22438267647033186,medium
1079930,MCMILLION CAPITAL MANAGEMENT INC,35.0,1.9127995258447604e-06,0.07102350752188413,long
1830942,"Cordant, Inc.",32.0,1.7488452807723524e-06,0.10315624676360526,long
1910488,Red Tortoise LLC,28.0,1.5302396206758083e-06,,unclassified
1912297,Global Wealth Strategies & Associates,25.0,1.3662853756034004e-06,,unclassified
1732399,"Johnson Midwest Financial, LLC",22.0,1.2023311305309922e-06,0.7916168590918156,short
1632553,Eukles Asset Management,22.0,1.2023311305309922e-06,0.03422776384095992,long
1665642,"Cedar Wealth Management, LLC",15.0,8.197712253620402e-07,0.22286944409292594,medium
1847820,Robbins Farley,14.0,7.651198103379042e-07,0.29133104108015867,medium
1943228,Horizons Wealth Management,13.0,7.104683953137681e-07,0.08995829192241922,long
1673633,Silicon Valley Capital Partners,13.0,7.104683953137681e-07,0.17442177664230377,medium
1846287,Tacita Capital Inc,10.0,5.465141502413601e-07,0.10113814537163732,long
1016972,ARCADIA INVESTMENT MANAGEMENT CORP/MI,9.0,4.918627352172241e-07,0.09148385522301927,long
1878326,"Delos Wealth Advisors, LLC",6.0,3.2790849014481606e-07,0.4263705872339507,short
1502149,"Transamerica Financial Advisors, Inc.",4.0,2.1860566009654405e-07,0.25641800272906173,medium
1694126,"Harvest Fund Management Co., Ltd",3.0,1.6395424507240803e-07,0.3466326065730352,short
1727336,"First Command Advisory Services, Inc.",3.0,1.6395424507240803e-07,0.33847600486728135,short
1633716,USA FINANCIAL FORMULAS,2.0,1.0930283004827203e-07,,unclassified
1908158,"MILLER WEALTH ADVISORS, LLC",1.0,5.465141502413601e-08,1.1098123683243821,short
1802136,"Investment Research & Advisory Group, Inc.",1.0,5.465141502413601e-08,0.11836766328196538,long
