CIK,manager_name,shares,pct_shares_out,avg_churn,type
102909,VANGUARD GROUP INC,90873517.0,5.710068800166161,0.156831279091149,long
93751,STATE STREET CORP,65161706.0,4.094458283112341,0.20610636203778263,medium
315032,STATE FARM MUTUAL AUTOMOBILE INSURANCE CO,42206018.0,2.652029705871859,0.021578452819194988,long
913414,"BlackRock Institutional Trust Company, N.A.",39868002.0,2.5051196636877395,0.13822156944252537,long
315066,FMR LLC,30568628.0,1.9207902892840134,0.21922501151686105,medium
1390777,Bank of New York Mellon Corp,27327231.0,1.7171159902178488,0.1589437489564835,long
886982,GOLDMAN SACHS GROUP INC,25210509.0,1.5841110328899035,0.3211394529035124,medium
912938,MASSACHUSETTS FINANCIAL SERVICES CO /MA/,22325574.0,1.4028351466049327,0.12285539600068957,long
73124,NORTHERN TRUST CORP,20271038.0,1.2737376680467056,0.12978028049825552,long
70858,BANK OF AMERICA CORP /DE/,20261351.0,1.2731289820588263,0.1640571246338785,long
895421,MORGAN STANLEY,18670615.0,1.1731745365529798,0.29708318027809527,medium
1006249,BlackRock Fund Advisors,18485186.0,1.1615230413484305,0.1556024678960073,long
1214717,"GEODE CAPITAL MANAGEMENT, LLC",13446049.0,0.8448871290015705,0.1419587739295066,long
1003283,BlackRock Group LTD,12029072.0,0.7558508902230818,0.1562354928668073,long
80255,PRICE T ROWE ASSOCIATES INC /MD/,11947631.0,0.7507335168836706,0.18360067062484542,medium
72971,WELLS FARGO & COMPANY/MN,10839778.0,0.6811211913205423,0.1700504466839377,long
1608485,LANSDOWNE PARTNERS (UK) LLP,9589118.0,0.6025355386312575,0.25876650533629986,medium
887793,TIAA CREF INVESTMENT MANAGEMENT LLC,9377119.0,0.5892145083076878,0.1992514496153385,medium
1422849,Capital World Investors,9032664.0,0.5675705595149803,0.13429980768962713,long
850529,"Fisher Asset Management, LLC",8722317.0,0.548069798672576,0.07694647067658525,long
1610520,UBS Group AG,8364425.0,0.5255815313479045,0.2224743664194492,medium
764068,Legal & General Group Plc,7153004.0,0.44946147476457576,0.14592904859700334,long
948046,DEUTSCHE BANK AG\,6936973.0,0.4358870923296064,0.3695333361241933,medium
1109448,ALLIANCEBERNSTEIN L.P.,6875260.0,0.4320093346781153,0.2264093705826406,medium
1348883,"Clearbridge Investments, LLC",6816935.0,0.4283444631757865,0.1348907160955212,long
19617,JPMORGAN CHASE & CO,5922302.0,0.3721298898925817,0.22854457785063081,medium
948669,PARNASSUS INVESTMENTS /CA,5784877.0,0.3634947425936956,0.1788955390619243,long
763212,PRIMECAP MANAGEMENT CO/CA/,5709499.0,0.3587583399515603,0.06564699677992866,long
902219,WELLINGTON MANAGEMENT GROUP LLP,5386446.0,0.3384591932144523,0.16160009242110748,long
1218210,NORDEA INVESTMENT MANAGEMENT AB,5372709.0,0.33759602407896167,0.39051282470666193,medium
861177,UBS ASSET MANAGEMENT AMERICAS INC,5217326.0,0.3278324796529633,0.20131761478238017,medium
1000275,ROYAL BANK OF CANADA,5055111.0,0.3176396441493154,0.19212681009195556,medium
713676,"PNC Financial Services Group, Inc.",5010567.0,0.3148407065376611,0.08350607857544008,long
812295,JANUS CAPITAL MANAGEMENT LLC,4736663.0,0.29762985417634324,0.4160505937492267,short
810265,NEW YORK STATE COMMON RETIREMENT FUND,4717635.0,0.2964342232299855,0.16173894080338655,long
38777,FRANKLIN RESOURCES INC,4605523.0,0.28938962702134285,0.20092712095917323,medium
1475365,"Sumitomo Mitsui Trust Holdings, Inc.",4564959.0,0.2868407740831437,0.13843964507630327,long
1483066,State of New Jersey Common Pension Fund D,4500000.0,0.282759052901493,0.5709560801209627,short
1009207,"D. E. Shaw & Co., Inc.",4452363.0,0.2797657655674778,0.6833814640800252,short
1102598,PIONEER INVESTMENT MANAGEMENT INC,4369625.0,0.27456689478548585,0.25846843725456475,medium
884546,SCHWAB CHARLES INVESTMENT MANAGEMENT INC,4333256.0,0.272281636119936,0.17686621690413348,long
354204,DIMENSIONAL FUND ADVISORS LP,4319935.0,0.2714446064880025,0.4212140619814971,short
748054,AMERICAN CENTURY COMPANIES INC,4293854.0,0.2698057978527305,0.5876698161267819,short
1582202,Swiss National Bank,4276828.0,0.2687359632672415,0.21623429437627653,medium
919079,CALIFORNIA PUBLIC EMPLOYEES RETIREMENT SYSTEM,3957576.0,0.24867565367681757,0.2068521394631784,medium
728889,"OppenheimerFunds, Inc.",3772777.0,0.23706374473967468,0.5094228735238027,short
1535323,Allianz Asset Management AG,3600869.0,0.22626184623607692,0.284816007994243,medium
1076598,EATON VANCE MANAGEMENT,3580839.0,0.22500325427393986,0.21913934905600102,medium
1081019,CALIFORNIA STATE TEACHERS RETIREMENT SYSTEM,3472876.0,0.2182193619120723,0.16462531496367871,long
820027,AMERIPRISE FINANCIAL INC,3334402.0,0.20951830033618757,0.2215558060933456,medium
1462160,Mitsubishi UFJ Trust & Banking Corp,3211927.0,0.20182254144638526,0.15040715745672578,long
53417,JENNISON ASSOCIATES LLC,3108719.0,0.195337431150417,0.20110995942836812,medium
1305227,"BlackRock Investment Management, LLC",3090193.0,0.19417334354729407,0.16017251862637513,long
1562230,Capital International Investors,3084377.0,0.19380789318025518,0.1517995348592533,long
1364742,BlackRock Inc.,3061415.0,0.1923650679863165,0.19884125670272237,medium
824468,CREDIT SUISSE AG/,3044633.0,0.19131056522502918,0.42939952076823623,short
1434819,APG Asset Management N.V.,3011098.0,0.18920338192746217,0.3607830204314352,medium
1633050,Swedbank,2729428.0,0.1715045502761814,0.19696413822602543,medium
932859,PARAMETRIC PORTFOLIO ASSOCIATES LLC,2715728.0,0.17064370604845908,0.27246048638803605,medium
1137774,PRUDENTIAL FINANCIAL INC,2707483.0,0.17012562862819844,0.2690204800446606,medium
314969,NEW YORK STATE TEACHERS RETIREMENT SYSTEM,2660695.0,0.16718568850216398,0.13452955169923092,long
939222,"TEACHERS ADVISORS, LLC",2660678.0,0.16718462030129747,0.20995825912630578,medium
1037389,RENAISSANCE TECHNOLOGIES LLC,2653207.0,0.1667151774381359,0.6282972233239235,short
914208,Invesco Ltd.,2569914.0,0.16148143303961945,0.18008236529386862,long
1115418,RHUMBLINE ADVISERS,2537395.0,0.15943809045266308,0.13429116534210686,long
1512575,"Mizuho Trust & Banking Co., Ltd.",2470665.0,0.15524508787485938,0.14853318633592333,long
938076,STATE BOARD OF ADMINISTRATION OF FLORIDA RETIREMENT SYSTEM,2339240.0,0.14698695264650855,0.18515842731432255,medium
937729,FAYEZ SAROFIM & CO,2331515.0,0.14650154960569434,0.06654951363873185,long
1217541,DIAMOND HILL CAPITAL MANAGEMENT INC,2270091.0,0.14264195136893404,0.1805013071863525,long
1556785,"Vulcan Value Partners, LLC",2210903.0,0.13892285296379325,0.2258504056126186,medium
1484150,Lindsell Train Ltd,2167341.0,0.1361856196610166,0.05146415155502396,long
1086619,SCHRODER INVESTMENT MANAGEMENT GROUP,2158685.0,0.13564171691392432,0.2795520103315662,medium
1126328,PRINCIPAL FINANCIAL GROUP INC,2153277.0,0.1353019033676818,0.17966886687283923,long
1678434,Emerald Acquisition Ltd.,2099145.0,0.1319005004673121,,unclassified
1085635,BlackRock Japan Co. Ltd,2047522.0,0.12865675144777128,0.15606127160689573,long
927971,BANK OF MONTREAL /CAN/,1996924.0,0.1254774086569469,0.22239424495140758,medium
859872,KLINGENSTEIN FIELDS & CO LLC,1987187.0,0.12486558090181316,0.09550409308600524,long
775368,ALLEGHANY CORP /DE,1900000.0,0.11938715566951927,0.3757898634351704,medium
928047,"MANUFACTURERS LIFE INSURANCE COMPANY, THE",1882208.0,0.11826918920969186,0.2105661602685161,medium
873630,HSBC HOLDINGS PLC,1875712.0,0.11786101080799227,0.4533351668947335,short
1535602,BANQUE PICTET & CIE SA,1792499.0,0.11263229323708296,0.19910721469035314,medium
1455253,"HS Management Partners, LLC",1792385.0,0.11262513000774278,0.34430665097729973,medium
1462020,"Chevy Chase Trust Holdings, Inc.",1731158.0,0.10877791033396507,0.14252362740936386,long
1089877,KEYBANK NATIONAL ASSOCIATION/OH,1728340.0,0.10860084033150365,0.0779960745286125,long
1165408,ADAGE CAPITAL PARTNERS GP LLC,1725293.0,0.1084093810350168,0.4078296044344451,short
1070134,Mairs & Power INC,1627959.0,0.10229336555610259,0.06391627320674004,long
312069,BARCLAYS PLC,1626184.0,0.10218183281856923,0.5352953940249467,short
1096343,MARKEL CORP,1617200.0,0.10161732007828767,0.0695837581211157,long
1430233,HL FINANCIAL SERVICES LLC,1569513.0,0.098620890977018,0.0978338694805532,long
1345929,BROWN ADVISORY INC,1511787.0,0.09499365784639764,0.15782605746723738,long
854157,STATE OF WISCONSIN INVESTMENT BOARD,1493697.0,0.09385696645373365,0.2956129709853767,medium
1465109,Neuberger Berman Group LLC,1472382.0,0.0925176310731569,0.506642004444801,short
1191672,CREDIT AGRICOLE S A,1470106.0,0.09237461782773383,0.3741209484502551,medium
1553562,AMF Pensionsforsakring AB,1422749.0,0.08939892439034361,0.24287867943349756,medium
1046192,GREAT WEST LIFE ASSURANCE CO /CAN/,1384286.0,0.08698208851217692,0.523512321072138,short
36104,US BANCORP \DE\,1376442.0,0.08648920806529707,0.08224456901187746,long
1510481,Sarasin & Partners LLP,1329279.0,0.08352570468485417,0.20512608702580737,medium
1587973,"State of Tennessee, Treasury Department",1255947.0,0.07891786315877143,0.3345720518814339,medium
820478,STRS OHIO,1174226.0,0.07378289592273522,0.604061944806122,short
1007280,PUBLIC EMPLOYEES RETIREMENT SYSTEM OF OHIO,1168126.0,0.07339960031769098,0.08573315020823322,long
1009254,EVERETT HARRIS & CO /CA/,1150024.0,0.0722621549008859,0.049389186757440896,long
887818,FACTORY MUTUAL INSURANCE CO,1149500.0,0.07222922918005915,0.12213398563050797,long
1593051,Retirement Systems of Alabama,1148700.0,0.07217896090398777,0.16702711250176921,long
1166588,"BNP PARIBAS ARBITRAGE, SA",1121650.0,0.07047926481932436,0.9504748871926216,short
315297,PUBLIC EMPLOYEES RETIREMENT ASSOCIATION OF COLORADO,1114728.0,0.07004431856061677,0.19673677911919998,medium
1140022,AVIVA PLC,1111250.0,0.06982577723039647,0.7070487329970537,short
1086364,BlackRock Advisors LLC,1085972.0,0.06823742537723114,0.23174213037420707,medium
1291274,PICTET ASSET MANAGEMENT LTD,1082344.0,0.06800945874524746,0.641736292893096,short
720672,STIFEL FINANCIAL CORP,1071196.0,0.06730897031819282,0.21655777076812482,medium
778925,TUKMAN GROSSMAN CAPITAL MANAGEMENT INC,1069705.0,0.06721528281866479,0.1338966572464404,long
750556,SUNTRUST BANKS INC,1067856.0,0.06709910026559482,0.15204805336603022,long
1114618,GATEWAY INVESTMENT ADVISERS LLC,1061816.0,0.06671957478125592,0.35292740522229016,medium
898419,PRUDENTIAL PLC,1035427.0,0.0650614128596965,0.21437560694461805,medium
1109426,"SANTA BARBARA ASSET MANAGEMENT, LLC",1034978.0,0.06503319978975143,0.11537539668724933,long
937567,ONTARIO TEACHERS PENSION PLAN BOARD,1026821.0,0.06452065187985866,0.3034213360017748,medium
310051,KING LUTHER CAPITAL MANAGEMENT CORP,992629.0,0.06237218576056802,0.17175781499685533,long
1446194,"SUSQUEHANNA INTERNATIONAL GROUP, LLP",988428.0,0.0621082144758482,0.8551465495410061,short
1608046,National Pension Service,964063.0,0.06057723129274934,0.11299884119023097,long
944388,1832 Asset Management L.P.,959241.0,0.06027423925872912,0.3072371860803238,medium
1084208,RAYMOND JAMES & ASSOCIATES,951204.0,0.05976923159024705,0.4711814199842111,short
1568338,GREEN VALLEY INVESTORS LLC,950427.0,0.05972040852711273,0.31026963722513645,medium
314984,THRIVENT FINANCIAL FOR LUTHERANS,945476.0,0.059409310733576,0.7377348390888459,short
1441689,Korea Investment CORP,929801.0,0.05842436669930247,0.36698616650551996,medium
1615423,Compagnie Odier SCA,921962.0,0.05793180042914806,0.37444425073596493,medium
1421578,PUTNAM INVESTMENTS LLC,917966.0,0.05768071039017154,0.28836126772180526,medium
796848,TEACHER RETIREMENT SYSTEM OF TEXAS,911257.0,0.05725914805996796,0.2629443828868308,medium
1273087,MILLENNIUM MANAGEMENT LLC,884379.0,0.055570259654659886,0.9592529099026157,short
842941,HAVERFORD TRUST CO,882470.0,0.05545030698088456,0.09820408007809046,long
829108,"Brandywine Global Investment Management, LLC",880361.0,0.055317787238091394,0.23355860284319457,medium
898427,AXA,875487.0,0.055011527766126535,0.2621073388864123,medium
1228242,BRITISH COLUMBIA INVESTMENT MANAGEMENT CORP,860331.0,0.054059195275954305,0.27326109066978477,medium
35527,FIFTH THIRD BANCORP,854060.0,0.053665154826899805,0.10682715221611756,long
1456228,DekaBank Deutsche Girozentrale,839550.0,0.05275341396965521,0.2538359930784448,medium
1021249,UNITED SERVICES AUTOMOBILE ASSOCIATION,833203.0,0.05235459803437393,0.18681647088921827,medium
728618,METROPOLITAN LIFE INSURANCE CO/NY,831211.0,0.0522294300269562,0.1728472178365272,long
1056053,TD ASSET MANAGEMENT INC,825916.0,0.05189671687470877,0.16056261898574514,long
1332632,CHILTON INVESTMENT CO LLC,822087.0,0.05165612033836215,0.2882844710932838,medium
1418204,"FIRST REPUBLIC INVESTMENT MANAGEMENT, INC.",810519.0,0.05092924106637005,0.23127387500592989,medium
762152,STATE TREASURER STATE OF MICHIGAN,809225.0,0.050847932129824594,0.2339944840374941,medium
1054074,BESSEMER GROUP INC,806714.0,0.05069015257830556,0.31782359083227735,medium
1505817,Fiera Capital Corp,799089.0,0.050211033072000255,0.23995405595885871,medium
1427008,"Smead Capital Management, Inc.",792850.0,0.0498190033539886,0.4342637492562067,short
916542,ACADIAN ASSET MANAGEMENT LLC,787005.0,0.04945173076194211,0.39634687178505473,medium
1068837,Voya Investment Management LLC,739647.0,0.046475974489206796,0.2909648209206859,medium
1648711,"Baird Financial Group, Inc.",737207.0,0.0463226562471891,0.19464138618310814,medium
1283072,GUGGENHEIM CAPITAL LLC,730556.0,0.045904738367000694,0.386941389622927,medium
1351731,"WestEnd Advisors, LLC",728502.0,0.04577567456818744,0.3212636964329467,medium
1364615,"Aperio Group, LLC",713360.0,0.04482422177284646,0.18074804522031032,long
36270,M&T Bank Corp,711336.0,0.044697043034385875,0.12439948060083328,long
1510387,"Gotham Asset Management, LLC",709572.0,0.044586201485648486,0.8067991261200209,short
719245,Westpac Banking Corp,708924.0,0.04454548418203067,1.2249859562017076,short
831001,CITIGROUP INC,690248.0,0.043371971277144386,0.5815324602785024,short
1316507,CALAMOS ADVISORS LLC,689758.0,0.043341181958050666,0.26730311583563915,medium
902367,BLAIR WILLIAM & CO/IL,683716.0,0.0429615308030216,0.25486449519040766,medium
1535782,AMP Capital Investors Ltd,661095.0,0.04154013246175833,0.20213714020041595,medium
1027817,ATLANTA CAPITAL MANAGEMENT CO L L C,655652.0,0.04119811967843771,0.15775991602568723,long
714142,TEACHERS RETIREMENT SYSTEM OF THE STATE OF KENTUCKY,638578.0,0.040125268996384356,0.2201858743508332,medium
1097218,Nationwide Fund Advisors,633888.0,0.03983057122791591,0.31163816945113965,medium
1319111,RidgeWorth Capital Management LLC,625277.0,0.03928949607135263,0.3516744425554298,medium
883677,PANAGORA ASSET MANAGEMENT INC,624388.0,0.039233635449568316,0.5249998396156269,short
1520354,BNP Paribas Investment Partners S.A.,617641.0,0.03880968537625134,0.300735849082434,medium
1540235,Creative Planning,603080.0,0.0378947399164072,0.13029334799820422,long
1466546,"Mitsubishi UFJ Kokusai Asset Management Co., Ltd.",602213.0,0.037840261672214846,0.1789145454464667,long
937615,NISA INVESTMENT ADVISORS L.L.C.,587558.0,0.03691940968993232,0.14220866538603272,long
5272,AMERICAN INTERNATIONAL GROUP INC,586837.0,0.03687410540612299,0.5452889528097178,short
1218761,SPF BEHEER BV,586287.0,0.03683954596632392,0.11403549366124112,long
1061286,"EDGE ASSET MANAGEMENT, INC",581303.0,0.036526374606399244,0.1541782006092799,long
1637643,NF Trinity Capital (Hong Kong) Ltd,577590.0,0.036293066970082964,,unclassified
1333978,"Commonwealth Equity Services, Inc",571189.0,0.035890857926166864,0.12365109434164431,long
314949,GLENMEDE TRUST CO NA,544580.0,0.03421887222868779,0.2859892640965351,medium
276101,BRISTOL JOHN W & CO INC /NY/,540622.0,0.03397016993282465,0.12786297089449963,long
897378,CONGRESS ASSET MANAGEMENT CO /MA,527406.0,0.03313973801212552,0.19991249621220047,medium
901541,COMERICA BANK,523866.0,0.032917300890509676,0.16210901086282592,long
1274173,HENDERSON GROUP PLC,508527.0,0.03195346953218612,0.23836976074625643,medium
1550075,Bartlett & Co. LLC,503555.0,0.031641052196402515,0.08221320456550682,long
1167557,AQR CAPITAL MANAGEMENT LLC,501067.0,0.03148471785782053,0.29073360007254323,medium
1335644,SCOTIA CAPITAL INC.,498853.0,0.031345600403793,0.16429027000971733,long
1569395,"Mirae Asset Global Investments Co., Ltd.",498358.0,0.03131449690797383,0.5334006290805142,short
1080434,ABERDEEN ASSET MANAGEMENT PLC/UK,492878.0,0.030970159216884903,0.2123788042714876,medium
1453415,CORNERSTONE CAPITAL MANAGEMENT HOLDINGS LLC.,490426.0,0.030816086950726136,0.2983059246271336,medium
1596800,"Connor, Clark & Lunn Investment Management Ltd.",485346.0,0.030496883397672894,0.24868838003596758,medium
1005354,VIRGINIA RETIREMENT SYSTEMS ET AL,485289.0,0.03049330178300281,,unclassified
939334,RIT CAPITAL PARTNERS PLC,481800.0,0.030274069263986517,0.7120438221902563,short
1512367,Seatown Holdings Pte. Ltd.,480139.0,0.03016969975579332,1.0258115236079197,short
1598697,Gulf International Bank (UK) Ltd,469972.0,0.029530852802271215,0.13354525110339524,long
728083,FIRST MANHATTAN CO,464592.0,0.029192798645691208,0.10671964398002841,long
887777,DAVENPORT & Co LLC,464021.0,0.029156919663645264,0.1363685934149934,long
1015086,BRADLEY FOSTER & SARGENT INC/CT,458537.0,0.028812330631175977,0.13639866815579452,long
1223779,TEXAS PERMANENT SCHOOL FUND,455337.0,0.02861125752689047,0.1533090371306457,long
1368163,Zurcher Kantonalbank (Zurich Cantonalbank),448475.0,0.02818008138888824,0.41505313934844207,short
1415912,Migdal Insurance & Financial Holdings Ltd.,429393.0,0.02698105733389573,,unclassified
1398318,Handelsbanken Fonder AB,424000.0,0.026642186317829563,,unclassified
1388167,ClariVest Asset Management LLC,420817.0,0.026442181414410574,0.25116373396493413,medium
1641864,Giverny Capital Inc.,417882.0,0.026257759676573712,0.1034795813433468,long
315498,GOFEN & GLOSSBERG LLC /IL/,414459.0,0.026042674290333308,0.10873875536149154,long
1521001,"Parallax Volatility Advisers, L.P.",414132.0,0.026022127132489133,1.1885303983646454,short
1496637,"Norinchukin Bank, The",408167.0,0.025647314299031932,0.10697749968064045,long
20286,CINCINNATI FINANCIAL CORP,407000.0,0.02557398545131281,0.04116216224559265,long
1056288,FEDERATED INVESTORS INC /PA/,406417.0,0.025537352445125797,0.23873927903965095,medium
1418773,Robeco Institutional Asset Management B.V.,406011.0,0.02551184129501957,0.28335414583932533,medium
39263,"CULLEN/FROST BANKERS, INC.",405511.0,0.025480423622474963,0.12492893022481488,long
872259,BAHL & GAYNOR INC,403277.0,0.025340049461545642,0.1281201816441693,long
1452208,CACTI ASSET MANAGEMENT LLC,401893.0,0.02525308534394216,0.07712434343723124,long
1308527,"Douglass Winthrop Advisors, LLC",395975.0,0.024881225771704152,0.12976179449569242,long
49205,HUNTINGTON NATIONAL BANK,393944.0,0.024753607185827947,0.35257301843042627,medium
1351917,MENORA MIVTACHIM HOLDINGS LTD.,391810.0,0.02461951655940755,0.3393774013819454,medium
1430427,Sentry Investments Corp.,391200.0,0.024581186998903125,0.24495342416888413,medium
1521019,"Nuveen Asset Management, LLC",390344.0,0.02452739994350675,0.31953282332948246,medium
1105467,SAWGRASS ASSET MANAGEMENT LLC,389668.0,0.02448492325022644,0.20959500999352895,medium
1273960,IronBridge Capital Management LP,389325.0,0.024463370726860837,0.17729928844730572,long
884314,BLUESTEIN R H & CO,389178.0,0.02445413393113272,0.3414845656065015,medium
932974,LORING WOLCOTT & COOLIDGE FIDUCIARY ADVISORS LLP/MA,387534.0,0.02435083262380604,0.0780930058363607,long
318989,FIL Ltd,382000.0,0.024003101824082294,0.2623619041456665,medium
1082970,EXXONMOBIL INVESTMENT MANAGEMENT INC /TX,377522.0,0.023721725148772764,0.17065055284352199,long
1279885,CINCINNATI INSURANCE CO,375000.0,0.02356325440845775,0.05179734691252956,long
922439,HARTFORD INVESTMENT MANAGEMENT CO,373695.0,0.02348125428311632,0.16104376381479577,long
1456670,DnB Asset Management AS,372811.0,0.023425707838057447,0.46773058013565283,short
1274981,NATIXIS,367923.0,0.023118568671261334,0.9382248330329136,short
1540880,FJARDE AP-FONDEN /FOURTH SWEDISH NATIONAL PENSION FUND,366618.0,0.023036568545919903,0.19251143429063405,medium
1558481,Arizona State Retirement System,364042.0,0.02287470469697007,0.16182011829783938,long
919859,MACKENZIE FINANCIAL CORP,363587.0,0.022846114614954473,0.4411177327692976,short
1462284,"Raymond James Financial Services Advisors, Inc.",361505.0,0.022715291426478715,0.317564001141955,medium
1039765,ING GROEP NV,360168.0,0.02263128057009443,0.6936691730543159,short
1526411,"Barrett Asset Management, LLC",346657.0,0.02178231222259397,0.08569924658376134,long
1009076,COMMERCE BANK,345114.0,0.0216853572851213,0.07951389845100001,long
1134813,STEVENS CAPITAL MANAGEMENT LP,344553.0,0.02165010665652625,1.2691903963769278,short
1453620,"Cohen Klingenstein, LLC",341616.0,0.021465559247999207,0.02354484208045878,long
1107314,OREGON PUBLIC EMPLOYEES RETIREMENT FUND,340855.0,0.02141774155038631,0.2487600474195365,medium
1270341,PIEDMONT INVESTMENT ADVISORS LLC,334307.0,0.021006295710742095,0.20174077965325518,medium
1369702,AMI ASSET MANAGEMENT CORP,334165.0,0.020997373091739425,0.21406826731510148,medium
1670104,BLS CAPITAL FONDSMAEGLERSELSKAB A/S,333995.0,0.020986691083074258,,unclassified
1102578,EARNEST PARTNERS LLC,333630.0,0.02096375618211669,0.12187946292144322,long
1396318,PUBLIC SECTOR PENSION INVESTMENT BOARD,331588.0,0.020835446407444502,0.3228235545789313,medium
1407543,ENVESTNET ASSET MANAGEMENT INC,327209.0,0.020560290431298804,0.3123292867690163,medium
1259513,SOUTH TEXAS MONEY MANAGEMENT LTD,325264.0,0.02043807568510027,0.2993916166304283,medium
16972,CANNELL PETER B & CO INC,324730.0,0.020404521610822627,0.24735209343792935,medium
1472190,PGGM Investments,322636.0,0.0202729443982058,0.22117552015491065,medium
1501436,"QS Investors, LLC",322297.0,0.02025164321622055,0.27272875739197444,medium
1329948,Janney Montgomery Scott LLC,315554.0,0.01982794448428394,0.732910648891341,short
1082215,NORTHEAST INVESTMENT MANAGEMENT,314224.0,0.019744373475315276,0.13898205651621065,long
891287,DAVIS R M INC,313296.0,0.01968606227507248,0.11119715234723543,long
1077583,BOWEN HANES & CO INC,312437.0,0.019632086713640837,0.2414662210202536,medium
1383161,"BB&T SECURITIES, LLC",311017.0,0.019542860523614144,0.36105286979533463,medium
1462245,"HighTower Advisors, LLC",305792.0,0.019214545845522967,0.2579416437243204,medium
1418333,MACQUARIE GROUP LTD,304382.0,0.019125948008947166,0.596602508255734,short
1376192,Clal Insurance Enterprises Holdings Ltd,304200.0,0.019114511976140926,0.4984450912288971,short
700529,"ATALANTA SOSNOFF CAPITAL, LLC",301004.0,0.018913690213235777,0.41618921084001304,short
1548392,Utah Retirement Systems,297277.0,0.018679502882088254,0.12679193221420498,long
1063571,VAUGHAN DAVID INVESTMENTS INC/IL,297097.0,0.018668192519972194,0.051934812289881276,long
312348,LOOMIS SAYLES & CO L P,297076.0,0.01866687297772532,0.1600549589454962,long
1650142,Bristol Gate Capital Partners Inc.,295948.0,0.018595994708464677,0.3487134909810805,medium
1626116,BOSTON PRIVATE WEALTH LLC,295141.0,0.01854528658497768,0.20701003768744805,medium
1281761,REGIONS FINANCIAL CORP,293283.0,0.018428538513801905,0.11061430244223563,long
1014736,FIRST QUADRANT L P/CA,292434.0,0.018375191305821156,0.5980444781498935,short
350894,SEI INVESTMENTS CO,283813.0,0.017833487795806985,0.5517785651383368,short
1421224,CIBC World Markets Inc.,281318.0,0.01767671360980938,0.12727030423111746,long
728079,"Foresters Investment Management Company, Inc.",279900.0,0.017587613090472864,0.17184483433948822,long
1537014,Candriam Luxembourg S.C.A.,278829.0,0.01752031643588231,0.7981756890112137,short
1665198,"Kovitz Investment Group Partners, LLC",276956.0,0.0174026258345302,,unclassified
1463217,"UNITED CAPITAL FINANCIAL ADVISERS, LLC",276022.0,0.01734393762221687,0.28490338734248877,medium
1164632,CHESLEY TAFT & ASSOCIATES LLC/IL,274117.0,0.017224236289821903,0.14364299003089592,long
1145935,DELTA LLOYD NV,273713.0,0.017198850810405855,0.2519225019291855,medium
728882,STRALEM & CO INC,270650.0,0.017006386148397574,0.6201646386002374,short
904163,AMERICAN NATIONAL INSURANCE CO /TX/,270200.0,0.016978110243107424,0.037873777004905324,long
1534653,Skandinaviska Enskilda Banken AB (publ),267286.0,0.016795008047517435,,unclassified
1535385,Artemis Investment Management LLP,265110.0,0.016658278336603292,0.6182599139725875,short
71259,ROTHSCHILD ASSET MANAGEMENT INC,263421.0,0.016552149438747596,0.2973032495153638,medium
1080114,OAKBROOK INVESTMENTS LLC,263305.0,0.01654486053871725,0.3549652197831726,medium
1378946,"People's United Financial, Inc.",262958.0,0.01652305667397129,0.11470756420033879,long
1062842,BOSTON ADVISORS LLC,262640.0,0.016503075034232918,0.8396053850289623,short
1536558,British Airways Pensions Investment Management Ltd,261135.0,0.01640850783987364,0.3390602115721548,medium
1317209,"TAURUS ASSET MANAGEMENT, LLC",256925.0,0.01614397103704802,0.1411387701209812,long
728575,CS MCKEE LP,254363.0,0.015982986882929436,0.24074217449978466,medium
872162,BLACKHILL CAPITAL INC,253630.0,0.015936928574979036,0.035042026630897366,long
1677440,Xact Kapitalforvaltning AB,253482.0,0.015927628943905835,,unclassified
1398103,"Ashfield Capital Partners, LLC",251379.0,0.0157954862131832,0.2150268530847857,medium
35442,FIDUCIARY TRUST CO,250674.0,0.015751187294895302,0.1280253304433302,long
1056527,CIBC WORLD MARKETS CORP,248652.0,0.015624134227124897,1.0022304496579701,short
821197,JOHNSON INVESTMENT COUNSEL INC,247747.0,0.015567268239819153,0.1431201581317534,long
1351991,Rathbone Brothers plc,246637.0,0.015497521006770118,0.14184549503783095,long
1487438,"DONALDSON CAPITAL MANAGEMENT, LLC",246341.0,0.015478921744623708,0.23470711220273255,medium
1438848,GAM Holding AG,242537.0,0.015239896091904313,0.2803001300294908,medium
1123274,Pictet & Cie (Europe) SA,242092.0,0.01521193436333961,0.2696111115737678,medium
883961,TOCQUEVILLE ASSET MANAGEMENT L.P.,241852.0,0.015196853880518196,0.45811244003116824,short
860857,DELTA ASSET MANAGEMENT LLC/TN,240645.0,0.015121011618995508,0.05755203988234494,long
1621602,PineView Asset Management LP,240590.0,0.0151175556750156,,unclassified
937589,HERITAGE INVESTORS MANAGEMENT CORP,239111.0,0.015024622199628643,0.0575312695788674,long
1398739,Employees Retirement System of Texas,237600.0,0.014929677993198831,0.5667459356065113,short
1058949,LODESTAR INVESTMENT COUNSEL LLC/IL,237234.0,0.014906680256896176,0.08873038988011449,long
1298088,"Atlantic Trust Group, LLC",236289.0,0.014847300855786862,0.16191482298257084,long
1124841,LATHROP INVESTMENT MANAGEMENT CORP,234460.0,0.014732375009618678,0.23184733524112455,medium
1068855,"DIAM Co., Ltd.",234276.0,0.01472081330612226,0.24287681910154396,medium
1050743,PEAPACK GLADSTONE FINANCIAL CORP,232627.0,0.014617197822070136,0.0684176180232281,long
1681115,"Advisor Group, Inc.",231151.0,0.014524452852718446,,unclassified
1567390,"RiverPoint Capital Management, LLC",230380.0,0.014476006801654657,,unclassified
1123570,CORNERSTONE CAPITAL MANAGEMENT LLC,230334.0,0.014473116375780554,0.6491148432335654,short
1503269,Heathbridge Capital Management Ltd.,229325.0,0.01440971551258553,0.05558398366426491,long
933429,UMB BANK N A/MO,228835.0,0.014378926193491811,0.18087491250701138,long
1029730,LADENBURG THALMANN FINANCIAL SERVICES INC,226919.0,0.014258533672300865,0.21859965551202787,medium
1078658,HOWARD CAPITAL MANAGEMENT,222431.0,0.013976528643540442,0.32173376591722547,medium
1127799,Zurich Insurance Group Ltd/FI,222109.0,0.013956295662421713,0.3512189246440648,medium
1011659,MUFG Americas Holdings Corp,220072.0,0.01382830006447497,0.09832725909662163,long
1055964,NOMURA ASSET MANAGEMENT CO LTD,219954.0,0.013820885493754443,0.23273643700798918,medium
1080107,D.A. DAVIDSON & CO.,219889.0,0.013816801196323643,0.17667153718498857,long
1137881,WHITTIER TRUST CO,218437.0,0.013725564275254095,0.10435970532155059,long
1211028,SHELL ASSET MANAGEMENT CO,218255.0,0.013714128242447856,0.45002987924001703,short
869178,VAN ECK ASSOCIATES CORP,217320.0,0.013655377194789436,0.2508282509888289,medium
1357955,ProShare Advisors LLC,215830.0,0.013561752530606496,0.23956405296052868,medium
1666370,KG Funds Management LLC,215000.0,0.013509599194182443,,unclassified
898286,CAISSE DE DEPOT ET PLACEMENT DU QUEBEC,213363.0,0.013406737734271389,0.21970987762821065,medium
1571669,Personal Capital Advisors Corp,211272.0,0.013275349027689828,0.23615879440580617,medium
773840,HONEYWELL INTERNATIONAL INC,208100.0,0.01307603531306682,0.43308334725135295,short
1531721,"PineBridge Investments, L.P.",207933.0,0.01306554181043692,0.5292771152764321,short
1651424,Quadrature Capital LTD,203881.0,0.012810932992135399,1.6823024248480525,short
1274196,BEDRIJFSTAKPENSIOENFONDS VOOR DE MEDIA PNO,202500.0,0.012724157380567185,0.12015366840473127,long
852933,COMMERZBANK AKTIENGESELLSCHAFT /FI,201512.0,0.012662076059619035,0.5269982639390703,short
1167711,"MASON STREET ADVISORS, LLC",200015.0,0.012568011548020471,0.1372715767083375,long
948518,"DAI ICHI LIFE INSURANCE CO., LTD.",195858.0,0.01230680501848458,0.3052909999592122,medium
869367,ROFFMAN MILLER ASSOCIATES INC /PA/,194822.0,0.012241707600972148,0.05844805394799523,long
1080369,GW HENSSLER & ASSOCIATES LTD,194361.0,0.012212740506886017,0.13630292715966785,long
1411133,KBC Group NV,192578.0,0.012100705086591938,0.4098493011231153,short
1612063,Winton Capital Group Ltd,190707.0,0.011983140155930007,0.9478546117036867,short
1455845,"LS Investment Advisors, LLC",190458.0,0.01196749415500279,0.1848216493668416,medium
1335851,"Private Wealth Partners, LLC",187952.0,0.011810028780209203,0.2031905799483716,medium
822581,OPPENHEIMER & CO INC,187034.0,0.011752345933417297,0.639991553539771,short
1116992,CHICAGO EQUITY PARTNERS LLC,186530.0,0.01172067691949233,0.4333440231031663,short
2230,"ADAMS DIVERSIFIED EQUITY FUND, INC.",184800.0,0.011611971772487979,0.13640635387347805,long
1455969,"Reynders McVeigh Capital Management, LLC",183829.0,0.011550958652406346,0.3062116159846455,medium
1603464,"EverPoint Asset Management, LLC",183300.0,0.011517718754854148,1.1378414370256833,short
1454288,ARROWGRASS CAPITAL PARTNERS (US) LP,182225.0,0.011450170758883237,1.236372609931917,short
1389957,"PEAK6 Investments, L.P.",181760.0,0.011420952323416748,1.0585833988916549,short
825204,CAPSTONE ASSET MANAGEMENT CO,181185.0,0.011384821999990446,0.2021092552773176,medium
1115941,TDAM USA INC.,180654.0,0.01135145643174807,0.1236530499665004,long
1278573,Destination Wealth Management,179738.0,0.011293899255646344,0.3167972747097243,medium
1224324,GUARDIAN CAPITAL LP,179236.0,0.011262355912411556,0.16089811585407907,long
1349138,"Parsec Financial Management, Inc.",176822.0,0.011110671389366177,0.08060291406858774,long
1625959,Arvest Bank Trust Division,176217.0,0.011072656005587198,0.15547298264759413,long
1052100,WADDELL & REED FINANCIAL INC,175000.0,0.010996185390613616,0.2430524736949129,medium
1582968,"Polaris Greystone Financial Group, LLC",174243.0,0.010948619034381076,0.5589487291368429,short
1323119,Covington Capital Management,173685.0,0.010913556911821292,0.0838225114458119,long
1109228,KCM INVESTMENT ADVISORS LLC,173465.0,0.010899733135901663,0.07792392084284899,long
1436871,PALLADIUM PARTNERS LLC,172568.0,0.010843369831356631,0.08077160255938108,long
1308685,"Stack Financial Management, Inc",172478.0,0.010837714650298601,0.1625111452350901,long
922127,MUTUAL OF AMERICA CAPITAL MANAGEMENT LLC,172186.0,0.01081936672953255,0.18701966993511454,medium
1560808,Pennsylvania Trust Co,170887.0,0.010737743616261652,0.12480945123097878,long
1020617,ROOSEVELT INVESTMENT GROUP INC,170759.0,0.010729700692090232,0.5883009966261918,short
884414,"JACOBS LEVY EQUITY MANAGEMENT, INC",170510.0,0.010714054691163016,0.5139536579183328,short
877134,WESBANCO BANK INC,169168.0,0.010629729658053281,0.1242923750389991,long
1547926,"Livforsakringsbolaget Skandia, Omsesidigt",166992.0,0.010492999947139137,0.5303358563379919,short
819535,"Cornerstone Capital, Inc.",165108.0,0.010374618156991046,0.051624865321236446,long
1006378,"SEGALL BRYANT & HAMILL, LLC",163409.0,0.01026786090568446,0.6160496989782306,short
1053136,UNITED STATES STEEL & CARNEGIE PENSION FUND,161753.0,0.01016380557421671,0.2086431517329064,medium
1594320,Coronation Fund Managers Ltd.,161646.0,0.010157082192292164,,unclassified
1232395,SILVERCREST ASSET MANAGEMENT GROUP LLC,161249.0,0.010132136560291743,0.16181175208672127,long
1036248,QUEST INVESTMENT MANAGEMENT INC/OR,160653.0,0.010094686694618568,0.22767982000918754,medium
47288,"CAPITAL ONE, NATIONAL ASSOCIATION",156041.0,0.009804890083067083,0.23734944547605172,medium
7789,ASSOCIATED BANC-CORP,155732.0,0.009785473961434513,0.07179632291543157,long
1126395,EASTERN BANK,154704.0,0.009720879226682794,0.17051700781643828,long
1018825,IBM Retirement Fund,153305.0,0.009632972578902974,0.3845598917428841,medium
1650290,Tredje AP-fonden,153020.0,0.009615064505552547,0.3645067914466312,medium
1107261,BRIDGEWAY CAPITAL MANAGEMENT INC,152210.0,0.009564167876030278,0.4183249658105556,short
1297376,"Advisors Asset Management, Inc.",151776.0,0.009536897336261556,0.21629535479157821,medium
1086763,FIRST FOUNDATION ADVISORS,151498.0,0.009519429110326752,0.2600202489405714,medium
862469,NEW MEXICO EDUCATIONAL RETIREMENT BOARD,151020.0,0.009489393815374106,0.17325147434135837,long
1389215,World Asset Management Inc,150943.0,0.009484555493802236,0.17396874533018333,long
1059187,TWIN CAPITAL MANAGEMENT INC,150340.0,0.009446665780713435,0.5836335122612422,short
1081407,GABELLI FUNDS LLC,148400.0,0.009324765211240347,0.6127340517400052,short
1567755,"Private Advisor Group, LLC",148018.0,0.009300762109416265,0.2676083033830705,medium
872080,BRAUN STACEY ASSOCIATES INC,147963.0,0.009297306165436357,0.2939352183602588,medium
1018331,"NGAM ADVISORS, L.P.",147882.0,0.009292216502484131,0.2769975238176978,medium
1035350,Advantus Capital Management Inc,147697.0,0.009280591963642625,0.19641417578077966,medium
1422771,"MetLife Securities, Inc",147544.0,0.009270978155843974,0.3904972293192508,medium
1484043,ITHAKA GROUP LLC,147464.0,0.009265951328236837,0.1976989714766514,medium
1629649,"NORTHWESTERN MUTUAL INVESTMENT MANAGEMENT COMPANY, LLC",146275.0,0.009191240102925753,0.48785287751621065,short
1284812,COHEN & STEERS INC,145193.0,0.009123252259539217,0.2836420991719852,medium
930441,QCI ASSET MANAGEMENT INC/NY,144675.0,0.009090703550783,0.10335083159621077,long
1568680,TIVERTON ASSET MANAGEMENT LLC,144514.0,0.009080587060223636,0.8037082413056734,short
1505708,Standard Life Investments LTD,143172.0,0.008996262027113901,0.24378580041988596,medium
919192,AMALGAMATED BANK,142852.0,0.00897615471668535,0.4299797841004786,short
894205,PROFESSIONAL ADVISORY SERVICES INC,142689.0,0.008965912555435808,0.19761100104814627,medium
1086483,ZACKS INVESTMENT MANAGEMENT,142221.0,0.008936505613934052,0.249267379007206,medium
1138060,MADISON INVESTMENT HOLDINGS INC,141965.0,0.008920419765591213,0.2173773539676045,medium
1033974,SCHAPER BENZ & WISE INVESTMENT COUNSEL INC/WI,140087.0,0.008802414987513656,0.0754101425470992,long
1666736,Gerber Kawasaki Wealth & Investment Management,139367.0,0.008757173539049416,,unclassified
1126735,MOGY JOEL R INVESTMENT COUNSEL INC,139313.0,0.008753780430414599,0.8755386826643129,short
1349654,"OBERMEYER WOOD INVESTMENT COUNSEL, LLLP",136078.0,0.00855050808905097,0.23739265951060584,medium
1411530,"Sumitomo Mitsui Asset Management Company, LTD",135418.0,0.008509036761292084,0.32400721583898584,medium
1520601,"AFFINITY INVESTMENT ADVISORS, LLC",134703.0,0.008464109489553291,0.40938949503147315,short
1638853,"Stillwater Investment Management, L.P.",134600.0,0.008457637449009101,,unclassified
1021926,CIBC Asset Management Inc,134346.0,0.008441677271356439,0.12171204753838873,long
1315059,Suncoast Equity Management,134299.0,0.008438724010137247,0.21657760713121077,medium
861462,NORTH AMERICAN MANAGEMENT CORP,132944.0,0.008353582117541352,0.17906993647289615,long
92230,BB&T CORP,132762.0,0.008342146084735115,0.5893980550964325,short
1056859,CHILTON CAPITAL MANAGEMENT LLC,131790.0,0.008281070129308392,0.34871056178701865,medium
71210,NEVILLE RODIE & SHAW INC,131645.0,0.008271959004270454,0.0874051150455173,long
1505961,"Decatur Capital Management, Inc.",131550.0,0.008265989646486978,0.4047751872770602,short
1323414,PACIFIC HEIGHTS ASSET MANAGEMENT LLC,131000.0,0.008231430206687908,0.0986102163846043,long
1427202,Busey Trust CO,130534.0,0.00820214893587633,0.3104972173953383,medium
313807,BP PLC,130000.0,0.008168594861598686,0.2272390829357548,medium
1013701,LAWSON KROEKER INVESTMENT MANAGEMENT INC/NE,128857.0,0.008096774062161707,0.12921018006056198,long
1318103,"Kimelman & Baird, LLC",128697.0,0.008086720406947433,,unclassified
1504169,TOKIO MARINE ASSET MANAGEMENT CO LTD,128017.0,0.008043992372286762,0.23444258990320918,medium
898581,"I.G. INVESTMENT MANAGEMENT, LTD.",126809.0,0.007968087275418983,0.18961390411080128,medium
898358,KORNITZER CAPITAL MANAGEMENT INC /KS,125977.0,0.007915808268304752,0.19629794672085768,medium
1005607,"OSBORNE PARTNERS CAPITAL MANAGEMENT, LLC",125460.0,0.007883322394893625,0.1670775468701859,long
815917,JONES FINANCIAL COMPANIES LLLP,125248.0,0.00787000130173471,0.1291450067446841,long
927337,"WOLVERINE TRADING, LLC",124931.0,0.007850082497341426,,unclassified
18349,SYNOVUS FINANCIAL CORP,124049.0,0.007794661722972734,0.10819073621295128,long
1034642,CLIFFORD SWAN INVESTMENT COUNSEL LLC,123783.0,0.007777947521179002,0.08435077096059154,long
1537783,Kentucky Retirement Systems,122828.0,0.007717939766618796,0.2461903413214783,medium
1054233,ASSET ADVISORS CORP,122310.0,0.00768539105786258,0.0374873403148557,long
887402,GODSEY & GIBB ASSOCIATES,121761.0,0.007650894453408597,0.056252806156886506,long
741073,STOCK YARDS BANK & TRUST CO,120721.0,0.0075855456945158085,0.1285057679648722,long
1125727,FIRST INTERSTATE BANK,120352.0,0.007562359452177886,0.09872592865219781,long
89014,SENTRY INVESTMENT MANAGEMENT LLC,120221.0,0.007554128021971198,0.1752521797361132,long
743127,PINNACLE ASSOCIATES LTD,120095.0,0.007546210768489956,0.26181292165597553,medium
9634,"BOKF, NA",119941.0,0.007536534125346216,0.17476122833291877,long
1054677,ALBION FINANCIAL GROUP /UT,119927.0,0.007535654430514967,0.3634143666138268,medium
883790,BTR CAPITAL MANAGEMENT INC,118367.0,0.007437631292175783,0.2892147856328219,medium
314965,CAPITAL GUARDIAN TRUST CO,118364.0,0.007437442786140515,0.16288719832951964,long
1352512,Azimuth Capital Management LLC,118077.0,0.007419409042099909,0.12412491293045054,long
1540826,EULAV Asset Management,117000.0,0.007351735375438818,0.14109177090707664,long
1217758,REGENTATLANTIC CAPITAL LLC,116923.0,0.007346897053866948,0.2176378928133433,medium
949743,Williams Jones & Associates LLC,115980.0,0.007287643323447813,0.4494776753437213,short
1482689,"Evercore Wealth Management, LLC",114674.0,0.007205580362761291,0.17282842146322194,long
315189,DEERE & CO,114663.0,0.007204889173965309,0.3529326633706076,medium
1457833,Sandy Spring Bank,113324.0,0.007120752646890843,0.0859706206839364,long
1034188,HALSEY ASSOCIATES INC/CT,113072.0,0.007104918139928359,0.09427238894488443,long
1672594,"Douglas Lane & Associates, LLC",112780.0,0.007086570219162307,,unclassified
1388142,"Bedell Frazier Investment Counseling, LLC",111865.0,0.0070290758784056695,0.49175654214166054,short
1179392,TWO SIGMA INVESTMENTS LLC,111366.0,0.006997721041206149,1.074010560532613,short
1140334,PUTNAM FL INVESTMENT MANAGEMENT CO,111300.0,0.00699357390843026,0.4025494601064286,medium
1128251,DUPONT CAPITAL MANAGEMENT Corp,110936.0,0.006970701842817784,0.5852588930460895,short
931097,CCM INVESTMENT ADVISERS LLC,110383.0,0.006935953896983445,0.8584843835454444,short
850401,TCW GROUP INC,109698.0,0.006892911685597329,0.6329501920617483,short
939219,LEE DANNER & BASS INC,109484.0,0.006879464921748235,0.03848379284317604,long
1221362,"AVALON ADVISORS, LLC",109455.0,0.0068776426967406485,0.29880406150891714,medium
8565,Commonwealth Bank of Australia,109086.0,0.006854456454402726,0.2789140486187378,medium
1234074,SPRUCEGROVE INVESTMENT MANAGEMENT LTD,108900.0,0.006842769080216131,0.24732845651995816,medium
1393825,Hudson Bay Capital Management LP,108408.0,0.006811854090432234,1.2157064022105435,short
1134008,TRUST CO OF VERMONT,108380.0,0.006810094700769736,0.09691214523552576,long
1135439,TRUST CO OF VIRGINIA /VA,107302.0,0.006742358198763556,0.10671715622324093,long
1601489,"Stanley-Laman Group, Ltd.",107112.0,0.006730419483196604,0.8159262077398635,short
1167495,"AFAM CAPITAL, INC.",106740.0,0.006707044734823414,0.206662508660041,medium
1614704,RIVERPARK CAPITAL MANAGEMENT LLC,106289.0,0.006678705994188175,0.3772609623661787,medium
1484256,"RiverPark Advisors, LLC",106289.0,0.006678705994188175,0.3965110136094656,medium
1263548,WHITTIER TRUST CO OF NEVADA INC,106090.0,0.006666201760515421,0.0881084077166179,long
860828,CAPITAL ADVISORS INC/OK,106033.0,0.006662620145845335,0.23450803736462222,medium
1540569,"EP Wealth Advisors, Inc.",105960.0,0.006658033165653822,0.2911221610277833,medium
1533497,Liberty Mutual Group Asset Management Inc.,105799.0,0.006647916675094457,0.4514966737348437,short
1008929,SEAWARD MANAGEMENT LIMITED PARTNERSHIP,105474.0,0.006627495187940461,0.10759202745322821,long
1666789,"Sheaff Brock Investment Advisors, LLC",103114.0,0.0064792037735299,,unclassified
1096783,BAXTER BROS INC,102716.0,0.00645419530618439,,unclassified
1141802,NORTHWESTERN MUTUAL WEALTH MANAGEMENT CO,102354.0,0.006431448911262092,0.508116442184432,short
911274,"BEESE FULMER INVESTMENT MANAGEMENT, INC.",102207.0,0.0064222121155339765,0.08275941289393965,long
1007295,BRIDGES INVESTMENT MANAGEMENT INC,102173.0,0.006420075713800944,0.09371100901788734,long
1065350,CAPITAL INTERNATIONAL LTD /CA/,102150.0,0.006418630500863891,0.17417802939359708,long
1056515,MURPHY CAPITAL MANAGEMENT INC,102112.0,0.0064162427577505,0.13184118603780393,long
807249,"GAMCO INVESTORS, INC. ET AL",102025.0,0.006410776082727739,0.42755121428528253,short
920441,KELLY LAWRENCE W & ASSOCIATES INC/CA,101824.0,0.006398146178364805,0.20024186380227202,medium
1291422,FIRST AMERICAN BANK,101619.0,0.006385264932621515,0.2854335017564446,medium
1454424,Archon Partners LLC,101500.0,0.006377787526555898,0.12206882331082992,long
1511847,Lumina Fund Management LLC,101000.0,0.006346369854011287,0.0840567177607817,long
1409775,"BBVA COMPASS BANCSHARES, INC",100212.0,0.006296855602080981,0.16007901903875926,long
1534468,Cetera Advisor Networks LLC,100041.0,0.006286110758070724,0.23328166644075826,medium
40729,Ally Financial Inc.,100000.0,0.006283534508922066,0.5194266741638055,short
1532262,"Greenbrier Partners Capital Management, LLC",100000.0,0.006283534508922066,0.109632795223088,long
1641866,"IFP Advisors, Inc",99529.0,0.006253939061385044,,unclassified
1313360,"SG Americas Securities, LLC",98744.0,0.006204613315490005,1.1969441994823393,short
1110806,PHILADELPHIA TRUST CO,98186.0,0.00616955119293022,0.24073231969931344,medium
1128573,TRILOGY GLOBAL ADVISORS LP,97822.0,0.006146679127317744,0.2804063001187591,medium
1667232,NN Investment Partners Holdings N.V.,97110.0,0.006101940361614219,,unclassified
1166716,STRATEGY ASSET MANAGERS LLC,96577.0,0.006068449122681664,0.2144152420531809,medium
884548,CONNORS INVESTOR SERVICES INC,96433.0,0.006059400832988816,0.16939161940716987,long
1161670,CULLINAN ASSOCIATES INC,96166.0,0.006042623795849995,0.11228353776167604,long
1482012,"Smith, Salley & Associates",95946.0,0.006028800019930366,0.15468681494997064,long
837286,RAY GERALD L & ASSOCIATES LTD,95361.0,0.005992041343053172,0.12099293678055242,long
1532472,"Centre Asset Management, LLC",95308.0,0.005988711069763443,0.35833275655009367,medium
1537703,"InterOcean Capital, LLC",94963.0,0.005967032875707662,0.1920461215393803,medium
1026200,PRIVATE ASSET MANAGEMENT INC,94885.0,0.005962131718790703,0.04879763954625557,long
1537191,Louisiana State Employees Retirement System,94100.0,0.005912805972895664,0.13994813807294545,long
1259969,FARMERS & MERCHANTS INVESTMENTS INC,94016.0,0.00590752780390817,0.0961945401452475,long
764038,SOUTH STATE Corp,93788.0,0.005893201345227828,0.12631431125356601,long
947996,"Olstein Capital Management, L.P.",92000.0,0.005780851748208301,0.260469947845074,medium
1387458,LaFleur & Godfrey LLC,91640.0,0.005758231023976182,0.1172936416119358,long
1016683,CABOT WEALTH MANAGEMENT INC,91457.0,0.005746732155824855,0.22682620558553113,medium
918006,"Calvert Investment Management, Inc.",91267.0,0.005734793440257902,0.4801532829872832,short
1125816,FIRST TRUST ADVISORS LP,90834.0,0.00570758573583427,0.5520681334965885,short
1632512,"Peak Asset Management, LLC",90788.0,0.005704695309960166,0.05878533876116713,long
356264,1ST SOURCE BANK,90628.0,0.005694641654745891,0.11292217417375296,long
1567993,Colonial Trust Advisors,90555.0,0.005690054674554378,0.05365498334736672,long
1047339,BURNS J W & CO INC/NY,90553.0,0.005689929003864199,0.017228661090258314,long
1278678,DEROY & DEVEREAUX PRIVATE INVESTMENT COUNSEL INC,90493.0,0.005686158883158846,0.13917883791416702,long
1352261,GLG LLC,90352.0,0.005677299099501266,0.9936131404730693,short
1133197,DOWLING & YAHNKE LLC,90079.0,0.005660145050291909,0.07994957819564096,long
1088950,RAYMOND JAMES TRUST N.A.,89535.0,0.005625962622563372,0.2944373688870735,medium
1300311,"Veritable, L.P.",89528.0,0.005625522775147748,0.08645652879956581,long
1132716,UBS OCONNOR LLC,89518.0,0.0056248944216968555,1.1122762887909148,short
1010873,FRANKLIN STREET ADVISORS INC /NC,88854.0,0.005583171752557613,0.2150028996276295,medium
1089991,MARKSTON INTERNATIONAL LLC,88727.0,0.005575191663731282,0.11528834415989453,long
84616,ROCKLAND TRUST CO,88511.0,0.00556161922919201,0.15816633612231845,long
1008877,WOODSTOCK CORP,88478.0,0.005559545662804066,0.08248425004142948,long
1607978,"Motley Fool Wealth Management, LLC",88392.0,0.005554141823126393,0.12434226617761492,long
857508,AMICA MUTUAL INSURANCE CO,88166.0,0.0055399410351362295,0.18110226627546427,long
1177206,LOS ANGELES CAPITAL MANAGEMENT & EQUITY RESEARCH INC,87699.0,0.005510596928979563,0.36096826371289914,medium
22657,LOWE BROCKENBROUGH & CO INC,87563.0,0.0055020513220474295,0.0977895179918805,long
1329883,Sterling Capital Management LLC,86954.0,0.005463784596888094,0.1964415346852268,medium
809339,PAPP L ROY & ASSOCIATES,86837.0,0.005456432861512655,0.10708805401634909,long
791490,"CARRET ASSET MANAGEMENT, LLC",86580.0,0.0054402841778247255,0.06326260931261342,long
1562855,Clarkston Capital Partners LLC,86512.0,0.005436011374358658,0.20023210598062768,medium
1262677,NOESIS CAPITAL MANGEMENT CORP,86106.0,0.005410500224252435,0.07876448401631012,long
1373442,"Mariner Wealth Advisors, LLC",85841.0,0.005393848857803791,0.34984123591193617,medium
1080366,CATAWBA CAPITAL MANAGEMENT /VA,85730.0,0.0053868741344988876,0.2629711942636062,medium
1555486,"Baltimore-Washington Financial Advisors, Inc.",85481.0,0.0053712281335716715,0.21928910797947365,medium
1511506,"Carnegie Capital Asset Management, LLC",85383.0,0.005365070269752928,0.1205489122844717,long
1403438,LPL Financial LLC,84736.0,0.005324415801480202,0.5916427612075967,short
1083190,COMMONWEALTH OF PENNSYLVANIA PUBLIC SCHOOL EMPLS RETRMT SYS,84444.0,0.00530606788071415,0.7228233619556002,short
1009209,"Sand Hill Global Advisors, LLC",84439.0,0.005305753703988704,0.17745810248308536,long
1583000,Osborn Rohs Williams & Donohoe Ltd,84046.0,0.00528105941336864,0.25413038037591457,medium
1569411,Addenda Capital Inc.,83920.0,0.005273142159887398,0.11198194889867459,long
1055544,JACOBS & CO/CA,83781.0,0.0052644080469199965,0.08843025989802025,long
940445,BURNEY CO/,83735.0,0.005261517621045893,0.14030443715365623,long
1106832,CASTLEARK MANAGEMENT LLC,83560.0,0.0052505214356552785,0.5168580728626986,short
1616654,"NEXT Financial Group, Inc",83493.0,0.005246311467534301,0.4606379380202844,short
898413,NBT BANK N A /NY,83231.0,0.005229848607120925,0.04555485721302303,long
1426754,"Wallington Asset Management, LLC",83187.0,0.005227083851937,0.10705220948576367,long
1666664,"RPG Investment Advisory, LLC",83077.0,0.005220171963977185,,unclassified
1285973,CUTLER INVESTMENT COUNSEL LLC,82500.0,0.005183915969860705,0.09179085905606091,long
924181,"LEAVELL INVESTMENT MANAGEMENT, INC.",82485.0,0.005182973439684367,0.1195006571931599,long
1313792,"Edgemoor Investment Advisors, Inc.",82404.0,0.00517788377673214,0.15306215858165287,long
1347683,"Haverford Financial Services, Inc.",82145.0,0.005161609422354031,0.11160690540435272,long
1390205,"Pineno Levin & Ford Asset Management, Inc.",82017.0,0.0051535664981826115,0.08830976714871915,long
1014738,MASTRAPASQUA ASSET MANAGEMENT INC,81986.0,0.005151618602484845,0.14202660586447463,long
1321993,"GRIMES & COMPANY, INC.",81893.0,0.005145774915391548,0.32762790407550874,medium
1091559,TIAA CREF TRUST CO FSB/MO,81708.0,0.0051341503765500425,0.10163350370345234,long
1074027,BAINCO INTERNATIONAL INVESTORS,81646.0,0.005130254585154511,0.030682290497044885,long
1395055,"Callahan Advisors, LLC",81596.0,0.005127112817900049,0.10556329897701723,long
1409427,"Boston Common Asset Management, LLC",81568.0,0.005125353428237551,0.13958895210021668,long
1009016,FORT WASHINGTON INVESTMENT ADVISORS INC /OH/,81345.0,0.005111341146282655,0.20147665227635297,medium
1034886,PITTENGER & ANDERSON INC,81019.0,0.0050908568237835695,0.15971983779773646,long
945625,HARTLINE INVESTMENT CORP/,80859.0,0.005080803168569294,0.09511443611404623,long
805676,PARK NATIONAL CORP /OH/,80655.0,0.005067984758171093,0.06838344813190556,long
1335382,BANK OF NOVA SCOTIA TRUST CO,80483.0,0.005057177078815747,0.12671072278182535,long
1278249,TOWER BRIDGE ADVISORS,80203.0,0.005039583182190765,0.4881924776184729,short
1042063,WELCH CAPITAL PARTNERS LLC/NY,80112.0,0.005033865165787646,0.39276496438327546,medium
1364725,"CIM, LLC",79983.0,0.005025759406271137,0.24690793681382375,medium
1162827,RBO & CO LLC,79889.0,0.00501985288383275,0.3875688586952679,medium
1286534,WINSLOW ASSET MANAGEMENT INC,79581.0,0.00500049959754527,0.09973737291166912,long
1633862,Lincoln Capital LLC,79415.0,0.004990068930260459,0.06919407558842466,long
1297731,Pensionfund DSM Netherlands,79300.0,0.004982842865575199,0.3798720830138816,medium
866361,INVERNESS COUNSEL LLC /NY/,79054.0,0.004967385370683251,0.1905181751353477,medium
1089911,PILLAR PACIFIC CAPITAL MANAGEMENT LLC,78622.0,0.004940240501604708,0.08026188533060521,long
1585047,Columbia Asset Management,78167.0,0.004911650419589112,0.5346126311135797,short
1587836,"SVA Plumb Wealth Management, LLC",77912.0,0.004895627406591361,0.1380828088301271,long
1083340,GAMBLE JONES INVESTMENT COUNSEL,77785.0,0.00488764731776503,0.06077520671397453,long
1667102,"Taylor, Cottrill, Erickson & Associates, Inc.",77117.0,0.0048456733072454305,,unclassified
1080493,MARCO INVESTMENT MANAGEMENT LLC,76879.0,0.004830718495114196,0.10256999004090409,long
1469219,"YHB Investment Advisors, Inc.",76843.0,0.004828456422690984,0.19978036582919884,medium
1612865,"Stratos Wealth Partners, LTD.",76663.0,0.004817146060574924,0.43737521060957435,short
1488542,"SIMPLEX TRADING, LLC",76647.0,0.0048161406950534965,1.4712467142256012,short
1133999,BUCKHEAD CAPITAL MANAGEMENT LLC,75823.0,0.004764364370699979,0.12010857735630896,long
1548916,"Strategic Wealth Advisors Group,Inc.",75380.0,0.004736528312825454,1.0169380430508943,short
1537720,FineMark National Bank & Trust,75124.0,0.004720442464482613,0.1415416040594531,long
44365,CENTRAL TRUST Co,75016.0,0.004713656247212978,0.4748060645754326,short
810386,HOWARD HUGHES MEDICAL INSTITUTE,75000.0,0.00471265088169155,0.5304010958673521,short
1161822,GREENWOOD CAPITAL ASSOCIATES LLC,74701.0,0.004693863113509873,0.26913700600184515,medium
1535631,PICTET BANK & TRUST Ltd,74568.0,0.004685506012613007,0.17077377830780455,long
1390063,"Westchester Capital Management, Inc.",74400.0,0.004674949674638018,0.08780461476499585,long
105495,WELCH & FORBES LLC,74039.0,0.004652266115060809,0.10076562976895931,long
919087,CHEMICAL BANK,73788.0,0.0046364944434434145,0.08059475796822,long
1336098,Hugh Johnson Advisors LLC,73642.0,0.0046273204830603884,0.0883172448665844,long
1511098,Baskin Financial Services Inc.,73623.0,0.0046261266115036935,0.11333123732301803,long
1528214,Richard Bernstein Advisors LLC,73508.0,0.004618900546818433,0.3707811817289023,medium
1585828,"FOUNDERS CAPITAL MANAGEMENT, LLC",73361.0,0.0046096637510903175,0.05376358911601381,long
1079736,WASHINGTON TRUST Co,73348.0,0.0046088468916041575,0.11475393674007028,long
1381296,"Aureus Asset Management, LLC",73160.0,0.004597033846727384,0.25623890652258896,medium
1084207,HENDLEY & CO INC,72985.0,0.00458603766133677,0.10819167899519369,long
1384042,Dorsey & Whitney Trust CO LLC,72768.0,0.004572402391452409,0.10357993010668348,long
1055980,"Ameritas Investment Partners, Inc.",72527.0,0.004557259073285907,0.19538210653024024,medium
860486,"HIGHLAND CAPITAL MANAGEMENT, LLC",72122.0,0.004531810758524773,0.26851186600426447,medium
1588873,Municipal Employees' Retirement System of Michigan,71740.0,0.00450780765670069,0.18735955132417598,medium
1175954,CENTRAL BANK & TRUST CO,71506.0,0.004493104185949813,0.22710619397019208,medium
1491685,Meiji Yasuda Asset Management Co Ltd.,70915.0,0.004455968497002084,0.3514501519293993,medium
1575239,"Perigon Wealth Management, LLC",70209.0,0.004411606743369094,1.0898781484201314,short
866780,TOTH FINANCIAL ADVISORY CORP,70108.0,0.004405260373515083,0.34512262229961105,medium
1055290,APPLETON PARTNERS INC/MA,70097.0,0.004404569184719101,0.23494945169211892,medium
1631639,"Barry Investment Advisors, LLC",69650.0,0.0043764817854642195,0.17469261677998646,long
1426196,"CAPSTONE INVESTMENT ADVISORS, LLC",69426.0,0.004362406668164234,0.8163283315145586,short
908431,Pacific Global Investment Management CO,69337.0,0.004356814322451294,0.11456576249628696,long
1482171,DAVIS-REA LTD.,68793.0,0.004322631894722757,0.17536530079895934,long
1541496,Hendershot Investments Inc.,68561.0,0.004308054094662058,0.23973916975465742,medium
790354,CHEMUNG CANAL TRUST CO,68454.0,0.004301330712737511,0.26597116132789117,medium
1604723,RKL Wealth Management LLC,67816.0,0.004261241762570589,0.19189346921863928,medium
1513865,"Autus Asset Management, LLC",67398.0,0.004234976588323294,0.1098845465256493,long
887813,GARCIA HAMILTON & ASSOCIATES LP/DE,67396.0,0.004234850917633116,0.1774693142718519,long
200217,Dodge & Cox,66956.0,0.004207203365793859,0.6255214843776267,short
9631,BANK OF NOVA SCOTIA,66728.0,0.004192876907113517,0.4063021924607284,short
1082020,BOYS ARNOLD & CO INC,66705.0,0.004191431694176464,0.6573724796751714,short
1598304,"GM Advisory Group, Inc.",66102.0,0.004153541981087664,0.4075280110119281,short
707179,OLD NATIONAL BANCORP /IN/,65844.0,0.004137330462054645,0.1622141304393941,long
1347104,"Patriot Wealth Management, Inc.",65611.0,0.004122689826648858,0.1740207213928208,long
1388409,NOVARE CAPITAL MANAGEMENT LLC,65507.0,0.004116154950759578,0.16196490911783007,long
1269932,"Geneva Advisors, LLC",65453.0,0.00411276184212476,0.20287813050779685,medium
1599469,BANK PICTET & CIE (ASIA) LTD,64950.0,0.004081155663544883,0.27986997245634543,medium
1056593,SCHAFER CULLEN CAPITAL MANAGEMENT INC,64268.0,0.004038301958194034,0.1225229590743251,long
1000490,GIRARD PARTNERS LTD.,64054.0,0.00402485519434494,0.1651131469929789,long
1588871,"Oakworth Capital, Inc.",63996.0,0.004021210744329766,0.23009972085868646,medium
1600035,Stonebridge Capital Advisors LLC,63699.0,0.004002548646838267,0.08925393867178212,long
1476804,Roundview Capital LLC,63284.0,0.0039764719786262405,0.27728136500199363,medium
1269950,DELTEC ASSET MANAGEMENT LLC,62908.0,0.003952845888872693,0.48609977554869843,short
947263,TORONTO DOMINION BANK,62660.0,0.003937262723290567,0.23540772516790015,medium
905591,NIPPON LIFE INSURANCE CO,62242.0,0.003910997549043273,0.12440956806271677,long
1040197,MAI Capital Management,62047.0,0.0038987446567508746,0.14694496084820755,long
1279627,WETHERBY ASSET MANAGEMENT INC,61795.0,0.003882910149788391,0.12235561842852165,long
1679807,"LaSalle Street Capital Management, LLC",61636.0,0.003872919329919205,0.11547643938529355,long
51812,STONEBRIDGE CAPITAL MANAGEMENT INC,61521.0,0.0038656932652339445,0.15117142470530243,long
945444,BRIDGES INVESTMENT COUNSEL INC/,61498.0,0.0038642480522968928,0.18890505372511393,medium
915325,BADGLEY PHELPS & BELL INC,60787.0,0.0038195721219384565,0.12370140855203275,long
857538,AMICA PENSION FUND BOARD OF TRUSTEES,60541.0,0.0038041146270465084,0.14684180702800115,long
1090413,SALIENT TRUST CO LTA,60485.0,0.003800595847721512,0.12246927682868831,long
1512647,"First Allied Advisory Services, Inc.",60420.0,0.0037965115502907125,0.30264297485582575,medium
1541399,"Ramsay, Stattman, Vela & Price, Inc.",60086.0,0.003775524545030913,0.06826453608814019,long
1080173,VAN STRUM & TOWNE INC.,60066.0,0.0037742678381291286,0.05323029264627417,long
1276755,CHELSEA COUNSEL CO,60055.0,0.003773576649333147,0.29084248247806516,medium
936698,FRONT BARNETT ASSOCIATES LLC,59939.0,0.0037662877493027974,0.036830697464541456,long
1033505,COBBLESTONE CAPITAL ADVISORS LLC /NY/,59903.0,0.0037640256768795856,0.17419171213119816,long
1065349,CAPITAL INTERNATIONAL SARL,59800.0,0.0037575536363353957,0.19378707413659665,medium
938592,"MOODY LYNN & LIEBERSON, LLC",59086.0,0.0037126891999416925,0.5828311400481794,short
1535452,Andra AP-fonden,58900.0,0.0037010018257550973,0.34008330945171544,medium
1387978,"Laurel Grove Capital, LLC",58381.0,0.0036683902816537915,0.15026269105690646,long
949012,BERKSHIRE ASSET MANAGEMENT LLC/PA,57894.0,0.003637789468595341,0.1016450360977385,long
1517429,"Reliant Investment Management, LLC",57738.0,0.003627987154761423,0.32197420631074924,medium
1384943,Bath Savings Trust Co,57686.0,0.0036247197168167832,0.06400153164629126,long
1315339,"First Financial Bank, N.A. - Trust Division",57598.0,0.003619190206448932,0.10558730789935983,long
1006435,PIONEER TRUST BANK N A/OR,57338.0,0.0036028530167257346,0.058985939046808746,long
750641,"BAILARD, INC.",57113.0,0.0035887150640806597,1.2280491118801675,short
1263567,"Perkins Investment Management, LLC",57068.0,0.0035858874735516452,0.36291504395330487,medium
1620943,Davy Asset Management Ltd,57068.0,0.0035858874735516452,0.21434757174015953,medium
1509508,Renaissance Investment Group LLC,56958.0,0.0035789755855918305,0.07456625535728106,long
883782,"Fulton Bank, N.A.",56894.0,0.0035749541235061207,0.11702954842888093,long
1041885,INGALLS & SNYDER LLC,56741.0,0.00356534031570747,0.09404850714952508,long
1084683,GREENWOOD GEARHART INC,56654.0,0.003559873640684708,0.07481475948471353,long
1030618,CYPRESS ASSET MANAGEMENT INC/TX,56459.0,0.0035476207483923095,0.09238151043536842,long
1289643,GLG Partners LP,56428.0,0.0035456728526945436,1.5083844429755051,short
1009006,PALISADE CAPITAL MANAGEMENT LLC/NJ,56273.0,0.0035359333742057144,0.24346893427379168,medium
1134152,ADELL HARRIMAN & CARPENTER INC,56136.0,0.0035273249319284915,0.1172513176521079,long
1512611,"Nelson Roberts Investment Advisors, LLC",55759.0,0.0035036360068298553,0.17511497886422817,long
1542420,Cipher Capital LP,55688.0,0.0034991746973285203,0.9602415785274895,short
869878,ROCKEFELLER FINANCIAL SERVICES INC,55242.0,0.003471150133418728,0.21740586608664808,medium
1008322,THOMPSON SIEGEL & WALMSLEY LLC,55055.0,0.003459399923887044,0.8559367037107803,short
1074272,CAMBRIDGE TRUST CO,54979.0,0.003454624437660263,0.15725627520615326,long
937760,SUMITOMO LIFE INSURANCE CO,54838.0,0.0034457646540026828,0.13974465509477232,long
1417889,"Vision Capital Management, Inc.",54836.0,0.0034456389833125043,0.3791965083419212,medium
1324659,"COBIZ INVESTMENT MANAGEMENT, LLC",54741.0,0.0034396696255290285,0.11682709559248308,long
1308377,"Lafayette Investments, Inc.",54731.0,0.0034390412720781364,0.05647171415846319,long
1426755,"J.P. Marvel Investment Advisors, LLC",54636.0,0.00343307191429466,,unclassified
1306333,MOTCO,54322.0,0.003413341615936645,0.10216365842314364,long
1666470,Baker Chad R,54225.0,0.0034072465874629906,,unclassified
1089710,ROANOKE ASSET MANAGEMENT CORP/ NY,54192.0,0.0034051730210750463,0.1215546312213115,long
1108831,STONERIDGE INVESTMENT PARTNERS LLC,54164.0,0.003403413631412548,0.6031359953998074,short
1078013,"GREAT LAKES ADVISORS, LLC",54033.0,0.00339518220120586,0.24412639707196565,medium
1130787,EAGLE GLOBAL ADVISORS LLC,53951.0,0.003390029702908544,0.20120081721105984,medium
1356202,"Beech Hill Advisors, Inc.",53750.0,0.003377399798545611,0.37810184657127943,medium
1550057,"Goelzer Investment Management, Inc.",53720.0,0.0033755147381929343,0.17577435904491806,long
1277303,First National Trust Co,53621.0,0.0033692940390291012,0.09784370744321616,long
1576151,"EXENCIAL WEALTH ADVISORS, LLC",53594.0,0.0033675974847116926,0.20716864706892452,medium
900974,BRYN MAWR TRUST Co,53559.0,0.00336539824763357,0.07444620548133019,long
941560,GARDNER LEWIS ASSET MANAGEMENT L P,53549.0,0.0033647698941826776,1.281530456557876,short
846797,"DEAN INVESTMENT ASSOCIATES, LLC",53425.0,0.003356978311391614,0.33177452705899524,medium
1164478,KANAWHA CAPITAL MANAGEMENT LLC,53383.0,0.003354339226897867,0.0425032517280603,long
1078635,WINDWARD CAPITAL MANAGEMENT CO /CA,53201.0,0.0033429031940916286,0.11901108570676662,long
1567634,"Buckingham Capital Management, Inc.",53158.0,0.003340201274252792,0.16680923989881222,long
1511826,Bronson Point Management LLC,53000.0,0.0033302732897286954,1.3210668523011382,short
1382303,Goodman Financial Corp,52757.0,0.0033150043008720147,0.18111322247936507,long
1277279,"THOMPSON INVESTMENT MANAGEMENT, INC.",52667.0,0.0033093491198139847,0.09159880804574747,long
1631185,"Mercer Capital Advisers, Inc.",52493.0,0.0032984157697684606,0.043862531874712535,long
1597409,"Winslow, Evans & Crocker, Inc.",52472.0,0.003297096227521587,0.18925387022875445,medium
1351903,SII INVESTMENTS INC/WI,52398.0,0.0032924464119849844,0.2846777342012945,medium
885415,"FOLGER NOLAN FLEMING DOUGLAS CAPITAL MANAGEMENT, INC",52353.0,0.0032896188214559694,0.02781795878316187,long
1317733,"Exchange Capital Management, Inc.",52311.0,0.0032869797369622224,0.1325466822815616,long
1584686,Kentucky Retirement Systems Insurance Trust Fund,52007.0,0.0032678777920550992,0.28593592629792686,medium
1163653,NOMURA HOLDINGS INC,51984.0,0.003266432579118047,0.8082804313708125,short
1668188,"WESPAC Advisors SoCal, LLC",51906.0,0.003261531422201088,,unclassified
1068840,ROBSHAW & JULIAN ASSOCIATES INC,51530.0,0.003237905332447541,0.07577033460319475,long
1008937,TRUST CO OF TOLEDO NA /OH/,51365.0,0.0032275375005078196,0.017799899253885344,long
1318055,FARMERS TRUST CO,51120.0,0.0032121428409609605,0.1644244249019881,long
1534400,Cetera Advisors LLC,51062.0,0.003208498390945786,0.2311985164295141,medium
1080374,"JAG CAPITAL MANAGEMENT, LLC",51033.0,0.0032066761659381984,0.4538879866243955,short
1575677,FLOSSBACH VON STORCH AG,51000.0,0.003204602599550254,0.30438244838985923,medium
1559789,Regal Investment Advisors LLC,50297.0,0.003160429351952532,0.2941606442732495,medium
1121908,INDEPENDENT INVESTORS INC,50213.0,0.0031551511829650374,0.04933806872128091,long
1538846,South Dakota Investment Council,50116.0,0.003149056154491383,0.13424626061138784,long
1165002,WESTWOOD HOLDINGS GROUP INC,50067.0,0.0031459772225820113,0.43986785683889523,short
1583864,RELIANCE TRUST CO OF DELAWARE,50061.0,0.003145600210511476,0.992891490903446,short
1483259,NJ State Employees Deferred Compensation Plan,50000.0,0.003141767254461033,0.043358805143493676,long
1466538,"COWEN GROUP, INC.",49640.0,0.003119146530228914,1.3700198253871614,short
1038661,ABNER HERRMAN & BROCK LLC,49388.0,0.0031033120232664304,0.2452373007386382,medium
1542266,"Granite Investment Partners, LLC",49379.0,0.0031027465051606273,0.24893057816016373,medium
1649647,EDMOND DE ROTHSCHILD HOLDING S.A.,49082.0,0.003084084407669129,0.7066991454092286,short
717538,ARROW FINANCIAL CORP,48964.0,0.003076669836948601,0.11628465693574433,long
1603937,SCHNIEDERS CAPITAL MANAGEMENT LLC,48955.0,0.0030761043188427977,0.09909440027388058,long
1481045,Daiwa Securities Group Inc.,48243.0,0.0030313655531392725,0.25134987564101946,medium
1054646,CAPE COD FIVE CENTS SAVINGS BANK,48242.0,0.0030313027177941835,0.08108991572493186,long
1394866,"Penobscot Investment Management Company, Inc.",48029.0,0.0030179187892901793,0.1070952254701536,long
801051,CONNING INC.,47892.0,0.003009310347012956,0.1268350326370702,long
1103882,Paloma Partners Management Co,47792.0,0.003003026812504034,1.1879771041507379,short
1129919,PROFUND ADVISORS LLC,47754.0,0.0030006390693906437,0.22067698366782168,medium
1299582,"Country Club Trust Company, n.a.",47652.0,0.002994229864191543,0.1367790998322004,long
1085146,ADVISOR CONSULTANT NETWORK INC,47652.0,0.002994229864191543,,unclassified
1620916,"Boulegeris Investments, Inc.",47427.0,0.0029800919115464688,0.0952097674825585,long
1506071,"Wellington Shields Capital Management, LLC",47340.0,0.0029746252365237063,0.13743237702810904,long
1055963,Tufton Capital Management,47329.0,0.002973934047727725,0.1658333417771407,long
1482010,New Jersey Better Educational Savings Trust,47000.0,0.0029532612191933713,0.4878322604513071,short
7195,"ARGUS INVESTORS' COUNSEL, INC.",46990.0,0.002952632865742479,0.06966959957568064,long
919458,ALERUS FINANCIAL  NA,46766.0,0.002938557748442494,,unclassified
1166880,CORNERSTONE ADVISORS INC,46700.0,0.002934410615666605,0.7840341470811968,short
1013143,HERMES INVESTMENT MANAGEMENT LTD,46650.0,0.0029312688484121443,0.20369192406623443,medium
1388736,KINGS POINT CAPITAL MANAGEMENT,46446.0,0.002918450438013943,0.18234779294063336,medium
1539948,"United Asset Strategies, Inc.",46171.0,0.0029011707181144076,0.32376731255898705,medium
1599444,CG Asset Management LLC,46016.0,0.0028914312396255784,0.26119697735657416,medium
1008868,MARTIN & CO INC /TN/,45905.0,0.0028844565163206747,0.10246890637284058,long
1584801,"YCG, LLC",45722.0,0.0028729576481693474,0.18893580742939697,medium
1599405,"Vantage Investment Advisors, LLC",45716.0,0.002872580636098812,0.15159620838834167,long
1259671,WAGNER BOWMAN MANAGEMENT CORP,45644.0,0.002868056491252388,0.10498247941232686,long
936944,MARTINGALE ASSET MANAGEMENT L P,45517.0,0.002860076402426057,0.3043013969435104,medium
36644,FIRST NATIONAL BANK OF OMAHA,45307.0,0.0028468809799573206,0.1520605427926183,long
1607239,"Moors & Cabot, Inc.",45230.0,0.0028420426583854507,0.1471439649146823,long
883948,Union Bankshares Corp,45116.0,0.0028348794290452796,0.0935805935601785,long
1387130,"Marble Harbor Investment Counsel, LLC",44990.0,0.002826962175564038,0.059769163009138995,long
1135077,HYMAN CHARLES D,44988.0,0.0028268365048738594,0.0358486524666623,long
1014358,"TMD & ASSOCIATES, INC",44600.0,0.0028024563909792416,,unclassified
878228,WENDELL DAVID ASSOCIATES INC,44594.0,0.0028020793789087063,0.04614734441386248,long
1077148,OAKWOOD CAPITAL MANAGEMENT LLC/CA,44493.0,0.0027957330090546953,0.07555806382404197,long
1315281,"A.R.T. Advisors, LLC",44450.0,0.0027930310892158587,1.3478916255548639,short
1054425,DILLON & ASSOCIATES INC,44396.0,0.0027896379805810406,0.07652411015065524,long
1484040,Origin Asset Management LLP,44319.0,0.0027847996590091707,0.3548531926311916,medium
1074266,CANANDAIGUA NATIONAL BANK & TRUST CO,44220.0,0.002778578959845338,0.07286504891513061,long
1144492,Meiji Yasuda Life Insurance Co,44209.0,0.0027778877710493565,0.2947823927677916,medium
1114702,MARIETTA INVESTMENT PARTNERS LLC,44187.0,0.0027765053934573937,0.3147873917863543,medium
1158274,SECURITY NATIONAL TRUST CO,44017.0,0.002765823384792226,0.07290387634903445,long
1645890,Fiduciary Group LLC,43748.0,0.0027489206769632257,0.13226160700370868,long
1536262,B.S. Pension Fund Trustee Ltd acting for the British Steel Pension Fund,43647.0,0.0027425743071092146,,unclassified
1449126,Sigma Planning Corp,43638.0,0.0027420087890034114,0.33786828966132687,medium
874791,CAMPBELL NEWMAN ASSET MANAGEMENT INC,43417.0,0.0027281221777386935,0.15156950774458744,long
1663896,"Saddle Road Partners, LLC",43326.0,0.0027224041613355746,,unclassified
1326766,"Violich Capital Management, Inc.",43247.0,0.0027174401690735262,0.12454530658359365,long
928052,HM PAYSON & CO,42815.0,0.002690295299994983,0.10421364738421496,long
1580830,"Alpha Cubed Investments, LLC",42663.0,0.002680744327541421,0.30876581995901603,medium
1082482,DAVIDSON & GARRARD INC,42463.0,0.002668177258523577,0.08081458555534321,long
1207017,LAZARD ASSET MANAGEMENT LLC,42453.0,0.002667548905072685,0.2761511364873308,medium
1277557,PRIVATE TRUST CO NA,42324.0,0.0026594431455561757,0.14226814159727635,long
1455258,CALAMOS WEALTH MANAGEMENT LLC,42255.0,0.002655107506745019,0.27923819257782606,medium
9015,BABSON CAPITAL MANAGEMENT LLC,42104.0,0.002645619369636547,0.7322227764564448,short
1132708,NORTHSTAR ASSET MANAGEMENT LLC,42090.0,0.0026447396748052977,0.0670679688164626,long
1105837,"WEBSTER BANK, N. A.",41288.0,0.002594345728043743,0.1362059010309662,long
1123320,Family Capital Trust Co,41178.0,0.0025874338400839287,0.17094917805739118,long
1509973,"BRIGHT ROCK CAPITAL MANAGEMENT, LLC",41000.0,0.0025762491486580473,0.18167349539441055,long
1115055,PINNACLE FINANCIAL PARTNERS INC,40997.0,0.00257606064262278,0.19216192076845917,medium
1142495,WEDBUSH SECURITIES INC,40934.0,0.0025721020158821586,0.6701572294667131,short
1166741,GREYSTONE INVESTMENT MANAGEMENT LLC,40904.0,0.002570216955529482,0.23619356943357853,medium
1349353,united american securities inc. (d/b/a uas asset management),40700.0,0.002557398545131281,0.3792898768608087,medium
1632554,Trust Co,40647.0,0.0025540682718415524,0.4418416477630117,short
1308016,"GRANDFIELD & DODD, LLC",40605.0,0.0025514291873478053,0.06420641832320972,long
1442173,"MACGUIRE, CHESWICK & TUTTLE INVESTMENT COUNSEL LLC",40425.0,0.0025401188252317454,0.07474380122027229,long
1492262,National Planning Corp,40391.0,0.002537982423498712,0.3175612953929505,medium
1666940,Mn Services Vermogensbeheer B.V.,39874.0,0.0025054965500875847,,unclassified
1569071,Atlanta Capital Group,39843.0,0.002503548654389819,0.1782750563946277,long
1040188,VICTORY CAPITAL MANAGEMENT INC,39819.0,0.0025020406061076776,0.4793039978769177,short
1020580,KEATING INVESTMENT COUNSELORS INC,39690.0,0.0024939348465911684,0.1012346964373025,long
102212,UNIVEST CORP OF PENNSYLVANIA,39558.0,0.002485640581039391,0.10920399265568348,long
1092203,FIRST CITIZENS BANK & TRUST CO,39480.0,0.002480739424122432,0.3719447576242518,medium
1511229,"Orca Investment Management, LLC",39258.0,0.002466789977512625,0.3223487054331848,medium
1512237,"Global Endowment Management, LP",39120.0,0.0024581186998903124,0.3179350281666297,medium
1007399,WILBANKS SMITH & THOMAS ASSET MANAGEMENT LLC,39110.0,0.0024574903464394202,0.3019377035942139,medium
1585822,"Winch Advisory Services, LLC",39008.0,0.0024510811412403197,0.7095853549113399,short
1080523,Selway Asset Management,38656.0,0.002428963099768914,0.204133569035104,medium
1432539,"Strategic Financial Services, Inc,",38616.0,0.002426449685965345,0.20683205106621244,medium
872732,FIRST MIDWEST BANK TRUST DIVISION,38575.0,0.0024238734368166874,0.27490435745985686,medium
1352526,Hartford Financial Management Inc.,38573.0,0.002423747766126509,0.4627918285112277,short
1512444,"Mizuho Asset Management Co.,Ltd.",38502.0,0.002419286456625174,0.4345384606612916,short
861787,Washington Trust Bank,38466.0,0.002417024384201962,0.19406876431181466,medium
1108965,LYNCH & ASSOCIATES/IN,38341.0,0.0024091699660658094,0.058813048236413284,long
1401561,"GHP Investment Advisors, Inc.",38292.0,0.0024060910341564376,0.07389040158746217,long
1569173,Whitnell & Co.,38265.0,0.002404394479839029,0.08124431739472089,long
1633883,"Lebenthal Asset Management, LLC",38117.0,0.002395094848765824,,unclassified
19481,"Virtus Investment Advisers, Inc.",37743.0,0.0023715944297024558,1.8461119945933986,short
1080386,Old Mutual Global Investors (UK) Ltd.,37569.0,0.0023606610796569312,0.8144801005166742,short
1083323,TRUST CO OF OKLAHOMA,37564.0,0.002360346902931485,0.09734624242003337,long
861176,TRUSTMARK NATIONAL BANK TRUST DEPARTMENT,37182.0,0.002336343801107403,0.36251735714333827,medium
1121330,LOGAN CAPITAL MANAGEMENT INC,36921.0,0.0023199437760391163,0.14296792151871623,long
1637246,Pensionfund Sabic,36900.0,0.0023186242337922425,0.38533382131270616,medium
1418421,"Capital Investment Counsel, Inc",36862.0,0.0023162364906788523,0.07425882178959758,long
1080071,COMPTON CAPITAL MANAGEMENT INC /RI,36754.0,0.0023094502734092165,0.22313006759139645,medium
1350780,"Private Capital Advisors, Inc.",36550.0,0.0022966318630110154,0.06742401598478583,long
1427806,"WealthTrust Fairport, LLC",36345.0,0.002283750617267725,0.19114910623871953,medium
1167553,CLEARARC CAPITAL INC,36242.0,0.0022772785767235354,0.11270738559334581,long
1535106,"Samsung Asset Management (New York), Inc.",36140.0,0.002270869371524435,0.32345248970797474,medium
1127544,"KARPAS STRATEGIES, LLC",36125.0,0.0022699268413480965,0.04234757477974709,long
1577773,Willingdon Wealth Management,36049.0,0.002265151355121316,0.515211695233872,short
1670903,Bridge Creek Capital Management LLC,35969.0,0.0022601245275141782,,unclassified
1563592,Airain ltd,35966.0,0.0022599360214789104,1.5477943753466623,short
1035463,CHARTER TRUST CO,35962.0,0.0022596846800985535,0.04058251254194361,long
1433541,"ASPIRIANT, LLC",35838.0,0.0022518930973074902,0.36496436794843495,medium
1548179,Frontier Wealth Management LLC,35832.0,0.002251516085236955,0.7395486455376366,short
1218254,Boyar Asset Management Inc.,35784.0,0.0022484999886726725,0.06900920592449016,long
1434981,"Altavista Wealth Management, Inc.",35768.0,0.0022474946231512446,0.1403035573421965,long
1040210,BARR E S & CO,35762.0,0.0022471176110807093,0.08530685046777847,long
1600746,"Eagle Capital Management, LLC",35726.0,0.0022448555386574975,0.21882076251191146,medium
1353110,Aldebaran Financial Inc.,35651.0,0.002240142887775806,0.15098838875789852,long
1167365,HIGHLAND CAPITAL MANAGEMENT LP,35200.0,0.0022118041471405675,1.0513993525450878,short
1344717,Estabrook Capital Management,35110.0,0.0022061489660825375,0.3316247673132233,medium
1365559,Baker Ellis Asset Management LLC,35080.0,0.002204263905729861,0.5067815219966514,short
1275880,HARBOUR INVESTMENT MANAGEMENT LLC,35075.0,0.0022039497290044147,0.039873551911552646,long
1632560,"JACKSON PARK CAPITAL, LLC",35000.0,0.0021992370781227233,0.5033493702758043,short
1079397,CHESAPEAKE ASSET MANAGEMENT LLC,34876.0,0.00219144549533166,0.2622293254589141,medium
1331997,Westend Capital Management LLC,34431.0,0.0021634837667669567,0.3555270395364784,medium
1056825,EVERENCE CAPITAL MANAGEMENT INC,34176.0,0.0021474607537692054,0.14366541551294806,long
1389059,"BLB&B Advisors, LLC",33541.0,0.0021075603096375505,0.09127446955859084,long
1315269,"Scott & Selber, Inc.",33529.0,0.00210680628549648,0.44181236715470673,short
1351904,INVESTMENT CENTERS OF AMERICA INC,33376.0,0.002097192477697829,0.20401106430528512,medium
1412575,"AVIANCE CAPITAL MANAGEMENT, LLC",33217.0,0.002087201657828643,0.2878247039503136,medium
1456534,Concert Wealth Management Inc.,32851.0,0.002064203921525988,0.3786890690380935,medium
1056559,NORTH STAR ASSET MANAGEMENT INC,32709.0,0.002055281302523319,0.10637668874623159,long
1352864,"BKD Wealth Advisors, LLC",32513.0,0.0020429655748858315,0.17577822832104492,long
1307878,Laffer Investments,32421.0,0.002037184723137623,,unclassified
869353,"FERGUSON WELLMAN CAPITAL MANAGEMENT, INC",32367.0,0.0020337916145028055,0.23123073750356307,medium
1549042,"Diligent Investors, LLC",32307.0,0.002030021493797452,0.13798615083267418,long
1364739,SOLARIS ASSET MANAGEMENT LLC,32295.0,0.0020292674696563815,0.23232080686575698,medium
1483238,"MONTAGE INVESTMENTS, LLC",32055.0,0.0020141869868349686,,unclassified
1502149,"Transamerica Financial Advisors, Inc.",32025.0,0.0020123019264822917,0.4067476823376403,short
1424367,"Voya Financial Advisors, Inc.",31979.0,0.0020094115006081877,0.2666676020424174,medium
1569391,"KCG HOLDINGS, INC.",31956.0,0.0020079662876711355,1.2191602766224552,short
36066,"FIRST AMERICAN TRUST, FSB",31901.0,0.0020045103436912284,0.2557914909958131,medium
1352547,Legacy Private Trust Co.,31853.0,0.002001494247126946,0.31673535470666986,medium
1575129,"SEVEN EIGHT CAPITAL, LLC",31822.0,0.00199954635142918,1.5641139788578715,short
1499266,"MILLIE CAPITAL MANAGEMENT, LLC",31633.0,0.0019876704712073175,0.3059835852591668,medium
1587192,"Blume Capital Management, Inc.",31473.0,0.001977616815993042,0.41796346567359655,short
1642570,River Wealth Advisors LLC,31468.0,0.001977302639267596,0.10799336958423061,long
1610880,BlueCrest Capital Management Ltd,31385.0,0.0019720873056251905,1.5454788261510632,short
943442,HUDSON VALLEY INVESTMENT ADVISORS INC /ADV,31347.0,0.0019696995625118003,0.08745969245867298,long
914933,CONNABLE OFFICE INC,31207.0,0.0019609026141993095,0.31583371987505193,medium
1527198,Gerstein Fisher,31197.0,0.0019602742607484173,0.1647483790160462,long
1510769,"Salient Capital Advisors, LLC",30863.0,0.0019392872554886175,0.19474302173827795,medium
1513006,MIZUHO SECURITIES USA INC.,30814.0,0.0019362083235792457,1.3724172305058548,short
1632253,"Brick & Kyle, Associates",30793.0,0.001934888781332372,0.12734962181151468,long
1315785,"Essex Financial Services, Inc.",30759.0,0.0019327523795993385,0.11027024603751422,long
1461287,Narwhal Capital Management,30720.0,0.0019303018011408589,0.08038156576110418,long
1542383,"Aviance Capital Partners, LLC",30651.0,0.0019259661623297027,0.20971088211532868,medium
1616667,"Pacer Advisors, Inc.",30553.0,0.001919808298510959,0.6642073757768009,short
1074273,CAPITAL MANAGEMENT CORP /VA,30404.0,0.0019104458320926652,0.22505199259940994,medium
1423045,"First National Bank of Mount Dora, Trust Investment Services",29819.0,0.001873687155215471,0.0845667799916654,long
1427514,"Dana Investment Advisors, Inc.",29798.0,0.0018723676129685975,1.0758794276043724,short
1567784,"Carroll Financial Associates, Inc.",29573.0,0.0018582296603235227,0.15590683859115687,long
14661,BROWN BROTHERS HARRIMAN & CO,29534.0,0.001855779081865043,0.12477817933259969,long
1567889,"Telos Capital Management, Inc.",29398.0,0.0018472334749329092,0.12990594982714823,long
1564770,"Oxbow Advisors, LLC",29372.0,0.0018455997559605893,0.7741107232946357,short
1598186,"Checchi Capital Advisers, LLC",29369.0,0.0018454112499253217,0.31171301399040846,medium
1423065,Ativo Capital Management LLC,29290.0,0.0018404472576632734,0.27473353818054885,medium
1659997,Handelsinvest Investeringsforvaltning,29240.0,0.0018373054904088123,,unclassified
1598898,Torch Wealth Management LLC,29049.0,0.001825303939496771,0.13968971248267537,long
1463524,OLD MUTUAL CUSTOMISED SOLUTIONS (PROPRIETARY) LTD,29000.0,0.0018222250075873993,0.2681815980413357,medium
51762,RNC CAPITAL MANAGEMENT LLC,28984.0,0.0018212196420659718,0.4321448810524893,short
1568298,"Concannon Wealth Management, LLC",28976.0,0.001820716959305258,0.14999843722222472,long
1569036,Covington Investment Advisors Inc.,28918.0,0.0018170725092900833,0.10028108458950935,long
943656,DENVER INVESTMENT ADVISORS LLC,28826.0,0.001811291657541875,0.2599184632124292,medium
1105871,AGRAN LIBBIE,28742.0,0.0018060134885543803,0.10071823354491383,long
1484265,"McKinley Carter Wealth Services, Inc.",28710.0,0.0018040027575115254,0.14202160689559662,long
1160099,MRJ CAPITAL INC,28500.0,0.001790807335042789,0.14072540052934168,long
1483232,"TIEDEMANN WEALTH MANAGEMENT, LLC",28432.0,0.001786534531576722,0.9898745872472774,short
1542927,National Mutual Insurance Federation of Agricultural Cooperatives,28300.0,0.0017782402660249449,0.24958762625825398,medium
1342857,North Star Investment Management Corp.,28275.0,0.0017766693823977144,0.11239352613591647,long
1650162,EDMOND DE ROTHSCHILD (SUISSE) S.A.,28224.0,0.0017734647797981642,0.4329595988625877,short
1034549,PARADIGM ASSET MANAGEMENT CO LLC,28134.0,0.0017678095987401343,0.5663091663113204,short
1008895,SCHMIDT P J INVESTMENT MANAGEMENT INC,28027.0,0.0017610862168155877,0.09785981999966353,long
1641652,ROPES WEALTH ADVISORS LLC,27987.0,0.0017585728030120188,0.1634297822244417,long
1541353,Triangle Securities Wealth Management,27984.0,0.0017583842969767511,0.32891707103831763,medium
357301,TRUSTCO BANK CORP N Y,27901.0,0.001753168963334346,0.07607032239195674,long
1673907,Premier Fund Managers Ltd,27880.0,0.0017518494210874722,,unclassified
1573876,"Advisory Services Network, LLC",27823.0,0.0017482678064173866,0.8775213702418244,short
1616034,HighPoint Advisor Group LLC,27803.0,0.0017470110995156023,0.5572056497509026,short
1005817,TOMPKINS FINANCIAL CORP,27802.0,0.001746948264170513,0.16043721662694255,long
1596901,"Pettee Investors, Inc.",27780.0,0.00174556588657855,0.04390607944297683,long
1389479,"Brown Advisory Securities, LLC",27620.0,0.0017355122313642748,0.13367433481370153,long
1455924,Texan Capital Management,27505.0,0.0017282861666790144,0.10343546519912356,long
1483796,Barrington Strategic Wealth Management Group LLC,27495.0,0.0017276578132281223,0.64528033124709,short
1513038,Perkins Coie Trust Co,27486.0,0.0017270922951223193,0.0757211664077235,long
1366838,"Liberty Capital Management, Inc.",27477.0,0.0017265267770165162,0.18265021948561622,medium
1511144,"10-15 ASSOCIATES, INC.",27326.0,0.001717038639908044,0.21409975267689718,medium
1039807,BOSTON FAMILY OFFICE LLC,27322.0,0.0017167872985276872,0.07087151993940011,long
1021117,D L CARLSON INVESTMENT GROUP INC,27290.0,0.001714776567484832,0.22161270704771172,medium
1631738,"Ariel Capital Advisors, LLC",27259.0,0.001712828671787066,0.35152807249787366,medium
1259664,FIRST MERCANTILE TRUST CO,27237.0,0.0017114462941951033,0.2799543533466284,medium
759944,Citizens Financial Group Inc/RI,27106.0,0.0017032148639884153,,unclassified
903783,OLD SECOND NATIONAL BANK OF AURORA,27076.0,0.0017013298036357388,0.11512813747083435,long
1632187,"Community Bank, N.A.",27034.0,0.0016986907191419915,0.07534301216019243,long
1657660,"Inverness Investment Group, LLC",27030.0,0.0016984393777616346,0.15870343804430834,long
1483065,Supplemental Annuity Collective Trust of NJ,27000.0,0.001696554317408958,0.06191412663448662,long
1428242,Argent Trust Co,26952.0,0.0016935382208446753,0.3797626516407665,medium
1462525,"Private Wealth Advisors, Inc.",26933.0,0.0016923443492879802,0.13056966098859824,long
1216093,MAYO INVESTMENT ADVISERS LLC,26850.0,0.001687129015645575,0.29842967614046634,medium
1002784,SHELTON CAPITAL MANAGEMENT,26761.0,0.0016815366699326343,0.1900156824190103,medium
1519319,Garrison Financial Corp,26623.0,0.0016728653923103218,0.06906705698529286,long
1310658,Ledyard National Bank,26569.0,0.0016694722836755038,0.3446344064768534,medium
1657111,NS Partners Ltd,26521.0,0.0016664561871112212,0.23378999816871296,medium
1671716,"Bristlecone Advisors, LLC",26448.0,0.0016618692069197082,,unclassified
1579111,RDL FINANCIAL INC,26414.0,0.0016597328051866746,0.48049648842375153,short
1308757,BALASA DINVERNO & FOLTZ LLC,26401.0,0.0016589159457005148,0.09632476998872753,long
1015247,COURIER CAPITAL CORP,26309.0,0.0016531350939523065,0.0836334815509606,long
1119032,HARVEY CAPITAL MANAGEMENT INC,26120.0,0.0016412592137304439,0.2946199992780566,medium
1647565,Sapphire Star Partners LP,26061.0,0.0016375519283701799,,unclassified
1568679,RIVERHEAD CAPITAL MANAGEMENT LLC,26006.0,0.0016340959843902728,1.0464779278299248,short
895213,CAPITAL INTERNATIONAL INC /CA/,26000.0,0.0016337189723197372,0.2853137963321376,medium
872163,Navellier & Associates Inc,26000.0,0.0016337189723197372,0.6030308266169216,short
1606588,"One Capital Management, LLC",25853.0,0.001624482176591622,0.5420681640265805,short
1670053,Investment Counsel Inc.,25821.0,0.0016224714455487668,,unclassified
1020918,ROTHSCHILD INVESTMENT CORP /IL,25705.0,0.0016151825455184173,0.3309261627015454,medium
1525109,"Wills Financial Group, Inc.",25602.0,0.0016087105049742275,0.253074965679055,medium
1079373,FIDUCIARY FINANCIAL SERVICES OF THE SOUTHWEST INC /TX,25430.0,0.0015979028256188816,0.12204743383652822,long
918504,BIRMINGHAM CAPITAL MANAGEMENT CO INC/AL,25166.0,0.0015813142945153274,0.05309023027322496,long
1599330,"Joel Isaacson & Co., LLC",25145.0,0.0015799947522684536,0.09425781310109697,long
1133014,MONETARY MANAGEMENT GROUP INC,25125.0,0.0015787380453666693,0.22739342854043942,medium
1659346,"Deane Retirement Strategies, Inc.",25078.0,0.001575784784147476,0.6143649207257512,short
1352900,Kemper Corp Master Retirement Trust,25000.0,0.0015708836272305166,0.16567316167628668,long
1272164,AMERICAN NATIONAL BANK,24984.0,0.001569878261709089,0.30315239595829313,medium
1600085,"American Money Management, LLC",24801.0,0.0015583793935577618,0.08556266254811626,long
1580212,"Strategic Global Advisors, LLC",24710.0,0.0015526613771546427,0.21374209669400523,medium
1506073,"Wellington Shields & Co., LLC",24701.0,0.0015520958590488397,0.09970340680481926,long
1164508,"ARROWSTREET CAPITAL, LIMITED PARTNERSHIP",24600.0,0.0015457494891948284,0.8492506833274898,short
1092903,MOODY NATIONAL BANK TRUST DIVISION,24507.0,0.0015399058021015309,0.05860928589170597,long
1674486,Simmons Bank,24376.0,0.001531674371894843,,unclassified
1666624,"CHARTER RESEARCH & INVESTMENT GROUP, INC.",24242.0,0.0015232544356528874,0.10261092098393892,long
1549275,Catalyst Capital Advisors LLC,24000.0,0.001508048282141296,0.7373965158674589,short
1330463,"Ironwood Investment Counsel, LLC",23924.0,0.0015032727959145152,0.19532256234568102,medium
1603465,"Cubist Systematic Strategies, LLC",23922.0,0.0015031471252243368,1.0938511372348712,short
934745,WEATHERLY ASSET MANAGEMENT L. P.,23715.0,0.001490140208790868,0.17316200484069985,long
1602237,IPG Investment Advisors LLC,23653.0,0.0014862444173953365,0.36708633995064355,medium
1518195,"American National Registered Investment Advisor, Inc.",23635.0,0.0014851133811837306,0.0520391344584384,long
1650092,"Westbourne Investment Advisors, Inc.",23617.0,0.0014839823449721244,0.1300481321354582,long
10742,BECK MACK & OLIVER LLC,23614.0,0.0014837938389368568,0.10773250552029512,long
1563690,Boltwood Capital Management,23562.0,0.0014805264009922173,0.11300114019412895,long
1030815,SYMPHONY ASSET MANAGEMENT LLC,23475.0,0.0014750597259694553,0.4988026491535693,short
1511550,"Asset Management Group, Inc.",23469.0,0.0014746827138989197,0.05394735697930339,long
1279912,PRIVATE BANK & TRUST CO,23274.0,0.0014624298216065219,0.2009083610361332,medium
1044905,PATTEN & PATTEN INC/TN,23214.0,0.0014586597009011687,0.12089984778255329,long
1424322,"Cubic Asset Management, LLC",23110.0,0.0014521248250118897,0.12924459976732552,long
1054554,OAK RIDGE INVESTMENTS LLC,23046.0,0.0014481033629261794,0.4640249723053058,short
1468685,"Budros, Ruhlin & Roe, Inc.",23004.0,0.0014454642784324323,0.13539582740823955,long
1445065,"BENJAMIN F. EDWARDS & COMPANY, INC.",22990.0,0.001444584583601183,0.22985969938237585,medium
1278793,WEIK INVESTMENT SERVICES INC,22975.0,0.0014436420534248448,0.0968747072890731,long
1582732,"Capital Investment Advisors, LLC",22898.0,0.001438803731852975,0.22490298317062718,medium
1548468,"Cognios Capital, LLC",22753.0,0.0014296926068150379,0.5650297557203405,short
1397290,Rodgers Brothers Inc.,22692.0,0.0014258596507645954,0.08078913886859816,long
1483467,"Westover Capital Advisors, LLC",22685.0,0.001425419803348971,0.3405707676170565,medium
1051042,FINANCIAL & INVESTMENT MANAGEMENT GROUP LTD,22564.0,0.001417816726593175,0.3222207165082223,medium
1157436,SHEETS SMITH WEALTH MANAGEMENT,22352.0,0.0014044956334342603,0.25073837607242994,medium
1540142,SAN FRANCISCO SENTRY INVESTMENT GROUP (CA),22329.0,0.0014030504204972083,0.13353336979219693,long
1608057,Curbstone Financial Management Corp,22240.0,0.0013974580747842676,0.26518376502141483,medium
45319,MEYER HANDELMAN CO,22111.0,0.0013893523152677582,0.1857510905799299,medium
1663138,"McQueen, Ball & Associates Inc.",22060.0,0.001386147712668208,,unclassified
1610769,"CAPROCK Group, Inc.",22030.0,0.0013842626523155313,0.5234251351535244,short
1363561,"REILLY FINANCIAL ADVISORS, LLC",21982.0,0.0013812465557512487,0.6789732548941302,short
1224890,CULBERTSON A N & CO INC,21846.0,0.0013727009488191148,0.12262263294900909,long
1450935,B & T Capital Management DBA Alpha Capital Management,21767.0,0.0013677369565570662,0.2767453806365674,medium
1541743,"Copeland Capital Management, LLC",21677.0,0.0013620817754990363,0.7785926089284937,short
1056821,"BENNICAS & ASSOCIATES, INC.",21650.0,0.0013603852211816275,0.08434073087560513,long
1082491,CONDOR CAPITAL MANAGEMENT,21464.0,0.0013486978469950323,0.09712146749456968,long
1478775,"Stillwater Investment Management, LLC",21464.0,0.0013486978469950323,0.04126909136690374,long
1446114,"Ancora Advisors, LLC",21316.0,0.0013393982159218278,0.63483772728874,short
1609674,"Mengis Capital Management, Inc.",21283.0,0.0013373246495338835,0.12833513457293605,long
1079738,BIRINYI ASSOCIATES INC,21143.0,0.0013285277012213925,0.40978541893986353,short
1058470,ICON ADVISERS INC/CO,21100.0,0.001325825781382556,0.43038897556732725,short
1478215,"Morningstar Investment Services, Inc.",21006.0,0.0013199192589441694,0.2345517901079811,medium
1019754,SMITHFIELD TRUST CO,20996.0,0.001319290905493277,0.14290031295925099,long
1018674,PARSONS CAPITAL MANAGEMENT INC/RI,20681.0,0.0012994977717901725,0.12940839332867404,long
1483170,Kingfisher Capital LLC,20626.0,0.0012960418278102654,0.43508454604480695,short
1667019,"WIMMER ASSOCIATES 1, LLC",20621.0,0.0012957276510848193,,unclassified
1321219,"OUTFITTER ADVISORS, LTD.",20621.0,0.0012957276510848193,0.09888920750343108,long
1666612,"BRONFMAN E.L. ROTHSCHILD, L.P.",20487.0,0.0012873077148428638,,unclassified
1352871,Benin Management CORP,20454.0,0.0012852341484549195,0.12089264739474809,long
1132556,WADE G W & INC,20381.0,0.0012806471682634065,0.20633647712281922,medium
1050068,INVESTMENT PARTNERS LTD /OH/ /ADV,20288.0,0.0012748034811701089,0.49683022245554465,short
1309148,HILLS BANK & TRUST CO,20275.0,0.001273986621683949,0.11224782509333563,long
1428350,"NORTHWEST INVESTMENT COUNSELORS, LLC",20182.0,0.0012681429345906515,0.08040165360874404,long
1050470,LSV ASSET MANAGEMENT,20100.0,0.0012629904362933353,0.3007516998512121,medium
726854,CITY HOLDING CO,20025.0,0.0012582777854116438,0.07474439574987513,long
1426763,Cincinnati Specialty Underwriters Insurance CO,20000.0,0.0012567069017844134,0.03523427338447753,long
1041283,SPIRIT OF AMERICA MANAGEMENT CORP/NY,20000.0,0.0012567069017844134,0.25995986864058546,medium
1279888,CINCINNATI CASUALTY CO,20000.0,0.0012567069017844134,0.03870289005955484,long
810958,CITIZENS & NORTHERN CORP,19889.0,0.0012497321784795097,0.16663657602474904,long
1568068,"JFS WEALTH ADVISORS, LLC",19813.0,0.001244956692252729,0.3151139572803131,medium
1512251,FIC CAPITAL INC,19789.0,0.0012434486439705879,0.15607185813305796,long
1556218,Bollard Group LLC,19703.0,0.0012380448042929148,0.28382933622579165,medium
1535784,Lombard Odier Asset Management (Europe) Ltd,19621.0,0.0012328923059955986,,unclassified
1605522,"St. Johns Investment Management Company, LLC",19565.0,0.0012293735266706023,0.1997765010115089,medium
1035912,EADS & HEALD INVESTMENT COUNSEL/,19493.0,0.0012248493818241785,0.0883602348448665,long
1354821,"LEVIN CAPITAL STRATEGIES, L.P.",19400.0,0.001219005694730881,0.41723591841305085,short
767684,DELPHI MANAGEMENT INC /MA/,19384.0,0.0012180003292094534,0.5346743159055357,short
1356407,Indiana Trust & Investment Management CO,19362.0,0.0012166179516174905,0.21750345641872842,medium
1416856,Fruth Investment Management,19345.0,0.0012155497507509738,0.03672987203870464,long
1379995,HBK Sorce Advisory LLC,19279.0,0.0012114026179750853,0.2366618842090712,medium
1053013,AMARILLO NATIONAL BANK,19229.0,0.0012082608507206242,0.2758933925564632,medium
1533892,"WFG Advisors, LP",19158.0,0.0012037995412192896,0.19853921514382278,medium
710127,SEARLE & CO.,19040.0,0.0011963849704987614,0.906388949831298,short
1666741,Cetera Investment Advisers,19017.0,0.0011949397575617094,,unclassified
1631054,"Creegan & Nassoura Financial Group, LLC",18986.0,0.0011929918618639435,0.07056812608282034,long
765443,DUFF & PHELPS INVESTMENT MANAGEMENT CO,18950.0,0.0011907297894407317,0.1627188501789273,long
1567890,"Redmond Asset Management, LLC",18949.0,0.0011906669540956425,0.15195567930321874,long
1463559,Her Majesty the Queen in Right of the Province of Alberta as represented by Alberta Investment Management Corp,18900.0,0.0011875880221862707,0.38546591055762,medium
1661149,"V Wealth Management,LLC",18829.0,0.0011831267126849359,,unclassified
897599,LOCKHEED MARTIN INVESTMENT MANAGEMENT CO,18800.0,0.0011813044876773486,0.33667862818449984,medium
1387615,Aull & Monroe Investment Management Corp,18786.0,0.0011804247928460996,0.03279558290968903,long
1585045,"Tillar-Wenstrup Advisors, LLC",18761.0,0.001178853909218869,0.3030577392203596,medium
1510870,"Carlton Hofferkamp & Jenks Wealth Management, LLC",18629.0,0.001170559643667092,0.15842283383913544,long
1607866,"FAGAN ASSOCIATES, INC.",18625.0,0.0011703083022867348,0.19828213536288095,medium
1387723,BANK OF STOCKTON,18622.0,0.0011701197962514672,0.10019864231582114,long
1054880,HUTCHENS INVESTMENT MANAGEMENT INC,18603.0,0.001168925924694772,0.46475764687278387,short
1566493,"Newman Dignan & Sheerar, Inc.",18582.0,0.0011676063824478985,0.6404250454450298,short
1276853,WILKINS INVESTMENT COUNSEL INC,18500.0,0.0011624538841505823,0.06138590545501925,long
1689918,EDMOND DE ROTHSCHILD (MONACO),18494.0,0.001162076872080047,,unclassified
1339908,FIRST NATIONAL BANK & TRUST CO OF NEWTOWN,18452.0,0.0011594377875862997,0.02266035696090224,long
1054257,ADIRONDACK TRUST CO,18379.0,0.0011548508073947867,0.3269518708810111,medium
1103245,SMITHBRIDGE ASSET MANAGEMENT INC/DE,18360.0,0.0011536569358380913,0.07859402681375877,long
1464811,"National Asset Management, Inc.",18346.0,0.0011527772410068423,0.2701225846721463,medium
315080,BANK OF HAWAII,18258.0,0.001147247730638991,0.25187313343421963,medium
1456114,ADVISOR PARTNERS LLC,18234.0,0.0011457396823568496,0.20128609472260078,medium
1620220,Engineers Gate Manager LP,18201.0,0.0011436661159689053,1.397969930050004,short
1082327,"FULLER & THALER ASSET MANAGEMENT, INC.",18200.0,0.001143603280623816,0.28264149399361677,medium
1534469,"CSU Producer Resources, Inc.",18200.0,0.001143603280623816,0.09973410733180205,long
1352851,Magnetar Financial LLC,18194.0,0.0011432262685532807,0.9979447184508266,short
1569119,Strategic Advisors LLC,18182.0,0.0011424722444122102,0.18805462781267882,medium
1535865,ATRIA INVESTMENTS LLC,18177.0,0.001142158067686764,0.34754303897071154,medium
942618,LOEB PARTNERS CORP,18100.0,0.0011373197461148942,0.33246720974994304,medium
1528436,"FDO Partners, LLC",18069.0,0.0011353718504171282,,unclassified
1632105,MITCHELL MCLEOD PUGH & WILLIAMS INC,18051.0,0.0011342408142055223,0.10892127600524162,long
1576654,"Rikoon Group, LLC",18012.0,0.0011317902357470427,,unclassified
1337263,Hodges Capital Management Inc.,17957.0,0.0011283342917671356,0.31668880089826223,medium
1476225,"Endurance Wealth Management, Inc.",17923.0,0.001126197890034102,0.12103479854955022,long
1281011,MARSHWINDS ADVISORY CO,17914.0,0.001125632371928299,0.3367536173680639,medium
1492375,IFC Holdings Incorporated/FL,17909.0,0.001125318195202853,0.20389449883656918,medium
1665302,Cottage Street Advisors LLC,17863.0,0.0011224277693287488,,unclassified
712534,FIRST MERCHANTS CORP,17859.0,0.001122176427948392,0.09347362866346533,long
1512581,ETRADE Capital Management LLC,17854.0,0.0011218622512229458,0.14026950170046354,long
1484972,"HAP Trading, LLC",17614.0,0.0011067817684015328,1.2779684184412436,short
1582151,"NAPLES GLOBAL ADVISORS, LLC",17610.0,0.001106530427021176,0.11363575293818404,long
1062938,CORNERCAP INVESTMENT COUNSEL INC,17601.0,0.001105964908915373,0.44649949832293695,short
1618832,ACCIDENT COMPENSATION CORP,17600.0,0.0011059020735702837,,unclassified
1596077,"New England Research & Management, Inc.",17575.0,0.0011043311899430533,0.34069959379199954,medium
1524566,WEALTHFRONT INC,17531.0,0.0011015664347591276,0.2711756292865942,medium
1167026,HUDSON CANYON INVESTMENT COUNSELORS LLC,17530.0,0.0011015035994140384,0.2523595543244706,medium
1080166,AR ASSET MANAGEMENT INC,17520.0,0.001100875245963146,0.04408713434412126,long
1056827,ARMSTRONG HENRY H ASSOCIATES INC,17520.0,0.001100875245963146,0.04157906581245782,long
1422508,Montecito Bank & Trust,17434.0,0.0010954714062854731,0.31771944169893507,medium
1322590,Bowling Portfolio Management LLC,17409.0,0.0010939005226582425,0.42895045064170473,short
1388829,AMG National Trust Bank,17362.0,0.0010909472614390491,0.09646254184185477,long
1661222,Ashburton (Jersey) Ltd,17331.0,0.0010889993657412834,,unclassified
1455139,"Quotient Investors, LLC",17293.0,0.001086611622627893,0.732818957499793,short
1179791,CIM INVESTMENT MANGEMENT INC,17086.0,0.0010736047061944243,0.26656433805889085,medium
1416692,"Financial Architects, Inc",17025.0,0.0010697717501439818,0.21329834240005302,medium
1371726,"MYCIO WEALTH PARTNERS, LLC",16954.0,0.0010653104406426472,0.20757969829337672,medium
1585740,ARGENTIERE CAPITAL AG,16953.0,0.001065247605297558,1.516219375868545,short
1534866,BTIM Corp.,16758.0,0.00105299471300516,0.15926032298050952,long
59951,BANK OF THE WEST,16692.0,0.0010488475802292714,0.6464297734122088,short
200724,"SMITH, MOORE & CO.",16565.0,0.0010408674914029403,0.1872452568203889,medium
1569148,Murphy Pohlad Asset Management LLC,16545.0,0.001039610784501156,0.09592438658551707,long
1260824,EVERGREEN CAPITAL MANAGEMENT LLC,16519.0,0.001037977065528836,0.22221051279186743,medium
1599868,"Nelson, Van Denburg & Campbell Wealth Management Group, LLC",16466.0,0.0010346467922391074,0.10594427580783583,long
712537,FIRST COMMONWEALTH FINANCIAL CORP /PA/,16360.0,0.00102798624565965,0.18912185504073237,medium
1106590,MACNEALY HOOVER INVESTMENT MANAGEMENT INC,16359.0,0.0010279234103145608,0.009815189409560018,long
1640250,Integrated Wealth Management,16341.0,0.0010267923741029549,0.19701143752568892,medium
1512991,Quantbot Technologies LP,16287.0,0.001023399265468137,1.4765102716134353,short
1339270,SOL Capital Management CO,16263.0,0.0010218912171859958,0.3332226446920898,medium
1352675,Bangor Savings Bank,16253.0,0.0010212628637351034,0.04360091486733217,long
1665518,"PHYSICIANS FINANCIAL SERVICES, INC.",16248.0,0.0010209486870096573,,unclassified
1020317,PEKIN SINGER STRAUSS ASSET MANAGEMENT /IL,16230.0,0.0010198176507980514,0.25892798716570503,medium
1389709,"WHALEROCK POINT PARTNERS, LLC",16225.0,0.0010195034740726053,,unclassified
1615135,"Ironsides Asset Advisors, LLC",16106.0,0.0010120260680069881,0.8938024858670991,short
1480916,"WMS Partners, LLC",16045.0,0.0010081931119565457,0.5787656359628254,short
1407409,Parametric Risk Advisors LLC,16039.0,0.0010078160998860102,0.19791862897295487,medium
1284208,NTV ASSET MANAGEMENT LLC,16023.0,0.0010068107343645827,0.13796415598382689,long
752365,WALTER & KEENAN FINANCIAL CONSULTING CO /MI/ /ADV,16019.0,0.0010065593929842259,0.5688719869903748,short
1356783,Phocas Financial Corp.,15836.0,0.0009950605248328986,0.3005963643717451,medium
1084580,Jefferies Group LLC,15835.0,0.0009949976894878094,1.2797974443742905,short
1633037,Rehmann Capital Advisory Group,15781.0,0.0009916045808529912,0.16152052425497568,long
1116247,"FAIRFIELD, BUSH & CO.",15750.0,0.0009896566851552255,0.21036937478580378,medium
1166308,GREEN SQUARE CAPITAL LLC,15730.0,0.0009883999782534412,0.4956481494136976,short
1682266,"Carnick & Kubik Group, LLC",15676.0,0.000985006869618623,,unclassified
1606609,"Archford Capital Strategies, LLC",15604.0,0.0009804827247721993,0.9792424790976799,short
1344551,"ASSETMARK, INC",15588.0,0.0009794773592507718,0.596027017183131,short
884535,TIRSCHWELL & LOEWY INC,15579.0,0.0009789118411449688,0.08359448765708932,long
1536444,"Camarda Financial Advisors, LLC",15507.0,0.0009743876962985449,0.4797922474328003,short
1411784,"Pinnacle Holdings, LLC",15498.0,0.0009738221781927419,0.6012782933169,short
1399794,Choate Investment Advisors,15379.0,0.0009663447721271247,0.43321483000748695,short
1123778,"Jarislowsky, Fraser Ltd",15370.0,0.0009657792540213216,0.40660067117951004,short
1616664,Raab & Moskowitz Asset Management LLC,15354.0,0.0009647738884998941,0.11305902476547336,long
1230765,"RICE HALL JAMES & ASSOCIATES, LLC",15221.0,0.0009564167876030278,0.23902606233045892,medium
1311016,"Nuveen Fund Advisors, LLC",15187.0,0.0009542803858699942,,unclassified
1601539,CHICAGO TRUST Co NA,15102.0,0.0009489393815374105,0.13066585193413727,long
1095836,CAPITAL CITY TRUST CO/FL,15073.0,0.0009471171565298231,0.06633261892925942,long
1426940,"Horizon Investment Services, LLC",15032.0,0.0009445409073811651,0.37149333818755464,medium
1177719,WESTFIELD CAPITAL MANAGEMENT CO LP,15030.0,0.0009444152366909866,0.41138366105392443,short
1631408,"Northstar Group, Inc.",15008.0,0.0009430328590990238,0.07115727413345942,long
1475896,"Asset Dedication, LLC",14906.0,0.0009366236538999233,,unclassified
1633516,Goss Wealth Management LLC,14856.0,0.0009334818866454622,0.6440517836296106,short
829407,MONTAG A & ASSOCIATES INC,14855.0,0.000933419051300373,0.2640249986510688,medium
1159363,CAZ INVESTMENTS LP,14820.0,0.0009312198142222503,0.6315846855001913,short
1344114,Waverton Investment Management Ltd,14780.0,0.0009287064004186815,1.1641155952946824,short
932540,"GROUP ONE TRADING, L.P.",14663.0,0.0009213546650432427,1.4303678560462099,short
923093,TUDOR INVESTMENT CORP ET AL,14639.0,0.0009198466167611014,1.1310403337081105,short
1590491,"TELEMUS CAPITAL, LLC",14635.0,0.0009195952753807444,0.8733479761010172,short
899051,ALLSTATE CORP,14626.0,0.0009190297572749415,0.684707940317266,short
1341748,Cypress Capital Group,14625.0,0.0009189669219298522,0.09802855631744199,long
3520,FRED ALGER MANAGEMENT INC,14595.0,0.0009170818615771756,0.35708055338372974,medium
1123812,PROFFITT & GOODSON INC,14591.0,0.0009168305201968188,0.0574525341499495,long
1056549,"FAIRVIEW CAPITAL INVESTMENT MANAGEMENT, LLC",14563.0,0.0009150711305343206,0.16870641861645214,long
1369913,"American Investment Services, Inc.",14458.0,0.0009084734192999524,0.1740569400680975,long
1506294,AT Bancorp,14440.0,0.0009073423830883464,0.49550309391505126,short
923116,GROESBECK INVESTMENT MANAGEMENT CORP /NJ/,14425.0,0.0009063998529120082,0.40331752874167204,medium
1455267,Parkside Financial Bank & Trust,14257.0,0.000895843514937019,0.1534011164929136,long
1598244,GLENVIEW STATE BANK TRUST DEPT.,14186.0,0.0008913822054356843,0.06201280870709925,long
1162170,GREENLEAF TRUST,14153.0,0.0008893086390477401,0.08537760881944145,long
1156185,HIGH POINT BANK & TRUST CO,13936.0,0.0008756733691633792,0.3781333068145104,medium
1483870,"TCTC Holdings, LLC",13849.0,0.000870206694140617,0.05489276072256227,long
1525212,USCA RIA LLC,13808.0,0.000867630444991959,0.3692021539135457,medium
1599863,Northeast Financial Consultants Inc,13755.0,0.0008643001717022303,0.21312251660068315,medium
1682501,"Harbour Capital Advisors, LLC",13755.0,0.0008643001717022303,0.35316613506100314,medium
1482880,"Savant Capital, LLC",13722.0,0.000862226605314286,0.09854619465674869,long
1388168,"Atlas Brown,Inc.",13712.0,0.0008615982518633937,0.21184214513717675,medium
1591122,Heritage Wealth Advisors,13659.0,0.000858267978573665,0.11180353443941514,long
1541211,"Hilton Capital Management, LLC",13646.0,0.0008574511190875052,0.40955823303613914,short
1672067,"Kelman-Lazarov, Inc.",13598.0,0.0008544350225232226,,unclassified
1013234,ORLEANS CAPITAL MANAGEMENT CORP/LA,13581.0,0.0008533668216567058,0.05889539703497772,long
1058800,BEACH INVESTMENT COUNSEL INC/PA,13504.0,0.0008485285000848359,0.2712489611639619,medium
1360798,BRIGHTON JONES LLC,13430.0,0.0008438786845482336,0.2229442383041893,medium
1667164,"Arbor Wealth Management, LLC",13331.0,0.0008376579853844007,,unclassified
1380137,HUNTER ASSOCIATES INVESTMENT MANAGEMENT LLC,13329.0,0.0008375323146942223,0.43045666325186915,short
1634208,Analyst IMS Investment Management Services Ltd.,13163.0,0.0008271016474094117,0.17695150397366918,long
1588539,"FTB Advisors, Inc.",13143.0,0.0008258449405076272,0.37788462095997993,medium
867926,INVESTORS ASSET MANAGEMENT OF GEORGIA INC /GA/ /ADV,12995.0,0.0008165453094344225,0.037994640744766245,long
1666179,"Laurel Wealth Advisors, Inc.",12976.0,0.0008153514378777274,,unclassified
1653866,"Stokes & Hubbell Capital Management, LLC",12976.0,0.0008153514378777274,0.10724542220086494,long
1101250,BURKE & HERBERT BANK & TRUST CO,12928.0,0.0008123353413134448,0.08632988026150297,long
924166,HALLMARK CAPITAL MANAGEMENT INC,12907.0,0.0008110157990665712,0.2416014816250223,medium
1599904,"Sullivan, Bruyette, Speros & Blaney, Inc.",12895.0,0.0008102617749255005,,unclassified
1037763,OPTIMUM INVESTMENT ADVISORS,12880.0,0.0008093192447491622,0.12816345956334843,long
1461564,Cypress Wealth Advisors LLC,12818.0,0.0008054234533536306,0.14068937631806286,long
1512920,Sprott Inc.,12800.0,0.0008042924171420246,0.8381875763655663,short
1222993,"WATERS PARKERSON & CO., LLC",12652.0,0.0007949927860688199,0.05927405346980529,long
1569655,"Winfield Associates, Inc.",12612.0,0.0007924793722652511,0.13266268598009565,long
805867,"GIRARD SECURITIES, INC.",12550.0,0.0007885835808697193,,unclassified
1511037,"PATTON ALBERTSON MILLER GROUP, LLC",12519.0,0.0007866356851719535,0.21387885659848477,medium
923469,CADINHA & CO LLC,12436.0,0.0007814203515295482,0.25832109983464113,medium
1542317,"First Houston Capital, Inc.",12400.0,0.0007791582791063363,0.27022971755174774,medium
1508512,Drexel Morgan & Co.,12252.0,0.0007698586480331316,0.11872223767904433,long
936936,DOHENY ASSET MANAGEMENT /CA,12230.0,0.0007684762704411687,0.1393054533189461,long
1634222,vontobel swiss wealth advisors AG,12211.0,0.0007672823988844735,0.3421647544032607,medium
1690717,"ELCO Management Co., LLC",12205.0,0.0007669053868139382,,unclassified
1163902,FOSTER & MOTLEY INC,12180.0,0.0007653345031867077,0.1492862471141749,long
1276918,ZEVENBERGEN CAPITAL INVESTMENTS LLC,12125.0,0.0007618785592068006,0.1816789340909923,long
51964,INVESTMENT COUNSELORS OF MARYLAND LLC,12085.0,0.0007593651454032318,0.1961646780802736,medium
1053055,BOSTON FINANCIAL MANGEMENT INC /MA,12060.0,0.0007577942617760013,0.24011468435958735,medium
1393389,Manchester Capital Management LLC,11972.0,0.0007522647514081498,0.1820460958346504,medium
1379119,Livingston Group Asset Management CO (operating as Southport Capital Management),11943.0,0.0007504425264005624,0.21541385841318544,medium
1209324,COUNTRY TRUST BANK,11941.0,0.000750316855710384,0.13104477333390546,long
938759,MONARCH CAPITAL MANAGEMENT INC/,11862.0,0.0007453528634483355,0.057797397106286105,long
1569650,BANK OF THE OZARKS,11829.0,0.0007432792970603913,0.045320006486696464,long
1654175,Proficio Capital Partners LLC,11672.0,0.0007334141478813836,,unclassified
1599747,Dynamic Advisors Solutions LLC,11621.0,0.0007302095452818334,0.35509386129514897,medium
1426853,Crestwood Advisors LLC,11604.0,0.0007291413444153166,0.17499746287706,long
1566113,"Court Place Advisors, LLC",11529.0,0.0007244286935336251,0.06190922957181532,long
1161825,LAU ASSOCIATES LLC,11475.0,0.0007210355848988072,0.08463815827864778,long
712050,ALTFEST L J & CO INC,11392.0,0.0007158202512564018,0.2733533451899844,medium
1014306,DIXON HUBARD FEINOUR & BROWN INC/VA,11350.0,0.0007131811667626546,0.2166665695056822,medium
1566653,"Eqis Capital Management, Inc.",11254.0,0.0007071489736340894,0.7593775113967484,short
1085867,Brave Asset Management Inc,11247.0,0.0007067091262184649,0.1401781107213477,long
1374889,"Ballentine Partners, LLC",11244.0,0.0007065206201831972,0.13113249479479874,long
908195,SHUFRO ROSE & CO LLC,11169.0,0.0007018079693015056,0.1450796555422296,long
1166385,TRADITION CAPITAL MANAGEMENT LLC,11165.0,0.0007015566279211488,0.4555111676292076,short
1022314,FORTE CAPITAL LLC /ADV,11163.0,0.0007014309572309703,0.14968475181418475,long
1439743,Mechanics Bank Trust Department,11135.0,0.0006996715675684722,0.18888124044861676,medium
1454027,Verition Fund Management LLC,10999.0,0.0006911259606363381,1.2751596449899867,short
1080628,COLONY GROUP LLC,10954.0,0.0006882983701073232,0.6955235918692725,short
1667140,"WESCAP Management Group, Inc.",10950.0,0.0006880470287269663,,unclassified
1020585,DUNCKER STREETT & CO INC,10903.0,0.000685093767507773,0.08890041594700415,long
826154,ORRSTOWN FINANCIAL SERVICES INC,10859.0,0.0006823290123238472,0.1379831994318779,long
1086555,BREMER TRUST NATIONAL ASSOCIATION,10844.0,0.000681386482147509,0.20015348909375313,medium
1128213,"PETTYJOHN, WOOD & WHITE, INC",10820.0,0.0006798784338653676,0.10930821912472169,long
1606810,Confluence Wealth Management LLC,10807.0,0.0006790615743792077,0.1986046693396567,medium
59558,LINCOLN NATIONAL CORP,10796.0,0.0006783703855832263,0.1198452836855711,long
1625292,Argent Trust Co,10771.0,0.0006767995019559958,0.19507879282135787,medium
1664324,Mandatum Life Insurance Co Ltd,10752.0,0.0006756056303993006,,unclassified
1291424,"American Trust Investment Advisors, LLC",10747.0,0.0006752914536738545,0.6924213484488873,short
1569638,"M Holdings Securities, Inc.",10737.0,0.0006746631002229623,0.1910050768068098,medium
1327055,"Bragg Financial Advisors, Inc",10593.0,0.0006656148105301145,0.1112669266892273,long
1599900,"Sequoia Financial Advisors, LLC",10546.0,0.0006626615493109211,0.4362220675466696,short
1542421,"Buckingham Asset Management, LLC",10534.0,0.0006619075251698505,0.18153465293316698,long
1108969,"CHATHAM CAPITAL GROUP, INC.",10491.0,0.000659205605331014,0.1580683023788039,long
1643792,Svenska Handelsbanken AB (publ),10400.0,0.000653487588927895,,unclassified
1483859,"Arrowpoint Asset Management, LLC",10379.0,0.0006521680466810213,0.27830473498912056,medium
1541897,"Kistler-Tiffany Companies, LLC",10373.0,0.000651791034610486,0.10418945113104952,long
1667694,"Berkeley Capital Partners, LLC",10317.0,0.0006482722552854897,,unclassified
1443077,INTACT INVESTMENT MANAGEMENT INC.,10300.0,0.0006472040544189729,0.3046024562990234,medium
1605070,"Bienville Capital Management, LLC",10290.0,0.0006465757009680807,0.21125210757247753,medium
1579254,"East Coast Asset Management, LLC.",10152.0,0.0006379044233457682,0.1609367069104714,long
701853,BANCORPSOUTH INC,10123.0,0.0006360821983381808,0.07334263419391754,long
1507971,"Wall Street Access Asset Management, LLC",10111.0,0.0006353281741971102,0.46093355345571335,short
1566601,"FDx Advisors, Inc.",10071.0,0.0006328147603935413,0.38403179238880025,medium
1327944,Town & Country Bank & Trust CO dba First Bankers Trust CO,10067.0,0.0006325634190131844,0.35788360056602897,medium
1127990,PAX WORLD MANAGEMENT LLC,10004.0,0.0006286047922725636,0.3136595845728646,medium
1009003,EXCALIBUR MANAGEMENT CORP,9903.0,0.0006222584224185523,0.07777051913865796,long
1567163,Edge Wealth Management LLC,9809.0,0.0006163518999801655,0.4088681394832172,short
1390202,Laurion Capital Management LP,9783.0,0.0006147181810078457,1.623156712108198,short
1632972,"WEALTH ENHANCEMENT ADVISORY SERVICES, LLC",9733.0,0.0006115764137533847,0.3372033098428373,medium
1494234,Hemenway Trust Co LLC,9720.0,0.0006107595542672249,0.5662701201494694,short
1021258,BALDWIN BROTHERS INC/MA,9668.0,0.0006074921163225854,0.2801708170642671,medium
1057395,M&R CAPITAL MANAGEMENT INC,9667.0,0.0006074292809774962,0.20018478033995762,medium
1535588,"Twin Tree Management, LP",9634.0,0.0006053557145895519,1.320931965092094,short
1174850,NICOLET BANKSHARES INC,9625.0,0.0006047901964837489,,unclassified
1665976,"LLBH Private Wealth Management, LLC",9459.0,0.0005943595291989383,,unclassified
1632078,"Spectrum Asset Management, Inc. (NB/CA)",9458.0,0.0005942966938538491,0.2844916068381265,medium
1105863,AUXIER ASSET MANAGEMENT,9437.0,0.0005929771516069754,0.054039215282185374,long
1549408,"Alethea Capital Management, LLC",9401.0,0.0005907150791837635,1.167960000430885,short
1652103,Gratus Capital LLC,9391.0,0.0005900867257328712,0.2971654647757368,medium
1054522,CenturyLink Investment Management Co,9305.0,0.0005846828860551983,0.36143500542103685,medium
1480751,"Nikko Asset Management Americas, Inc.",9300.0,0.0005843687093297522,0.20859538218933832,medium
1599950,Amica Retiree Medical Trust,9252.0,0.0005813526127654696,0.14450457624475047,long
1305707,"ProVise Management Group, LLC",9245.0,0.0005809127653498451,0.19083329085264877,medium
1143565,"HUNTINGTON ASSET ADVISORS, INC.",9232.0,0.0005800959058636852,,unclassified
1304229,SeaBridge Investment Advisors LLC,9220.0,0.0005793418817226146,0.23931186482403016,medium
1424177,Birch Hill Investment Advisors LLC,9168.0,0.0005760744437779751,0.11810338265006995,long
1343916,IMS Capital Management,9078.0,0.0005704192627199453,0.24058514028340852,medium
1573311,"Alexandria Capital, LLC",9040.0,0.0005680315196065548,0.2574931362580891,medium
1428793,"First Heartland Consultants, Inc.",9035.0,0.0005677173428811087,0.3732496964306326,medium
1576707,Veritas Investment Management LLP,9025.0,0.0005670889894302166,0.19012362210342018,medium
933141,IBERIABANK CORP,9018.0,0.0005666491420145919,0.19403964090141018,medium
1080381,CADENCE BANK NA,8965.0,0.0005633188687248632,0.10645595208363388,long
1432354,Global X Management CO LLC,8931.0,0.0005611824669918298,0.3499032048550656,medium
1318757,Marshall Wace LLP,8916.0,0.0005602399368154914,1.1012578893038447,short
1137429,WHITE PINE CAPITAL LLC,8783.0,0.0005518828359186251,0.10695849042317648,long
1674623,"WEALTHSOURCE PARTNERS, LLC",8782.0,0.0005518200005735359,,unclassified
934999,DF DENT & CO INC,8747.0,0.0005496207634954132,0.12085966221082219,long
1283718,CANADA PENSION PLAN INVESTMENT BOARD,8680.0,0.0005454107953744353,0.5313579641632196,short
1616328,"Garde Capital, Inc.",8662.0,0.0005442797591628294,0.2217612344913391,medium
1324022,COHEN LAWRENCE B,8650.0,0.0005435257350217587,0.11613334851325795,long
1559968,Regent Investment Management LLC,8625.0,0.0005419548513945282,0.10648193063830212,long
1324279,Coastline Trust Co,8605.0,0.0005406981444927439,0.07826209014365346,long
1313294,"Linscomb & Williams, Inc.",8602.0,0.0005405096384574761,0.08469112741765758,long
1435346,Daiwa SB Investments Ltd.,8590.0,0.0005397556143164055,0.44913589635237716,short
1543536,"Hudock Capital Group, LLC",8576.0,0.0005388759194851565,0.17242697581429517,long
1633172,"Lakeview Capital Partners, LLC",8567.0,0.0005383104013793534,0.3435328967436795,medium
1541625,Prospera Financial Services Inc,8551.0,0.000537305035857926,0.5626904552123179,short
1332342,Texas Yale Capital Corp.,8481.0,0.0005329065617016805,0.07448801199603174,long
1557406,Sippican Capital Advisors,8438.0,0.000530204641862844,0.09822804656781457,long
1542287,"Annex Advisory Services, LLC",8419.0,0.0005290107703061488,0.08052020620853954,long
1387399,"West Oak Capital, LLC",8410.0,0.0005284452522003458,0.0768662081374627,long
1655006,NWAM LLC,8395.0,0.0005275027220240075,0.31765622434412777,medium
1518364,Accredited Investors Inc.,8363.0,0.0005254919909811524,0.35072315280007427,medium
1583751,"TCI Wealth Advisors, Inc.",8297.0,0.0005213448582052639,0.680116467281056,short
1477024,"Johnson Financial Group, Inc.",8292.0,0.0005210306814798178,0.24052335018064835,medium
1214183,FIRST UNITED BANK TRUST/,8284.0,0.000520527998719104,0.08176020474237312,long
1689646,Jacobi Capital Management LLC,8257.0,0.000518831444401695,,unclassified
1511915,"Meristem, LLP",8210.0,0.0005158781831825017,0.1551540375825381,long
1450144,"TWO SIGMA SECURITIES, LLC",8203.0,0.0005154383357668771,1.8086871138554228,short
1678953,"Nicholas Hoffman & Company, LLC.",8169.0,0.0005133019340338436,,unclassified
1423296,"Zuckerman Investment Group, LLC",8155.0,0.0005124222392025946,0.20244562069788435,medium
1044924,SAYBROOK CAPITAL /NC,8138.0,0.0005113540383360778,0.04842231044410118,long
1539338,Financial Advisory Group,8107.0,0.000509406142638312,0.14245996170340725,long
1356643,Maryland Capital Management,8085.0,0.0005080237650463491,0.25631221975426255,medium
1669733,"Wellesley Investment Partners, LLC",8051.0,0.0005058873633133156,,unclassified
1569102,"A. D. Beadell Investment Counsel, Inc.",8040.0,0.0005051961745173341,0.2133808617687803,medium
1600327,CAHILL FINANCIAL ADVISORS INC,8023.0,0.0005041279736508175,0.1006645987938245,long
1288136,Pine River Capital Management L.P.,8007.0,0.0005031226081293899,1.0226803495842192,short
1418948,"Sunnymeath Asset Management, Inc.",8000.0,0.0005026827607137654,,unclassified
1599670,Barbara Oil Co.,8000.0,0.0005026827607137654,0.04715171328350675,long
1049650,FINANCIAL PARTNERS CAPITAL MANAGEMENT LLC,7984.0,0.0005016773951923378,0.1704659491284489,long
1390003,Southeast Asset Advisors Inc.,7944.0,0.000499163981388769,0.08846134590780075,long
1569118,JNBA Financial Advisors,7914.0,0.0004972789210360923,0.6123709621118965,short
1456048,"SIGNATUREFD, LLC",7914.0,0.0004972789210360923,0.2858982079828619,medium
1685798,CGOV Asset Management,7901.0,0.0004964620615499325,,unclassified
1463753,"Ipswich Investment Management Co., Inc.",7895.0,0.0004960850494793972,0.18396282550112186,medium
1667074,TRUE Private Wealth Advisors,7841.0,0.0004926919408445793,,unclassified
1623883,EXANE DERIVATIVES,7806.0,0.0004904927037664565,1.1054058308970636,short
831571,ST GERMAIN D J CO INC,7786.0,0.0004892359968646722,0.1393167720871168,long
1497637,Accuvest Global Advisors,7760.0,0.00048760227789235237,0.680799069859493,short
1667146,"Ausdal Financial Partners, Inc.",7728.0,0.00048559154684949733,,unclassified
1592613,"Formidable Asset Management, LLC",7727.0,0.0004855287115044081,0.24302539725927894,medium
1387818,Barton Investment Management,7712.0,0.00048458618132806976,0.35714772119436294,medium
1633869,First Personal Financial Services,7659.0,0.00048125590803834106,0.235959938441185,medium
1425949,WealthTrust Axiom LLC,7633.0,0.0004796221890660213,0.5649815840749466,short
1665337,"Integrated Investment Consultants, LLC",7618.0,0.000478679658889683,,unclassified
1166767,Natixis Asset Management,7611.0,0.0004782398114740585,0.3790623686580676,medium
1034771,INTRUST BANK NA,7594.0,0.0004771716106075417,0.6194044577857273,short
1134687,PRENTISS SMITH & CO INC,7535.0,0.0004734643252472777,0.21910186783275631,medium
1120926,ARGENT CAPITAL MANAGEMENT LLC,7510.0,0.0004718934416200472,0.21015818799066344,medium
1105876,HARVEST CAPITAL MANAGEMENT INC,7509.0,0.000471830606274958,0.16824316375091197,long
1633445,Trexquant Investment LP,7500.0,0.000471265088169155,1.3754711636903205,short
1033324,FUKOKU MUTUAL LIFE INSURANCE Co,7500.0,0.000471265088169155,0.27632326353094117,medium
1519611,"ARGI Investment Services, LLC",7485.0,0.0004703225579928167,0.22266705506447532,medium
1112289,PRIVATE CAPITAL MANAGEMENT INC,7475.0,0.00046969420454192446,,unclassified
1539994,KAMES CAPITAL plc,7463.0,0.00046894018040085386,0.3579391920999948,medium
1389400,Stockman Asset Management,7444.0,0.00046774630884415864,0.16554700778457224,long
1386935,"Keel Point, LLC",7382.0,0.00046385051744862694,0.4018076420687997,medium
1510201,iAB Financial Bank,7345.0,0.0004615256096803258,0.07733380050499362,long
1427261,"FundX Investment Group, LLC",7294.0,0.00045832100708077556,0.8491519612729945,short
1551969,"Gilman Hill Asset Management, LLC",7269.0,0.00045675012345354504,0.15200712773168834,long
1288917,Steinberg Global Asset Management,7266.0,0.0004565616174182774,0.1423060995924727,long
1259261,BOSTON RESEARCH & MANAGEMENT INC,7260.0,0.00045618460534774203,0.09806033367787449,long
1666239,Oliver Luxxe Assets LLC,7249.0,0.0004554934165517606,,unclassified
1287618,DUMONT & BLAKE INVESTMENT ADVISORS LLC,7247.0,0.00045536774586158216,0.11641740248964152,long
1541787,"Nadler Financial Group, Inc.",7174.0,0.0004507807656700691,0.07376379564164548,long
1540141,"RAND WEALTH, LLC",7146.0,0.00044902137600757086,0.07858769327984325,long
1056943,PEOPLES FINANCIAL SERVICES CORP.,7076.0,0.00044462290185132543,0.0576531745798267,long
1555170,"Hanson McClain, Inc.",7021.0,0.0004411669578714183,0.345671174626137,medium
1325447,"First Eagle Investment Management, LLC",7000.0,0.00043984741562454465,0.2301183530477255,medium
773411,VALLEY NATIONAL ADVISERS INC,6989.0,0.00043915622682856326,0.1932037927691892,medium
1533421,Tower Research Capital LLC (TRC),6957.0,0.00043714549578570817,1.5854838256747434,short
1566030,INVESTMENT HOUSE LLC,6953.0,0.0004368941544053513,0.09789867262359708,long
1511137,"PATHSTONE FAMILY OFFICE, LLC",6941.0,0.00043614013026428065,1.1553284675110251,short
1362535,"Cullen Capital Management, LLC",6900.0,0.0004335638811156226,0.1271825426833152,long
1592614,Dempze Nancy E,6868.0,0.0004315531500727675,,unclassified
1585859,"Miracle Mile Advisors, LLC",6848.0,0.00043029644317098313,0.43379574455396674,short
860644,"Aristotle Capital Management, LLC",6836.0,0.0004295424190299125,0.12975429797307148,long
1162781,HARVEY INVESTMENT CO LLC,6829.0,0.0004291025716142879,0.06397306206248825,long
1048921,MITCHELL SINKLER & STARR/PA,6814.0,0.0004281600414379496,0.12141966159243611,long
1378559,First Dallas Securities Inc.,6790.0,0.0004266519931558083,0.15033252738690608,long
1432529,"Baker Avenue Asset Management, LP",6740.0,0.0004235102259013473,0.39839108851690874,medium
1645382,"MISSION WEALTH MANAGEMENT, LLC",6734.0,0.00042313321383081196,0.21586913759367632,medium
1663649,"YOUNGS ADVISORY GROUP, INC.",6714.0,0.0004218765069290276,,unclassified
1673633,Silicon Valley Capital Partners,6714.0,0.0004218765069290276,,unclassified
1140771,DAVIDSON INVESTMENT ADVISORS,6700.0,0.0004209968120977785,0.1954935177447373,medium
1088859,PARTHENON LLC,6693.0,0.0004205569646821539,0.036546703048081504,long
1376113,ALPS ADVISORS INC,6629.0,0.0004165355025964438,0.2275023367117488,medium
1649107,"Moisand Fitzgerald Tamayo, LLC",6621.0,0.00041603281983573006,,unclassified
1668189,"Cornerstone Advisory, LLP",6598.0,0.00041458760689867797,,unclassified
1535847,"CWM, LLC",6597.0,0.00041452477155358875,0.4505159982808277,short
1668155,"Edmonds Duncan Registered Investment Advisors, LLC",6594.0,0.0004143362655183211,,unclassified
1082849,TRUST DEPARTMENT MB FINANCIAL BANK N A,6593.0,0.00041427343017323183,0.24172356117875982,medium
860580,STEWART & PATTEN CO LLC,6582.0,0.00041358224137725045,0.03554784402986949,long
1512440,"Shinko Asset Management Co., Ltd.",6579.0,0.00041339373534198274,0.17715457562879341,long
1313871,First National Bank of Hutchinson,6576.0,0.0004132052293067151,0.1023147862214485,long
1551787,Sterling Global Strategies LLC,6546.0,0.0004113201689540385,1.1723704781376796,short
933482,DUBUQUE BANK & TRUST CO,6545.0,0.00041125733360894927,0.33442338797568577,medium
1639943,Feltz Wealth PLAN Inc.,6507.0,0.0004088695904955589,,unclassified
860176,MARK ASSET MANAGEMENT CORP,6470.0,0.0004065446827272577,0.3910807030017064,medium
1616026,"Tradewinds Capital Management, LLC",6410.0,0.0004027745620219045,0.1525627612331379,long
1596461,"CrestPoint Capital Management, LLC",6400.0,0.0004021462085710123,0.30814478258352024,medium
905790,GLUSKIN SHEFF & ASSOC INC,6396.0,0.0004018948671906554,0.7561935941958416,short
1665445,"Cornerstone Financial Partners, LLC",6384.0,0.00040114084304958476,,unclassified
1394096,ZEVIN ASSET MANAGEMENT LLC,6376.0,0.00040063816028887097,0.18515866990721444,medium
1079112,HOWLAND CAPITAL MANAGEMENT LLC,6376.0,0.00040063816028887097,0.11119307362988742,long
919497,Middleton & Co Inc/MA,6363.0,0.0003998213008027111,0.14770465497704688,long
1025835,ENTERPRISE FINANCIAL SERVICES CORP,6347.0,0.0003988159352812836,0.12805108042422064,long
1633366,"MV Capital Management, Inc.",6278.0,0.00039448029647012737,0.2138285855210581,medium
1688519,"Corient Capital Partners, LLC",6172.0,0.00038781974989067,,unclassified
1003279,FORTALEZA ASSET MANAGEMENT INC/,6160.0,0.00038706572574959933,0.4715891193130055,short
1034184,FARR MILLER & WASHINGTON LLC/DC,6142.0,0.0003859346895379933,0.06833500236684328,long
1478417,MUTUAL OF OMAHA BANK WEALTH MANAGEMENT,6140.0,0.0003858090188478149,0.08925298145899785,long
1158970,SPINNAKER TRUST,6069.0,0.00038134770934648024,0.23269368477662422,medium
1512596,Odey Asset Management Group Ltd,6050.0,0.000380153837789785,0.7294388855992476,short
825293,CAPITAL MANAGEMENT ASSOCIATES /NY/,6047.0,0.00037996533175451737,0.26320313511484433,medium
1374998,Premier Asset Managment LLC,6042.0,0.0003796511550290713,0.15436345344790006,long
1418359,K.J. Harrison & Partners Inc,6030.0,0.00037889713088800063,0.4818979476354033,short
315054,REGENTS OF THE UNIVERSITY OF CALIFORNIA,6000.0,0.000377012070535324,0.1791536204630948,long
1482935,"Van Cleef Asset Management,Inc",5995.0,0.0003766978938098779,0.08150561599219554,long
1633861,Intersect Capital LLC,5936.0,0.0003729906084496139,0.28229781799124476,medium
1504744,Homrich & Berg,5912.0,0.0003714825601674726,0.17628325247064816,long
1067532,FORBES J M & CO LLP,5865.0,0.0003685292989482792,0.20616789022147514,medium
1633389,"Koshinski Asset Management, Inc.",5803.0,0.00036463350755274756,0.4274410190570558,short
862853,CALDWELL & ORKIN INC,5800.0,0.00036444500151747985,0.9331649510509714,short
1642160,Glassman Wealth Services,5774.0,0.0003628112825451601,0.1688800444926625,long
1597843,"PEDDOCK CAPITAL ADVISORS, LLC",5774.0,0.0003628112825451601,0.13703998049378205,long
1476417,"Argentus Capital Management, LLC",5719.0,0.000359355338565253,0.7320100112055569,short
1015083,EMERALD ADVISERS INC/PA,5699.0,0.0003580986316634686,0.3761502849548185,medium
1166620,"KLCM Advisors, Inc.",5697.0,0.0003579729609732901,0.17564696775163172,long
1633673,"Bruderman Asset Management, LLC",5694.0,0.00035778445493802246,0.2725738461598732,medium
1165805,WOODLEY FARRA MANION PORTFOLIO MANAGEMENT INC,5693.0,0.00035772161959293325,0.13894553573757262,long
837592,CRAWFORD INVESTMENT COUNSEL INC,5691.0,0.0003575959489027548,0.19345263301398394,medium
1424717,"Plante Moran Financial Advisors, LLC",5665.0,0.0003559622299304351,0.14074173166261503,long
1631930,"Neumann Capital Management, LLC",5664.0,0.00035589939458534586,0.05327958517671137,long
1353323,P.R. Herzig & Co. Inc.,5650.0,0.00035501969975409677,0.22611519506952216,medium
108572,WRIGHT INVESTORS SERVICE INC,5640.0,0.00035439134630320455,0.34172016155318263,medium
1633207,"Patten Group, Inc.",5639.0,0.00035432851095811534,0.5887598973704908,short
902528,BANK HAPOALIM BM,5637.0,0.0003542028402679369,0.30817746576367366,medium
1479844,Diversified Trust Co,5634.0,0.00035401433423266925,0.27991823945662175,medium
1674343,"Mosaic Family Wealth, LLC",5631.0,0.00035382582819740155,,unclassified
1563525,Chicago Partners Investment Group LLC,5605.0,0.0003521921092250818,0.2698237902636949,medium
1037558,FOSTER DYKEMA CABOT & CO INC/MA,5598.0,0.0003517522618094573,0.23589601107710984,medium
901849,GUARDIAN LIFE INSURANCE CO OF AMERICA,5582.0,0.0003507468962880298,0.4374533062022216,short
1313893,"Maple Capital Management, Inc.",5566.0,0.00034974153076660226,0.5403521239792137,short
1532516,Partnervest Advisory Services LLC,5525.0,0.00034716528161794416,0.29451289227562505,medium
1689470,"HMS Capital Management, LLC",5503.0,0.00034578290402598134,,unclassified
1532520,"Cornerstone Advisors, Inc.",5502.0,0.0003457200686808921,0.29010746870077037,medium
1133653,WOODMONT INVESTMENT COUNSEL LLC,5497.0,0.000345405891955446,0.1707296736077208,long
1569855,Janney Capital Management LLC,5492.0,0.0003450917152299999,0.3566723109646061,medium
1091923,PENINSULA ASSET MANAGEMENT INC,5486.0,0.00034471470315946455,0.09235054135698958,long
1009215,COLUMBIA PARTNERS L L C INVESTMENT MANAGEMENT,5485.0,0.00034465186781437534,0.4160212820495156,short
1634865,"BKS ADVISORS, LLC",5433.0,0.00034138442986973586,0.3067577159398792,medium
1697815,"ADVANTAGE INVESTMENT MANAGEMENT, LLC",5405.0,0.0003396250402072377,0.5948204677750211,short
1389223,"Mathes Company, Inc.",5400.0,0.0003393108634817916,0.22190088309940076,medium
1542162,"Signature Financial Management, Inc.",5391.0,0.0003387453453759886,0.42026398310384927,short
1455495,"TrueNorth, Inc.",5386.0,0.0003384311686505425,0.7135916629685711,short
1513211,Main Street Research LLC,5361.0,0.000336860285023312,0.21920923309580875,medium
1586052,"Focused Wealth Management, Inc",5313.0,0.0003338441884590294,0.25635599025360667,medium
1541596,Aspen Investment Management Inc,5210.0,0.0003273721479148397,0.12037078294446524,long
1652391,"Starfire Investment Advisers, Inc.",5194.0,0.00032636678239341213,0.5286448912705123,short
1161722,HOLLENCREST SECURITIES LLC,5188.0,0.00032598977032287683,0.49495658883751686,short
872078,Acadia Trust NA,5136.0,0.00032272233237823735,0.10746238644227306,long
1598381,"Peachtree Investment Advisors, Inc.",5127.0,0.00032215681427243435,0.14685295992610098,long
1265131,Hilltop Holdings Inc.,5110.0,0.0003210886134059176,0.6077870202500656,short
1362033,GSA CAPITAL PARTNERS LLP,5105.0,0.00032077443668047153,1.111738319251028,short
1575151,"TIEMANN INVESTMENT ADVISORS, LLC",5093.0,0.0003200204125394009,0.09935926391645657,long
1677560,MEMBERS Trust Co,5083.0,0.00031939205908850866,,unclassified
752832,APPROPRIATE BALANCE FINANCIAL SERVICES INC.,5069.0,0.00031851236425725957,,unclassified
1569667,"OARSMAN CAPITAL, INC.",5062.0,0.000318072516841635,0.6785266776973854,short
1602905,MCF Advisors LLC,5037.0,0.0003165016332144045,0.15908665419560852,long
1521951,"FIRST BUSINESS FINANCIAL SERVICES, INC.",5036.0,0.00031643879786931526,0.4040263402572962,short
1633387,"RFG Advisory Group, LLC",5030.0,0.00031606178579877996,0.7619913762049861,short
846788,MESIROW FINANCIAL INVESTMENT MANAGEMENT US VALUE EQUITY,4990.0,0.00031354837199521114,0.8139927884444339,short
1242972,RONALD BLUE & CO LLC,4977.0,0.00031273151250905127,0.20398833978150419,medium
1278178,MIDWEST INVESTMENT MANAGEMENT LLC,4943.0,0.00031059511077601774,0.10072386499029987,long
860643,GARDNER RUSSO & GARDNER LLC,4903.0,0.0003080816969724489,0.05160088857039001,long
1576102,"Blue Fin Capital, Inc.",4893.0,0.0003074533435215567,0.09140033393163476,long
1568289,Princeton Portfolio Strategies Group LLC,4888.0,0.0003071391667961106,0.1339524964930206,long
1525865,Clean Yield Group,4885.0,0.00030695066076084297,0.12395756736674009,long
1624758,"Capital Analysts, LLC",4865.0,0.0003056939538590585,0.21982834897269982,medium
1114928,CAPITAL COUNSEL LLC/NY,4862.0,0.0003055054478237909,0.21989374012292565,medium
1332905,"RMB Capital Management, LLC",4831.0,0.00030355755212602506,0.4407659501158519,short
884423,SALEM INVESTMENT COUNSELORS INC,4807.0,0.00030204950384388375,0.1465396063310399,long
1664214,"Clarius Group, LLC",4787.0,0.0003007927969420993,,unclassified
1536446,"Pinkerton Retirement Specialists, LLC",4784.0,0.00030060429090683166,0.6781453221658599,short
1662212,Coconut Grove Bank,4758.0,0.0002989705719345119,,unclassified
860862,TRAIN BABCOCK ADVISORS LLC,4751.0,0.0002985307245188874,0.1500600568271738,long
1134319,SPERO-SMITH INVESTMENT ADVISERS INC /OH,4743.0,0.0002980280417581736,0.10819830521924195,long
1450558,"Legacy Capital Partners, Inc.",4720.0,0.00029658282882112153,0.10894330292810156,long
1550228,Filament LLC,4701.0,0.00029538895726442636,0.20010095426284893,medium
1667391,Bach Investment Advisors Ltd,4690.0,0.0002946977684684449,,unclassified
1438574,"Sterneck Capital Management, LLC",4677.0,0.00029388090898228506,0.3597396789499655,medium
1276673,BINGHAM OSBORN & SCARBOROUGH LLC,4668.0,0.00029331539087648205,0.05475352940258636,long
1599584,Brookstone Capital Management,4663.0,0.00029300121415103597,0.6474940697656205,short
1177244,SHAPIRO CAPITAL MANAGEMENT LLC,4657.0,0.00029262420208050067,0.6891873149032958,short
1464586,"Granite Investment Advisors, Inc.",4620.0,0.0002902992943121995,0.1541718695776662,long
1399706,South Street Advisors LLC,4585.0,0.00028810005723407675,0.21926188653650486,medium
1109767,"NATIONS FINANCIAL GROUP INC, /IA/ /ADV",4578.0,0.00028766020981845224,,unclassified
1600307,Krasney Financial LLC,4565.0,0.00028684335033229237,0.28170900338667776,medium
1510434,"Empirical Financial Services, LLC",4559.0,0.000286466338261757,0.12091046610634767,long
1598490,"EACHWIN CAPITAL, LP",4533.0,0.0002848326192894373,,unclassified
1017284,"THOMPSON DAVIS & CO., INC.",4497.0,0.0002825705468662253,0.9438391674571724,short
1280511,QUANTUM CAPITAL MANAGEMENT,4477.0,0.00028131383996444093,0.49039686470782473,short
1689872,"RGT Capital Management, Ltd.",4459.0,0.0002801828037528349,,unclassified
1653926,First PREMIER Bank,4443.0,0.0002791774382314074,,unclassified
1425165,Apriem Advisors,4392.0,0.00027597283563185715,0.4010499853380114,medium
1603142,First Western Capital Management Co,4379.0,0.0002751559761456973,0.23055478544302385,medium
1308523,Carl Domino Inc,4369.0,0.0002745276226948051,0.20251196957742193,medium
1648901,"Bridgewater Wealth & Financial Management, LLC",4362.0,0.00027408777527918054,0.15285646899003152,long
1377633,"Stanford Investment Group, Inc.",4358.0,0.0002738364338988237,0.19290268906059707,medium
1542265,Gradient Investments LLC,4343.0,0.0002728939037224854,0.8194100877675643,short
1608531,Grassi Investment Management,4337.0,0.00027251689165195,0.14961535870131654,long
1631507,Leisure Capital Management,4303.0,0.00027038048991891655,0.23975806730681556,medium
1134283,"SEIZERT CAPITAL PARTNERS, LLC",4294.0,0.00026981497181311355,0.2532367057857852,medium
1519418,Horizon Kinetics LLC,4285.0,0.00026924945370731054,0.19971711848794516,medium
1426319,Spears Abacus Advisors LLC,4274.0,0.0002685582649113291,0.18520677492471277,medium
1542164,"Efficient Advisors, LLC",4264.0,0.00026792991146043694,0.17957207764645094,long
1166340,"QCM Cayman, Ltd.",4255.0,0.00026736439335463394,1.7897378037697598,short
1392364,L & S Advisors Inc,4245.0,0.0002667360399037417,0.9835289574632504,short
1607355,"MARK SHEPTOFF FINANCIAL PLANNING, LLC",4245.0,0.0002667360399037417,0.14657640078636097,long
1032814,CHECK CAPITAL MANAGEMENT INC/CA,4221.0,0.0002652279916216004,0.12151833403737569,long
1598894,AHL Partners LLP,4205.0,0.0002642226261001729,0.9716616073714333,short
1662918,"Marcus Capital, LLC",4205.0,0.0002642226261001729,,unclassified
1626982,"FormulaFolio Investments, LLC",4195.0,0.00026359427264928067,0.618686669312926,short
1592615,Page Arthur B,4190.0,0.0002632800959238346,0.09888984631406161,long
1631864,"Pinnacle Wealth Management Advisory Group, LLC",4175.0,0.0002623375657474963,0.16687065144442775,long
1556245,Sandhill Capital Partners LLC,4168.0,0.0002618977183318717,0.29820949481736114,medium
1663897,"FORT PITT CAPITAL GROUP, LLC",4155.0,0.00026108085884571185,,unclassified
1673954,"SevenBridge Financial Group, LLC",4148.0,0.00026064101143008733,,unclassified
1352776,Regis Management CO LLC,4137.0,0.0002599498226341059,0.21426047010468713,medium
1653202,"LGL PARTNERS, LLC",4131.0,0.0002595728105635706,,unclassified
1114039,BAR HARBOR TRUST SERVICES,4115.0,0.000258567445042143,0.32388502382267964,medium
1679118,"Independence Advisors, LLC",4110.0,0.00025825326831669694,,unclassified
1665589,"Johanson Financial Advisors, Inc.",4102.0,0.00025775058555598315,,unclassified
1603470,WHEATLAND ADVISORS INC,4099.0,0.0002575620795207155,0.029422724213939266,long
1399248,COMERICA SECURITIES INC,4066.0,0.00025548851313277125,0.21957835452847088,medium
1352859,Benchmark Capital Advisors,4050.0,0.0002544831476113437,0.24522840995757117,medium
1008871,BEACON TRUST CO,4047.0,0.000254294641576076,0.25941732020349756,medium
1662449,"Klingman & Associates, LLC",4031.0,0.0002532892760546485,0.16826883331941636,long
1576053,"LVW Advisors, LLC",4029.0,0.0002531636053644701,0.29490364803884883,medium
1582813,New England Private Wealth Advisors LLC,4024.0,0.00025284942863902394,0.13073273024633297,long
1323645,CAPITAL FUND MANAGEMENT S.A.,4023.0,0.0002527865932939347,1.1734263650007275,short
1653199,FFT WEALTH MANAGEMENT LLC,4000.0,0.0002513413803568827,,unclassified
1599217,"Capstone Financial Advisors, Inc.",3974.0,0.00024970766138456295,0.431795795032022,short
1598180,"Waldron, LP",3958.0,0.0002487022958631354,0.1299301384540997,long
1406585,"VNBTrust, National Association",3949.0,0.0002481367777573324,0.2372018581516801,medium
1056504,KEELEY ASSET MANAGEMENT CORP,3903.0,0.00024524635188322825,0.2942633694369118,medium
884541,"TRILLIUM ASSET MANAGEMENT, LLC",3902.0,0.00024518351653813903,0.1963676494257706,medium
1138486,NORTHERN OAK WEALTH MANAGEMENT INC,3888.0,0.00024430382170688994,0.3279634875711,medium
1650717,QUADRANT CAPITAL GROUP LLC,3885.0,0.0002441153156716223,0.28801249099623444,medium
1542143,"Modera Wealth Management, LLC",3850.0,0.00024191607859349958,0.13456882514896215,long
1532351,"Bluefin Trading, LLC",3803.0,0.00023896281737430619,1.4292715996733512,short
67698,"MONTAG & CALDWELL, LLC",3800.0,0.00023877431133903854,0.2813778621901783,medium
928568,GUYASUTA INVESTMENT ADVISORS INC,3797.0,0.00023858580530377086,0.1902067326086398,medium
1599813,Reilly Herbert Faulkner III,3762.0,0.00023638656822564814,0.13564499647331743,long
1423442,"O'SHAUGHNESSY ASSET MANAGEMENT, LLC",3756.0,0.00023600955615511282,0.35704047643072145,medium
1484205,"Halbert, Hargrove/Russell LLC",3755.0,0.0002359467208100236,0.44944006223779276,short
1589282,"Fort Point Capital Partners, LLC",3732.0,0.00023450150787297154,0.2944689627687584,medium
1600145,"Van Hulzen Asset Management, LLC",3729.0,0.00023431300183770386,0.3563878829947791,medium
1575581,"Segment Wealth Management, LLC",3712.0,0.00023324480097118713,0.1856008245077916,medium
919530,JOHN G ULLMAN & ASSOCIATES INC,3706.0,0.0002328677889006518,0.1784895269819574,long
714562,FIRST FINANCIAL CORP /IN/,3705.0,0.00023280495355556258,0.20447867116765922,medium
1674117,"Cornerstone Wealth Management, LLC",3704.0,0.00023274211821047334,,unclassified
1058022,SHIKIAR ASSET MANAGEMENT INC,3703.0,0.00023267928286538412,0.2539812362977102,medium
1443095,"Welch Group, LLC",3701.0,0.0002325536121752057,0.1580616116379739,long
1622820,Rosenbaum Jay D.,3685.0,0.00023154824665377814,0.08656077398983199,long
1504404,"Pinnacle Advisory Group, Inc.",3650.0,0.00022934900957565543,0.3789822558543432,medium
1552426,Huntington Steele LLC,3632.0,0.00022821797336404945,0.07213913700352409,long
1407382,"Miller Investment Management, LP",3623.0,0.00022765245525824647,0.15796063386868497,long
1682146,Foresters Asset Management Inc.,3605.0,0.0002265214190466405,,unclassified
842782,ZWJ INVESTMENT COUNSEL INC,3592.0,0.00022570455956048063,0.13928939138600505,long
1596957,"Financial Advisory Service, Inc.",3552.0,0.0002231911457569118,0.36277746852594006,medium
1654847,"Community Bank & Trust, Waco, Texas",3551.0,0.00022312831041182258,,unclassified
1352187,"Clark Capital Management Group, Inc.",3547.0,0.00022287696903146572,0.7400089895511948,short
1534270,Cutler Group LP,3542.0,0.0002225627923060196,,unclassified
1082339,COLDSTREAM CAPITAL MANAGEMENT INC,3537.0,0.0002222486155805735,0.30704130886384645,medium
49096,WAYNE HUMMER INVESTMENTS L.L.C.,3537.0,0.0002222486155805735,,unclassified
1360710,Hirtle Callaghan & Co LLC,3537.0,0.0002222486155805735,0.3101332851753209,medium
1581465,Addison Capital Co,3534.0,0.00022206010954530585,0.26338320543409166,medium
905608,ICM ASSET MANAGEMENT INC/WA,3485.0,0.00021898117763593402,0.5240766746420966,short
1301540,"Rock Point Advisors, LLC",3462.0,0.00021753596469888196,0.33417785783488985,medium
1566414,"SignalPoint Asset Management, LLC",3458.0,0.00021728462331852507,0.23837682016490674,medium
1611848,"BTC Capital Management, Inc.",3450.0,0.0002167819405578113,0.21758108299508166,medium
1533964,Virtu Financial LLC,3440.0,0.00021615358710691909,1.5531803145505632,short
1568190,"Lourd Capital, LLC",3434.0,0.00021577657503638376,0.4985086546340559,short
1632932,"Sunbelt Securities, Inc.",3423.0,0.00021508538624040235,0.16344676892739257,long
1653168,"Ken Stern & Associates, Inc.",3423.0,0.00021508538624040235,0.48336713733632086,short
1654599,"BEACON INVESTMENT ADVISORY SERVICES, INC.",3415.0,0.00021458270347968856,1.005482057083808,short
1082509,SMITH CHAS P & ASSOCIATES PA CPAS,3397.0,0.0002134516672680826,0.2346082847852165,medium
1595509,"Iron Financial, LLC",3375.0,0.00021206928967611974,0.9754873943285445,short
320376,MCRAE CAPITAL MANAGEMENT INC,3340.0,0.00020987005259799702,0.10644242773820287,long
1172036,SONATA CAPITAL GROUP INC,3312.0,0.00020811066293549885,0.10770824044182925,long
1666733,"Canal Capital Management, LLC",3307.0,0.00020779648621005274,0.29915267083831526,medium
1689829,"Connecticut Wealth Management, LLC",3301.0,0.00020741947413951742,,unclassified
1535227,"Peregrine Asset Advisers, Inc.",3299.0,0.00020729380344933898,1.0690608325567652,short
1511985,West Coast Financial LLC,3298.0,0.00020723096810424977,0.17272137748223113,long
1388443,"Palisades Hudson Asset Management, L.P.",3298.0,0.00020723096810424977,0.1447157032082449,long
1080197,SCHULHOFF & CO INC,3295.0,0.0002070424620689821,0.017941394553395572,long
1620081,"Long Road Investment Counsel, LLC",3275.0,0.00020578575516719768,0.03662031559339037,long
1666610,"Allegis Investment Advisors, LLC",3271.0,0.0002055344137868408,,unclassified
1612041,Burt Wealth Advisors,3271.0,0.0002055344137868408,0.3694254526983597,medium
1314377,Kidder Stephen W,3266.0,0.0002052202370613947,0.10535831661588954,long
1002152,COMPASS CAPITAL MANAGEMENT INC/,3252.0,0.00020434054223014562,0.12877932528517932,long
1372130,"HEADINVEST, LLC",3215.0,0.00020201563446184444,0.09138144593346192,long
1651960,"Arcus Capital Partners, LLC",3208.0,0.0002015757870462199,,unclassified
1427350,"First City Capital Management, Inc.",3184.0,0.0002000677387640786,0.6852085309879612,short
1544806,VICUS CAPITAL,3177.0,0.00019962789134845405,0.41784458829954163,short
1569099,Stearns Financial Services Group,3170.0,0.0001991880439328295,0.09416399113540266,long
1404652,"Jaffetilchin Investment Partners, LLC",3136.0,0.000197051642199796,0.49703850641005887,short
1632097,"NorthRock Partners, LLC",3134.0,0.00019692597150961757,0.2872415133802197,medium
1350585,"Coho Partners, Ltd.",3117.0,0.0001958577706431008,0.1076050920858152,long
1632966,Farmers National Bank,3117.0,0.0001958577706431008,0.08758831059072951,long
1665199,"Strategic Financial Group, LLC",3115.0,0.00019573209995292238,,unclassified
1633446,Mirador Capital Partners LP,3114.0,0.00019566926460783316,0.6913989883901961,short
1666788,"Kalos Management, Inc.",3112.0,0.0001955435939176547,,unclassified
938487,SSI INVESTMENT MANAGEMENT INC,3107.0,0.00019522941719220862,0.24945744395913882,medium
1280043,GOLUB GROUP LLC,3099.0,0.00019472673443149486,0.18477597484103792,medium
1599620,"Blue Edge Capital, LLC",3072.0,0.00019303018011408588,0.05604367118901393,long
1602603,"Family Firm, Inc.",3063.0,0.0001924646620082829,0.10434115720846747,long
899211,Security Asset Management,3057.0,0.00019208764993774757,0.08410996087309776,long
1067324,MOUNTAIN PACIFIC INVESTMENT ADVISERS INC/ID,3053.0,0.0001918363085573907,0.091682970114953,long
1482611,"Berson & Corrado Investment Advisors, LLC",3048.0,0.0001915221318319446,0.4951727244463987,short
1439805,Greenwich Wealth Management LLC,3043.0,0.0001912079551064985,0.6681266997741162,short
878313,WESTPORT RESOURCES MANAGEMENT INC,3037.0,0.00019083094303596316,0.43291546431988426,short
1469528,"ZEKE CAPITAL ADVISORS, LLC",3037.0,0.00019083094303596316,0.937901444687611,short
1280604,WEYBOSSET RESEARCH & MANAGEMENT LLC,3013.0,0.00018932289475382186,0.10136553185399129,long
1569258,"Schooner Investment Group, LLC.",3000.0,0.000188506035267662,0.8170611842708466,short
1654913,"PT ASSET MANAGEMENT, LLC",3000.0,0.000188506035267662,0.7539630465203084,short
1425851,Pentwater Capital Management LP,3000.0,0.000188506035267662,1.2999876846173424,short
750577,HANCOCK HOLDING CO,2990.0,0.0001878776818167698,0.15920485210048177,long
1129770,CHARTIST INC /CA/,2968.0,0.00018649530422480695,,unclassified
1048703,"Karpus Management, Inc.",2944.0,0.00018498725594266564,0.28961407343289036,medium
1611518,"Wealth Architects, LLC",2940.0,0.00018473591456230875,0.07662982911968844,long
1598550,"E&G Advisors, LP",2940.0,0.00018473591456230875,0.2089201987426247,medium
1574010,"Lowe fs, LLC",2921.0,0.00018354204300561355,0.0871427687566731,long
1549230,"BOOTHBAY FUND MANAGEMENT, LLC",2921.0,0.00018354204300561355,1.1836517492995,short
1535061,"Edgestream Partners, L.P.",2911.0,0.00018291368955472136,1.1533111276903159,short
1600151,"Arete Wealth Advisors, LLC",2909.0,0.00018278801886454293,0.5522526523102368,short
1667134,"CWA Asset Management Group, LLC",2901.0,0.00018228533610382914,,unclassified
1434641,"CEDAR HILL ASSOCIATES, LLC",2892.0,0.00018171981799802617,0.2496609149809774,medium
1464790,"B. Riley Financial, Inc.",2845.0,0.0001787665567788328,,unclassified
1120927,MONETA GROUP INVESTMENT ADVISORS LLC,2803.0,0.00017612747228508554,0.23249724562812404,medium
1093589,ALTA CAPITAL MANAGEMENT LLC/,2755.0,0.00017311137572080293,0.1731724188639527,long
1470876,"Freestone Capital Holdings, LLC",2740.0,0.00017216884554446463,0.6806481249903277,short
1082461,S&CO INC,2700.0,0.0001696554317408958,0.07478600723423434,long
1569453,"F&V Capital Management, LLC",2700.0,0.0001696554317408958,0.1554681339488558,long
1353219,ALPHA WINDWARD LLC,2695.0,0.0001693412550154497,0.46291636254571544,short
1539947,Family Management Corp,2694.0,0.00016927841967036048,0.3126976926377987,medium
1085163,SIGMA INVESTMENT COUNSELORS INC,2688.0,0.00016890140759982515,0.04951615132096489,long
1367786,"HM Capital Management, LLC",2676.0,0.0001681473834587545,0.10749363437192835,long
1664847,"Armbruster Capital Management, Inc.",2650.0,0.00016651366448643476,,unclassified
1599923,Community Bank of Raymore,2644.0,0.00016613665241589943,0.025785073539795266,long
1036325,DAVIS SELECTED ADVISERS,2629.0,0.00016519412223956113,0.2099625619751056,medium
1690531,"BSC PRIVATE WEALTH MANAGEMENT, LLC",2626.0,0.00016500561620429348,,unclassified
1628896,"Capital Advantage, Inc.",2610.0,0.00016400025068286593,0.30871191086211014,medium
860561,EDGEWOOD MANAGEMENT LLC,2600.0,0.00016337189723197374,0.20163620522560333,medium
1365167,"DIVIDEND ASSET CAPITAL, LLC",2599.0,0.00016330906188688452,0.15807395438180527,long
1536430,HENGEHOLD CAPITAL MANAGEMENT LLC,2596.0,0.00016312055585161685,0.27578096378323325,medium
799004,BECKER CAPITAL MANAGEMENT INC,2596.0,0.00016312055585161685,0.18665091088849944,medium
1531809,"CapWealth Advisors, LLC",2594.0,0.00016299488516143841,0.04316274038585736,long
1044330,"UNITED BANK, INC.",2593.0,0.0001629320498163492,0.18473347068441298,medium
1079398,BAKER BOYER NATIONAL BANK,2576.0,0.00016186384894983243,0.07905664297035037,long
1425845,"Vigilant Capital Management, LLC",2513.0,0.00015790522220921155,0.15719695089311747,long
1456133,"Convergence Investment Partners, LLC",2507.0,0.00015752821013867622,0.8216928894376874,short
1674581,"Cable Hill Partners, LLC",2490.0,0.00015646000927215946,0.13509016725104614,long
1664772,Highland Private Wealth Management,2484.0,0.00015608299720162413,,unclassified
1676603,"Probity Advisors, Inc.",2474.0,0.00015545464375073194,,unclassified
1633674,AllSquare Wealth Management LLC,2448.0,0.0001538209247784122,0.07362814041300983,long
915287,MCKINLEY CAPITAL MANAGEMENT LLC /DELAWARE,2422.0,0.00015218720580609246,0.5000013707605862,short
1044929,ATWOOD & PALMER INC,2414.0,0.0001516845230453787,0.21553370404551897,medium
1384484,MAD RIVER INVESTORS,2400.0,0.0001508048282141296,0.19300788971490007,medium
1682196,"Yellowstone Partners, LLC",2397.0,0.00015061632217886194,0.3857128538146667,medium
1478735,"TWO SIGMA ADVISERS, LLC",2392.0,0.00015030214545341583,0.957753095347011,short
1017115,ROBERTS GLORE & CO INC /IL/,2391.0,0.00015023931010832661,0.15981269603385495,long
1570396,Lipe & Dalton,2385.0,0.0001498622980377913,0.24327412804113063,medium
98758,Torray LLC,2374.0,0.00014917110924180985,0.3608886225506488,medium
1393944,Hanson & Doremus Investment Management,2365.0,0.00014860559113600688,0.09477718126034149,long
1632248,"CFO4Life, L.P.",2363.0,0.00014847992044582844,0.26020069313764377,medium
1184820,HOLDERNESS INVESTMENTS CO,2351.0,0.0001477258963047578,0.07812129529117684,long
1631941,"Capital Planning Advisors, LLC",2349.0,0.00014760022561457936,0.21969656891876208,medium
1631775,"Godshalk Welsh Capital Management, Inc.",2337.0,0.0001468462014735087,0.06773224832029438,long
1009950,"FCG ADVISORS, LLC",2331.0,0.00014646918940297338,0.35018944004608066,medium
1511857,"Clear Harbor Asset Management, LLC",2330.0,0.00014640635405788416,0.22185170438360463,medium
1352764,"Beaumont Financial Partners, LLC",2326.0,0.00014615501267752727,0.5543559534730937,short
1626379,"Evanson Asset Management, LLC",2324.0,0.00014602934198734883,0.14276617501765232,long
1352860,"BLUE BELL PRIVATE WEALTH MANAGEMENT, LLC",2319.0,0.00014571516526190272,0.12426507631356135,long
1531593,"SUMMIT SECURITIES GROUP, LLC",2300.0,0.00014452129370520753,1.7619895837025643,short
1640638,"Financial Strategy Network, LLC",2296.0,0.00014426995232485066,,unclassified
1570296,"Fernwood Investment Management, LLC",2291.0,0.00014395577559940455,0.13312534060989248,long
1080201,VALICENTI ADVISORY SERVICES INC,2289.0,0.00014383010490922612,0.21318096752464566,medium
1269786,OVERBROOK MANAGEMENT CORP,2275.0,0.000142950410077977,0.40909857133968525,short
1215208,SOMERVILLE KURT F,2265.0,0.0001423220566270848,0.09588840499880688,long
1673815,"INSTITUTIONAL & FAMILY ASSET MANAGEMENT, LLC",2243.0,0.00014093967903512197,,unclassified
1482970,"Stillwater Capital Advisors, LLC",2241.0,0.0001408140083449435,0.2164267543026935,medium
1085041,FIRST NATIONAL BANK SIOUX FALLS,2230.0,0.0001401228195489621,0.07979945985372225,long
1599511,"Tortoise Investment Management, LLC",2222.0,0.0001396201367882483,0.15313065213269225,long
1623707,Alliance Wealth Management Group,2203.0,0.00013842626523155312,,unclassified
769963,HOWE & RUSLING INC,2201.0,0.00013830059454137468,0.3120962545320906,medium
1365324,NUMERIC INVESTORS LLC,2200.0,0.00013823775919628547,0.668381632101493,short
1213206,MARATHON CAPITAL MANAGEMENT,2194.0,0.00013786074712575014,0.14416782919844456,long
1280577,LUCAS CAPITAL MANAGEMENT,2181.0,0.00013704388763959027,0.16975040210116601,long
1599852,"Holt Capital Advisors, L.L.C. dba Holt Capital Partners, L.P.",2175.0,0.00013666687556905494,0.15666668530096553,long
1269978,ALESCO ADVISORS LLC,2175.0,0.00013666687556905494,0.09552045102646788,long
1632283,"Summit Financial Wealth Advisors, LLC",2175.0,0.00013666687556905494,0.6675510714269934,short
1667163,"Cribstone Capital Management, LLC",2161.0,0.00013578718073780586,,unclassified
1093276,"NOTTINGHAM ADVISORS, INC.",2160.0,0.00013572434539271664,0.17980333321128011,long
1625246,"Summit Financial Strategies, Inc.",2153.0,0.0001352844979770921,0.10392676290624467,long
1633648,"Quaker Capital Investments, LLC",2150.0,0.00013509599194182442,0.15870399385959785,long
1607825,Gemmer Asset Management LLC,2134.0,0.0001340906264203969,0.18407875226522302,medium
1606716,Taylor Wealth Management Partners,2131.0,0.00013390212038512925,0.35596586031207766,medium
1519113,"Highlander Capital Management, LLC",2100.0,0.0001319542246873634,0.12861585050554053,long
1569884,"RPg Family Wealth Advisory, LLC",2071.0,0.000130131999679776,,unclassified
1607863,Gierl Augustine Investment Management Inc,1976.0,0.00012416264189630004,,unclassified
1599822,Point72 Asia (Hong Kong) Ltd,1900.0,0.00011938715566951927,1.7596303788419894,short
1501542,"Jacobus Wealth Management, Inc.",1789.0,0.00011241243236461577,0.12685193408701603,long
1097362,Sun Life Financial INC,1785.0,0.00011216109098425889,1.0868582881052937,short
1132699,"VESTOR CAPITAL, LLC",1769.0,0.00011115572546283136,0.04889489404701391,long
820330,"CLEARBRIDGE, LLC",1750.0,0.00010996185390613616,0.25196337780910566,medium
1622852,"Genovese Burford & Brothers Wealth & Retirement Plan Management, LLC",1745.0,0.00010964767718069007,,unclassified
1418539,"Sonora Investment Management, LLC",1709.0,0.00010738560475747812,0.3680913541789647,medium
1601742,"Private Ocean, LLC",1679.0,0.0001055005444048015,0.04360650038231116,long
1079935,SIGNATURE ESTATE & INVESTMENT ADVISORS LLC,1649.0,0.00010361548405212488,0.3531945467137643,medium
1496228,SRB Corp,1642.0,0.00010317563663650034,0.07275617118446168,long
1388076,Stevens First Principles Investment Advisors,1623.0,0.00010198176507980514,0.24955479213517914,medium
1640485,CT Financial Advisors LLC,1596.0,0.00010028521076239619,0.1578578623346526,long
1594061,Cordasco Financial Network,1501.0,9.431585297892022e-05,0.3345704327159229,medium
1642140,Zions Bancorporation,1462.0,9.186527452044062e-05,0.13219917190802383,long
1597858,Cantab Capital Partners LLP,1440.0,9.048289692847776e-05,0.693796962640187,short
1535764,TLP GROUP LLC,1384.0,8.69641176034814e-05,,unclassified
1473438,"MU Investments Co., Ltd.",1300.0,8.168594861598687e-05,0.3033233544601686,medium
820289,FRIESS ASSOCIATES LLC,1270.0,7.980088826331025e-05,0.6972827137026523,short
225816,ROWLAND & CO INVESTMENT COUNSEL/ADV,1238.0,7.779015722045519e-05,1.1144828287843436,short
1659047,Krilogy Financial LLC,1227.0,7.709896842447376e-05,0.5199387663032754,short
1528147,"Lombard Odier Transatlantic, Limited Partnership",1200.0,7.54024141070648e-05,0.21615010085082625,medium
1589989,"Kernodle & Katon Asset Management Group, LLC",1200.0,7.54024141070648e-05,,unclassified
820123,MARSHALL & SULLIVAN INC /WA/,1152.0,7.238631754278221e-05,0.03373624314334879,long
1318601,"Acropolis Investment Management, LLC",1136.0,7.138095202135468e-05,0.08087086673524121,long
1586678,Balentine LLC,1076.0,6.761083131600144e-05,0.6459016452437575,short
1601348,Riggs Asset Managment Co. Inc.,1065.0,6.691964252002e-05,0.5247609663963496,short
1509510,"Thomas J. Herzfeld Advisors, Inc.",1057.0,6.641695975930625e-05,0.23619618452672664,medium
1328450,"Independent Portfolio Consultants, Inc.",1033.0,6.490891147716495e-05,0.7837895245168987,short
1085825,Kanaly Trust Co,981.0,6.164147353252548e-05,0.09678137827981917,long
1600403,CKW FINANCIAL GROUP,965.0,6.063610801109794e-05,0.15733100886511844,long
1512601,BSW Wealth Partners,950.0,5.9693577834759634e-05,0.6179317298963451,short
1313926,Edinburgh Partners Ltd,915.0,5.749434075663691e-05,0.31450514281760694,medium
1653253,"Stuart Chaussee & Associates, Inc.",898.0,5.6426139890120156e-05,,unclassified
1426588,"Barnett & Company, Inc.",808.0,5.07709588320903e-05,0.13256614760187044,long
1665633,Alpha Omega Wealth Management LLC,761.0,4.7817697612896926e-05,,unclassified
1596920,"D. SCOTT NEAL, INC.",738.0,4.637248467584485e-05,0.13954146098515993,long
1632549,Ruggie Capital Group,730.0,4.5869801915131085e-05,,unclassified
1464332,"Lenox Wealth Management, Inc.",719.0,4.517861311914966e-05,0.2677409275558279,medium
1642246,"Sharkey, Howes & Javer",677.0,4.253952862540239e-05,0.4372258068276463,short
1033244,NEW YORK LIFE TRUST CO,668.0,4.197401051959941e-05,0.45058274625561634,short
1569117,"Jolley Asset Management, LLC",615.0,3.864373722987071e-05,0.19229179743637484,medium
1569452,"Advocacy Wealth Management Services, LLC",615.0,3.864373722987071e-05,,unclassified
1384058,"Redwood Investments, LLC",612.0,3.845523119460305e-05,0.5063428558373473,short
1016972,ARCADIA INVESTMENT MANAGEMENT CORP/MI,610.0,3.8329560504424604e-05,0.15420505370262028,long
1506796,American Research & Management Co.,602.0,3.7826877743710844e-05,0.126483794602418,long
1510848,Timber Creek Capital Management LLC,577.0,3.625599411648032e-05,0.11403817798259147,long
1569886,"Risk Paradigm Group, LLC",567.0,3.5627640665588116e-05,0.8371478053944005,short
1599603,"Tarbox Group, Inc.",561.0,3.5250628595052796e-05,0.14800585415663878,long
1591925,"Parasol Investment Management, LLC",555.0,3.487361652451747e-05,0.19855366210858455,medium
1600566,"LBA Wealth Management, LLC",545.0,3.4245263073625264e-05,0.14768429896310073,long
1622757,"Elite Wealth Management, LLC",545.0,3.4245263073625264e-05,0.5331773607836048,short
1484721,"Live Your Vision, LLC",535.0,3.361690962273306e-05,0.26626189368092856,medium
1599084,"Cranbrook Wealth Management, LLC",534.0,3.3554074277643834e-05,0.08936914423998207,long
1639666,"ISTHMUS PARTNERS, LLC",503.0,3.160617857987799e-05,0.13459045852423326,long
1110443,"INTEGRATED WEALTH COUNSEL, LLC",500.0,3.1417672544610336e-05,0.33127967242429457,medium
1143261,"EQUITEC PROPRIETARY MARKETS, LLC",500.0,3.1417672544610336e-05,1.4885801832648342,short
1424447,"WealthTrust-Arizona, LLC",490.0,3.078931909371813e-05,0.14617668206775294,long
1055282,"DREMAN VALUE MANAGEMENT, L L C",470.0,2.9532612191933714e-05,0.9218719147445549,short
1546989,NewSquare Capital LLC,462.0,2.9029929431219948e-05,0.6226829116407988,short
1536755,"Commonwealth Financial Services, LLC",458.0,2.8778588050863064e-05,1.026400365245201,short
1597878,"Capital Advisors, Ltd. LLC",450.0,2.82759052901493e-05,0.07379868444511029,long
1348183,"AlphaMark Advisors, LLC",427.0,2.6830692353097226e-05,0.3191347116460597,medium
1004244,GENERAL RE NEW ENGLAND ASSET MANAGEMENT INC,415.0,2.6076668212026577e-05,0.24564284811016915,medium
1536550,Edmond de Rothschild (Europe),363.0,2.2809230267387102e-05,0.40508514994592537,short
1650300,"Jackson, Grant Investment Advisers, Inc.",362.0,2.2746394922297882e-05,,unclassified
1677443,Catamount Wealth Management,332.0,2.086133456962126e-05,0.3299409419780238,medium
1432976,"Tiedemann Wealth Management Holdings, LLC",325.0,2.0421487153996718e-05,,unclassified
1646821,"D'Orazio & Associates, Inc.",316.0,1.985596904819373e-05,0.15363144283203303,long
816788,TANAKA CAPITAL MANAGEMENT INC,285.0,1.790807335042789e-05,0.4055669432886475,short
1132597,Itau Unibanco Holding S.A.,265.0,1.6651366448643477e-05,,unclassified
1671623,"Horan Securities, Inc.",260.0,1.6337189723197374e-05,,unclassified
1642305,"Roble, Belko & Company, Inc",236.0,1.4829141441056077e-05,0.10748813117057303,long
1681373,Delphi Private Advisors LLC,235.0,1.4766306095966857e-05,,unclassified
1615305,"Lombard Odier & Cie (Canada), Limited Partnership",200.0,1.2567069017844134e-05,0.24658885175476045,medium
1365707,"CONTRAVISORY INVESTMENT MANAGEMENT, INC.",200.0,1.2567069017844134e-05,0.49111199813823964,short
1569292,"Lenox Wealth Advisors, Inc.",162.0,1.0179325904453749e-05,0.142381636520154,long
1575301,"Beacon Capital Management, Inc.",158.0,9.927984524096866e-06,0.4077001277866651,short
1593324,Penserra Capital Management LLC,156.0,9.802313833918424e-06,,unclassified
1429390,Harel Insurance Investments & Financial Services Ltd.,140.0,8.796948312490893e-06,,unclassified
1320005,HERNDON CAPITAL MANAGEMENT LLC,137.0,8.608442277223232e-06,0.4179262041620884,short
1633910,"Hedeker Wealth Management Group, LLC",129.0,8.105759516509465e-06,0.888543938602369,short
1633896,Cypress Capital Management LLC (WY),125.0,7.854418136152584e-06,0.21900390122317578,medium
1512779,"ROCKY MOUNTAIN ADVISERS, LLC",118.0,7.4145707205280384e-06,0.11001960517145713,long
1689024,Guidant Wealth Advisors,101.0,6.346369854011288e-06,,unclassified
1374022,"Mitsubishi UFJ Securities Holdings Co., Ltd.",100.0,6.283534508922067e-06,1.346348030220624,short
1598177,HOERTKORN RICHARD CHARLES,100.0,6.283534508922067e-06,0.0796545277394945,long
900973,"Winslow Capital Management, LLC",100.0,6.283534508922067e-06,0.4321099816405745,short
810384,JAMES INVESTMENT RESEARCH INC,100.0,6.283534508922067e-06,0.2841906573539402,medium
1492040,Jones Collombin Investment Counsel Inc,100.0,6.283534508922067e-06,0.2248132815052206,medium
1567738,"Sensible Financial Planning & Management, LLC.",96.0,6.032193128565184e-06,0.054003818095377576,long
1568132,"Financial Management Professionals, Inc.",92.0,5.780851748208301e-06,0.4505445506496584,short
1468428,Psagot Investment House Ltd.,80.0,5.026827607137654e-06,0.31439012517395065,medium
1630360,"Ironwood Financial, llc",70.0,4.398474156245447e-06,,unclassified
1525947,"Kessler Investment Group, LLC",58.0,3.644450015174799e-06,0.5422521719305244,short
1360533,"CLS Investments, LLC",49.0,3.0789319093718126e-06,0.2844633404949068,medium
1554815,"PIERSHALE FINANCIAL GROUP, INC.",47.0,2.9532612191933715e-06,1.6041329116036325,short
1385925,"Horrell Capital Management, Inc.",46.0,2.8904258741041507e-06,0.2529173166294793,medium
1543830,Cowen Prime Services LLC,34.0,2.1364017330335025e-06,0.7137336334164351,short
1632802,"BUTENSKY & COHEN FINANCIAL SECURITY, INC",29.0,1.8222250075873994e-06,0.06946241692653814,long
1535477,INR ADVISORY SERVICES LLC,27.0,1.696554317408958e-06,0.06741024543071075,long
1516450,WEALTHCARE CAPITAL MANAGEMENT LLC,19.0,1.1938715566951926e-06,,unclassified
1308778,"America First Investment Advisors, LLC",10.0,6.283534508922067e-07,0.1081964634086236,long
1551727,MACROVIEW INVESTMENT MANAGEMENT LLC,5.0,3.1417672544610335e-07,0.48248241326342034,short
