CIK,2022-09-30,2022-12-31,2023-03-31,2023-06-30
2230,0.24387264147464885,0.28207484062542687,0.35306068619431935,0.3503599857002406
3520,0.334277776246075,0.322126154640865,0.4367356831530996,0.28104207756664074
4977,0.1631774256002418,0.09821782778076697,0.0,0.0
5272,0.06684342484548063,0.06101433288787953,0.03983185764727544,0.053867161080888605
7195,0.17138047679162827,0.0712103067999826,0.11230765599142598,0.1245247713317183
7773,0.05360606682920323,0.26875507688366723,0.06270178606706348,0.10033459022864717
7789,0.04544986603748552,0.053611339005546106,0.06640788498774816,0.06186730153483523
9015,0.2737353882069077,0.21228562983008836,0.3642436219559465,0.15307185937412918
9631,0.44151973315089343,0.4821778881985368,0.4205342999919756,0.37162612672445866
9634,0.1253791830233065,0.1231821491672096,0.252648427962814,0.08679920767525186
10742,0.035831106728924915,0.06679276135790685,0.04296838585473497,0.0437685279387915
11544,0.31759401815999383,0.4518927968301531,0.5732497422011531,0.45691638880871543
12933,0.10931858619927887,0.17358177105685582,,
14661,0.09364226780505272,0.08741547350055141,0.16071255636328516,0.09395538533955744
16972,0.18082546944218725,0.27428979973197015,0.25712463115886636,0.20331776174821042
18349,0.052711999154332646,0.06788731885447506,0.08512652916678246,0.041567595125425974
18748,0.06468507135617135,0.010948882080992007,0.02183312345007526,0.028282394463557813
19475,0.5195727045836224,0.30034732343935083,0.5152506661566325,0.7758749491560867
19617,0.1075794219477041,0.12913967585390182,0.1722918684289963,0.1605698196491337
20286,0.025949914246718546,0.014605959244983525,0.0,0.0006735528548330587
21175,0.22929679403192002,0.7818184708878043,0.6653007904516164,0.531210444786195
22657,0.0891692464858544,0.08453736090836866,0.08987347415044955,0.0405193828655855
24386,0.12317432563134732,0.20507815522517017,0.23086442728884668,0.1919670945711635
27904,0.0,0.1288285202894025,0.0,0.21792914890035725
29915,0.7624794493519708,0.7682807669560484,0.5580705733554564,0.8182086308655319
33250,0.1290631461917425,0.29646101633735755,0.15535913894781558,0.11684291469664475
35442,0.05405512749600576,0.0836749506839725,0.08648459483835483,0.06435515162792975
35527,0.08044551716280339,0.08692145219490773,0.08352495678962463,0.05847781821335629
36066,0.10209480922985491,0.11179665706948755,0.2005715947170676,0.16529425940862144
36104,0.0627064176112328,0.13261471701792638,0.0725415102857924,0.09436468772931657
36270,0.06342652578035514,0.08018054456859974,0.07901843041995657,0.05675160450890508
36644,0.0908400515399031,0.10378681687022134,0.07980277711215551,0.07385797382719515
38777,0.12468162026907707,0.13323122974139714,0.12723075075480694,0.12012693526005824
39263,0.07167992276174162,0.16454890110833495,0.07190239356051806,0.075923824733581
40417,0.05666827868632451,0.0895851703639028,0.10866312248854676,0.060873082456591454
40545,0.046993365146670046,0.12703783667311833,1.0098594442615298,0.22225917903385886
40729,0.1345742137207617,0.07489056333534398,0.2066754230023337,0.13286036799268092
44365,0.05678321415467141,0.1336025846624363,0.09391351687306365,0.08885383006727968
45319,0.013307630847549245,0.05834553904829522,0.02926211692233021,0.02764343014934025
46392,0.062386838678386895,0.09104804647967574,0.07792230621552455,0.06962040652522379
48966,0.7218832508420793,0.7669437941598938,0.6509398125150225,0.9633661890377223
49096,0.32219803800227137,0.2821076021091777,0.38919465907878287,0.36344056207173303
49205,0.07698628133462286,0.08011439393093742,0.09417687317896434,0.11389453267885018
49969,0.0697620105087775,0.04105739062605403,0.04517238626242367,0.035058121388449624
50863,0.12789717658976577,0.1455367175169961,0.08131321795045614,0.1434493571745596
51762,0.08922775801301377,0.1406375675543299,0.15543709871062977,0.11023837709769473
51812,0.06397331174105526,0.0475622198173205,0.08466662448980955,0.08906648917299652
52024,0.19064021844247836,0.2749519361507434,0.1900111980915133,0.09249060173808134
52234,0.07803061418536714,0.2724776504262739,0.10393580719165992,0.26213810754206024
53417,0.17761626378477757,0.17607852529812265,0.21359143701635505,0.19251720070041073
59558,0.056951546639158114,0.10470158015626482,0.08396043249105087,0.08434627853472022
59951,0.08075244915791148,0.1261077833598497,,
60086,0.01777615917621902,0.027508844581283456,0.021213413195487984,0.009839649209583684
61227,0.1673484591958654,0.1305635447911313,0.19134617219028013,0.27855049704525925
64803,0.010888316766645954,0.009670531845544889,0.9422157089345005,0.3093796033239817
67088,0.0,0.0,0.0,0.0
67698,0.14939788168783036,0.1913736277337463,0.10350802257626958,0.07955505695401466
70858,0.10980890592710556,0.14067264920375672,0.1469305253735626,0.13427787363562166
71210,0.06889828098226992,0.041000304703225555,0.04176321564241157,0.044985775118435725
71259,0.09054385146011697,0.11892388179214791,,
71633,0.008150539090985667,0.006166206991383756,5.875814676722896e-05,0.2656067831490305
72971,0.06434085735024075,0.0666439264330273,0.08651611199315304,0.07113436068003841
73124,0.04057034197562629,0.02709596548842741,0.028881867803402704,0.06302679742096637
73956,0.12305896482364591,0.1391376550112785,0.2940280991009745,0.12497917749791645
74260,0.23938147610688199,0.09123949504031933,0.030423135253913623,0.023397435364821258
80255,0.30894558424393137,0.1676309213024162,0.17136068445081684,0.1484250488301613
84616,0.0952129738021319,0.08521107143217253,0.14526255768878746,0.06551574340790442
89014,0.06749899691784388,0.15513627361425486,0.21662217872682238,0.13301257861249993
92230,0.115805633740613,0.11104989164548436,0.12218189980759225,0.10268427406534356
93751,0.038711023296864704,0.024157211759068986,0.043175496998282714,0.02872813910278455
96223,0.0,1.908993323801987,1.1711673195743746,0.8638382938383049
98758,0.1525729935191632,0.2278449403303094,0.0815463888050415,0.13663687803575916
101199,0.002965000045317981,0.0,0.05155283106573345,0.2202387301174433
102212,0.3029710807667025,0.1687805270898637,0.17916443104595162,0.1630099500487677
102909,0.03575591920046821,0.020423275927308703,0.02957721682315681,0.022215422252602948
104889,0.006815894090074749,0.057128582483582484,0.05039852174268156,0.05291657818060273
105495,0.018402788607995393,0.03862253470687881,0.031102092497429675,0.015511986268951353
106077,0.17576312665852278,,,
107136,0.13097813500813035,0.17865698006234706,0.0627188162272934,0.06867441974515266
108572,0.21188013852276166,0.13691033911494965,0.18257840775996564,0.19714752500715824
108634,0.1194725904843156,0.21926523653568164,0.14410514928214296,0.06637193745062613
200217,0.10475613291124367,0.0886642125390574,0.07272267167054611,0.06354357282194426
200406,0.10911535152376624,0.13360346440040374,0.003287015894799467,0.1797865732120197
200724,0.17299124856088038,0.09762310230888452,0.07162241193965546,0.13309472744076797
201772,0.2207504582070727,0.2590105338066272,0.3146296066457361,0.352387345591918
216851,0.07604555985254574,0.09976131342340233,0.16155607707281083,0.11289754002762271
225816,0.11064846872403433,0.009070987618342524,0.02673100662946817,0.0223798553831448
276101,0.08337044355749709,0.10729411981361897,0.09572156342298306,0.08810127630844099
310051,0.02994029021330197,0.05256669022857416,0.045650139734871704,0.04503481187389532
312069,0.3115498324415848,0.34338325428977107,0.429024272435814,0.5306471050728497
312272,0.09105245619966017,0.09295483875790812,0.1205393982508043,0.11189401990713198
312348,0.0920087763380501,0.1297949396203551,0.17045255128838585,0.09230559841160753
313028,0.10111768509214145,0.13076855899897366,0.18070095155616808,0.18345523224218274
313807,0.251200521428175,0.09403832176380474,0.1339826327662456,0.10017045712556327
314169,0.12523472680473266,0.16489194606198027,0.04997215710301165,0.08986639332271125
314949,0.12619991934808875,0.16048336186260473,0.1262530637762887,0.0007918734314433229
314969,0.03767869220732215,0.02029970506791085,0.03589696339520414,0.045827998865343625
314984,0.18270701432360506,0.20541881163773373,0.2314768107373203,0.24368880924744543
315014,0.09141931792845938,0.15167112854442424,0.17718723717560056,0.1181462504856617
315032,0.002258762618957862,0.013638914931971037,0.0070892005644174,0.0025374492044836733
315054,0.5541068108657572,0.010339773794317332,0.04884214600499676,0.40087874411021446
315066,0.0942692410937548,0.10616141541981783,0.6978899261363282,0.7216057691676244
315080,0.08215753763475113,0.08970714990590328,0.07610416798311816,0.054605194221350795
315157,0.008857692110302422,0.013335479280057705,1.4923237378084868e-07,0.019662229903377133
315297,0.03988467357554287,0.051462718639308465,0.07573114641984494,0.12240155286945506
315498,0.034455729725845034,0.02771965610696919,,
316011,0.0037195905314355107,0.008475882317448398,0.0038169094354595454,0.01720431870335398
318989,0.19650450568675137,0.22456416442082688,0.2135048350434841,0.24855856877854365
320335,0.004015489496933362,0.009323606503275513,0.0,0.004245519704077927
320376,0.07227513625790306,0.044316845471150786,0.0591460152388242,0.18379344054207383
350894,0.1152027110822729,0.1973119396030013,0.19014888331975305,0.14561220856986326
351051,0.0014952758566639758,0.11937612511194236,0.01892037980510564,0.043591508736526105
351083,0.0774751717633339,0.008463462906076871,0.08223150297856982,0.38330144034908104
351173,0.17987390507126896,0.2495056102298937,0.28131816316756636,0.30965977241937015
354204,0.06711793220151883,0.05372537915266038,0.06028112227175383,0.05479648623219681
354497,0.185588618949524,0.22611183322540626,0.4842437974344975,0.17982067872423926
354923,0.09182257446602902,0.15082684946098274,0.10595272224137346,0.026311003163507155
355429,0.029731490654850597,0.0005036704569181395,0.15487269614829846,0.17752499125545693
356264,0.02615951121804371,0.05502176932876732,0.03777764324178286,0.03431791779220135
357301,0.05460735525386641,0.04094705297633331,0.05742398897605347,0.047999631892650906
700529,0.28145662640828817,0.3902224934896694,0.34237146439589816,0.20219094592589937
701059,0.1310575392679384,0.16786899459501065,0.2797439341728029,0.2688667275442559
701189,0.04590123360885857,0.053454703039485144,0.03490838705961289,0.028151595964756016
701516,0.04254169033786213,0.0979462446156919,0.08697114967443491,0.056888278722846596
707179,0.6987068723249625,0.715656920521784,0.08426824216906406,0.18228628072427913
709089,0.06401506411238092,0.13712192477736124,0.20789711569604583,0.052331449159229916
709428,0.15198035583773592,0.1508227624210773,0.11239639721032675,0.15164910032882783
710127,0.12652228623436598,0.04996257481586294,0.0496693110678552,0.013231214384366873
711089,0.05265182518870768,0.0765385119247075,0.06370334521309544,0.03654494950885481
712011,0.0737049095835315,0.2544418543847172,0.14415173392919772,0.008913221665966612
712050,1.174544547693996,0.5653084828737719,0.5093122668200116,0.3328844048136768
712534,0.06983754492793813,0.13394903918376855,0.09536023434662244,0.05963997784144801
712537,0.12281773645699962,0.11127409408000376,0.09696901946496067,0.21924089550608697
713676,0.029172185976692883,0.044022963300842786,0.11417758696287449,0.11840393408652461
714364,0.022906389523879175,0.23532082634522408,0.13688503663210325,0.19784825869580885
714395,0.17747176768137143,0.22234395336674737,0.20478075117935257,0.06463973024673972
714562,0.04257515177537808,0.05008915942319396,0.05772068313051917,0.08227161035183236
715113,0.3260763698871007,0.3080830537404794,0.22599023432864876,0.4229157144970147
716851,0.5579554002365374,0.469951045280365,1.00249619078359,1.5371917383226408
717538,0.026151122399472235,0.07957972039552635,0.06741801028318924,0.1315650664031622
719245,0.1949844462734382,0.18027242273464802,0.22238643776122885,1.4765337571761885
720672,0.08692595710973883,0.09802056269899798,0.1542521798292794,0.08033885052660318
723204,0.5171585576408855,0.4234160074084811,0.06483613401965425,0.04260852088685106
724683,0.5137107817390444,1.4158375039055833,0.6050359518912353,1.6142003864215866
726854,0.06739619160495798,0.03739687883945506,0.06522020014923531,0.06361264843086474
728083,0.040402049066545466,0.15949810337642514,0.1323079662793181,0.07721506017490654
728100,0.3563501505653948,0.424758020899351,0.4833713681859111,0.367916679631495
728618,0.0500275523219007,0.06751119502803024,0.3008716414191695,0.14139675929903006
729563,0.142419882332554,0.11781806777993771,0.08658442294684186,0.1469475291408326
732847,0.13833540089722784,0.10114772246653293,0.20428282377731163,0.09299361445175423
732905,0.05791582262312976,0.32244913385431273,0.09119564131095237,0.06249374902297782
733020,0.19596723525323748,0.2210700010288688,0.06334987574019033,0.1140805880926159
733444,0.1898326790861304,0.268291318850741,0.2574583949007406,0.167267342031797
733986,0.11967402517655107,0.1393008015409264,0.17198008008641302,0.17713124437133504
740272,0.15901992944980683,0.15607075634534487,0.2078307669294355,0.16263964329621972
740913,0.12417416403234136,0.20975594347915144,0.15698119167740884,0.21075378262847427
741073,0.046975161515656554,0.04217745865232769,0.09556235744205228,0.0649035219338751
743127,0.10570881103223338,0.06401347161135197,0.058228831078339656,0.17035266097324347
743482,0.11772683282502201,0.3114221751188276,0.20190344488126655,0.03102993788602138
748054,0.17393020926489647,0.16009962111277007,0.18053144178919237,0.17222120467993854
749044,0.0658578315409735,0.039113056136591495,1.5409413763195203,1.5651119662154478
750577,0.20138823970778333,0.19977220417956845,0.1947456943725742,0.19613021925788468
750641,0.2208971418152402,0.322419828611158,0.15410026858853557,0.1848476452013481
752365,0.04890016350175408,0.07523440713378118,0.10256895793251718,0.048360175509100614
752798,0.21387057818473013,0.21546400039133298,0.1853255734978329,0.15099289664751037
754811,0.2974213169822144,0.19286231026956907,0.3014328166896774,0.36025997079764555
757657,0.1448744130487801,0.16572365408615009,0.1487282915334049,0.157320347714915
759458,0.09302682610871524,0.11029310860146682,,
759944,0.08209220445332026,0.14672254470585225,0.12957359255990447,0.10932153173945709
762152,0.07094768291818986,0.04962526339363775,0.05618400328396918,0.05251803828037987
763212,0.05874214137150672,0.05196493351438923,0.057087973820575774,0.05209488553047774
764038,0.052581077124510565,0.07443309081589033,0.06763823744313077,0.05452912612622421
764068,0.06574472645217419,0.06100509848242323,0.03902644974492437,0.04631314051307959
764106,0.053134924024525375,0.07544736341787552,0.08254030555834388,0.08886317994364129
764112,0.06672803145680582,0.17561253305943256,0.14895373445027055,0.08441772742589296
764529,0.2516949627577038,0.12789552121806685,0.12728652665841844,0.13649546080951286
764532,0.1436697867327406,0.1695145604013563,0.1399637927856704,0.1668458948014189
764611,0.023008282996449036,0.20220176019915467,0.054206865265263436,0.031235739206045925
764739,0.07611068571221771,1.088664730557432,0.0953343008894812,0.11073899207355893
765207,0.14235085371166625,0.057316671552727814,0.07992755879626508,0.05109758664416379
765443,0.13912057299874617,0.11538162986720091,0.13699438489422147,0.10527579139098937
769317,0.1731361211222413,0.21144609865643524,0.16794200631570316,0.13796857045292343
769954,0.09557186675410136,0.15412775154419958,0.104732097818489,0.11868388264421664
769963,0.10023605341193288,0.16533755520653154,0.17090607383220796,0.08312245885519252
771118,0.15596680266825394,0.3376044222920649,0.5931669339780123,0.053289725238095755
773411,0.21223047857491154,0.25148106396259917,0.07261168791598825,0.07173766708124567
775368,0.11474471111272441,,,
776867,0.25687901078460096,0.8152171253769227,0.0,0.3134223270523616
778963,0.1886115028792942,0.18383616630407223,0.07244494816932208,0.03200745666514918
779519,0.8301282904440408,0.7797181773356047,,
781875,0.12037251754265378,0.19718057480815768,0.20289124463495398,0.10636829887566289
783412,0.0,0.0031416822124543556,0.0,0.0
788714,0.09038868782874694,0.16898943419564805,0.20240927077709028,0.17716251020508333
790354,0.11305945769969615,0.15297491815452985,0.20194228561183675,0.2524598775984829
790502,0.2736021923296781,0.18641908308777114,0.2557681167351391,0.27714182760785416
791191,0.16408082054280332,0.14565664895866434,0.062419049434280637,0.17940502794205043
791490,0.0075349562966070234,0.009724786776373446,0.0540051707063661,0.04094018838085009
796848,0.23256651012921015,0.23145247023969923,0.21105399766908498,0.23212273737001932
799003,0.044230173451956324,0.024879294155237618,0.0360540612701296,0.0620879095944891
799004,0.045542495413779624,0.10616861237554125,0.24309929398626223,0.06751828233882162
801051,0.1986127587312988,0.1281346325512783,0.1292004515992121,0.12214336247602997
801166,0.4868632337326863,0.25482145651513277,0.8019789727681572,0.146971889517085
803016,0.16331649711313342,0.01274638671199739,0.01832828619526085,0.04932821969265156
804328,0.3313664720377542,0.5015276885339158,0.0620952336621625,0.11175836861557573
805676,0.04094281368133751,0.1315002498179783,0.0666290508868159,0.11270204167384919
805870,0.19752415241904275,0.1682259120742534,0.07240589345788602,0.03435825589516923
806097,0.09792337061665808,0.15221858177931671,0.2214592647888922,0.06537883846782598
807249,0.077722888654628,0.06896490920347874,0.08867863447523568,0.09241009074436685
807985,0.11537877132297261,0.40782484517541273,0.267057287743341,0.3279281188061421
808362,0.0,0.0,0.352918362747504,0.7146066058652207
809339,0.029398662696694187,0.025907492290618495,0.03925014776148312,0.03811887638217186
809443,0.4469044432465052,0.8524563868858892,0.5718799444531109,0.4456342364413691
810121,0.004491880387591841,0.300766335713927,0.18066930975803755,0.18845167449200687
810265,0.10329409485378145,0.04887522366017405,0.0820870124703254,0.08823115189776858
810384,0.11879666455781114,0.11008270290023023,0.15411511249386284,0.14597591724333162
810386,0.6740394625785378,0.764453702930944,1.1774309946993604,0.023135693415065398
810672,0.5033882437511509,0.9186634121191669,0.6697231242124081,0.39210760791333
810958,0.03775832077399927,0.1154831648468434,0.030803360974325792,0.07404184940260036
811360,0.04291475346058254,0.04376630125217283,0.07044194207926763,0.04207473750732354
811407,0.04172183765919463,0.006842150940913812,0.03128716476503813,0.0428323131513789
811454,0.010300210009716721,0.09847801848490992,0.0,0.0034324744199621
811808,0.046506717996686396,0.06596283197281945,0.07631902098089467,0.08659534559358546
813917,0.16387208811849135,0.22768442394625968,0.166114027995676,0.31263608311795815
813933,0.12681271421218004,0.1182939942386321,0.16522638989557084,0.1470471099626909
814133,0.18503759948658627,0.17135622589185343,0.17273945567749302,0.15944231002788373
814375,0.06482173792768375,0.1719320275257353,0.12040292827691716,0.08152221232744118
815917,0.01574904789193882,0.17649294263271148,0.01409165571358642,0.058857045975283837
816192,0.13811521681774344,0.30429975417450705,0.14702915567377509,0.2078362958692582
816788,0.13693408272824314,0.013344535710063022,0.021486767532797064,0.06250457977262648
819535,0.08412875288328142,0.07277401560089629,0.07580043493798226,0.09373944787021546
819864,0.22380361734810442,0.22462669861641427,0.2801842515610004,0.2867715651452142
820027,0.1064153678265994,0.12386987276562551,0.13419463738549003,0.13179920008778395
820123,0.049939321608799145,0.08484654818150754,0.12661603421747855,0.01876061453714464
820124,0.2598902828990976,0.30569915801178316,0.40396894908843173,0.2569077944337722
820478,0.1192785291388866,0.13289801550815555,0.9790791268550572,1.069061640992103
820743,0.1425130689206186,0.26479204034410064,0.2763409367362846,0.2573000356800379
821103,0.09869404223291271,0.15836828220363536,0.06522687787976142,0.13425053396746597
821197,0.04843722755756572,0.057890307511915234,0.07697853291513719,0.06276536772162206
822581,0.15294025566297795,0.15856884520412404,0.1460237373219584,0.12620834955329913
822648,0.2781295516450503,0.42036577296928584,0.33804851339550473,0.18195966392143065
823621,0.1757154969093843,0.19675031054060288,0.22999694808788546,0.2484166322357673
824325,0.11484775489447517,0.19967492265241665,0.13436427336390064,0.0827287619111207
824468,0.10033572605632503,0.12887274580096722,0.12105106960318349,0.115232992846222
825217,0.05120369675533973,0.06242152660166705,0.06138378636559227,0.043055257043609775
825293,0.32866374815288785,0.4079618876296509,0.4916527546492127,0.3030292759678036
826794,0.2012406907737212,0.281072891829103,0.1752027585222145,0.4286201837482318
829108,0.22148214722378623,0.3017004637293031,0.7192260859783728,0.7810325528550209
829407,0.0958203559069391,0.12396279362162821,0.07895605212480218,0.059356354430979356
830588,0.06348490773857933,0.019345397091932417,0.02906670361594468,0.0012518833928624683
831001,0.259207911944955,0.3048340224068313,0.2980596343643318,0.3525241954448675
831571,0.037870390845053,0.3862983062655152,,
831941,0.5576370240260896,0.06400854777529177,0.015543619234848205,0.24011257475448386
836372,0.07352474943925855,0.27922999604428267,0.07799789622044906,0.07861366938656279
837592,0.06818815860861935,0.09025089584323136,0.11608786721103498,0.07690771994925577
837980,0.8236992430567117,0.5087638106292515,0.6430254786819123,0.26924351389268775
838618,0.12679001531184625,0.11104797813464987,0.12063175666077391,0.10179773893172121
841802,0.8376733339713571,,,
842180,0.29168784467814257,0.24164625602220383,0.35095822748327726,0.3610134380219682
842766,0.0819061180912219,0.10140865713995185,0.19344695596599032,0.0839008464785564
842775,0.1927350467763032,0.13808038910107281,0.09464502775896508,0.17421456217408476
842782,0.09052888075803481,0.03877720994794942,0.08525039871641833,0.32529974298469755
842941,0.05114207598010938,0.07115931620610409,0.10461755862160659,0.06377712073761366
844150,0.44842736719643134,0.06398225834375537,0.44444695356399294,0.4050551942615043
846222,0.08795422887402572,0.03617592796968835,0.16563661494017104,0.09076529788745226
846600,0.047829881218292396,0.02842391652285132,0.1361262329854988,0.013120302728489594
846633,0.2835126371136765,0.15236082187609767,0.7174581357823707,0.38322183609989263
846788,1.6913698275832392,0.06203052435333217,0.8009738759735267,0.7898212054483024
846797,0.15244118394908296,0.264983941998035,0.353729280876353,0.22961945049323762
850401,0.12578754020429353,0.1083132413692837,0.11444439821888314,0.10389640633935036
850529,0.2489748664095792,0.10529282733778135,0.12876888724522198,0.09024244819651096
852743,0.0,1.3702365189643968,0.002541685837398929,0.03093824115760162
852933,1.4884699715673404,0.1265633413427676,1.3429745776186193,1.0255987946068514
853758,0.24229663811695568,0.17039605826530205,0.15784809317167275,0.34421698994110544
854157,0.20475518534156806,0.16351676241242524,0.16628324615018453,0.11374855767721491
855702,0.5780778814654869,0.40728965632720804,0.359533226618657,0.4433533267744865
857508,0.19193795649788514,0.30237922111965343,0.19403889227553373,0.15769229964828319
858877,0.07931114032305664,0.18582338569249168,0.24505943791812312,0.14506040510501303
859139,0.3171125646973236,0.37120936252157916,0.37285152870049804,0.10462206288674199
859804,0.04815390305379264,0.05148028425788145,0.10948665140574719,0.06805751901451783
859872,0.04796341858338691,0.06296136047898455,0.05487574566578406,0.03186603066554848
860176,0.26442265636103096,0.2810532856920671,0.29185736360297826,0.17988346316387208
860486,0.0745679918446481,0.11803213434269204,0.183799247564704,0.15262324445212894
860561,0.12317549582895504,0.18409884639982568,0.1986407382802685,0.12957998506256937
860580,0.038069166570950976,0.04394531909512713,0.03163611249212877,0.030641897572706304
860643,0.05035674514604655,0.05193833629402439,0.023211213964033587,0.04399030527894505
860644,0.04622891050374636,0.09004939819863848,0.06584251699614178,0.03494444987956022
860645,1.0560602915562363,0.37997668702020976,0.7476321394805943,1.0573058190232565
860662,1.0083340655012807,0.48672153051655653,0.43332841893251983,0.33382274595412964
860748,0.0,1.7580888526370082,1.8471997391726662,0.0
860828,0.10236911808580712,0.12152504730394273,0.16304657307925727,0.10539644618252252
860857,0.03160658359552608,0.02983593009686455,0.016451021096483873,0.036722289258647005
861176,0.07486529557026282,0.1922949654103155,0.23116888406713273,0.17125784308901218
861177,0.09514801873616831,0.09474362299874388,0.09801974928333039,8.703756675759152e-07
861787,0.22055860501478447,0.25715645524325426,0.20956180143645456,1.2520901593666791
862469,0.09485695432004039,0.07770934243186815,0.07444417557025841,0.07433374787832077
863748,0.08434126168608456,0.11801986003365549,0.10239205616634686,0.14078792571580417
866361,0.16354222942276334,,,
866590,0.6233174697469982,0.1628635501136599,0.4562101894547415,0.15806775981535878
866780,0.10449943532129222,0.10674281590584457,0.09871477739049528,0.09774963668235037
867926,0.11196956769085004,0.12548128964304092,0.06837409665768449,0.035716715556593344
868491,0.8216162875693978,,,
869178,0.13876545915133498,0.12307547285170753,0.1460777333410769,0.1989762332386811
869179,0.3007501578845209,0.23875652577994758,0.19348768485979662,0.29389327006307614
869304,0.05839812336286589,0.05945542187825038,0.1341438151812899,0.07741449570820379
869353,1.412137496821457,0.3915522858679234,0.15181424844012484,0.10234892637739959
869367,0.013498470551895786,0.023639133519280375,0.0225221390739656,0.02316515901898873
869589,0.14870941783936398,0.38988289234331347,0.33055420337431995,0.2694025640887609
869772,0.562941571031466,0.29387601116841106,0.07259036235180667,0.1250557894169672
870260,0.127980465374123,0.1276634870939107,0.22143922054882212,0.20356515277727405
870481,0.07958942757021505,0.1491025894348588,0.8407487291549813,0.7274903125155294
872080,0.7240589293612665,0.26090389676587017,0.8439262936889358,0.7339058133263053
872162,0.02773130747799879,0.012433351516056176,0.01233443539237721,0.014731997947654963
872163,0.5003895455197097,0.2896925542613834,0.48282719361542004,0.39926603471398775
872259,0.11049235260072474,0.09460771230514922,0.2065749884287522,0.17904130209299593
872359,0.20826286455485252,0.2043454128982421,0.18090660144147228,0.16284825859318242
872573,1.0490850337393844,1.3805550704982779,1.685879881811701,1.3758447940114678
873630,0.22705293512466654,0.39418088565228127,0.2179947537535681,0.21891577205398596
873687,0.051071758980804925,0.0012557455838816743,0.0012133321402669449,0.11827689849819707
873759,0.08807486245002365,0.22436917203586976,0.1147514547925858,0.059492386279440285
874791,0.03998853220139078,0.04729704391460819,0.09703453050715369,0.032161361388725614
877134,0.3575915611371979,0.34678279405868345,0.0899232601443668,0.08567467673275812
877338,0.2174831590704287,0.25217437427766504,0.24812813438259407,0.08388651602220272
878057,0.24921513452446872,0.35492999614179893,,
878228,0.021465630237125874,0.017997763944772247,0.02475098070232275,0.014716554425118666
881432,0.3756948852223938,0.2727755597197671,0.26654418899003424,0.21877363041815104
882119,0.05866526392186495,0.09289629693621207,0.08752047307893915,0.03157705836239453
883511,0.18843450740421655,0.11281262121021314,0.2633313764230632,0.17248427040344452
883634,0.11348942999443302,0.047939161427702916,0.03776097065872027,0.7954092876668736
883677,0.27543763695613765,0.2669630819641639,0.32310001184401316,0.3122366971474299
883782,0.07428185626995595,0.06871542651382528,0.11903332292351897,0.08706584478633646
883790,0.07133020646874873,,,
883803,0.05629482377134878,0.05604838227573951,0.07381866237723382,0.056349307996194135
883948,0.09895923572258084,0.13643288241265836,0.15386966618239348,0.19003525402508414
883961,0.13354202746927316,0.11585706805549326,0.1077621651399709,0.08849949560018143
883965,0.04529073579323222,0.07897570055181122,0.10349524028175876,0.11414925224932562
884300,0.09948811938347485,0.08241487640727681,0.10971850007667013,0.07432716498915896
884314,0.22468782747444327,,,
884414,0.6402386649755716,0.3866370923718351,0.4499482030275437,0.3797516987710475
884423,0.06370283705377894,0.034487306671710814,0.0492376107866511,0.043011400591705044
884541,0.10426324592594689,0.06813880261627757,0.10740470583887557,0.11664164272847319
884546,0.06759751925746522,0.06030711395185099,0.08814724877455248,0.0376968774489718
884548,0.16513990134668294,0.1308125895862532,0.13497421934267653,0.20218952735498863
884566,0.03051392833874047,0.10491055692624786,0.05296259214753573,0.022322700623610064
884589,0.2285875708106504,0.22159883365552524,0.20505088706614744,0.33539578111985824
885062,0.1057756420061172,0.17863974993019274,0.1187550506827204,0.1066917417029398
885118,0.004416251367209141,0.0029746836750749813,0.0007757099820565914,0.0
885415,0.0425840155351259,0.020753856437289272,0.02119531093065154,0.029773323577531912
886982,0.20113315021945574,0.21734759940828713,0.2003702337986566,0.16170458907535512
887402,1.580679361306934,1.6622753980614104,0.5156853394354667,0.050513053783281005
887748,0.10213536840993374,0.09609121917869781,0.14894449401136442,0.07246136778843924
887762,0.2505789033221108,0.11754628656462127,0.2390400966038687,0.5775338331069663
887777,0.07682511709886634,0.17478226993548285,0.14830427620072925,0.15618421393925583
887818,0.12562852343439865,0.14151826306976542,0.17454859512288962,0.12971734505905058
889232,0.0013147845087540333,0.0009216108988576973,0.00037797783528712104,0.0004809804970366596
891287,0.04666460329881909,0.056005661910675665,0.07514642112938225,0.04225380788679914
891478,0.15738263232635064,0.16207687851806585,0.1321392951333555,0.2966379176896121
891943,0.2627672327026291,0.3158000161767028,0.26743148332592903,0.3226025829148385
893738,0.001572846491988718,0.018082567229551816,0.06457553675694473,0.021102079878489936
893879,0.05931386242144118,0.061583662486661556,0.07166514292265395,0.08934985373292315
894205,0.12138412828562627,0.1164076088478033,0.13590397759781625,0.1839812513707409
894300,0.02679844752422377,0.021011336775298862,0.01866095529074767,0.07138816464468009
894309,0.060222374432788175,0.08812736112240954,,
895213,0.46242003635302864,0.172535386161223,0.18304405669561663,0.23283734560287128
895421,0.08012685916312333,0.1891802828190385,0.0906016712693637,0.08570907434419424
896159,0.0,0.0,,
897070,0.17192512975683558,0.19549580111062617,0.1268424314344365,0.1060122024767925
897378,0.18673058045314123,0.16603035649654782,0.15888429522614816,0.17596308989506682
897599,0.2630357154578684,0.14784121944624445,0.5208662616531078,0.3088673938338821
898286,0.26928156278533194,0.3626588887594351,0.2557778789329707,0.26079937776186984
898358,0.101740244976184,0.10102119299327099,0.0956355640915823,0.12000251261050321
898382,0.11647316787845761,0.1288732762258878,0.089960289896936,0.112148568325768
898399,0.23992272003828516,0.12982469495925558,0.23875358869118488,0.21517485834659886
898413,0.03792334408528642,0.06379957386155574,0.052071064193089704,0.03521474854025714
898417,0.0,0.2469751977229094,0.2478195866944111,0.9079785778849642
898419,0.6482818964604538,0.37535192379560844,0.3596328176243197,0.2589709983930662
898427,0.16193571991445277,0.706469898769905,0.20312314668899237,0.18027955541876212
899051,0.35263195595001884,0.3620627900370561,0.9927448156700188,0.2107840293244281
899211,0.0689838907591308,0.048873090954992975,0.23935251955747885,
900169,0.16110798931265086,0.11082821400341912,0.11364016558276659,0.10316315217851092
900529,0.7693982647560095,0.6582087463973776,0.7259538783507219,0.7333861930013192
900973,0.21728243794251867,0.2869773120996339,0.5150118835305023,0.5566872370020013
900974,0.03242090930051699,0.060896118855150866,0.04682306007181756,0.11763424060798526
901541,0.07926624073416293,0.10827472154602212,,
902219,0.13964348500900226,0.14773948302860404,0.15456823649424126,0.16020457951375494
902367,0.05925381597276809,0.06925063939232344,0.07140506399101648,0.05267077731151906
902464,0.22398201272106008,0.16775663714766065,0.14741480678617636,0.2106643039576748
902528,0.3464436247527271,0.2368790865874767,0.30748499603623214,0.21555468592067065
902584,0.3193427350614265,0.34893718512989036,0.7158310769384408,0.5901231114862593
902614,0.013803086229379287,,,
902967,0.0,0.0,0.0,1.114461889947097
903064,0.1461221765304575,0.02842854628351433,0.05911954592577512,0.12592098762419682
903603,0.07821538616407141,0.07770946232642457,0.03745305973832447,0.587308847755732
903783,0.12140599293819308,0.1681862564999804,0.13764705510030747,0.11561467386102926
903944,0.4178471517593085,0.5715375079923036,1.011140790207762,0.4597906450003298
903947,0.2104920466810474,0.22918508244088956,0.162947946643918,0.14929609861922044
903949,0.08162170192515436,0.07870651861204223,0.08646297507223313,0.06980239266223803
904793,0.01600220046923636,0.14518363844484503,0.0726663316384324,0.0
905567,0.15470293819909914,0.11180479740723981,0.06706827606149492,0.041994143911719226
905591,0.0,0.0,0.0,0.0
905790,0.10632801727405264,0.2709160836446998,0.17688430735741525,0.265320503053353
906304,0.17907725798930862,0.20036967049384,0.1793576259694687,0.18651170852047336
906396,0.11230749091823923,0.09805285292288428,0.07061326563136298,0.061187679365685074
908195,0.19830817727437314,0.3216151178028739,0.2160703416591589,0.18074352412651895
908431,0.044486124029523136,0.03617909701498026,0.06257528030022762,0.06540386917404338
908551,0.012811680884772516,0.0013814248672223823,0.018569953095600437,0.07962695688764829
909151,0.13866279235652168,0.107390865985055,0.2230057399038889,0.0992732121966262
909661,0.23777424871350872,0.33548165116155726,0.27879774831338117,0.421069519709922
911270,0.341204768705062,0.03832001636398499,0.20610675576446183,0.1821264416594807
911274,0.030194331441551602,0.03774484310060503,0.08685409839663459,0.022327875152786805
912160,0.10473445584460532,0.05819879541744782,0.19145110300967658,0.2508152574141904
912938,0.07104941855827954,0.09824940985337893,0.11235206845349378,0.1331051475998286
913760,0.2043134100153489,0.5505229497391515,1.392972136465951,0.2456011791971809
913990,0.05510118206234143,0.12770815396285892,0.09536453751105464,0.0747968087359067
914208,0.11893850740461195,0.1327959631714062,0.1500205751652212,0.12740799703652705
914933,0.22789665046274474,0.21870053963027816,0.2451941604688552,0.11593616454149748
914976,0.03492036530630101,0.014905413506806155,0.02169474112621219,0.08413475782244371
915191,0.06452517133385899,0.0217946250680433,1.0065811914006775,0.28646378079481805
915287,0.18202801711246416,0.209996500221847,0.22559105352912173,0.17697616576767805
916542,0.34262438424453084,0.35639206172624277,0.41517588561608787,0.3970680346828786
917579,0.2857987912280834,0.19276627267659716,0.1712872754316979,0.2025211825576426
918504,0.05052735449992158,0.028022943327556074,0.03621704020683804,0.07571012731592017
918893,0.10816017604756424,0.09173757747535302,0.16168074519973222,0.09184041872576078
919079,0.12245548288597365,0.08416330688904126,0.12526493716515988,0.0660309684890227
919185,0.5320906742075402,0.5728041023484394,1.0253408311963883,1.2450974756603912
919192,0.0665533341965757,0.0525917172376367,0.07549720138203452,0.05174933569111133
919219,0.2659595382892814,0.3840381459580754,0.5803792856779683,0.5852145641918355
919458,0.34027875690316434,0.2930708958126772,0.30525473292221106,0.23192853635318503
919489,0.006422996109041298,0.010423399185624113,0.00300285079034205,0.005745897872048558
919497,0.25238371034811347,0.11808080128001723,0.050146708982515,0.08060925531718009
919530,0.1308860453974615,0.12381387062188165,0.10661546620723159,0.10728801563040043
919538,0.056925724463643204,0.061500941432741,0.08734498084731122,0.15304692647529328
919859,0.10331352662806494,0.1832971423038533,0.14165345813078892,0.2408958750412796
920440,0.5485335089087073,0.22659633354432393,0.31368311064351695,0.32324892051105036
920441,0.04780358266014783,0.12058867643754974,0.019481144554329033,0.08472963742361729
920655,0.06723126384887938,0.10823573169131087,0.0765782350322786,0.020316159146736654
921531,0.6101136227604927,0.45725157958578555,0.18849954162394592,0.19709806547963202
921669,0.1025491783173748,0.05008925807899818,0.03564098740015927,0.07440843082259853
922127,0.019804711675317395,0.031875251400632035,0.047591686955184294,0.06543208490873692
922439,0.03969379184478188,0.48289605701309696,0.40761555388355564,0.2082957223532259
922898,0.14346552008002314,0.15747909462339532,0.17168462174388033,0.16902520858192543
922940,0.444435062378328,0.2285696466456614,0.49879337884964026,0.5689977321655472
923093,0.8962712050742934,0.9779284944362783,1.0619872543121776,1.0131458211841264
923116,0.013298618485605216,0.11138833693139732,0.09850014330549312,0.11590684083152186
923338,0.4342317582097177,0.3097970203325484,0.16869628225745867,0.09803256336884783
923469,0.6384256489973802,0.6652007749071425,0.702093839255344,0.5587650657594521
924166,0.14510323809814443,0.1404310118242042,0.1100450367422413,0.06657311541211973
924171,0.1979338494938143,0.04297018742134188,0.004393775286847559,0.015201935538153976
924181,0.0655294998557809,0.08664222862817046,0.07685120976650055,0.067919990008098
925953,0.06245090988065642,0.06938879339425252,0.0428469964259618,0.11712441748239459
926171,0.495712413415878,0.9599966740391109,0.40744713791354703,0.4498193986384381
926688,0.231347516871082,0.19339835807783998,0.0032678115381110187,0.023731375126169893
926833,0.1742187838089666,0.22706425997153515,0.30057625780779157,0.1688287857922976
926834,0.0901904245415517,0.11806102735528635,0.08501895360342013,0.08944810621292777
927337,1.0248403856104984,1.3955431939332117,1.273335410872454,1.1482241603164145
927971,0.2108623929821018,0.204623786878062,,
928047,0.1076683356084748,0.14959054995549362,0.12252584916967102,0.16420397266533715
928052,0.09054630289689504,0.1178249796785176,0.06912996664546932,0.07811250301014963
928196,0.09335503852520026,0.14286057451083264,0.18966451634392376,0.21522064869180402
928400,0.05898952261580342,0.01574460343500269,0.020387400088494413,0.016247359377295097
928566,0.2037609824630979,0.13000871352076918,0.15307085173246687,0.1993255831818022
928568,0.0563211793933201,0.06399812259196684,0.08495840658947695,0.08997555124671598
928633,0.15801908149663904,0.15999756579606728,0.14055426255985598,0.12468434587768468
929607,0.015312935223597775,0.0,0.1574116306333634,0.10095195823100217
931097,0.042294541931747066,0.2712537670445393,0.19456824012609927,0.06089696444204153
931588,0.3043482539166882,0.32232791300118946,,
932000,0.2593957556149762,0.9547010772307536,1.3970447522260223,0.22156873649294803
932024,0.0803716467098566,0.12482719737139526,0.16042657986971004,0.12310806343157603
932540,0.885840626360901,0.8176727050088969,1.0335513295273848,0.6942551955710352
932724,0.6180210785626845,0.624995549423233,0.7464077004888799,0.7670720394328289
932974,0.019764700830508682,0.02545270125180166,0.029123432023840146,0.02783161734218153
933429,0.08537763838094849,0.08259708485715914,0.06765419801414128,0.09913337490492603
933482,0.09039412425521609,0.14826814738807595,0.08684605054603411,0.07143183166306036
934639,0.29313653368196324,0.3150186495099817,0.5194624862953215,0.48732960922943946
934745,0.022171416241400507,0.04024273084931263,0.025864576261438663,0.032357803487957935
934866,0.09106429814311529,0.31354245701810607,0.09699502215783048,0.06972182669970482
934999,0.0841778391064773,0.1303168892521199,0.11333046045367363,0.10428708267860656
935359,0.023870820182625464,0.0945209563427083,0.056426598059029054,0.0473028795167881
936468,0.2776034324155523,0.005493034131745498,0.8822149547764949,0.006257767538615665
936698,0.07815263009504708,0.019870723985038103,0.07795895739127923,0.05755091083117788
936753,0.0849007712703528,0.14202066074179945,0.08926082816856575,0.16422178337517201
936938,0.07121938422644825,0.10531900587631197,0.03223945859263679,0.09151572427305181
936941,0.5205395426039591,0.43279868905358637,0.4453300165710328,0.4096341127646051
936944,0.17733476155879072,0.22374238441264896,0.1684692913852896,0.20943628544572748
937394,0.23059054649219857,0.22267854140826443,0.32297166026905755,0.3168467402471447
937522,0.06366799668929331,0.03173511635249542,0.16522619798476954,0.1391156586996258
937567,0.43303811380085805,0.629843654597147,0.308728737008737,0.6366745803154678
937589,0.026843812893838123,0.030152940945459908,0.039610973285930974,0.02626408971877043
937615,0.1487210120962949,0.15468718635378398,0.30251849124458874,0.04135026456919356
937729,0.020327175823962023,0.06365719215369184,0.05706427173495608,0.09618574661358201
937760,0.39388580388017475,0.6830913061331148,0.6650632105301578,0.8685942996353816
937886,0.27200205375639896,0.5758086622998859,0.38074644301837807,0.4536981815193719
938076,0.030323315596645632,0.02550158271820784,0.026312036946741484,0.052243482394381896
938077,0.10474843874227897,0.10929147922203998,0.07515889062984601,0.08895136929871778
938206,0.5036492622483222,0.563807175640892,0.5857458979149828,0.5127927233306719
938487,0.33364292023796416,0.2223344411862433,0.4487147277067174,0.27623704623185646
938552,0.2569241559986703,0.13718745468758262,0.507078106351897,0.3684268347667235
938582,0.4046135598514321,1.0656216199663575,1.1424661274275085,0.9316263786155065
938592,0.11784311047356044,0.17171182428509602,0.1639700864977783,0.16160690729836305
938759,0.04699191878695024,0.06224320308330071,0.03549381941024558,0.023815416608672133
939219,0.03595535029059801,0.0629327525799451,0.038290242928913754,0.025022115111074
939334,2.0429885944222783,1.858529114154231,0.22926131153759471,0.8727719824123079
940418,1.1798900915114552,0.3175777500284323,0.0,0.0
940445,0.16755162778968727,0.2773172581228763,0.2397574725071267,0.22474320406056517
941519,0.20769322766500808,0.111879254956553,0.06390927843170083,0.18001711071370813
941560,0.9334563885436922,0.49792893331203353,0.5714692271281968,0.5184330734256648
942257,1.0750812391178817,0.27042830729640266,0.3473338350659159,0.7215644512320374
943442,0.17733013990690066,0.0781206197770475,0.14585079972184764,0.110881387061392
943712,0.13066656509175487,1.3713504718862002,0.0,0.17633093941331135
943719,0.00820024411659568,0.010510641900823878,0.03638800308073463,0.024175839874236833
944234,0.2058854350409505,0.09851700785397029,0.17951457855792538,0.18385259187593433
944317,0.20684042181755788,0.20709868566191295,0.04044571119758506,0.05744878762784673
944361,1.0375007969656855,1.0820900669306919,0.46542505251586275,0.11166981437703424
944388,0.23229505189675576,0.28357711792881857,0.28919001121867804,0.2547453961782022
944733,0.029914223843120896,0.025624266991457686,0.02395582098266948,0.026709962227385184
944804,0.05087619486826205,0.04936671647046607,0.08010196191649106,0.0884061911746586
945625,1.8672386610685219,1.879560397994833,0.06847998141954251,0.07490899303293368
945631,0.06571554112472577,0.20858862226092276,0.1779761902759696,0.16109750937761086
947263,0.2516463362023729,0.758355111539998,0.1762537986838136,0.16793987117971146
947484,0.0,0.0,0.0,0.01794302137402337
947517,0.05813198217262167,0.08988349967334866,,
947996,0.13474889522816094,0.14527439961259198,0.23905706986561176,0.21570846509612618
948046,0.13056770795417671,0.14360719208232142,0.15893706501599514,0.14155862560156998
948669,0.16023230740001637,0.26274826333799706,0.22808234250878504,0.181463657462678
949012,0.045588438382232005,0.060017297159161716,0.10295020415298524,0.05790844177996784
949509,0.09972034479940418,0.2396922580349746,0.10623190515475098,0.305616173040017
949615,0.08392942445772544,0.09320351784236353,0.08735335194775264,0.11113340614498277
949623,0.04361463538088828,0.06367566562705738,0.05462751168232342,0.04293539807035477
949853,0.14071039527554097,0.7341072355130732,0.2916435607193097,0.3633751373435665
1000097,0.9654066106791824,1.0621836892407794,0.7757383898625377,0.8587657677798112
1000275,0.07707911878269039,0.12405672982090579,0.10896478836717166,0.13087170469275644
1000490,0.11775458831563101,0.14420493397582648,0.21586768706511208,0.12196640945957997
1000742,0.693416039571867,0.8601888761682421,0.6458962704238882,0.8212558348012121
1001085,0.3820473885362649,0.4928596868376595,0.21964729334879673,0.23470002245551325
1002152,0.022317522257436464,0.035641202907277396,0.18646611023512602,0.03767575105773696
1002672,0.1921771359762965,0.09335650197170152,0.2579490922088193,0.10329873819043593
1002784,0.11206606297803352,0.9044537392365567,0.8945906015565465,0.18940006251190397
1004140,0.059148333330313885,0.32754079974324596,0.21957290121160616,0.06145462478559397
1004244,0.08684879506973517,0.13873219371349432,1.8056736053165439,0.053939346732350436
1005441,0.10275416506851515,0.12286156131515416,0.1960083143370512,0.06524365317048404
1005607,0.13238898519531545,0.11810836781065712,0.037928079364884515,0.07652841854196903
1005817,0.02868202810406843,0.03989714929181828,0.0612426590153736,0.09040400549656576
1006364,0.1437896751452793,0.22418267808451658,0.2816746345578411,0.1040742569811156
1006378,0.13194665760764065,0.12336607998168733,0.10390256084252238,0.11087175813723282
1006407,0.018033470553685878,0.020337224798456125,0.045754906779081186,0.6428416715825294
1006435,0.026912358799741114,0.0903419663259049,0.05301685599645251,0.055999813382431304
1007280,0.061176731234981435,0.048209976178815346,0.06889272081836231,0.07811467174725353
1007295,0.07125880133772022,0.12546533954437084,0.06618748749493973,0.0841031305258801
1007399,0.17783474054119072,0.1272787106211551,0.19806147980541422,0.19683492562552704
1007524,0.1826771411615408,0.28990085478616046,0.17051317994733117,0.16222143048775628
1008322,0.16923801509800426,0.21285459793915656,0.19460981464132912,0.17200848668017896
1008868,0.06203246274873575,0.041666104616419945,0.04112036318803237,0.05246608809674146
1008877,0.02762685018052508,0.032808013678059356,0.02729595239554555,0.030229463816582848
1008894,0.421985519923061,0.32631467466263897,0.2990085885891805,0.24931764465317832
1008895,0.4540354003419499,0.1135205328987901,0.12002001091079259,0.08205340657467218
1008929,0.02763262861936789,0.04543763338445839,0.05997982875447927,0.05402583107136079
1008937,0.23315848629593744,0.029308350690204012,0.059440036259286934,0.06453587266152691
1009003,0.03796390481686725,0.037648957914601176,0.019131792840886255,0.04896942161358024
1009005,0.16964070483029245,0.18603294038030216,0.2274185292915286,0.2429193582946496
1009006,1.9367602787527085,1.9434974736747006,0.10952964808362814,0.14524328206326548
1009012,0.24916541899588113,0.18274240751727822,0.17622245598865144,0.3442813591844787
1009016,0.10301392405375026,0.09381261496951791,0.07676145115409459,0.0680480839557683
1009022,0.06077276662635943,0.11307837320964369,0.11567151162135837,
1009076,0.06623252544195915,0.08272810770520776,0.053941685332948804,0.07219899485610777
1009198,0.0368572147844574,0.12049700619323435,0.04483085873217291,0.05260381544696066
1009207,0.4779922770689166,0.5682668191985845,0.5891980475784891,0.7873595684766069
1009209,0.13041429604847113,0.14639625130009204,0.07575522142271982,0.1937647040888587
1009232,0.06563874643794941,0.06250014561684661,0.07362045534955929,0.08694850228187186
1009254,0.027851829544667396,0.019762589901595677,0.014666510402404643,0.024646833572405106
1009258,0.47015665522290095,0.5639558642324797,0.38711447840087926,0.445539626644215
1009262,0.23690414762545797,0.25877716560680564,0.43554379095201406,0.15287697511449927
1010873,0.11595882117856579,0.1764346863073513,0.2531432785300515,0.11805362604535913
1010911,0.1077806724829081,0.06984573993186087,0.10067211443028429,0.08057921512366738
1011443,1.083505634529497,,,1.04468151136243
1011659,0.050989235906989776,,,
1012622,1.1466250332088461,0.2688868235839921,0.5297745596329552,1.6880911686836002
1013234,0.07514322931847783,0.06692267872461041,0.05811025486610592,0.09117863435146095
1013272,0.03543540776853793,0.03963327568720668,0.023259069477857195,0.07559109734281641
1013538,0.04962053181702566,0.008226989649740573,0.6445278358199729,0.013803007119392629
1013701,0.020762647999078086,0.19820503446783527,0.5589889168598466,0.22806307792079356
1014315,0.09009102871985601,0.15035109519873252,0.11541430138312099,0.10535054444432086
1014738,0.07870568013843535,0.10237008553463586,0.07152680865387179,0.06785332465694982
1014894,0.3378164358281458,0.39619617691308734,0.45490868658151307,0.8579319707788385
1015079,0.12570874807739987,0.29828562478001963,0.3034433465943667,0.09785134317315772
1015083,0.30607531958657225,0.23759526232923656,0.23560564822707353,0.33244496296664244
1015086,0.051732987329865476,0.05517764122832499,0.055101404007562,0.11076908321355768
1015247,0.0395931627068131,0.05548327980689155,0.0562324853899193,0.3283488380951796
1015308,0.30198150387541106,0.2990896359659423,0.2630685792475661,0.40243068224241774
1016021,0.01830737887860339,0.1161921576147914,0.08623721281229198,0.053847787309526364
1016150,0.5266116451716866,0.5097130726276129,0.9700066422416566,1.0850445221571843
1016287,0.08085835379185362,0.07725750695501854,0.16169384128564723,0.06538712015514328
1016683,0.10119604246760637,0.17056851468609519,0.20677677590492347,0.08603122075278001
1016972,0.07672530859943547,0.12127719348761676,0.0874855209152862,0.08044739788973862
1017115,0.05443677716796193,0.11281720430748911,0.06144175300517844,0.04427811877648753
1017284,0.22914552842187152,0.2896911892512261,0.20542754575095498,0.30968615973108404
1017645,0.061870633010308505,0.04822937041084736,0.08457726715420046,0.41138229828149253
1017918,0.1584701725077825,0.07292015272168496,0.08274153213070656,0.048930742379107
1018331,0.16891887620408705,0.215378511114017,0.15473257188287456,0.1339542164556944
1018561,0.10677337700826205,0.13440937910097744,0.11443767244382112,0.05779364861992376
1018674,0.07245033601435433,0.06807152743376926,0.06110882174465518,0.036232732739290216
1018724,0.0,0.0029711044052943805,0.0,0.03819268946621999
1019231,0.2507215136050395,0.1373782762205067,0.11688054174455785,0.04409466694206157
1019754,0.2285575817172391,0.14270533354257595,0.05627582275318746,0.051444816905702975
1020066,0.11964587238112163,0.142072402271305,0.13430321015848995,0.18163791357435358
1020317,0.13697866009400184,0.22626425195349842,0.14945159705265432,0.11382656642114276
1020455,0.0,0.0,,
1020580,0.0862100732419154,0.2449632301751904,0.1813657440330042,0.1493836410847732
1020585,0.040382356529912025,0.04447773926545558,0.039626271761241644,0.04558851096645673
1020617,0.12416731470528267,,,
1020918,0.11853628610750351,0.0870745970191315,0.06207518559584789,0.05880986169418266
1021008,0.024566662484265485,,,
1021117,0.21717784414603108,0.19559481989709437,0.2820550296767968,0.3805953962228965
1021223,0.06886106856806015,0.10227543280424534,0.10467925731680389,0.07347711335501071
1021249,0.11524820720322558,0.2324864418431744,0.5467858858541093,0.18410888502697997
1021258,0.07987421222317842,0.4356422018037034,0.0389188596536822,0.0726975340133868
1021296,0.11619392748316293,0.12477159614266821,0.1464558760128489,0.0677900491256477
1021642,0.2804761891804199,0.22899994356149644,0.15894801044047727,0.20604762508498997
1021926,0.11895936150460398,0.14603021616715395,0.06218486559284309,0.12491618741110137
1021944,0.1339496540094949,0.06001179834029351,0.09752455764105902,0.06249556056130066
1022314,0.06588402307969458,0.08554017879479327,0.13512117607527688,0.04565599407745866
1022837,0.4176429962844546,0.13567944432729662,0.2791167689928291,0.38483881438008494
1023279,0.18838162414816487,0.48047947383380807,0.23089930785567742,0.4907369783292537
1024896,0.47165571003132234,0.49366702589659406,0.4227753786613977,0.2943506271914389
1025421,0.09444228139599288,0.16732551272227014,0.07483608863091266,0.3577809358843393
1025835,1.1053362323790972,0.08095194739371564,0.0998362091931446,0.08362492921848434
1026013,0.0,0.0,0.0011252516961255522,0.0006563686282749332
1026200,0.03908892854877596,0.04111879620242271,0.04827547768782771,0.2141246446733249
1026710,0.2730522819611059,0.1897755864609259,0.24308506949868047,0.3069052624597694
1026720,0.10207146685595384,0.0036907674702597445,0.17228035510260115,0.038471658949878286
1027451,0.365287668152419,0.8769432641413516,0.26557624492814164,
1027570,0.08690351917224895,0.09596323086665746,0.11787774125262457,0.06206398113318291
1027796,0.08185606339363535,0.16714289782723707,0.16145008969855282,0.13467882400005932
1027817,0.05094251393219825,,,
1028074,0.3265603377208179,0.34526054442113935,0.2235103607685021,0.41072668904936144
1028874,0.08210049612017783,0.4271431662447277,0.2124438024106035,0.3609245079837694
1029160,0.45187793275046656,0.7071026823499441,0.6347113636482952,0.42895905627023706
1029311,0.11022387149619857,0.11570174561387817,0.06510593890621372,0.04663967933845819
1030618,0.028245435460601986,0.05739915610092053,0.061304103319543946,0.04911019275905771
1030818,0.09899544744804753,0.004293937453971314,1.2623648888972754,0.0
1031972,0.1148707968032559,0.1731781086731533,0.17547154482175453,0.07246188491857622
1032814,0.032484526213564034,0.2528415893202499,0.14135612223688857,0.0413924718974418
1033225,0.045675687495499495,0.14046946799530596,0.08458688266121547,0.026981477284069053
1033324,0.04721690277137625,0.04373066781911931,0.2024384691547984,0.15078925471468696
1033427,0.23902485287312356,0.32394431609366736,0.3802163001642805,0.28071344824958117
1033475,0.11257229857176854,0.10327286523675544,0.03771907147144833,0.023365259281426576
1033505,0.0565103035753994,0.13701358976676695,0.14959717863188737,0.04666606999757322
1033974,0.06646470004884084,0.04610049724999153,0.07202919375397604,0.03988931726208987
1033984,0.25066917838650965,0.2614572570948659,0.281168069206991,0.19697434020002907
1034196,0.021419420919075113,0.0018103458572885768,0.02852894779435487,0.18909296020710406
1034369,0.29214453552485453,0.3751930625026517,,
1034524,0.09660955922845546,0.1760274799188158,0.10053585254022603,0.12255099864805732
1034541,0.08229189218295421,0.12799399989498353,0.13363798585903144,0.05977547312772697
1034546,0.22669181961416768,0.16617939126236048,0.20430826889962772,0.13928242516494824
1034549,0.04351361365077181,0.009340463587275355,0.4004666206206317,0.636963370009459
1034550,0.005648170923968098,0.046621722880076565,0.04370038896273263,0.12122101722887642
1034569,0.7287475630043557,0.01889289047524891,0.0,1.931571434871662
1034642,0.04489029416773757,0.03795797202765697,0.028407945457020946,0.021714995415783627
1034771,0.08805401074900657,0.0732816944335577,0.08076128638127769,0.04845110356284106
1034886,0.04364538146694125,0.6297190800573316,0.033835981368626034,0.633944783064102
1035350,0.2411731906877312,0.030415302281512704,0.041769143879095104,0.040110760721413764
1035463,0.03715090366870879,0.0867351325781079,0.06924244719070552,0.0575788874971917
1035674,0.2592569650828806,0.5602446226437433,0.19870767110964002,0.14991989387458707
1035912,0.06169324118705478,0.048196639687923794,0.06183869953402608,0.08976929036820601
1036248,0.17588180041426993,0.28592912333566656,0.37900985396962217,0.27533815737142864
1036288,0.2969328541419708,0.026958573974144622,0.07468695307661921,0.28696433189766046
1036325,0.05297606127094616,0.12631485802506234,0.03626452409492723,0.07567834871492218
1037353,0.7580695856319989,0.6374173370287098,0.842773322697703,0.8442545112296688
1037389,0.5102475460235649,0.5537638594778582,0.5157105589798255,0.521343392877151
1037558,0.17613343186121797,0.2923481467737303,0.041603579782809555,0.023381409599730587
1037763,0.049006256487332235,0.11243352640791317,0.08847229706324211,0.05286964718688582
1037766,0.017134487361110062,0.016840424702273524,0.014145340322208912,0.028324743200475237
1037792,0.15125402950814135,0.12196716940305241,0.14813763349151465,0.08543606683088352
1038661,0.10521782580635847,0.07212304698918261,0.0702608967053327,0.3146903587214323
1039067,0.02954996945858271,0.05661465693687233,0.45633717287041053,0.7458973308346784
1039128,0.2936769185368618,0.2889447334898886,1.1550731240190595,0.4187619757178626
1039565,0.024509505256013003,0.011658582710112603,0.04827196583796269,0.03770185637421536
1039765,0.5266036906973229,0.7178943075693016,0.6393272734557333,0.5826264197818778
1039807,0.06400412870259646,0.05362796524708102,0.04581951868184013,0.05311282490258975
1040188,0.17274221845324852,0.2070475056499033,0.1807058331173759,0.1481357316543847
1040190,0.3219285861103552,0.17461248623400988,0.2973468864454844,0.2404667617792667
1040197,0.13859037560421206,0.11190951279756554,0.06577255563826896,0.07986659869861754
1040198,0.6357455374352713,0.7194892964115255,0.8381532500450228,0.561186285125093
1040210,0.027037656961049254,0.0829447641084511,0.03327634927847865,0.03724992347220273
1040273,0.548043423625171,0.4248342594776288,0.49009652409112225,0.6887241019250209
1040463,0.1070222019849154,0.07748313416866501,0.018795996392222583,0.03708077232556315
1040508,0.0,0.05846569484638146,0.0006757297986869958,0.002261937182976662
1040762,0.32173419101025036,0.3207528386405183,0.3634305219911144,0.3094742873127746
1041283,0.03229606678095969,0.04157334384059985,0.05832920934037507,0.05736109321607371
1041773,0.04857262994645675,0.062101626628529354,0.04562352049792353,0.05417448135513929
1041885,0.04567473142542078,0.06376736025154303,0.05896347239000464,0.0508765591655519
1042046,0.08130751333714983,0.08690097630656658,0.20952259170966708,0.14578234234194318
1042063,0.056006438550095954,0.018703516731520976,0.029891127431539644,0.0017281570847680406
1042537,0.31946658760005325,0.19113106400999053,0.4739558303531247,0.2427857968113346
1044797,0.07103350329970094,0.1395447967693744,0.14212309174814067,0.10129566615421842
1044905,0.024527264102670997,0.06544531553308038,0.0501856500016834,0.02975577335519497
1044924,0.04418417531818735,0.014168179356397451,0.014228890006555528,0.03356046535737034
1044929,0.14644551391297306,0.14545942510370571,0.10935281498802724,0.09139799679475938
1044936,0.36324326193263834,0.24303751652413777,0.15978556109165318,0.1876535546253417
1046187,0.16666670397919958,0.2187535874361016,0.11777912453994896,0.16958591033368614
1046192,0.05528646344736321,0.07734823747559014,0.039595708590015384,0.10250793032208722
1047142,0.07564474061766074,0.09400214814794311,0.14346700856783148,0.0788634493490911
1047339,0.03514532706930632,0.034302715980902655,0.021870221236366574,0.02338629905167472
1047859,0.6244583683162503,0.662953121302686,0.5265761783473228,0.43734531473125704
1048462,1.2596973727340628,0.8094355499871245,0.9143969614591664,0.8339578718559898
1048703,0.27216349473490203,0.7629304382209086,0.300350764444306,0.2054564835545643
1048921,0.06746589818311786,0.14838040372722214,0.1793650118291374,0.03095707768223693
1049648,0.04442715582232894,,,
1049650,0.05902795765143626,0.07701902267184506,,
1049662,0.34150434588815404,0.4451325736699443,0.3935645303615852,0.17721446600901367
1050068,0.5932949420052444,0.7246999593932871,0.05266981465513991,0.06681455450710334
1050417,0.16985316152768395,0.25514976076991713,0.1009403050221958,0.0709517588791954
1050442,0.09511596586775645,0.024732794908860763,0.15101072832619925,0.09166199588152783
1050463,0.08881113362836557,0.14585866158263935,0.11719387895663579,0.19610610397732742
1050464,0.2633034433776924,0.1135832265651189,0.15109858743212515,0.20020150338001624
1050470,0.0799306513564304,0.14916915650226678,0.09849972564076892,0.12002111211498244
1050477,0.15597350215343841,0.0482195387828643,0.05899699660324782,0.06355453063837307
1050743,0.18216966289398293,0.06971583709828347,0.06440388340008979,0.07523712922047411
1051359,0.28004406025467005,0.15166937201734831,0.23184866479118268,0.11540127524590774
1053013,0.09237800022175358,0.08142235792384779,0.11743204052982635,0.1588938434482915
1053054,0.08421346818334996,0.08940098030598634,0.060061997970217884,0.05539017357854597
1053055,0.108857462282928,0.11904997182307511,0.08670368046832523,0.05163238597430215
1053292,0.14113345805569175,0.10468655089695814,0.08726663667704629,0.16591269293458674
1053321,0.14496209396607296,0.09232014708581018,0.2027985937100613,0.19019973871042986
1053906,0.37229670950773763,0.22101425668248093,0.2647614703355336,0.7853085681333627
1053914,0.032426231377240836,0.05853682155204836,0.06154180899708522,0.02292827599884103
1053994,0.4114536398139843,0.50432596634946,0.9490687845982286,0.4837346143313547
1054074,0.20866672030083658,0.20262422373147826,0.1684163025852801,0.15739570518934534
1054257,0.05013530915546085,0.018671972260495683,0.04524530655805377,0.036224139100021625
1054425,0.05204394239841181,0.030830835590647167,0.03862292051367694,0.06025296578513481
1054522,0.0,0.0,,
1054554,0.13492970549528116,0.08885642660927538,0.07412059562979634,0.05089196349041191
1054587,0.38210351972782064,0.508090125725601,0.8487344759096248,0.5915551947037471
1054646,0.05018137152160305,0.17969818382570063,0.04115073117193875,0.07789669981358575
1054677,0.07122521069737231,0.04730565718021328,0.10753665401007738,0.0530545057790161
1055290,0.04190490157028022,0.08921677445916473,0.06764728399896659,0.10333789800227068
1055544,0.03918716936094254,0.03129373518156522,0.03681067283681475,0.04647054193335756
1055951,0.2915830561488028,0.17642539950810956,0.31076960554843996,0.24462741997094378
1055963,0.1768690138891942,0.04210801439716272,0.027863200831091575,0.03903149147714401
1055964,0.10876031672809183,0.0937497459982864,0.14593733895047156,0.12213749084316532
1055966,0.5427017060372364,0.5799053938743116,0.27997640508363036,0.34674330915681806
1055980,0.08406083534623697,0.0856955149951254,0.06471871561028295,0.08026964515376794
1056053,0.0750919483851123,0.12471170257693574,0.12603854840778803,0.11142970300021532
1056288,0.20675809990947203,0.24751446347069986,0.3147890077376127,0.2018117165008361
1056466,0.4539168941826147,0.23549147552356153,0.46021280445868273,0.4376614118066101
1056488,0.06295315407406875,0.06544477112525234,0.05061372457460236,0.03706955965125666
1056491,0.22379541558458152,0.5807363677143789,0.7533801039834922,0.6540899554984358
1056516,0.1833395289922786,0.17741443156528383,0.35885245112329317,0.15591961238902208
1056527,0.3468596744314913,1.0244423865357049,1.0230648334698793,0.932195733075438
1056549,0.06666937967445015,0.1143873602424407,0.07287466631872332,0.03387756705109469
1056559,0.09150825102378805,0.04172434690368363,0.03595362146712252,0.03801118089200971
1056581,3.908346254424906,0.2267326821559987,0.24173461328051157,0.10263220889072326
1056807,0.20387965288056145,0.2695956333816021,0.26933142264363835,0.15433211965369525
1056821,0.36273914374683824,0.712547973635828,,
1056823,0.04236159455532197,0.12030932733741788,0.04298176011619739,0.045713242196717685
1056825,0.09012127772415118,0.2380441749058248,0.09205173175109452,0.017640089503033845
1056827,0.008331873758303332,0.020072956189587054,0.04155122923032301,0.01806020247199379
1056831,0.032155603019263145,0.04209737987883305,0.06238433371138822,0.08876456829513259
1056859,0.11822873518011866,0.06122858406558115,0.1478761725609306,0.08814377747869653
1056943,0.02399243911130545,0.024698411450511788,0.029535323726755682,0.034583202448223486
1056973,0.7993877463639891,0.793615318070463,0.6874965809741221,0.6732093393541076
1057395,0.04652627856765377,0.05604516662473985,0.07479327866721344,0.053983823776992214
1058022,0.11612148665553247,,,0.1462720724386549
1058231,0.10799990800678584,0.1591281888072064,0.19847526741844523,0.11058574850439391
1058470,0.6877959482936824,0.35138590475191567,0.42979807834636263,0.27606803702413085
1058800,0.14820696010444961,0.17113636118280426,0.14720053564701657,0.19223612874436777
1058854,1.0477235513242078,0.29725188541638586,0.25735680822467916,0.28960996839170594
1059057,0.5924532410901241,0.7636838271877945,0.25903913238027304,0.2856007190717935
1059187,0.2054115904981623,0.19745491927498618,0.27966247339820477,0.15481681699432584
1059543,0.25734900410450595,0.06842502669595535,0.283068682696878,0.19651277236313106
1061165,0.37827899435387646,0.3534686076305462,0.3154025930357661,0.25456171377865033
1061186,0.2656796563502788,0.28692039264383046,0.21923340858516024,0.2850612078553664
1061768,0.1951183440271076,0.23022503048604515,0.3043861320764434,0.2663644174118242
1062938,0.34905249376057756,0.45618810062097387,0.45263136220558414,0.44006814040645836
1063296,0.2503664395970543,0.42959225716368155,0.9086624468483877,0.5651676749678184
1063497,0.08220981087956677,0.15473782058739577,0.1478312754807608,0.14367676482796596
1063516,0.02717936824351205,0.23028149396562694,0.19326082633989597,0.44758671823264795
1063571,0.06331790215383544,0.045705092833809455,0.033769895139510696,0.04655669853453126
1065349,0.19242534462532698,0.2100169492393882,0.4256622287477238,0.15652563495718697
1065350,0.21816152118911827,0.14317623580664532,0.14445818053922943,0.13154907389697285
1065521,0.16295926804268793,0.001673450877797556,0.14381573608980444,0.0793547142972779
1066816,0.049394882860685475,0.1315026588876115,0.06965919679010665,0.05828390693399856
1067324,0.02631175049033531,0.033914287216490355,0.04640247801284052,0.03582758418425528
1067532,0.04472163723167917,0.16479413335409182,0.10118189047461873,0.23631773188761215
1067926,0.11497060453837471,0.1791423873121154,0.12853110614308152,0.13480720497934917
1067983,0.035670820741425455,0.03648247977031289,0.04904241042986285,0.026104944177181275
1068804,0.5628423051964282,0.5750164356679646,0.7800712822903526,0.36008972979605486
1068837,0.6680602768070407,0.15954978612339848,0.3055152486045514,0.27534669459225153
1068855,0.04834432859882573,0.06881722734883064,0.053851478196305716,0.04266992405639025
1070134,0.0523376813049279,0.0538921261143005,0.08053151832123998,0.08296968629203264
1070304,0.0,0.489248495239383,0.0,0.0
1071061,0.05064754724872236,0.0497507982265728,0.0628723691705157,0.01947745807725219
1071483,0.21951708916921367,0.19086777802669055,0.18707357552491138,0.2008175108332006
1071640,0.1573554816304185,0.2414400509589852,0.3990982705144896,0.11536158541485547
1072843,0.05635673380512192,0.04920528175716165,0.050555424532780675,0.0668134002315715
1074034,0.31442356675386424,0.25519307676373093,0.4114958738508937,0.43817735526479207
1074272,0.10857176435547053,0.12174733136500869,0.13678678810819017,0.07927991848241638
1074273,0.2179492450400876,0.20634724787626055,0.2081554606632866,0.404852866021259
1074902,0.06534803137372598,0.10431377667698871,0.0442232889187637,0.08144570453198215
1075444,0.001448997302890085,0.012897252412281268,0.024776040409242153,0.0020797376616506673
1076598,0.0730716302170928,,,
1076809,0.6621402952972751,0.7114828658293627,1.4175873411718682,0.8754268796664023
1076964,0.05546270712253612,0.17390958838823123,0.10780590888550087,0.07100142911364155
1077428,0.10953957688895333,0.1902224348728994,0.22231260512059947,0.11923265611764337
1077583,0.13337741382329166,0.13901567598619993,0.08535305643098202,0.10364037757575807
1078013,0.25976593924560437,0.2279829287989988,0.9453223604034152,0.2787023427206876
1078246,0.1910384732587395,0.06294879329538727,0.07626646495812743,0.22732307007794247
1078635,0.002180194213566465,0.0052040021438424025,0.1407462619966093,0.029591893345150413
1078841,0.06505369319906852,0.18789253448911056,0.08792693713768356,0.038240531221341904
1079112,0.05265476807858431,0.08602756958753584,0.0757097690818914,0.09017541087996332
1079114,0.3858657477161726,0.20695043847124728,0.21095674301371656,0.2297199799076584
1079398,0.23870531767669348,0.05917636157253154,0.12242273194559215,0.07521352292327875
1079736,0.03209546671000169,0.1213848260909087,0.05979805704601887,0.04632505419792505
1079738,0.06653268528280588,0.10754451529654169,0.13815097065493082,0.0690767794505569
1079930,0.049833723389592875,0.07190632656134237,0.10303261282123981,0.05932136731536149
1079935,0.1520267381578557,0.25429186960171457,0.28805439479230494,0.06393986266949633
1080071,0.12485361585504921,0.1885961294015576,1.1169712495732211,1.8021346673116767
1080107,0.06407189266235362,0.1198304221775988,0.0842669093787995,0.0692132690920234
1080117,0.3346892456259096,0.5421319015055335,0.5882571117619889,0.3968136689267845
1080132,0.032953971233000846,0.09467278712659241,0.07037227747595554,0.06575536529249336
1080166,0.015762386620737142,0.05834349757773223,0.05590585790588187,0.03994267613089705
1080171,0.24914108899395596,0.5084561571014051,0.6887405202949889,0.5986216549570513
1080173,0.017299876521463076,0.02419040560508393,0.04643520258428365,0.02865990321598598
1080197,0.33419811370016644,0.013749148113542208,0.0067462768737729184,0.014653534239208368
1080201,0.10544425967116765,0.13951501480424827,0.13038224914352664,0.1703522798308165
1080298,0.1825543375126211,0.23803080463953524,0.21578914265537785,0.13746840754747433
1080351,0.13347559311123766,0.1301322452627131,0.24880913687079761,0.0860536089345247
1080369,0.1286074850982817,0.10228818648317681,0.2138491407524972,0.13926344882269262
1080374,0.29977315272837135,0.2839323564954558,0.2544400792276505,0.27552840247275456
1080380,0.120901726698004,0.16296979235601425,0.2651445229999481,0.1407047893182692
1080381,1.6986851456024847,,,
1080382,0.1686140565578877,0.10382611691033113,0.1967672809304808,0.07387601489721438
1080383,0.13851919827821252,0.11101311136503728,0.16211925184714945,0.16943886385005022
1080493,0.06059975212246905,0.03535006438553368,0.03826790988452279,0.04454322944739405
1080523,0.10040693782491339,0.08161667584301467,0.14741292847193246,0.08476913150582313
1080576,0.8751547682144559,0.7607409481651979,0.21548299893263573,0.38484660908187
1080628,0.13773156965012784,0.2411692886080418,0.21292229291574272,0.12220950257616282
1080818,0.06505065153387359,0.6557974988648292,0.00020149534963751772,0.1047994405999401
1081019,0.03584986787548721,0.017974992793388773,0.027331528858561254,0.03922817233585882
1081198,0.4143224445757018,0.07026767758773582,0.12748536427373008,0.016035872662770765
1081407,0.12569440691057596,0.10540057862109045,0.09084729672545129,0.09681641710668513
1081668,0.26760119771438906,0.2073854597527355,0.2353727775976027,0.18414779589213043
1082215,0.03379146263587193,0.06832382985397978,0.03940095849942936,0.04451736613446808
1082327,0.17329829820194992,0.2015675522092699,0.24230510063249996,0.1774194660280945
1082461,0.022522259808623768,0.026205152306020742,0.035056703026777956,0.114828828240541
1082491,0.10744331595797042,0.14024988713330458,0.14729339986823994,0.06517788598080702
1082509,0.1490704190081964,0.09749743270564748,0.032768119777771214,0.07372349840332533
1082621,0.01585775386842155,0.021493665663855587,0.01912044363439151,0.18730980103941422
1082917,0.14802081752282134,0.1510138815231983,0.15295723079862356,0.11100224367744418
1083190,0.18765184215344222,0.13426588024926603,0.11519976792817148,0.09169251794306812
1083323,0.028276268801690627,0.20014955585233615,0.09326672328757496,0.05566596725825485
1083340,0.036416667925952564,0.04146393098299685,,
1084207,0.05676942080662183,0.09162852094584997,0.04695612542314267,0.050518069578833216
1084208,0.08946814702826439,0.08051465515437065,0.08577202174110293,0.07306937493930421
1084580,0.8551785531928722,,,
1084683,0.09139380685545526,0.07457879283225632,0.16652410296174816,0.1591031864998115
1085041,0.35609722935526117,0.5529193528348507,0.5114767501815247,0.08031982904331218
1085163,0.031297791080354624,0.04712022873794228,0.07042997450379462,0.02734929481045815
1085227,0.010617652034083071,0.03251627189583492,0.03649039411302897,0.029405486224833716
1085393,0.26285521341087337,0.27289768589904567,0.3749979642627289,0.3967929585482148
1085550,0.01964685404048529,0.08201321253358781,0.003183354808520662,0.2738222003343682
1085601,0.22920569307542804,0.22539206048206492,0.14940669941926513,0.14524446017554077
1085867,0.24234557564788117,0.501939850567681,0.19592397866687683,0.06832586200980865
1085936,0.05971202220460308,0.10161512503923564,0.08934596234418238,0.06912995611122019
1086318,0.38015152521557705,0.22519291316958512,0.24841087264323675,0.5810479965864775
1086416,0.5045413420120843,0.995957577880697,1.107868953713388,1.099865760262199
1086477,0.0,0.06329704042295549,1.590482861251015e-05,0.0
1086483,0.15274904132354322,0.16288969371681347,0.18064599442240598,0.13168304868037198
1086619,0.16698557912587816,0.17181412130832666,0.21822409779265808,0.17718680175716234
1086762,0.5998831993512332,0.7235221376480166,0.6537984454130111,0.7824144250434816
1086763,0.21059016028422178,0.24740291972224024,0.1787311881581096,0.1569403592888672
1087912,0.6315327199193165,0.23065632998831812,0.5439489841636916,0.22124253727829798
1088731,0.20656811131212846,0.15501493866469734,0.18499077772338082,0.14148173214775508
1088859,0.023251847581150276,0.022596902814148067,0.023254361867245048,0.02316885670392834
1088875,0.12546686870068016,0.08729692519602311,0.09278847546360457,0.09173349696905084
1088950,0.06375572423954892,0.07211572053686639,0.0644942992361003,0.0901145810377019
1089707,0.021236659791649418,0.055956399789989356,0.0440583458704493,0.06774395206730205
1089710,0.024116160063084945,0.050965166151946906,0.028429792294146765,0.007920988238643309
1089755,0.17006959483528372,0.15616739935685978,0.17676886133976416,0.1967647367121121
1089877,0.028853893557033883,0.049198126312079586,0.04241622788588894,0.04068764739422481
1090413,1.189485593125037,0.06948735983832229,0.03485103066172356,
1091370,0.11434719152438365,0.17569368621952133,0.09433220973393543,0.10293090060658053
1091860,0.26964606765326604,0.21304873007367173,0.20559056389522862,0.20924534425916094
1091923,0.019236457413562155,0.048256936117706754,0.10882747927899124,0.04377725085855748
1091961,0.15376571512455933,0.17203655036947846,0.11494346980276308,0.032686166554692114
1092203,0.4077786237127923,0.10971907707018051,0.7051082756027757,0.23475768648128253
1092290,0.12429833167427337,0.05322146583706165,0.1443226258243302,0.03774874140410424
1092351,0.20898075889748893,0.230466288836872,0.34111386969554724,0.15275780490389376
1092838,0.2421180979569293,0.1267871695274321,0.2348628481787532,0.8205856692238421
1092903,0.11659481606483853,0.061207372026695094,0.03976525060729214,0.045625468920175216
1093219,0.3645744407359712,0.4206586466184432,0.640830111780009,0.5107819956084444
1093276,0.08829999221285952,0.24947409423710162,0.1556133065086002,0.1531032582357013
1093589,0.08999682621518935,0.17940675601060488,0.14188153727013514,0.08054063455040789
1094499,0.025485991296277426,0.09876619819779589,0.2401050463439344,0.12295485955963371
1094584,0.07805802675598521,0.1370719484372197,0.13647629630470168,0.16858655486236257
1094749,0.06687113292829397,0.12323166634055885,0.33467026390914756,0.4695734368924108
1095836,0.03162855605861679,0.050501861894309975,0.03292394527050714,0.03886106035348235
1095952,0.9034838870647677,2.029229169961312,1.9813705610222503,1.3603028693973114
1096343,0.010490906099318959,0.11109917870308653,0.03254839682539864,0.0324884657552158
1096783,0.11120951804523128,0.02797903932268479,0.03107001436857705,0.0213007289258521
1096978,0.25478685790222344,0.8966093772891279,1.778481859474928,
1096986,0.0,,,
1097218,0.03524141286808953,0.0748013476015008,0.03083545209291028,0.04904024131612182
1097278,0.3749428478099294,1.9897524449619506,0.9830962035777642,1.8609067271605013
1097362,0.014110688623160087,0.006534035106475652,0.03862454269899262,0.15138661858584232
1097833,0.008242127590881903,0.6773960005055935,0.0017589144107582272,0.006215291146701309
1099219,0.03846261866685043,0.036477382019821696,0.01166406008952071,0.024992589728804922
1099281,0.05832200163623457,0.2600243323210775,0.1308097366812024,0.12244389392773478
1099762,0.05690333406852803,0.07594010805273071,0.05922542751547953,0.044842860664727036
1100710,0.06197405699705214,0.19185720392477698,0.05302507573139178,0.06867705977887151
1101250,0.043558208827389956,0.03739847362811114,0.028033465700308954,0.2159317583641376
1102062,0.28777635628833004,0.2003112831905833,0.26993666701181507,0.7227969899479276
1102256,0.05273996052825563,0.03305273747221264,0.06016185827823544,0.06320353766055431
1102578,0.1008078756034426,0.13168732159669636,0.07167062069527466,0.17843713887707074
1103139,0.05745600926507424,0.21542804375144514,0.23761898270814538,0.3038433787859022
1103245,0.08681220394529046,0.36694186587191796,0.06322651111411441,0.033597175037752426
1103646,0.8043334898576755,0.7591189880029405,0.777952358772396,0.6406080970118282
1103653,0.061983918020078965,0.07923548450633518,0.11945380618176618,0.0600972174399755
1103738,0.24151218223850218,0.5087268672413174,0.624866956427665,0.7084988523551728
1103804,0.4995843425222164,0.5332125457892132,0.5071966528254372,0.5756328610529281
1103882,1.3526826946511477,1.1814831419771197,1.29884578388551,1.3690163349059292
1103887,0.7251421054387188,0.42342758794070456,0.46604615274099176,0.7862321311933076
1104186,0.42996468010631594,0.5388526958213552,0.5453006591518892,0.28445397112768456
1104329,0.1839300290723102,0.27787696735029066,0.23847735597566527,0.1451777392244016
1104366,0.010805584663058379,0.014737414039228193,0.035954134833618395,0.02550499860650001
1104883,0.3663558105692648,0.44761220426113374,0.4504707439648603,0.38024722841614234
1105087,0.42866127320228525,0.28480444512033753,0.18844893016180625,0.6300313444034792
1105344,0.0796992869202038,0.04120599729412759,0.0661825170318383,0.26061453545034
1105467,0.16931070208851542,0.11069546243904539,0.2339599667890535,0.20701134089289014
1105471,0.025739224349282993,0.006402023730573422,0.01680072502791459,0.01889969817321612
1105497,0.0,0.03280334453216172,0.5272790868467665,0.0
1105837,0.05690041571394682,0.06961322379418163,0.0797925527244658,0.13080649039136524
1105838,0.10406739231239279,0.0922745698578897,0.0645589842487004,0.19590270445485794
1105863,0.015583515500736748,0.012260209202931163,0.02654359942979628,0.02047526719128093
1105907,0.15113930019268687,0.09811609846314685,0.08975699991105879,0.10025533804717296
1105909,0.07517446800296834,0.14438686116697846,,
1106051,2.678899165902717e-05,0.0,0.0,0.0
1106129,0.036075884365375954,0.10962180395411515,0.07040676429737695,0.050396154859248164
1106191,0.28648298264857824,0.4476781981171911,0.4120250697889567,0.2425244792716852
1106500,0.2823758229405117,0.6221632820840124,0.1380513918185759,0.34012775061854666
1106565,0.648741351158674,0.6988258228677124,0.03888137126959541,0.043185426920070366
1106832,0.3524942702758209,0.4435419124196978,0.46624758320896076,0.46481495230277275
1107075,0.10974018660576132,0.23239147092511386,0.30053580389167883,
1107261,0.4480343306551393,0.32518317763333376,0.2507202509414102,0.3742114334421117
1107310,0.3251265177535402,0.3390037091017188,0.5358914516622176,0.34912625789551904
1107314,0.19118524619379443,0.2123187590342273,0.10727039926547431,0.26468221374693657
1108524,0.30299476550522986,0.0,,
1108831,0.32899969177198574,0.37737811480775885,0.5217303273421742,0.41920453790974
1108893,0.042909690871579954,0.017840008421267182,0.030467272789324724,0.08774919126506014
1108965,0.06812899744357516,0.020480996871023793,0.03259703744674969,0.0355844393571801
1108969,0.12545205187966274,0.14234043219604062,0.1024207622745106,0.10250009251622273
1109147,0.5118936896359129,0.25682580787035103,0.35310748441249146,0.2799329186882056
1109228,0.05137642990929135,0.05117803096252462,0.07577199479914752,0.08008989370217186
1109448,0.1195995328117703,0.13396906171252587,0.1367888113444241,0.12479821802346279
1109767,0.1780980854937955,0.31388181925965386,0.1487504490830624,0.11498766104481828
1110646,0.0228148330172383,0.027169863626983117,0.0,0.0
1110806,0.15654880650729638,0.14656203254529424,0.12336595561197668,0.07834271753777965
1112325,0.6705529981003859,0.06664718057322298,0.1047265602668574,0.16269382245196298
1112520,0.0280355678164844,0.23833084746089175,0.01825991560904049,0.030632450841465236
1113000,0.2829351719525376,0.43107902336884657,0.48115046787543403,0.3269963431352562
1113629,0.1567090397236327,0.10877414278731609,0.11494916498919319,0.10618906712565747
1114618,0.08030374127708734,0.1068870473492567,0.13997756499423514,0.09528413813857885
1114702,0.22906693767377193,0.16844842717869277,0.18861720127518228,0.20379832850598062
1114739,0.08924556609862046,0.14928506917848727,0.21543893465363023,0.08393431817190453
1114928,0.04446003304898643,0.07725254515845226,0.042052879559576775,0.03444542792246204
1115055,0.08761438409856918,0.21476972542866563,0.11331828323610248,0.06619275990197193
1115373,0.11571785029971518,0.04185586598883206,0.09990380935367561,0.12153042587044938
1115418,0.05689987696985961,0.044822926370412915,0.04544220827192209,0.04449840839690791
1116247,0.17861681770356336,0.08216882097190668,0.6237883471109191,0.19645481626337866
1117233,0.10203681241391593,0.11522921157002355,0.0903596640612566,0.17579437833092296
1119032,0.1388156485303459,0.09771979372560528,0.09010138966225613,0.18249513523428934
1119191,0.042406697702797466,0.05391005758906419,0.056668971511315745,0.037137634699927397
1119254,0.07268216505550452,0.0854689571884268,0.104381425945602,0.09441378751040748
1119376,0.9522903654334391,0.5678636194447563,0.4559896712785597,0.2658128960937563
1120048,0.012233609664982105,0.016342092549019784,0.04027057399743508,0.024035830213539444
1120926,0.15938731970552453,0.09293931988201795,0.2994682648227324,0.11489485220301564
1120927,0.12167285660541916,0.30541705143121867,0.24492278901462017,0.09384748868015326
1121330,0.036562295176704,0.11850208761051788,0.0990679791702121,0.08028326028812198
1121477,0.031007570943361883,0.17807060186627283,0.08538507653212665,0.055261836935721204
1121908,0.01096489980732783,0.029605195772511313,0.010151901073065319,0.03256013717273357
1122241,0.1050234367128751,0.13034531637281901,0.14098254158517162,0.06707460611854123
1122490,0.10121184627681452,0.05032007446209064,0.05503073336628776,0.033733390804250515
1123274,0.15917037037164114,0.1343316080639635,0.18074470916611157,0.20488996994668798
1123320,0.011749555371505007,0.002141730662201195,0.08939557110486838,0.01493605314655764
1123778,0.025198767768893418,0.17599031803400336,0.06547504467381916,0.16792854479025288
1123803,0.038177784825655564,0.036017175159348304,0.16222484242511728,0.28107296931016135
1123812,0.09315643563699337,0.0907296847284862,0.08817530315395798,0.04900798844378083
1124841,0.11971832977986636,0.08986708447046998,0.03236526578706749,0.0632729160681932
1125243,0.04514817884718362,0.09449572423691804,0.03630345545871426,0.036336448294150565
1125725,0.1063861543875045,0.3110975313272272,0.42144254019356864,0.1847617950427711
1125727,0.1574023627354993,0.22066246909270862,0.15780828934492475,0.16009613622371635
1125816,0.2277424480064987,0.24285958127289917,0.33225547658587534,0.23990317170877648
1126328,0.08598225860731987,0.10726153451337696,0.0647491775949098,0.07837435402138258
1126395,0.03114053953251219,0.07848339931231271,0.2974039888271694,0.08040930930737047
1126735,0.009115152598754526,0.03219006749284991,0.02991068567300692,0.01734474947923605
1127544,0.057630543319344876,0.2162602020269582,0.02361655427233723,0.022706441886443763
1127612,0.32428880727888154,0.38395576794453284,0.5051437900400009,0.4821361270234803
1127761,0.057305937033467196,0.1192099931962885,0.05587392425094697,0.09419023621175307
1127799,0.2837586166457754,0.3216491281250954,0.4589058357627529,0.3839528030216314
1128074,0.33388607527895553,0.6225098969008249,0.5543014871685527,0.7965605851921901
1128213,0.0731050161220582,0.04935185553189209,0.02125336282922903,0.053150978734759886
1128239,0.1778438858873791,,,
1128251,0.1889054241380752,1.2660903386421658,0.4359583279162058,0.20825106984759503
1128286,0.020344696516970903,0.07194844808400598,0.00872427620773018,0.028480384040657843
1129919,0.10683742214855467,0.10754206133315389,0.2747851828414202,0.13454533286724923
1130344,0.10029716497484305,0.15046812395814696,0.08636864183457697,0.01635269853550167
1130787,0.0736209796892335,0.13877197180147124,0.13005121705607972,0.1513754312289196
1131181,0.2598504476779329,0.1305017918271582,0.22082828386732373,0.02003365259196763
1132556,0.16288918190023383,0.16036907684593998,0.09234874019176746,0.07923273189513991
1132597,0.6490365767551269,0.4699680438132847,0.5943583634085928,0.4657588103990443
1132699,0.333244688060017,0.26956872168614227,0.43203527644122236,0.34988844436572136
1132708,0.050360606930373926,0.018025461123600338,0.07447117729700253,0.021310220943771174
1132716,0.7852394247710969,1.1008590903453122,1.4800752598067553,1.0387157565650422
1132897,1.044678105360032,0.10654462929239635,0.2810487145856718,0.04114508171133979
1133014,0.07898591430101175,0.07990336972965573,0.04091596668240456,0.15689673929030098
1133119,0.07797538483766607,0.07317097323712698,0.12876388945475184,0.05275921161779937
1133197,0.105428704346036,,,
1133219,0.07918734859032794,0.10705987375318378,,
1133335,0.26742848469641417,,,
1133521,1.8324119018848966,,,
1133639,0.1340544649146273,0.10273437373584146,0.17067127177921174,0.2766202866714254
1133653,0.08306931690377198,0.05769642378297674,0.10523647158157431,0.06464518416246287
1133742,1.8064644611734824,0.08389937840473359,0.9698066711782821,0.8388700231612224
1133939,0.0,0.0,0.0,0.0
1133999,0.09175495459568113,0.047196957895325506,0.06668719710068435,0.07019917517982188
1134007,0.2785775261304832,0.3745057430943664,0.22816042646619072,0.25209809260327504
1134008,0.05434120169821127,0.04959032561640023,0.04919428634535711,0.052465495192157735
1134152,0.11234516480779555,0.0808533413576395,0.05567805760598816,0.05918223225167458
1134283,0.11105401891228728,0.09521002453058734,0.1732590359803631,0.11108158914954368
1134288,1.5411331903747982,0.2930292474586609,1.057855291823478,0.41199639566141705
1134621,0.651710025547458,0.16544491633878625,0.0854092509394878,0.1075807486526465
1134687,0.100698118016195,0.13007458577845218,0.2911555037236147,0.18559802005478857
1134813,0.9652724419894626,1.2783219809657802,1.259848097500741,1.3198871208979142
1135077,0.019153463840618747,0.01365771457082061,0.018914456454977673,0.024239432126901772
1135121,0.22591776472032532,0.08226343841047697,1.2763500929787088,0.06206336868873397
1135439,0.03803469560224883,0.16399302495551019,0.09298164318436371,0.023117500182258822
1135631,0.49603969764975336,0.7685027808622621,1.5182375604008265,0.6470321987706653
1135730,0.4567350826717947,0.5655643755397528,0.6943985095729599,0.44943324004418167
1135778,0.18134518544083322,0.29004018790013203,0.1753314504388189,1.9303135826755706
1137429,0.11342387583095186,0.12274312833598362,0.10280628502534743,0.07942479626686968
1137774,0.22404309861509925,0.20844438032643073,0.17530564415511996,0.15522387929289483
1137881,0.06852126903049109,0.07856915249182571,0.05632619010502908,0.0666901170885049
1138486,0.3374865740857175,0.20970764536514988,0.26450842192713864,0.14410635994646864
1138532,0.03156610612086878,0.023053415210566353,0.032189809689623206,0.01925688711305574
1138897,0.1343621675547572,0.1310898938860032,0.07736489500467082,0.16320615043948242
1138995,0.31364207721012083,0.3356072605656364,0.3295815649200285,0.3898696491701171
1138996,0.6695919609419102,,,
1140022,0.1649610308673823,0.21688643001576838,0.22944661624304402,0.36272002716240526
1140315,1.1722213255826026,0.8977016931065979,1.2022842949126915,0.9014760471839893
1140334,0.16300096763801436,0.1196100662843212,0.1503232890748063,0.1881749802139125
1140436,0.10323513957582163,0.11352784834385021,0.08644587907417045,0.06086837764641222
1140468,0.21319685667716243,,,
1140771,0.13873808164593684,0.04328858257238313,0.21844744648133674,0.11947370956945423
1141455,0.2838982774675138,0.2961091279822773,0.6369772824787068,0.41238188176205726
1141781,0.05162368295216416,0.017377564319501992,0.07838504627521305,0.09487222988784075
1141802,0.07501660212658516,0.15297636730428102,0.0873598784405473,0.07147688314664548
1142031,0.14218027229503152,0.15008863357888863,0.173920711133429,0.11719577662495391
1142062,0.0782017743493424,0.47978092507305997,0.07913170553773516,0.10172737957844923
1142433,0.3269858469452917,0.1600028530612766,0.4131292635219437,0.2718706781574938
1142495,0.30566307844923524,0.10782722567036038,0.2552791459780079,0.24828709085677803
1142941,0.742700287024542,0.3678414340129296,0.3552635003417837,0.520871616069556
1143261,0.4941129620677131,0.39394742387440285,0.6081773296984125,0.3867681870657951
1143565,0.1651837288380855,0.20757036875382157,0.6540891968203908,0.2164297176594798
1144208,1.2099269990855506,0.9367486564775064,,
1144492,0.4568468506000222,0.013183775657958035,0.07196469583716128,0.38078910319912906
1145020,0.17150850117231578,0.14542700678501363,0.13213882938353097,0.1698583982366453
1145255,0.261105498973447,0.08529628729721654,0.3333450291917548,0.08384224110936192
1145937,0.14990827074297172,0.43111364153755055,,
1157436,0.11217640115771776,0.11783408903954234,0.06846356612104977,0.11628829112279489
1157519,0.6385885553283663,1.5142351519654504,1.6337838808272613,0.7105236536996913
1157765,0.3050512242714311,,,
1158202,0.2348603127018922,0.29804291078177925,0.3942180114861952,0.3017360349668625
1158583,0.10058715683781747,0.09961526685831139,0.05696016907065531,0.08312433371363226
1158970,0.23033552891950546,0.12731560364526723,0.1992185830857223,0.04884598431128984
1159159,0.36391708612197243,0.34784677499973093,0.1551010193977753,0.16135809117566216
1159363,0.17487014068172865,0.30689668540854836,0.4400048725164722,0.10606336707509267
1161670,0.08318152126553907,0.19216736379864674,0.2461953747742763,0.1349855356440882
1161722,0.11458554105963939,0.26153387896897057,0.3203676172690023,0.084499143415446
1161822,0.18533698186272948,0.20382536497197268,0.447147037314667,0.26784349997663404
1161927,0.47026123102493644,0.424830454170372,0.4676770423644491,0.47981259634644924
1162170,0.04725971197894069,0.05928781670548885,0.03385063992587076,0.028253376842457434
1162695,0.2577409508407256,0.08312125636755117,0.3211210672058653,0.2677492031792288
1162781,0.01821988578280039,0.014845646081612209,0.018581202736815593,0.1129262876052906
1162827,0.022714762080230246,0.015185463019064024,0.013282951660005902,0.04493925891056787
1162870,0.08968903322394244,0.07457900445436168,0.18188286237614493,0.18570794442371902
1163648,0.1374912526409801,0.24933806576059986,0.2514633091417387,0.22230194764031136
1163653,0.8841001783663164,0.6598406585368947,0.944406704504464,0.5763507768778834
1163744,0.07921268167573747,0.05814717387818359,0.060679913297238555,0.06278039947950527
1163902,0.1309470013196307,0.13528529959586508,0.0841958183744783,0.0978288722915409
1164062,0.03629027785811987,0.10376578132573502,0.13542233271083443,0.09515942113870428
1164478,0.02900110653310871,0.03775368078222047,0.027510933611965282,0.015413859029591394
1164508,0.39710436235363156,0.3515208670029331,0.39790857936994983,0.40042861670764257
1164632,0.6201423037179076,0.06776985875759792,0.06133608897398727,0.06592388155079532
1164688,0.10295347532299122,0.21084148328029756,0.14575554622307765,0.09607885387730322
1164833,0.16320132242726315,0.18746101907427798,0.2123481298392729,0.13049924557177672
1165002,0.25274987943492483,0.4829094710513557,0.38136386711671605,0.25893642867491795
1165408,0.2876991875322597,0.30627862052744353,0.31842571026587524,0.2872186875981017
1165797,0.23518076050367417,0.02201672480028059,0.35504511140370293,0.3451671265939529
1165805,0.0570207533957291,0.0772115401617322,0.13596564398855046,0.053493333048372435
1165830,0.0760282133728466,0.05237072367600789,0.09636721066060498,0.19239023970139948
1166152,0.44630071977950736,0.4147442208669862,0.36333499697789934,0.3197764877269087
1166308,0.20858542388391074,0.33381280834251964,0.08097487603367844,0.06469668674234968
1166309,0.3914992126345836,0.5857022744782174,0.28550171835785626,0.5961324845363669
1166340,1.81513738596897,1.871590705933854,1.6174141662229857,1.5128354768748735
1166402,0.06991154965045533,0.06412614511777776,0.11075529990733099,0.10405196280898267
1166559,0.7550983698893267,0.051486306138998704,0.04333008212864588,0.04982139603689731
1166564,0.08171227817441158,0.050993025212375725,0.10435946830458202,0.7947543364121804
1166573,0.1080661181108167,0.3768282671693436,0.10694478997381451,0.05525804792706702
1166588,1.715052068288576,1.7993073807062412,0.4740696607677416,0.41113250154711306
1166620,0.081187988188262,0.1561107458140764,0.26657499359888615,0.12362089718977458
1166716,0.38945785698071356,0.10898054170285111,0.1825507154833889,0.143350828539136
1166767,1.1386199149870253,0.1406183137526006,0.18434800765229623,0.1314916106240079
1166850,0.5938017696659994,,,
1166928,0.11205523407424693,0.16124855680542124,0.11971409115863654,0.07295283150997983
1167026,0.09351034778542601,0.11635811195274888,0.12165084071744695,0.10956813005347038
1167212,0.30264426938562883,0.20747953229611793,0.21940924170294518,0.17732510349375233
1167388,0.15230867945150206,0.18412354673065318,0.18020311586121882,0.13439695446845168
1167456,0.47734087356585053,0.3827603474287526,0.5624279938493036,0.8402533239417916
1167483,0.49517226321448493,0.574692983267694,0.3233245755668551,0.5640831302727204
1167487,0.19095993644541448,0.2205208117412107,0.301627691473032,0.30482472260925003
1167557,0.24909083773729526,0.2624468780569771,0.2516385834316249,0.2800093203133674
1167711,0.3342686845501728,0.25032454151491673,0.06719233982157229,0.17677046108906191
1168889,0.2128057385149373,0.2070058596970305,0.22650903095708277,0.1802153814450263
1169069,0.1683708042358965,0.19573276429420172,0.1318727803029536,0.17722127493766124
1169318,0.05169716226458786,0.05363740627902262,0.10127800309126275,0.10175405844986822
1169581,0.23711510371998643,0.3100065930718892,0.2788941438176892,0.4014686142384201
1169883,0.12519202278792205,0.10071272703563594,0.07991198832527494,0.0813301973974174
1170152,0.3309441739247743,0.2518196644331573,0.40800258496189606,0.33235193568090526
1171592,0.11074748471240162,0.0389763411156041,0.23457684435534087,0.15532406278814578
1172036,0.03815161830882832,0.07825414508187961,0.043848898478806964,0.031658522062649005
1172779,0.1617873725446232,0.07416019624184077,0.14024236985370236,0.14487218448326955
1173460,0.11119682862049271,0.0903118780920793,0.12452278866351774,0.18396016068731166
1173889,0.5600539638336414,0.042078152126673256,0.0601811624537353,0.2748294791710253
1174850,0.06355803420245308,0.07932675397487454,0.05966895660702488,0.15271538122985856
1175523,0.026457632704349567,0.035277133675383814,0.024200900506386243,0.010057955958002065
1175954,0.1556277006950142,0.12534002824548265,0.12285768174326794,0.0908342335721302
1176347,0.0034560788730389263,0.5400520315491959,0.26208820086251805,0.005384748781925904
1177206,0.3667337531334676,0.3084051687974565,0.42590579479798607,0.40349844450375383
1177244,0.19148694479653314,0.2830403435831994,0.13793421637076153,0.13893243620439943
1177719,0.23846364596427022,0.2834394169694569,0.31924935856414444,0.34784995245931877
1178579,1.9861773957710702,0.0,0.0,0.0
1178653,0.0,0.0,1.3084130047515918,
1179232,0.0349952881437807,0.01670930457861071,0.01675085178861829,0.01755592523562442
1179392,0.7372836122358881,0.7960274481860761,0.8674163984366571,0.7448183574341201
1179475,0.3622227236790437,0.21796808653363928,0.35096242797290483,0.4155087204978681
1179791,0.09357957552075949,0.1561042862248382,0.19373610215347983,0.08263140555276244
1180391,0.12041326413422922,0.07854937866966145,1.2752944301420865,0.9777571797277883
1181544,0.16464369321572667,0.1653233994545539,0.05578420744623364,0.07877104843814398
1184820,0.05046686882119327,0.04738452765928744,0.04558836477337912,0.05062384053586998
1185072,0.03130322624109613,0.9531898810259503,0.5324625405986017,0.9984619671112266
1191672,0.47438018875373933,0.5154362573816923,0.525700891577831,0.4136817579318622
1193586,0.10241913727685406,0.09817221031869246,0.1864386241220285,0.12284796442447177
1197853,0.0,0.2364917205867013,0.011667213192150958,0.013362813105456726
1197921,0.02046508517580123,0.010761514896298832,0.01041864332111952,0.014363761141612618
1201001,0.10295030513181702,0.04682349410890551,0.4530588854719142,0.25903419113045406
1206792,0.011736408870823223,0.1350704073075379,0.021804951546429887,0.05082173314405789
1207017,0.1368302126201132,0.18351881144825816,0.1438837371805671,0.16947536735665736
1209324,0.10822024710311406,0.10362520597460893,0.16274652960620328,0.07486062680575287
1211028,0.2432010347426184,0.24597063739214475,0.10896517543053101,0.203662201070765
1212897,0.18795781476079687,0.41547583803237453,,
1213206,0.2180341563412916,0.10044239886797994,0.2516401110994488,0.10313363065209305
1214183,0.05515879338895169,0.06388453432278537,0.05708776292100625,0.04999096469273414
1214639,0.21874398306788195,0.28293556257537994,0.28672128721464646,0.1941720193000104
1214717,0.04519966044559278,0.026033990702525284,0.03326488205407362,0.03975072595479369
1214816,0.06119223616122018,0.0,0.0,0.0
1214822,0.44676272728701255,0.7600177305593407,0.7264572190583931,0.48484982132152576
1215208,0.021109575754966966,0.074554080182396,0.04283045625108773,0.11912210080569374
1215838,0.47555876718698903,0.5125294467371497,0.5049290569228924,0.5439294019626219
1216093,0.03305115408565262,,,
1217541,0.10452227838425064,0.15061547645570186,0.1652169418478509,0.12250871465717375
1217758,0.2625018519367996,,,
1218199,1.3275591450689466,1.0697366490728535,1.8638065688908527,1.5277051441570073
1218210,0.10102335285609049,0.14800537124173732,0.12137494023112523,0.1446776646809877
1218254,0.1011558081575461,0.1041137015028959,0.04675796824724803,0.02963507905040827
1218275,0.1365565453646458,0.4645738430085301,0.6626007979132991,0.46887858075075173
1218583,0.2981305605070778,0.34301359247363017,0.8410683719907155,0.8364512985978948
1218663,0.24628334988039746,0.8631617996740742,0.14405689424495327,0.12203524640663542
1218710,0.9674396739607458,1.0831147532433791,1.1025894548639172,1.0163141539423388
1218735,0.6146179844506927,0.6040802870077807,0.5464884929047913,1.921191560140803
1218749,0.3299686623154048,0.24668380422494224,0.412347486148914,0.15667195130878503
1218761,0.0023573529966309094,0.028305944369348336,0.01981363225334972,0.0
1219573,0.0,0.0,0.0,0.0
1221362,0.18733958323856945,0.19351645436078385,0.25901774731934846,
1222765,0.9451579612781916,0.4907676749796201,0.8875343349432762,0.8177250258115564
1222993,0.1226591916671115,0.07408711510361972,0.03872102784731738,0.02626791277335379
1223025,0.3300983868148728,0.14800942598040312,,
1223779,0.0871313659602813,0.04445644689946067,0.384468742608935,0.061749610137554777
1224014,0.38403584445322936,0.2840200195091011,0.4091542628011132,0.2908099483514285
1224324,0.08163622713539077,0.16192864008994098,0.049932781435946,0.23511879111952055
1224608,0.0,0.0012405712355618372,0.6496872326066624,0.26404803484716416
1224890,0.03809700365226526,0.03362841629216316,0.03030101262456084,0.018204044820109507
1224962,0.3095400798561118,0.3411438314778182,0.40550779906497625,0.4921463874394761
1226886,0.18153707244043435,0.2533243902147464,0.19938707200621195,0.23430129455588455
1228242,0.19937012180603378,0.25184026450796315,0.20261954230328078,0.3199698337276368
1228754,0.08611588318263028,0.0019485732749991973,0.048325465931377244,0.1663374318366488
1230239,0.18468982923750615,0.2205057749809801,0.22607582747466398,0.21476671528720512
1230765,0.23846246874144275,0.12782355871576523,0.15292553906687062,0.17196339620406134
1231756,0.0,0.0007231331972199639,0.0,0.09668686172548877
1232395,0.10990094140622922,0.13564640916001508,0.11113047992297993,0.14320409171535065
1232621,0.4443115394872705,0.5201759037335173,0.5019154786252878,0.30306773056438047
1232960,1.3193993725577662,,,
1234074,0.20394852714101958,0.15974206511241093,0.0706598996948069,0.1016867370881888
1236421,0.0,,,
1236615,0.0022500169528718882,0.0036444385017356576,0.08678144420116218,0.10338536894386197
1238990,0.10869888689716024,0.1606405846578318,0.16897070420462923,0.12029806256570677
1245862,0.11499546246323825,0.2836987671819773,0.06708724181469194,0.1428654705248871
1247497,0.5179684582249808,0.006269317043774121,0.3735543859857608,0.002875170691981327
1250731,0.07010795691254716,0.13990353802895633,0.03309444682999512,0.6614825627849756
1251567,0.036225440285102904,0.08743375958465935,0.12788141545857926,0.10009041902524125
1252007,0.05526912126138352,0.10340840321536848,0.029159180861581303,0.02599287308462159
1254890,0.1645136476465888,0.233326607502136,0.07137230165176572,0.14715197091129104
1255435,0.18680713237285687,0.49945402671678096,0.39069844409383003,0.3195239143738262
1256071,0.17147551055251653,0.22518893641066523,0.3420617562637123,0.27513455706343604
1257391,0.6726692635444922,0.7520110165997008,0.4616096515818708,0.39527178540774444
1259261,0.03125647610352384,0.0383936090185021,0.08143735106406384,0.027520104902082593
1259313,0.13896077136708904,0.1960264081247952,0.17908484287029192,1.1649510409818642
1259671,0.19436801582690563,,,0.06924363709707801
1259887,0.045841890674394044,0.0398541434928762,0.06473528083533268,0.07759049637107038
1259927,9.057433996209904e-06,0.5267957154523635,0.024464604746806458,0.509065700536044
1259969,0.03329875529647119,0.03984189761263196,0.059188088949115134,0.02237381737216723
1260468,0.38181483637545877,0.17209762847099921,0.5601535012628829,0.2669046085095062
1260824,0.16932366631717036,0.2956874709459025,0.1402068087288496,0.161451013361268
1260945,0.0,0.043342640671445186,0.07065537338993724,0.0
1262677,0.05960549158418778,0.035297057916532426,0.07263874806996613,0.03473035523142731
1263048,0.08919052747622919,0.0,0.0,0.2288908662624554
1263508,0.04993018408341084,0.0420985960205977,0.08069379790831005,0.04668424546085073
1263548,0.06491030061139322,0.0716131249798241,0.06325609210414514,0.04387213778776186
1265131,0.3089303825115675,0.26397172382652634,0.35621762729018525,0.40759725220783083
1265376,0.16780948576865348,0.015868240517098623,0.08724255241639745,0.05962887372007026
1266014,0.25445809413685544,0.22990966498311555,0.19201939241318716,0.12185703578644394
1266227,0.5411664092587217,0.37481803676504016,0.19377112158523643,0.4531058742004974
1266850,0.07865413228872672,,,
1269094,0.025018634821574598,0.03082443439835714,0.06759705825235604,0.044241800353347974
1269119,0.08401660039784278,0.13681649636523335,0.13350249184711477,0.09338302837508095
1269786,0.3034631143588265,0.28723487860079183,0.2862365607659286,0.27889852163156925
1269950,0.2138308741426354,0.35775227875105553,0.5228265892135091,0.3944297661994136
1269978,0.05876816080671247,0.08981815506111906,0.02713114695619807,0.0726870877995852
1270764,0.2384046016238699,0.20806287774384588,0.1017334915013462,0.353348617024233
1271347,0.5226530998763171,0.19283474871041478,0.4058023745858402,0.9290847475279779
1272164,0.0890062111855071,0.1140149982508415,0.13460018760617706,0.12755068432895514
1272544,0.013366609414466584,0.009339302599855232,0.013701690733622839,0.02555315998570073
1273087,0.6953445827250927,0.7415299211581997,0.7661651740151452,0.7332115283451142
1274173,0.6575653940473934,0.7595601576519195,0.15598609331647784,0.13803032389859626
1274196,0.09202066398243393,0.12132157894602862,0.08226516988254709,0.09511530483851556
1274403,0.5369975470609567,0.3363045553812331,0.39033662229721944,0.352029620941377
1274413,0.295317331485427,0.3407689734750881,0.2747283226550632,0.40927992588584095
1274981,0.3953306266180766,0.9079766400805667,0.9791251671427835,0.6698570198955859
1275218,0.5917620660074842,0.450593893429147,0.6211015841487871,0.6051184986819823
1275228,0.211459229419517,0.6976773569363309,0.8157723338187067,0.2974449055843471
1275880,0.10874677367038171,0.019484386238914013,0.02531024203638916,0.03321734796257505
1275893,1.2240310830804733,0.9642971497372905,1.491666099266667,
1276144,0.6787149488832648,0.9380883871199578,0.5686573659056406,0.5153766670577774
1276460,0.051135831715091534,0.14746894184215092,0.09959116448253662,0.0750486211826059
1276470,0.15663443241851863,0.3081549074908407,0.21350488017464353,0.18713863487617186
1276520,0.26234882680372573,0.2099216893263765,0.14527065677087359,0.0012787789726648492
1276525,0.24383507245419528,0.2230370141763921,0.14572010535224583,0.11243109554954342
1276755,0.14788092134534678,0.3892675431616437,0.04289428262714022,0.08695241413528083
1276853,0.025292489643773012,0.019020837815498955,0.02684136173343402,0.04016673591274638
1276918,0.548628784751849,0.12067927053654602,0.1700877848009721,0.12176593069962006
1277158,0.1372307882390946,0.13667480001606894,0.1436096086663482,0.10258190616664067
1277279,0.12517022554569227,0.0771921101722611,0.14821006904968279,0.10977075165485564
1277303,0.0837609479695888,0.12548092349672615,0.1155347874935238,0.19595141683772666
1277403,0.17175772134641196,0.07641628625995057,0.15133349287591757,0.0913363549156487
1277557,0.12197363345430426,0.1544231959662112,0.14709211317560572,0.10414262309542327
1277742,0.005679177701340562,0.15877292669267545,0.0016581039763876307,0.0
1277779,0.17048667360484807,0.22442256507775246,0.24140666582590822,0.22737324205150197
1278235,1.0533662607311232,0.7499431931394078,0.7931060017700255,1.1994256273451258
1278249,0.21282232699746242,0.03808611219925197,0.06161989511782145,0.24352601068043211
1278387,0.0017696052901680075,0.038662934407390485,0.0,0.004472899976381428
1278573,0.09573333731258452,0.12890923600484197,0.08826632599367207,0.055185057556114886
1278641,0.17991336874403457,0.031676046419855546,0.06243495209762914,0.04685381051465799
1278678,0.07276816717259857,0.03068411255691742,0.233690592706034,0.10255931633281697
1278793,0.07214840990398302,0.048064058701912805,0.04775283257865733,0.10917542332851987
1278951,0.5104569357985872,0.4682224692188496,0.8791590890543667,0.8380533558208417
1278960,0.5525939729908738,0.4783089004034292,0.9120669469511336,0.8543597011791969
1279030,0.31312564056024544,0.4348786811171823,0.32715803643224206,0.30356295259506244
1279150,0.45654065330570665,0.4683224005384749,0.6098832449890236,0.7223434316753257
1279151,0.6002099642073024,0.6594894600029919,0.29015049415632765,0.3629952250061134
1279256,0.19132597935581727,0.26071926493013703,0.2526416723313027,0.25762967944590026
1279329,0.015022881590662469,0.010422616585783051,0.03926448268925206,1.3315570816649247
1279342,0.12664159950303547,0.16906928143724767,0.06064893039469056,0.13633920431041102
1279396,0.19211751476895303,0.44140802623383235,0.8108947202450775,0.8786628592762883
1279627,0.0986085064471917,0.0928871055228333,0.06750255514205963,0.07533456485374268
1279708,0.20065893604687873,0.10780283114851609,0.07769223739015563,0.07062584351668447
1279885,0.034840279976973185,0.021226532214596302,0.0023810110379779304,0.013947124508317527
1279886,0.0,0.0,0.0,0.0
1279888,0.0,0.0,0.0,0.0
1279891,0.6180243748982326,0.6180754766797287,0.9725999621574268,0.7522256857229831
1279913,0.06406768651835064,0.15722135081264357,0.10733196529816544,0.0
1279926,0.25267417782348534,0.4172098148639275,0.13334562535942804,0.28833411997174463
1279936,0.019454828860942106,0.04703269456292824,0.11481523253266974,0.10148182763295592
1280043,0.3677588419985142,0.1583997071100459,0.14339546941562684,0.12171937472744926
1280200,1.1431324513027679,0.7239694163711934,,
1280493,0.5692542187138001,0.39161276874829387,0.3137440305599618,0.3573634983442239
1280604,0.11774739431529054,0.013407905713777346,0.014339964663947331,0.047398909128943574
1280965,0.06734676559681066,0.09593070069714636,0.06215344453253742,0.1334203741283751
1281084,0.07557857450034892,0.19413300248203405,0.43783924971841004,0.08010356820637426
1281446,0.8729441749948659,0.7830608855337088,0.6822880004857317,0.5925878093046894
1281649,0.3097253551826801,,,
1281761,0.03513241997570243,0.08816514233094253,0.07165303096975026,0.06553308955088191
1282189,0.5651542511570996,0.055313385607651755,0.09804160868732903,0.06958708888121547
1282197,0.18184428964958554,0.21915360957255345,0.1418533534749607,0.07857156151768258
1282683,0.1550745154531043,0.14176207391365314,0.13396524896164838,0.07791125998173906
1283072,0.18702564128271465,0.16470166854470403,0.16271754037403452,0.12873313489147728
1283718,0.20513649424124603,0.20802421180385577,0.25405881673547714,0.18708890702531009
1284208,0.054591795363122926,0.04934761141958123,0.03806201601567265,0.07137980601311192
1284812,0.1843200406506758,0.22438920517584718,0.16805523449682788,0.16850883171050418
1285973,0.03212838231040196,0.08897588407876424,0.07855385653033102,0.08411632612406554
1286295,0.10064605114359455,0.010391763585612562,0.01936868602969479,0.12344833336425264
1286478,0.07535595570094734,0.1668845812131914,0.1923177117985356,0.0829315345015868
1286534,0.034824579843587625,0.0527070655683161,0.08484112391776288,0.05617112412478751
1287618,0.10872671445855711,0.032703025281027635,0.026702852231634152,0.03052386939903331
1287978,0.9324523810461965,1.975434622631278,0.4339125160411454,0.39117764121065024
1290162,0.10662658261827225,0.10606314698785475,0.05516027017280002,0.12699090388730006
1290448,0.2569303763616155,0.1876571953523297,0.21529126657823358,0.04285157462856951
1290668,0.11999281352310119,0.1574154452122877,0.1455496437668303,0.21021645672468856
1291424,0.14231235224396652,0.12395166232499177,0.18302370639731988,0.06186522401756961
1294571,0.2255031967017436,0.11122699331585457,0.05254138741559865,0.04557554799956819
1294588,0.08188675917846985,0.1022628143835676,0.09073134888068557,0.07820989153177443
1295044,0.10423694719793125,0.17435753882944266,0.12639835804239144,0.13629713052671164
1297376,0.12622196744172895,0.1591118292660942,0.12902091324235598,0.13370209122501053
1297496,0.05773076786676792,0.09123539001765514,0.122497558708048,0.0505522008231102
1297731,0.6329623394397416,0.6760001951784474,0.07224241306422471,0.04644810837427388
1298088,0.07713082723293567,0.09796333641958575,0.6993535446164456,0.10141222111610367
1299351,0.15092162064572137,0.15354414095493174,0.1759988733178873,0.10032563526650365
1299434,0.38652982775823536,1.0230719211209776,0.17111414722508123,0.2506970720360248
1299910,0.13239743462263925,0.16820935018900318,0.1347037223886849,0.15633083167553508
1299939,0.3813819537862227,0.09189195855046968,0.07887129404750196,0.04483221905216005
1300311,0.07771570331629254,0.06332014693147527,0.05106265643398971,0.02983726439841823
1300336,0.23931556613105237,0.17079148125088925,0.2116897767731629,0.18409880744790827
1300714,0.02690492563306787,0.005264262573848952,0.0,0.02977012290588365
1300979,0.15446147252284814,0.17938183585350007,0.13269530784492162,0.21221181646583817
1301050,0.7648654205708306,1.0160747694367962,0.9411815340425609,0.7274853878201931
1301396,0.2587575394078823,0.782357254238793,1.0150878172616509,0.9338837093760619
1301540,0.233513706691295,0.16872650014494336,0.16667959570159815,0.13745873812268244
1301743,0.5327931449944902,0.43085031309353444,0.43091984231430525,0.5491523064548219
1301912,0.0493073607368163,0.005359026577565889,0.049289319448504766,0.08212103361661857
1302404,0.30579780200134665,0.3330482364420666,0.3404600405465812,0.1864973600821734
1302739,0.17486206828534226,0.2048057604091261,0.15507046449775702,0.10779751194391331
1302842,0.058217156325848944,0.11776382911887683,0.09460741938933682,0.10651095348293425
1303042,0.08744714450666069,0.2189930450273991,0.11205689484578893,0.07344330205367923
1303159,0.18361043876568853,0.10362167848448774,0.20078395998764598,0.2003117547354923
1304229,0.21270526089436298,0.17798211841308792,0.13904547189317273,0.15363241077161574
1304857,0.1691686964382197,0.33710332490562706,0.9022593476427598,0.696513064815239
1305473,0.025967070280232922,0.07794468855453954,0.17570492665039475,0.22826109084267301
1305707,0.14866691636500204,0.15566454824650966,0.16435011390174195,0.14289970569724353
1305841,0.12207275607619612,0.20062230015547206,0.2219894226098889,0.18096088679444564
1306333,0.027718860162253625,0.025206910333088764,0.11224903109690576,0.06039363834858253
1306923,0.02272022050879836,0.07352179359618934,0.02440368219069996,0.04311992966516772
1307617,0.1353807266195914,0.17404043821462942,0.14545621611942378,0.16038447298516811
1307877,0.24561570856365583,0.3465860661682036,0.37387223618743404,0.5411743380721018
1307878,0.0619470410038173,0.16867310950674855,0.16508235983892564,0.27344004477893563
1308016,0.022595159016517503,0.02699054176442047,0.07693871807879459,0.0670252034311332
1308377,0.04569259618273505,0.01872390180885704,0.0359327472857465,0.029665333856499467
1308527,0.08508060356249411,0.07716553828612423,0.0715907584910549,0.0657608309398624
1308555,0.22831880696011872,0.5382601191122531,0.3725418346722452,0.2474047364993731
1308668,0.6738513783622446,0.0,0.0,0.0
1308685,0.10821064931628005,0.05899680863412267,0.3221204111388428,0.049047342974470214
1308757,0.08535882712332855,,,
1308778,0.07749181027510081,0.21459025142806304,0.11694871448383261,0.008974440749909024
1309148,0.18838441637878187,0.12453206056623073,0.05484793773965673,0.06449433389491771
1309469,0.14612219757304318,0.5165095112257486,0.014768197439414925,1.2008347122132534
1310051,0.35903888055262034,0.4763067026266493,0.4605737231515374,0.415987273146636
1310658,0.08223373405451233,0.12492310757548675,0.07737644686499746,0.08247063218503846
1310929,0.15423878378406974,0.042477738806959243,0.06996167425797062,0.0495764773238677
1312908,0.15696395720424758,0.3196535681016015,0.2381633230586275,0.26414044287388705
1312988,0.18497039389964068,0.5581767875957875,1.490020221678124,0.02760014422024079
1313294,0.023448770788901337,0.11779762946388292,0.07948316603543644,0.07431277790468434
1313360,0.783048710706416,0.8535064182410118,0.8508822444595902,0.9213543224429077
1313473,0.07650510629826698,0.10390358223404379,0.06423167696531515,0.09169719660619162
1313559,0.3739339529176152,0.34431832858793726,0.3049893930920021,0.25102019221789923
1313756,0.32281364798203754,0.4092640788693954,0.5821408735335151,0.4680430931830757
1313792,0.0750784368854382,0.05171716534971695,0.04584879059335058,0.06792086211709336
1313816,0.23601595353679475,0.24100584771040953,0.2568132166515862,0.20627417359010708
1313871,0.10807771474457054,0.19880189973053158,0.16183035882063515,0.057383899183250826
1313893,0.08693017672556781,0.06386380307353726,0.05375189995983733,0.043205470058373524
1313978,0.03526639316014503,0.03810786022808287,0.11976877776589748,0.08257357236426778
1314273,0.32731670788270484,0.3367307841788206,0.2968107131150673,0.20053236657612558
1314376,0.03660394979181808,0.10953271864288157,0.016879541681913326,0.016949245309930895
1314377,0.01804039487858876,0.10806099564485064,0.024859848577019162,0.027317577224335386
1314404,0.05866064427491768,0.11920933858517169,0.044530883325342024,0.03942525648851508
1314440,0.08399393681939031,0.09192245812441993,0.08816269998303898,0.08187656662006723
1314620,0.18378499117750088,0.13811436340062583,0.08689261724574557,0.06748653298133929
1315059,0.06195969753455449,0.1430960767662926,0.0893388648074674,0.16222579803932938
1315269,0.08485244758342537,0.04501241319216189,0.0471267956666622,0.044062076607953936
1315339,0.10180341579484227,0.16785932755705393,0.05350736738239542,0.032128627547641876
1315421,1.0560155529947075,1.0517760288090479,1.0684025099249477,1.1462913655926603
1315478,0.09491914981971925,0.11845466986802747,0.17023625666238903,0.20071165529045096
1315785,0.0941600831652248,0.09464920722223687,0.10385499767610358,0.17232768017589895
1315828,0.3633539096589832,0.5553102081988764,0.5741622136239253,0.10750322135850832
1315868,0.07853635217069249,0.10639322965742488,0.11588755572769406,0.09802286928307109
1315926,0.4132429004061053,1.2381624096859254,0.4859521232761536,0.5491161981000784
1316187,0.26081607030933135,0.0015993214429533135,0.27720015925909647,10.765656046111015
1316397,0.31028295999214656,0.2634546680228886,0.34808161429999485,0.2549968103793192
1316507,0.20473030049108476,0.38731718430819567,0.21630073579894213,0.16589807354864589
1316550,0.05829592308333113,0.0878098340442347,0.23041764921266106,0.09230988175806917
1316580,0.6586766397612671,0.39814213686007577,0.5198146556262813,0.4968171155167629
1316617,0.0934849368889233,0.05055574167801255,0.07812488636062691,0.05600313395469871
1316622,0.1923855924308641,0.19188967420715167,0.32766138652394283,0.20374769052566957
1316729,0.0,0.7240018143874297,,
1316915,0.9038621251771783,0.47474665051133025,0.9996961451135251,
1316926,0.8224688374781138,0.17882892096218375,0.2421592981250724,0.04575944323873526
1317195,0.4006547901019849,0.3509728224724629,0.48154627124799027,0.42044771796609864
1317209,0.057534479997249456,0.041411914832667256,0.12606077644961805,0.04691552409746871
1317253,0.10712538417753643,0.13625424639671382,0.10949074653037376,0.18852180100356591
1317267,1.4170011055969223,0.7623666344058885,0.5800325239726339,0.7372287615009243
1317346,1.4247700914135155,1.0107355420135913,1.3279713122854242,2.271092809581838
1317348,0.1587533340103348,0.26962279161212294,0.06321538601338561,0.09859940166075641
1317410,0.5366843437242127,0.5132040286049321,0.3158695271931236,0.6278601624510454
1317583,1.0661968638253714,1.1212444873794967,1.0587617778937295,1.054338374673097
1317588,0.23260055197666857,0.46636278356856015,0.17400028089290961,0.07938516144881211
1317627,0.272703234017677,0.20427960701052855,0.10562388621952487,0.2444438085254157
1317679,0.7553641925512304,0.8268047066369689,0.8862417152385518,0.7649514875804391
1317724,0.21116927667760502,0.20473159568742758,0.13826000273190164,0.1758448959402092
1317733,0.033055342437740026,0.09257345123763153,0.0452769457763965,0.060411750658696785
1317784,0.10075604614017597,0.15141703805629256,0.09877690984507197,0.06977239649245735
1317802,0.7581780358014855,0.37348112283532964,0.4122427593429386,0.29757271964332965
1317829,0.07144103727018952,0.11336696540958008,0.08605065926046598,0.08973451680377102
1317904,0.5004801214674971,0.2761066265655584,0.4508821221614601,0.626056885219472
1317947,0.4150737576215191,0.18938347385559132,0.7453646196758074,0.24794546875506443
1317961,0.0016110392431026399,0.04209961456585432,0.0593853661124975,0.02526116732206888
1318011,0.17388796847163832,0.36335494224101067,0.27353303082228236,0.13851980117173043
1318055,0.19376912790378756,0.06504534524266513,0.07529361023217686,0.1074307613699977
1318259,0.07792393623913563,0.10056028567841141,0.10229723696709118,0.06091902069738677
1318293,0.08514848020606523,0.3767249123701809,0.16198358530544577,0.1128821251880669
1318601,0.07546583066541324,0.15268641770363794,0.12527714206078358,0.03920687389894264
1318757,0.6791508414915286,0.7539043943668579,0.813583648143364,0.7679217702872005
1319691,0.14258702920686367,0.18643525972360778,0.26592820756930924,0.17711489234100974
1319998,0.5107706558861924,0.6012912405022868,0.7047672961379302,0.582146181423772
1320168,0.02336400466462648,0.03662909039758022,0.030882613417499063,0.1042706350762004
1320769,0.11843200342167626,0.14533216822198147,0.30805162888618887,0.28232509696165947
1321194,0.014988483794958247,0.011253945057447036,0.03059593971059447,0.06241212660599376
1321220,0.3170226924609689,0.07160520545485322,0.48680509111296105,0.25224860009207845
1321655,0.4630439624540105,0.730005581333142,0.7523420925886393,0.9024067339946987
1321993,0.14515054205366199,0.33043305924278693,0.6533161620576353,0.18921881873198873
1322590,0.25548757843649833,,,
1322613,0.20483373631224838,0.1501151512759976,0.17844651400323558,0.10138156321970483
1322853,0.28810376133813537,0.4130258348815035,0.146274835405074,0.12734772629980484
1322924,0.06130238630573013,0.17141341313259045,0.33413678854572476,0.2607077749238335
1323119,0.037137162931960094,,,
1323255,0.09250356856570692,0.027856086766544122,0.022534652425826654,0.02626001169547574
1323276,0.02411110722021408,0.03727637516150606,0.06069061463263655,0.10993519490413597
1323414,0.01116314322345193,0.03475141179120827,0.02930515564189971,0.04554407240693692
1323645,0.7909589665360913,0.7788457503957961,0.8341469572707391,0.8622300502248992
1323953,0.18772099745933776,0.17403774767397348,0.08793852631877495,0.09979505851522014
1324022,0.1628260881112129,0.366414671522786,0.3990093738743004,0.07361571926254173
1324279,0.22960695691662053,0.2832768530052218,0.14419863486585102,0.2501770667009055
1324290,0.913835295426579,1.3042761679867905,0.6861505710331669,0.49843912923537514
1325083,0.0681967692186171,0.22165327471239538,0.271397088794609,0.26540233295318094
1325261,0.21619823778212194,0.18913992692855153,0.14888555145233678,
1325447,0.05284275652881522,0.11320773953101308,0.06538121840652607,0.044641849701536916
1326150,0.7297096641875879,0.8137892182793933,1.3321796120114422,0.9054896209525832
1326234,0.1362000552100785,0.18093804010022163,0.1267268783090407,0.1496065245824167
1326389,0.41497445673218525,0.5254453632204567,0.6924037767331007,0.8053589719745878
1326638,0.4426161779610033,0.9938023045816732,0.7380806693909963,0.6411892203193265
1326766,0.029949099097469515,0.01900053178120173,0.011290320630042988,0.028010689085934938
1327055,0.06036115256779806,0.07119558340903664,0.04534646510859333,0.050736459620563286
1327944,0.055400403566107224,0.044761237596382196,0.055812127036792496,0.07445977702145691
1328062,0.14169508640198417,0.12727205485009563,0.14907493460259952,0.13515209338145862
1328785,0.2909931584997079,0.35037005857392095,0.32469566010587275,0.29018346285779595
1329375,0.2536970640917063,0.15121650838074008,0.15567397251029547,0.15209886155783325
1329948,0.22554931108146362,0.1221044992168346,0.24755411066526103,0.18663551446269555
1330325,0.08631293547777284,0.29641442870295487,0.08263241236522585,0.09962324357423658
1330387,0.3385586495141993,0.18362569517106297,0.19291210270786885,0.18043450404830108
1330463,0.10706417464237025,0.17211796414339608,0.12647978579249797,0.13662689592489985
1331074,0.347002674447072,0.08394026791750958,0.06430458141184828,0.06443939007145566
1331693,0.11905774756056717,0.36134258405091046,0.7363410145520259,0.7201508515846206
1331875,0.0,1.5565372290676454,0.0740723742521357,0.0
1332342,0.041913528335285256,0.05327507758135694,0.01785909696419211,0.041662039615432606
1332632,0.13701441414779722,0.17946232373046225,0.21555375939687643,0.29402014572119084
1332638,0.0022416358432568273,0.0004151015898060237,0.004565996355689643,0.01611020711649464
1332784,0.18192483326370887,0.15218938242088134,0.09404042049536497,0.34311548561951977
1332811,0.2763093494156466,0.343427720198003,0.4155830441699388,0.9081863657349588
1332905,0.6689211400051787,0.18491666944893034,0.1411506304104582,0.09074893522857931
1333709,0.10931595084145095,0.165251266655254,0.19557075932211684,0.15042146048790347
1333792,0.01983877285109402,0.025080580529732773,0.08923645480118406,0.03422469368832711
1333986,0.10563724130054193,0.14260991723138022,0.1462108620646342,0.12037010025841008
1334429,0.044723248795386215,0.04380413772726607,0.01246793145053859,0.006276112096440529
1334430,0.338090516438777,0.023739366260393458,0.09598808107497836,0.029334629108472277
1334952,0.04280412169037657,0.3049866440772152,0.05022348412356891,0.19397409558801393
1335325,0.31205796346392284,0.332330333984197,0.8205825243208104,1.0034936692892238
1335382,0.0358872116935679,0.06604555942761157,0.09438897000361632,0.12492242518965754
1335644,0.058425748812150805,0.0923326453066941,0.06313151458674804,0.0947887837531017
1335851,0.04560286828420547,0.07942230606437815,0.08507332619026439,0.03199056712394292
1336528,0.19892126456328513,0.02086938453685156,0.14461954369709046,0.32957581588505136
1336800,0.33109797723273077,0.1352492422703567,0.1521059266948879,0.3225519537673472
1336885,0.5191104721477997,0.2759793234838467,0.7194001441448158,0.14114542857968798
1337263,0.552019257256601,0.6135854693348622,0.5084383764481475,0.5123643336310487
1339161,0.07321501029203543,0.006613544920845597,0.028150981602465545,0.022775357427616875
1339270,0.06266249090531181,0.16173344665077433,0.06584857425243021,0.059886694274250425
1339908,0.007202390645110464,0.00881570119942627,0.014940984854980549,0.012529714269822814
1340459,0.0,0.0,0.0,0.0
1340807,0.1540848223869351,0.0527336375996295,0.1886189295232934,0.119528260863536
1341401,0.2308211014913841,0.22408817466514794,0.1889258823638676,0.22401314912709203
1341748,0.0930985508459345,0.10120227952797811,0.15011476342112023,0.106976125307471
1342396,0.30191925514317536,0.2847717482909059,0.30802781295442305,0.2335990148523076
1342857,0.047417128533259856,0.10574250586823192,0.09641502464192514,0.04614778698084528
1343119,0.05287289348439561,0.11700211252316027,0.21418167690252496,0.1995867513651869
1343781,0.8008805416644899,1.8139307467916077,,
1343916,0.08907093602674615,0.11380557080675997,0.08397647923047416,0.1718295570674598
1344114,0.15140332355137992,0.16563376775805638,0.17871383591419826,0.14640990446567304
1344551,0.19683202135776967,0.3009393754166531,0.2876361203555492,0.2764040099094004
1344717,0.05305828071402274,0.11592654429547282,0.036074218616759426,0.04639157760595987
1345471,0.06705013590483072,0.30763263927235657,0.3652595135517427,0.0326631145823404
1345576,0.22191027017953333,0.12303565642037521,0.24175959483592116,0.09859974081352622
1345929,0.10774490396577843,0.11992049665968361,0.09606969076607075,0.08960198507281121
1346378,0.09187757625370538,0.7393829030336936,0.06533560344424537,0.04298124522478009
1346543,0.3656090613801996,0.2728662652768176,0.3050497323961667,0.2309846073043122
1346554,0.240547592193629,0.2981642933495029,0.709788449104052,0.4599705954844376
1346824,0.21347013140329124,0.28696636894543637,0.15445170940594244,0.3298692845632193
1347683,0.03609464354712043,0.05609408808969709,0.2353765727980691,0.05427188159998279
1348145,0.1391357156400674,0.17741570916105123,0.2511042686305462,0.24284207586779874
1348183,9.074408272829913,0.19631538003009188,0.20962251458300823,0.13397692792710242
1348883,0.07079250768581304,0.1349724935409401,0.12112114869288515,0.11243981809436482
1349138,0.10975368010080933,0.08169907702031984,0.054852373696449894,
1349267,0.049968397850982046,0.07121369086569827,0.07334605227188827,0.026234460682269103
1349353,0.3135746079635308,0.4762078276894752,0.4549934914492953,0.4366160254356916
1349434,0.11327285625521272,0.16715028812653673,0.4658641026548592,0.2184285479616282
1349654,0.05707350356804926,0.06793179341643349,0.14611932124795196,0.37784635704073727
1350290,0.6393934784304853,0.7535097850167035,0.7893169982023532,0.7819506281219352
1350585,0.12726158613662353,0.07137104650284273,0.05997557864452678,0.07618520410846487
1350605,0.692138918611563,0.8773881463151826,1.3728914349985029,0.7095123860041834
1350660,0.08378996049149634,0.11857090753890474,0.04446831753238286,0.06964308352890243
1350694,0.28086744310960954,0.3377601982443077,0.34558645659112586,0.23378223745343094
1350780,0.10668413076369081,0.1221432336923442,0.20097179276262353,0.0634482902612289
1350879,0.6358616328824009,1.1434555342288475,0.20335788201333263,0.11625728476526462
1351063,0.3657786190568333,0.5067962918860776,0.5566883988128546,0.5460815843056018
1351351,1.3531386040986184,0.6360322963210037,1.2481227631641292,0.9486727069961866
1351407,1.0442996183676134,1.2237756832141338,1.296958477074683,1.2140491835553524
1351431,0.09834960922114766,0.2397360421653142,0.09486763057030936,0.17952367285637313
1351731,0.3161933282037414,0.10546266604678155,,
1351917,0.1082474198181703,0.10598566334629132,0.46232302801440855,0.26722341275824746
1351950,0.2747959712072787,0.4105539238237939,0.32817755079923744,0.1977398774798919
1351991,0.08342344041669406,0.07600989348613142,0.09106765923807299,0.10537391247945035
1352122,0.0015009780901145654,0.10195209540506121,0.0265800332537239,0.00972223689568446
1352187,0.38174719076370617,0.9494595010784288,0.91667961502431,0.6647577070084059
1352272,0.6955905749296204,0.5718054050915682,0.6010793561885385,0.6172402078301942
1352342,0.26255329674573613,0.3389647208292324,0.29582052953709753,0.39924896446190933
1352449,0.08873951014502784,0.09977993282270893,0.03886447662101687,0.058937411160157015
1352467,0.11601421311539421,0.21305791753164513,0.15195240252516132,0.023558838315064893
1352526,0.05885019934226147,0.07417062229477006,0.0506295858926731,0.08675880196291934
1352547,0.1267214077044363,0.20795828629090096,0.19269029271203816,0.1849916261728139
1352662,0.19483048486794624,0.23359203091763825,0.18198747501944929,0.19494379357466107
1352675,0.07304272046727173,0.1205689563053433,0.05021555828432376,0.07851532150035437
1352764,0.22026638626370643,,,
1352776,0.03596688479940112,0.06510683739000145,0.48763214684251627,0.015181693981330876
1352851,1.1957474439175382,0.5824437119405793,0.8377898015028956,1.0631599123607425
1352860,0.07627411743330834,0.09696590549783225,0.07732275810093679,0.0909206269338103
1352864,0.11904362041851606,0.10850495427619389,0.11779099177755044,0.09320727837101579
1352871,0.042884136634891726,0.16770724709344825,0.03605968025001065,0.02790728874966288
1352895,0.32744785918700114,0.2932220782752651,0.2813911762372268,0.3577822334945363
1352900,0.35804062692331484,0.0,0.03827430767088583,0.16506948941295504
1352924,0.04370437551196527,0.02862150270798628,0.03812082633260742,0.07965495234831135
1353098,4.6038974191975415,0.13655705879337313,0.12731759021945985,0.07421012472464127
1353110,0.08676344066574775,0.07577601243977099,0.31187275728435293,0.14155168278970778
1353198,0.02870380296545427,0.039897455937376966,0.019521840486620718,0.006829430837548764
1353254,0.37498639907151143,0.49171295995712916,0.41131549341148066,0.40894759292740973
1353311,0.3748643790584733,0.47351191374702106,0.5783231751219977,0.3322372052464446
1353312,0.171713079174835,0.4270222615346795,0.576680748655766,0.19669397815897927
1353316,0.7670747533558784,0.8937079036641216,0.6546481857283959,0.5299539225794289
1353318,0.006894450224326696,0.020190147749674467,0.1169593445638731,0.06821443786479528
1353394,0.45753224747890986,0.7656244972026413,0.5293479068250126,0.7890363684835332
1353570,1.2681309312874762,1.3339803766742944,1.138108152744786,1.2717700651829882
1353651,0.07970134166402662,0.08177124852834515,0.19929672053414577,0.1792436740508065
1354739,0.14594536377470552,0.2686466771575587,0.11253206658901539,0.1554977626342762
1354821,0.23966109430526475,0.27143715659574946,0.31753085943911086,0.1427797567774158
1356202,0.10339310922186035,0.10530157390782569,0.12651419703413527,0.07934273846958685
1356249,0.22406860902628709,0.1025603990707145,0.22513296451760406,0.22235387379237057
1356407,0.04130214098603511,0.04621761810518036,0.05074490234671571,0.06386790668287366
1356513,0.025677151766272176,0.022405238561076363,0.32672307627250036,0.08282913146093518
1356643,0.04591200773073672,,,
1356783,0.1614085011682457,0.1801901764905672,0.2473180991294027,0.18619191525990747
1357550,0.59276920078311,0.9199296638548559,1.470553354339102,1.0866769262725733
1357867,0.11241212089481142,0.34423377657135673,0.11225362775446696,0.05434357317047473
1357955,0.14976747937427637,0.13261799661093837,0.14853879381998622,0.08014108880164472
1357993,0.1755968018017299,0.2642840522759331,0.24210191416143065,0.28231929358093605
1358253,0.7246599805532776,0.7073130152811464,1.2909429078564383,1.103068524338233
1358331,0.13027347242137313,0.1611419479019772,0.0506962984544689,0.005217423115194027
1358706,0.052455427967297776,0.26924522581741833,0.033898944574769246,0.13246241902881112
1358828,0.47131051295740334,0.7976676358784448,0.4718833811927935,0.16515748830899024
1359262,0.2567833975331149,0.5113303808660314,0.3170530633977045,0.28443039025874056
1360533,0.12490971561105157,0.15351427184487557,,
1360710,0.3357165312152737,0.2132736501446438,0.3604285418346801,0.06862805976286286
1360798,0.07392180593535792,0.08433797200699479,0.1736987588672465,0.12199538442832726
1361570,0.11286054063677922,0.12012131566141881,0.1725738759587249,0.14597751903817852
1361974,0.09124749579406741,0.12203424833964877,0.026390876949749422,0.13892276273807888
1362033,1.1994989193415528,1.2099208045022591,1.2848429536480546,1.2552083718341525
1362255,0.07252913702468693,0.09513067309909186,0.23757783636048796,0.07023988569035886
1362535,0.10896745554097192,0.4133827495997102,0.4123750759947408,0.08422369917803464
1363829,0.009940864315108903,0.012679654752932425,0.3626028487831465,0.15614701266390285
1364412,0.06940757749616928,0.029858995095590753,0.02186377162657822,0.06637057336123937
1364725,0.1444132915902989,0.1663946124996911,,
1364742,0.045285420205224976,0.04072238588809412,0.039454724176854854,0.04184045594389345
1365167,0.09371963144372047,0.09063135461051325,0.0,0.2608842745736602
1365341,0.061630464636918805,0.0,0.0,0.0
1365474,0.22910707050347992,0.09426788746526353,0.3929323209797022,0.47207033554893907
1365555,0.010565918532731986,0.05492889459213329,0.16100359546937135,0.13702428202358174
1365559,0.08757804975462363,0.10187222813850486,0.15574196687747885,0.05480460214605605
1365707,0.2085090899756258,0.23608481268046583,0.28128464706361,0.48600336827115914
1366838,0.0360054618077095,0.04728460466197767,0.03499482493946984,0.06556626473903336
1367401,0.25121621824119633,0.35698080215057415,0.47683585615108176,0.11982005837593013
1367441,0.06492194827813182,0.17022257507913052,0.30852770017911585,0.11181789913208307
1367786,0.06058092589109784,,,
1368163,0.11776304415966563,0.13975256423137544,0.1205207562613471,0.14198953588668412
1368465,0.4267529311339464,0.5434595544444422,0.5776813439514622,0.6431010024348055
1368905,0.26722369696617926,0.12678207182251042,0.2465362420615147,
1369702,0.10043248850252336,0.18266256906625034,0.11325066053702583,0.07517550931072499
1369913,0.08695146051928504,0.12341661313759832,0.0,0.14846647056072315
1370102,0.09934201199911996,0.06202730765515803,0.032660333299583566,0.13752940514640744
1370629,0.05457350697765024,0.16166471990563872,0.04177174852121515,0.051467238695170114
1371726,0.11569160378363605,0.1339025618603977,0.030394104697139386,0.12057676885499992
1372130,0.04461415913033989,0.06124034268183452,0.06925125531522164,0.06581546617210597
1372218,0.15507793174666704,0.38967542629184404,0.03192307374437884,0.12472109777561478
1373017,0.22041694639885756,0.032560545950608887,0.0304269378825701,0.030377271896103123
1373442,0.13341718246190012,0.18981411380343896,0.12468692342087094,0.08736213896149038
1374170,0.08647176305938475,0.09350913570028879,,
1374246,0.0,0.0,0.0,0.0
1374889,0.12335057575396582,0.11570312759854029,0.18835763658930263,0.068416153902945
1374998,0.6905411580203275,0.4571313902942953,,
1375345,0.0,0.2987643128464012,0.0,0.0
1375534,0.09785299499298368,0.13873524305969342,0.18099756132672004,0.14196364682628945
1375664,0.3473157910112508,,,
1376113,0.11579722119514159,0.15128918402365069,0.1759814470982759,0.07981985326089738
1376192,0.2111063974776388,0.22148314200579805,0.3650886074565182,0.40141320659750307
1376879,0.2383993739187494,0.17586701234489246,0.23724670079749954,0.33192874183621224
1377581,0.07791853442177171,0.11264643723396409,0.10904133551706807,0.08524301895035814
1378410,0.2919316119060839,0.3742965487019617,0.7617496878324455,0.6150015013815221
1378559,0.09603936132181412,0.1960013372437531,0.1237653955163096,0.15488455347077568
1379995,0.3910217007359737,0.8228140728336335,0.8827674195093771,0.1142342884771512
1380137,0.05814437411583979,0.08836359082750049,0.1413268521155587,0.12286432223154478
1380393,0.1789301714089287,0.155124243590994,0.5962456774331275,0.362658684632147
1380443,0.043466329137005745,0.26584714329633136,0.053611821218414686,0.12028429605276392
1381055,0.059982975354105204,0.09298902920469822,0.04476176595957764,0.10864782328067232
1381296,0.1696306984738518,0.1127192109349242,0.11785163768020016,0.10634491318552261
1381843,0.5925641447495764,0.6535720725958696,,
1381954,0.20672402884708654,0.09229757783657618,0.16301147813301764,0.13026588523052923
1382303,0.19225014850407363,0.2925799195572965,0.22531772264465727,0.18058855081512093
1382333,0.08040768272766502,0.02270888402827901,0.1700283306167578,0.0771719336340849
1382646,0.08078412921991027,0.10248279369215263,0.06530514384689406,0.04221181836473475
1383782,0.06624088836183954,0.11878824727853936,0.11999573589046353,0.08964706056904442
1383838,0.16665303137988913,0.1464195756633599,0.915116529908521,1.01749023570971
1384042,0.12842620453582576,0.10431098418651637,0.0889880636681035,0.14482480388661667
1384058,0.43590146718856226,0.31662299069248767,0.3628757022242772,0.3647943749519768
1384484,0.017195520689502992,0.02898968851169536,0.08603669209400348,0.08432911558090364
1384943,0.023197115708790583,0.03188939028759727,0.031683038097180795,0.027803461559471682
1384982,0.32979000219512555,0.5161613389722922,0.14244453291182135,0.1996421660287355
1385702,0.04602607250319212,0.037133609772632706,0.036315691158389785,0.06177665322881422
1385864,0.813218314904044,,,
1385925,0.12314028745754596,0.08897377810360266,0.05278022016772069,0.07661089096492854
1386060,0.1790799257832101,0.15830785696077407,0.23615218382199862,0.19427173296567407
1386364,0.02220178121616183,0.05136859232735817,0.03570306725255462,0.025557234517217513
1386462,0.7116782306567222,0.480977520616074,0.5420812846243297,0.3316493909221245
1386892,0.42383238428084036,0.41807261202118,0.5511009640505787,0.4614894135465256
1386928,0.50579487455177,0.5416014785697258,0.5135386925594279,0.37110334108865006
1386929,0.031220881514053427,0.06791756851955924,0.03292742684943977,0.09679708429194882
1386935,0.2798926646289879,0.20271964142781,0.19935019137506155,0.12266432770557556
1387130,0.12102855165736676,0.04162617954341059,0.024357951397569706,0.030315806937734578
1387303,0.2107958860531285,0.20219804307220124,0.2371529225769788,0.24573562400786125
1387304,0.1279572330686603,0.09946219730163995,0.10891102117417886,0.09197989318358868
1387322,0.5830671143738277,0.7562873076024258,0.8578887004842337,0.5264198763195451
1387366,0.06714275324547087,0.1247306827233514,0.12174712054265764,0.15675677050007064
1387369,1.1532394028656632,1.1572166557086285,1.346438649686886,1.1442714299354997
1387386,0.18380955847605285,0.23791025207650615,0.12938863876396448,0.08017265387178259
1387399,0.06392720252768655,0.07077407975733531,0.5850811810321452,0.5635139965680861
1387458,0.09389660641679835,0.10918210192556345,0.0776004188976184,0.06693441860275588
1387508,0.762206383000279,0.6005693993122654,0.728696443092236,0.8052690817188108
1387615,0.025424138092863906,0.03281002525452964,0.034180519537908044,0.006062256768848032
1387723,0.10891172853194288,0.1395262054086998,0.18809374509648943,0.08857541459787786
1387761,0.09970647232830115,0.27836137182776316,0.04185849625501539,0.1374048255321755
1387818,0.0402481201266171,0.052722944241514136,0.09895704967334568,0.028100680717545547
1387921,0.45392998622003855,0.42110384228233294,0.512814407998245,0.45012455367325094
1387941,4.809141293356449,,,
1388028,0.0018249723273877061,0.008764016631378662,0.06559379600812437,0.012616395291257793
1388142,0.3544902585586962,0.19976748121279972,0.2767746580491333,0.17589055641853965
1388167,0.2429761923881932,0.14419332178334923,0.2192918797662443,0.44354645454049907
1388168,0.037207083734660994,0.09543096134650261,0.047331340682450075,0.04263041763810509
1388279,0.17844572126747452,0.35826209535697306,0.3677986597343156,0.23205799399651295
1388294,0.6887546220397962,0.9348730519497666,,
1388312,0.8550311464184356,0.9094416159483489,0.9385434572107239,0.8907407510879365
1388325,0.14281628415999373,0.3158642011314737,0.39824367567848346,0.30638668545155173
1388382,0.05502477425548698,0.043583151238367396,0.05648135944369432,0.04310022366061321
1388391,0.7821088750950058,0.7659850185545328,1.0200776416001565,1.1507822875104239
1388409,0.11089246617096199,0.09927535095975798,0.07511870175529571,0.09151087748201484
1388437,0.11255063953195786,0.04617818007269779,0.019284769242503556,0.02288290917470322
1388443,0.057216951997854,0.03356885326521805,0.045665674312656675,0.03514890891652866
1388551,0.23614231410527606,0.08777095481515282,0.17688719870197317,0.5918644099694065
1388788,0.4808960632891259,0.10515243201575505,1.3289022403501456,1.5121104059187203
1388814,0.10324714596936461,0.1469538469433212,0.1704566703345721,0.08809166642412584
1388829,0.1831873626422616,0.1327934947422071,0.08670866664134669,0.06301975792435119
1388838,0.15177269018042747,0.09736988562260758,0.0754535079278218,0.10280701627425341
1389059,0.06670477427173192,0.07344553200168172,0.14670513579513272,0.06426685057024553
1389082,0.19409250093230207,,,
1389212,0.055555181018988195,0.4412524799993203,0.5662430379517769,0.042595468573469235
1389223,0.09468475033926364,0.09254641674598849,,
1389234,0.8790339596912549,1.8583594080429038,2.0794215801849534,1.1880138319944449
1389256,0.05591077634358239,0.05137722591100346,0.04005673783369291,0.01284824411380834
1389307,0.04947737932770547,0.22581128800085298,,
1389400,0.15198904195912794,0.24154123233804176,0.1483686312328472,0.24638285434121646
1389403,0.2300162026590495,0.7705732774184625,0.12355088603658097,0.0037629336671384144
1389426,0.36069697067928386,0.21490053276568258,0.2149223605348449,0.1895596011149269
1389479,1.0931656637986447,,,
1389507,0.6323092346546523,0.8418427958626559,1.2596930951419685,1.0117726834218057
1389544,0.02682766915827198,0.012037927103102725,0.03634281542755076,0.013065829909283554
1389574,0.5599856615731236,0.3799638871612309,0.643158171254391,0.46605123733572235
1389709,0.03276827642694709,0.0434609643940449,0.033373906601457115,0.0322035345474846
1389848,0.1524058280916261,0.8296766038845039,0.15464892316177775,0.20270567057655406
1389875,0.4927058415222673,0.5082291927230388,0.5664297812495901,0.6253499770224454
1389933,0.21850869805071985,0.24823230012524647,0.15907717121428347,0.20404685363536335
1390003,0.06101246269114852,0.055126426081015055,0.07285664190750071,0.06113701782175026
1390043,0.24491837757500948,0.3580354204374788,0.37452138923914474,0.17783553647969016
1390063,0.006276003016719206,0.018792728300345063,0.024036617327432144,0.014472123917043323
1390113,0.37622379923426547,0.47835196993566,0.8779474271551131,0.5323984793393817
1390202,1.039337008823703,0.90961322044768,1.152910888933492,1.0360315856279905
1390457,0.8812806188437758,0.6210653177258731,1.435468547139715,0.7755341731178799
1390777,0.06741311882681822,0.07771311195787019,0.07196418361193715,0.060128578757635935
1391166,0.052348429787042225,0.09413179644550022,0.170351186092123,0.1800185499098983
1391974,0.3254710255691528,0.49505392932828546,0.2248785262372683,0.32281688915912615
1392364,0.027249526210650913,0.019219120553847256,0.8915928454816402,0.85222596310497
1393369,0.00851334380028674,0.009808101995133704,0.009588144498173226,0.012689843531947477
1393389,0.1264510308780968,0.1976365169338328,0.12629558620148235,0.1405799868576337
1393818,0.3030262479472495,0.13834898159522963,0.13138113267080306,0.1314824568194852
1393825,0.6557861510633117,0.9182123801782156,1.2456137937749376,1.1930044767564678
1393944,0.1535428515745876,0.22326117868280423,0.10353255467937132,0.056623132285115035
1394096,0.05760624380777519,0.06379850225003736,0.16970173126118063,0.030655602621083838
1394866,0.0380511871294301,0.07079081529115207,0.06538816742367176,0.044196320919224104
1395055,0.06517136373652042,0.06874061349868699,0.08011526220733572,0.07060438151586282
1395067,0.13875863827001694,0.3687944810520103,0.09714290749887708,0.04565589460994241
1396318,0.306965108125991,0.3170777366132198,0.19816248225337424,0.2263486501439575
1396835,0.8180769068555327,0.5491990233857724,0.7832096870101672,0.8104339222224568
1397076,0.06480002671334388,0.19883313900659258,0.33311398680030074,0.19874645870868932
1397144,0.368494377565925,0.3456025820983936,,
1397290,0.16455728814118278,0.11496421228769821,0.12550554807746328,0.13805903214469753
1397424,0.9014584478310959,0.5420164152761068,0.7869882876096614,0.6593276758943502
1398103,0.029691607932898847,,,
1398318,0.07632420774407658,0.20331296097421095,0.12743327150298445,0.15462865367274228
1398346,0.19332907889639755,0.20426334508667027,0.44058122685713924,0.7788643446200937
1398739,0.5311871260649513,0.24129047734120027,0.3445528830264888,0.250482137375403
1398825,0.2019168786261001,0.4284381631246164,0.525032401624816,0.38473774948339595
1399348,0.27343510941458465,,,
1399360,0.32867248739697114,0.15116450163253997,0.07282104532962928,0.058907841189668325
1399386,0.1793737177991324,0.14301017468969243,0.030786247411742566,0.26077908993150617
1399706,0.15568983792166768,0.0748828581339609,0.08379540680408305,0.12972314942077093
1399770,0.24379495095931217,0.4346595515385708,0.07243717333391048,0.2887917903418799
1399794,0.15494559604577296,0.3432659510458939,0.4251227489452719,0.24321692837561684
1400240,0.03266105749790435,0.0012681819156143122,0.00743794179696226,0.020882013789161456
1401459,0.10486962815053051,0.35673445097251383,0.27318151862855494,0.05892865718940454
1401561,0.07435862675469362,0.08173394617296041,0.04275850981881621,0.09442846647675812
1403161,0.0,0.08294387090467203,0.0,0.0
1403438,0.10892458626736559,0.11450857218982521,0.1332666744336498,0.08513100195206462
1404574,0.27993323273877696,0.48404378145468546,0.38806974388589427,0.6024114715116957
1404652,0.15611350365165028,0.3722716423476881,0.3160347061246556,0.13911108661804916
1404763,0.12875337758627248,0.13333310446190139,0.16039788839012212,0.16995911018815518
1406026,0.24233252589144558,2.081736301651495,0.4973977526824136,0.0
1406313,0.17299491655252938,0.28207916181621573,0.16327736561383968,0.11622388804427869
1406484,1.6191441951194743,0.48984800744833285,0.17750651205801535,0.1961195234398686
1406995,0.0827037753688751,0.1508835153730258,0.1227238261377982,0.1645958507478734
1407382,0.05529106439720837,0.2628268346507471,0.07025029151172822,0.1759937463076513
1407543,0.12585984035117184,0.13427002311880004,0.595436171127737,0.5285981987339545
1407737,0.15219189898858718,0.07413973089599853,0.29194330958936177,0.16791802272332718
1409362,0.10324004164533784,0.16593297008608685,0.11418338262527639,0.09070848597714487
1409427,0.28035583989450436,0.08722171884829574,0.37317731736877874,0.1645995998789854
1409661,0.281287699330407,0.12435980257994446,0.08954046073468805,0.11663559695529457
1409728,0.14487819258734674,0.07295756357063554,0.16457901713385853,0.01825000905307312
1409751,0.1732729271406869,0.24410312256395408,0.38962651812675103,0.389684061223559
1409765,0.04907988162447954,0.06252831989032555,0.05051361483117492,0.08383776361349062
1409888,0.06803594370216473,0.10693793468635238,0.0,0.5843138504140101
1410830,0.39017803106405824,0.3460743661906583,0.23267278294481938,0.2639210838102522
1410833,0.1438692506775157,0.26719102386234894,0.19359347768523977,0.2702178380310592
1411133,0.18013155379936907,0.00014749669443389838,0.4936839827097668,0.3910059815647548
1411268,0.11961682737766792,0.036974026103798706,0.05025350668736889,0.07213422558754799
1411530,0.1621418892552555,0.09380955258162654,0.10604924227321053,0.1627266813756601
1411784,0.18271488147422976,0.010881714368922532,0.07322766132095586,0.06655812342590901
1412665,0.0953596410281422,0.1424015840439845,0.1646691392705406,0.11006701827384695
1412741,1.099461513417138,1.3427779272738225,1.3559981418817622,1.2861364248805485
1415201,0.13442671368498413,0.7347956646117829,0.4954720464570093,0.12970121037335428
1415912,0.5129151215564115,0.43732999666213823,0.6006803599844125,0.5122673447150767
1416692,1.5452366583526838,0.11336020358820395,0.09983946317414845,0.10580746832825667
1416856,0.1135689150770204,0.020285117051627246,0.01132801378794197,0.008294399824219308
1417889,0.13749202521927714,0.08462122223019274,0.045381472369031756,0.029397784424869886
1418204,0.09664053335133949,0.17410317657620386,0.13322692487313562,0.9526264223537954
1418226,0.016157236652824276,0.007299150817511521,0.005767053968104003,3.170292004291854e-05
1418329,0.14911547103856562,0.1327582845076794,0.11160061250463517,0.1643358355202029
1418333,0.16163880771118216,0.14388904217320161,0.20896147861880535,0.16237773991922916
1418342,0.10456198533416494,0.3706777582654991,0.31061011390400506,0.15169568702884492
1418359,0.38419298305195715,0.4068980907440952,0.3776760549859573,0.3274279664950409
1418421,0.11457849338564084,0.1674625923198097,0.1192524262198954,0.11175166832281197
1418427,0.17343502035634983,0.2748810660089872,0.2017836267596167,0.13073985783881215
1418746,0.18002396594703068,0.3206741498062616,0.37024538131910034,0.39535663940587096
1418773,0.16838058259743865,0.29419790414715286,0.2162267101712275,0.16600216939213705
1418814,0.09739816525673253,0.24327358751994022,0.3067319784109724,0.011540261358997467
1419099,0.3401068848019147,0.28354395239789537,0.13070313807952721,0.35878939962326345
1419186,0.1320730932890821,0.13278017639821063,0.1447224867669817,0.13606990927941723
1419999,0.05140207687438869,0.14004883005994456,0.18347169508635575,0.0953722397498885
1420299,0.833069658376131,,,
1420473,0.03867001376312413,0.10678371180176364,0.0670058746765326,0.04759869150483542
1420816,0.229675438182178,0.34569864729198707,0.4817977767347279,0.48266322112315413
1421097,0.5129837574244572,0.7654439089119851,0.6877913117509129,0.701331027068485
1421224,0.09065460366256022,0.13637674688165652,0.10625480299957359,0.14413799684866457
1421306,1.1497190023659216,0.6356288301715783,1.1153659620821241,0.6082361370951155
1421578,0.1599600483714344,0.12529929625446296,0.1695274492463185,0.12939437443295518
1421669,0.968446088453157,1.0976876414074161,1.642723514538144,0.885370751076395
1422508,0.09714647910393122,0.05716246777144808,0.08353420564217516,0.08436687546046374
1422848,0.11886295975743669,0.15971222557873838,0.19108720043938776,0.15747632244274942
1422849,0.1366870817708367,0.1573062717453002,0.16734606250251793,0.1294478830994234
1423045,0.19089986695777192,0.08844267349157234,0.17601430190379838,0.19604978029707298
1423053,0.7504470576936103,0.8005821064522378,0.872265102483675,0.8164120791218463
1423065,0.29071294968137656,0.0756184398793547,0.332533714524619,0.32864489943589603
1423296,0.1875074480984937,0.0979280929764579,0.059775956281985836,0.09428570432782606
1423442,0.2755022448522133,0.26138744358609417,0.27260510279547323,0.22397711057647057
1423673,0.039789801528820286,0.023240679825651492,0.03761849810735524,0.0017228496208449222
1423686,0.3889596392350635,0.5292301748226754,0.41073656703409295,0.5775878435234583
1423876,0.9158682013819078,0.6341095089511468,0.9042586756126124,0.657453533947228
1424071,0.25041822348165665,0.08186817517601863,0.0,0.0
1424177,0.07558901861837176,0.04583323613355292,0.11512894038936157,0.04206200533364207
1424322,0.0443512006746257,0.09672434346238815,0.04271093841415708,0.037488073963379456
1424367,0.0534093648124428,0.08193162870279018,0.11832499187826521,0.2960069857094941
1424381,0.20179036291243807,0.24231766673074337,0.21631380051889101,0.2800853305955436
1424467,0.7961387908343416,1.0335944177582208,1.0434768303265956,1.045386967084989
1424717,0.14785565111883833,0.12261800585055216,0.10001814516552718,0.1306770985235215
1425041,0.0700181421617831,0.11727033316427463,0.14916816098787009,0.02391807057624549
1425165,0.1741992162920373,0.08399319064573002,0.1197768290184042,0.056880890578687046
1425649,0.3589008326917971,0.41712773337999237,0.32647387122690075,0.20332057583282231
1425738,0.28812202268974313,0.2293511542821868,0.27513261295691466,0.40222365347723216
1425845,0.05231703303321944,0.10119270141535813,0.17254995630532233,0.032409640609028637
1425851,0.6958207680946235,0.5115561130528742,0.9237213147953551,0.7048982646073418
1425930,0.5707432010834822,0.44754620242227783,0.5861052388184405,1.0264690642445082
1425949,0.09141482688804764,0.052435024161732825,0.0633624637948634,0.055834522140383244
1426083,0.17995194172677356,0.3637634380244996,0.4379657957569292,0.2319277876538504
1426092,0.1889349838887959,0.0962844591594816,0.13395960476038551,0.11467530844931834
1426196,0.7539636392592877,0.8414068395509886,1.320673869418801,1.0440375727034787
1426266,0.3531026788299073,0.38738690547123567,0.4550805042168133,0.2940317432022202
1426318,0.6411788834701287,0.6137612228771189,0.598606919368524,0.7912121875729135
1426319,0.08059926137835187,0.11031434188896673,0.0619402223895784,0.09779820695118209
1426327,0.04833029678769717,0.1541532975160486,0.08246788186736147,0.14662484943135207
1426398,0.07038035873088488,0.024519521596027403,0.04809068298519057,0.02235126916432528
1426449,0.0,0.020300548329615514,0.0,0.011766854939283996
1426486,0.06459832739121184,0.31983347344598234,0.7166058820736321,0.6723819079031569
1426588,0.1563193649260831,0.11025689854146134,0.19624800344684531,0.15359361134494418
1426748,0.032909676752898256,0.07131153780181328,0.06040991250743616,0.03565979968285213
1426749,0.231236202217908,0.260586454406165,0.6647873742174499,0.3236311225449625
1426754,0.10177619935028191,0.07059129729454637,0.1756021491221516,0.08189873836321646
1426755,0.016462899791940815,0.009270506616514247,0.023957113553059073,0.009541142456003045
1426763,0.008751678868070538,0.009752812944367919,0.0,0.0
1426771,0.18138579702834237,0.06784324183116974,0.2376684446534252,0.1183226985334804
1426774,0.004433345567577363,0.009257479729123705,0.009427658278341269,0.015600575346772798
1426851,0.2718845738408941,0.16162146613441378,0.27501513675707917,0.07755582266161593
1426853,0.05660084155358213,0.08508528614589705,0.15460652486537627,0.16478626731147866
1426857,0.024105532600068987,0.03114254439699945,0.0,0.0
1426859,0.6697739078383466,0.5057474382001955,0.8315963278154295,0.6039103448281798
1426940,0.2021945342119726,0.29115122009548683,0.3414469339705368,0.16791816549700989
1426960,0.03480876391370974,0.01705547393514295,0.0028843387270112418,0.19610307419072046
1427008,0.04618680427074121,0.2600906665176308,0.06984298023408905,0.08574799120396046
1427119,0.3476852810680799,0.12226644942617346,0.2635262428275016,0.7905620270524911
1427147,0.051609933054665255,0.05188579955800671,0.03194147553234707,0.03441518746285501
1427196,0.10415772578864618,0.180081811594957,0.024190940586399298,0.035364795791118
1427202,0.03650907262304544,0.07455210372512372,0.05063978516351322,0.047968579427540174
1427263,0.07891318270232228,0.12520198764751161,0.16254889232245087,0.05620504397918975
1427350,0.11435823560651523,0.06859764625701201,0.06543759825320096,0.07822108949601479
1427351,0.03078027959642796,0.03141189834611896,0.018703958611384887,0.04621466511424963
1427372,0.011186835568422345,0.03236262429454725,0.0852041384584299,0.11179799302773365
1427514,0.24102855604042836,0.13339593172005418,0.24500145648680927,0.20505452176544756
1427748,0.1297139257651792,0.3280311818367928,0.05351828715087788,0.02988915839773919
1427999,0.36983370305169466,0.002474324596001102,0.010316154431883672,0.0031584390365681095
1428350,0.03613734978746799,0.060742801515565874,0.06229865777407806,0.056660652183785
1428569,0.19628660636029543,0.4002039857928671,0.4202047039504855,0.3643049482385149
1428793,0.3620282998347548,0.3753487551856073,0.20325450341674095,0.33574434819818755
1429390,0.17697682940045834,0.25898259362884174,0.2252422058392419,0.4273114550273762
1430193,0.0,0.0,0.0,0.0
1430681,0.014410901798938643,0.06511053342272212,0.05092495189798446,0.04058450307857524
1432450,0.7623189885477769,0.23754813752838969,,
1432529,0.23522159016299735,0.5039307168102902,0.27376504615270425,0.12700808822899592
1432539,0.11260368496044032,0.16272700753992866,0.14891122703826062,0.06031459097220117
1433541,0.12954411276533226,0.2012218135568936,0.08794520909730154,0.03513501762337821
1434165,0.8707476755254729,0.17117185649087135,0.18505392324260894,0.15027759069285881
1434323,0.02319499150344544,0.10708641335492534,0.09322352435469974,0.027801076380527322
1434819,0.20897385217946793,0.3723883018921917,0.12480560181900151,0.09219395261673663
1434845,0.04481014263122427,0.023339200103547904,0.05681493343884024,0.035701411679575495
1434997,0.70283341289697,0.799659517696057,0.7772559149507943,0.6131106592728013
1436866,0.10346528397228662,0.18714531144213595,0.16116494279215063,0.0760405973344939
1438574,0.057666065026005596,0.1369736226861229,0.08098968967418398,0.04615518853208715
1438848,0.2993641784208946,0.27929399924817583,0.3312137890428814,0.2531094992072714
1439207,1.1153685492688536,0.15260066434732872,0.11312568364843818,0.06313172476108769
1439289,0.7860680755452158,0.9230556088796893,0.17934617592027266,0.16596180894517018
1439743,0.0325217020543613,0.05254949978053609,0.048781977730501046,0.05158663990286534
1439805,0.21360801324770057,0.27004230915395633,0.11123885609724032,0.0974036973414496
1440771,0.3493676073612522,0.45704694398416423,0.49209303640541313,0.9921183959763286
1441689,0.12774363824636914,0.22384947134564068,0.1696748339113,0.16974017089246507
1441888,0.13012196260721312,0.11024951867892574,0.13467107652942628,0.10221937290915886
1442056,0.08183631196103688,0.15651091244698967,0.1332940002151743,0.05192488334391552
1442273,1.021733121608731,,,
1442573,0.06130658317148745,0.16080253706690173,0.1103046631679895,0.10784721614847285
1442641,0.005304872332089016,0.13979933837852151,0.2008536075708374,0.4437726729436401
1442756,0.2906292252299695,0.3272939087239646,0.3147477567866447,0.3167045553476512
1442891,0.2527014874121239,0.3004166674856469,0.21720233798319424,0.24659484578396187
1443077,0.24129561726397847,0.40213098206871156,0.4007186176259811,0.395480918130274
1443095,0.03345388656628849,0.04534049440606309,0.0861448581606585,0.02531178868974828
1443689,0.9287412768112655,1.055914946367543,1.3994406335984788,0.8828107513424698
1444043,0.466213666971458,0.39955336417900134,0.31484921405862026,0.20995594641757453
1444055,0.45966706327033496,0.3718614186796891,0.4193717636011572,0.13999496084455698
1444874,0.0937106176964164,0.22156573132266144,0.08519241765926192,0.07944737907001764
1445065,0.1809897107125177,0.385752328358422,0.35153079681173294,0.17587692176269082
1445891,0.06930627540368443,0.08339122802910078,0.11707520600931219,0.13281142581461264
1445893,1.0315362307851295,1.4296980105668278,1.0432522827235038,1.1109856782866931
1445911,1.1503664355685959,1.2585975803252523,1.6421477579856525,1.512974537359713
1446114,0.16370329578715057,0.1909228541640166,0.2581872728655994,0.19205948703377088
1446194,0.48805447474207186,0.614165011955361,0.5073074700383099,0.5674225407543751
1447228,0.24774870174906063,0.13872047731792383,0.17164959831058177,0.1955182175433027
1447578,0.31511745956303466,0.5276907093991329,0.39761237490519363,0.374199490789736
1447884,0.1443062997951231,1.214697838845398,0.20117353838120022,0.026457732106419378
1447946,0.7547661788195762,0.36635624792184485,0.3009931485879322,0.3146895766549231
1447961,0.2529351240209549,0.41933065976166345,,
1448574,0.591547078980608,1.0308461052703937,1.2755957677024707,0.9308095921284164
1448793,0.6528408927537233,0.8946524801986013,0.6076142855424739,0.3828851526275021
1449126,0.1416545082984362,0.15012882543280187,0.16243302911598637,0.23667665733167462
1449434,0.07707673295183688,0.12700854244994558,0.09308654595380798,0.06870453132565742
1450144,1.124447108771056,1.1738898343118416,1.304674794793792,1.1264433020725186
1450701,0.0,0.0,0.08051224342346991,0.11706161444610083
1450935,0.09590140563199769,0.06078613216959892,0.00022316355449682152,0.00038581397543503004
1451460,0.2224165384874704,0.08874230358065993,,
1451623,0.15463063235225952,0.21367891706095227,0.2981386589997139,0.16606124755242763
1452208,0.006487908654610932,0.007878607419193839,0.007380704246197001,0.00915116510508223
1452689,0.2288666724424666,0.267886167767739,0.8864893536501037,0.4009727227849351
1452857,0.025683838023073252,0.05451171068785021,0.00989374577022479,0.08689751700041011
1452861,1.3684294142299953,1.7795524736282704,1.6626745970952965,1.6412382049137761
1453072,0.9634083934758535,1.0750098720480024,1.0520899468879967,0.9884983460121269
1453381,0.1964832043429099,0.1619486193989584,0.21164221479133716,0.1585806992897391
1453526,0.16338879587981642,0.012679340798176916,0.06994726654771305,0.03997305989097033
1453620,0.013281061846253089,0.011082744169126746,0.05802039269620735,0.02174255335475821
1453885,0.4130474241946765,0.3319382100021725,0.3743769987500273,0.24932317116748215
1454027,1.1481982956427308,1.2173592027347515,0.9572319877889357,0.919411252117372
1454138,0.016911089551383113,0.0283576336194371,0.43917301923714774,0.02460573645003279
1454308,0.25019830133283266,0.3536984967176243,0.2086793850380147,0.3233174378612756
1454423,0.1571487690941523,,,
1454424,0.09884460748425661,0.09852416396344961,0.17053100428126486,0.0920722127733629
1454502,0.14196189643746152,0.05511010714074753,0.12312963724396944,0.0021065205985586707
1454759,1.096569820607194,1.3367114377461435,1.1206696629867923,0.5580398231635393
1454937,0.14360938623043754,0.6974776234961831,0.20487516666091243,0.6755870522867845
1454949,0.08321112366046064,0.2966378219038837,0.20307357877949186,0.1833573434915864
1454984,0.12259042339973711,0.12166827144681448,0.12607514863945055,0.10663312187016713
1455176,0.5665615207747111,0.03826442541830196,0.07894790531452256,0.01776261667749605
1455251,0.20190381355540893,0.10901832089145198,0.19894187870777905,0.09872672843340274
1455253,0.3577403691774297,0.38366659653704416,0.5435497518753599,0.2869040573603419
1455258,0.14188529298785788,0.17562234184360975,0.2839164513909878,0.07338145648053403
1455267,0.07469935136265099,0.10617762673801565,0.08680147992693232,0.12772263570662504
1455288,0.008340994693614453,0.01279804192107497,0.05827259166868169,0.23675770645921507
1455290,0.0,0.3110540073757915,0.09137205095188873,0.09602952963785746
1455468,0.499739574360241,0.31982554502853794,0.44248376044425636,0.39504465792086857
1455495,0.1006465572166795,0.12282006682587758,0.13793440098518778,0.3164728934257256
1455530,0.07251535591309952,0.1979897230980804,0.1755943035612581,0.1709329529028069
1455845,0.08176366345766554,0.11342985807765452,0.2097026333351254,0.0564762998665325
1455915,1.252496259790257,1.402250349797951,1.5045535244818016,1.3412904286040153
1455952,0.06540465018643464,0.0,0.0,0.0
1455969,0.05761131071292188,0.06093734322471948,0.05862440820093968,0.05852653927793422
1456048,0.2226122801006237,0.15276846974121452,0.06044639979299861,0.050178820656751805
1456133,0.3498189246058601,0.27630333087892756,0.31366966214910236,0.28092209384728417
1456228,0.115305723255469,0.12605532846871967,0.15498349015185894,0.11964168082516075
1456511,0.09974144718350703,0.39001373304575254,0.3943279735061662,0.05032249795298316
1456670,0.32648413594150344,0.017113447565602864,0.18073063412139556,0.1826787346006626
1457320,1.2201073213725673,1.2390106697986192,0.2918342536620808,0.9137224338339788
1457833,0.04912640655288013,0.06213066938843288,0.040457736414805934,0.0515443814063728
1458425,0.6753796197345506,,,
1459270,0.3538460993004197,0.40243867860290206,0.31957890127244376,0.2636009309067283
1459754,0.04789969857447921,0.0830588667843515,0.03955426379161261,0.08167730347150738
1461287,0.08788771815246918,0.08952286158712025,0.06884332396656516,0.09817109798781014
1461539,0.059860648863218784,0.07350087921920734,0.06668427548562916,0.08223152358342875
1461790,0.9004520233024923,1.1763603634518551,1.1103200930688175,1.162590374511595
1461945,0.6731822739896813,0.3167719691802502,0.3889744272101862,0.3124324625773882
1462014,0.02815985231995226,,,
1462020,0.04251311219316503,0.08392696882801401,0.04059037675081055,0.03412428171497456
1462160,0.100270589236169,0.1405146416870738,0.09995014300011694,0.0651620524987014
1462245,0.10537459679075238,0.16778460182711336,0.10331458412472383,0.1064994834395164
1462284,0.09953498420087618,0.11013055505261658,0.1149234518435564,0.09628055511850828
1463217,0.17475243267226323,0.09541961087535934,0.09862308169465843,0.07240273591645369
1463559,0.19028362207049837,0.34279235235675276,0.3504244848656092,0.2722195489009021
1463746,0.16418977971875767,0.09173663580963133,0.13949839085145474,0.1720321443847611
1463753,0.056324955561790666,0.036743620110031676,0.06502555041140548,0.03295731779146558
1464790,0.5696991427725228,0.23534648023277502,0.1457720630151959,0.1354647543601157
1464811,0.46708387746320695,0.1497772242418897,0.18937327012568692,0.26966564109173286
1465109,0.15810511623659,0.154976043571813,0.16503191332210576,0.13000448428712266
1465837,0.20079421334024647,0.13736649232809556,0.14097518211376273,0.30558866662713385
1466153,0.11806847439157908,0.2169613359952663,0.20286415327165747,0.21131133869891305
1466546,0.38349118935157295,0.11400885453838731,0.11110632613404728,0.10126924138889766
1466697,1.2436352145554441,1.4630432895322625,1.428948844308353,1.2442772378931624
1466999,0.0,0.0,,
1467373,0.0,0.0,,
1467517,0.22171913072526592,0.19669358458120545,0.12417637041766896,0.13900599949633607
1467902,0.5799765932502103,0.6626881271363155,0.4897950778119572,0.5862995879646912
1468395,0.35736347798328044,0.3027464534066419,0.2318896022778008,0.26573480765484453
1468685,0.21351992299807748,,,
1468792,0.07739701725450703,0.09867572922103468,0.07237641189361389,0.27542678053167813
1469026,0.06940855145979673,0.2110185060303948,0.3094333438389796,0.2151094437871858
1469219,0.055984678739602924,0.08059161733354027,0.06590481536739615,0.07589651997011192
1469336,0.6590186995245871,,,
1469475,0.227640752412245,0.38951876752230646,0.15492022120690324,0.4779840851987465
1469528,0.1751946894755718,0.34530643401634425,,
1469589,0.3712624077139018,0.508340233067031,0.7170904641803355,0.39498911620566574
1469751,0.31536846100749427,0.21225681775690092,0.08560423204269184,0.23027911118921585
1469877,1.0975591450771183,0.7702742181438964,0.8621953207361377,0.9757785757820368
1470261,0.07856098937849393,0.0556392769494657,0.12770321229079196,0.28273029000110905
1470414,0.09178509942506577,0.07232260761625546,0.07931922730395455,0.08642309134246416
1470766,0.08828657154912893,0.16217503587272059,0.03199371169988723,0.1307556681685379
1470876,0.17877843896899934,0.2842467180512006,0.37489903453601015,0.11864255536792064
1470944,0.12670134366680474,0.12684745794458652,0.10330193584711227,0.1017404445180877
1471085,0.06896799593794901,0.09696062899578586,0.10617671958951148,0.17045076070093337
1471265,0.058254797059349765,0.16215530302345355,0.12502161770138046,0.09055611531039774
1471474,0.29911808754662245,0.2764281193301431,0.33643171947325407,0.4010455301795235
1472322,0.23588938692254294,0.39990244493282917,0.29078139132680414,0.4535614526780039
1472800,0.02891390131355912,0.0124356867244864,0.13640818640257654,0.044119298341456226
1472850,0.4703753819821206,0.31015780385601754,0.2760615300673174,0.2294671403415978
1473116,0.13878736771143485,0.20076575527943177,0.0,0.3043176662194538
1473182,0.2981099223122104,0.2415353191731581,0.3315151486400821,0.23379471699502977
1473429,0.13751660245588693,0.3848199452975343,0.42149605971496695,0.4431510771197656
1473438,0.0,0.4934715772088642,0.04988716914871669,0.005648374211329026
1474069,1.0000621630050095,0.14995484213303278,0.4873375430882938,0.22619818516944892
1474979,0.23696197103994393,0.4713876917583333,0.3350282384605423,0.0
1475150,0.1151836922025785,0.10037127391181144,0.10637157072081786,0.23144768586172687
1475271,0.03489718589820683,0.09963156537439269,0.024457723381013475,0.029517204080776856
1475365,0.05591630147134247,0.05002108573628936,0.062909145381812,0.1476953630534634
1475373,0.2761668737900411,0.3822147294753591,0.26767592574589516,0.3380571588198039
1475597,1.0458590545682267,1.217548877298543,1.3101803311217486,1.3425940278479707
1475770,0.21133569779895145,0.629630662521589,1.3001556679500885,1.2613445191685333
1475896,0.36948851141642514,0.15315868413444753,0.10237212526034321,0.07129357321298462
1475940,0.1152921057870241,0.28901467342960024,0.3296904320426855,0.35482175487950757
1476179,0.07669709284695812,0.15096017763067268,0.06409458518291146,0.11102362536281561
1476225,0.08882725195683841,0.04366953921064308,0.045990245731680465,0.06889291329474596
1476329,0.028676073359618064,0.07958451635500971,0.014814359013700677,0.02726102081816202
1476804,0.09483011788462103,0.12866745623423656,0.08888117919990673,0.11774589431686767
1476993,0.2035733766327245,0.024943514215284204,0.29059642286523263,0.10190659663183574
1477024,0.2333128441849236,0.1594392270194016,0.27244480562863027,0.2495603735303959
1477872,0.04784224782051983,0.04779088030439985,0.08895013309073646,0.08544389380494066
1478179,0.033601879043540624,0.09245211005603769,0.09457903207524371,0.020968857276995108
1478215,0.09775810715686668,0.04676785224603688,0.09896604081484402,0.09528379958398799
1478394,0.9672890372830614,0.8157355219560778,0.8550934496146646,0.797169798940335
1478735,0.4382858385157871,0.47233911448399835,0.5514490883763717,0.5580551020606821
1478775,0.01571223743769903,0.01795554729289206,0.008975789722800408,
1478982,0.20543815888720102,0.20534764682981405,0.07168446296731579,0.024042677192787423
1478997,1.3123674833364098,1.2399595032601671,,
1479465,0.04203402731438048,0.11990630948110576,0.02652421713072755,0.015538494954240789
1479598,0.3557697335250942,,,
1479844,0.08862461113115724,0.1507950621306602,0.1301002678125472,0.0877969137152736
1479983,0.22898141642445724,0.6771325891575336,,
1480532,0.048003747344276766,0.07295406625647384,0.004424444370343413,3.902577660365439e-05
1480751,0.19137611655176864,0.10500799793644207,0.15089739400416058,0.16010999472751872
1480916,0.3224715631106664,0.3497148639251696,0.2293337777136772,0.19783861061456015
1481045,0.17814971890591813,0.17131488361420175,0.11989908080905029,0.12757716509029757
1481669,0.25165785421948733,0.2711647410061383,0.2622310206371734,0.30501258465382636
1481714,0.1299854012719145,0.1594585349271205,0.2740979500323288,0.15013075861998626
1482010,0.052953034689724475,0.07399974159376278,0.0393864588042296,0.05417772455685516
1482012,0.03613183123520387,0.11886216329831611,0.1133260331465062,0.08215658804968576
1482106,0.018364386231376168,0.09405188798681835,0.07367507514595527,0.02530816717154253
1482171,0.6743037295215798,0.23843076895204524,0.16061392063745372,0.20903505138409392
1482416,0.6185308911556813,0.905802936547652,0.967705407001252,1.022240642909296
1482611,0.15795564453244607,0.20803661196644482,0.21245279731617242,0.1664474496535658
1482688,0.2712275120004418,0.06285778325432329,0.09655944715206434,0.12230626456085435
1482689,0.035992841625649176,0.04192370804290877,0.05424154129057879,0.02560850013484151
1482880,0.07923328787691278,0.37089577551006786,0.19214406081720833,0.16797046371615235
1482935,0.1140499689885871,0.11277210218467329,0.0933101392395273,0.0763789060819809
1482970,0.1476068188448122,0.14585500407857369,0.10312954551651163,0.04901529348516779
1483065,0.029230302209492177,0.02273264926441405,0.018883509338823348,0.02025917398689425
1483066,0.07610802334696197,0.056970314534942154,0.05780910403036122,0.05049807916003057
1483170,0.4132363907836891,0.40644951426292414,0.1296406572661091,0.0604564477728572
1483232,0.3745300115586499,0.22700608610151274,0.3127488148531029,0.14713597132107128
1483259,0.029118039040724363,0.024703032307821032,0.06161158180233702,0.01735903320023512
1483260,0.07272428213958526,0.09871676390924836,0.0,0.0
1483276,0.24762240957928774,0.24239585090580534,0.1669260398356478,0.20600442814987566
1483339,0.6135646932794011,,,
1483467,0.1780986887842185,0.2382802584375834,0.2644513351747424,0.285645914926809
1483472,0.0844209410898292,0.1265794075967818,0.020533174024373456,0.052234521189617696
1483503,0.57887265691644,0.1390733202642062,0.6693150164294671,0.3816313131770222
1483738,0.49899000475001337,0.48970689530201067,0.6457003836214088,0.9716148116949089
1483824,0.1060689672508554,0.07988270959162873,0.03653740218601111,0.061092579400269006
1483859,0.21120010143239243,0.29630101078460824,0.269510833277203,0.26005116536228184
1483864,0.10432446862690557,0.0689508595651094,0.15567793853362313,0.087106005742981
1483866,0.06538291305498252,0.06456011224773836,0.1471812629416767,0.24346473364027776
1483870,0.012254597331597677,0.020926470693366683,0.056912405801137725,0.011085612881559586
1484040,0.4268500748874503,0.28376099732462035,0.11271856227501503,0.30731434066846336
1484043,0.06565122117266854,0.6166153185785187,0.8993783277075078,0.21912974755604828
1484047,0.07302253609695653,0.27187475908850883,0.129755693751348,0.12151284936332146
1484067,0.2768498139203013,0.4560111996509415,0.7892932270715742,0.5078252149545252
1484085,0.0078080286961757445,0.012551293088885654,0.017898600391303497,0.01330653942398573
1484148,0.15501893237905792,0.20831480460033863,0.10795123780344422,0.14605644068561055
1484150,0.04506234044036211,0.03337023998807435,0.02994567177579982,0.06448699095197677
1484153,0.6587942458141898,0.22751378531955446,0.3078220422615003,0.4262512039760649
1484165,0.7041975134274652,1.381895545560648,1.6427873586554878,1.2512733548125519
1484205,0.04740344671484471,0.2892686156066023,0.16725351604070407,0.13286712989244173
1484256,0.506955603858481,0.5658566404085148,0.7272058885452647,0.2642079759741019
1484265,0.1420018316038656,0.09250408662433568,0.15865971836253479,0.1539861395352481
1484429,0.04741494119267144,0.04931021958834179,0.06925971117846882,0.2333290545692502
1484540,0.7397109623979803,0.6963060371675919,1.313897988255927,0.2992728586818466
1484836,0.05020295991627169,0.412840434920667,0.07459881368518538,1.100867063142558
1484972,0.9252666170692392,1.1686692700959813,1.3700264967144076,1.108942405460717
1486066,0.3747236691668644,0.25627057420072874,1.349778138637852,0.2449333651160817
1486083,0.13985804130935783,0.10846549577180765,0.21643118280224335,0.2501927096911068
1486180,0.20218864783169466,0.339138854116064,0.22642731717872971,0.13757045221405279
1486713,0.035172961273501786,0.026275207789020517,0.06877237596564899,0.011119570066167341
1486946,0.07101879543546918,0.038243883050871924,0.024489113973440373,0.027344128344682087
1487438,0.0909973162614223,0.05227984236592931,0.21776542067999421,0.06353146388807884
1488542,1.0983626780483768,1.2726268908815828,1.4965603296368957,1.216940675226508
1488921,0.3939320834970962,0.11885582359596186,0.12021624964474863,0.013076531834287336
1489178,0.2477922113292248,0.03124937096473149,0.18431746925237857,1.0951793910722123
1489859,0.5218425478240752,0.48216137901891126,0.5779194308442361,0.730554474496527
1490429,0.034528764985874955,0.052796781948849056,0.10882333054118111,0.11841615387684398
1491072,0.6396025332409787,1.349332395689974,1.3362041837918335,1.1231701334305424
1491685,0.14818786391764666,0.14229327103758588,0.2617567658381384,0.05504424439677176
1491719,1.0276328076616532,0.903468018091402,1.4595042661711715,0.5719016778125242
1491998,0.6937142960496996,0.31549033175503083,0.4781435870445159,0.33413835355244653
1492040,0.3630276330570495,0.09683270309381856,0.08515584477353974,0.1382100862531391
1492133,0.06291515277569405,0.12325301464319012,0.2362766095415923,0.0148290842787523
1492815,0.2940405019071759,0.16700230896462,0.10003559952307672,0.34567717195131925
1493215,0.1331575156257131,0.1273489202670738,0.2044855958734498,0.23126859043854542
1493921,0.0,0.0027216331544087425,0.023442716513608,0.7518506378616948
1494127,0.1160256778410833,0.11665186529767971,0.16890453880101883,0.9929536792190343
1494234,0.03099406910680788,0.0885722140904264,0.05759442453652141,0.047937489920299794
1496201,0.6472028928862723,0.9482821889205653,0.8113953954453886,0.49810314465521593
1496228,0.11349803828049142,0.02094780226931072,0.030814186102854836,0.03534514624766883
1496637,0.09802623406964622,0.15518539503053502,0.04874537348005249,0.1789141547415698
1496859,0.26155922930887926,0.0,0.0,
1497345,0.0,0.0,1.1709647026056855,0.0007520771649869261
1497637,0.4599708414283395,0.9985852030588928,0.9707005340354419,0.6630499311217478
1498383,0.17520296873197416,0.33488924440410517,0.12945513244575668,0.5084528702860388
1499066,0.5648385776430204,0.8782431979811965,0.6458338621045645,0.7358995332030043
1499094,0.35582201517980677,0.40627652742572035,0.36924918159159054,0.1585304307894756
1500605,0.1207983336424639,0.16685130288757163,0.24093507731651362,0.19602212310285808
1501902,0.07214802949340603,0.04022995621664008,0.18359126893426023,0.017014170617603023
1501927,0.15447261808215074,0.17808262186323745,0.20803877596967174,0.0
1502149,0.21992184633531622,0.2662190853896814,0.286353872755226,0.25317720643602337
1502287,0.1949370764816954,0.026779453366995533,0.31950901914475566,1.6573755055442607
1503174,0.1117262938445658,0.18898869327285978,0.29663416526895353,0.2626215110024897
1503269,0.10983809566503097,0.25978237143206917,0.1646379009480953,0.30933622867912347
1503466,0.016555052934710365,0.010477620856379018,0.0,1.7211976091464045
1503556,0.0,0.9169559860362385,0.0,0.23085873277717955
1504103,0.01192753360560948,0.0744631934090717,0.0,0.0
1504169,0.3416262535062359,0.2792576429014658,0.23941868491085222,0.14161095453541078
1504304,0.350381056202386,0.5514402038370931,0.567386407900867,0.5165266330062329
1504492,0.14643546237451394,0.08698289733851769,0.1845605851644567,0.052276491154953746
1504665,0.5743756933158297,1.001466806991292,0.506218729798486,0.4099496288706778
1504941,0.04054419868014499,0.07238116549880713,0.04981837825022819,0.13148682340041493
1505183,0.1344307187892177,0.10702549678392585,0.2833926957025076,0.17469474114618289
1505207,0.0498530075419819,0.11547284567901517,0.01082697551840601,0.04200826002556457
1505639,0.0,0.08510087526604644,0.12943704857287763,0.18866356141408722
1505791,0.19343888418203123,0.13837902669481156,,
1505817,0.6870015966536068,0.08160692591075866,0.09445548414042587,0.12148985586958179
1505961,0.06932093647171515,0.05201217336689637,0.2140929066176216,0.11219495954835931
1506071,0.6064791426164985,0.48297238402824455,0.07258112327818275,0.4843074695311815
1506073,0.5372162001389438,0.6239164384802642,0.046057284833062956,0.06185226572502351
1506409,0.09236935111661512,0.09413901111042852,0.004895121904812294,0.007835536806066225
1506796,0.02615620298454617,,,
1507673,0.20094493485479425,0.277870673836362,0.0,0.0
1507683,0.09893865654822546,0.14062805448354587,0.05299874201175218,0.03942129265080879
1507971,0.3310726269669539,0.15740300845990537,0.16478588219031695,0.08460715650329247
1508097,0.6502909702593268,0.7464924173068238,0.16209061035066627,0.12179682811739394
1508120,0.02420013378064557,0.025016467770368915,0.029889982192286293,0.22212221601278131
1508195,0.10377300287302493,0.37907826593267957,0.07317157181808018,0.055930221048090444
1508512,0.24110845449151827,0.1936394037280525,0.25941338474100206,0.01153896555186922
1508755,0.4970048057126235,,,
1508822,0.08096965685742223,0.1364480245215507,0.1605591971921168,0.08635672214968253
1509508,0.057648592448552194,0.0743045961138128,0.07353875344190629,0.03269581665372471
1509510,0.44813323370841995,0.4896954817654713,0.37345411471883994,0.5056098070894098
1509550,0.08076680263182028,0.11406668670596465,0.7049446967428807,0.1299235004619208
1509842,0.8853793543663211,1.2418060954919488,1.041693981544901,1.024771208255477
1509873,0.6302580118719812,0.3452975943847004,0.10928453682527307,0.12879691236796154
1509874,0.15374158157394416,0.29537239746290944,1.0722359193156987,7.4609905527166775
1509943,0.30757034732300137,0.2607459802993808,0.15488682450753927,0.17598941285117572
1509973,0.12489841311789743,0.13347221266736384,0.24617641558143363,0.10164254650159506
1509974,0.025274956890739244,0.04083518867521407,0.01515639506117559,0.013196846699546898
1510099,1.2779714706917145,1.3346794150910863,1.4107519984236698,1.4662456887182471
1510281,0.1904489325237586,0.4560536454665009,0.6182214738154782,0.6415932419173432
1510387,0.40718461291803554,0.3800846812609675,0.42093109989036703,0.3440419692693239
1510434,0.12559654423649044,0.10769213087754002,0.07704207283430006,0.16397475583164592
1510481,0.10252815032237865,0.19167650995807223,0.7539851402750241,0.7563235006064812
1510668,1.3038291624560883,1.2622487828907887,0.14992721967939762,0.06826356802974481
1510669,0.8121775657052313,0.9315152066715665,0.8693580786614871,0.868642878515417
1510677,0.7653112203884821,0.4783829026832763,0.23354108197817447,0.3212781424739055
1510769,0.22646659933154498,,,
1510809,0.4239546023474398,0.5806770751787388,0.6262981661570373,0.1939782223215485
1510848,0.13607005912174047,0.20179799779560512,0.07755514092994523,0.1407411028377873
1510870,0.09126806054666406,0.14644519007938636,0.05156357751214619,0.029733690640147466
1510912,0.3136763399273415,0.28483871163149704,0.3668878610987979,0.6858857125098271
1510940,0.3773540509174637,0.6317164698730189,0.30258126261065854,0.24472861542128577
1510974,0.0,0.0,0.8417168585114665,0.8813401966240927
1510989,1.1041746135747539,1.0096757696419325,1.0894337070143416,1.2845671281804558
1511037,0.12397487687440872,0.25125633447745477,0.13691211571062437,0.17855509868023006
1511098,0.08523587456321043,0.12589350842708363,0.023510954435192567,0.02344749363254445
1511137,0.9095972035487264,0.267107524102586,0.8049451192914162,0.09489691101715617
1511229,0.327723445951277,0.03406742121562476,0.07294263154224583,0.10300959417022713
1511291,0.17939542966184738,0.17914336117263266,0.2724262023046168,0.28135269185727996
1511506,0.11695967548375265,0.09969834662001922,0.10964884834182052,0.08136111976602993
1511550,0.02610614926108632,0.020295357063334764,0.011053189308357044,0.029391825127291916
1511697,0.16422719010429962,0.1979326970668015,0.1694660867376975,0.18114748640393788
1511702,0.32518855431763,0.09925588549013047,0.12536954577871762,0.054309679188188964
1511739,0.5615829428285859,0.2535725814012784,0.3584551071936827,0.29095187205865486
1511794,0.5105549656352799,0.6016943220731171,0.49114981115304074,0.39870030722329086
1511826,0.017751842592631233,,,
1511847,0.01579121621727768,0.051165338178454534,0.030764750563641013,0.03018964251285103
1511857,0.10359181448563669,0.11175418518607123,0.29018226810058084,0.1834822623746706
1511881,0.13362168543238614,0.1795698091343365,0.3004182901066826,0.24865505604102117
1511888,0.11594563769101501,0.1064660226453474,0.08654193519584275,0.240056777084885
1511985,0.09856496720125818,0.21995138673138304,0.10174856682499882,0.07825325084328162
1512020,0.7283057204862877,0.9951157913427792,,
1512022,0.12558004210644355,0.10154110933706552,0.0530146439709615,0.0937750406445028
1512024,0.7670873510912368,0.25074421762568977,0.17254940098688742,0.13256909690440583
1512026,0.16648495926645715,0.19209833651150232,0.1499426561971517,0.10005355511883843
1512073,0.04424467005652812,0.07457155975169316,0.03791722490017654,0.0636214723864958
1512162,0.7963237137406975,0.7900817346953578,0.7715493901669456,0.5908479350138139
1512171,0.03468327558387229,0.20155530435814165,0.2040926380354105,0.09716395994363682
1512173,1.1851516733084444,1.2835073916947912,1.4618894740570887,1.274574235041434
1512237,0.16351486783886315,0.24801248055106906,0.14205692555822974,0.22446989142465004
1512275,0.08559281179794592,0.24838205421225623,0.09221319404148957,0.05794567309170281
1512367,0.9896204454209632,0.9455896065272186,1.0323000206926614,0.7572975809161797
1512397,0.0019092063026991915,0.030935648059204998,5.059083239676731e-05,0.03647955477726548
1512404,0.7801609881973355,0.3416078366933253,1.0772501913605688,0.28379226679465863
1512415,0.49611927496525177,0.37126901754110336,0.25407686275852975,0.04676491455126446
1512538,0.6555554508848905,0.3081750273151525,0.19625057009645736,0.2915704956877305
1512566,0.11570220446600077,0.3032057759512506,1.5881795286224414,0.3158184745103053
1512590,0.5080657224800432,0.1553450592269007,0.23739927234510028,0.40057418883361634
1512596,1.4020666103190669,1.7063117568150794,0.8037616753334689,
1512601,0.10734891091259749,0.38587484513561093,0.14272774889070042,0.12911378343216806
1512611,0.13794259661710792,0.18716903436322327,0.24563542977967992,0.13126521283326006
1512652,0.0626130350911411,0.10599804879316252,0.056012815042650814,0.07797429624930077
1512716,0.28783699471110197,0.620347113064198,0.5486384695054922,0.40593681698137934
1512734,0.0,0.0,0.20317627447449407,0.833688945635466
1512746,0.059994864339189415,0.09713180926783328,0.19943454059301596,0.088480034493665
1512779,0.07173665676573499,0.7839840633632458,0.024227429523534027,0.0
1512780,0.25920052126829657,0.3577172624557794,0.18608129165487022,0.2851996477143811
1512805,0.7908184937956454,0.7259104583525385,1.0158369351757963,0.7978791528863847
1512814,0.07498332506704426,0.21924383796120497,0.19155032625378682,0.19288515777447535
1512848,0.1388666501340306,0.12773768791553375,0.1500090759244054,2.2746654334480536
1512857,0.9668049240467389,0.8338241698773171,0.7029307104021495,0.772159831054292
1512858,0.08921952646185304,0.24687969320838649,0.28265630863367525,0.055684070478492456
1512865,0.5517675747393415,,,
1512901,0.13279657456676477,0.15901788702742858,0.1664875831704965,0.16594874869926104
1512910,0.26253187238255044,0.2803917455972972,0.2730658859467998,0.2383619386423862
1512920,0.09295572369362232,0.14090378292112546,0.16110279621529108,0.13476585304280525
1512944,0.014581697232808524,0.03889325105565608,0.3395483089334844,0.12443116228312959
1512978,0.039488714335038255,0.04646841720215985,0.044662949476109916,0.012025827249230321
1512991,1.206564955713015,1.2893465617365518,1.341016120741013,1.21014458203741
1513006,1.985744318171095,0.08458306604022954,0.9753058149289927,0.837014777110695
1513038,0.0262827412336604,0.12631592883888326,0.05117453156009857,0.049468854981479474
1513125,0.13092505983869338,0.17334326755286308,0.23462068146429516,0.08176012269927226
1513126,0.047472399477174965,0.17322973929201804,0.1415766183392805,0.14869118783437077
1513137,0.1400238025112016,0.20527173876113228,0.2896948886945543,0.19354033864434086
1513189,0.026711451885497402,0.033639594050791116,0.09823934288524626,0.03863741891057621
1513193,0.47447831368309223,0.11020346710438741,0.18594657534157527,0.4252914094455451
1513211,0.4876937817503225,0.4443656947835313,0.3144569783591637,0.1895214875385042
1513300,0.3769344494072827,0.0,0.5788477486432233,0.8193264279838768
1513703,0.6212275146734401,0.5713082289554787,,
1513779,0.07025402026380319,0.038715181215803904,0.15436217246500572,0.1097504921484391
1513865,0.01803346329574569,0.04488930106155977,,
1514334,0.07397612195647114,0.054180921733295855,0.052092991707699925,0.02825600865124331
1515070,0.8603973813580061,0.5502535303230226,0.24763512688909853,0.4313332311034374
1516450,0.22912715409421344,0.10247309919335372,0.07170363774430528,0.04476268943020851
1517133,0.689313890407302,0.7738354898673443,1.606953330553427,0.9627640122497299
1517137,0.22094484715580978,0.36606767356769615,0.28238744934572213,0.3635223746570232
1517429,0.1472647676508788,0.17891784896385024,0.2858720116288803,0.24662156487975873
1517666,1.3686000246409884,0.6646476565577438,0.8955329205333298,0.6707036673015896
1517857,0.20151821721096144,0.1941610710734024,0.40873329706907685,0.08917657216756264
1518235,0.0845971028003788,0.024227975362970635,0.03912839045673207,0.17719491453049638
1518320,0.008754437211428785,0.14798319917880115,0.022490196126714587,0.014369302419043535
1518364,0.14541182719427612,0.4164057509226194,0.13980563190090198,0.09526161461336866
1518934,0.13273350140491208,0.1845458745293101,0.0,0.11369570188541141
1518999,0.22501127972841084,1.2082136395855836,0.2919543776228876,0.2399986573597665
1519038,0.14286869311456885,0.02767914389496599,0.0,0.0
1519113,0.033752782142167745,0.0447237221844832,0.050520997579630945,0.03541367997876108
1519319,0.020047480163051967,0.028408067529823545,0.054507011978533006,0.10424022900994608
1519611,0.16403495009929422,0.1421310080986127,,
1519676,0.09359758604197804,0.23094243850112803,0.18674136923960075,0.22389482626293877
1519921,0.2857663404088611,0.5731412870684635,0.29193281821442535,2.058974556824796
1520309,0.38288876873784017,1.8394025217185894,1.1083695432514884,1.0867258470381838
1520354,0.22059281939863754,0.2120664189748555,0.17878170652254982,0.3316375545928522
1520478,0.09524231686545587,0.1597766342583714,0.15306238276477122,0.7236224306914646
1520601,0.12976795800602575,0.2497823751876111,0.3354840818711575,0.3203253430628111
1520710,0.23589938650529235,0.16798258867852817,0.052527203699077624,0.1010430768196967
1521001,1.0852693557067234,1.0636212782753507,1.4423738189445734,1.082159997305873
1521019,0.09804580467871125,0.118572501090558,0.11509930265733655,0.1029646344357972
1521951,0.0817569238628189,0.12103570302507127,0.03321924464977829,0.060031504199383336
1522877,0.22399135679209936,0.22634657672094396,0.2017061813080851,0.2988490218478074
1523705,0.31856966502638373,,,
1524341,0.0,0.1519619792148084,0.008553726142942102,0.06493892835146939
1524362,0.25848039371225,0.32670776875068924,0.9181879547782359,0.35193129391532507
1524408,0.16640600763717497,0.09251696186963745,0.14894673068824696,0.08661989423523828
1524493,0.6523918850145131,0.42533510727950263,0.45807823284705196,0.3834880425105341
1524828,0.2655158982226571,0.4424603424209414,0.5370803309942244,0.8474622420346727
1525109,0.10730612465827682,0.11882735843471741,0.13549294487034116,0.06214364313860412
1525234,1.1864769520203666,0.7328880782203343,1.089113480959864,1.131826730719292
1525362,0.2378906321481528,0.14470035003729056,0.14549022443974516,0.08453929822690964
1525865,0.18948826140714636,0.14325826225606542,0.10717357776321128,0.09672604705131702
1525907,0.00234337616865533,0.011997542187065847,0.011684375259269526,0.0031763322486600284
1525947,0.49803985747455715,0.7219426808984519,0.4670707147478423,0.4964772183889585
1526246,0.17472010655580644,0.047833098380526635,0.008438196204628342,0.3676009864739166
1527166,0.7654150568137842,0.18710252335680094,0.14855410981552555,0.22080588260200606
1527488,0.3095460681808021,0.3227072320802213,0.29906576423563147,0.32943648644405665
1527570,0.5093671226373294,0.10232419532638914,0.4938504459100619,0.13688348581213483
1527641,0.1810350477680626,0.14234993443235383,0.0860557487260568,0.17266833346416047
1527781,0.465553570111605,0.5658523955947437,0.4949790674480717,0.03889845343040375
1528214,0.3366183594050611,0.26144517829820524,0.2210939972231533,0.21619030035444534
1528593,0.22683532236781506,0.27535315161059404,0.22735998332351356,0.21281034808826332
1529090,1.6974036753162665,1.7267848641460835,0.7082534565144928,1.350246095355398
1529389,0.45667738191617846,0.4325267911653223,0.48719076967983105,0.25413401234307853
1529735,0.0657773375246813,0.09389412380100537,0.10448370177498456,0.2017299481784738
1530237,0.0,0.0,0.0,0.5063362802542837
1531593,1.2551194157983343,1.322971727848246,1.1219991243861422,1.1135915995280967
1531611,0.44233157530168465,1.0578898896432527,0.7849767418361914,0.35668841436341603
1531612,0.16648009450687798,0.13528056416235684,0.27644575274933947,0.19266899904964868
1531721,0.26580145116540693,0.29137293967609607,0.2758889457154612,0.3553518019819924
1531809,0.08178054404419653,0.08917223525404715,0.13020517918455637,0.049502374592652124
1531879,0.9809280996317883,1.1927694889725202,1.2045441377643562,1.004700102284301
1531964,0.4999837782800322,0.8786707119289021,0.7155155264391505,0.5903027082605858
1531971,0.9117374718711616,1.0604472750872709,1.3142900103362962,1.5074812433870368
1532262,0.002361121799813947,0.06984221852693082,0.032145025098983517,0.035986612141681494
1532472,0.5332080558846608,0.4380633287621538,0.47502657164824524,0.40198284416608954
1532842,0.815739589130194,1.8355327543796678,1.7957057208721743,1.6812383130383557
1533421,0.6168749994459334,1.2408246103783398,0.6800207430516879,0.8139925795428006
1533457,1.4370942795070984,1.4944307767929796,1.559442550405126,1.4699689253305956
1533497,0.15248393987697537,0.05121247167856564,0.5635544568095112,0.8564961661397383
1533504,0.17210022139981995,0.1420970383146696,0.26616550719279286,0.1573381654483269
1533950,0.534101437855057,0.47936464594920414,0.5667694197516222,0.6580969533159835
1533954,0.11381579522248879,0.08092098366015986,0.10177919714157758,0.07924739185840463
1533964,1.4751885572698347,1.2465476754677434,1.3938062148537667,1.377032157851922
1534259,0.08780936675039194,0.12494561809431838,0.1727139964653152,0.16862025387866433
1534261,0.3677215073237824,0.2547366573148735,0.2812483260493391,0.6974414937484195
1534270,1.0535365700187393,0.9070196759682908,1.0259474332390806,0.9770077678940335
1534378,0.42269641917513207,0.3392414909267618,0.38648304008586515,0.37346157790711254
1534400,0.23871806415613303,0.3583417270670075,0.16461286060921035,0.18017519738157872
1534450,1.3175087222474569,1.5020433164419646,1.4718346180861914,1.6405650581567697
1534468,0.15602971017118322,0.41640941105922435,0.13402558878465537,0.13066794783254382
1534469,0.0,0.04374921510792225,0.0,0.0
1534561,0.6988196353860602,0.23754776022340018,0.17671634685450824,0.22915922075851639
1534653,0.19918389131585998,0.19975119819479747,0.1713243381434564,0.22050250858417622
1534843,0.37082639034429526,,,
1534866,0.07746151411397784,0.0772644760217257,0.10082262394613589,0.08550733351414877
1534949,0.9300859857430293,0.7557822255247891,1.526510917096267,0.6808453302613597
1535058,0.40158597878165136,0.1927490913566139,0.18902531631608976,0.3943926139296473
1535061,1.133094175047696,1.442399855442721,1.1396115833445992,1.3129207010601778
1535096,0.14627674515682854,0.28111210187501023,0.11516231493142612,0.5000743807610937
1535110,1.0211655291107675,1.0629625562533593,0.9862711842775521,0.8559265631186163
1535172,0.3940594455032325,0.15886499795470957,0.34957054577074187,0.3883075595051534
1535227,0.7129017688064169,0.9668963378717162,0.8638412591056467,0.666015276709234
1535264,0.14010722898739478,0.210413389847339,0.245177531638718,0.30140680122626695
1535293,1.0994952266051048,1.3540126163317192,0.44534471796722574,0.15366093370930603
1535323,0.695225593587644,0.1639649725269985,0.20135866849335043,0.18560804854975416
1535385,0.4008639432183766,0.4355974426913332,0.570942671845887,0.5236510203102674
1535387,1.3339705421007073,1.4479067914087442,1.4154381682736252,1.386131400744787
1535392,0.815160360805663,0.5404020093357709,0.45030020701294887,0.4399325289059283
1535452,0.20365447003729278,0.2931566439721024,0.2906456519412363,0.3015919514138113
1535472,0.3444790814079299,0.3004969398607372,0.4239801966974354,0.9045049932343067
1535521,0.8388295375053,1.4122514234369143,0.6731307887833726,0.5582632774231323
1535588,1.0477102734308825,1.185336610344025,1.3071126964516928,1.168508649406675
1535602,0.12485879964278761,0.12086992415191418,0.19175859710295542,0.15398108693958945
1535610,1.7779447204762229,0.8255451391049522,3.2411319785675636,1.124033803700167
1535611,0.4607251297157458,0.5251977703263843,0.079279541017687,0.08240751774416899
1535630,0.49792305937298886,2.0339989990007052,1.5923882380147754,0.4725625743480298
1535631,0.5282872957866197,0.11597099480530307,0.5217987929288692,0.2586080353873845
1535660,0.3493091467559132,0.44272778212087416,0.4266584498231333,0.7090145670886138
1535677,0.07180328340731557,0.30774675004212154,0.13714238479191043,0.17341594966105173
1535695,1.06802070079545,0.9401761660066122,1.080548801495681,0.6362220821774632
1535784,0.5374755340845299,0.3844405346833102,0.3851078698479142,0.5273989864257486
1535811,0.5432358973140169,0.49670521179014493,0.6090022308844083,0.7287922459149377
1535839,0.013156820432187787,0.09364257724213644,0.019349955485536075,0.04843670716727043
1535845,0.4894749038996234,0.8552327780800038,0.6520845048549447,0.5730572567479325
1535847,0.12792923179526525,0.23863502051828722,0.28565546476441467,0.13743847658948694
1535859,0.018959965612305105,0.022854814740022805,0.7792644320493257,0.06613129023312964
1535862,0.8006631328452138,0.7436296685604525,0.1659380494474399,0.07056235612490044
1535865,0.1986382009011945,0.19779846291355885,0.2728328981310194,0.19667422664977616
1535943,1.5917153419786432,1.5807207127830152,1.7328758671799631,1.729682128381286
1536006,0.40983968970390067,0.2010387803600468,0.10142253725048984,0.11733454114660592
1536029,0.12461943568544814,0.4537466316846315,0.5829352483816846,0.7339652975547545
1536054,0.6514703970943643,0.7328602576905872,0.868027183163737,0.71253684075005
1536063,1.1151961627856184,1.26112109577784,1.5832491615609938,0.7895536824805074
1536080,0.9322322538621003,0.9667863245851609,1.1180983744201454,1.1042579942452526
1536105,0.27280009139869854,0.3275347386671809,0.17143830577363078,0.20285624534099064
1536114,0.671957471733375,0.00953151764577684,0.07229837319027443,0.15609060228682842
1536139,0.11774162966949324,0.2320824430044956,0.057952744356017105,0.045458666227316695
1536141,1.435566473622525,,,
1536186,0.9964992807531013,1.1992304194587395,1.1619843540844694,1.1752275900404097
1536216,0.14774005422473346,0.06211856895885874,0.00017613794670670135,0.0018011906259510638
1536261,0.09233034322342608,0.006064086269018301,0.04256678586612231,0.0
1536361,0.3565186971465082,0.3309793566305822,0.38658740332638347,0.602968623342222
1536362,0.15736387600986612,0.2955816382064153,0.28244688750015823,0.2916187759943246
1536411,0.6736672054277475,0.7022006584227176,0.798897715378409,0.5624769924519474
1536430,0.1652749682652207,0.2049024543987341,0.20952153439911403,0.11239940699575615
1536444,0.9497109807591969,1.0573714010205333,1.182438640265941,0.9529781851944289
1536446,0.4613704494296,0.6346743757235453,0.5098090612618993,0.38629482072759747
1536520,0.5018180162017313,0.44654100547458236,0.5199277620134424,0.7748212372183982
1536557,0.936748060670171,0.9789233256606119,0.7041848392109489,0.7086644036185754
1536562,0.6429582113907969,0.7284517734869456,2.0250217356886906,1.7906709615758472
1536592,0.14682148839795783,0.25650244176872017,0.11477993319449041,0.20219306636224502
1536630,0.4053409526735269,0.414155590492288,0.7234356319337071,0.46587815102859703
1536799,0.8535877020240489,0.9087308494366148,1.6336933787582568,1.6332573950053335
1536890,1.2722909221547742,1.1211126006221444,1.280659533786207,0.8576528816157231
1536924,0.03344915831221871,0.046438665034650224,0.02300546081000359,0.02483178944453847
1536925,0.20798595383161442,0.20370078868843794,0.2811391529503114,0.2244531235183345
1537014,0.32234192653127186,0.18850815710106317,0.22197209123101128,0.2871943990208223
1537055,0.8922552618516634,0.6990512644520466,,
1537147,0.1663297552802231,0.2577362237704823,0.11028370640879258,0.06371742988469627
1537191,0.47725804803205285,0.040008764483626995,0.02973689929360815,0.09658331794427788
1537323,0.0025019120144877042,2.275610548264122,0.04203637154277921,0.32586508211184
1537345,1.2347082507164299e-06,0.2628209220647999,0.0,0.19462444179021973
1537455,0.22403677105093422,0.2648770359394673,0.2378067324046322,2.3428821432502005
1537530,0.18107123217261997,0.2811465195583031,0.2534933688350332,0.3049499995144865
1537607,0.08198842007288087,0.09329466628261888,0.0,0.0
1537621,0.17861110014067946,0.1737225417788126,0.16210769244633283,0.033736696923104964
1537720,0.06394058762151525,0.08101655880303861,0.05912556007664492,0.045685686824863285
1537783,0.06567931258726264,0.008249497341764273,0.0248703015537686,0.01805146689724387
1538037,0.0,0.002840562384617239,0.01905318243455527,0.004973647548192706
1538052,1.9060440041255338,1.9995057413599386,1.6999669973165363,1.1219209486408506
1538383,1.353358861547174,0.09303939710186855,0.06803569042004008,0.08785766689041807
1538449,0.05580394562120589,0.10780279847180232,0.10964252319183598,0.04988814874677803
1538642,0.194137121916721,0.07187171990440645,0.0008069051329552627,0.35636458585162106
1538653,0.0010044317820905738,0.057728429576482804,0.027437669011214597,0.027746491168769632
1538846,0.07152328314445194,0.10160055185265385,0.11092340823609026,0.13533777540947362
1538853,1.1751402190025992,1.0473449429577948,1.8093467260332141,1.5473003117206217
1539041,0.5240038332549195,0.45383794468012856,0.6292227232990973,0.659180695308631
1539204,0.1302693917692443,0.1352745017618064,0.12772314651217537,0.14104310110157192
1539338,0.09060123812644277,0.1970461306996397,0.04868781207025278,0.17856986430522293
1539436,0.32795781331942464,0.28449522780796743,0.1426330358440607,0.5837081674022221
1539639,0.07969651739985985,0.07908222198515509,0.32189348327604467,0.40333064805378355
1539919,0.5440873485150314,0.6113876609992938,0.6680903815688082,0.5884941809424784
1539947,0.34835278075051607,0.30784891771260736,0.32995888271479923,0.32625091811202045
1539948,0.2440498769822648,0.2548183320138115,0.42155404617376974,0.43754997889793085
1539994,0.05686213204831946,0.11349985411965643,0.13620792718269165,0.1279313116486511
1540235,0.0705957439042546,0.0931426756711428,0.05026741592824736,0.06031660589970258
1540359,0.0,,,
1540361,0.0,,,
1540462,0.07427840163367168,0.3671630010862422,0.3476682508934846,0.20182333872734762
1540531,0.16471974666679645,0.32666263735862505,0.33105664952421443,0.21423524458481377
1540569,0.24031834877183528,0.23308998719432578,1.563128075960269,1.5524854471704392
1540656,0.880144128753442,1.1422668575668269,1.0073143728373517,0.7708544157018371
1540826,0.11158969638345878,0.13119781381104914,0.12502144076447283,0.12588871100551713
1540866,0.41300003969442645,0.05370420726817829,0.19173098101650857,0.07485596141174423
1540867,0.051371440556458065,0.15518666625673663,0.15638765653643252,0.026466561883694836
1540880,0.031338215064996386,0.26530588039127123,0.10298108877634396,0.14476806425371255
1540944,0.05105568461138535,0.060956561215165087,0.04252095454994617,0.15546064049307634
1540951,0.2669187365689784,0.08507584124687154,0.97551495873322,1.1064970835734038
1541055,0.12838025509465154,0.2618901567725629,0.26263252099751927,0.27034981199011987
1541211,0.3357863171971909,0.0,0.15577300308799777,0.64377227615365
1541353,0.07200033759852423,0.08664982183792393,0.05801776962768123,0.051806642832927595
1541399,0.06455013215058043,0.07278647287576588,0.06930329963283768,0.021337589750856544
1541448,0.1486144383750983,0.19632082306888343,0.1463879758613877,0.4661077573177021
1541496,0.10024541770897744,0.0757877341114438,0.0696322590980251,0.07713213976857536
1541536,0.04324005634015112,0.033126532160427415,0.03941935512289371,0.0662660898328315
1541539,0.0,,,
1541596,0.10816773254889465,0.15284456960769147,0.1272770891238253,0.12249685489274487
1541617,0.08768120660138075,0.13364702568289297,0.07899928987009977,0.05433362110574019
1541625,0.2861622632294558,0.3984418422196282,0.28543456260558064,0.26689243739185203
1541741,0.3314570292120943,0.22729361620159688,,
1541743,0.11691661044880607,0.21950962950336986,0.15017984025959966,0.1328243035502604
1541787,0.055189013007993906,0.24745167850812527,0.10275309510179002,0.12211988053766153
1541897,0.055585499468910206,0.1682270166821346,0.07482033163067588,0.15156350189382384
1541901,0.6862056230195757,0.6682584956032207,0.691606536522193,0.8914616795259072
1541910,0.162930904485896,0.18351563452475791,0.16332575162285992,0.27745318264899194
1542108,0.06274997915781,0.10735803296647269,0.08033681091957838,0.15064505311173787
1542143,0.10607978641486131,0.19173877718119306,0.1945040034525037,0.7055640519542847
1542161,0.13645709387688557,0.33530169457676373,0.5494229683130627,1.2598339154947826
1542164,0.0357617053767746,0.507909706748183,0.35051008994758115,0.08958919631257631
1542165,0.17415295290052954,0.056322496864686517,0.1577244051336432,0.17116052684438596
1542166,0.18242859421871058,0.2995974031721322,0.05573432041068629,0.1251764006261243
1542265,0.6813847808995904,0.40627265717160677,0.4734683281420729,0.40842136839395304
1542266,0.48027594540447693,0.2019035314204739,0.35817511170505717,0.24765643292152037
1542280,0.012899584760414773,0.012315245077079567,0.0,0.0
1542284,0.02434980770426766,0.07917279912535921,0.01397763875184387,0.03754998700896836
1542287,0.23269519372067862,0.3055729002986356,0.11550555055509464,0.3746477948556875
1542294,0.017256953094208976,,,
1542300,0.03694275956451403,0.07007628969475356,0.07654691878487685,0.0965995933195253
1542302,0.1693705945036312,0.08610177478496397,0.12064728684844288,0.1550780436592667
1542324,0.03691106280892971,0.08619779855725133,0.12091322465469556,0.03867541138379895
1542339,0.027911289535488465,0.015368274657712842,0.0,1.452091288384596
1542383,0.15767823555099725,0.15229895976400554,0.11053551707012055,0.12118985219243104
1542420,1.4984096625791703,1.5104366585997957,1.2749569415944983,1.3329117380800943
1542421,0.05165015888598947,0.05962137906445084,0.0003764208310222492,0.17564500125250845
1542606,0.12620786900353667,,,
1542611,1.537439485377845,1.6557246854209786,0.18615368253107184,0.19674446578928378
1542629,0.49938801667580235,0.5545469839065318,0.4429957316241753,0.3878036788792513
1542927,0.036194236907221025,0.15016043247632516,0.09095962171723067,0.030227488702366995
1543100,0.043073435277183304,0.2236688357800122,0.028572942347323035,0.025231808704358583
1543160,0.7018309954497668,0.41000177972749774,0.3206528045182418,0.0031144017380775146
1543170,0.015389158516106786,0.23959836896265277,0.0,0.016541096452497937
1543536,0.09465050709741138,0.2594391423637202,0.38609970949323447,0.035209661493699015
1543991,0.165384551940767,0.1785077096150438,0.10958961321146317,0.08267092908378719
1544204,2.1141240567365402,0.06120084667721179,0.31830900708930265,0.25641986933710187
1544224,0.043773359991343186,,,
1544366,0.1573330155808001,0.24065732331984865,0.14018060226857373,0.21124872820628413
1544554,0.6766505370146683,1.2258223943080713,1.0531348313481226,0.8808690621393825
1544576,0.14886836436981085,1.275128909895003,0.05840758902192964,0.13425526447621952
1544599,0.1012988343144338,0.1345522279880288,0.10661120879987894,0.08471844385504623
1544676,0.6141774209786753,0.7011330043284847,1.1021519482538342,1.1299755394472186
1544773,0.7205103171898782,,,
1544806,0.15542323609462547,0.18347891419880127,0.237904492921743,0.20109625506788495
1545545,0.7141308564215891,0.9505210071774715,1.7454889427966982,2.005449437257341
1545812,0.07535694637803887,0.08089470444071241,0.07087530584815203,0.13509320688122198
1546007,0.7558284127771522,0.7091126293723898,0.7026708852340129,0.6452593741614917
1546172,1.2552438412037736,0.6074665522548715,0.6671332435061317,0.7510319360001325
1546190,0.0604663568813514,0.12749780740662706,0.05031786017026188,0.037844630725788295
1546196,0.0061399283215235936,0.03530820082081567,0.1724916281052829,0.22469571275659977
1546283,0.43030491668336557,0.6275284809025072,0.5009119699138553,0.541089658027345
1546408,0.15914432607904672,0.20262061493203978,0.1029404527373009,0.14679314793325346
1546531,0.0,0.0,0.0,0.11872360393530035
1546587,0.03632063320034189,0.12369329093941081,0.011799279049496628,0.060743657281396836
1546592,0.06200589692236025,0.2029652381947676,0.09366190199531484,0.0794394929764421
1546790,0.41602266207606986,0.3640386622958707,0.6703287464240214,0.2156908351448647
1546865,0.235576435360327,0.11059823738033715,0.12338194159371019,0.12268981339720493
1546967,0.05124734367219215,0.14216321452266895,0.12383377217073471,0.06034165689606235
1546989,0.24542257289186997,0.3195766559544014,0.20492770740514366,0.22035389222296484
1547007,0.31472157280237356,0.5972704891904794,0.7062373839981817,0.44708947720827236
1547838,0.34655276299495913,,,
1547926,0.3221599210398569,0.09576076438631424,0.08279045766964004,0.15273204764936507
1547927,0.06288849963931184,,,
1548392,0.038965996390969954,0.02231834283637363,0.05827601221442006,0.05997882454979787
1548577,0.06702060789079234,0.5465046690163826,0.3426871342996055,0.3394921317452107
1548594,0.015391434408195756,0.0,0.05312918876237526,0.4816113920400256
1548880,0.015339984440669188,1.3652553683432125,0.4516109908864,0.17505150277281353
1548882,0.09054841288467619,0.6811875545005023,0.2479174732084268,0.26473163574888137
1548916,0.19519114887925118,,,
1548997,0.07139814321242857,0.012582779950472937,0.0,0.0
1549042,0.05793487807011374,0.058137162600981625,0.02835867637515371,0.05280745648284738
1549230,0.6946126006519024,0.7855534023753202,0.9055736411446772,0.8723020839696504
1549275,0.2275700819882859,0.11824060534581426,0.08004115859111505,0.06563148631499133
1549358,0.22890313563678827,0.09521207155244732,0.24385245529552724,0.1887729862499167
1549408,0.1873159864469853,0.09334294969337549,0.18854621406053973,0.2606532845625895
1549449,0.41563318644643155,0.4486494102468262,0.37602015373368763,0.5107437361859376
1549553,0.4449446972881935,0.6746855883592235,0.4880613217259849,0.48507890090566885
1549575,0.07386843977638845,0.3148937038951644,0.1985058233592686,2.053757757004418
1549641,0.39063033206379727,0.24557266086892035,0.24771586777021526,0.16495785076706793
1549738,0.01990367906944818,0.11132928815300944,0.056817781546655524,0.018559859369720124
1550057,0.09423200875479765,0.15149215342459524,0.14696042257462819,0.05832298256089651
1550075,0.02859867162944986,0.059716661856357524,0.06347786701530114,0.09592171846713862
1550188,1.2236334197552572,0.5636201856298488,0.9987462296226636,0.8775651666867736
1550191,0.08294894499815542,0.06104696801748002,0.2799329850330537,0.14748023788198122
1550304,0.02375731688252764,0.26895902895714,0.4623826267844912,0.06272611976001567
1550509,0.21054661943907366,0.22726581126538628,0.24136859003246483,0.2907132132891755
1550599,0.579434238228037,0.19098802958751232,0.03340994658778736,0.13762053128947277
1550660,0.03204462334208894,0.04654807639462343,0.0051678401264186715,0.005181899510727748
1551727,0.19300230428562637,0.2156945240406654,0.3056633762711124,0.05259444664645019
1551867,0.2141896217529527,0.12613518621422568,1.6876913208075501,1.6487964601847567
1551969,0.1559840073267586,0.24116102582571086,0.22358567395467932,0.15790626987571332
1552059,1.1922300033454623,1.5783073793371252,1.2223395066339369,1.1454003825275398
1552564,0.15969474091190025,0.5014717652221986,0.2698507775374181,0.049421180164918074
1552999,0.006834870429045089,0.24273867858544795,0.08101640852590164,0.012905247502533416
1553540,0.4538933114880457,0.0817238091947425,0.33811272725984387,0.3423342417281757
1553562,0.23558063040416996,0.28952079909308776,0.16179115537032424,0.3486616844082622
1553733,0.08144396108915197,0.18182348004702595,0.07391237081864806,0.07180259663421369
1553936,0.32016950690285645,0.26654504092866294,0.44948167353318597,0.5181602765854113
1554179,0.593986907686425,0.7218905604771404,0.383808521290807,1.017909259716633
1554308,0.0790115448317392,0.09288308077300925,0.0980956936953336,0.11499368677604255
1554656,0.12510565029828266,0.2444797006490638,0.04688816620179986,0.1269825713502196
1554815,0.42487426798862127,0.4536060497313523,0.06350851693109749,0.6031832010966766
1554871,0.28465466439356574,0.4227141333164562,0.2404026296453253,0.327440230076768
1555170,0.19443672789545302,0.22881491668762052,0.10293475190327328,0.29757835014491896
1555283,0.40805565167047003,0.6379907266902608,1.0345900048688272,1.5913553246022085
1555486,0.2514124156599687,0.2524985000949584,0.05839833616209048,0.31921180224899415
1555512,0.1926545179797587,0.25405901144977805,0.48997616262982996,0.38070477549811305
1555623,0.7686573009959787,1.336345545407414,1.3746042192883712,0.9837199453666765
1555829,0.057286896177772856,0.6514024980986994,0.34635573769047484,0.15463337587247897
1556168,0.08399462522157441,0.07242564522245976,0.024442407423323653,0.006981495686392702
1556198,0.0,0.29296929676154604,0.247759897473618,0.26572625381263576
1556218,0.035330537492387896,0.03902917734654697,0.044159736901302024,0.016551552771290494
1556245,0.19075939345740892,0.16433838565249428,0.2542673303857689,0.13437388253948493
1556785,0.22616777255007375,0.33477343733896486,0.16893000289535748,0.189457492594404
1556915,0.19812862496511144,0.3387577290311845,0.1175248202659026,0.13688595529719202
1556921,0.7313979259604941,0.7487048275658368,0.8733218008724276,0.7526807698694008
1557017,1.0273238003985243,1.1489002176322896,1.5026415602516991,1.460434968762103
1557406,0.07109361122531774,0.08478225300308699,0.07899490407282075,0.09901784567926965
1557485,0.10493325184450188,0.1360158264591839,0.06692052914137965,0.1573096415909732
1557787,0.2267712612484559,0.1634039760849743,0.4892833388261401,0.27078058638104263
1558313,0.9416251431392982,,,
1558481,0.034136940391876085,0.016368479809509978,0.02991634108132133,0.060330729005980493
1558858,0.3822131581674597,0.5169302644620892,0.8738003561218737,0.6166999143367154
1558971,0.0625785865637469,0.2546953837302442,0.3509196803032413,0.12192882147019332
1559077,0.05871761619082663,0.07965271906648856,0.06757708446330722,0.05219565369657934
1559130,0.042319500858611886,1.0606969465078742,1.276659205499992,0.4426533633935278
1559706,0.3737952404820749,0.244563141705,0.3513908981656066,0.4250104955998476
1559771,0.3794421280423121,0.2591323270342671,0.43054933240472315,0.15145535299571927
1559789,0.2028320771586137,0.13572711613593638,0.2238351881474781,0.12442244821409378
1559832,0.5190540299479804,0.6231211083519477,0.8815954852114393,0.523673723394427
1559968,0.048475188441115084,0.047051747499565366,,
1560009,0.0,0.00010038555502930285,0.0,0.4233994671897283
1560123,0.0,0.6105366116749013,,
1560207,0.7406668164287906,0.21095605674480436,0.2615905898454587,0.18759844339058845
1560717,0.3650614125837568,0.3871181698153274,0.8409700325456863,0.2879430952744365
1561089,0.24501350540477493,0.15219977606983326,0.13894006475428508,0.12788903689313663
1561418,0.5742678073289049,0.6307715536077129,0.6475157803569741,0.6859350096506951
1561790,0.05916439717996487,0.13439738597652323,0.07274489282912704,0.07256079264389018
1562230,0.09800823560638547,0.1329284780561715,0.176261259326879,0.13843684575831178
1562453,0.1899345628908457,,,
1562668,0.33685842388311066,0.5811834019189157,0.749770753837091,0.5265189422441577
1562744,1.8410309077049456,,,
1562855,0.16570206733097206,0.1458011828943579,0.06032888175737962,0.054202505360458564
1563223,0.4975810153343499,0.6173965262468983,0.5867109624527513,0.9091372430163099
1563525,0.2143932368830374,0.12294667879436255,0.1153167573899031,0.126320135157357
1563530,0.019160542385354102,0.045220750271072085,0.824691113902199,0.18914328345955875
1563634,1.039502954588318,0.693271163227864,0.19756691104481763,1.2184962092838656
1563660,0.35213946593248585,0.4415719001342838,0.7687943981936083,0.456712285618297
1563690,0.13625866732843403,0.12323527879702909,0.07563947065230268,0.06248362023941549
1564702,0.9234457244965144,0.8625843550927289,0.8058490675168221,0.6103362630604682
1564770,0.09767042485959741,0.347451275501465,0.2266512535901816,0.27155288033414055
1564835,0.19859413820228633,0.32045161215043905,0.22490492195112635,0.27605632085254606
1565316,1.1600476947852172,0.6523144666681643,,
1565432,0.04415299917249733,0.03765574814207172,0.18496948218268697,0.26118615667902534
1565683,0.2145043476818044,0.09678499723270685,0.0,1.2799600437584282
1565854,0.73887923807408,0.7951633081528856,0.6748637892319679,0.7187363708518443
1565951,0.5417828950785819,0.7495384735898342,0.45677945012992294,0.1242018756084913
1566030,0.08294179288684819,0.1314061497992649,0.10121811230893385,0.16461043306144596
1566089,0.2853954702739783,0.23716004889238695,0.13563681580408368,0.08291429284672348
1566113,0.02210817570748482,0.05883468981726477,0.03926118538858485,0.04641096232828741
1566414,0.07252895807729974,0.10591539465097986,0.04673934074786547,0.02660703671811439
1566475,0.2186890783569392,0.646045596166749,0.4204980121744313,0.31150375152658455
1566493,0.07818825457288078,0.07635351497704164,0.07293133921296614,0.09126314543959128
1566601,0.1843979974853028,0.17734726136255866,0.00041006726723906786,0.6438953359414481
1566653,0.23216188847712793,0.2614941978122877,0.4875281880495763,0.4054583466429272
1566691,0.4481607424225463,0.16246019309575382,0.32134697207740204,0.1528219488021926
1566728,0.2846450273121027,0.3807426567923705,0.35587909941324325,0.24128480360399165
1566787,0.022981799441537228,0.0,0.0,0.0
1566801,0.006061315731682729,0.010720142190729153,0.15128828532819946,0.15332457508465153
1566887,0.9543520980567555,1.0644063211409942,1.4464551109670318,0.6198321444524638
1566968,0.02589089435595441,0.027631920074910606,0.010334984376472598,0.013657562291791206
1567163,0.03694787498196935,0.13102878208648328,0.10768124590657854,0.08464145979449646
1567195,0.3838769807875201,0.6123967264565193,0.5586672316246358,0.6593550996899065
1567459,0.0,0.0,0.0,0.0
1567634,0.11899482663577403,0.1529648973036209,0.07567656071604999,0.06836275359863948
1567738,0.08766599845916516,0.08777038124033675,0.027676865118791003,0.03262963437619391
1567752,0.6076109006338309,0.6177024763306178,0.877685389581246,0.776857125441976
1567755,0.2978432678708762,0.17207577468428598,0.13876427743559638,0.12886160043077963
1567889,0.07955024586815303,0.08864933395532641,0.08560184467099624,0.0766441714648831
1567890,0.08692094773572084,0.07972870733794665,0.11388679309279262,0.09518718813775327
1567912,0.04907062215921376,0.02420327832678522,0.03892905243165807,0.017636591310415946
1567992,0.9527416245691285,0.8565432908621406,1.1766483328930881,1.192549454137832
1567993,0.09936826199413096,0.055969724765473856,0.045046712821384595,0.04541657266976111
1568068,0.05917706255349903,0.12196753769823157,0.031147127253613502,0.03788741198131078
1568132,0.3259722570352829,0.39439674128371033,0.4155508409874464,0.5273620399802567
1568235,0.048775803789755476,0.09849861130620305,0.039765219945526224,0.03665978406418247
1568280,0.649648460390349,0.9005351782553187,0.752475000273826,0.7736242151438719
1568303,0.22271178557441076,0.32593243881255207,0.34729387162354186,0.5603196244579999
1568389,0.2253223241890294,0.38511637684073,0.18729267524697393,0.38499046865881414
1568540,0.04952808869060838,0.431006756839826,0.13532234610501134,0.032877001843213856
1568541,0.84859166821451,0.0,0.7734095953267768,0.0
1568555,0.6203303820006254,0.5553403962202126,,
1568621,0.07658777266860947,0.39919208317204913,0.08441608492065847,0.09234476108832694
1568787,0.34695979052236753,0.20509471167107518,0.13479097466857543,0.20092603883132726
1568788,0.7007806299419612,0.6525595854925009,1.119311844890742,0.5549839110148806
1568814,0.04846985390103927,0.5140055821072685,,
1568839,0.19599985302388084,0.29250043835591427,0.18024936550706025,0.056249801751095216
1568859,0.08002205261781205,0.24076654545691248,0.24432592611583392,0.0416235885497153
1568891,0.1276302118554708,0.07467823511287336,0.08197192134025115,0.10138802958674377
1568939,0.5960091376489745,0.4960175238479649,0.6613577760684941,0.7850916263764566
1568981,0.0,,,
1568991,0.1549022460286068,1.195824079900495,0.11599736322885082,0.07854344064981379
1569036,0.043525842707777866,0.06151798018801286,0.13323908634153975,0.045626185592119235
1569049,0.7940660183922099,0.8618183929528913,1.0794222779505558,0.7130229792200361
1569064,0.5555159092572465,0.7983389653830133,0.6309616793112186,0.6343573618235355
1569071,0.12184399297768413,,,
1569102,0.30796644877074614,0.08131662304342543,0.11582640173890082,0.22437926433890396
1569118,0.09826827156636325,0.07647610358272029,0.04971378329062734,0.10702744575730647
1569119,0.048350683069400956,0.0980286669892715,0.12168507480382897,0.06385540662892371
1569136,1.4033554742126915,1.2709353748360246,1.5430887731460108,1.5576533831179236
1569137,0.12652639489601314,0.23464930814703153,0.18903151857535597,0.3505195582989617
1569139,0.17569386390586353,0.3155392728496382,0.4389334863147018,0.04914844209061017
1569147,0.06964057214968757,0.11501735710794085,0.12893335501520845,0.05078278489134594
1569148,0.039438098107156934,0.07278405874854217,0.05808625237767519,0.08986701074550901
1569174,0.11955615322752898,0.06559284950164707,0.24610814457203753,0.13328502661832478
1569205,0.07175214739504752,0.07243262215346577,0.07219474158577636,0.08476358375747504
1569241,0.2294957226951977,0.29094622222613103,0.3811299715561006,0.4844844685275651
1569352,0.2971878049757631,0.5074751990266656,0.599642076219316,0.12137724178925413
1569356,0.7980371790855453,1.241948407134313,1.8381978970283719,0.8892471427310198
1569395,0.16314729912199355,0.14848315393206513,0.13422085272849463,0.1457821833860318
1569411,0.22821118605566285,0.13910531675858778,0.10627204092549761,0.14671257328161202
1569452,0.13497958054560202,0.24206676468723162,0.6186878575445409,0.049635288802809624
1569453,0.0827976899345923,0.029037389562271795,0.12724079916444364,0.0332062606233302
1569454,0.02335294535299636,0.12667513045500656,0.02297602663546915,0.017141670703630846
1569518,0.7856918155422878,0.5890025317230586,0.12517153284464563,0.053306639084326514
1569532,0.03009336194630481,0.07022586994681906,0.10143313520773171,0.6444145527057402
1569537,0.4459315204788449,0.6790909999302692,0.6292273218111297,0.6498814271637144
1569606,0.022035579231900162,0.009089492212272057,0.045633409666850706,0.015723257029059808
1569633,0.0,0.0,0.21559187953116352,0.0016113148339500154
1569638,0.10326595914999753,0.14529442760278014,0.15003533729315113,0.7416970859917253
1569650,0.0654059671507826,0.05753060880209404,0.04053376834556889,0.25560281071825175
1569667,0.13898768295039188,0.20721518811574843,0.19348325274994788,0.16132807342663041
1569688,0.6845241161155627,0.8028041099809882,0.6531653528039765,0.3389156916166497
1569709,0.11842101671088652,0.09543571668469555,0.16207264671547977,0.2571954797148371
1569740,0.0,0.0,0.0,0.0
1569758,0.3896329303434571,0.48880745792646835,0.4582707688803499,0.4860459129668395
1569765,0.11374735595023139,0.09824470527008945,0.143284607090829,0.19599851798312523
1569766,0.3946027813001595,0.48798447247334414,0.16591446732533846,0.18240046809887875
1569833,0.18426337848096502,0.1977521380902563,0.21398381597382832,0.13240091426580022
1569855,0.2700894157960643,0.1422451875059581,0.3745309514732211,0.14171124990236503
1569884,0.12264809646260841,0.5722632074467003,0.4292737879956936,0.5533076893174813
1570251,0.03228215145865043,,,
1570253,0.19586854825184385,0.16636393926118095,0.23848923261758087,0.15085085639370127
1570284,0.11966370875660574,0.22924073647429566,0.2535999335085798,0.31046502888452815
1570296,0.04713123625990781,0.07895257459832881,0.06646573975266662,0.34088771699967496
1570396,0.04815036693291258,0.10581013078257154,0.08784187607083122,0.06335924086503816
1570625,0.27114853479817397,0.29517314110157816,,
1571075,0.03196253472480828,0.3421655445014453,0.00019963959436314504,
1571556,0.13448800780638495,0.1818615353515392,0.07873430641066005,0.07875968069116936
1571669,0.08166606340506982,0.17894622741293786,,
1572664,0.9750950920274946,1.0089374182446778,0.5888384982342422,0.7770627811149193
1572748,0.5932800173553138,1.0810610164426766,1.406687686638897,1.0439726452488995
1572838,0.21186677696296832,0.11133804906302676,0.07935858699168175,0.1650929487651718
1573263,0.13951100205834388,0.08434531529345747,0.19396767707607854,0.02817473645784375
1573767,0.21271870783460253,0.25330224704042115,0.21891805721580476,0.5893893789178338
1573876,0.1657201672189126,0.19961441860858845,0.18763746562932918,0.2073133524567689
1573913,0.2439321717623057,0.2516030477566266,0.46989022195554375,0.37886835265022406
1574010,0.08457802147172756,0.053357207515260185,0.05877016440476699,0.04500111118249307
1574408,0.23213753619450486,0.19533076243998487,0.22700400818304275,0.2518122633127131
1574717,0.07851654549223244,0.2968804483374028,0.1475126294572041,0.034646355474124084
1574758,0.13877837956966615,,,
1574850,0.35264038840050516,0.12455485482625563,0.3049027826025783,0.15642627578201687
1574886,0.8014542723405464,0.260949300825708,0.31614130527961104,0.19572603875180491
1574947,0.06881159954156371,0.12773306947775653,0.259246503683275,0.12113903282654986
1575129,1.460990829656169,1.4813905768465303,1.45456152232069,1.4241624242146498
1575151,0.17030192912938621,0.15684210309596316,0.05594143138839304,0.06062359339218168
1575239,0.11976213292254534,1.7811390513290546,1.7033634551093124,0.3672108167598578
1575301,0.1382529030762115,0.19172567375544639,0.16714916554825104,0.19100907536950223
1575581,0.17857892586154764,0.1246975686562768,0.11870345480058946,0.06176796684177728
1575662,0.07709679284183955,0.26748614906008444,0.056267692818900455,0.0448931484781462
1575677,0.08628280178638531,0.19244687482724276,0.2639578222263757,0.10270944006106356
1576053,0.11879273329682544,0.25884117692582337,0.15439944213902285,0.15845074390871972
1576102,0.040859169786642544,0.08545484659516672,0.027801554755169704,0.05053614296519601
1576151,0.12321290807947068,0.23180828871616443,0.1066506835172917,0.18449483178842568
1576350,0.0,0.0,0.29390147886604334,0.0
1576584,0.33780366934642675,0.6126591542420641,0.38511818673289205,0.4056453983521644
1576762,0.2247419096161588,0.20391901957814978,0.11255004168683086,0.18977355528813478
1577001,0.049852192166790425,0.06615505495548109,0.1317513206455707,0.05838616539168211
1577524,0.006695124390076894,0.20648517555709442,0.02567768305019301,0.2222355970900211
1577552,0.042808384482847704,0.17409244855085101,0.0,0.004576703394334477
1577774,0.35308956094935423,0.3750149788043765,0.574852781006021,0.6904978151688821
1577806,0.13847522213085464,0.3402146269083238,0.18960690304978653,0.6597733021368096
1577919,0.08003043614739785,0.0583935691726106,0.0,0.6243550172898044
1578177,0.42400420600203115,0.49205759387332815,0.40183280975191416,0.47186510364436224
1578242,0.03473629765561785,0.04058162044447538,0.026169274240811367,0.03482342076282514
1578299,1.014636266252821,0.6530553683705357,0.836272234747409,1.554893551209404
1578370,0.04470845743590775,0.3947335694003537,0.1016380875805536,0.18705826899751293
1578621,0.7702859617507081,0.9479753106078566,0.966035384294678,0.9181170698007816
1578684,0.2022481280382255,0.1694132650479973,0.23492940952423547,0.05515193970518921
1578985,0.1297160503825894,0.3062729364172251,0.4040974190828379,0.3103748498289167
1579111,0.02444957844357485,0.449220723305505,0.10831003117264724,0.13496536143612714
1579254,0.10694389062958407,0.06977719197655098,0.07733827458571958,0.1445810481248032
1580162,1.532012137092547,0.8282375283823029,1.0536562945957837,1.0073571640682477
1580212,0.7234920902977798,0.3743952176156867,0.26354461371421267,0.4377013722332317
1580572,0.3126181080965674,,,
1580677,0.6372497313219672,0.5930584139516942,0.6987395406290428,0.7386417272397705
1580830,0.12576901808129284,0.30961697400319266,0.18046318794772834,0.17263452621499611
1581219,0.0,,,
1581298,0.12564021933859626,0.1320734134679069,0.07740385916047925,0.04808052515609995
1581465,0.02119242533715115,0.08807223589307277,0.29322665492343963,0.049482465266347087
1581641,0.3103940175172838,0.6590330088780946,0.8150831151331247,0.6791745855433985
1581655,0.6906047868404702,0.7538574863828645,0.7333274160994953,0.6689857853918048
1581794,0.08786042439546063,0.08634299556575734,0.11296826952767124,0.1707144786250927
1581811,0.21134734842771363,0.37339322899525085,0.5020360407245529,0.6531018267194106
1582090,0.22726080474897206,0.5354090801533432,0.40507415245127365,0.35053342263831316
1582112,0.11750016750852807,0.7205255942726381,0.1423408236622798,0.06993154234383812
1582151,0.059808081188438354,0.10534425549063568,0.07582203653881563,0.08085057088012453
1582202,0.03038132246987833,0.07214713441875212,0.05113654360539038,0.12149000649780575
1582384,0.12195703915647026,0.3347696497572981,0.44132074984913827,1.0144469699471186
1582561,0.3814864949625684,0.49836543267727,0.6834103394491767,0.3894841832024449
1582633,0.12363493193403272,0.5745306736697442,0.11889949338540394,0.22656772534863487
1582635,0.14469648481688632,0.5177653374909522,0.48706182266788395,0.18537226294815323
1582681,0.3479178533340982,0.3562818809844761,,
1582732,0.07903256793180007,0.08059883650876001,0.11660736253468988,0.19470610899241247
1582813,0.14081642618945817,0.1048971065803088,0.06308569737338535,0.09900138030172677
1582844,0.3726258786530799,0.6490868276263512,0.3246239249416773,0.5598101953968248
1582968,0.667626087372766,0.4541761660681851,0.4490397677888374,0.4754272294206215
1583092,0.41818740463020804,0.45975905898602976,0.22617309159232887,0.19667296761068573
1583672,0.6818939702885056,1.0809355906132854,1.3329697385595378,0.9172866071857844
1583751,0.06362451072128382,0.11412414324328161,0.07012367579882807,0.09661699757892502
1583977,0.5306012667156889,0.23005830113145614,0.4013911274546743,0.43497683391958736
1584086,0.05950645164017515,0.07335395941120025,0.05319737384794749,0.03842252289438833
1584087,0.43547488015627006,0.4143664005108057,0.4648890724946108,0.318236214285335
1584258,0.5878789498823361,0.041986847307662244,0.639762582965394,0.05176366617541121
1584639,0.6225211567085265,0.6981670953066378,0.7351057901451028,0.6740025290465284
1584686,0.06055874285324102,0.0030164437783589473,0.03195596597008846,0.012075996651747549
1584691,0.13432230383826899,0.24284297968875837,0.10709844317991274,0.10797148266388366
1584801,0.02575169433997548,0.10900473668786818,0.03324105534406267,0.2305967575328946
1585045,0.19803806908905297,0.22788175898923066,,
1585047,0.1304035368261559,0.059771792356596395,0.07030934166501036,0.0916122434067031
1585521,0.0,0.0,0.0,0.787865918769572
1585550,0.07157020457171386,0.16349550146107253,0.16818252112503201,0.14284649047236156
1585822,0.14623409162236356,0.08044120505973044,0.026662823351448407,0.03039909417461845
1585828,0.011967833660778839,0.039621319186447956,0.045198554884257836,0.0505183108182078
1585859,0.20264291701439752,0.4984589290187376,0.2113404660687825,0.33642506758407353
1586052,0.19242716978352056,0.3500551005726626,0.18107981437840692,0.11199967678983284
1586678,0.8519024135674625,0.23184201726708126,0.3323227474331611,0.3574966365948303
1586767,0.3877148989840475,0.48380753833144496,0.2784383407486463,0.1786905078579801
1586882,0.6893854652481155,0.20851069018738316,0.6631715330335769,0.5708500989493944
1586986,0.39627768153186765,0.4347170384691985,0.4848056102536104,0.41590022991180475
1587114,0.23320534354870123,0.15845920393347088,0.10806179753904681,0.16760315660185582
1587143,0.4907192894927531,,,
1587192,0.2890779882841428,0.338600608960985,0.12892161238988925,0.0755342962505498
1587281,0.2864563021604443,0.7563324110143086,0.517273057293367,0.576197741956984
1587381,0.33021884595115963,0.15410113009118104,0.08671699258590503,0.11607213124157789
1587643,0.3547028792994007,0.2119248573748951,0.23235177972346377,0.1882521820083509
1587867,0.04644495042130435,0.1374886511439567,0.06726814725495012,0.07504407173047178
1587973,0.13256257472474786,0.12747777586029685,0.15188794495433972,0.2605819357859968
1588225,0.005490074180332657,0.08149440795322148,0.1918037106718283,0.13169818711332484
1588340,0.1955641919168882,0.2257425696830731,0.5261421082437328,0.15084588806079455
1588456,0.09274845580166788,0.07370136543145892,0.1538873924629654,0.12920345983710094
1588539,0.08269105388025662,0.16085396297672774,0.14129602046280734,0.09024284411829686
1588871,0.08569042072700758,0.2483396371508951,0.21437576605578285,0.20214999638023276
1588873,0.16007785516180686,0.06374284571300566,0.332999504405488,0.16225159609584147
1589115,0.0,,,
1589176,1.1134255378551352,1.399178580357221,1.1718438320468436,0.9961169074838288
1589282,0.1513679490488395,0.23611676715817945,0.16580599366751578,0.26832727577569593
1589689,0.7400352402512516,1.1242438742310432,0.9619017530557947,1.0303975297033263
1589943,0.019057920556338648,0.0,0.342071911242497,0.18923625332104985
1590073,0.1261018428159958,0.12645034907211267,0.09390973955355747,0.033742241776179585
1590144,0.5207567000059619,0.5097328944477014,1.1524509964412373,1.1508001419399376
1590228,0.865854211346835,1.1045693337898455,1.1583857108081022,0.8990909698372052
1590491,0.1234139724718758,0.11291815043648894,0.09367670104483387,0.08841672975534161
1590531,0.18302347943745684,0.4212867166774134,0.43616790379148246,0.120072940080368
1591097,0.7668997822675233,0.4097830863059074,0.5700478526969616,0.6682438842034112
1591122,0.061412316079441386,0.20357745005552325,0.06441908629774801,0.025476237151451465
1591377,0.1859319356906678,0.1071141941693691,0.03358008903495297,0.07624536657740344
1591379,0.1908383720736084,0.3046774537706874,0.12421347809543741,0.09361339597906929
1591505,0.04112053787736131,0.08790413897770884,0.09449327574215755,0.0701639808476699
1591546,0.08070493583043188,0.08871098704509894,0.11614950178873563,0.13719964436458063
1591590,0.09675626471872077,,,
1591744,0.8283851335789191,0.9800858410325349,0.9348869396270213,0.8335242528591813
1591986,0.24806642859117173,0.12983718573358025,0.21331286406802022,0.29746002617091455
1592178,0.6419919073583767,0.7955400410377056,1.0618480041165645,0.7974106847375627
1592413,0.1460613619220623,0.27524115384983244,0.20420965384447273,0.12058399406651032
1592579,0.03510059050863538,0.08834277166453616,0.37870681044370447,0.11727645027265025
1592613,0.08857273341883054,0.09139831186924872,0.11260818119296817,0.12170596532437002
1592614,0.04381747644033907,0.07522446536199529,0.03539230499438837,0.04326429980487596
1592615,0.06442238973686588,0.03264959327569361,0.03770773534410609,0.09379763641370517
1592616,0.026472666346262348,0.0425393952283903,0.022439327468789846,0.02964348012471311
1592643,0.2628255474568955,0.23174118731570292,0.21207923409698617,0.2100730255275088
1592746,0.618706415713406,0.7342821356734883,0.8444276163563718,0.7999213585638685
1592828,1.1919777154551874,0.776303187416726,0.5635140762527443,0.8381582441377013
1593038,0.15105991265281118,0.5204245393677822,0.047713038849214934,0.1665420495126772
1593051,0.09460330786395428,0.08319399695007273,0.1071334459227712,0.15521178832709212
1593324,0.352433264436898,0.4904711391463469,0.3880227142596736,0.2969399603764957
1593387,0.545594710561344,0.33685214961155224,0.4098060994362855,0.4391223063250753
1593404,0.6891743368238601,0.5118416469187733,0.9743171539111718,0.8616505251807429
1593410,0.17568931717827174,0.21815504091463972,0.08321806807206163,0.07599172294330464
1593600,0.17777595574015645,0.19468551844484802,0.06388997131505077,0.10342591162132111
1593688,0.00917491240989029,0.03319807491494195,0.048588541933064944,0.18133444098750442
1593842,0.06041774425175425,,,
1594167,0.07299955975413726,0.0,0.0,0.0028887408090184433
1594197,0.48957830987577705,1.8127962392656312,,
1594320,0.29813191008035284,0.7356322383453161,0.3616227028832481,0.4825332434832037
1594417,0.3377111509947451,0.17120110105554215,0.6234396768060111,0.24607831735105867
1594467,0.0,0.0,0.0,0.0
1594492,0.049408006884691574,0.06029754891201317,0.061965117189516465,0.025163115330049796
1594540,0.007962282516426535,0.027907762197899984,0.25628499806663957,0.047789102870850024
1594912,0.0,0.28948246920094045,0.8146031870917562,0.0
1594916,0.12836504010906005,0.5470881740516468,0.3591303430393813,0.21124506321071465
1595077,0.6962516335553668,1.024359691001424,0.9446101457930801,0.7500823461344082
1595082,0.5532394966523608,0.5808848436082259,0.7310540055055491,0.722217221676663
1595509,0.10322439356735909,0.1429276608513788,0.25217821244099325,0.04862457122994913
1595521,0.28418307942959176,0.4691004733547546,0.4074691733097279,0.3466319273829618
1595533,0.06765694098121548,0.04843870065180009,0.16260870254866377,0.1386450207223373
1595725,0.1314493829622226,0.09663712861935475,0.07497554213436618,0.1057943394015862
1595849,0.23955486925906977,0.43982207196241724,0.6174511728156844,0.6609253499785307
1595851,0.7273572572536624,0.6553794928294076,0.9542633245232126,0.5762348864022061
1595855,0.31186965506061387,0.3930294283817296,0.18989316988962987,0.4630913758708731
1595880,1.0732960925957287,1.176044815960751,1.069924115212348,0.9840827909326142
1595888,0.8521620230009871,0.806870174321567,0.9018135543762794,0.9322432381069415
1595907,0.9879264951855418,1.0314884608898442,1.1928561220636695,0.9894178216981444
1595932,0.3081482870896375,0.13238790522166538,0.5092627110579523,0.11489168981862173
1595951,1.9892957495582542,0.6811525187506494,2.0178541886761017,1.6873039773172738
1596053,3.4124872267029804,0.23174053587753302,0.9586964071877351,0.8165403198679012
1596055,0.03601712655525164,0.17444376536807688,0.2132145033682874,0.08012184973315632
1596077,0.38927651441918626,0.3677828025435289,0.3814896364356158,0.3469957751601716
1596197,0.36992665079340364,0.6178104128936004,0.7535698708889297,0.6132205576627527
1596355,0.19440316090801468,0.13899913482159418,0.12033354737599719,0.03318633067855531
1596452,0.4000674006067086,0.38250887688599083,0.30859810447248986,0.33295385011403666
1596468,0.6598357979965311,0.6979728977724706,0.710613467593562,0.5908578305888045
1596510,0.13404904285196764,0.13777623729652327,0.18894404543063664,0.23840710887853858
1596800,0.2594844740019921,0.43118233955163404,0.400537109367764,0.4635364414418752
1596901,0.02660545503614497,0.036454822277852836,0.02958381207882521,0.01167285147923442
1596906,0.16855279282279853,0.2727682150412555,0.1733167517291571,0.14279857434854648
1596920,0.24398805327186585,0.1826560382923545,0.2735531329003023,0.5320127465230292
1596957,0.20635017151169802,0.37034937371727256,0.26767442847187045,0.2649309645526777
1597089,0.14620974998508296,0.09821331787204746,0.11678012873941883,0.08254917338874927
1597099,0.027204532727538144,0.034306627779291485,0.09515477618646577,0.06022929589706992
1597200,0.15015960892384692,0.16778622937753374,0.1556305873518616,0.3911313876842281
1597506,0.3399610973645017,0.9487334771924435,0.5799281301402811,0.3634045539217786
1597690,0.14515131947774287,0.10981018605930593,0.18227739726619868,0.16660266290868067
1597694,0.29922901446476946,0.2983610958840183,0.23128601990838865,1.5698486142001973
1597741,0.4516757436888845,0.1525044204815613,0.20477789500035667,0.5781525310019382
1597823,0.4625553114728139,0.38986593499588124,0.37462686685646357,0.6729755246726083
1597843,0.038537570521577656,0.1212157902431021,0.07605456219651172,0.08586248839246671
1597857,1.2872001018406642,1.410765385202221,1.003816156918589,0.8580106564073021
1597864,0.16740342747089493,0.23837129848308128,0.7168375724575191,
1597878,0.06742450604137967,0.11000947210601153,0.12407678950130772,0.07464336889975366
1598007,0.0,,,
1598011,0.6442930040224731,0.6157450159495058,0.12387515226650216,0.049142989391210305
1598102,0.037596925131263836,0.03585689120646761,0.1361786051757077,0.2826298617222417
1598177,0.04107917840522992,0.030584853819479133,0.01468602583199813,0.041073066982448767
1598180,0.14085871756605825,0.0003240568628173581,0.28968172392733665,0.09038691399353024
1598186,0.5089040033428253,0.2661597031437275,0.1348277258182302,0.1549827208367598
1598245,0.40871716775883166,0.809767367579295,0.5050981487121136,0.6880813608261133
1598304,0.5705303975591829,0.2936639173102472,0.23323368758145765,0.10385122874382184
1598340,0.21475930696147916,0.1443123894178202,0.2366591281857632,0.21870822825138075
1598350,0.4023585413034653,0.9942026132697719,0.00865689187528011,0.48716799500523283
1598352,0.021825058321851658,0.0006701643725001819,0.120742482005404,0.023592736392309157
1598379,0.04666710152271148,0.019271136813196123,0.17829875390268726,0.023462636898194014
1598416,0.45863395616065966,0.4927953252348596,0.4068546402020244,0.2903162361178985
1598550,0.05906101570249954,0.15055336913286851,0.06762102719031718,0.031730245156728606
1598561,0.15094222134959204,0.19752530573350033,0.269316796694576,0.050028150076662954
1598611,0.5974040495162817,0.8658878628883951,0.6814166936968102,0.6126005096928573
1598697,0.027412447407949077,0.0173402753654369,0.2638698965652028,0.2678671433183803
1598841,1.506963173922453,1.4166914659361414,1.5706083934717758,1.043302687102088
1598843,0.17887057467094453,0.21836959418969243,0.13989584032771502,0.11591661199853164
1599016,0.011306845185074915,0.03567229080506356,0.11440425266355375,0.0232508526338296
1599054,1.2962318629728304,1.5984180050535495,0.08614796601024824,0.0736407486193223
1599084,0.05182927222779686,0.1663706751704251,0.11560917628996777,0.04088972122865141
1599170,0.37330902971105495,0.2914405851996422,0.3519782714527364,0.19271894681824156
1599210,0.6242298234323145,,,
1599217,0.2271573855962495,0.05170707451441359,0.023482190765953256,0.030968005756555294
1599273,0.16295594551872128,0.3384372719978717,0.04254189880463414,0.0979705098580302
1599275,0.017272041349288968,0.09029878920678817,0.026817306161649634,0.3276191753239628
1599330,0.049532405004960624,0.08032042277456224,0.03980914993166651,0.0365947306502675
1599383,0.17144153579034271,0.25035738410890984,0.32144030758684455,0.5109652611540328
1599466,0.2049043212529598,0.09015037101782941,0.17453584451401774,0.2149023236366374
1599469,0.1191154538787004,0.08259315294698423,0.10806204099870788,0.12862572615063958
1599511,0.16228172689083026,0.13261892337053038,0.13128908959318622,0.1023019229517161
1599562,0.4963960756926751,0.9652731986888644,1.5155921019615206,2.121296370364479
1599576,0.16799254681279124,0.24899925088189015,0.20092044867804923,0.10997543857869228
1599579,0.03822803653563571,0.05410725653934422,0.031575064835104485,0.03309148632138727
1599584,0.2252059673207446,0.2614575997926089,0.2646500033349339,0.20498843324080704
1599603,0.055545147932808125,0.13928529683677152,0.055028597333435215,0.052257569744151265
1599620,0.5653668073488842,0.013210412707546821,0.17915877562814386,0.15986729499941765
1599623,0.09595379760415416,0.15456499894512418,0.029888139362691232,0.11227542179105927
1599637,0.35314434812920553,0.18430720649108345,0.2073027166750409,0.3672467981377164
1599670,0.008406131292410697,0.0,0.03487844304690783,0.013543555918613089
1599719,0.5689743154662228,0.4923754974191291,0.3963449195644025,0.6543867575554237
1599731,0.6503446800771251,0.6236501651356651,0.6373378010685951,0.6040707389905791
1599746,0.03443439948792684,0.06356698288814619,0.14699528306212786,0.07336067225382618
1599747,0.19110547645097645,0.1827693267405716,0.28091360630213635,0.2601535102639987
1599760,0.16226101893306402,0.13275959552370775,0.08666601951750892,0.17356881929532705
1599793,0.823854003890491,0.6207765910106606,0.43073718891157914,0.7675588604197497
1599795,0.5660701952741574,0.7575790343686487,0.2928000556697003,0.3680287202573847
1599814,0.29845956293688064,0.2859357967383227,0.23815632746201595,0.26107926551880384
1599822,1.207145726001133,1.8680261434193866,1.068622241847546,1.1638670676228764
1599852,0.3173533105410649,0.3586851162454572,0.019869896912190113,0.04135675933151646
1599858,0.0,0.055023856814990744,0.19605991123291291,0.10035384988608807
1599863,0.08186686370108828,0.18612525804637903,0.09662574997109477,0.2708074487442782
1599868,0.29135465825408174,0.1330337479875126,0.18733669942974754,0.10192125031705368
1599882,0.29325658063508453,0.2058790935940154,0.3305865613768572,0.4466879957596674
1599900,0.15347305314758108,0.27590116677324095,0.15829513248742774,0.2941460464159068
1599923,0.07019114472164398,0.3051311375131705,0.10921907439815597,0.17035252093072964
1599950,0.1892237487845187,0.2071918848750322,0.2762024152487471,0.20853841035713477
1600004,0.15297213288980083,0.19238360138270666,0.29622709259851027,0.2191015745537178
1600011,0.32976536420543145,0.1598769700513526,1.8840507531446062,
1600026,0.0,,,
1600035,0.066474598391585,0.08350459942162751,0.07923026980465007,0.07650725805908572
1600052,0.05088267039305246,0.05140652039690163,0.028489579866757146,0.01645132073660167
1600064,0.2898719846028298,0.3307862347080231,0.818771633565506,0.7349130214629507
1600085,0.03210732889742018,0.042218733182445775,0.10277403030609691,0.043195221034040096
1600133,0.32204227353313797,0.3430504568405432,0.2738620656395548,0.3330949976866516
1600136,0.5658422189809355,0.5400794096050242,0.6402086131809417,0.5884673641671364
1600145,0.28299879657895444,0.2910841858722699,0.4271763425170282,0.3699723150193051
1600151,0.6467670613394618,0.6825298535631246,0.21396076394582575,0.6866407175333731
1600152,0.2950298337913067,0.1288374950686051,0.09212364464139555,0.1794744970061935
1600189,0.0,,,
1600202,0.22383394068291265,0.21799914556400019,0.12060415681046156,0.011340317616094683
1600285,0.2196263774885382,0.1918684660696317,0.2223493537867641,0.1658900375108821
1600307,0.07550480066119569,0.24402513814232624,0.13792057693061197,0.07501116309278748
1600319,0.4748514534827564,0.31499694283921353,0.10007154167818964,0.40200872283571276
1600327,0.1268260885035771,0.18808756497563936,0.10962314206715573,0.18431643661580513
1600344,0.8083740279807,1.7138906198538293,1.3636367877538993,1.1205076976076358
1600403,0.04030696944948398,0.02290873237769375,0.03586999985081674,0.1728645535497528
1600435,0.5739805068647388,0.5802418116562416,0.6540140563048057,0.5242890514509352
1600535,0.37941812678253384,0.34141446322829666,0.2783488692543064,0.8988642551855116
1600569,0.5022307869013993,,,
1600583,0.1961146574642584,0.331283200085907,0.3165609349656547,0.23554950825635335
1600585,0.08290071162974184,0.1097282508285671,0.17070682927548142,0.08052059003190745
1600636,0.2568047909342819,0.2431537101271894,0.4457253919691531,0.45784080353752094
1600698,0.5801634664100414,0.5111536558579681,0.32863019260239806,0.39918026703729464
1600746,0.14455279112473995,0.23567986691654974,0.2669558692651537,0.09037437964825731
1600944,0.34830027718900464,0.24619662307042192,0.07680440960921665,0.14542804488356853
1600999,0.08533488072303053,0.14566979651410325,0.06799210236694075,0.06078990284773139
1601086,0.6905867871468325,0.6780258496454158,0.48045424501858913,0.5369401329028807
1601348,0.4089247293489872,0.44385319404718704,0.3937116625260504,0.41067466393805874
1601384,0.2089913184892216,2.022343264360188,1.9281606198096606,0.14556006735223376
1601407,0.2603785505630968,0.14323217701874472,0.1529382385767081,0.06530931225023238
1601489,0.44280503900379536,0.29852365464210184,0.3771332429754942,0.20907601448244045
1601539,0.11905361322218412,0.10386008366047082,0.13135561670072285,0.0668534062236664
1601622,0.5959089343771963,0.6230792520886222,0.012768096198535773,0.06467626432278917
1601742,0.0650396951639595,0.27655652568687167,0.19257475277600453,0.24699742536724084
1601904,0.5244329997230214,0.4357316001586134,0.45949246991555565,0.4759211561399914
1602020,0.02964518448070792,0.43429189548706365,0.20622156016142343,0.2793594808152087
1602119,0.6635762290872576,1.6088236249400232,0.894005670148491,1.206559127025854
1602189,0.18958585777293585,0.18697569377434242,0.28429500901777516,0.283742471423492
1602198,0.2407584845182131,0.1741958544263868,0.5652208858552992,0.2091262793465087
1602224,0.14362592029322452,0.02817355137845669,0.03556570742772795,0.05652687020683676
1602237,0.25843924929271467,0.4665994890532644,0.5150484531547095,0.46465785399822424
1602476,0.14145209688580285,0.12938671378471267,0.26112255297866194,0.2554358106399917
1602603,0.07098204115168191,0.09723603865026602,0.05751449111614086,0.029947586630520412
1602716,0.3327409793176464,0.27709538430847375,0.28054872197654385,0.21607625864096716
1602730,0.09501351257837803,0.13903076360796632,0.06494960467573563,0.0809456375356779
1602905,0.2758372821525454,0.2100739658265242,0.06495804917811007,0.06723983064199154
1603001,0.18714508549574657,0.0950950052175656,0.09623512806614459,0.13224028822454584
1603276,0.07302906140870481,0.0465220210641015,0.02121116177660242,1.972792929088594
1603328,0.20890655496888835,0.3020813901324392,0.21006610836552106,0.11148326930784071
1603403,0.0006164308875830363,,,
1603419,0.0,,,
1603465,0.713730683319279,0.8512994328137439,0.9610485209196072,1.0970189830320056
1603466,0.8990465658257222,0.9761325505917784,1.032750401038112,0.9382589491910633
1603837,0.7330412044154081,0.38776092792170025,0.5446754583467254,0.39086625803863
1603935,0.060623562306545545,0.06921495642285473,0.0,0.0
1603937,0.23371794928806555,0.13283182284498435,0.08388173525658109,0.037619530592683935
1604350,0.18130869068312877,0.1253050447812429,0.037304657549958764,0.03872190914084809
1604488,0.90522260087543,0.8839806892322003,1.3596077496244565,1.2330828920179202
1604723,0.0349681908877234,0.06436308175888358,0.030911554482828778,0.03188108358520102
1604831,0.5097805739640917,0.5694621856897186,0.691541540599375,0.8503068733763298
1604867,0.5037518064840518,0.7607463866581621,0.4801449137260346,0.566654539984336
1604873,0.025308973362888766,0.0036140973149354438,0.0,0.0
1604903,0.3416748658020926,0.27033057744225475,0.35236720976584057,0.20906929935088028
1605070,0.4973523221308612,0.35956546472326906,0.29529401516704046,0.42903012616371056
1605429,0.20298709280124627,0.5435047609972842,0.8402891920429982,0.534213902387649
1605522,0.08106727987788288,0.04390796970359454,0.07517572199684733,0.059847440244073215
1605911,0.23422980535439494,0.24234767715285116,0.32918918204723585,0.3044217563937524
1606134,0.4668747072312444,0.19289473095058396,0.3605960944189246,0.24099604438681732
1606152,0.0009322477676510567,0.0005927326447411772,0.1852357388683149,0.010559899599357252
1606430,0.22173445413239434,0.26504724568491345,0.37415447048001316,0.22978494893946058
1606477,0.02210409551101691,0.13065587818039898,0.0555131039869417,0.12328732939848835
1606507,1.9595918867918936,1.515074411307645,1.1738521780648172,0.44050427250703217
1606588,0.2909002067895516,0.3240751068013453,0.32716964146279087,0.3721575286713243
1606609,0.07473966893893064,0.2937404429209301,0.2015127850729253,0.06511250707654252
1606666,0.06130947649806616,0.040869919558825414,0.1873809365152934,0.064019929435612
1606720,0.2123885149524157,0.5234950699763676,0.3793137481252035,0.3105567489404279
1607239,0.08417584975905054,0.07865655561206239,0.07496716786387757,0.08652997338263277
1607278,0.3693317999667831,0.48594965863795153,0.36559799473005133,0.5145590889912921
1607355,0.09110385798150497,0.04044856356363562,0.03542247578383221,0.04943256209035435
1607512,0.2847531798418647,0.1383958215174415,0.11087618719441232,0.1639867991968765
1607636,0.08111152730020971,0.050709335684263675,0.10755831701227564,0.03977202818870761
1607825,0.12751454283084826,0.17081591802575471,0.044075306462922244,0.046936553225489897
1607841,0.06240110589558832,0.0804178980291828,0.03848463133224399,0.019752393771702816
1607866,0.060103869767339335,0.08995091291773773,0.05640996850090868,0.11713903940373237
1607925,0.43765937400716076,0.48396097305396985,1.6863473719963602,1.0802970262829867
1607978,6.274500772799773,0.21022747036025968,0.1056913181684016,0.14271220730306744
1608046,0.05428954471740948,0.041180345862592484,0.06323276718592258,0.09458761302587815
1608057,0.02566417449199665,0.09621699556144461,0.035973251561598876,0.040568846318343385
1608108,0.40472660578400843,0.5780191800858653,0.4096921902508341,0.598530013157288
1608126,0.6571926274532375,0.3651718927261783,0.22096312066028945,0.38872560684743745
1608179,0.6688110766075547,0.22721525728790115,0.43875918101755496,0.3519756956739139
1608376,0.08552486163496006,0.025859716538864062,0.046686069088215924,0.004259853157955708
1608485,0.3466570801528881,0.424028304233955,0.3988711280163112,0.4088592559097897
1608531,0.019092706969904037,0.03262627768576033,0.03751132784350357,0.012263787019561857
1608618,0.42406026163129057,0.2221921620486991,0.09004906527385305,0.0
1608826,0.026377617213969185,0.04126481154799202,1.3797764182540717,1.4042033170949049
1608904,0.7728366766217912,0.10142838880458846,0.3532771877330843,0.2795791162592941
1609008,0.38651421099604666,0.0037482191333147474,0.513072545522954,
1609021,0.0,0.0,0.0,0.017576769443410658
1609074,0.48108614886736506,0.5058352018648887,0.6491873281518568,0.5457963060714546
1609098,0.10894575372134327,0.3971414047636554,0.5769875311325029,0.6266636151495663
1609120,0.22527169602411157,0.2540993312942381,0.29555459699613834,0.2798688444661863
1609251,0.18623874199320553,0.0796901772626779,0.019545469593476878,0.03880127614107402
1609674,0.049038137827434235,0.039503912039010755,0.09178057013127995,0.035174008612345896
1610392,0.3554003308330481,0.549329829665806,0.5184244644124492,0.36059823080136705
1610520,0.1317535284310922,0.18654487224402064,0.15546376552779295,0.14833917850713632
1610580,0.2363196634099556,0.5496008182406876,0.605346675830901,0.231927439505735
1610769,0.14263741475692243,0.18630473426703067,0.19367408717334655,0.10695666588379778
1610880,0.9898131645855573,1.46062141194785,1.270689536641895,1.3914776464010632
1611353,0.0,0.0,0.0,0.0
1611518,0.057657012004268,0.07442544659990126,0.03332759702769586,0.04965540187441692
1611519,0.4458892518273369,0.2462503112575799,0.47852543304651146,0.4183682213426561
1611613,0.6007034486777695,0.33418353934756445,1.3624591724956785,
1611737,0.0,0.0,0.9716222974268256,0.0
1611751,1.209779212471436,,,
1611848,0.11619772559075169,0.11696769376271701,0.08828775829985062,0.09525240281871357
1612041,0.2258376720598067,0.4144257900196647,0.11720732930208093,0.1772545757655957
1612063,0.6688119437848784,0.6266361728472525,0.6213423096123019,1.1791581016264003
1612389,0.2710485528627023,0.2680603341438775,0.2624859610353495,0.32328843918756545
1612865,0.1875493355692485,0.15781583106334812,0.2296256559245363,0.1784236870805878
1613048,0.10874580102196803,0.15399849306896887,0.23108158662717115,0.14901366640225003
1613331,0.11613165801564813,0.16907174705000505,0.2170353453525983,0.16246672751898178
1613939,0.16560584568287115,0.15313096921852842,,
1614073,0.6247387211186638,,,
1614660,0.4405701455817428,,,
1614704,0.3180703340107156,0.9403047198549184,0.10469129396842178,0.11089267752065525
1614986,0.37618118158964897,0.4638261622049245,0.9497519867982741,0.7874413674451695
1615135,0.1847270741029204,0.2150795907121016,0.029722232662479735,0.04653242167230474
1615420,0.029784668186881476,,,
1615423,0.11372706472812277,0.11017016249162563,0.17239440982711704,0.2703511578620641
1615717,0.35805958526442305,0.08670312106494532,0.14199690864523867,0.040366795218616566
1615982,0.5271270360242032,0.4488234363453372,0.47071075921656835,0.5673219241424095
1616004,0.1208756068309462,0.12643928665729193,0.13709052504946925,0.09281846877921807
1616009,0.12226580121923034,0.013507002839412051,0.1752629975660176,0.17888472922959425
1616026,0.6932436519382551,1.094616919876321,1.6886655748167765,1.2510426624150919
1616168,0.0,,,
1616328,0.09802383026596108,0.0478119153932176,0.02992497530538176,0.23891865240024396
1616416,0.9744529792247807,0.7494103414643776,0.8401776254148106,0.688730560102516
1616525,0.1155302962549326,0.19810689576194165,0.16450245412110917,0.18452635317050226
1616628,0.0484907829257084,0.026035537954071177,0.06788931520565031,0.038354099096979226
1616659,0.35288696436661177,0.550974129979453,0.5924837909945038,0.4223722438040773
1616664,0.08092514984227024,0.06759016590376485,0.04395178991023492,0.042945328714443544
1616667,0.60992310950829,0.7679027269524165,0.6176424157116848,0.3276445189412568
1616882,1.14934684936048,1.135535440876071,1.5768248068028516,0.7405909183461692
1617201,0.7818729000278118,0.7262480417743342,0.6954056209271005,0.8521951365882261
1618205,0.06950470925445461,0.10334071951926553,0.030737973785749276,0.04303651015058142
1618376,0.05275023330195301,0.0690180925893387,0.10729404563322854,0.06471924952634736
1618824,0.1106578266486756,0.07893149667651082,0.11185287804572026,0.07475463662758179
1618872,1.1254790163007578,0.3450818583449487,0.35682703653574444,0.6104665793331117
1619083,1.0223604318919057,0.4294172338903778,1.596183051350755,1.001212893609568
1619124,0.01415007919912517,0.4094971160420361,0.03511454830546382,0.28831412057851324
1619125,0.3740199578138044,,,
1619390,1.442966815467679,1.6190769611698625,,
1619844,0.1665283753564873,0.19102061664544437,0.1290577503440078,0.09311045316504829
1619899,0.24147603847128937,0.27873387268207184,0.22037404077765524,0.40259052250591204
1620081,0.020209909584251413,0.036685008449671916,0.023078825889493417,0.020189637623956532
1620220,1.1809575158742582,1.2508396511447846,1.1599315459273247,0.9821964479618654
1620275,0.08433277596801123,0.08142684859067141,0.06945170937524474,0.13044856726156334
1620943,0.2167652780370137,0.14456147752520115,0.17441393746121778,0.10856576614850316
1621100,0.25929814620828223,0.23747544333707446,0.29017708663047725,0.1948079276192643
1621157,0.028985203408158747,0.02455395718786085,0.1871623295270631,0.005859511989589201
1621225,0.42246911249887936,0.23703408174485305,0.3558462292232559,0.22500004600253437
1621802,0.21772552408127455,0.21926494033054414,0.34726120638886626,0.1402667815820451
1621855,0.7726487238817391,0.8829770168018677,0.7641977494757473,0.7327892543606316
1621915,0.06777213629330939,0.2428235542712897,0.1342582254075594,0.23365522369610242
1622001,0.3443561143284894,0.2718880369930931,0.019266001987292405,0.02736884949163287
1622346,0.37639510243072155,0.4525331593928368,0.3724499358300054,0.35910775519266674
1622431,0.07265081430876973,0.02804050188219931,0.029955698189317797,0.08234582146713162
1622757,0.10844554516528396,0.11388900214247491,0.028277082763159878,0.3845045555439716
1622820,0.16230700344930668,0.15296851945353185,0.08536261389881097,0.12717469475134208
1622904,0.0,0.0,0.0,0.0
1623580,0.0,0.0,0.0,0.0
1623624,1.8950977187502303,0.8529533166311212,1.049766329347009,0.9497511131679273
1623678,0.05262664910170306,0.040785970175897746,0.05907890703250266,0.035625782327769195
1623707,0.08683218040232499,0.050223065287029134,0.06145839790366263,0.03970835615184317
1623716,0.05556392406249575,,,
1623796,1.8978847950963265,1.7471223130627846,,
1624049,0.1748872352969148,0.22834752124219082,0.37469773661747363,0.5444295929681748
1624050,0.2766131088277264,0.24181364256189816,0.0,0.0
1624095,0.26390805750969626,0.45799127417677093,0.5302915195870432,0.4548854249592289
1624510,0.34928026237149684,0.15012168850234778,0.1901639390285834,0.5106263235420135
1624729,0.28054793079647633,0.477594078108849,0.40276434220404334,0.3040358554777768
1624758,0.15315939930561248,0.29399816947313384,0.20783680915905198,0.12834267167018135
1624809,0.10157202866132518,0.09393251544674752,0.20722986569946203,0.23141884386969627
1624865,0.6026911304016019,0.1540699021665495,0.5137209790155868,
1625244,0.0569733901474564,0.019325175235478272,0.258247418864801,0.08617253385210727
1625246,0.31581491413348045,0.08671019774573951,0.04644609631602696,0.040162264919674055
1625279,0.11813250538771704,0.2070031799905633,0.20827313989651236,0.17081512740262558
1625292,0.05517429343146584,0.07564206221658429,0.06604808840330985,0.13030484256205296
1625502,0.7661739878045943,0.11658508736978394,1.3528044218966493,0.7653257086135103
1625800,0.04940340639389119,0.1315030032178226,0.0996465807583591,0.04825206246355763
1625986,0.1698282155468536,0.09964476900190951,0.18214901678300877,0.13449629281142703
1626116,0.21424035583542037,0.10464783072376223,0.19252427428300548,0.38871416734543013
1626220,0.3201859630995218,0.3364238736568572,0.39137234237270146,0.21701885858172024
1626282,0.0,0.013888546646639233,0.002806682730951064,0.019723160461785297
1626379,0.054654796072333804,0.08358552540036057,0.0587996221302064,0.05415847881731182
1626494,0.07249127113194948,0.3352231891897523,0.18000564538796768,0.0364874466792167
1626691,0.4391261952944662,0.39198411934812544,0.3438694256758855,0.24566402126464418
1626757,0.6197285260932075,0.1171190911141958,0.17165273317232863,0.3539004755344078
1627003,0.24011881290923934,0.46430287745428905,0.12222342705063349,0.2556259061888063
1627417,0.2838638517999029,0.1904049107685803,0.061719960260494956,0.22985133572750294
1627436,0.10298849560687372,0.15244147196997473,0.19598641379297488,0.25956072105907313
1627608,1.2750235981120557,1.1007518636764844,1.084761229961634,0.8604660117905818
1628896,0.07528479496877978,0.2978631155229232,0.15045951196376028,0.1122406635726748
1629271,0.4081314482801954,0.2346425632044523,0.4786695828921013,0.41119877521642684
1629283,0.0,0.0,0.01189181157609582,0.11254006895038826
1629290,1.0260148520656636,1.0955444000634285,1.0306110789358043,0.9144277651522559
1629649,0.1263967761116434,0.30866035711831474,0.19663740731995677,0.11887742620024978
1629680,0.6648878351267851,,,
1629869,0.5072267588020607,0.40446478200037816,0.12410300668229463,0.4200769291453845
1629931,0.3686645617529042,0.43490925224317734,0.5347355022100685,0.3573160704044825
1629984,0.0794270184884131,0.3687895337293933,0.21771114628882177,0.06386492231389518
1630064,0.10989425881764864,0.04883036553024303,0.10903685941529795,0.053106390881055954
1630243,0.18903078138710727,0.3241445734442281,0.39063658465747736,0.22054590502247923
1630360,0.04335109866503315,0.07843634516024027,0.0688472549439755,0.06581689441464554
1630363,0.025036160078401128,0.0690465153960168,0.11415703090200652,0.18251344034727177
1630365,0.06431824001919177,0.036071069940735605,0.016452179398073672,0.018899053334578843
1630413,0.7716200821212242,1.161080484657202,1.016907524885827,0.7149072095119752
1630529,0.28595257320617623,0.3830482354593043,,
1630709,0.1428904521592424,0.4843524475368862,0.028190538548359192,0.038333993577937174
1630798,0.1404092239370315,0.16564600327628312,0.3816281877696794,1.961518228642533
1630806,0.2760313887056693,,,
1630888,1.750839858352016,1.4929830556804178,2.4230125746965108,2.408433338435884
1630936,0.19622818202884545,,,
1630939,0.04077922067145199,0.07628889754587388,0.01999041927809634,0.0888781800885978
1631014,0.07864967023560678,0.12712529283573284,0.045371109313349485,0.07334943280783507
1631052,0.04198733423339292,0.08355163361479577,0.048606825561317867,0.4762108068199987
1631054,0.05162192895631477,0.03231833768767087,0.015100846104607648,0.026797272307838394
1631084,0.27602389113118475,0.16551800929576374,0.11555956838226392,0.1724157596440746
1631134,0.29811598818058616,0.3138643601248561,0.5243218590690344,0.6290599302639109
1631208,0.3996065841356767,0.6221587716662914,0.5015731447149258,0.398571472861443
1631353,0.40590234461745206,0.2950842739620718,0.2573294057320757,0.43929968238922984
1631408,0.0316376937192337,0.03776852495035403,0.06417617846229488,0.04227717880437931
1631507,0.21990602647199003,0.25313263154328947,0.23939678094812716,0.09913431342784847
1631543,0.047329022182984806,0.024484753426562866,0.14730316211656225,0.24495105096929193
1631614,0.09615404059006422,0.1179646213048534,0.0,0.07023125049439452
1631639,0.19766160005596714,0.15526618656530358,0.1974559162524985,0.116039687502173
1631664,0.03794409726744221,0.0,0.0,0.015523030421028127
1631738,0.025902373849437735,0.12122562211058978,0.0413898715088294,0.11968956247330001
1631773,0.5474564996187801,0.58393100032054,0.9354832899460719,0.6095606505470434
1631775,0.08391568742042527,0.09681800823751884,0.03501217101486595,0.04441303795014827
1631864,0.1849719381488464,0.13098345012449764,0.1537095331520649,0.0720719199028909
1631930,0.15398975609818175,0.12364734343763309,0.0494445988323081,0.055854328734230345
1631941,0.257338495848792,0.20229982493157012,0.3737216376145891,0.19556636242904119
1631943,0.6046929809113581,0.3369677745048932,0.8085824825252437,0.5629598346144105
1632078,0.12782054575172513,0.28258779173044,0.24800225112147994,0.09386881108400108
1632096,0.09767838963196743,0.0,0.21903205235903245,0.11149689115890721
1632097,0.23906355747179206,0.17873051041001028,0.08514733040133955,0.20462425756594302
1632105,0.048885472900809475,0.07364929824904254,0.05786114289214583,0.28131482817639497
1632108,0.14211736980957784,0.2303820429912766,0.0608951043400923,0.11961126058477292
1632118,0.01277179070359399,0.010827032845391287,0.37275854730494035,0.00813522739211756
1632187,0.039480456808641866,0.06386877172772976,0.0580338317348411,0.061129658673193525
1632226,0.06709977191046358,0.23980122356085865,0.27236561027868145,0.1832269574542419
1632253,0.05395931073631172,0.032549482331699096,0.057226273238309484,0.014986865511754231
1632283,0.3763996399016335,0.2934277264385059,0.33668492417572937,0.3112533486924485
1632341,1.466084993535135,1.4761498709407703,1.7938920101233218,1.633798454734959
1632368,0.20910866438683856,0.22371702032992916,0.1985952975737546,0.4140289838304617
1632407,0.2074161240489289,0.2816954150085255,0.04795639307992294,0.09132333076118992
1632512,0.10623152699639941,0.03136881557573171,0.1564415835462049,0.11349330198434711
1632551,1.2863716620559629,1.3722783878911409,1.4873143087816574,1.3746116952194651
1632553,0.023660613232923604,0.08446015827230417,0.010221339254718558,0.01856894460389335
1632554,0.1338719952933092,0.5462108630480269,0.20843288519694309,0.09115785388781028
1632574,0.13800317208461532,0.23397234016280413,0.13544764288109265,0.06721826478659175
1632665,0.12840030654719792,0.1652293007343913,0.1103431236178367,0.17134181145387065
1632715,0.0740996996396883,0.2807588340825436,0.0,0.0
1632801,0.16101142412697134,0.3122238102640992,0.12329431312652137,0.061248007340626784
1632802,0.16793085774624503,0.07922868023628701,0.073430013323177,0.07792822850105782
1632810,0.032159025770960734,2.0295852574046322,1.1299986119712744,0.0
1632813,0.8983094959475255,1.0332243817149092,1.5726804072767706,1.5364131983038087
1632833,0.0726435920482924,0.0,0.0,0.0
1632866,0.24248678799984597,0.31814893855963366,0.6596303219312359,0.22604712931459187
1632932,0.16009235887293288,0.15610104648777656,0.27534202192999785,0.127851816820303
1632958,0.07568617660457054,0.0754482640322337,0.4917545852635503,0.3091680824274249
1632965,0.541817809634777,0.3076908847367026,0.49927896296270163,0.4705872072585626
1632968,0.47518110910451145,0.20656522306536867,0.20412664427168198,0.062064436160209575
1632972,0.16611165841657186,0.2155938921407562,0.5045974679675306,0.37981628830968395
1633024,0.038155748352524,0.04667208876382353,0.02851468601409595,0.08650993971679663
1633037,0.18623317064309525,0.1548082157816821,0.1105044465564976,0.14606655807541935
1633046,1.6983401569131955,1.7028115085944957,1.2225496030498753,1.1228082266096744
1633055,0.7961095037739206,0.8437776127106184,1.1551522239763963,1.213719232790402
1633172,0.5487751957401137,0.2512723316584841,0.15691035248842472,0.48855687678610926
1633207,0.12014279907736759,0.16765417560642285,0.06721068421528817,0.05936755378647082
1633227,0.12810597265516713,0.09977802562363708,0.1048120719724983,0.06068877564177197
1633256,0.7853192456650104,,,
1633275,0.5460976227645616,0.27165743537760356,0.5700794865934862,0.5823598705493581
1633288,0.07530515066747195,0.04241075365156193,0.05991021240260008,0.09524674111572115
1633313,0.08830710597408395,0.08699548534025543,0.04849098484835391,0.09191305716157556
1633343,0.07457638426206685,0.15910217216276876,0.09600052463617836,0.14321016305941425
1633362,0.3155623587852822,0.3992756285309869,0.4922727997432856,0.34748531396689875
1633366,0.2854057568396823,0.25612461528129604,0.1389859191958151,0.09333462192474497
1633387,0.3612106637984154,0.616768145850318,0.11899014917351716,0.19899224038570434
1633389,0.2076455260823552,0.24230313077526325,0.16945075592160594,0.34595471442159287
1633391,0.0,0.0,0.0,0.0
1633445,1.1653288237698587,1.2568907356526116,1.1723352285289312,1.1354220558365606
1633446,0.11961353692900033,0.18659313365407287,0.23104120697900382,0.2553227805377304
1633448,0.03965128504117146,0.11563661094902773,0.12470354815020343,0.05731932953535683
1633516,0.23090758902279884,0.27577556590221325,0.2503728745459,0.18266898128133857
1633517,0.6933043290321483,0.3706833740415325,0.5798036302033868,0.4114529293794512
1633573,0.17196313453206868,0.25336404540604357,0.07876426924520491,0.4159272638166413
1633603,0.04943366367675298,0.010896947734280559,0.025925080044167853,0.18505798600735168
1633625,0.035359339763918494,0.033876066922715074,0.026771533252808084,0.0759812860526667
1633648,0.09576181149228777,0.39899467339654865,0.13149968965605519,0.07909257334635154
1633674,0.04766119260277579,0.024220376139407154,0.05046430281313645,0.01843663142141792
1633695,0.05910570966504257,0.038913323413916824,0.0392349302164713,0.0752257032587424
1633697,0.9130404782612505,0.5204084772944381,0.5601019819915246,0.5633913084303908
1633703,0.1776192880590616,0.24453655593595566,0.1712836349545412,0.2523823446435202
1633716,0.9416239107514247,,,0.3762787128058248
1633799,1.0143160385482641,1.2767466219640469,1.2145784971681328,1.1937010819088778
1633857,0.32323532916009096,0.2828954937524689,0.7419613075964965,0.5328314231594281
1633862,0.07330741207902446,0.042632844990757944,0.06028279809276264,0.03226857340183833
1633869,0.04115481200008472,0.04031914816458661,0.06239602148868946,0.03309496808048885
1633896,0.1658883980030936,0.2274412733896288,0.19317056551627837,0.15936181035082078
1633901,0.0,0.07819760048585724,0.03706769834827719,0.04202139447723906
1633903,0.04876465212653615,0.5896173462997413,0.010709096487781235,0.08150537008841606
1633910,0.7838315989103798,0.2558854427491149,0.24807898172058765,0.17589012192199263
1633911,0.10494997844541824,0.0661371158789054,0.06444555315211432,0.059478779695127756
1633969,0.01168995510813835,0.08005709843566176,0.006363931114709628,0.005474955479379406
1634047,0.3146058474094434,0.8290198551059488,0.3890820132966034,0.3644118465259562
1634083,0.34423375298062564,0.11389243871649044,0.23689973970747855,0.28463309875473103
1634208,0.0705290280938073,0.09663329642736353,0.09220714869606184,0.048268349427803774
1634212,0.16606790598311613,0.19583783963572854,0.14086830517040355,0.1307125709422333
1634255,0.5681962986111432,0.6809252789418249,0.9573057367123976,0.7814517613587855
1634553,0.0248215171427464,0.11744564780432201,0.03018212040409996,
1634556,0.08314720257368069,0.5671750864967443,0.39460628440414774,0.2696274839864853
1634896,0.15564495945005433,,,
1635236,0.03669050514753824,0.13709332750866685,0.06725944166162975,0.2631816770856099
1635342,0.11619690701104991,0.03246290476184024,0.06173764477139803,0.33687473247948846
1635409,0.18976286647382962,0.340415116652226,0.6041573915657694,0.9126565429755902
1635523,0.17202264916506038,0.058986114834887,0.08016860627255645,0.08358291578628356
1635663,0.6943913636294362,0.6768259837141698,0.7601586597523197,0.31883108926641557
1635999,0.47783372748507164,0.22978699520029314,0.3360671109991985,0.3988079049008036
1636441,0.08852066669369679,0.3947230670818993,0.39845332872470574,0.4355367572877205
1636722,1.2934140429527,,,
1636948,1.0016729614341506,0.17761260963400566,0.3352389912751368,0.15859645009163095
1636974,0.354141012409505,0.5513223649392044,0.21871694682096776,0.5849858017892406
1637246,0.26077935904716976,0.16872607740028017,0.09836519941383542,0.010296392108885562
1637299,0.43128013793054926,0.5728040295320076,0.5474535258820347,1.2579927899767631
1637359,0.21888994206043436,0.12044264788096927,0.5384852304984361,0.13485240587279712
1637541,0.12394211358575526,0.13141033643254962,0.04415801109880096,0.09129260609200329
1637946,0.08624827580897715,0.06332656582065768,0.45641860443080745,0.07734082285757107
1638022,0.09935621883905792,0.24519204194106106,0.15260142407003705,0.06528135085412264
1638049,0.2088215400872512,0.2254784258677715,0.4607431576951056,0.23167504373698963
1638081,0.35603402604942697,0.4357581761412295,0.4835798197330104,0.3866718475771994
1638520,0.37352572548836765,0.30953319105369814,0.4654835857322899,0.1686371451739395
1638555,0.7766148699861039,0.7775181308939625,0.7449506667765314,0.6900835355446474
1639101,0.9553942538080888,1.7933631119875946,1.7197809612069446,0.8458743167184736
1639375,1.0182534688568132,0.27622339033671844,0.20734148238907463,0.35285029689149433
1639592,0.04095477141608477,,,
1639666,0.35540609551870617,0.15023835273344047,0.14391251312804898,0.031009091857501395
1639753,0.044072598464846645,0.129910996066671,0.36443405647907473,0.3751317122183898
1639754,0.01888973303497892,0.11136976570737017,0.3213361174152754,0.38615842779764903
1639997,0.03439035699186089,0.04558287460733633,0.025082430808874255,0.12478732392400975
1640275,0.012050456491465258,0.43448690924962224,0.07633829651061956,0.3172148815521429
1640335,0.060192803738018504,0.09805807241055262,0.21824977660800346,0.18963183172907683
1640361,0.7969337594221936,0.7148512946093416,1.2072242557780783,0.8162886290246082
1640420,0.11388650535064276,0.2922735573733184,0.15956206347754498,0.1344522761022187
1640680,0.1679353102926179,0.0,0.0,0.07241421002776956
1640801,0.14441035466566662,0.030576929100781025,0.8026636275753914,1.0634954352800843
1640951,0.08076477743907132,0.10859160136512394,0.10609115961295255,0.10587069202150304
1641296,0.028292290010815416,0.09729767144795815,0.1093769183999693,0.04609988067131025
1641438,0.43269045051394445,0.7560895883184641,0.32920707386407705,0.6028993580421833
1641440,0.13151830162573902,0.09524302599833682,0.10574816864603491,0.09598631080803695
1641447,0.25137975163052206,0.4593910551571389,0.5508329010603182,0.821619120502939
1641604,0.2360587373436027,0.0853964977305995,0.05862764512203277,0.35820805210252915
1641643,0.1145902278916519,0.05293445471357033,0.05507204940778532,0.045608873618959135
1641652,0.13185833694467078,0.20325122196352047,0.11356498141693834,0.0936768062357647
1641864,0.09354649414569025,0.08124307486563187,0.06320411584954316,0.08041833370423951
1641866,0.14638333494305522,0.2684937441464925,0.6382494114500571,0.684638579724238
1641992,0.14091582424667146,0.1535920932628432,0.12629652149747203,0.2528666049802476
1642044,0.2432173159987075,0.22804476037880506,1.9190063107949218,2.159440285391291
1642058,0.5144920235868283,0.39120866205819255,0.30119646830322344,
1642160,0.06650308685080711,0.1022273306819523,0.08184983738659753,0.044177305033020184
1642216,0.24138004570199764,0.19869738461331427,0.40866229162546125,0.29199443234018235
1642246,0.37094578842235176,0.5006562963792606,0.4308115512676273,0.22339741990091427
1642274,0.2514326224823668,,,
1642305,0.10565060677099566,0.15332163195333842,0.07888898660258796,0.17215838240782386
1642570,0.1404185574413418,0.07415566309605759,0.08512308922228988,0.0449265825776858
1642575,1.3343694620781925,1.4610242956762907,0.9989403762033464,0.8390393819467026
1643351,0.20946534609661446,0.15550389311910454,0.24646942115123513,0.31340026258711606
1643354,0.3610732288642728,0.2975348454940253,0.8176019285651003,0.5017913019471352
1643569,0.9373962797250036,0.9225696973179496,0.264846721875781,1.3231435971770156
1643792,0.05021983517876694,0.2710075861784929,0.6167501004065621,0.46463314645040493
1643833,0.11663243232675069,0.1538859652371547,0.2599729527965364,0.2596952610809971
1644128,0.11405364239596982,0.09195895196311508,0.06713806698504515,0.08764591115091758
1644187,0.34754331947102735,0.8047843014949604,0.9319547827429127,1.2272569236195339
1644329,0.1493539403290268,0.026248287493494057,0.8252179503027315,0.9713808258626319
1644956,0.18346118553001475,0.1868101746451185,0.2279248370949459,0.2329697940198918
1644978,0.4113100218955178,,,
1645157,0.0,,,
1645173,0.4727514628948302,0.5238596710730538,0.5259104520767989,
1645382,0.08180631655279474,0.16669646826254528,0.16522814081978668,0.12029470364388281
1645721,0.2362060565865987,0.27015368037326437,0.3183594772645168,0.2807808984115287
1645890,0.5038694436690379,0.09946102204655172,0.04394661369164846,0.02351572042833432
1646247,0.10874572225389195,0.1075274305799244,0.07186375230229355,0.05272112673848091
1646639,0.28667808655861193,0.2603376562033296,0.17889422158232737,0.3528716447718978
1646821,0.5492523571330963,0.2962047526865496,0.12165993078316507,0.1250594587161821
1647251,0.036181182692218955,0.09234725205070467,0.3510728420811009,0.46859676407006834
1647363,0.23398128840240598,0.2530858122637431,0.1844675316180998,0.12784197472923037
1648711,0.09621326847706754,0.1550040399222976,0.08818187513359571,0.21151385509397042
1649107,0.08514476820657055,0.14198960036296945,0.0670922328179797,0.041847334282028546
1649147,0.12886529910557565,0.05609518065871138,0.0332870822807238,0.16812972918624047
1649186,1.229795033477565,1.166586507058865,1.0540049013013133,1.9041400108170115
1649339,1.6785496048401018,1.570965765966735,1.5664484367121791,1.5368118030171904
1649451,0.1373449868677028,0.24870833705215212,0.2434028028259364,0.1739536313203534
1649647,0.14883810715256535,0.19838988418342365,0.24382412245322888,0.259506243741995
1649888,0.046441642772062565,0.14338566790972093,0.1231976934333241,0.052616335965060844
1649910,0.1742717897130649,0.29277569323924263,0.7233716070653772,0.7002321221050786
1649994,0.19966877226972493,0.16352982097093813,0.3090282974556877,1.3326034176308235
1650092,0.2243279412172534,0.03989021674748119,0.07176859924691541,0.03551480454653907
1650135,0.08649280847460133,0.3166804807391015,0.24694201670203367,0.12783652674412865
1650142,0.04863407718511831,0.07982539209078554,0.11059823392380125,0.057914044062077084
1650150,0.18788595774026076,0.19047552600329826,0.3433647764125039,0.2135073298804202
1650290,0.6101971394178691,0.2496945352468134,0.2133007580759316,0.15905680725273155
1650300,0.0168405953468934,0.0707502206465399,0.033520303643069654,0.061634855096920745
1650301,1.1525652068079297,0.820807254245791,0.9944123045035679,1.6220537784925275
1650303,0.14358826686185996,0.08449672774216918,0.08740344957928456,0.045888707658110144
1650372,0.0,,,
1650373,0.07911275059457064,0.11382146936931535,0.10039763841015682,0.08833244905644497
1650654,0.14780753423918286,0.2050159038856581,0.08528168104637243,0.0594611396684747
1650717,0.2198296720555277,0.19256918312282162,0.12763113325656142,0.09429264284401245
1650781,0.007250196023061095,,,
1651424,1.2018534084140886,1.1950751790544523,1.2253542514631073,1.0083495001837366
1651473,0.7593929975531708,1.0739124137370373,1.0633076583664234,1.3139147827692645
1651960,0.35302431856047833,0.4107165411197255,0.24642944472000416,0.1381590588362093
1652044,0.14146353847316903,0.24801255812471656,0.08407350565929111,0.11451318793719532
1652062,0.969830179035558,1.0803386244123574,1.135532171065368,1.5044508162366164
1652103,0.2998201761376444,0.38105614525243,0.2122928935040779,0.2316913828497859
1652174,0.9841177907378046,0.7104661902706968,0.7903351824571005,0.7758391648629714
1652327,0.09109719773963748,0.23158285400229908,0.3437954441657367,0.3041685620090868
1652348,0.11834890828559884,0.24671138013561061,0.21876995655206188,0.34628255310415057
1652355,0.051066350755166565,0.2616706354260245,1.5262503236718663,0.0
1652442,0.43461948174607806,0.4587303321726698,0.3548900636701218,0.4531896215455156
1652522,0.02451222802323906,0.02984964061915167,0.028274645963872254,0.015625737233655176
1652529,0.27061112822664996,0.10859397453471305,0.10147292904917919,0.2362468936640419
1652594,0.10842635684381023,0.6502712609262519,0.605782223132134,0.15187221514616966
1653012,0.7642493143561765,0.6991390939171576,1.460743377471287,0.6042923273197572
1653199,0.25367080432269634,0.14841848803408028,0.11613068581762814,0.12486391170793011
1653202,0.3606390389754412,0.19472088463279694,0.03404423046319464,0.11685004777921468
1653253,0.0067465721011718376,1.4480330444377554,0.09801754503080151,0.8592149553309134
1653443,0.04633276279749005,0.05205289087793188,0.04738357192811003,0.05435126326850303
1653857,0.5084082051218269,0.3136097212782774,0.5723449666770536,0.3012422781616616
1653926,0.04502494693839879,0.05901832623274692,0.046595751829781776,0.04593899938072842
1654033,0.19900995529642732,0.12482439729698006,0.20233072483017578,0.04460678424749724
1654111,0.2906858181710059,0.27418521635296894,0.7977481192635455,0.44705539574458253
1654175,1.4638188678972175,0.2736511052836392,0.373629868365639,0.4022300847359499
1654344,0.28484502467007844,0.2896648140605185,0.28562799854798526,0.21590529843242695
1654599,0.07600172530097507,0.07119701845156468,0.10855112066641572,0.0675251722160909
1654648,0.15156764505800568,0.4278611681612213,0.3394767407876954,0.46815307442784737
1654847,0.021510784007643904,0.03420580789626587,0.02477134838469443,0.029983227228562098
1655006,0.13784839736800134,0.16639446913269768,0.3420937806625673,0.3933947049904789
1655156,0.11108521208915029,,,
1655183,0.5049827619622631,0.22801037962408716,0.2035900730545235,0.3152363312925075
1655543,0.3973278587291904,0.166809739794071,0.49807384615709843,0.9491369066547266
1655557,0.0,0.0,0.6815083277166015,1.744946342449436
1655789,1.2139090395838479,1.1467056045138713,1.2673627261432574,1.198026240117692
1656001,0.45504684637748705,0.7168616614254294,0.4321666184998057,0.41657527582823983
1656150,0.7345559070928764,0.42635692695829,0.4517377913424409,0.6340291400291942
1656167,0.18130164252045478,0.195566592826418,0.23654799842787466,0.20326463985568735
1656282,0.15996289021633475,0.15750240686760686,0.14247844505964674,0.2183613777525166
1656456,0.17334460950298194,0.15684262890671105,0.303669915716236,1.1244703511709273
1656537,0.17935489020614315,0.0202094968027839,0.2187483826421848,0.5268588576944144
1656666,0.09383131407033071,,,
1656735,0.08702117978063874,0.08288819033983605,0.03489774975864833,0.08577841995286702
1657111,0.07265581126310876,0.05336358355572118,0.04357127587611171,0.04504602594736574
1657260,0.0003018935593485281,,,
1657335,0.036200207009001624,0.2450291093266578,0.16381230037653838,0.17188423591550553
1657428,0.1537485618942043,0.21571004764410392,0.3760634414191899,0.12561168381020302
1657516,0.21158199573452072,0.2801830873500377,0.16476392658010303,0.12583095504896996
1657662,0.004264330387797123,0.0024559486757734545,0.007910140086093564,0.008133484262133625
1657703,0.0895977087972586,0.02784254978792412,0.0031333599569457918,0.022112999658003372
1657980,0.2558019818236946,0.30613890710262864,0.19702231348262467,0.04247543564388517
1658005,13.743775128267266,1.0076748755228095,0.9974865938471009,0.0
1658020,0.11124637546365802,0.14964826732587358,0.14696448287725528,0.13263200839026076
1658115,0.0,0.5019671232697739,0.0,0.0
1658363,0.507290864930866,0.9015731506219649,0.6841953855643697,0.366840576780766
1658509,0.08365867665620304,0.06861718116663994,0.02983592656205271,0.03752978930133971
1658535,0.8153189087372743,0.2720673925421665,0.10487181707765181,0.2911023793744878
1658652,0.11497925467534259,0.17451431079292656,0.2104083006096591,0.12084226064792244
1659047,0.06807682052201822,0.37613571029009324,0.4497664721432001,0.2182077141259249
1659171,0.1157856487688313,0.10478022776716056,0.13588453144608115,0.14689681427066387
1659203,0.25879031167715083,0.15684253761066483,0.1489337908410772,0.25798477987931234
1659346,0.44074462404608916,0.7799029749572277,0.7173819984620867,0.6030719991660134
1659380,1.562578898136866,1.8274060573275617,1.5811723774865523,1.8839662059294935
1659718,1.2428083395424934,0.5179354495357731,1.5330622923739576,0.2866045071746614
1659815,0.19101077057414603,0.034241665231479854,0.11869449314432802,0.06518894830648257
1659851,0.043211131575284806,0.1187223406140433,0.15919879402845713,0.10822798042855039
1659997,0.06403918256349833,0.7260603150316228,0.3391708510556953,0.3620413814480414
1660071,0.10952372627611806,,,
1660086,0.4710206687982841,0.5867914035114857,0.5043352312130494,0.5522616161027133
1660177,0.2793769760116695,0.26568787074206607,0.2882779004281192,0.27908824331953813
1660203,0.13740069404512686,0.1375570687507807,0.1742139897217395,0.09743631010180087
1660405,0.050501026166056284,,,
1660531,1.809315681708768,0.840061546299363,1.0919608787091515,1.6775801713471394
1660694,0.0733602005318192,0.20756823534627714,0.21898100682244834,0.24150212456739123
1661140,0.8312237694493871,1.038693857744939,1.4090580189055488,1.265148551062907
1661144,0.41824433209480216,0.4694376541490643,0.14228534135113238,0.08943849448220532
1661149,0.16708706208627627,0.35941948308309996,0.18270908206055173,0.11103314537010639
1661191,0.597030169240966,,,
1661222,0.2778382155179103,0.2356691994035634,0.4428266495656887,0.40353321210446746
1661462,0.541933622939464,0.6325194211485461,0.5369625720334645,0.4976797697889305
1661580,0.038353672231070335,0.2681486009735188,0.1284288282508925,1.1297541921668517
1661655,0.06463809112601623,0.6245564869166278,0.34050562775499754,0.14679022122110846
1661762,0.2460619533109573,0.7565209341504964,0.27772564176065595,0.19099005250941786
1662212,0.06762553724986005,0.22181001237831677,0.0876700438894832,0.0651935154998149
1662449,0.10657185434956257,0.15288458335797517,0.06451072657838253,0.04321128503432185
1662906,0.3113584505197861,0.23213539664420207,0.2972087534763271,0.2005374042427699
1662944,1.4611189595342775,,,
1662970,1.2943404941849455,1.1890190254019264,1.136164290998336,1.57003072649332
1663224,0.2949438145835395,0.27675128475854976,0.2994477644951553,0.1477825707104222
1663649,0.08975882624527973,0.18707274859065928,0.08704125391418373,0.12111704017596583
1663801,0.11384973581253548,0.005972141359285066,0.0018724845949762326,0.0006135902246812321
1663865,0.15470020466332526,0.3073657988117602,0.2903376278547511,0.21138303173451337
1663897,0.197265265884594,0.09183502950505251,0.12054236935487024,0.1266424083128809
1663900,0.18944474591142887,0.480183951251007,0.44927580333626693,0.46593698285741264
1664017,0.06645567627655251,0.01976598820648533,,
1664147,0.06691002347416601,0.06314553348426592,0.08330426809895093,0.07732676729332698
1664193,0.2785900154999897,0.3531249395458672,0.313981400541883,0.19084460460522157
1664214,0.11891038261051286,0.14407669375600815,0.12306872407499356,0.05419943609950747
1664324,0.2970617010324448,0.09635984069771081,0.06782265005947286,0.44240063811415414
1664385,0.1033277572932176,0.19248460259725633,0.21484175654719018,0.2555204462716392
1664492,0.1958154802616844,0.7886802123804727,0.34559815318242615,0.5446581337253543
1664656,0.0436092713530566,0.42389316319560283,0.07846811662895643,0.2123892507460197
1664713,0.1168504789735025,0.14406520841167383,0.13792057201408509,0.08664438014378743
1664741,0.20032258397002883,0.18264751496026393,0.016948427025908264,0.1673036618496034
1664771,0.1264616020548907,0.30874314473589004,0.12050415998085164,0.10867740196645884
1664772,0.09182527040584408,,,
1664847,0.10070187543232788,0.058101274349631075,0.08692147503363391,0.019846498682577745
1664864,0.0676147314011792,0.4479413305997424,0.18076356491159165,0.0757503663521964
1664974,4.018942340395847,0.022139784908505235,0.24825007913657596,0.0
1664999,0.2991495070791435,0.3494051300970115,0.1821886230859501,0.29444315904096385
1665012,0.5957698236974126,0.17549488925992415,0.4684897563415071,0.9902339274991602
1665018,0.042498142657364554,0.0009148723167332063,0.14958527529609011,0.0751063666359121
1665077,0.8370741956359483,0.4466460170920143,0.8127780840927732,0.882361641463703
1665097,0.048643999153324555,0.05125024549458877,0.02873025340401604,0.015854953151850617
1665198,0.12379934982341284,0.20337071989259536,0.2238957190227296,0.21271545915420745
1665199,0.05851659309012798,0.08979659319597355,0.12451827022693446,0.10949012450293438
1665241,0.8779440143408845,0.9318012068368673,1.0710120522610111,0.9970829231777979
1665302,0.12238340049426392,1.9659631813717418,2.051797732910624,0.07650780330868968
1665337,0.15964736309702426,0.3643272837323095,0.1444495870160425,0.23301020620668167
1665359,0.06545812333260784,0.3643730761695169,0.050883964144553526,0.15604971978905754
1665446,0.008193507312382916,0.01879738419415229,0.02122513160068361,0.020670275604526462
1665518,0.03519797512865714,0.01647945727228423,0.025892934091118935,0.00676046052168213
1665590,0.48014485481141744,0.6019832659306321,1.151001897966109,0.4028042930942363
1665605,0.6623626740398406,0.3492953761768819,0.6639302325507911,0.932198697998926
1665633,0.07825997950213903,0.07921101688561005,0.04742908801697949,0.04476119142992754
1665642,0.12210971531971442,0.36303803779301747,0.2926449574799057,0.11368506577906609
1665744,0.0,0.0,0.3642085352928458,0.9181745216339543
1665751,0.46502115202278343,0.30783214906374323,0.5811000072815026,0.1614589444226972
1665853,0.716140638612897,0.6941004099295476,0.6027687894714876,0.6781049986098192
1665887,0.35930329716572856,0.4750119404259183,0.6478728310015966,0.6124834905766902
1665925,1.2565212028476407,0.9567886969188695,1.4404467275153119,1.278687651493237
1665976,0.1503840268957617,0.19688534610705477,0.06634739198461685,0.21224299933994623
1666024,0.5151508569242903,0.5184522851438275,0.09964009091344032,0.062034738103208295
1666179,0.18936756790425163,0.21804085621353428,,
1666231,0.6381617026476909,1.138243799290568,0.906051274164805,0.37934914393016245
1666239,0.26054567750048024,0.16345914738557094,0.3648937493478311,0.19828686566621478
1666256,0.0,1.043295655078914,1.0650384907216033,1.2024548170317941
1666335,0.671730079919532,0.8907484943070836,0.7261274088817616,1.308090697571745
1666363,0.47418634865379966,0.762800620179031,0.3180908153849175,0.4053170605965442
1666470,0.029860119180122824,0.03895947242018831,0.014420309414307967,0.031040935893808984
1666472,0.6469066248771872,0.7891497805261917,0.7941679320656719,0.8632764157161849
1666551,0.5779045271116989,,,0.7446535597505847
1666606,0.5624086161321415,0.8350199525603493,0.9629229374087596,0.5171777218667833
1666613,0.5780374539257344,0.1350460073643872,0.4285192529872812,0.02601014790605285
1666624,0.05257739475062777,0.031714920434445924,0.060118407706370704,0.02558005495194813
1666664,0.20436469841374919,0.13061784558185024,0.15068618938644687,0.1814635268643124
1666682,0.3149355556383448,0.11883611679577562,0.02081242319973292,0.04492261234396868
1666733,0.1790518271636982,0.2542248614922316,0.39368634476815983,0.11080123224323704
1666736,0.19339536828622955,0.2650512063027014,0.07582646854381173,0.1933835128382576
1666741,0.2427860881347295,0.6288657637317362,0.1647963291749758,0.1187022293695523
1666757,0.0959525090789231,0.29119437678558086,0.358090194074719,0.10654112668370078
1666786,0.0839802012749711,0.18792914832951507,0.09524228471748973,0.07582851596264462
1666788,0.6786293528140561,0.20305727677477403,0.30823870993772245,0.14146462677705418
1666789,0.11362675363712565,0.14876188967143464,0.1022286323084767,0.08109039222113963
1666910,0.10508815937772521,0.2118395991616953,0.048181479216717726,0.06196700267936939
1666940,0.0843696036400879,0.1500824119259924,0.03847664821575029,0.26797984475556424
1667019,0.05356463898543186,0.02306359048094272,0.05601516017855747,0.017117718599310924
1667074,0.4184874061921329,0.22055483631896494,0.40666648598767535,0.22397622148593996
1667102,0.07544149970454492,0.12580801410879597,0.038491149274030245,0.0983486526989175
1667132,0.14351032739770753,0.12192742444656433,0.13149382682458785,0.05386965692776607
1667134,0.19076492562363095,0.39478032479621544,0.40920460554464366,0.1810425507035452
1667140,0.08967245586172465,0.1871064655570174,0.13680545460048318,0.059216510030252995
1667146,0.3143847343844357,0.3135852130151007,0.1679830516475946,0.15848867633470212
1667163,0.18560353188968215,0.22831450512942636,,
1667553,0.41170069560310596,0.43909121492147873,0.4588531752808653,0.6851120099886302
1667694,0.07286877984386676,0.3148227114340822,0.33091112867030104,0.07192917692905783
1667954,0.0435339241112324,0.018516886097918194,0.0,0.6610369588308187
1668029,0.15720079103218665,0.0,1.089661725396585,0.0
1668155,0.05122948621491733,0.31145960844749976,0.09150932515488099,0.12121938986941679
1668188,0.5046583999854177,0.17498809990435718,0.14850411774557232,0.17752327849041974
1668189,0.10675988437946739,0.15689748338359336,0.0936236324144133,0.07617571512855098
1668256,0.46736787398179375,0.9218705122278453,0.7654576641904302,0.09936818634138592
1668343,0.0,,,
1668453,1.59729906331981,1.6579537363685053,,
1669162,0.002827474800081529,0.10020384647834218,0.15925459498699251,0.191766298386042
1669362,0.6702596435902263,,,
1669662,0.24996522804372753,0.10222179750915741,0.02362730355982358,0.06329610223717204
1670104,0.16798977545814464,0.4563939416727462,0.20140837904052464,0.30722361936437453
1670139,0.3963242535379149,0.18317479727113345,0.326597979527556,0.31056902646600115
1670185,0.0173566670706329,0.04514955621126424,0.11537163153188996,0.0
1670627,0.0,1.896899260481887,0.3460395869350307,0.11528911291199546
1670903,0.04916583897328197,0.056350336283076834,0.03186884561116545,0.03137118260149061
1671122,0.0007306374811186513,0.006824336442882368,0.0,0.0
1671186,0.0,,,
1671207,0.17917287443835522,0.0,0.0,9.991754991700441
1671623,0.09963964583989293,0.12887164909048446,0.07800658988045663,0.16474520987802846
1671657,0.0492647431077835,0.2201892620398376,0.11579905855101605,0.26358316461748144
1671716,0.053531698520734056,0.09489547546858791,0.09910805898361208,0.07039113734264271
1671754,1.0302955391633994,0.9068089700774121,1.0349107457380462,1.0749592438111295
1672067,0.15720970896964867,0.22772553688587743,0.03419696340881394,0.13749059028719274
1672070,0.5059843837204469,0.588504953290502,0.7811639024383246,0.39066951420269264
1672142,1.3163752746884811,1.593705889891202,1.6879658306107082,1.5064200941233405
1672512,0.02437419595410851,0.03687451266850895,0.020561556977580327,0.010811217513008823
1672594,0.053665448003684516,0.1062647401808489,0.05358367250125524,0.07032230589965291
1672681,1.2918931186699465,1.091430782120288,1.466072327433607,1.215047835289683
1672829,0.11678063585569319,0.06935597380782456,0.04386631817857373,0.1577766768913711
1673228,0.051437578782435156,0.0,0.0,0.02329631895876071
1673385,0.4557735885924435,0.3851992258571781,0.6386477966922353,0.6711392685308879
1673588,0.0,0.0,0.0,0.0
1673633,0.04072538529444273,0.5082500403973352,0.0855318725941457,0.06317980828329144
1673815,0.07180858509601044,0.14375097656304653,0.23724748152960748,0.08655704089549227
1673907,0.6438391238752963,0.661749672356188,0.22351140345160164,0.24203548987731027
1673922,0.013039107404463238,,,
1673954,0.29554226925423244,0.12877008794515063,0.07445754134380604,0.04953313489212627
1673995,0.29059868366148556,0.1566992888990632,0.28882787861748394,0.2097577575744357
1674020,0.32088866559604773,0.22216781435523716,0.11245341182316121,0.037050291664274856
1674117,0.10518154302471701,,,0.12270413096094393
1674205,0.05403737359894066,,,
1674350,0.09061153250215892,0.28767148237999624,0.7234581446988848,1.1105391981703432
1674486,0.05076041233322545,0.07368552213575716,0.07391642356756616,0.06854126225387433
1674546,0.07735861336430784,0.08705209793942277,0.11063923215052307,0.1405875762588973
1674581,0.2876896223765886,0.1804649445444265,0.11563655912037776,0.21406232317959056
1674623,0.2676055203937413,0.3279870042665391,0.3006615682040703,0.09223314410930035
1674705,0.0035260390312495536,0.16442232873398796,0.2353320661346054,0.02458350041283225
1674712,0.4905397224102591,0.19004443602362406,0.05035995645173839,0.14789302158860831
1674784,0.05911268592154839,0.4486582155633416,0.8578409741319235,0.8706266801812934
1674836,0.9370464835508215,0.782871401038236,0.885760740583818,0.4351210927019243
1675187,0.4903698931247346,0.1045026195244539,,
1675226,0.0,,,
1675688,1.1058204524337598,1.479806258627971,1.2313280967759739,1.2879594360037
1675762,0.3178830170734203,0.25618078699342495,0.08628340825956288,0.07699307149871945
1675855,0.19019147048059193,0.06588436026360422,0.007560216981443467,0.025045580490562405
1675884,0.1741877616925398,0.2996571919253811,0.566777911527266,0.42099496072037745
1676292,0.0,0.0382297206497874,0.02717554595995449,0.024377572772144477
1676603,0.039068341141049304,0.04753448077075197,,
1676623,0.24719434527418127,0.1349532121404861,0.10065809292157485,0.5849129377406764
1676924,1.6487338909222493,,,
1677044,0.13453983887430987,0.18674787800654016,0.16199214239642892,0.12408688951135062
1677253,0.1429651572200166,0.11047563105785739,0.14057139775707014,0.1554916323112609
1677501,0.2645014935744693,0.451085997536046,0.29014310323593356,0.2592383973946027
1677560,0.1856494868411119,0.14188210711469584,0.21328676190222884,0.679749752621205
1678378,0.06237201784121219,0.35114349899437836,0.2991450049462251,0.44954468046663587
1678953,0.07034705478131452,1.0094889257758186,0.13847130428768317,0.7648316957937875
1679031,0.07050342101876636,0.08986813785145789,0.3510941891108056,0.054437093707617956
1679064,0.4322294064730982,0.4994180885712275,0.5954633408421229,0.3790994184358462
1679543,0.3863384459502591,0.5922747551387669,0.7019391468421144,0.5985606855579
1679688,0.4046571874155605,0.4315132608511254,0.39474763713003674,0.33804361071471584
1680365,0.06588053338628723,0.0635563592160592,0.06586020125069635,0.17858550429284456
1680613,5.000990059448191,1.275425862462394,0.37299266635679296,0.4060448794489086
1680638,1.122825114357155,1.3420699628853807,0.7191804507318749,0.9670435846004373
1680843,0.6416345319803114,0.2563814767464898,0.12686804466498475,0.6036695177343875
1680964,0.35975861934461495,0.4496637061853516,0.2994631416754906,0.3998656760220728
1681004,0.18353194192646677,0.25376997977527643,0.31638442321767357,0.26832575372330497
1681126,0.37406579471496665,0.38994817887949645,0.3532611480969516,0.34068791015794847
1681372,0.07789033838062592,0.029129652614617772,0.06897075091484964,0.10225493803970576
1681490,0.2100838010150217,0.12526503665251293,0.19206390946242663,0.2304316607397973
1681596,0.1685650155591796,0.14081525254696253,0.06060371154209016,0.09032139876113852
1681614,0.5662348704313056,0.06425077894266781,0.8369079881926148,0.563852717132239
1681662,0.5149460533133592,0.7302591423554601,0.9480134142397718,1.050234645614616
1681681,1.5156442011194358,0.012581613806432749,,
1681822,0.9574135153274858,,,
1682021,0.11906168447058584,0.18817819703573063,0.42149587435824337,0.11913638543347403
1682057,0.37771942203209274,0.11009050746002523,0.05701718790630985,0.09474980725206023
1682266,0.4700018660658236,0.512939206170597,0.4769803698603931,0.3135110006362202
1682475,0.20452391776037004,0.09957268161981825,0.13369404392143086,0.7578665740664647
1682501,0.10468646105326228,0.15366769066539038,0.16509727127790907,0.1435133914744192
1682576,0.36416452093465773,0.2439468098693337,0.21313550383661573,0.48728179546591677
1682598,0.21551630102802755,0.2819074679877639,0.14252198596954438,0.24929862752994558
1682677,0.027613140617067225,0.04363790260714532,0.21245884822592737,0.05911422262155105
1682733,0.028492478188668874,0.06383363876819889,0.04375538418817672,0.0546560406696436
1683059,0.23447046315049366,0.21262313147757167,0.1856747247852321,0.261629357164327
1683073,0.9242200240364116,0.6530824892887773,,
1683182,0.08406045631541541,0.05133867415867636,0.6408885333325995,0.5553719087811445
1683297,0.0,,,
1683689,0.007159242159359392,1.2175833227081008,0.21753449056175367,0.17239915730186622
1683754,0.09895109993960595,0.14932129137607697,0.026286013447090625,0.040964169556246086
1684868,0.6029263057355446,0.9812302984767842,0.6649714148213717,1.0050883464349925
1684956,0.2926806484364512,0.9511334453582302,0.7529863278681953,0.47509790290316545
1685364,0.0852195282561584,0.19927269557541924,0.2178631206502756,0.09663397851577502
1685771,0.176088120790691,0.18866325507898843,0.10351095518983151,0.17712774800717923
1686242,0.20787428782949213,0.2096859469393636,0.4133859020664198,
1686305,2.113760901427071e-09,0.18784388313614173,0.0,0.13608583064730734
1686444,0.06804820568553392,0.12272478696383804,0.09009042311405518,0.06912590595259756
1686776,0.07434041900574578,0.0775560900721213,0.2144789342867698,0.09503834116003346
1686844,1.9784621682156147,,,
1686988,0.5065516436959139,0.18902898564007048,0.5868578542536353,0.5572008432110159
1687078,0.2333166755498092,0.24723179244552362,0.1724765942855005,0.47957476258245246
1687156,0.010531382150276788,0.01112135942560719,0.02701631918168789,0.018917743765685086
1687241,0.9354380690133351,0.7272658369978903,0.783303829826193,0.9141964882171595
1687444,0.7280653312215274,0.49028360315333647,0.9085615136962757,1.2181733969032107
1687470,1.3810446761989728,,,
1687509,0.3913442435621586,0.3406004697444005,0.5639376189492294,0.46305470322656855
1687832,0.27160118061137184,0.5095572548023538,0.5880444664679518,0.605809587767623
1687953,0.004954044986540719,0.0,0.7690615670812974,0.0
1688150,0.14614819004053808,,,
1688184,0.09159749428125318,0.2102128719146101,0.2762134327993581,0.33527067022910406
1688282,0.014117393175876654,0.03289367480708354,0.005904956390964845,0.05281326892513176
1688325,0.0,0.0,0.1926365348426746,0.0
1688382,0.32371368361446906,1.3465314192827695,1.2026319023862095,0.77016267026556
1688511,0.6043640476811548,0.7017577627645032,0.8626648610733797,0.5926477057087339
1688519,0.3305365775053852,,,
1688539,1.979930554318883,1.999278448588185,0.03375208197595315,2.0000180273449115
1688666,0.17495325971471812,0.24046754104167226,0.22242855217698712,0.1800611756190682
1688774,0.7258916942640921,0.08135624128753183,0.10054427904755359,0.23369611128363013
1688829,1.440551309572419,,,
1688882,1.106623801028745,1.2919570472437314,1.3845658544378479,1.5019529528592406
1688931,0.18149391931766534,0.21286028393413203,0.15666452568112038,0.1434478935930643
1689007,0.3670880664248368,1.013528258892599,0.34552160778541763,0.38753885977278724
1689013,0.26351300813010126,0.37338393351355353,0.3404592966448488,0.2575227488319105
1689144,0.07097359161177931,0.05091198128280349,0.08191317976360789,0.0811311264413848
1689227,0.08265847660150372,0.1339322535554084,0.19447194203234436,0.17266214152755635
1689232,0.23082850745632646,0.48884750110991,0.6966406070701994,0.5369310655813253
1689470,0.12938010449401907,0.21723186211431533,0.3227842881794097,0.36026939076112785
1689508,1.3207419099675082,0.43726701155144193,0.17245977106735597,0.4835318913269089
1689646,0.12056848773945214,0.09474548631590135,0.13116820606662064,0.12971889402283518
1689829,0.04420781187124385,0.10345797419375515,0.28878858553230435,0.10562882358413073
1689872,0.2637134254991042,,,
1689874,0.07823533463841395,0.1358435955622251,0.22803289625876375,0.027564959540337216
1690010,0.20937870507622952,0.13910416553905924,0.30221986693806735,0.12648891581377333
1690295,0.43668772342224055,0.13887500939818187,0.13701089917084752,0.053931364610718145
1690370,0.3219165246882014,0.5073623224319819,0.3006308910186725,0.12642407786475537
1690531,0.2404373727532607,0.346198555639072,0.2315030898581024,0.12680523783527625
1690675,0.08163678854965126,0.5608410181416277,0.546840114416471,0.5000633619611858
1690717,0.1298281891678088,0.11307463319387509,0.09337523718060498,0.09697836783221356
1691170,0.1192690636531217,0.11441828154865225,0.21802874505980915,0.30608077100436476
1691766,0.2576463961305304,0.2513641728930656,0.29141571962364615,0.34188576616131316
1691804,0.1973903816457439,0.7642503520127618,0.3571490595613285,0.12736116985182375
1691827,0.07905659227814209,0.11118152870480043,0.0662805079134398,0.05582045370560991
1691908,0.024921179679099972,0.046456115680056684,0.11198934225677522,0.18374796219970338
1691919,0.9668949900830193,1.0793690212203157,1.2712847985573168,1.088135269723343
1691982,0.17814023887990593,0.1649928285442169,0.1579815236214956,0.19855300745551305
1692038,0.2538593176183276,0.22271361029770048,0.16612786391647597,0.1478867932265593
1692227,0.07212405041198104,0.04847713208537325,0.08670464186556076,0.21078186270768584
1692234,0.2057474959827252,0.14238770751585852,0.14944005815494538,0.14116589714227878
1692252,0.07409459823336555,0.057951694787680454,0.09502140815130172,1.3691027948223327
1692507,0.8309570568642798,0.988466499324714,1.3381585280432498,1.343823763656167
1692590,0.2108433961569943,0.0,0.2733688917403895,0.10948867111340925
1692632,0.10358489134970833,0.2560037417671569,0.12365048206380143,0.13096689985334212
1692751,1.6893368632823895,1.98405849707194,1.1333563914269231,1.383438102669008
1692820,0.0,0.37847587941450506,0.05546140152966135,0.0759473925240006
1693032,0.4511194257612478,0.5309254445648549,0.2182564229942004,0.32011863417589465
1693141,0.7686638522587066,0.515823686616756,,
1693672,0.04469643510267543,0.00018290249696077812,0.00011191129051128177,0.09855876666167697
1693745,1.1013558078192922,,,1.1406120425512698
1693750,0.1466257308755659,0.11905308838291917,0.44054220124633536,0.16058288974779403
1693789,0.1466257308755659,0.11905308838291917,0.44054220124633536,0.16058288974779403
1693809,0.10211864123015331,0.18205791406045263,0.29847255917166293,0.14380776712179721
1693838,1.6079449122933733,0.5358077568856524,1.4009387703126313,0.4434520295389191
1694079,0.17897211199403326,0.17043088172205736,0.09535793447794087,0.30101086742214134
1694080,0.3943494585590689,0.21567232081850057,0.1744519722475688,0.16291112812366
1694126,0.2902520728772334,0.4090215581200773,0.3371053015533161,0.3501514937415141
1694127,0.04518380384953528,0.0,0.009177653307047482,0.027464838142219068
1694164,0.2871562611533357,0.4653568676049969,0.38729389102152006,0.524412725006914
1694217,0.23709035506441523,0.2640937503200789,0.4436938424676737,0.34558996962165306
1694283,0.2646092399120741,0.3925605526933551,0.2732200013430674,0.10126214541313666
1694284,0.15703216293541278,0.08060348647348477,0.11712376080335088,0.11619521163909116
1694297,0.09184102874120938,0.14206648737832295,0.2839746368031131,0.13510417221034438
1694435,0.6971530585771654,0.16081994547656372,0.24299012979759185,0.12979850870057938
1694461,0.05502199750914196,0.14412212506956748,0.24729774878375854,
1694592,0.15310455527634903,0.4271127486524431,0.43027517647117547,0.04651581810812762
1694870,0.3527564639300843,0.40450436391430045,0.4875823356441176,0.7374579863712781
1694883,0.2559973347299311,0.15113500001307328,0.2048761858143668,0.13774402792703355
1694886,0.41644086684336884,0.04768709394585997,0.0922980230877222,0.22245538686953895
1694895,0.39392221353935086,0.2697408709120456,0.5501917582521276,0.39232370571586805
1694896,0.3355784654052257,0.7342563337484306,0.5752963786220573,0.40208363897709715
1695078,0.5498998996183918,0.5699354407090308,0.44476141889104037,0.17328924688636457
1695214,0.6558103050893024,0.6118094921741045,0.8160408487317463,0.9733495468383432
1695320,0.2916496172517939,0.6300144896296274,0.9542563743339796,0.7445731897745044
1695344,0.09009681849695263,0.2380797081910912,0.12306072256184612,0.07663725922502054
1695345,0.15759440892023818,0.2517213024282838,0.02386482780838573,0.12322779832014821
1695426,0.05532007218271173,0.05295727802505274,0.08799284846772774,0.05431787966789278
1695459,0.0,0.0,0.0,0.0
1695490,0.06179082564754931,0.38480380134818076,0.4810010993460525,0.08573457147469414
1695582,0.07827451675835352,0.048769410995200296,0.05344865737087047,0.04882652264922099
1695658,0.05001463117628664,0.013691294689476314,0.09350430595960235,0.024559650894359547
1695664,0.07231653055665921,0.18662501715778376,0.25072817394706304,0.3799379640535705
1695818,0.48401856285081246,0.2621103022362446,0.13671010901468647,0.058053418911779876
1695908,0.01971304787003438,0.08778269251703774,0.06165118977321876,0.05806294164309845
1695959,0.21072938473522096,0.20061986599739157,0.01604333389828883,0.048904614945935045
1696064,0.1756969000257294,0.14844322880066854,,
1696136,0.27057309346095504,0.463401960132392,0.39211625742708534,0.39081328535976567
1696209,0.3086794916047017,0.3915107571845041,0.016320547738250462,0.02923552062092114
1696260,0.144757768338868,0.13061587083960366,0.19600791241405366,0.28300528974881023
1696263,0.6016961335246624,1.3073106394598208,1.387084476095289,1.7871730552478096
1696438,0.018550936713008667,0.05011493568811026,0.0680670105485827,0.029344597514504904
1696494,0.14555024885867482,0.10738700486786916,0.1874051589353378,0.12798480941408774
1696497,0.24604472555613152,0.4221927080876859,0.3980902446156812,0.2638434815822255
1696615,0.1319564181995444,0.16119011151901746,0.04497498215341176,0.08572131823440035
1696628,0.35912450740199403,0.11141023612504224,0.20341430124498727,0.09686967764407214
1696715,0.1368470666475668,0.3717383086373956,0.22355746328770268,0.21089075906953816
1696731,0.07856491389791669,0.24618308561208513,0.10640610671866241,
1696778,1.4395647959246882,0.5993341828414318,0.4739498520973185,0.6416816317183821
1696802,0.025911359467329333,0.24551032180910834,0.23392500382190268,0.1810079733791226
1696867,0.041667391812702716,0.0411455771566088,0.14144088389611428,0.7744241484948191
1696899,0.16320080370001172,0.2554737272848778,0.1883368350482401,0.09015679096480485
1696957,0.09730103541815933,0.06160439714189735,0.42901991857616734,0.36373176854221473
1697013,0.5996617717642264,0.519006019062366,0.4860776681355215,0.504908382034518
1697024,0.016521954494322737,0.08792512914724461,0.03834203129655515,0.02940776186665838
1697030,0.003153069232602288,0.01097742326399898,0.039120106236145535,0.02931103328909863
1697110,0.5135223676150212,0.40235745721185845,0.31714837894379355,0.1246394115731975
1697137,1.1468610717134184,0.4312560586809679,,
1697162,0.2432612274823493,0.1944480650306934,0.17738092705431713,0.19971543110469217
1697233,0.7054338343194819,0.5791467694425487,0.7046733712727313,0.5275953791666343
1697267,0.3175554052205787,0.04047038783942634,0.12317292205817036,0.2789640328069051
1697274,0.27276265572774416,0.23031270740324522,0.32724767997598975,0.2320873978495419
1697300,0.3161869113503172,0.10207130221249704,0.10459592860696695,0.12434921366055046
1697303,0.6055263059138857,1.7902012188518064,1.9247535909583864,0.3105557165629786
1697323,0.3450708636687101,0.5966297108449238,0.13652174712516624,0.31630795619960744
1697360,0.09090147322320773,0.06594742991287783,0.10575535944671521,0.11922182770194138
1697366,0.44523360117363114,0.3561761523353635,0.6915789317994576,0.629886144172765
1697375,0.0518100430673417,0.03130866673591051,0.05734032107616687,0.04899428637240593
1697398,0.6326172852907396,0.7274318285329443,1.202033476779788,0.9794027571592892
1697457,0.24627606691414747,,,
1697478,0.26040597996641074,0.15426639684430501,0.2837616269689056,0.08090371084959602
1697490,0.35025309233984714,0.23766351306343153,0.3000013979994765,0.18717495309673673
1697493,0.11979387171810965,0.12070085475630529,0.13191710002519771,0.11962591383946693
1697569,0.0,0.0,0.0,0.0
1697591,0.0033631018128318546,0.0577440167027125,0.09510751335595469,0.011632093362520305
1697597,0.29602089013144006,0.15167014995171985,0.27865084916543426,0.3880901544429031
1697646,0.06825475726485361,0.09044275752865012,0.039989614925182285,0.07943863756928074
1697665,0.2979654892378916,0.045701071013010075,0.3517632339858686,0.444828044161989
1697715,0.07290781601162918,0.0464126572799562,0.0693595959228353,0.04426838870907187
1697716,0.19036600619334357,0.7817421101596352,0.464662721533382,0.2163084281756135
1697717,0.24091461655434537,0.2587986140614061,0.17634933448117393,0.10480577284859416
1697719,0.292571681729409,0.1750972318226408,0.17613145325693894,0.15206143688761561
1697720,0.4135424284169083,0.04709784031380219,0.0,0.0
1697721,0.19951400472328346,0.054732176040524064,0.12307606455788248,0.02911519808557091
1697722,0.2229562144567426,0.1671996168687023,0.34344784669025574,0.04048368091902965
1697723,0.3013444998704761,0.2202227456820287,0.24367947955452152,0.2866945299676257
1697725,0.0862063113796512,0.051813053745167446,0.04175844092374499,0.3574258035785322
1697728,0.10492548006851754,0.12067304983841497,0.1029484923588343,0.21860750866784026
1697729,0.2610727886707159,0.29734335962279795,0.6305355629221121,0.06210058851445536
1697733,0.0,0.8694022424925654,0.3411803444234183,0.0
1697740,0.4354118495971772,0.1336267353473616,0.06972752248104315,0.03043024810370008
1697748,0.2663234711414836,0.10513462499526337,0.1329104585477242,0.13837928721099127
1697752,1.2227120143192511,0.7456601173403837,0.10522456221939998,0.12971988363330103
1697765,0.20218651120383763,0.1818435625390835,0.2736222917421121,0.29308467932458426
1697767,0.021268209178322447,0.2473092669233537,0.031878900918920705,0.018201483240182136
1697790,0.10118519539292606,0.11135967026890452,0.05450328763118269,0.06298026376530763
1697791,0.07044487070616944,0.07345700120838776,0.07942152381126501,0.07519103774087729
1697796,0.1273437325946388,0.10318543122735542,0.05230085718280442,0.1161448124373897
1697847,0.09618611058487557,0.39289785453812265,0.3117357844041609,0.15045305487134505
1697848,0.30681804580017913,0.40824389231606006,0.474391114823287,0.48776917588726537
1697850,0.3325658984944107,0.2579587653242114,0.3045098846674636,0.36253056593172145
1697855,0.1040054542619013,0.10277593956877334,0.09488026880083647,0.045492418569957754
1697856,0.02875924883706028,0.03560555014681928,,
1697857,0.4251577776628386,1.2589564850109123,1.279751247065017,0.6048874865943806
1697865,5.29270404814247e-06,3.126091528524231e-06,1.3130737382123987e-05,1.8235468622740328e-05
1697868,0.000356663061982648,0.04665673350594985,0.11166526872134908,0.12068793044461726
1697882,0.18953393224471865,0.26553521729747986,0.12787199959446716,0.1210354935017965
1697934,0.1723304226882161,0.20701956349347078,0.2923936394024849,0.2772581240214586
1697953,0.39107295756650456,0.2770497234459223,0.4679363564953006,0.6787668343464304
1698006,0.1479336129219623,0.20238060434665506,0.13618689352540791,0.18775876369036676
1698051,0.7622076209698704,0.8516874136831302,1.0785676417084573,1.3839920601862457
1698055,0.913021792921867,1.132513841629893,1.0004978236320419,0.9802946510647701
1698060,0.07126029219478536,0.16718638708621272,0.15147926473610313,0.13503458400044485
1698068,0.0165409035589313,0.09268299547188981,0.05777644075023748,0.03495764455019931
1698091,0.10032273242843245,0.15813278723212704,0.06637982643764827,0.07172962677981609
1698093,1.4999201334021393,0.6331382378266064,0.16054401055770165,0.24748670235544587
1698146,0.025218144057106207,0.07744613905059315,0.04926168939113414,
1698148,0.5037724987089474,0.42259863982067475,1.1119228484830308,1.2966117915505981
1698218,0.2713441309076212,0.6046775048999051,0.4861092647959034,0.12117535930862236
1698219,0.053558117729419374,,,
1698222,0.11526196927965626,,,0.014867629745781314
1698246,0.03498989575863819,0.06441789637959497,0.03594469792289975,0.07937280920796655
1698264,0.0,0.05612649519702519,0.0,0.08958876094026295
1698461,1.5109058017197274,1.5792470372069312,0.8609219320164531,0.7048500486077308
1698478,0.31395542408679394,0.29543224578389604,0.14144501857708397,0.16158318853577763
1698481,0.47592347480306213,0.42984342780214485,0.37455925266906004,
1698484,0.7023465140937581,0.4053561459139167,0.5898973094873439,0.6506883837326788
1698607,0.3389562713130595,0.5650387379730021,0.3663163041658921,0.5195770726467792
1698661,0.0001350732175039283,0.00013229661568828533,0.0,0.00033198373129262877
1698750,0.04245905434391425,1.862069550452226,1.7730430656663103,0.019871785656347767
1698777,0.4345936502337674,0.16544649492627808,0.8040227977084934,0.27440217820085855
1698819,0.6874050366330223,0.8091303611843047,0.9500467695304496,1.0057577789076513
1698926,0.06765227629316278,0.16423051987916243,0.0733403736686999,0.0947986925072561
1699080,0.7908847646556807,0.7106147373235324,0.5903060641314192,0.7811074907625964
1699506,0.198823594782117,0.7393400020793556,0.2967845525018511,0.04576803779677719
1699622,0.1395755479310045,0.10146343645972024,0.11590601829839692,0.19038488919949564
1699673,0.6152772013105937,0.8065382166866137,0.9750409961132074,0.9659395984132569
1699803,0.29239825673720743,0.9817957638475119,1.7096078032135071,0.21279087635175414
1700272,1.0576137727607127,1.13471115634484,0.8492441115647038,0.8897301220782957
1700286,0.7542946970931403,0.8544443477867192,0.8525053765934637,0.40275669777937234
1700362,0.5094109659525964,0.3845126217760179,0.3954103548962502,0.21271489730800833
1700481,0.08369639189689235,1.058946540179603,0.08788494241518645,0.13476992388698825
1700530,0.10645026645027858,0.15012643178989676,0.11083052157101587,0.15695578584201791
1700574,0.8318948674176726,0.9091445532126112,0.9482749610407943,0.9187133412034405
1701132,0.29813249792729957,0.07895677661442452,0.0907037000742754,0.07761581544834392
1701714,0.23246360836706811,0.12834603902793315,0.5124665686435599,0.15795167185588238
1701879,0.0481103877124765,0.05237343554281881,0.040054231324249415,0.03184907240669888
1702435,0.7120574338524638,0.7731243819088263,0.7770716200163832,0.75042298270468
1702490,0.32860364676099846,0.09641715402664239,1.7461729822291976,0.027010657044842762
1702721,0.0,0.0,0.0,0.0
1702973,0.9978492564702485,0.6615658964051875,,
1703027,8.443175912358235e-05,0.2603034957241223,0.00019282760342182717,0.3752341547150494
1703031,0.21029575118323565,0.3726488238392237,0.29689652262888516,0.19564339847611464
1703080,0.14876029893974427,0.25260148996787046,0.1169450998625596,0.10524857140793438
1703081,0.09628051130938858,0.1131509790360624,,
1703208,0.23516684115936112,0.15055505203027053,0.4642568755122259,0.28947013096055896
1703383,0.13948508231522924,0.06716944941471824,0.08915938160616206,0.0375986141684633
1703496,0.06718914280396017,0.275968967967368,0.09398244527023084,0.052713701458479215
1703556,0.12911462243234514,0.15417221867258885,0.2956385857021015,0.20666926437787908
1703658,0.1780072480845512,0.4226604590660639,0.06610441293739291,0.11385133177756815
1704107,0.06471205574893751,0.04618433021264976,0.03599503208595254,0.03999205505913438
1704132,0.14497675731222812,0.017275372985952858,0.0,0.05877888688974712
1704212,1.8913869965976962,2.174528280801937,0.7703257745007762,0.7500035177554905
1704300,0.06556087570836117,0.04755755053845077,0.09168989006604185,0.05310014978039305
1704404,0.26028172556548956,0.5700249056216268,0.3461702806720276,0.5025598906631393
1704720,0.054623171946090725,0.25943430477452517,0.04140476694900105,0.035496925955546724
1705265,0.25133540737990234,0.2928112662018857,,
1705399,0.6505765915446903,0.8289415579818045,0.4147284819180314,0.29673564672690206
1705438,0.0,,,
1705655,0.21571754164639192,0.18016563944019315,0.3002713518427775,0.22621429830267978
1705711,0.19598108678890996,0.13371372467037448,0.20994892298588722,0.19109785690733758
1705712,0.02949558945948209,0.016857558870351202,0.0013082127995947385,0.0010740651397558693
1705716,1.8851694589691166,1.9986212650961215,0.045021661281772596,0.08042338306979127
1705910,1.0446899094411917,,,
1705929,0.2248224521993591,0.43982514837298686,0.33609996802312353,0.46837367984606165
1706013,0.02824375593401288,0.02322449235701387,0.020950986469384078,0.023291563868912568
1706016,0.041448979870483404,0.08002021618057296,0.032406210407052646,0.03660424547497884
1706028,0.07058248251314114,0.08910290832476175,0.02727853387837847,0.07937727887238105
1706164,0.3857017657999901,0.48518490465680947,0.4856114263901768,0.42302863857601253
1706220,0.07201634697738495,0.06108677203109301,0.822802722956824,0.0
1706247,0.8645483005463772,0.4572573088980517,,
1706248,0.19843980746462136,0.1489877544930855,0.1910596534358097,0.204711107417894
1706327,0.7341865591417531,0.7188314172117867,0.10678730782527272,0.07304492367180053
1706351,0.37244932702041855,0.3830660378647039,0.40376540814269657,0.05654023808223091
1706511,0.08111137877518095,0.13829517566113314,0.161973174982827,0.13933728586808258
1706669,0.3488861448028333,0.20960011215412266,0.12861248854926258,0.30382143197226097
1706766,1.2772958457132428,1.2338778321953587,1.3482066282288723,1.2651333852652875
1706836,0.14966718121341013,0.3053436605973366,0.2110271698327397,0.14574572539670202
1706915,0.0925142829340608,0.13187742308921385,0.05222793446427248,0.07202161687379444
1707096,0.3895418415595788,0.5406398992813538,1.7798221636584548,0.07828721693474879
1707202,0.4004364630913366,0.32042383442789957,0.2606465280783092,0.19494423725036242
1707206,0.09582886499796599,0.13225387870407362,0.09279833303247599,0.09458542056529909
1707790,0.1668284323537121,,,
1707856,0.025344089311350657,0.12242509987116282,0.16163717046813267,0.10563618352828229
1707921,0.029095676743849438,0.012593334500444,0.014687060893528843,0.08287348236152181
1707975,0.48522977727328626,0.22894078499522788,0.21603307631267904,0.10342235488889928
1708001,0.7994423405251541,0.10350636048321399,0.14471961869711805,0.1740989798315199
1708139,0.023068464079651085,0.0,0.04868083517898873,0.01884981628357387
1708759,1.4311930790437584,1.3014172276445906,1.2302128799873455,1.2084819968798066
1708828,1.1528195099784329,1.7485910970905607,2.046833977845775,1.7579857750854468
1708872,0.06820834383091076,0.09898874534063029,0.0929508624885996,0.36141354431461914
1709323,0.0,0.07668875653992628,0.2561366450055849,0.2381444667924852
1709478,0.03822073783221708,0.06889807010407707,0.06407481039247129,0.1321816775376533
1709622,0.7238755083209124,,,
1709632,0.06963520800478563,0.14709601177147882,0.24713319457863486,0.36010946038579306
1709671,0.0,0.0,0.0,0.0
1709698,0.1822994156044265,0.13991063461820513,0.23076719343996846,0.11725408652195025
1710065,0.0,,,
1710207,0.2750185437194462,0.21878621787258906,0.021258583998561873,0.37700996572314993
1710537,0.3052605393879197,0.5096686770370062,0.23837416291019112,0.1824271376205595
1710539,0.07219319397830279,0.20385430273473287,0.22503369041723342,0.04428959126450512
1710666,0.20732879090774978,0.20132043785693648,0.598064817384296,0.28813298565116946
1710785,0.3503495289009066,0.05507630977949219,0.17857661174457734,0.2436130933185478
1710951,0.6262297751629756,0.8571914389543234,0.8901170840094901,0.6982536766541457
1711200,0.8127619330654384,1.1970573894621153,1.2080445907692527,1.389119789361368
1711360,0.011429454283325702,0.02245971746639463,,
1711615,0.0751525785362558,0.061803171259134954,0.06414465034143194,0.06712823408779224
1711889,0.0,0.0,0.0,0.0
1712533,0.15631604133662574,0.06099465411043213,0.03949635262504292,0.04340731687587037
1712575,1.1938363298634231,1.7357763299999616,0.6164535165128545,2.01921879273334
1712671,0.5370130510979285,0.34376489362977286,0.6117634442926002,0.6086270087763115
1712686,0.04813615700450028,0.21730112644656835,0.12984292813247908,0.4018431682885054
1712892,0.012371941270454231,0.0277540992494123,0.0398891014539858,0.08943301763421323
1712901,0.9227484518910793,0.7740596082443643,1.0189204614313072,0.7132824716635716
1713112,0.07712722535596032,0.08059308770813292,0.021576189372490544,0.03376644680671324
1713269,0.28282824471009277,0.6582060600275003,1.0027592007908506,1.454049850014528
1713390,0.006236108419196323,0.44995364679065725,0.02592537366369307,0.05346287484572263
1713458,0.13458293016951822,0.16669644967525166,0.08323698510248206,0.11471042291372428
1713506,0.06744286634088431,0.28265052618915376,0.6391822823521648,0.2018860823275041
1713520,0.09953610563803855,0.25467910461336535,0.22090933134001883,0.1616423232937106
1713521,0.140210759788302,0.07771071221420556,0.06210972472217699,0.07268340737807756
1713558,0.06510967947300401,0.07769871288376039,0.05281201357340796,0.07652521641490531
1713587,1.333827683517148,1.3446215044891539,1.3910082018274892,1.412850552145648
1713662,0.14937665932907448,0.09648940386944195,0.552507270019466,0.5754420439788832
1713678,0.0662246385813576,0.5440366520136134,0.2054379910092612,0.1000898443292942
1713697,0.30530053486748154,0.7041697659526881,0.07940781004789584,0.08959391745442555
1713735,0.05893340071145138,0.11219108435039721,0.15605432495897908,0.27711076830723036
1714062,0.24230172858749197,0.03236261997490703,,
1714093,0.12992733237646675,0.04141085358063437,0.03864519390399798,0.20243366430649337
1714107,0.19903923591886638,0.1384327817528634,0.11658317589229669,0.09247685913129391
1714260,0.9176212285035682,0.845899868444333,1.2334789649864462,1.2532369998257877
1714267,0.5325308479887607,0.37941497103148597,0.8552955711377445,0.3362239938154298
1714341,0.10977265032974681,0.08541192130049943,0.051587146452038365,0.03938611641628888
1714450,0.0008413877309858983,0.19025780882355434,0.0009441648051891581,0.00276649260068044
1714498,1.0532129291273429,0.0,0.0,0.0
1714506,0.23327881083741256,0.5909651739229338,0.7857519905015284,1.150428679851234
1714590,0.484196305450846,0.03600083981826126,0.03605545412413536,0.05452282132888699
1714672,0.931794321735214,0.7617989610011793,1.5680823087625342,0.5021491418788236
1714678,0.026763439271955767,0.046548000353198886,0.047200104291775236,0.01671139415189211
1715228,0.6641973756780437,0.07970394038946703,0.057719675251933104,0.13536042579116966
1715329,0.9647153605224161,1.3823045142897992,1.4092156892149104,1.6399478059433095
1715579,0.0024737776252805412,0.1759528617508316,0.0,0.12097223761661674
1715593,0.17689055644890053,0.26427011101504766,0.23285071397603258,0.22394812410914605
1715635,0.8368598994102667,0.597162590319347,0.7708225681833161,0.4701697238419748
1715740,0.21759443123796152,0.1859921507297302,0.16243676182043576,0.13966241702808355
1715862,0.9339055304178063,2.1299547083206933,0.9849092740038636,1.5216719008548614
1716180,0.3735414378108895,0.2878172098638047,0.08020446202758003,0.01876644534420063
1716399,0.10303789242195331,0.06787276863976009,0.05158633189270877,0.03546308308703607
1716476,1.3961203781678877,0.7324310564336217,1.2767981510150557,1.2672596876601614
1716539,0.10595097605566106,0.16604402740675617,0.16800709931794444,0.026518934451204648
1716659,0.33974838362975046,0.5376691978687357,0.4154034405928551,0.3212787180551683
1716774,0.2504408480804894,0.10356355668221917,0.11582781101147054,0.10862262541901892
1716983,0.0192070080350375,0.7732012605758994,0.25329577546124493,0.23428408737209708
1716984,0.2474952175932791,0.2388833279392412,0.23195112689694783,0.10836950735483192
1716997,0.1276061897219539,0.4131641537840455,0.2607581146167322,0.00016335958831750335
1717027,0.17787183390365383,0.23002254309217302,0.02547653990830949,0.031384612288581706
1717479,0.6750645087902073,1.026550952759976,0.4316852471913424,0.32769784063737484
1717658,0.06322010176612411,0.08972977171728025,0.15969445177629893,0.10122540579061871
1717825,0.016578053358719667,0.053726959908713776,0.11205373698442442,0.02592970549327967
1717977,0.5504586494702827,0.5376087026491929,1.1210650669228843,1.3030484309227013
1718570,0.15846568139557746,0.06317043549045284,0.32913122476949935,0.26789567330096975
1718858,1.2754096904615457,1.9713180699301465,,
1718982,1.4358726416242114,,,
1719087,1.0545051895555895,0.9689672017433906,0.927550718844538,1.001949951846823
1719165,1.1828374915801514,1.4842704576018857,1.4400931673545576,1.3179753078278191
1719203,0.269249953666033,0.7906748540240679,0.46749033279295943,
1719281,0.0,0.0,0.0,0.0
1719305,0.10417342634684877,0.3035567474780182,0.264141703029367,0.1017077880881318
1719307,1.5633759825395876,0.9072653602678408,1.3064922749607846,1.8174937684637817
1719387,0.22285440147672075,0.07966308937596435,0.11173365342043313,0.026889182575145488
1719739,0.10538657888990738,0.11718888528122692,0.07394400221064244,0.1016423306202898
1720235,0.3535546610924771,0.2151206320287696,0.08963281962538738,0.2411609917116831
1720292,0.18826585686663885,0.5484730949924543,0.42563799168004185,0.1287232189034726
1720346,0.5861857223171996,0.5177616482016756,1.2055129984915753,0.06649235284656639
1720350,0.03730588942674413,0.04842670029339115,0.15099789927344714,0.021747556123564153
1720702,0.0,,,
1720777,0.2471902809299084,0.4691653155791956,0.2442451423956277,
1720792,0.21063501020699463,0.10650372332067444,0.09703022713332207,0.1797293307178455
1720887,1.3024939859588587,1.827273034377136,1.2144400566737599,1.0323893358270968
1720969,0.17250928010370892,0.2181187654074793,0.20711980701349209,0.16955398060423485
1720980,0.43477216812162345,0.7803609091574402,0.8806980294371759,0.5910119235597541
1721168,0.6921647928614236,0.39868891808363305,0.7972382027386817,0.6658883235297691
1721242,0.2899741571152148,0.32604574410242565,0.30259831990200986,0.8350245757394391
1721508,0.7781952387443688,1.3506097313135381,1.6752756553205805,2.219413828236911
1721527,0.16489940709622494,0.1263144101496084,0.21717232726517197,0.14227972279342366
1721608,0.8129045654710603,0.2171240274465392,0.5915550805201018,0.1641793093396964
1721780,0.07072147347035009,0.12449128978635622,0.11144673024820999,0.3964918051067612
1722084,1.7778207023793136,1.8866998776109687,0.18407985667467947,0.13787441479059467
1722117,0.08339360101324149,0.2606360626306448,,
1722283,0.25534483615161546,0.5649781924464764,0.5357676686609762,0.5953657317162052
1722329,0.05388612187086862,0.033666340302622284,0.046298364809467994,0.058336539341834207
1722436,0.039522457003303244,0.04350516729946773,0.16430879675625587,0.14577866425359823
1722439,0.05691276163470318,0.05160772441846928,0.060880177615198004,0.05833348979394189
1722512,0.0831984892833801,0.5348149591923813,0.5263125291657846,0.22959036422981416
1722622,0.20060105002183115,0.3866365016051172,0.5505324286845116,1.0291548418539633
1722638,0.06973281384583777,0.09415743153716549,0.04092123148713854,0.027482675516085173
1722641,0.18398543189792477,0.17625797222601255,0.1329900114956764,0.09134680948753493
1722967,1.1756268752503467,1.0887061006718333,1.1605994963479436,0.7707417067445391
1723115,0.5104936185828988,0.3609948970996694,0.23975727772348324,0.025287832931594596
1723223,0.10032958456846575,0.1035703963992078,0.04336965128767668,0.029264959099114963
1723397,0.1308449592245239,0.14936364279991923,0.14650632355704196,0.10943070327199916
1723514,0.2658588580382513,0.13180124359681195,0.13273506488647674,1.18851712999583
1723594,0.04636439768768681,0.7220347788691007,0.0,0.0009814876620229097
1723643,1.3216757160061778,1.19910718574742,1.2781607997411437,0.9565139796536096
1723681,0.10994970613149022,0.3634802573226458,0.5359362169033843,0.08386829273354518
1723787,0.0,0.0,0.0,0.0
1723925,0.17306609619205232,0.05899618319185593,0.1122664100436573,0.08542181016316903
1724090,0.18270666181480982,0.23116410432483186,0.1686585978996107,0.07413101664583265
1724134,0.7909338599599263,0.8831194527213987,,
1724140,0.5286621974500211,0.617397046536341,0.7411645447665905,0.915664819641118
1724246,0.608824186254318,0.6652223793875347,0.9223569796676985,0.8512080275730242
1724269,0.1345721367328002,0.13692732270277935,0.1314011743105585,0.12150604769655543
1724517,0.3993467430811629,0.3208850397411366,0.6455496862527451,1.6827243855347676
1724729,0.032079850148302586,0.055112463226500596,0.3737349643664461,0.025097412254092514
1725042,0.0,0.44099020983383996,0.0,0.8293034527629022
1725247,0.11944001555221945,0.1287575884778524,0.08354866102810195,0.11933302544561802
1725248,0.15497612548460685,0.13115832367000355,0.1661152094650144,0.3861026801229134
1725296,0.14952815228777622,0.22438394824261831,0.16403261153276114,0.18889674620797214
1725297,0.5293417330574883,0.5143355900172565,0.3763379449202728,0.12780843836124417
1725357,0.6889315000261912,1.1133142340308326,,
1725362,0.12806084162785764,0.10970574446509099,0.07531652864958958,0.02647018342970421
1725394,0.3455617274542028,0.5095814371446744,0.6810784370846862,0.06765538530885633
1725690,1.4758821125322474,1.6176956375157603,1.4959476078055447,1.5598376335800717
1725722,0.001831175431597401,,,
1725888,0.052061943571115835,0.07814121952585013,0.02550533428439482,0.05315387592371775
1725910,0.3754476803085646,0.24560104036926367,0.27292898166487317,0.25004666412234733
1726375,1.901960185229799,0.039263941788746586,0.025498339788206665,0.03302199055949758
1726609,0.2534453105608162,0.1413015996021493,0.05025299748100139,0.03235447274761504
1726673,0.0480544500977307,0.08009119184568295,0.05622986637132049,0.048790522446202744
1726752,0.119862961955672,0.38929345962392725,0.144303804898972,0.12197867129739226
1726808,0.02771862509654108,0.015719614242310245,0.01556236833563845,0.14884569286276164
1726823,1.8247183445410071,,,
1726948,0.18260901791833217,0.30821807558676007,0.1615769594712903,0.4008385076841244
1727012,0.6074161503683563,0.7978898066342031,1.6898244356534535,0.6885718940243839
1727269,0.32603510876003544,0.43365881415080926,0.20902743600721996,0.3689987576280212
1727336,0.008362933695153925,0.5093861256593151,0.4805796952869778,0.35557526482767854
1727342,0.3270689885761256,0.22209570894469513,0.3121632126279267,0.17455184645688618
1727353,0.14901365339941905,0.32817690727287374,0.2697164874267981,0.34100056701322323
1727407,0.052174852206246486,,,
1727514,0.23603572742132695,0.20557854183757482,0.3252932314118628,0.23942606120820314
1727573,0.08346172032577014,0.05919468365901843,0.14726943445836518,0.09012886070479253
1727588,0.818509137985225,,,
1727593,0.07832985616628366,0.06579293196258625,0.05681204757595992,0.056601869624613305
1727605,0.19627165723803128,0.22827023914215774,0.4017594210594327,0.20017644839575444
1727612,0.38907959154696603,,,
1727642,0.5730582010073296,0.29164691818321364,0.29082538131669755,0.053392380128900914
1727762,0.019470028138467696,0.3710023329167533,0.06185229460255512,0.047410412839690795
1727783,1.4135541002695253,1.7897115418905958,,
1727827,1.1527088369716194,1.4429049130777394,1.1061550881636748,1.1139146098158073
1727862,0.45666981058608874,0.06125330998491979,0.05979316420890371,0.01650194288073047
1727917,0.14462062055749822,0.0777161253928686,0.04419229590557168,0.0365036541662984
1727993,0.17813705922122913,0.21792896104120604,0.17463161591388066,0.27090600387512676
1728001,0.1605800918883559,0.012684398757215649,0.18401496367945966,1.458847614359261
1728120,0.5939074451363798,0.45609480002756253,0.40093807152573924,0.4398241782950264
1728121,0.2504030131589719,0.1236284933663883,0.10745206959743042,0.11951271814186475
1728194,0.1324245717587789,0.654698288716381,1.2262132678524882,1.5033698627032075
1728195,0.0,0.0,0.0,0.0
1728201,0.16842789849310277,0.9317847629222638,0.8772251018696325,0.3003281030702147
1728319,0.40391177382297927,0.3017312904190887,0.11174653696427655,0.28733919247923334
1728321,0.7214852202210781,0.16851098787448196,0.15293205987024164,0.2452798539794413
1728354,0.019863144672063553,0.0,0.0075505234030771385,0.0
1728355,0.0970777071201894,0.4282222201993433,0.059215570815345425,0.047964027474139005
1728436,1.0055845292862124,0.11959924761634917,,
1728449,0.22713633076303802,0.2697710715107889,0.09716313414128683,0.0903907350993106
1728657,0.2586243397385852,0.4042798633785002,0.4170817614841238,0.24091690436528465
1728681,0.40847436118079655,0.36768935615940795,0.7071747974417253,0.3340443342453632
1728689,0.32962004838554426,0.14649475164379713,0.1707281817383435,0.16872938418177777
1728718,0.4996910055715407,0.5545452929511703,0.4253313298273729,0.15021541936142194
1728778,0.7314040152469173,0.15584517945797344,0.2548717595869357,0.5298699792888392
1728827,0.12335503387669654,0.3267503054126077,,
1728850,0.35786288489072215,0.0786002856894974,0.24810885943967784,0.13446133603624666
1728866,0.2729457939913762,0.473186153180878,0.5589975365760845,0.37563698362982806
1729045,0.046875328124272544,0.01957661433964814,0.06719545711813475,0.21541670516240036
1729048,0.08070370854856629,0.10241807827248489,0.05991429169690225,0.09373190958692502
1729049,0.04452227856501106,0.03425276467230766,0.028365343336744668,0.049537173921170116
1729093,0.11943292595657558,0.048031350376100554,0.045371120032478854,0.023034703785802354
1729094,0.06961190996752165,0.06366014463047605,0.04138238384206844,1.8879788547160092
1729096,0.11570685009135291,0.14597334818723395,0.1614851124881045,0.01932373038947347
1729139,0.17013584850955327,0.21426276813053663,0.46930988571741805,0.14519460243086493
1729212,0.05715028107369425,0.07459505162996985,0.12468922440019158,0.12627297204202484
1729242,1.1451069321038627,1.487206424939928,1.5102638327616111,0.03044578177623102
1729254,0.0588243855614177,0.08656698865949002,0.05211960974073838,0.02631982323321029
1729269,0.08786767620287039,0.12335664419794107,0.26154469758882665,0.2972006619628775
1729299,0.14095658088473434,0.14371838179129628,,
1729300,0.30641896634195404,0.36327418293496333,0.1389441047268566,0.29480222752732044
1729303,0.2404475197269668,0.2802134117765788,0.33353534711520005,0.14799268047499878
1729304,0.05231451576204133,0.06067906825639998,0.2928935679862805,0.09129971669732827
1729359,0.30434350527949805,0.9648709956463918,0.4716909476888486,0.433334600972259
1729428,0.5049055741430171,0.43715862706289843,0.4632223186685223,0.6045982874908493
1729443,0.35361710535821167,0.05064029759020197,0.024242971999429912,0.06394015287421549
1729457,0.14928114623876704,0.11863497083389411,0.05269781698678224,0.09711908897626781
1729515,0.08679039315181984,0.07288638447722465,0.05314838973795657,0.03580278911620955
1729516,0.0953883287601558,0.16056720348421807,0.2902224361502413,0.25714655519664675
1729672,0.10876683268132066,0.13866712206926848,0.04526667178077836,0.02482693456209296
1729673,0.3523541168778584,0.15396863528654514,0.17729818296730465,0.2145346358937155
1729675,0.0,,,
1729677,0.15519899632319356,0.15384955655029006,0.13661450115967835,0.16564953279873504
1729735,0.3779340110201004,1.944278247099523,,
1729754,0.06737972229996289,0.04369907046381707,0.019705312300898583,0.020241376143843602
1729755,0.033393146638295367,0.28239508072517466,0.15220909849704817,0.02841847501725924
1729829,1.1083381403819355,1.1765640301089526,1.0860817034591976,1.054103988646776
1729847,0.02183543110466495,0.11593004690209953,0.04774315468845754,0.05888561375039911
1729848,0.06882716899859372,0.1797300468060514,0.1604956097643793,0.5077359333284927
1729854,0.056327250665762676,0.1695430220028019,0.14561030812730727,0.12133194130064147
1729866,0.22403833594285102,0.4883549842177886,0.7159642866186796,0.12482230866327532
1729867,0.01610210831606604,0.016194818644439796,,
1729869,0.03383738537306022,0.05295074107009294,0.02442484339713574,0.03926424499992551
1729939,0.8936634611795345,0.2750794040860032,0.15361304986726185,0.13167467162572097
1729985,0.3111410753147625,0.5836106067786894,0.44167101369005735,0.5350131173139137
1730033,0.2504405070620394,0.15575141877358842,0.08158951196693805,0.07135077641304079
1730083,0.12752738170568675,0.028397868737643023,0.014990575478259091,0.09198897913795896
1730126,0.12895154138262205,0.1155234826823789,0.09950737087027824,0.11141367876481621
1730145,0.4393542454583525,0.38610678305816937,0.609764308212258,0.5722902202214988
1730149,0.17226726312929996,0.4669765629677487,0.5630612887737533,0.18261064775846556
1730235,0.3248782196966411,0.5339095445427587,0.0,0.0
1730242,1.8154469432566074,,,
1730293,0.39263145246955405,0.4645773287435262,0.317254629326704,0.24807075586508362
1730295,0.07090084355647347,0.06906526501226729,0.0397165358204738,0.08256535878495122
1730299,0.12324659901599262,0.15902525916867039,0.09165275719190151,0.10759658797613647
1730322,0.12955339471017727,0.1086208562481192,,
1730383,0.14312947430702028,0.09497661644919572,0.04775865190665156,0.056684627471419155
1730386,0.06455109279519793,0.20293713879688868,0.10242111272525287,0.043293343980464735
1730404,0.25560569702830616,0.2006517652376287,0.20210201280813003,0.11711721189060931
1730456,0.1278779913777951,0.17788358531476364,0.6723724830910738,0.02854937355002503
1730464,0.16572148574313447,0.20220272228152086,0.3596269550970892,0.23712321929068395
1730467,0.15113168394550186,0.27828092693008394,0.14904026338372683,0.10943084541919118
1730469,0.023042082752327532,0.008664038284243746,0.09974347921864402,0.21780351179695095
1730477,0.050986692777602594,0.19424605554325725,0.08197618973366602,0.05240653384739794
1730478,0.06026969248829211,0.06864816501212848,0.11996708372551489,0.05335638603134146
1730479,0.07856168711721775,0.10924551460007732,0.07619532699739696,0.11050726156106531
1730480,0.12898229756015872,0.3171837401949787,0.18985514617697483,0.14466576625399227
1730494,0.03911368470024629,,,
1730511,0.11070937987507783,0.07708020323586197,0.048897305336100136,0.1673257352318304
1730521,0.031967153899170646,0.07274708541899355,0.029152415059924712,0.055011261393525204
1730525,0.42621817647183785,0.3377460568959719,0.22649196577785,0.11860424014272498
1730532,0.26855322216639976,0.7249332297872539,0.8080498649372659,0.3150958209186222
1730565,0.06918930080826306,0.2155895471808982,0.10574564610440403,0.19855348486153127
1730573,0.4430327504821401,0.3602171775602957,0.22467568238727567,0.40883834541449876
1730574,0.0,0.0,,
1730575,0.28228630418094675,0.20564271051080604,0.531776469170715,0.3891772614984857
1730578,0.27456271358687784,0.22885570986101064,0.20139505698517735,0.16229021785347905
1730580,0.04723601075716454,0.027746023394511248,0.009497883247312851,0.10151433181407607
1730610,0.11767374955526666,0.11726062333162723,0.09582102501207913,0.10315169987731876
1730630,0.06840834508735473,0.047094261226133846,0.0472634807137325,0.05558965231013711
1730660,0.48808259356619693,0.30891649031674767,1.0248932754967375,0.5823882130931939
1730754,1.6951512477143913,0.05531834596813121,0.7086730750754838,0.5746877010066054
1730765,0.49689488056719405,0.6595190990305165,0.5758987384333976,0.5067963796411252
1730769,0.19805035880873337,0.29595400790456666,0.4208156673355834,0.25279750053818306
1730774,0.6257178757337502,0.4077021336913121,0.1894065857793216,0.2989610212023777
1730787,0.06848798035207423,0.3787365679421268,0.34107774359203774,0.04988951373403991
1730808,0.08021726077538588,0.16850227430964707,0.08189953059017752,0.09186873161962529
1730810,0.2221392690260004,0.2614891269312946,0.08266335918847406,0.36781103245551827
1730813,0.20440946943872843,0.9382948124257312,0.3281670906816852,0.3176578575046379
1730814,0.2306796031491032,0.19791959743745066,1.9757248897780364,2.1116893486768413
1730815,0.10716959909351739,0.16682013838124746,0.30079939011863516,0.16913416477550475
1730817,0.10261118030701029,0.14041790260794304,0.09056929464991112,0.1147437266498696
1730818,0.008945792601267388,0.0252764159494456,0.02473428903664551,0.08222329905586452
1730887,0.5631572289124868,0.05403610444319987,2.049549043957597,
1730889,0.24810026846896363,0.8565908242357066,0.5142180601907795,0.23206977259152886
1730896,0.16909623622803574,0.10029759370717088,0.1465462950295442,0.20728981928190598
1730945,0.18085022175792148,0.15467706896115593,0.16826757944101495,0.12860667632540934
1730959,0.01887877741170673,0.09512939520160844,0.18663648694861493,0.027112478667434426
1730960,0.15723276113980664,0.2439662290176947,0.20546345737823843,0.10097251799143003
1730961,0.17365452736323037,0.49864419209734945,0.2999453030693637,0.38504630319330907
1730962,1.1585152379686154,0.9680554970770152,1.4028198661312947,0.9583391308722415
1731012,0.37463744858370146,0.4199222770832619,0.3760422497003221,0.6816648382556395
1731029,0.37111798604978147,0.379335843151624,0.31773233357505065,0.5377996674655936
1731031,0.0,0.0,0.0,0.0
1731061,0.35058464859275673,0.42111642654346354,0.12158610571986399,0.12135573861383378
1731118,0.0013687708260852229,0.00015082283143405388,0.0014328537291355863,0.020316319430870672
1731123,0.1343332305019033,0.14488190482211274,0.17142500622489107,0.24636462195417977
1731124,0.03244682482871423,0.015832568080259016,0.6897030396450841,0.690486838261634
1731132,0.3048648890470557,0.2746567358176017,0.3700592566060416,0.2850342524842955
1731134,0.17792549874899283,0.24169706094538562,0.09339728058217515,0.22454701043081163
1731152,0.12470792107645423,0.06925873765923748,0.31176487919696516,0.10820881217651604
1731169,0.22867375806287696,0.40399489795132115,0.03161744819828747,0.20926160020527995
1731216,0.13180990183975957,0.08125627858309906,0.21873719778080894,0.09067744832843459
1731221,0.38286815184003586,1.4935047474739689,1.0368713481333671,0.46757982701996365
1731260,0.03596041695535688,0.03356062245022529,0.045633048812548566,0.05834504110882323
1731275,0.13709705193226637,0.15822590713235216,0.07230383123079524,0.04692200148663276
1731296,0.07451670964291711,0.0,0.027431848369036935,0.06283406030062506
1731358,0.031269810551334105,0.08070731724507745,0.0594889521701979,0.0352965131794131
1731359,0.159866558541794,0.38407644538052327,0.15910203569630713,0.09835714226082193
1731372,0.08782781137606135,0.1218721242096841,0.07194205978694232,0.10162477327375243
1731444,0.4949258634389788,0.30575175020825485,0.510077873607229,0.5079430031619586
1731445,0.07078827586705394,0.1175717444991014,0.24352499653988371,0.08823350558366666
1731446,0.26296051974718565,0.40918476353850813,0.43893044878590587,0.7330630702515248
1731447,0.03245466840250843,0.24519500460479868,0.08307480228728541,0.03645721839985034
1731448,0.4270919637158507,0.47256394036220817,0.6302813791778766,0.6047029035200937
1731466,0.15146159872473836,0.1690102217506778,0.06751729839198271,0.09190996426334629
1731497,0.061724154179156186,0.07279765085752088,0.04719442059191454,0.02876188322981431
1731509,0.04395994892799504,0.0772681505841364,0.05039315490307031,0.026539951541745054
1731530,0.41362601190046544,0.5935868915739592,0.6056971214019481,0.5869502497686467
1731601,0.19027781751677722,0.09441842174487863,0.1536392933770393,0.13947410236779806
1731671,0.4249750778184861,0.34788329806811474,0.3550896306370385,
1731713,0.11366349885581177,0.2387648157306035,0.13253337126836442,0.1328598548898071
1731717,0.16925170421739302,0.1287437874711885,0.12134579228182645,0.12130481030761858
1731731,0.6615376257737657,0.2305312258761002,0.2605893274476189,0.08028300601271701
1731732,0.19741146322297165,0.1682810618975043,0.15991017301550858,0.22025895660550482
1731837,0.15425321474575332,0.4579294930777964,0.4614207148689759,0.10217682862070636
1731876,0.05941963486208568,0.03764256350080298,0.03574661159426351,0.041845547211518244
1731878,0.3511596004376575,0.3260875402431359,0.04766733932600312,0.2366488671911241
1731927,0.28525752294274015,0.1410322793345092,0.1392858054031849,0.09668288022026168
1732008,0.00978494411054677,0.03425951112847533,0.00677147071754252,0.058787411431579326
1732074,0.05964901780647475,0.07324620720239408,0.07484553186997232,0.08261107705058417
1732080,1.1635011227875205,,,
1732325,0.0,0.0471446064030308,0.0,0.0
1732371,0.22967814537944364,,,
1732399,1.1013841840462109,0.3515125584331136,1.104079831258907,0.6094908626290307
1732537,0.4847494367201277,0.6314758414952946,0.36693526106759383,0.059370662018505604
1732538,0.1593307730257772,,,
1732539,0.10790822323430026,0.287305716943783,0.5572824815415469,0.5458191307254197
1732543,1.2215311553005446,1.3191874069621392,1.3386551821958657,1.0580110446743531
1732621,1.2205159067106066,1.376810766409848,1.366402185227155,1.347378239544402
1732687,0.2747595386793748,0.19567137226121922,0.1965436632871681,0.1996095503133232
1732768,0.20360925383571973,0.1506072295566063,0.3602005796461142,0.25758774983567223
1732811,0.307290515410767,0.7337524538641833,0.764686529596793,0.115384917419024
1732988,1.1254930453934693,0.7238886626258753,0.9209438435406148,0.9036881727409959
1733082,0.04157199625587422,0.06644870470264644,0.038249481259729094,0.03745901714995186
1733173,0.10397176444216528,0.141729565584955,0.4552609486134754,0.6685783492632549
1733219,0.2339143691000751,0.20003721669421948,0.8224014102382156,0.1148642329348822
1733248,0.28986030182627787,0.2218645815654283,0.19436397632312008,0.1899846879563907
1733356,0.29007634647880814,0.21053375602523075,0.2218756307004039,0.12900803793198157
1733472,0.27969157378966886,0.1577857366602086,0.32124873532732756,0.142460591464075
1733510,0.11682746101138967,0.3491303183992967,,
1733600,9.921619260819547e-05,0.16494594956236608,0.5532069705852498,0.8870414253706559
1733755,0.10673936039402819,0.08936972716076627,0.14729837422680714,0.10182431996868847
1733777,0.25190786161935197,0.3447318814348251,,
1733788,0.10896533533043962,0.10370155747197017,0.05427199089859006,0.0438400170783912
1734341,0.15433193632041983,0.11978504706926453,0.07957477504572585,0.08790695718369831
1734398,0.14716028045399857,0.09606121402545931,0.2838647504572314,0.09237464532944227
1734460,0.10833055127524586,0.12248743741600322,0.10427019482089253,0.15872340942672802
1734493,0.21112170827570376,0.2422142579879639,0.2848975303377811,0.24760396118053593
1734565,0.4435788401568636,0.37233584608758563,0.16013998140200403,0.04972497553042145
1735057,0.0783187277834305,0.0575488147191346,0.062468575406397456,0.07428021589017889
1735201,0.03607136336277194,0.2749755354894383,0.0955346527531621,0.4065261164047321
1735445,0.24464772734711154,0.3829033067107861,0.7787117390693845,0.4432084641889686
1735513,0.057629667853724066,0.033849043702536705,0.10079556947182222,0.056562834712918904
1735605,0.06186920577111114,0.26735297865485813,0.11555076850777046,0.26858495752711586
1735734,0.5140745168562366,0.12079088435716485,0.15587728142014956,0.07875871281214972
1736079,0.04084744469908283,0.04900672945361003,0.3179769852764367,0.032189521140325236
1736225,0.9364736967526746,1.1118145019206582,1.02236744686076,0.9971738777976449
1736260,0.0461347902499127,0.06502062182486901,0.030596262615110205,0.04826660774157418
1736465,0.6755523619570987,0.48863550355856306,0.765539312957008,0.20573972356797274
1736648,0.7416366674700179,0.22176670775277563,0.34562235506873157,0.3411607352917081
1736666,0.16051592707880472,0.1454389007519479,0.10100223390328826,0.1074309345607329
1736736,0.1870429950514576,0.14876180610423953,0.12720360728696256,0.1012934665156142
1736852,0.6885282264833754,0.7917815083037165,0.6598913181092456,0.6866990200959887
1736982,0.21334835225832302,0.1620527159327414,0.22472993811636144,0.18903456924866968
1737088,1.84820439310628,0.27540363443702676,0.22977552679526997,0.32929358383279206
1737089,0.6106797690668341,0.5044496491526185,0.7675936500620787,0.1890804345644002
1737090,0.04233550604037954,0.07244850921699433,0.08169912525749673,0.03139199397906952
1737109,0.22424972516836655,0.3213539171689145,0.49835007855254787,0.2648691929886026
1737112,0.0911438261472777,0.17206830435096301,0.07187310580045611,0.049682421636516594
1737871,0.21490489922731362,0.21909923484902183,0.18671483287198246,0.16549911321573868
1737888,0.669555552205553,0.3882350458496665,1.0413186170138697,1.3600699476468194
1737987,0.024820967074032,0.03300507298377402,0.029737957039825267,0.06488728589222403
1738045,0.2631282193218598,,,
1738071,1.3866162665729598,1.589892333084335,2.2191869938213977,1.986445700554883
1738126,0.3470139096770606,0.781156041948076,0.6219246476098835,0.4362598621170878
1738560,0.3587544020112368,0.13929101426303292,0.6378651429110538,0.4273978565950632
1738720,0.21634917402628678,0.41391703159437554,0.21761255614661698,0.220700139895959
1738723,0.024481658279806133,0.06925401308362265,0.035402949122947246,0.022361518166228406
1738726,0.5648211774765943,0.5846865054720192,0.5569571567266558,0.5249825050155459
1738728,1.1601446937310422,0.11886686557719506,0.09437578396312757,0.13363948110319115
1738738,0.2165013289391533,0.41435642017803265,0.2849190152971649,0.36257079046725293
1738828,0.27050712487735473,0.1955270444362527,0.17019382140804407,0.01802939007110633
1738887,0.13573844258939335,0.22401891125674553,0.14573511927518884,0.22289989318817455
1738902,0.9779940008391371,1.0354595248974765,0.9391405355592127,1.281715742076521
1739043,0.18836659346807771,0.09539163234703361,0.14827080505190993,0.16126012390126027
1739439,0.1932158476249034,0.23744772940273515,0.20609321142206025,0.18781442530909853
1739728,0.2769199032709523,0.20937178311852236,0.29986487414424756,0.6781365559123741
1739877,0.07121608086154871,0.14690998171121214,0.05909719817145341,0.08806273486356697
1739878,0.06657291276903339,0.05574614659878285,0.11003251692271607,0.0857656119290199
1740053,0.05385926580291197,0.14990999236142372,0.08369499563096043,0.1301323396234255
1740063,0.01029097182441327,0.006284374112315406,0.0029280432411902435,0.011042989113354792
1740140,0.09068333161620212,0.08544920405246986,0.13142396792541977,0.12962303295805808
1740316,0.011707667475323414,0.009909860197984979,0.26972057735341814,0.006600234449815129
1740491,0.5935889982707201,0.4639523453061813,0.12543686449093563,0.08845589811252495
1740642,0.7753963637551358,0.3374004015070335,0.19223057877318817,0.1277190135988333
1740837,0.04999729646452763,0.023679414094091057,0.1100042286557534,0.12577368282009724
1740839,0.02518728369441149,0.02755939188943376,0.037544883901766156,0.040116797986444894
1740840,0.13760734357631044,0.0,0.9392975385740409,0.3450561869514495
1740842,0.247696017994879,0.3984334075550251,0.23687295998705102,0.09776646816696498
1740858,0.012736612700181166,0.0004393884421154163,7.470307391006048e-05,0.14681231441943257
1741001,0.49880767327872033,2.1986103094058143,1.2368879180108447,0.9314466657163502
1741024,1.223171222493595,1.4073311984097996,1.3090239354299869,1.276450751623572
1741044,0.0,0.0,0.19717368015696693,1.6316431281770334
1741129,0.20407455888199683,0.09319907389522897,0.17802102560123087,0.2355288597622208
1741224,1.2977855210950482,1.4233910637533385,1.4933331396280027,1.4154990932127072
1741426,0.12331509429458216,0.19986142440008722,0.12280558512607426,0.10236043056565453
1741619,1.1633654960061084,1.0223828666308947,1.3616916700526887,1.3326549010938018
1741675,0.4238543904376773,0.4298715561682359,0.3122060377214192,0.33287552707627716
1741736,1.4826307908717538,1.2242954635517544,1.1894481229012464,0.25029413526201594
1742315,0.06992948755905153,0.07058802982791003,0.1014015756778777,0.11582105876082815
1742418,0.0716727528990871,0.026795473584827756,0.05671251585368539,0.07948519725266039
1742435,1.3067970154261415,1.3441681716734213,1.3609631307752852,1.4970342052406806
1742569,0.6261241330449401,0.11841614838022817,0.31712524091641514,0.1944908869173357
1742647,0.15976546447005333,0.3080193014786729,0.11910941942975035,0.15691454021122547
1742654,0.29321444572939076,,,
1742998,1.4210220187599447,1.0086981651648932,1.272845617536048,1.260134797036446
1743404,0.21945791634645345,0.4411026698277513,0.3843622758463328,0.4400843030594102
1743413,0.11226827996019356,0.10668980628721393,0.10166271341898431,0.08270185313011738
1743863,0.10233796545164461,0.14693154486172283,0.09546999766154482,0.2872551118618485
1743937,1.8903833367914362,0.9976692442576202,1.4857382995471051,1.494835215527817
1743941,0.09951287687458021,0.2467555560675494,0.33020944951713416,0.4956399572750083
1744073,0.3580485420892179,0.6659370799669507,0.18770199995866443,0.2770355107964741
1744091,0.08455006307363006,0.23328721782842618,0.16903495967414184,0.38076131558106013
1744317,0.0962734224538006,0.14582612075028933,0.1553450457395528,0.1908377571154537
1744318,0.373891574477196,0.25954734675855307,0.6181544928460727,0.5892576485793325
1744348,0.07517641312856707,0.11349832287925025,0.08786223736247231,
1744349,0.13103061621546397,0.35165129349491,0.3569539896281353,0.18013675437991164
1744373,1.281709006194887,1.4158044389996582,1.3250096933929132,1.2495123095266965
1744955,0.0946003960892361,0.03174248950141405,0.04332336382310222,0.49951802863312667
1744967,0.07760043716430887,0.20206081434441583,0.22383569758463384,0.22839691774647608
1745214,0.05214005407586328,0.08885558732909618,0.1572593245741681,0.07826300628736703
1745796,0.24451088773855603,0.0453216819687851,0.14089614614505575,0.12724738924357495
1745879,0.24095786476019862,0.19148683799632835,0.24985303934965347,0.2906778428983642
1745885,0.06951162416378688,0.08275579795815295,0.11066221109354651,0.14776443092435457
1745907,0.8409896671552537,1.1002061810798864,1.811506990261993,1.5476171235556402
1745945,0.10847935903768792,0.333648483197972,0.10635951703146151,0.07658987516778389
1745981,0.8470718969969642,0.8349581275119914,0.8343737145345023,0.761694443655112
1746382,0.6365980593019577,1.0123206609208462,0.7432535905555423,1.4622628057842906
1746438,0.07260288356404979,0.21235055810980036,0.13958639591971872,0.034166104812199685
1746488,0.0,,,
1746810,1.015195140402168,0.9523482654328319,0.8015418720623966,0.6831999243586561
1747057,0.5068898778767997,0.496484501205157,1.0604391286494437,0.8037620991440604
1747744,0.03391404974240982,0.05704422234851085,0.6241327537282979,0.9725595455847587
1747749,0.0753002394398794,0.06462218700706986,0.08137843310065523,0.03638950967872116
1747799,0.4286877068120406,0.08326246083787268,0.05033860234001956,0.22900681550304583
1747821,0.1284915516032218,0.4719226735672055,0.14991526778290976,0.4296063170935927
1747888,0.4859192823168837,0.07913397664661757,0.4081514800631081,0.3351173291241338
1748240,0.6246744193230832,0.26899350410282397,0.6442971017151219,0.6568084899531692
1748269,0.06977917256907176,0.007954857170438886,0.40092500810053733,
1748271,0.2747582954147713,0.4615584039023501,0.05562115884902887,0.30026826786588
1748278,0.052945199087232324,0.19664691456461647,0.06319647412091832,0.031627233072739215
1748305,0.5949899679791478,0.29793700159809344,,
1748726,0.2397489817581233,0.24954697486618746,0.33004762017509326,0.46974477368699535
1748728,0.0695950665553796,0.16844938023674141,0.2547540059017342,0.026958477946616755
1748729,0.16490597935398005,0.22924433775053057,0.15040187978240036,0.1859568161060186
1748766,0.08334086741145898,0.051180032850460765,0.0705022743001693,0.03424278998260439
1748814,0.1280041923185328,0.48319734410714943,0.36440787667259744,0.12414603706149625
1748861,0.32035894456000635,0.17579922558905905,0.14435095503411857,0.13151280633950305
1748930,0.5190745883922666,0.24874377588966867,0.4471273336405052,0.16187686526323405
1748965,0.055804162458635106,0.06392783375847648,0.1899497850809947,0.21200521704266787
1749283,0.3498455263769995,0.7158474973112884,,
1749333,0.8240291901309017,0.7980394239258914,0.615181324642777,0.5145495461449289
1749585,0.19906507842289983,0.43533663206684947,0.18539981663314592,0.5650759567242205
1749611,0.34361048534168803,0.35444181004061454,0.1292162241278036,0.44733043436296943
1749744,0.16587610485545262,0.18264941636814158,0.35165246098362707,0.08843049056287078
1749768,0.14198745849087294,0.1664594365146337,0.22093651400382644,0.1395715747813287
1749798,0.31353276313342715,0.6160129556461654,0.538980976893986,0.18487336435415558
1749824,0.5564687677089712,0.8294345799153202,0.5485633887243596,0.3072917922703547
1749914,0.003571781180522793,0.18464866296596358,0.10750521083168393,0.15019266857007943
1749980,0.09214717923117707,0.6306473675812132,,
1750086,0.11448492717857432,0.09198861690253873,0.09408217795016777,0.04909927576629155
1750183,1.4351314711151413,0.6946405409474492,1.0790973616055697,1.4443561338356505
1750312,1.5872414990162629,1.4831994561760369,1.421148553620173,0.8890611508193275
1750405,0.07653884091655205,0.4453164855757862,0.16038524903709497,0.15174679741494568
1750423,0.04177239862955169,0.04695176273049519,0.07781888056504427,0.09981584480501743
1750432,0.6285427321354684,0.04642966560286366,0.8988137893987873,0.08572130750021235
1750451,0.07555804150122158,0.1519276909345849,1.0534758767469852,0.3072972314806283
1750557,0.3019224533366287,0.3709098431261648,0.30400422197945937,0.13383685048153304
1750585,1.1241404302021545,1.1681412767772195,1.1060121952236541,1.3185487748316933
1750924,0.584098173230585,0.6334633359672084,0.30883462251700117,0.3360576587497579
1751006,0.14683676243928515,0.2868521884256355,0.19310856505454538,0.16964173037368374
1751412,0.3103719958251954,0.41644752939070523,0.3071929676956629,0.24560848944002092
1751581,0.23019271427421728,0.25045562257469134,0.14467038614499467,0.19456643324455933
1751817,0.05688559647409353,,,
1752035,0.2060440123826988,0.843582143067429,0.133599094995754,0.08949948385689549
1752045,0.05454350466977675,0.06359528046985338,0.07929392552377358,0.08380673544411497
1752148,0.649640341884564,,,
1752212,0.05591243775734875,0.06959694961065954,0.04339386437919684,0.05410729534494105
1752523,0.9552182021071287,0.9254265468954781,1.2352863309179285,0.8991445402248291
1752579,0.4707277359766915,0.5501987160631309,0.1568852100716119,0.30789771199652827
1752758,0.09019819838363166,0.09568586669420054,0.47149263999060165,0.03491899892863673
1752761,0.39631781741458977,0.46238783487488905,0.36956564610044706,0.2905514202049389
1752762,0.11178845580776788,0.3551095374836114,0.11873108742714898,0.11880117822899466
1752985,0.6815743076780247,0.6415391681164931,0.6874482822509558,
1753218,0.4540129762184797,0.4044649934622468,0.23167400857849527,0.30499875702537294
1753219,0.10838559951704829,0.20256651096290593,0.21463666350181243,0.21357640257840907
1753271,0.029684422007027447,1.156161762875916,0.7823082560015462,0.5559623315545462
1753384,0.3149763271253157,0.34982177085852784,0.47560439118617304,0.29769254879339185
1753875,0.8938683027618509,0.888447609275872,1.012910522929306,1.0102501381165763
1754001,1.038400624898005,0.8888973988905392,,
1754072,0.0,0.0,0.0,0.0
1754535,0.6888086786891227,0.510477116638687,0.6516873876827399,0.4958155787710855
1755028,0.8439545144797855,1.001576555078683,0.8202630153714701,0.9284060697436824
1755035,0.11588029712474765,0.0013059217010755837,0.0,0.11928314903411161
1755368,1.3052845630406318,,,
1755622,0.0,0.9608321489307087,0.9834878526133372,0.8856210699562782
1755651,0.13281860294256528,0.08281243160976685,0.22695976783587393,0.19279462768550076
1755670,0.18703936476079208,0.5085530546781889,,
1755723,0.07320975180867943,0.038784335755120275,0.08307150245729147,0.07038513920338352
1755784,0.15593125355831494,0.17915297208093323,0.04629417491456199,0.36783227401399277
1755785,0.15720824402763342,0.05202385513977878,0.05870476170296102,0.034933287972021713
1755911,0.2037097350089327,0.566216212888175,0.37599345010876273,0.46019027658542366
1755933,0.017069877848767148,0.1384716163284682,0.08591106610976285,0.05662233571730086
1755987,1.5054226954466852,1.8618766304672496,1.7238935071476655,1.5300491361698227
1756111,0.901884420605526,1.0906147360479699,1.2253133628074122,1.1867844927740396
1756283,1.903610348350577,,,
1756485,0.6081780335492244,0.3314846645106797,0.04382255380563262,0.12673757239493252
1756488,0.4856826296535268,0.8280717747645977,0.17113347680415694,0.37833652693290476
1756543,0.17631610610004952,0.3755868680883588,0.19213787005680155,0.18629727569870452
1756558,0.3654276322267925,0.6483756638465595,0.6985705560965689,0.47262461322567684
1756695,0.051907352712154894,0.013795215819137854,0.035325087825897654,0.030790830749558663
1756870,0.800024587634078,1.6878832830783477,0.8605562993773225,1.1019662975947069
1756959,0.025183349397626027,0.1033493618069074,0.05667723313610793,0.052120660860887055
1756985,0.033604052825455616,0.015056340920600318,0.06501860983147313,0.006531208211735766
1757043,0.2743265360542421,0.3462931433029733,0.7321343320152122,0.508749663378202
1757128,1.2245907349436351,0.06858696755141071,0.06527367559759709,0.02855648358073017
1757260,0.18734158648972143,0.1841746651733602,0.11727436765518849,0.9360808038134772
1757282,0.45486731558271054,0.34408175757172815,0.24515098535351354,0.08093933591433754
1757491,0.0,0.0,0.0,0.0
1757605,0.5576687665567519,0.4396188793056014,0.4568017894729228,0.38756813787318795
1757617,0.09311610617868199,0.12370480682184953,0.15677189629609606,0.1963732995842526
1757706,0.26901435698899295,0.2061311049939582,0.39815788414439457,0.10111403547363955
1758163,0.6763061732936541,0.7630491940826639,0.05387913375303641,0.06659470514596173
1758543,0.22968031567570155,0.4519400261816975,0.299508239722248,0.3451445905894538
1758720,0.8263734983445185,1.077506735296577,1.069547991327607,1.1371297909051865
1759115,0.20590531249262703,0.23165269283370676,0.21391905158171226,0.22892618874862392
1759176,0.35160260719202385,0.578718801428716,0.3857282040499053,0.06536560931340583
1759236,0.12335089831753078,0.08013303706210995,0.06269795163452153,0.07219405106546231
1759271,1.0385798266059871,0.25012817052226666,0.14966842697964905,0.1478951452098755
1759320,0.22255194163836559,0.1654851578108177,0.2615206913249415,0.2502171513923389
1759354,0.2729322701960348,0.40363848076760256,0.48263270046112994,0.15983590266880993
1759364,0.7280716492745564,0.5263530088722824,0.9035076127690967,0.48951484629297504
1759395,1.4174235387043606,1.531525784315101,1.5313784815368687,1.458626182337482
1759476,0.22684999571641132,0.5031395993958713,0.19108259113762027,0.12138120437571842
1759485,0.10056404787366117,0.2621466168143853,0.09046695741185758,0.05025541080902433
1759578,0.1347598713595116,0.8705628986728893,0.46578688108286104,0.3936522513644194
1759641,0.03725606475861971,0.025962928145305094,0.04498866979855233,0.011926271161995166
1759654,0.33424148289736316,0.5755652372650777,0.26715275243206243,0.29359509686336466
1759662,0.6939608728608457,,,
1759751,0.07065004464853121,0.11122121397367467,0.057604942746033186,0.06089718893709205
1759760,0.12664330712308683,0.16307483850894877,0.04838710809455987,0.0451757188765271
1759803,0.09307963108454606,0.1504592690646047,0.16860615658486275,0.12802747990719124
1760076,0.4963605146573611,0.5339237732705978,0.8867656478653824,0.1855125940879584
1760145,0.18463900536399652,0.15414012533554805,0.13626415307523823,0.21006779466752656
1760263,0.4560352318791396,0.7374613155984958,0.4318535568375412,0.245709655771609
1760304,0.19716602736642272,0.16296480862269366,0.0328576663414287,0.05880923601415922
1760444,1.9963527653998008,0.24766676732718895,0.15435801820095246,0.12878428014497162
1760472,0.5313434008022034,1.2430645751150255,1.2273004462048798,1.4902141686740675
1760540,0.3243157416551777,0.36535094688952996,0.28691196592030394,0.774853848811601
1760578,0.42159581276863234,0.4540073549647746,0.440522277663954,0.2455683824258469
1761013,0.09338600490696125,0.15343842353858023,0.7605013550023995,0.9630239582737357
1761044,0.14789837161367372,0.1976489984719261,0.31557247918952575,0.050903529087099594
1761054,0.03451004708781303,0.03687583249068856,0.032508919358716255,0.03449789050938095
1761380,0.5078348438563492,0.44653399137690325,0.48723144233611665,0.35629747137617523
1761435,0.6612031261888647,0.5226729684315898,0.39143082631701304,0.6505443925921292
1761450,0.13739095335124682,0.3312365993642437,0.11804560079546407,0.17456128291462653
1761645,0.12461031940811712,0.150248841121765,,
1761663,1.1628481450155068,1.4938320105819463,1.4430992055904908,1.1906306869843628
1761742,0.045348324120801004,0.07094804393875455,0.057484811812395745,
1761755,0.18573283894713738,0.2427388954980506,0.20256227267869845,0.2559929515032713
1761871,0.03963766134037932,0.1789200994862629,0.0329321673617388,0.08301506628958409
1762068,0.1910812998069675,0.12403694963787712,0.0036525003173625897,0.20607672967156607
1762086,0.1725821133376787,0.2934438407289876,0.23550502229805517,1.907903506565964
1762294,0.019592256991281243,0.82947135742491,0.027618403680162808,0.02139880870158722
1762304,0.178572308405591,0.2344988461511952,0.39918586415989543,0.36569125975790917
1762344,0.4013283350135246,0.4619487295923854,0.517295863837429,0.3434390974356071
1762718,0.13924522043953277,0.10159442243633837,0.2636892144718075,0.09780755431182067
1762776,0.24842480868377215,,,
1762997,0.20777490652238192,0.1600816007679363,0.09922851830659499,0.06672717731544475
1763121,0.17888250177449772,0.31812284195173546,0.14409820727446843,0.10402679636760952
1763138,0.036083343296652456,0.0568976666767808,0.012188602190841025,0.05071730795259664
1763146,0.1321456294133614,0.17370196790090334,0.13942101707519028,0.15539884756077216
1763350,0.5082736875582632,0.18175709822569114,0.08294740066671749,0.09632318412233475
1763404,0.020520222133518944,0.13695673364937297,0.0561375485124873,0.03478589166252527
1763409,0.10654684767572271,0.0436225875978368,0.42796827846193697,1.3379867771767682
1763608,0.10213798798928293,0.12074672270873703,0.11537998106108405,0.07692719034117289
1763722,0.8755126451647048,0.21338753409015707,0.09394764915586587,0.8652080998575628
1763844,0.0,0.0,0.0,0.0
1763921,0.11305563806121136,0.1294339741083686,0.1280028698163337,0.08698809282371653
1764000,0.09204729912172262,0.10345044116823941,0.02561036914174986,0.03322390014146572
1764008,0.2384163362345912,0.4900122457756434,0.31996047850173803,0.4659527187779129
1764049,0.12428324958539054,0.1521277939912068,0.1970375775538375,0.1463267043066488
1764059,0.3409899319597566,0.657147465792189,0.20436343411383392,0.07152842711993566
1764260,0.2784821248501231,0.21938308274571666,0.23497315242509728,0.21868425375023395
1764386,0.01638891722550734,0.3366506147463532,0.17579527593344793,0.18558695549732082
1764387,0.1958759853468056,0.20799722198194995,0.23143605374007017,0.3062676817065926
1764403,0.3605900213533563,0.28999025106042303,0.326971999783984,0.4008975532229482
1764525,0.3330133477483355,0.075184596869613,0.1931796574262454,0.05617322260037889
1764581,1.8775685444067516,1.9748983914489835,1.324553282190816,1.305646007239045
1764694,0.13125945073097303,0.2044998119321824,0.10758185170281648,0.050300640155837635
1764725,0.5488179664900432,0.5881554668286991,0.517326180062979,0.534914729205859
1764754,0.33980420161348673,0.15318591923949773,0.31465517106361435,0.24686257180049923
1764756,0.4980243913363159,0.44793077053495034,0.750386829947806,0.12316768843256068
1764968,0.2799245334757061,0.11209140173515897,0.16908036036617385,0.1339308189836028
1764970,0.13107117896333423,0.264567245148113,0.0720933190539466,0.028033246258048077
1765054,0.017732616937999643,3.523870341285338e-05,0.26480758523655673,0.02072788142132801
1765216,0.18450485203278194,0.3230959361080658,0.16573867200650588,0.12710217145442052
1765278,0.5521525328287723,0.6428148121101216,0.8945363414017071,0.36683971748498745
1765285,1.3169466313903577,0.1872495365677763,0.05564083831156526,0.04351687066157539
1765387,0.194021240634113,0.16758736787453532,0.10735376260559577,1.074554611760684
1765388,0.14207981671939715,0.11130426404603692,0.13757340732107948,0.20690658520900934
1765515,0.09061169261039652,0.1377713848431528,0.22169783565460727,0.0648528651644041
1765536,0.06850563470912051,0.13700171514798373,0.03274178507815477,0.19690288920849747
1765590,0.06761505791999706,0.16194355252641207,0.05547938406374955,0.06860092874853735
1765594,0.05593029074383823,0.12577241113279392,0.07906849655578083,0.0719530210080371
1765595,0.16827728022957716,0.28472992775595385,0.12059078898458313,0.14209057936180144
1765617,0.4432685842657838,0.03952617766805575,0.8749748063407141,0.4502618948942066
1765681,0.2850036056842411,0.026717841173681776,0.041062272283303655,0.0
1765690,0.09331083608122535,0.15303900505296525,0.21426250786656792,0.11537491892282783
1765768,0.0864866173783606,0.17668697295007268,0.19403787839730113,0.24312279102014447
1765774,0.46437317657518384,0.3692708128664636,0.3391806805721513,0.46794047480282885
1765876,0.04330498660633391,0.06784455069978865,0.14466793212792864,0.11490992927927489
1765885,0.13492402213748036,0.09411611728451152,0.08169834352536938,0.07665613800399554
1765923,1.2062335387939909,1.235700705036319,1.1861349912510255,1.1678411953170527
1765924,1.025955041375155,0.9010672485387947,1.196378763341903,1.2514071746803062
1766005,0.03562046294465703,0.4964909277750103,0.6520776017213873,0.023465401630678402
1766067,0.03288197043604616,0.04033026556330749,0.025932541174942363,0.0355684932565627
1766150,0.22007063792217318,0.34331692575164935,0.33358428929619977,0.27560104676901426
1766156,0.09393647151687652,0.19268152286741755,0.01825763059465268,0.06395685139160644
1766157,0.11207232605181168,0.1384421396868564,0.17815136390521893,0.10601714542124481
1766228,0.08878240334552269,0.5145300634941239,0.7626823331721326,1.225596510652125
1766286,0.4768793855481105,0.23363317920574797,0.09542077958303176,0.10506623595034212
1766328,0.08082410719424549,0.0393700441733634,0.07892624306535903,0.04274320667293424
1766357,0.7190994975495426,1.8664611096685193,,
1766392,1.4305097190779987,0.5326460259691715,1.636368380192859,1.3418297660074838
1766393,0.5680068424602848,0.5463393200292046,,
1766504,0.12069551806139903,0.5720438404173055,0.36757724311914297,0.36286102559935296
1766506,0.18879546391428537,0.16968732295481936,0.10093470904993616,0.15345422034129674
1766509,0.32739778642445655,0.1727498549561252,0.3696612170402321,0.29192303752009807
1766510,0.17996556205061928,0.1619371242883554,0.1110529917981457,0.1276640650384796
1766514,0.21374668354950932,0.3899953199242435,0.19246784110088375,0.14843983737550315
1766520,0.2468988671494401,0.16586402153140611,0.17553469959145854,0.05382643123790845
1766530,0.2906557792537142,0.3074626959793075,0.3065807862074071,0.3213756523078329
1766561,0.3106917893828104,0.30117842407569523,0.2991012187959516,0.5009410233173751
1766564,0.08011179143223422,0.0983068131840526,0.12239966399722901,0.2041454913850693
1766571,0.13673779834752062,0.127384860576467,0.15776166558708096,0.06798403886659403
1766574,0.0,2.6883974915735984,0.7576823776266067,0.5787321329564183
1766596,0.034452948398604896,0.0012372342104182794,0.18071197844327055,0.039567971991203314
1766721,0.010239049124970217,0.022039536376330833,0.02987619488102524,0.0047361834089337616
1766724,1.303289482510696,0.4785198173523153,0.5647901473847416,0.9974147398486699
1766752,0.009533414298768273,0.05596206601049404,,
1766788,0.29140438678423175,0.3755267413543835,0.5369910097486819,0.2880641710678587
1766791,0.07708302008282684,0.060026084000802386,0.0787127461675478,0.8185489141985711
1766806,0.6502279769645948,0.5179731617084211,0.748175630538073,1.273229052335938
1766883,0.23139263794699602,0.1844335068864115,0.21321005819495473,0.04724008700978628
1766904,0.14157862034401097,0.15722768100688417,0.1205772269941576,0.20428896192222873
1766907,0.11909316046089022,0.13988764285024052,0.8616556560500019,0.32571791728650107
1766908,0.34323549802733655,0.18256024486634695,0.2234334168257922,0.10416761590536008
1766909,0.08690713751274855,0.2560650296113628,0.041719088038933316,0.02587712229193862
1766918,0.20839805927115485,0.1710876289190339,0.16299936895595624,0.0978094864545797
1766929,0.06832658311808397,0.1236509279240067,0.12523370919779156,0.06456445084210458
1766972,0.6222781794881407,0.7540379953076229,0.22151439830572625,0.08564916599306227
1766995,0.26546285743358533,0.31888753935969455,0.19297469201194103,0.17640259226281702
1767040,0.08971795704305581,0.0908068307449937,0.0914275131373586,0.06136616525833438
1767045,0.10053298715432271,0.3018561110670838,0.17989767434918227,0.09565757599208272
1767049,0.1211311366716092,0.0721264887039289,0.13859967413723542,0.09994198908965453
1767056,0.15389785454351187,0.16044481700538704,,
1767070,0.01127239390352245,0.017651245371494297,0.010003003829535954,0.027663315818490606
1767080,0.0216913460396574,0.6935675699508482,0.6738772633968378,0.8604100714223148
1767107,0.029758701094276037,0.04404497939626012,0.06642772100344024,0.0503011100471254
1767121,0.0386021193853768,0.051385106562840024,0.04583096900263734,0.06167378232524391
1767141,0.17867842115122345,0.28265424069808803,0.33332307771025194,0.5546273389406217
1767151,0.32473043014648156,0.5911830089463499,0.3855980681848779,0.4395066217656333
1767217,0.15564557130091733,0.032709863415707516,0.01022931234406811,0.023830524978394576
1767220,1.5312020785249727,0.24474744652059086,0.19866503528566481,0.1177587218737522
1767297,0.02642853052609061,0.16146694666343275,0.10676541348369248,0.21008165444158608
1767301,0.4794783403589141,0.09803593267369304,,
1767302,0.104455868486256,0.1726549413128224,0.12304302048517025,0.08832089002037033
1767306,0.144836941269974,0.17064991962603573,0.20370839533410368,0.11387104636268475
1767307,0.19890639038065108,0.33910831718720247,0.2693937390928544,0.24265489086485564
1767313,0.017573354789944907,0.14045126925166357,0.08352685349511794,0.11791982744359207
1767329,0.5577684754068363,0.004810770626010075,0.0,0.0
1767340,0.1628306402722739,0.1888712919336337,0.19714552445951183,0.1588592517994324
1767343,0.23408308308527814,0.20742889599850733,0.1999943756090346,0.06636691157849268
1767346,0.29282744283409307,0.11603870267173606,0.02479240000514545,0.07014615203509417
1767349,0.03728253671867648,0.08583953035348621,0.13745648077425568,0.14145617679664815
1767366,0.08342998697151842,0.09078909815538275,0.14780572336383943,0.3133121563621025
1767384,0.05354927085511695,0.05387705585472258,0.0648753539242134,0.05376992622105175
1767393,0.6790191950055252,1.0828062594694643,1.6488407904315665,1.7793536021770258
1767432,0.0,0.0,0.00963556848051248,0.009451963944468608
1767433,0.5467450336715626,0.8339343685544889,0.6465884365919555,0.43932048439424154
1767435,0.225763901743933,0.23075861484107432,0.24922946052976896,0.24058503843300375
1767457,0.21944441884815455,0.7840989300259862,0.2793534152308079,0.22013209084178384
1767471,0.5491443685858253,0.34779983637300443,0.6034268049820449,0.78416895198359
1767474,0.01858071230588624,0.31723668884972916,0.2866202174449292,0.016721048523743953
1767513,0.15590256331569224,0.16185350728281153,0.05794004913007617,0.058544415565466384
1767559,0.16013938042847986,0.13612830168836731,0.10263606294463709,0.10690537192182097
1767563,0.0,0.0,0.0,0.0
1767580,0.1846093677212527,0.22745055865663513,0.3799279340616601,0.5575543896433774
1767601,0.24575420543846638,0.48852097147567214,0.41907168656085053,0.04798903061022992
1767602,0.20558175847079505,0.3453153014676382,0.4104701894795937,0.051187649322563665
1767617,0.1763132430171688,0.48455424718311996,0.06284148439826567,0.10057822681820949
1767640,0.0014701160874836883,0.029093005975501816,0.06370852528039445,0.0513901237134067
1767686,0.018004207139310092,0.08947097889022844,0.2954698158197132,0.2517289405927727
1767699,0.516227283312304,0.28103597332847285,0.5067468336637334,0.31858894292438805
1767710,0.0372426643405488,0.18081146887044872,0.031591213022764866,0.06002520970279519
1767715,0.12839799237041422,0.2902622467584708,0.8895457641849805,0.3299836108704016
1767724,0.26434571662413153,0.15354784888961873,0.1447855118216457,0.022766175251655918
1767730,0.2501199230333382,0.3093289772168419,0.3933477902686963,0.37469099809728873
1767735,0.09519654377142858,0.044875023008912676,0.3074192955350886,0.10052204156367518
1767750,0.7292504740095972,0.7423410557304799,0.8517244875714847,0.647263815587351
1767802,0.24798933912236176,0.4242436213842743,0.16019746230857576,0.1860229319625862
1767803,0.38848331004399894,0.4803564811022384,0.4095327085076768,0.7367660007062552
1767809,1.593694036401348,1.3658472874238492,1.4364754781620603,1.2516651710830433
1767812,0.13136979888043787,0.045929981526111704,0.19859255320854657,0.1258739577066184
1767821,0.1862850409717345,0.2663487965330566,0.23213690099321707,0.2713458274412544
1767840,0.24992178580938296,0.4494630028370203,,
1767841,0.19954483449885962,0.12670684227320608,0.08784430058336615,
1767843,0.2753322810642218,0.14016107463591682,0.3703270181849949,0.2617926849235139
1767846,1.8909653591301891,1.6483963854469212,1.8242926301083169,1.2078964043746798
1767855,0.1078809312829681,0.20779793359422993,0.12118664242746065,0.12209182075063221
1767868,0.4184581837517154,0.3133634644747955,0.26436827051722245,0.26153574249576045
1767898,0.4891151595993283,0.07024115130371818,0.028899226994598348,0.31788293499973863
1767902,0.16206853349255554,0.6542759115550892,0.12287032960781614,0.1288838279863405
1767905,0.25329882684308097,0.8612065903194536,,
1767940,0.04739323349383223,0.47463727457419713,0.11071750337687035,0.9646553467192612
1767952,0.06952257997749746,0.08915913554720072,,
1767982,0.09837871449806607,0.21838122324527903,0.11723481102825027,0.0374564756448296
1767987,0.0,0.0,0.0,0.0
1767989,0.221397734958342,0.16706136648305592,0.27772128275115443,0.045764393593672015
1768017,0.0,,,
1768041,0.37468719144933604,0.3267149470688026,0.5312757059418965,0.4376455146956105
1768065,1.0080666951826869,0.2458806307999355,1.1011502353139095,1.1840194155991037
1768089,0.12050238909511722,0.05539088602826238,0.09066159243025101,0.03558488997056797
1768095,0.10564274749548955,0.15417807375483847,0.08045596398682894,0.06894504332853159
1768099,0.27250531186192084,0.262036129905172,0.23624320199090407,0.15672144405542338
1768111,0.9259888362527544,0.8706496757165575,0.8060315869975211,0.42495057608839987
1768130,0.15993053385090547,0.19042156251900755,0.07825064060753309,0.05587450603131723
1768195,0.5793852096865015,0.7343029273694083,0.5579989906684342,0.5117420120489461
1768237,0.5580286496336363,0.07692428564528456,0.052639394938160625,0.08419243766759506
1768302,0.1268070187977245,0.195742838636401,0.1167926294814951,0.04288948757463589
1768375,0.3210625445359406,0.3703836690617723,0.43918079368539215,0.4748553483707267
1768635,0.9972483250590268,1.122339131052407,0.05338155514535523,0.127482882430018
1768757,0.33770761768519186,0.49274587934458586,0.31290160388305305,0.26926424661773096
1769031,0.3697403626357869,0.12018807726215945,0.49816950989155173,0.16963850995728974
1769062,0.8960511440906831,0.7820778839468846,0.457379998239748,0.4675427130738481
1769063,0.09744040983263694,0.2337100680286427,0.2680066054835169,0.09796408265375775
1769089,0.1328944200742815,0.20475897158752818,0.272602918593853,0.24947372879365465
1769288,0.0582083180669962,0.03314295925492587,0.02233263741805958,0.09537670130835806
1769302,0.5445313956771827,,,0.29035268617962867
1769456,0.7570363462110974,0.7323387778415714,0.7813381532590156,0.474741000391202
1769578,1.6834653522368053,0.11896267472160761,0.5667943976096472,0.975909544182366
1769646,1.5565562158464732,1.6088202119301933,1.5091092710682852,1.5460574452261089
1769700,0.8982507906150277,1.0155112444916266,0.9829975679473536,0.9147461997157479
1769704,0.14741104861053708,0.08902739530583345,0.061825847895051245,0.03034526563872569
1769897,0.22156123144655254,0.2163330492195673,0.29715058602526256,0.22803617297279158
1770120,0.27959720560027773,0.2225079218368752,0.1881686423554595,0.7830252787385643
1770525,0.03826225064492204,0.34316393985736715,0.7676010587952382,0.7409214626202787
1770532,0.24806357074431168,0.3867541265519876,0.37152367287459,0.42605355323942545
1770632,0.04347217145507122,0.07922941548933334,0.08475648583674819,0.08459323088690252
1770710,0.11898771297498298,0.08070149989903194,0.08068525826535335,0.13682964072217862
1770940,0.9984183951060241,1.4993664823182522,0.3938301048115424,0.8193605290179793
1770994,0.10579338552182761,0.16418910908882595,0.35130032308662223,0.2998015342411348
1771067,1.3854859997440718,0.017120300125122927,,
1771122,0.4631819768158827,1.1319539432161747,0.8775921091578937,0.0
1771169,0.3131704737363019,0.06794224894260403,0.24530864558145943,0.07946559662288469
1771174,0.33271665649928905,0.32277630797392304,0.9243177710002968,0.24929446585085013
1771179,0.6611471889337385,0.3778563907115431,0.4577814887228861,0.33286498119511354
1771377,0.06532633245215465,,,
1771444,0.0,0.0,0.6764765495387915,1.9086205176811057
1771524,0.48955624123690045,0.39501623664903723,0.48101529236200097,0.33097214713084716
1771605,0.09171079593092209,0.2733825587731303,0.08237893525471522,0.07073025202844009
1771673,1.2117726687925519,1.2207157194580167,0.8958414131395267,0.5700852139433842
1771687,0.13915962867701967,0.28406296949352344,0.193915171788643,0.15219694478100382
1771944,0.990871121037394,0.893289931222451,0.45550874515501827,0.635053545711033
1772031,0.13825621924173773,0.21650294304180281,0.14398172305681015,0.09734259775947875
1772287,0.0,0.0,0.0,0.0
1772583,0.0,,,
1772715,0.0823595204630936,0.20826780025278313,0.42506759790371995,0.2686694446955288
1772875,1.292845411935273,1.3982531151349913,1.4424028702357508,1.3662198154498693
1772937,0.04258444868625019,0.2603822069902962,0.3588980745196857,0.14727341468941876
1772940,0.27778096782544914,0.49917382254729425,0.36747858529598093,0.17558301801954787
1772954,0.22758766381113965,0.3004036032846495,0.1919662780425434,0.07393997870461111
1773195,0.663001830868494,0.7346997707236713,0.5678831875094825,0.9054290408780182
1773205,0.22062576818110902,0.14460854907744974,0.22367679384996958,0.12040075189214976
1773206,0.872928134911546,1.0673989433178228,0.877474850181859,1.0414130012358178
1773368,0.010066033326745761,0.10704671948433209,0.01199604954644021,0.014435431289940853
1773830,0.07122782010765358,0.1207938910903113,0.043290139100906476,0.03908719460806523
1773994,0.049094044560569976,0.24366517510598237,0.17591571010269894,0.31916044089353907
1774086,0.0717788538009815,0.2143324071685481,0.08933930795515375,0.11395046738082518
1774087,0.6811861036916401,0.4977173204145816,0.46607843477950434,0.5270105360493194
1774207,0.08157981724574913,0.1255113986648384,0.21023727093384123,0.1509679556157837
1774343,0.1027271037500899,0.0752509800226458,0.39358417519319444,0.19051902347259653
1774437,0.10091616153757636,0.1672553712495451,1.0210593627822877,0.05859984911686873
1774552,0.05270211192684207,0.044970756842884034,0.043598393265448475,0.03176673840558819
1774727,0.02248811568378116,0.055242786003966975,0.16302248194437885,0.02745100090402296
1774879,0.5873400736662702,0.5787252344790068,0.3773601356288094,0.3419232504895962
1775053,0.9781480986726458,0.6603751088647917,1.0698524797772568,0.8320971402434517
1775210,0.147083793556344,0.14215627912982653,0.13558415233779642,0.14202477376375192
1775321,0.11966605581069166,0.2297801503898952,0.10387412277713085,0.09917354223875918
1775391,0.1341149399220665,0.12308578689616154,0.09327743918707083,0.09281667682268137
1775446,0.2578117591050605,0.14824317245470456,0.24813909564856185,1.0492330165816712
1775530,0.03861152659407783,0.06850111979573902,0.08038430855108807,0.03769237784078805
1775850,0.07307856438314494,0.08490090210988849,0.11284737962058583,0.07013085009674988
1775863,0.13441356672381397,0.14938900212327952,0.1683519234017677,0.14949715908213876
1776023,0.7012898691116547,0.47485684363364833,0.4870269246809774,0.3491687342451685
1776074,0.15956138185719596,0.1942629519439141,0.21172396916835332,0.12198211821211163
1776082,0.13771379156066338,0.13906035566728978,0.13993912709114784,0.11054309728571829
1776090,0.5164977140888554,0.2615436403516211,0.6749337608939624,0.2787716720911423
1776290,0.1500987375392171,0.17703239208487742,0.12398229644490842,0.11333897319542313
1776296,0.1194855450972378,0.10503265045480367,0.12434007695047225,0.10706861085015812
1776382,0.20145132115523226,0.2826301818833168,0.1741998394854472,0.7609360021015111
1776588,0.13846407681705075,0.1352901149726642,0.09907898900257703,0.07530159693160299
1776701,0.9274663433193937,,,
1776757,0.23219666146154214,0.2756541444314807,0.03126525400786721,0.03417213428562707
1776792,0.23652703111518003,0.11262401504106881,0.2169281722076917,0.14017441353004986
1776821,0.09084384077539391,0.42981754565611935,0.08244705253427762,0.4190192121974776
1776878,0.44042172555312475,0.18342203562634932,0.1498993139124032,0.18731405113391594
1777015,0.515262083381639,0.4869985269343361,0.5573537064261093,0.6487440793552849
1777141,0.6687247814234502,0.8294305506294963,0.9170534065369664,0.6649418285764579
1777469,0.15712694548139633,0.27202421657321657,0.40673728083296135,0.26636378664962584
1777734,0.59609791175043,0.8645301149093444,0.4428149655730684,0.18387736962494844
1777813,0.5805549104016273,0.4519708960238101,0.8027683080732881,0.8398856051475022
1777817,0.2579458291979262,0.21337232661415748,0.17644330468454503,0.10388776150385672
1777914,0.20025620603952762,0.06307447589241211,0.2683362240786699,0.03886514350793743
1778131,0.3323701439690165,0.6199363133831571,0.3253797233845526,0.2850056291730901
1778185,0.24864864809909903,0.26715110741842873,0.11448205373987269,0.16434536044838835
1778253,1.148372142625792,0.5679177297201723,0.7877098339215708,1.0774433413731535
1778536,1.265176574839378,1.7517170057927722,0.5482011623180271,0.5547942035212922
1778719,0.041217243919457386,0.2231875606264749,0.20604816917810406,0.007985394653420106
1779040,0.24807671193898473,0.16206532904035137,0.11769228056049312,0.2972437499633811
1779453,0.04918969149245941,0.08566224710827684,0.0760674477195554,0.05859863621542916
1779763,0.8834681312353566,1.0253301945207487,0.9598190296953466,1.0016092566543058
1779789,0.22259150541083814,0.1399753472844789,0.12081786721718704,0.11367946446461782
1780055,0.12175513565122538,0.17517416925150678,0.19592878526277255,0.11717657326803903
1780330,0.3253064521817374,0.4151325614697961,0.7651357559450331,0.37035516952498737
1780365,0.5662129131583487,0.8713428187578379,1.005212972477476,1.020357655169995
1780507,0.5307687355142645,0.46590469863782774,0.32954688166856533,0.6074336880098564
1780565,0.10550896775135406,0.02635006720109952,0.034445699905233364,0.09435327783079617
1780570,0.20016565138396974,0.2503910995643067,0.30562289777638385,0.12607140923590995
1780607,0.15164145914697297,0.43539518387254816,0.8575210400705587,0.3578504433403403
1780985,0.5170039199699755,0.5565947661742124,0.3966708275441256,0.4773777702347207
1781002,0.07354130102019317,0.05167778828904902,0.26371696383811033,0.22566080710727326
1781284,0.0306005737781482,0.04236253388457413,0.06709595793804081,0.02806115309436265
1781880,0.12296582055499394,0.42344231737223215,0.2879044640308923,0.29732786429243696
1781882,0.3365678448057772,0.1555941778700616,0.2778385762540576,0.2152304726216557
1781942,0.17736616034820632,0.028732593378405166,0.11807707350998164,0.047842126747938064
1781948,0.2097261768255601,0.43981204334583557,0.07570644010692601,0.0947979915481892
1782124,0.27788636429973923,0.366073242862073,0.41849446386383937,0.3309423828892295
1782126,0.7342825519163295,1.1858121913120816,1.554915419451023,
1782491,0.04922472986177616,0.1913568800337743,0.3168989323177015,0.13990505469107006
1782539,0.12816906959587127,0.15597221196415123,0.15880962440835084,0.057266028557632576
1782866,0.20649679799192425,0.004293006004669939,0.022607460471496792,1.4562640822444608
1782974,0.20439698434435302,0.24512651967851362,0.5085026681965127,0.3070394464350515
1783139,0.3764914365930231,0.6163450289167716,1.068007065586593,1.4118363108116756
1783412,0.08682564583652823,0.08285261493300274,0.0650605065715295,0.08338202539013835
1783464,0.0,0.0,0.0,0.0
1783599,0.057539926190270714,0.10072079804054376,0.08332317826960106,0.3559407576215754
1783773,0.10514982922403758,0.16726850577823907,0.11086714312300579,0.08406817320356119
1784235,0.34584768028531276,0.5523818841719245,0.4811704231655047,0.3196307884442906
1784260,0.054411644985229206,0.14588265149643634,0.07096496944015108,0.08425546026346965
1784277,0.10390443702482072,0.055443040145869336,0.1700924784505482,0.04979264642374253
1784450,0.12527056827189348,0.128338712687319,0.12059086996664926,0.09264050630125892
1784547,0.8500287591785325,0.8851261463508387,1.0561683780809208,1.0145447800741967
1784777,0.046680699171027455,0.08331040171185215,0.40354333536041215,0.07978807993318114
1785144,0.4235518527852747,0.20550163389044246,0.10008270039703765,0.3884505751419607
1785445,0.1477647849862847,0.09487589317564171,0.14180130615744965,0.1360644650755979
1785453,0.15736161605219356,0.13882740560306855,0.2554454675835511,0.5740991271817202
1785498,0.1393874946295325,0.6556025100548972,0.32225731866751145,0.0998841814410291
1785545,0.010064326198238221,0.008009109519670182,0.008569293967705803,0.007184722129518983
1785717,0.20773785548351112,0.2336050612203687,0.27877605352087037,0.13326657938452022
1785988,0.6859839486822378,0.6718908170248747,0.9148684638029733,0.7826634741741167
1786241,0.22489558704789875,0.6182226636754246,0.0578535569633818,0.3289638182709906
1786379,0.5211268945581458,0.08044887483478823,0.10264757451665227,0.5795000866507352
1786411,0.1739861031104756,0.3446871218175109,0.2969301803816203,0.1797039043810703
1786767,0.10899370868663248,0.1803936224651427,0.14649420014352785,0.22321271778562496
1787027,0.16436254569307476,0.13657742678053464,0.2339193934566209,0.07719964139725306
1787125,0.1065586839005538,0.17491538407084326,0.2578413662908964,0.1096842021628244
1787147,0.7713298771937565,,,1.0269471704837714
1787258,0.9945067035604903,1.0454032117912833,1.1064171107728866,1.153000276959603
1787274,0.25218202129936795,0.15469648162255623,0.2335669915109793,0.11790580923154001
1787423,0.0,0.0,0.0840824507344724,0.5332663144676054
1787596,0.39736646476177645,0.47495097290374344,0.3684341188041806,0.332330958448312
1787663,0.19258723686676787,0.15884706797157885,0.1384291908202065,0.3058933883283023
1787727,0.0,0.3829396672811168,0.0,0.0
1787862,0.0,0.0,0.04294171432174827,0.0050349678205828564
1787893,0.3419327673212204,0.32800889617431345,0.5151373655009188,0.5262140426669032
1788241,0.09240383498279317,0.12794387813951683,0.19391332171469255,0.06129061291109348
1788330,0.5404133688205552,0.0027546957265838215,0.1487183485666572,0.14954125231831827
1788558,1.4252485468220155,1.2021686239463976,1.429452385976697,1.2047705650400173
1788587,0.056768020074763545,0.050384069524306095,0.04505183909478064,0.05515624993861689
1789082,0.6335248131795864,1.1194344395870872,1.0129825781261979,0.41211798949739564
1789215,1.4857096731204562,1.4842333759643678,1.6562968691268432,
1789219,0.35613383356309297,0.3123632383443328,0.12437708899579673,0.03953797199831306
1789351,0.1667298117991438,0.4867764124723331,0.030234728676653198,0.05819425404991381
1789382,0.07412438070938131,0.08066700928458484,0.1373566220560725,0.14727804790392524
1789778,0.400853351964232,0.4141337164593269,0.19211090262967107,0.4225250013927549
1789779,0.9180519634290994,0.9772528509710351,0.9338922553530326,0.8857408069496604
1789908,0.008737096529579002,0.10202799213443255,0.0,0.0
1790295,0.028127763391381816,0.02726734636466249,0.0374262009769741,0.04781360643125879
1790525,0.19575756024331034,0.33699629132717884,0.3135979673958867,0.2923918440790648
1790548,0.4374987136847668,1.083152766406084,0.6724830767844671,0.6404794974105275
1790604,0.18348053177683357,0.3203366606955613,0.20589175051744676,0.36254840340484823
1790688,0.1480254776392292,0.3142917124214649,0.13060406867451776,0.10958234518364394
1790723,0.34281892668960917,0.2456589606224528,0.12040854894213751,1.38007625307357
1790782,1.3120131768991383,1.2492517317148393,,
1790837,0.008930048334259073,0.025808188758910548,0.008592332887647365,0.016370354368037306
1791002,0.1581354409495592,0.2093612533768355,0.09039493042073807,0.12035263024563052
1791126,0.4276068505379924,0.09961769954556578,0.16247860548162474,0.04355290733635719
1791468,0.1835708764579506,0.3076697410025812,0.11745024725591575,0.7342234935633211
1791555,0.022061662228842042,0.0731893062935297,0.06452512285729162,0.025632554446776253
1791786,0.4948236988354065,0.19414474978658341,0.18609036348500663,0.20752387128644798
1791803,0.025485661394175574,0.016861797241155867,0.26342574718941164,0.029660570448163587
1791827,0.6354203902212107,0.7394977651002047,0.7289121418916572,0.741057720757357
1791965,0.2573609574134587,0.2905125804289826,0.3268467624417172,0.21666469724447246
1791996,0.05981917278909569,0.10484513018059845,0.04920303766056677,0.19970896509605798
1792126,0.5805544470467412,0.4478982493946316,0.4350887832120045,0.6827673531110473
1792206,0.0,0.16348646834517574,0.09799394309707395,0.1071169865075882
1792207,0.0,,,
1792283,0.1737176558412709,0.1476247092015142,0.16949807561545646,0.08742810929281661
1792397,1.2573423597509918,1.711997858462171,1.6450044052046515,0.43854036365017474
1792430,0.2670204080057286,0.3311894993428857,0.1783333562431515,0.1607343051440637
1792460,1.1591402212935862,0.9117663271009385,0.7897860207439881,1.0829762018773879
1792510,1.290530363601343,1.0388452347904424,0.5295951546198165,0.26055069196242814
1792565,0.02121514139466013,0.03005979147876602,0.03283294380626453,0.02933261244471419
1792704,0.08973968688487667,6.046071477042412e-05,0.22732927537815134,0.16549735139994326
1792851,0.01793772058035973,0.5369003897460232,0.08490867961659802,0.14897547578083728
1792942,0.05649550699416284,0.20081939069969748,0.05595129387842326,0.10586225610503773
1793269,0.09049822802223621,0.1156585272028643,0.09845378706175767,0.0802718841681165
1793367,0.18534589811312938,0.11129346827214026,0.208303599158395,0.2647500826272363
1793399,0.13202218415580497,0.12375421903063621,0.01195140563504675,
1793432,0.08481740244599151,0.37056048749820836,0.10352993202381462,0.19005452942706558
1793691,0.20717602118686573,0.26748099525237023,0.1269628600172211,0.15677663672048356
1793755,0.09230195184278406,0.2133914035345775,0.16066308435903925,0.1727943048334439
1793904,0.18741749499685856,0.21491148187005737,0.2500741967198265,0.12835881864313503
1793923,0.10937035624471289,0.08916461697925065,0.11807489131373212,0.1959568291623525
1794034,0.08981521211504156,0.24990028714327286,0.07825710561816804,0.16889310234435578
1794153,0.06297417614521908,0.09480074740201581,0.10234589380829369,0.07403838209900497
1794198,0.13277315226179479,0.10922056749398824,0.18922997912825168,0.14566115433606538
1794467,0.3515948147095759,0.581861673238791,0.6504995601118981,0.8217887369964078
1794499,0.10137163823823249,0.13844513001088038,0.19933824739904668,0.4840601394063179
1794543,0.3410084847755234,0.17178878945331683,0.08999494515269367,0.18734846720263332
1794820,0.013751936072136426,0.014117118434068732,0.06403996886387875,0.03203601598916227
1794935,0.15485889378082224,0.25832365396099616,0.10197926737892749,0.09605587867615953
1794972,0.21356027715874146,0.1821731366045896,0.2549702932501394,0.37097273728104757
1795097,0.4942695832900965,0.41000318080471587,0.37065779088977774,0.2940379816199481
1795173,0.12747362898659229,0.16643553106406075,0.15415305256885714,0.02621001777335279
1795356,0.07897144258223225,0.05300243506064842,0.15003618226171195,0.0898844858201159
1795487,0.0,0.0,0.0,0.15047676420826722
1795552,0.8233941829969434,0.93800457077125,0.24389601281605436,0.06641237211646324
1795594,0.0,,,
1795816,1.2108689355174915,1.2703465806704852,0.804724615045105,0.9118652982053913
1795934,1.6117707183765648,1.0023398250978597,1.6514499784905212,0.04250905671372627
1796409,0.1057995541712465,0.2874692196316543,0.20297439117400812,0.13324059992759194
1796592,0.7155292524674031,0.539881783139065,1.1783404158434405,0.4623855641283864
1796651,0.1636276442641961,0.2541348631437801,0.2559924801462864,0.12372574296819405
1796874,0.5948610637279208,0.13952677544557268,0.1321936930768343,0.08273350436337205
1797135,0.07715381615559296,0.07048795667656992,0.06966072708026552,0.08991449521302128
1797217,0.7387497698752776,0.21255780270178043,0.568490628374154,0.3629660993822978
1797633,0.12226497809139909,0.266557567734962,0.1540354978075668,0.0011103253225086265
1797678,0.3095033170504188,0.21446699832119204,0.15445688543025068,0.3162750104107543
1797734,0.036013930093982974,0.5279371286654395,0.017852916062724974,0.06508355829455952
1797873,0.2403707163382305,0.1532787216642877,0.5044252417975102,0.14179059631345683
1798172,0.19315498187229724,0.22787560833768578,0.4550494405869408,0.6993763635804416
1798221,0.08848123932379959,0.46015714541630887,0.39850221009183395,0.5732437801296127
1798367,0.05859584709870714,0.009537253050605581,0.06541640408982835,0.13333039781850206
1798485,0.10935594818161917,0.18856292711355396,0.10132102371252295,0.12483658954218052
1798736,0.108032906313942,0.21803510106004828,0.11825800993030385,0.16088014742358012
1798756,0.15011405643929548,0.11055519054721276,0.1343019954079731,0.19544300403146506
1798849,0.18136551163765222,0.29486968291007165,0.18743592648474033,0.2172151432982614
1798860,0.05414865365411076,0.42519608998882114,0.02411646617673476,0.22887138260763126
1798923,0.22983487157884205,0.38794314087957005,1.100804026427342,0.3722837275461188
1798924,0.1160427423226914,0.1375452958787338,0.10669926065519263,0.12351250503889162
1798926,0.10774588830978465,0.1964339141153683,0.09876698203615188,0.0663855847215677
1798986,0.0808271155858358,0.03308869597006689,0.06367247138705584,0.012887185820496522
1799054,0.07735763969983958,0.13295174025280881,0.7071788507126315,0.0661484440692296
1799162,0.0,0.17944077244934317,0.0,0.18798765571164425
1799284,0.03759997134555273,0.43017292873799673,0.02818099436215801,0.04844189554270483
1799367,0.0543501149769988,0.26197677338825837,0.03288075111631592,0.10452204055249859
1799425,0.05981294061707378,0.10048687361035533,0.06277806520910288,0.039927536797011894
1799435,0.1893123349589991,0.1600962030142845,0.15090531879660948,0.05475788431349538
1799456,0.7909067268585609,0.766777240435743,0.5894004859480173,0.36674098243574277
1799478,0.0,,,
1799544,0.35584575486391284,0.20767705905082695,0.21733598503844073,0.19245022546500848
1799677,0.676737782636891,0.306737270082826,0.37278109643313007,0.12680095323090934
1799719,0.9671832551272516,0.706365895689662,0.6499367209608061,0.8265909860436432
1799793,0.7322696311025871,0.6818526706812701,0.9066853005884423,0.8189401409802217
1799797,0.17773268933352293,0.0742377569189083,0.1362469072841281,0.07904387374237873
1799802,0.04269313900212362,0.0942629605257008,0.003272004270067701,0.022869921684929986
1799859,0.04273581686249333,0.09323014231802546,0.047472254481836375,0.060397032118211555
1799877,0.09374141904542715,0.09755541057193118,0.09258210626559049,0.07679130169820542
1799883,0.14032113078613176,0.179203282629309,0.6246549026325223,0.24087970282841142
1799900,0.06564642032503808,0.13737963492493493,0.1682452894763008,0.09506820281339821
1799957,0.5755273270595526,0.09395604178738219,0.4592819995500478,0.07702821150680836
1799964,0.06753118644336435,0.16855167794266854,0.051637107762600165,0.08614469314529119
1800135,0.21170799125252468,0.12233278239223636,0.11133272588212044,0.1464227715407835
1800158,0.06356860487274346,0.17055893232918728,0.10853157019408333,0.13142576854520555
1800217,0.02107682210379752,0.02280803385914349,0.022804873472489193,0.17750256790224347
1800234,0.15866941927336126,0.42756849062005176,0.5150047951070171,0.1403542858303472
1800245,0.07025718131159898,2.3848747388446196,,
1800249,0.19503884745700423,0.38764325712760284,0.4278522688205561,0.26769212251282115
1800261,0.09047673578121662,0.1649017761271074,0.4402157565115014,0.53559284084271
1800328,0.2093317013655287,0.2649273565970869,0.2774335868209695,0.1974778733730282
1800358,0.1879823535528382,0.08566617493561135,0.2172867024327491,0.07613140000250809
1800369,0.13912864548187803,0.43165227245126403,0.4742058970911364,0.15233780223242868
1800379,0.1268558458915557,0.10634573902513435,0.11012976440834936,0.16502213735687932
1800453,0.052631650064903446,0.6243731991072276,0.7684266447389946,0.5583517383640432
1800465,0.6290346322697745,0.10740043232807435,0.09582954002055137,0.14296674443854046
1800502,0.26453760432754614,0.23785831575996616,0.15522657590350963,0.09994299879775694
1800513,0.15378409226485165,0.14478763397251018,0.08667346006100318,0.09493282798382399
1800533,0.4000352623059937,0.6251289234523641,0.4591062278133015,0.43541443254296874
1800556,0.11517537838737812,0.12027310250408567,0.08581125598175507,0.09131739971011497
1800586,0.3429279683941613,0.05514816834528482,0.25136513357558526,0.020167052008464137
1800593,0.21124837214715902,0.1907194351122735,0.09094023788940153,0.056526096410742
1800597,0.07533162827565971,0.07659502304703557,,
1800608,0.20444000086720596,0.20093934905699207,0.09891083692864895,0.09559097334377153
1800620,1.6367482704995433,1.7622105269196293,1.638272755017543,1.2099588173813591
1800641,1.3679920280402482,1.336241616545042,1.1871348868106564,1.0817245182712572
1800687,0.26757730129776836,0.3737751362841128,0.154830814694638,0.22942711525234075
1800692,0.25743414078874444,0.4577735503643845,0.1788824749739603,0.2869003273163082
1800745,1.3270351505354148,0.17186872239363807,0.6563198734884432,0.43299893980510445
1800752,0.2875793824655528,0.575120667156389,0.14133427433082532,0.24020946710621655
1800798,0.1966385776218253,0.22242374594544936,0.13783069095974093,0.11666421928990986
1800911,0.03482798370073403,0.05911327507514316,0.06104673734456572,0.0
1800913,0.08511665235534739,0.0729346667552402,0.07910780573752406,0.10412542479260405
1800916,0.12868697339507895,0.06759502177198634,0.09305232013760338,0.1460566135718241
1800938,0.1982189504395348,0.2277359543723513,0.15784313888410265,0.11565894626276853
1801097,0.09568357023686037,0.08786992586377408,0.10539220393821289,0.10553684703908511
1801101,0.04923191940158163,0.07223042611885376,0.13230656532100307,0.1269920075298285
1801107,0.08506050836126988,,,
1801112,0.11073276106314522,0.2892501981634634,0.2872929663455319,0.2127978073617285
1801145,0.09783445874620353,0.0807636971292913,0.1848110506818079,0.12922583643722155
1801172,0.5568524384804993,0.4655958089438826,0.20582432535769843,0.553606219512942
1801182,0.2366048506440413,0.0018646348733123328,0.00016285821115648302,0.00014041051104905146
1801184,0.2443243101813149,0.15404709578443732,0.10791219515542697,1.5769414547102143
1801241,0.062087986055888576,1.8799404821292565,0.16482642787694057,0.037489447763273696
1801263,0.36551341579006796,0.7074115949770625,0.32647717587847347,0.22345280988463032
1801264,0.3624496059388253,0.5018427909866084,0.46388617101305185,0.3841354030477569
1801265,0.32359418214507635,0.4841818984744731,0.41252902098049027,0.408900565505812
1801373,0.0921497912084404,0.21019411129321508,0.08515673437147944,0.0391111498828102
1801413,0.22431981283853475,0.2041308788842563,0.32722956292983035,0.13892415160016436
1801467,0.21429767295223612,0.2953272767553303,0.32864383381641354,0.5071607619323784
1801470,0.11154576055700414,0.05600506575935873,0.010258168698152922,0.03422084335773534
1801507,0.1122107197921694,0.23122917998864104,,
1801523,0.31943884686458307,0.1426277973135353,0.7215162380329523,0.12153400398966265
1801547,0.37795140428415647,0.260283964469874,0.21540653307176102,0.35335360001625643
1801563,0.07910236048579801,0.14312325081752011,0.22507100649128642,0.10521925220862051
1801573,0.021274802852688148,0.0710607881044332,0.05792764442473892,0.014797331460117429
1801577,0.2693194978894768,0.08806988488937612,0.10077521595954483,0.0
1801583,0.17419832727275322,0.11866685842731244,0.09128395001418622,0.13165439047619204
1801585,0.6255812530386858,0.532668108225978,0.8845967391388647,0.9939004249220532
1801619,0.0317335255536034,0.208208085897193,0.04127651937063165,0.015054168905170471
1801634,0.3599536237850801,0.2008331597036112,0.09710328929069982,0.089689728037747
1801674,0.6088003357229412,0.35072308241003547,1.295693382082085,0.8836532286877199
1801682,0.16188239282351408,0.16906244073757246,0.08085958176314816,0.04520896664178742
1801720,0.22861254649988622,0.0017079981007943707,0.1851011698261069,0.0817738839206803
1801792,0.04613790779055045,0.054062877783183375,0.03452880681321114,0.08397709573186908
1801811,0.35114471689260457,,,
1801846,0.30792155342620037,0.22631688060660077,0.30541631002759173,0.09402931012318189
1801857,0.0982067499492131,0.1915034460650448,0.06694184897211448,0.04560316847550747
1801868,0.31340557433095706,0.44724495636811723,0.4691064880369555,0.34445468622598935
1801876,0.6209841772414569,0.35439593981681694,0.932058161238399,0.28582789856962104
1801881,0.20318380658733326,0.34903077499972096,0.3085843124432661,0.18828280025716548
1801892,0.30540022174204634,0.2954018977550993,0.5653121161711033,0.4612336242615338
1801926,0.24453712022916965,0.2362847441829645,0.24869272156625347,0.13898040364150488
1801989,0.17478500131692282,0.6214656728174034,0.5821798164530912,0.05539025803731126
1801991,0.17965735118331477,0.18218765664048756,0.47759152592166865,0.32223884836071115
1802013,0.09027654668546321,0.10281595363778787,0.2844372175676412,0.1858365049605178
1802080,0.3022992627156993,0.17862534572187969,0.19703879154810044,0.0820346290161793
1802084,0.2556592718667788,0.17857623051297547,0.09838043780442103,0.053896863467999184
1802091,0.014070778944804409,0.06229271129498027,,
1802107,0.055881632511014,0.11580907096322506,0.10431664879256622,0.04028250360998471
1802119,0.05894324220979334,0.0758877831908195,0.040751359998060045,0.010343076220872122
1802131,0.3405239402160155,0.2860924856014452,0.24287330446689734,0.21181598646357364
1802132,0.08159204275421221,0.9958229118484453,0.13215711028727653,0.21175468435587122
1802136,0.11026359037540047,0.1265339001060073,0.20205081906557568,0.03462234358087813
1802167,0.3437673292257029,0.46953091773854894,0.5428688306908761,0.22216622648133316
1802195,0.10172518261485543,0.21814304274771615,0.06001903848377882,0.1167645892156374
1802224,0.39353460303559595,0.36284350466739823,0.3439165360932049,0.24938239927286066
1802225,0.6108732190870482,0.38524131962989744,0.3426058217505166,0.36194522667353063
1802244,0.12528259200744574,0.16559320240822298,0.10652787805420759,0.11740306011566576
1802257,0.18808501287784068,0.9179778047935567,1.129863653515041,0.03941265525174911
1802277,0.06482231948728558,0.09954932248276807,0.023401524420847367,0.03508417978589105
1802278,0.09887000406942274,0.19669955101662495,0.3117205128856084,0.07119496663219108
1802279,0.08258633387920267,0.018102835970534817,0.05365499208841145,0.049706000089047624
1802284,0.044194822415984505,0.04593249080997833,0.025407608458670423,0.02200753881946914
1802290,0.09478229908079336,0.19964602689354663,0.2099946492917723,0.18205462888067034
1802291,0.0965509554860112,0.2454254933406103,0.17040482059421314,0.10597197390104038
1802324,0.43203916395484304,0.0048401246401322635,0.2898572524773577,0.13025825181629003
1802326,0.0,,,
1802361,0.013310283194068675,0.03018274831755606,0.02566788956871289,0.03887855463992822
1802365,0.1531783017082892,0.32871582189802623,0.49798829626726715,0.38711437906723645
1802376,0.0605452746143624,0.16509280913764157,0.48318690435781897,0.17644714768617414
1802451,0.08503133361810848,0.11415394146272707,0.22279283922128665,0.056812805057681263
1802459,0.046254583675039575,0.20178813631021938,0.32877405515128766,0.06174142797710381
1802462,0.7834060774876839,0.8834386134905391,0.764109969353308,0.5082767549064651
1802473,0.13631681701832113,0.24919006940696253,0.19942765036480073,0.13111030501989235
1802474,0.5945376422039438,0.17723380794301638,,
1802490,0.1787277761469335,,,
1802493,0.20927007688168464,0.25904070900314313,0.19064225918338756,0.1858253205320918
1802494,0.18710370294685297,0.10697409579630024,0.20678214551658627,0.19539404909738087
1802496,0.15919152008750911,0.5320567234674562,0.35088149197117324,0.26310419280523106
1802516,0.0,0.0,0.0,0.0
1802528,0.436787690873506,0.3319124518622627,0.2540729593487851,0.5430631850886215
1802530,0.18355568642199624,0.39782703437798556,0.3175331884275507,0.25223453293097076
1802532,0.439732723927451,,,
1802533,0.12079059637444295,0.6079741340100817,0.6390740208551443,0.19701353269886265
1802534,0.06639061439210356,0.10438331873641375,0.13746254903538835,0.1294949978311175
1802611,0.02959725353055288,0.1167953979078067,0.04137281186770269,0.034841919465459024
1802614,0.0,0.0,0.0,0.0
1802630,0.7263861366107783,0.640897907124548,0.6485511699905956,0.7775012121722056
1802635,0.15040085207677112,0.07868551270808459,1.756388708773733,0.07509728897723462
1802647,0.2706920177747117,0.3161366522068295,1.0385110435800509,0.2588558876868618
1802654,0.06965739035459867,0.06405155993276421,0.04587741364410725,0.04357997316432707
1802655,0.17003756682197943,0.2850354554032758,0.2041096415257588,0.15880213617602312
1802660,0.17693683203722468,0.0831728734749679,0.8199876583822314,1.3046013241692445
1802670,0.09613265139168803,0.11683795560800334,0.09222934321354523,0.05921287711099202
1802691,0.14051180187856227,0.06567770992987115,0.04103803895369889,0.1849171285531
1802695,0.4620951743318816,0.6829699870300916,0.8575484062948748,0.3506758144057041
1802696,0.0563555850820392,0.38195182834179,0.17448696241108985,0.09797904348002215
1802743,0.1613210455378703,0.15396080208840002,0.0946946125803909,0.06341298178134762
1802797,0.575102158092942,0.22823053945540836,0.12783920980239435,0.3326791265957678
1802816,0.06014751855594221,0.1371089275231215,0.13929627869978123,0.2297853176948971
1802837,0.0,0.1466165983458013,0.3341929762280876,0.11379428303970619
1802838,0.29312697022266243,0.14228702675090923,0.30206298797967707,0.15656384909028925
1802862,0.3996723652469859,0.34782883983099244,0.2615257434540059,0.08134897881680182
1802865,0.10571802882536746,0.21860375600187099,1.9880763743762158,2.0881023002524577
1802867,0.1473754591426004,0.8205687496760108,0.39808128568867246,0.10701489297921318
1802868,0.04302574396211895,0.11504880706859605,0.03845783491077059,0.04022616859508405
1802872,0.1342217079748579,0.15699126378968536,0.04115920787482349,0.029609068327372822
1802874,0.18266037856666464,0.0049175346514923795,0.13057773432670514,0.23054773850196209
1802876,0.10282774056516177,0.4175448123113617,0.45747748612603334,0.03324891457550565
1802881,1.0415920450590728,1.2434519669764743,1.2331785374010247,1.30658628831747
1802882,0.21376306770688058,0.13385873918086214,0.09994595237640043,0.10995212957844937
1802891,0.1337497857439609,0.22739233649958573,0.04036089284047153,0.035404573115526354
1802893,0.2510198284062281,0.23748234425386938,0.3381606770252433,0.26330139604193153
1802900,0.055355762304627354,0.15090592693060628,0.1262210552022035,0.09682110647228913
1802934,0.07689606621197621,0.28816829585725706,0.6945585975569937,1.0295925603814722
1802952,0.14933968641965836,0.2975299086474374,,
1802955,0.234599290030842,0.04448700141574597,0.14683946736246586,0.09126985098896692
1802961,0.0887573942857092,0.07939052108656049,0.40219600281841117,0.15890328751133043
1802967,0.10271879875743746,0.08840974551250753,0.10120003732431009,0.42745746879069085
1802978,0.0,0.0279240664692806,0.2613534469876185,0.07613005607226822
1802984,0.17657400813570734,0.22649886263914967,0.18258671216380823,0.18363353202818497
1802986,0.15159438273753614,0.21628826326224057,0.10450480505133447,0.08622451579985688
1802994,0.038287092098319465,0.07049301814354482,0.06711301648816491,0.02815306278284223
1803005,1.7413424964027948,0.354590529113006,0.4504719908357627,0.34378802075742154
1803054,0.43404645436287015,0.26169038114483917,0.6448829084710844,0.36534998035338334
1803058,0.19534867397824435,0.10683817560911982,0.20068761409339608,0.06544174625184727
1803081,0.028087217975345295,0.05619563278520128,,
1803084,0.31136775408735545,0.45240067382852717,0.4794574568414006,0.15078690135877038
1803087,0.16580778327966736,0.04170019750535362,0.07281020346776577,0.0319218681497834
1803089,0.36805192919288077,0.5570315013033119,0.3783848689136058,0.893693803310764
1803106,0.135420378913464,0.14292845981077082,0.22688974929970257,0.16488436950919264
1803120,0.49478234948151295,0.6743595822458889,0.5288806041832737,0.4372563245569404
1803140,0.05475887852492049,0.10763099770657472,0.1330258258093636,0.13310544026066717
1803146,0.12137997832849051,0.16561547006907057,0.09182010084832247,0.1658883306928355
1803149,0.5740956843349435,0.5663897021883086,2.161975662852285,1.9986005451363933
1803156,0.3909190324392024,0.5362140178015816,0.2246700180774792,0.3670002029608917
1803189,0.3119733921650281,0.045085590553559395,0.02435851340405136,0.024534226670129274
1803200,0.16149977353923858,0.005015354906817109,0.0547659590306003,0.2865979412793545
1803227,0.02643793718464094,0.08259084198033495,0.09754460125302904,0.05894286208757252
1803229,0.12446623849136043,0.09738733935550632,0.09707608700483064,0.33914136319405247
1803236,0.18851468491373038,0.19280454522868068,0.13156733740015505,0.11389771453995086
1803237,0.8400140666320234,0.7762641676889372,0.5696966857290842,1.051115094364064
1803253,0.24292436062830916,0.18537266847173242,1.2419355096247588,1.2573394836422263
1803255,0.03362098917045756,,,0.7198487140812801
1803274,0.00030180007807397834,0.00023699587897815124,0.0741419999696364,0.10314011950171595
1803277,0.20789458273878858,0.28664543749076443,0.3140471603474944,0.1842480240396861
1803291,0.3106751899675591,0.2583520844129468,0.2852739265130096,0.12948809480007292
1803294,0.31399647051095164,1.5248523029282364,0.09270590068716268,0.17031114680508208
1803295,0.12855530042738153,0.15575933670101436,0.15273064250533935,0.07813449340753534
1803296,0.2619542614313998,0.5278015607417855,0.32365585566573873,0.3051189103169408
1803307,0.42106470813048635,0.3318169930439781,0.0,0.036701071931045416
1803329,0.1580525455817935,0.16862821950406412,0.19145587348747098,0.06476037235695445
1803340,0.17644973221035398,0.12113900932643121,,
1803386,0.30377576231440895,0.41133029360947754,0.29148593558635866,0.4021050805695519
1803391,0.0,0.0028155873216002235,0.003114627985090454,0.0022339073755400928
1803397,0.047450593294639805,0.12408526604346665,0.06416709276091898,0.04963408109461646
1803415,0.031462448898317515,0.05348193562061164,0.05949057978458707,0.06760087116342518
1803425,0.07694531706362664,0.08122583316477855,0.12784719705553751,0.04634527466019772
1803426,0.15363186273177273,0.43125570619698483,0.051406079016909696,0.6386878090023091
1803456,0.11456447319487328,0.09312014027133302,0.04616676388992785,0.03488273268456601
1803460,0.12327363158924078,0.5966108731505683,0.4050421619760893,0.7078707078645877
1803478,1.7465985575241139,0.4787641523165332,2.037782753318929,1.9095484964840157
1803519,0.6909691146312753,0.6730928397576432,0.7497388322746719,0.16228991730941153
1803523,0.19271189294935162,0.21430289957277948,0.1386211399018202,0.11909220933426452
1803536,0.24722182482589353,0.22917748977181704,0.17620782791053644,0.26032143136269137
1803557,0.03920188299732478,0.06591118379940715,0.018644583080826466,0.0539814038468717
1803566,0.16243397751571984,0.580991160058685,0.271509100007985,0.2250161718362869
1803593,0.6717455453255918,0.48280682724360446,0.5749817912711158,0.7884262425382923
1803648,0.07017748912624605,0.5462052574452191,0.46925922777577245,0.034089060111823256
1803662,0.2455228106415178,0.2490760065854605,0.4304368471216968,0.3319113205381807
1803673,0.1643218196321739,0.28751441118208665,0.3339965904249975,0.07405045899020639
1803675,0.15547861539852004,0.1067214307585461,0.13277816053346017,0.14294213982661508
1803679,1.961346571860164,2.0087971288083546,2.1159190213841375,
1803804,0.38240421412116593,0.19959755368855026,0.200567920361967,0.1744039032550115
1803822,1.0345623070185708,1.2211878888393823,1.2605290858722646,1.2429324855410528
1803848,0.19266170586061576,0.08602273899172101,0.15662441900278798,0.1255787485652505
1803898,0.19248707340991067,0.0688718383324795,0.026766040067594834,0.11004675486291496
1803916,1.5553993680470701,1.5400193971253033,1.38132975035293,1.3395689319622504
1803919,1.1162190093568074,0.7689083844288251,0.6763666908314991,0.5511657050460171
1803988,0.18799456270100987,0.09044715017900663,0.12452466147146848,0.027267592831033666
1804007,1.0908957244436777,0.9333093429931073,1.0701741526928932,0.8913619657941196
1804116,0.14427513948220008,0.2749729429457849,0.3052475369097836,0.06469407920895721
1804256,1.3598407702930075,0.23493186884206071,0.08767351154210319,0.020469181360389062
1804329,0.14444070790323812,0.3949184460633043,0.18160306656334985,0.31566189001187667
1804717,0.04270055680023117,0.049850548982806206,0.02304864396613038,0.2615723097474292
1804909,0.36942092462234105,0.6039685832132701,0.46238337844383104,0.5015445264218952
1805250,0.39600698205646434,0.2833564133303375,0.21475249472831678,0.39161398119503343
1805466,0.0,0.0,0.0,0.025657506195366667
1805589,0.34251712609237445,0.38612067211160633,0.5438215875630881,0.4127606874055811
1805591,1.3766984192988427,1.5696164136011368,1.5937474642155733,1.1494416210604068
1805604,0.3030709636078468,,,
1805754,0.2676907621105745,0.01927058137762057,0.02083927014991958,0.008703519017258458
1805758,0.06303476087340648,0.2967466435641853,0.056594342785039824,0.08032181847855387
1805824,0.09393137076772441,0.14055308378159984,0.23005195435643014,0.14840213656113693
1806222,0.09649458194732091,0.3119545437427833,0.3273684703979136,0.06692021010158537
1806226,0.05249579670045948,0.07178088710272552,0.057762253889425276,0.04506574360186366
1806366,0.08890687687543378,0.18842500674855578,0.12543315519188655,0.09718174010494543
1806425,0.053518291972460524,0.03298395438598732,0.029797212266363175,0.05241457842153803
1806428,0.35198558061784035,0.28105618666971444,0.280617413641527,0.2704056107002097
1806473,0.044778821470314124,0.04911150409551271,0.04835479776632861,0.04821356302350843
1806580,0.011861342289510489,0.08365478322644979,0.06931209711548458,0.08777801563978797
1806628,0.782624561578551,0.9341463542508378,0.8722025269347425,0.6778070827196064
1806752,0.1256188232605023,0.08521499706436367,0.23605008363965288,0.1401918905939603
1806755,0.39491149863851127,0.10771693902472099,0.10400035076367653,0.0032321452224344876
1806816,0.0,0.0,18.58869937317614,0.0
1806820,0.4723794763167519,0.046152290850024966,0.17844897988576303,0.17260130676574695
1806987,0.3049666983084542,0.8385623912684385,0.6954260595287581,0.7996062233920078
1807092,0.6518727905546868,0.9163990351569099,0.4322041212910639,0.6334641839639075
1807283,0.0635837491841879,0.08356387035926592,0.05222842374892106,0.09087804966391755
1807288,0.1138075984467059,0.28184371915233375,0.0654391974119039,0.09838596839742639
1807328,0.2574128335190454,0.046422066760983205,0.07302235712329576,0.04137835057592022
1807489,0.19383277375419355,0.4550957057868534,0.15083641200587614,0.24121390766148126
1807559,1.0552573873895863,0.8256088043315699,0.606063949713404,0.48378621371460706
1807622,0.0,0.0,0.0,0.0
1807878,0.0,0.0,0.16508004875866722,0.792740184250025
1807902,0.061554113403419077,0.0892129930625978,0.20155996872961518,0.27814837128233183
1808163,0.008213983961304365,0.1329448203744245,0.16166000194942204,0.012272461717454095
1808179,0.07404322284117681,0.23989787681503683,0.9281418623139556,0.2871113114223041
1808195,0.04044192059263635,0.13870887342391267,0.06116641530725848,0.03649500548497209
1808275,0.3068030184442928,0.2605327515049703,0.13863217969407904,0.3201318165917885
1808361,0.8951669540996623,0.9359356278268862,1.3924291268120024,
1808389,0.22268806726437465,0.2665130655384819,1.3973279195294996,0.977908907460332
1808394,1.2139049344264572,0.3867205774787784,0.23576575537235908,0.08337116727341924
1808523,0.019513583596111078,0.4127785516527645,0.01352163388652705,0.15930321159312388
1808696,0.16791787475373707,0.420022019852078,0.4176839248468638,0.42611905877984646
1808748,0.2973257513715398,0.8523214095930088,0.57416703117676,0.1633479340237923
1808915,0.17382623658835492,0.20030883104393302,0.14306688142793647,0.13872477373867925
1808919,0.2784132454773354,0.21164064785748848,0.35174872835862514,0.6841624185048998
1808928,1.2403291502585625,0.999340492929328,1.3188875797942936,0.8817026875623629
1808992,0.09693523878775141,0.18639118477230088,0.3161966180439395,0.23595142898570207
1809043,0.4534723122992039,0.22712936911533532,0.32832096385252774,0.20545079385539644
1809187,0.25290304770354705,0.6703437541205625,0.7170042974668406,0.8060708235644761
1809236,0.08089684805232498,0.08796492476912762,0.1669309375935216,0.06054621750730529
1809494,1.8382297498341766,1.389006586913354,0.0013197219480640197,0.002334723795592572
1809525,0.6420204327111243,0.585057293072084,0.6113221443335698,0.34875679706417073
1809574,0.38573900051028337,0.18547147917069762,0.08048240277370915,0.13212498668507575
1810023,0.052606206886542106,0.07254995735392006,0.1347240306815718,0.28652306881267947
1810089,0.24833845541355,0.12553734510376463,0.2438223447881892,0.06260715913713977
1810099,0.1561361699779597,0.1683066610450212,0.2055373712810106,0.24409554147716148
1810158,0.0630639314498593,0.07675687449925077,0.5859048441302884,0.5734495960751528
1810512,0.4753294226277351,0.43813898820634495,0.8384444686629364,0.44780673878709476
1810554,0.03521849617952852,0.08151909313100153,0.0,0.0
1810555,0.12833525376885824,0.1054569918965257,0.025739019756035948,0.03781892887902304
1810558,0.3303224849495728,0.20496096847181997,0.3369353372988153,0.2647792560064141
1810677,0.11088638247892603,0.25054361897555344,0.5632098120172994,0.5522096902125191
1810720,0.15168801994247424,0.11687118666643875,0.0648790377154895,0.06487895698694005
1810873,1.220975999598225,1.515245152155845,1.5698208129160058,1.6861274772307175
1811005,0.17001848758941907,0.1140592481602698,0.15646065242113602,0.4637477497126166
1811034,0.1091288017063817,0.32510605793394187,0.06271058910547803,0.12174831925742344
1811240,0.2649816468676218,0.15434654901072345,0.1657133379688144,0.15968895414049428
1811308,0.004555662871675952,0.014287504758570047,0.01864461298493371,0.016070320431612446
1811472,0.007566325930621441,0.0,0.09328279654440849,0.0
1811491,0.1787923018053313,0.061870387939335074,0.10233791869028176,0.01646224839113995
1811513,0.322528190257767,0.19957390013097026,0.15282476574487536,0.10978093808253139
1811522,0.2859954720724212,0.4456817993347284,0.5224521473858423,0.4238210160452586
1811532,0.2378302745693631,0.07301395144870698,0.12344656030314802,0.47261779968418743
1811568,0.5830411951902864,1.0647796663734292,0.3041322419439701,0.2516602350770951
1811579,0.3721761361454956,0.18930909861997314,0.07408245008445866,
1811739,0.3961065913175564,0.18527564559838103,0.07450082766405194,0.13638226428198394
1811783,0.23980315538474237,0.3342284780506259,0.3871362203091002,0.20642720319270846
1811805,0.38780795718145683,0.15579564302936869,0.09932482494109855,0.03745503697823104
1811827,0.08058505903847374,0.13312241551544246,0.25383757584215183,0.4591637980956877
1811907,0.026734922906848122,0.014793489624136865,0.012350810028746766,0.03144187225984925
1812090,0.33790946248017883,0.22847371221319812,0.22804461061626116,0.16587299652861934
1812095,0.3148289047244749,0.21538140323820512,0.025301288935772902,0.23102430115361203
1812103,0.12503961426689203,0.12419497011996695,0.0673227414538744,0.15829381037630919
1812155,0.23832272094858126,0.1581385248161826,0.15223659890905072,0.15039897540993688
1812177,0.15094653722871573,0.5278207289035648,0.4543918225062933,0.11756293099544685
1812178,0.3130030489535818,0.40150897777154454,0.4678820453502384,0.41486727526096895
1812198,0.5076336155445611,0.2763140749995342,0.12490507331502426,0.11659416013864467
1812285,0.6140896860172282,0.4498215036789073,0.6739678443478698,0.5595296698253142
1812492,0.08442351510591979,0.2640064482909212,0.16098331580723865,0.3113269398820094
1812549,0.00010983039228116547,0.06807806715360822,0.020310661657858078,0.009313806165005682
1812792,0.27960344728368913,0.3078231239280755,0.31973263893421594,
1812822,0.8823181313454974,1.1932664414680818,1.3406723699083791,0.7177508578369611
1812881,0.0,0.0,,
1812902,0.0548600953937159,0.1672409980317839,0.17371816321588165,0.16171747319979812
1813577,0.036420739303473004,0.06312908308556485,0.15212807581284443,0.01505896432827656
1813784,0.11067743808548103,0.07716572279494827,0.2253186625215453,0.10024966946957398
1814104,0.42375167886805215,0.30427381580653584,0.49772957456090183,0.18505745222060835
1814191,0.2741376449062139,0.04484947064243761,0.040850253077958615,0.041365570825159646
1814214,0.16439630044072234,0.499426078931466,0.2387343529941543,0.3096989535574379
1814234,0.16342069216161426,0.205141595326534,0.1684501962347259,0.8146832957606873
1814533,0.0,,,
1814601,0.0,0.0,0.0,0.0
1814733,0.0,0.0,0.0,0.0
1815025,0.15627792661617226,0.15810177288340335,0.12577683073711562,0.11142765934516059
1815123,0.6645428924098584,0.6257413080987909,0.41677686701429445,0.8665595511986802
1815217,0.39776802615569934,0.13379939579343947,0.08079455262274751,0.09460911737579594
1815355,0.3395195361242234,0.2857461422419369,0.42996119071461264,0.3024383018894918
1815467,0.006327026808460531,0.2962350373813524,0.0026137540769978758,0.0
1816000,0.6269677791054572,0.7172011358510717,0.9888455363682555,0.7367375987539629
1816307,0.6504946462946127,0.6340056732035937,0.7790048683975382,0.6712221551889299
1816374,0.014646417197290134,0.14874935325235503,0.0,1.0073269239101768
1816444,1.2036667736305866,0.04220785571161364,0.09171112782113121,0.054847875760239265
1816616,0.28658675192348826,0.2616137902047451,0.4169133019426094,0.13159850274633383
1816635,0.08034408464150193,0.11107845075698428,0.046010604273270035,0.046573970058151726
1817145,0.7321684185686851,0.9851095650292541,0.7203932661609231,0.778182216062537
1817174,0.08751071137747388,0.17768181386350515,0.07698122256931973,0.06067744478188809
1817181,0.7022249969653704,1.6594082692699186,1.42035750766177,1.003471846419652
1817187,0.279647583892674,0.252921212760273,0.3954204730979726,0.2216800235707891
1817276,0.21522529139361166,0.1074250552866133,0.2152361184719648,
1817306,0.18008120582389775,0.14271187855343181,0.07419510253663555,0.030348912164594958
1817494,0.16512661517286528,0.11265410815556376,0.07418826743976206,0.09427934154245708
1817534,0.5118273254924478,0.776851374630843,0.8687905501288566,0.6063899485749701
1817646,0.2717357532502176,0.98866798396667,0.9178663146561485,0.5412747992195363
1817648,0.40485945395769823,0.7292138958619955,0.7068423345381882,0.3739486863855006
1817652,0.1535086938339008,0.21476386475538312,0.6038454856616692,0.3704809677502812
1817681,0.0,0.0,0.2434126783803199,0.0
1817693,0.06285715013175006,0.05437677093402611,0.04365843021551469,0.04398963010217639
1817714,0.22909241280824277,0.1878621083289767,0.49871179751795197,0.3006619789553643
1818044,0.02856100906156799,0.0,0.009474857183794845,0.012990204428041377
1818207,0.1635459664654937,0.22350724192309263,0.4531273963409259,0.07685880766220551
1818309,1.3061605783198764,1.268202428121144,,
1818535,0.08701481729661219,0.17053710658380827,0.037850796478901716,0.18091137654657435
1818557,0.1851000256202789,0.17369494909609748,0.28031044285100587,0.11614489451696959
1818604,0.6627671051484313,1.5692854437711028,1.3873423391938742,0.7669842978281519
1818687,0.0,0.0,0.4745475705795735,1.9884991332080166
1818759,0.11074383523901553,0.09427568268510264,0.4045594603349434,0.03798579031350738
1818890,0.3881882670705454,0.37114164722196297,0.3177773052451301,0.27155801017245706
1818897,0.09104595349517285,0.07078153084298267,0.07689748391232243,0.04655518150023184
1818940,0.07246407153650665,0.12930295923987783,0.07930154239665775,0.03895167876816295
1819275,0.7961241098673357,0.6288280249561866,1.014840235326818,1.0044368003730335
1819279,0.038636528896331256,0.35262214642758405,0.03926464665950984,0.021964177474631492
1819476,0.45481018580911026,0.5008501811765348,0.6948397945521207,0.7423677598740969
1819581,0.1560653487934705,0.1716968210448075,0.7673498984334391,0.835215880154541
1819679,0.31545518337556944,0.15003334364436527,0.4175256902428742,0.20238724419854268
1819695,0.43465261240732256,0.3169533354654791,0.4379638896157986,0.06781178411596932
1819697,1.1060178437066868,1.3996737003574977,1.3287262815886414,1.3868386501027645
1819815,0.31347298210350427,0.7747098866154328,0.6560912353552263,0.6276926291626559
1819919,0.07710541991564607,0.15679847890086576,0.2987713647346959,0.06460215694298126
1819955,0.27253468772118183,1.0183609163677596,0.06851523198741917,0.6996511781314783
1820538,0.00019094816497822957,,,
1820593,0.10856363518872246,0.2415427379174761,0.22554548314045753,0.047592814296765214
1820680,0.0668017750612775,0.0823753877134703,0.026901066684317125,0.05126962851510337
1820681,0.25763347166300915,0.09326976342434216,0.24605738380687658,0.3509299500849188
1820788,0.6926785800321122,0.8865234976801556,0.5171467517767299,0.4015052426713929
1820879,1.4942164835412883,0.27668856304753253,0.9939948103286457,1.0299484183036742
1821035,0.3193889202190362,0.4036316634302707,0.3161825227115618,0.11218195299170924
1821051,1.3097665744104467,,,
1821168,0.04425750860189422,0.06496165235991051,0.04670491998443172,0.09389612112401895
1821219,0.02830976268389493,0.01907578064109297,0.03283135203312572,0.012608141414543245
1821271,0.22816911313067173,0.23216799544476752,0.16734125451074405,0.20780175559187347
1821289,0.1612150052420303,0.6396350382496973,2.0559942088168013,0.05253366802642905
1821336,0.030249951237563112,0.028422173603857757,0.020765772344415945,0.05502209307818419
1821407,0.25574063604409825,0.15388249423626238,0.421954743109903,0.4892580977059442
1821455,0.1816348793899162,0.1278184948958138,0.22249566614944064,0.7075394218051714
1821462,1.5243470777754553,1.9507744590109861,1.446327650803901,1.245038835120826
1821549,0.33159488282027616,0.3416574025256251,0.43664915709460334,0.6413203883556461
1821626,0.8613406672965943,0.7759856101401479,0.42843400912816726,0.4547349749951706
1822015,0.045931980457467866,1.0707740157726782,0.3908435980832608,0.45813988660399746
1822065,0.2434073992273851,0.11126189684087164,0.4336421931691496,0.12691134093246376
1822236,0.17717436380647278,0.24710831231614747,0.04371668989627238,0.42742297522482714
1822480,0.06259096169631725,0.07815128226417684,0.18009731993593472,0.013840348868954648
1822531,1.16013251246866,0.416340956128715,0.38714416458185164,0.5526627544277415
1822632,0.06738394233144603,0.27051227666945016,0.06726706273209807,0.07918445437365242
1822731,0.03564359202182823,0.05446069352738056,0.07600946113260444,
1822947,1.8597042597110305,0.9170818573439579,1.6948023267689887,1.0995664386630832
1822973,0.19574358660289698,0.09059031235158659,0.4447388903658551,0.2951852844172006
1823138,0.5508499997092172,0.3406311406298815,0.3122817998794607,1.2342886385031298
1823172,0.08986318674690937,0.16724562488260555,0.0572852258613054,0.04865572904409432
1823393,0.034558268187708116,0.42807264418004126,0.07577025036767468,0.27632476499171593
1823718,0.08671779390494737,0.46384937509521007,0.4671640748969306,0.0691800343863684
1823823,0.5880939710576474,0.5249501640220235,0.5307991608472632,0.6015775704880092
1824263,0.6903126318809019,0.866810129179136,,
1824516,0.17258598192745028,0.26366067924587017,0.24059542545269266,0.221984248425779
1824658,1.305913295268857,1.14615749015694,,
1824694,0.08226368164031923,0.07710209284916994,0.12190267411011058,0.17248663304834103
1824700,0.33818093680639044,0.13620328028277298,0.3509672476194927,0.16791955159656896
1824821,0.17339527912861938,0.030714613950613985,0.2998969372533854,0.25124422311560546
1824827,0.0,0.0,0.0,0.0
1825034,0.0,0.22450864810351986,0.25627353866485086,1.0642472590458745
1825214,0.3993553959410146,1.2577701210924748,1.5507479710232706,1.0448875330178875
1825292,0.09208926818423206,0.19014362723114697,0.2830234759215958,0.168654293944434
1825404,0.5860714095421587,0.5995589123880273,0.9375414136167137,0.5287700387509299
1825516,0.9304775702263066,0.9885635208571406,1.1781864108309772,1.7928464861761861
1825564,0.0568686270016453,0.03412942925205323,0.07438129364125494,0.01773694424939669
1825611,0.14601118812690883,0.6755185959170462,0.24548287468374422,0.22368772682058075
1825985,0.0620423298654246,0.07657807845457808,0.04479383071324481,0.08492323641380593
1826136,0.1399257201610923,0.12424595544639497,0.3224805853338776,0.05227470585783519
1826434,1.0874331493939215,1.3507608908628588,1.0789894595915943,1.0894535569103134
1826790,0.2936214641550513,0.6829546816879275,0.29651403653203356,0.17270325096947733
1826937,0.5538106707172189,0.10441017610981058,1.0471994148146464,0.9457429749807174
1827210,0.3619276502828081,0.2860764980925038,0.4717586389758215,0.4279895551809638
1827261,0.12950171831379256,0.14029350574964428,0.16223704227842173,0.1291498636563686
1827442,0.3132639416217318,0.48389358734790583,0.4338294588912686,0.26312410957376714
1827734,0.5645439901516118,0.5840557301669689,0.5625242632241193,0.3896658663236252
1827844,0.0709015651881,0.07751507232352021,0.16811761180327794,0.08336919297766947
1827845,0.5580682201479753,0.6294998270372728,0.4718409082201649,0.06880091996368168
1828301,1.4248751793641876,1.339043115712687,1.399233623513076,1.3926465495290687
1828776,0.29406911528721125,0.6174639764296758,1.2491367415873273,0.4772264587682647
1828822,0.06749940592919607,0.15414158022309274,0.31601788015435056,0.19928965023491182
1829132,0.12279430014729108,0.1657642387593521,0.46453429909977306,1.2911286551788996
1829231,0.5160054990519037,0.49395585558824995,0.3243968783697664,0.39868346079433464
1829384,0.0,0.0,0.0,0.0
1830008,0.30713302802279313,0.2493467409629498,0.25092802725033314,0.48476074356438215
1830103,0.020592386698272153,0.04472071665979818,0.04190546933317761,0.034288193360980004
1830467,0.21821068164526825,0.07638490035303934,0.23698945615281855,0.24327854828040812
1830600,0.5723027765442753,,,
1830817,0.09593971018701512,0.1013557104633704,0.05901598114869687,0.08840640869357022
1830819,0.22321979829573707,0.2639262901398766,0.3456192560964268,0.17357620340810703
1830922,0.1368611711848485,0.22120864810765223,0.18322880622575902,0.23989462825393812
1830942,0.1984389488343381,0.13776224559948416,0.03156229908739794,0.044861493533200854
1830954,0.20805529935464095,0.13330527044127938,0.2681342044345014,0.12432726015161746
1831003,0.5123074971158806,0.7649588392823152,0.622722060128867,0.5781658850909432
1831076,1.6940439203426905,1.726638130011784,0.0,0.0
1831132,0.14976700842308752,0.4437658400990272,0.2697213485523735,0.5136068563123044
1831133,0.15263397602914006,0.16426159197562828,0.13224597083778244,0.169883404980775
1831187,0.16097685200794207,0.19513778841180585,0.17631420712816886,0.1393017392654439
1831193,0.1714431156413737,0.7668182205559196,0.04764601839708243,0.17027487168210656
1831219,1.6704241193739864,,,
1831263,0.1075550290265447,0.2031865586896994,0.10564501927271377,0.08822153043889355
1831316,0.3068376981358427,0.131228076796519,0.10787611769051164,0.19417532359965767
1831332,0.21390494419434983,0.19131969147962635,0.2875585552902834,0.03458089240116547
1831342,0.9178275284818966,1.5091059307715418,1.8648280915296744,1.691314033732434
1831416,0.05000645051087597,0.07322548462811629,0.06781526702836933,0.04873431917664566
1831423,0.13899679642663035,0.04708913627212626,0.0,0.0
1831431,0.13675247492355294,0.16372810065297272,0.0680848623288943,0.044798991218411896
1831542,0.15933272272275426,0.09486555403167948,0.044581855905638776,0.03241933477090258
1831577,1.0385109879229382,1.2264337365595863,1.2827742449649742,1.1801050409029392
1831942,0.3765956089528987,0.41266671659845416,0.4218773700308443,0.518033045108011
1831944,0.10496074906523792,0.4856140193815272,0.5152336153910055,0.016184570219406395
1831949,0.22867521446283876,,,
1831984,0.04859144275775532,0.12778821806965512,0.05570923265778911,0.08755004178950061
1831985,0.3248381027704237,0.30793452201475563,0.27651792257421215,0.2433101939427622
1832093,0.21283825826049133,0.10475053722185712,0.09451708758248308,0.031988510985024754
1832097,0.12583322658568677,0.2512621282901834,0.06559937322060674,0.10121589817926202
1832108,0.0,0.0,0.0,0.0
1832158,0.432730022688371,0.3459174373581968,0.2471163516252589,0.3578177289055925
1832179,1.0119110472804018,,,
1832187,0.32347932917172634,0.005858624824319079,0.03955310722266893,0.18972514153274492
1832190,0.3563245393346468,0.09486145758487201,0.2071126478883619,0.2669289341098574
1832212,0.08665005250121478,0.10915077587649821,0.4357492838510027,0.1878503976685998
1832237,0.09476483637098139,0.16601613637882062,0.1013378808383426,0.13152995178691748
1832274,0.5318394143625631,0.43179681373502665,0.3782807261236532,0.0847881550106465
1832439,0.5252097122704411,0.4206825319306297,0.8894524971376977,0.5798663641060585
1832521,0.4658501600830301,0.3089639399967541,0.43732276388780106,0.2941886008609591
1832568,0.24141826467784006,0.32796844270077513,1.883142336987777,0.7473282914634672
1832749,0.0,0.0,0.0,1.7929799009475698
1833078,0.25374862277166266,0.5615560575578967,0.931160138776752,0.8825700838402989
1833140,0.10081335964325659,0.15961951094757712,0.253730555183812,0.03342058159171736
1833486,0.007822062087694454,0.0002664454132961101,0.0003477990420484546,0.20069471675720235
1833780,0.06449292621780915,0.48373666767281204,0.08236524633983044,0.08651390370559282
1833819,0.007301375260586614,0.05710599402590827,,
1834011,0.08778346491072253,0.1978678114899433,0.18787395141470326,0.2168357790018952
1834239,0.13808294538442942,,,
1834438,1.2126648538335185,1.1143110378438357,1.2542588344415289,1.3070556750133102
1834499,1.240898301128866,0.8156639940441142,0.5583084885035586,0.7857320501921617
1834505,0.180345339669858,0.7380851277499157,,
1834600,0.13045363647566854,0.0,0.0,0.0
1834780,0.5801839443805884,0.6650779746642919,0.5219315019953309,0.6954269779901396
1834802,0.37357554781516666,0.19954058330512633,0.3295847243617026,0.15865548328801482
1834874,0.43154521295216464,0.6276102989485509,0.3436354885463401,0.4986556029717426
1834913,0.8778525118772247,1.1274396495681533,0.9706185104107254,0.845380407694949
1834985,0.19445590745959382,0.13827024085370532,0.23031725988755392,0.3740656978242704
1835407,0.0,0.006883625001755574,0.04257583228212404,0.01565765356738006
1835441,0.028798153582306377,0.15282944715217503,0.3189980198739268,0.08746708120491045
1835549,0.6928284939148284,0.6856852690165958,0.9412488506066473,0.4742142393657755
1835669,0.07510178336914544,0.19469087364039298,0.22367162380835803,0.4540312522522539
1835700,0.16028848702157064,1.395337392421421,4.7124795956722026e-05,0.0
1835714,0.19757771661666382,0.24947036739211775,0.021566112247590197,0.07071701549574638
1835730,1.3570904873977163,1.2049868504744656,1.4895325918380196,1.418474480470856
1835751,0.4542592585119764,0.5847720710752942,0.5849479187074074,0.5514310588309714
1835866,0.11643344824636823,0.0936157236481584,0.027894443590361185,0.062300733458312274
1835943,2.0549559902597365,0.6572006551828453,0.4289312154421627,0.5787128379012141
1836021,0.0,0.0,0.0,0.03528541091541343
1836266,0.31099180816370875,0.2735499309964896,0.6080974558565861,0.32134977004365867
1836270,0.9761638316954666,0.8767679080758722,0.0523430022911527,0.4046331287384002
1836506,0.05450870870878414,0.04808166120900072,0.10440792725713299,0.053697270208804965
1837309,0.24113444451332974,0.24517867538471003,0.28401728893814027,0.3591893053522437
1837320,0.14454723169020234,0.0106093423625346,0.02103361847607194,0.0052174933361694735
1837343,0.07608627535360618,0.31174600320291374,0.08411449843293503,0.30589200778774794
1837984,0.13079454627187573,0.44547029801754157,,
1838211,0.13930219209593592,0.2380354171701306,0.09425848063106075,0.10583087385058652
1838222,0.3915702879786049,0.46435166281254836,0.4666603018574513,0.3365850241193331
1838226,0.08486259959718265,0.14072188177123496,0.0922953195857866,0.34339339690898507
1838234,0.08680356083777242,0.09174844652601383,0.029680174518874586,0.12566107074441477
1838533,1.601499885900001,1.2935705018289212,0.012617250999480361,1.0664190595569505
1838556,0.7214063173027434,1.6667498963329803,0.4610153589952931,0.5303732820181527
1838660,1.0793973015013187,0.9699682902703329,0.7297906871745256,1.614384247251605
1838938,0.07522256616411267,0.09455051517149515,,
1839122,0.27692689504163964,0.05054280782165997,0.0613652230005564,0.19957543039495648
1839209,1.7487077648002538,1.9543560458345228,0.8429234074639083,0.25300803280824846
1839307,0.5696729000454064,0.36842020660118063,0.27812117024894256,0.31625712798587313
1839419,0.3413399106876555,0.3014527095033848,0.9306784721468948,0.3091208883502941
1839421,0.4721960407123519,0.483420708972286,0.44926387878520047,0.20917856467427381
1839430,0.11098038124381616,0.12458106519935659,0.17247898444453794,0.45521511338591103
1839435,0.40353959052525334,0.5671597547212984,0.32438802768947694,0.43168355013873466
1839445,0.0747546859326187,0.17719234028681416,0.1603599804977732,0.09645555356592693
1839497,0.3836932997897316,0.2510228340789859,0.24580713016389974,0.2388744109986737
1839498,0.26995619669132037,0.6544466819381864,0.012656361600713742,0.03819889132163492
1839545,0.20413658950133123,0.5060198100483236,0.8973348079107122,0.1393162639603616
1839695,0.19759418888605912,0.19653631173429076,0.12250699959859167,2.757303908157985
1839735,0.06213666854119865,0.23605593034977282,0.1571851413414293,0.1467763055003696
1839826,0.24513068160388218,0.09223658125951881,0.08581624739289953,0.0658896089989705
1839850,0.14742886411467723,0.4163113498786091,0.09920718406554538,0.08272544371105192
1839851,0.410233100222783,0.41173838331553897,0.7155472900790577,0.4321655022961696
1839890,0.09446566894916812,0.06566391089586356,0.05533850883295431,0.1136487196737596
1839930,0.09390889310722732,1.7166177953725252,1.9462220543293567,0.11884455571688488
1839948,0.3227185899710376,0.5622154195677953,0.26119009565760953,0.47126027949713367
1840014,0.11332427763816925,0.050122754239894506,0.3533890225373011,0.03657687994688282
1840025,0.06102331221421068,0.11465760262853661,0.16727193952711913,0.038232490122838164
1840084,0.12866619717771233,0.121102786182398,0.14553406673074099,0.06764945800338074
1840085,0.19440095904510307,0.28545640464093847,0.5402345937215755,0.1481859515005449
1840129,0.9836010764859744,0.8899520789952823,1.3705896955915324,0.7407755018125926
1840261,0.0428965748986805,0.15927798562592663,0.08619494210518286,0.08130881435023628
1840268,0.11250498547692016,0.023130716863006277,0.12552023256100137,0.22059219130730756
1840293,0.11532247063439863,0.06315515526458655,0.05175357910835951,0.12947110477670584
1840306,0.12104152393277315,0.38776602087592554,0.8474037870356624,0.3517984841577159
1840341,0.10180676646706166,0.09517134428470019,0.3361390678611727,0.24965144798260336
1840455,0.08849190910108025,0.27409217650121376,0.10757348419118722,0.027289287512078514
1840486,0.08545292820779667,0.12074379476836729,0.07467894565533831,0.04929973862184375
1840501,0.0755325264150795,0.07848985897451265,0.07694985995034716,0.17149394850708122
1840565,0.1341483128537806,0.21896852881368553,0.195487296557635,0.10446697535586422
1840629,0.16096743773453,0.1614588362764451,0.06972664133575034,0.030938689596149066
1840735,0.12298916276023865,0.6902517279289621,0.13904644645187078,0.06603633278969762
1840740,0.05900220621132126,0.0484932286982011,0.03589216965468896,0.023811022744677304
1840755,0.21631807614082071,0.0420478624891501,0.07582407023065278,0.040207623181985536
1840760,0.08924876079368628,0.2350315628104045,0.04536875345359401,0.1095340863622836
1840775,0.2103571367180464,0.16091855776927433,0.3080523655140514,0.14114587072536072
1840888,0.11736738654290725,0.040934541592835626,0.02880740094787643,0.02935340391319985
1840945,0.14166501108530574,0.15677810033789574,0.13023768232488872,0.08005775063895577
1841015,0.0791235030846968,0.06979412210999211,0.11897319123220258,0.0565207603886666
1841016,0.17634531063139838,0.25617101870305914,0.604094988074232,0.2685457975293812
1841077,0.5302818350798637,0.5205342974767032,0.5894622451047514,0.4567270193440699
1841126,1.0609624032386467,0.8733095685066228,1.2556382933228216,0.9752207766557514
1841174,0.36981292468717725,0.24232428641716436,0.5707094192270071,
1841183,0.45439938656529805,0.0002822288663108465,,
1841259,0.10664525647197627,0.2235388593377016,0.21485814753046945,0.16246501790181675
1841359,0.5712182440652069,0.0,0.2075416695290953,
1841433,0.09109192159692718,0.09345018869829329,0.13049772729798442,0.12129108757768231
1841496,0.03095626365790016,0.5168884097775397,0.4107632589853028,0.11677402902511336
1841506,0.25797402845522716,0.4776223622101043,0.23164760580992363,0.11440016173682134
1841544,0.15889553902741663,0.05120978448168038,0.14109904429028716,0.03276601267532336
1841616,0.10830334029163412,0.1201284334857049,0.14601514459331097,0.1192436843845411
1841633,0.09367362031714219,0.06619791669032757,0.15324328942139115,0.23110537392836522
1841757,0.18438474731091317,0.56821330876334,0.1760367206025671,0.17738451027589353
1841766,0.11558731372906031,0.09295297767434386,0.1393727036420077,0.08692126180027326
1841767,0.2828818114009786,0.3172366794274432,0.21796620750563553,0.1681821266874963
1841768,0.0859791716828796,0.08804391744869898,0.10250885945083377,0.09337031031559988
1841769,0.11947377101065221,0.06179345903022351,0.10668387856629256,0.097998079114415
1841815,0.22245277601750085,0.5337980755918177,0.6509905684391619,0.4197934530875059
1841816,0.26757557161083423,0.18537374225096623,0.27583907667995045,0.5419017852705267
1841857,0.256062558854871,0.2728609812050053,0.2653600593786072,0.3615171587649365
1841979,0.22657300156747212,0.31205119042540047,0.14314319808435988,0.05215076309817234
1841989,1.1401804590607862,0.007424299882290739,0.05886957959944601,0.0
1841991,0.4007689576399297,0.22694463648795857,0.335951119957668,0.6527226147734743
1842010,0.19345374967741283,0.13701341510120177,0.2001717790001373,0.3204641609077166
1842013,0.26013651858471243,0.24718054328063,0.5136057110001025,0.23729571505863423
1842015,1.0980869063038068,0.2675742678770473,1.0103575307933723,1.4949370944685973
1842054,0.06354768111858494,0.09451207447846202,0.04480590905142099,0.03273239419586244
1842089,1.1567627612209164,0.47502282089303993,1.9873707746445017,1.9878700951302861
1842149,0.395381610919125,0.280816553862779,0.45095227630487666,0.37073983909464997
1842296,0.2027376679396712,0.22360031127523647,0.1838144225775055,0.22311230363885595
1842357,1.9039587467382912,0.08063140482201232,0.0626893269985409,0.054905909796366885
1842361,0.10189071738921367,0.46512397135373273,0.17588433141807097,0.40848072367513977
1842362,0.19245208325124008,0.6402861201804467,0.4115401081051471,0.14261943688467926
1842370,0.34223086290950694,0.09604570276445526,0.04287293090421889,0.10932541758878908
1842440,1.4720784284972706,1.1003632025103938,1.0084682967072032,1.0647014234040095
1842509,0.2667720418755528,0.5228510500912847,0.3198150226006922,0.3975059480489665
1842526,1.2431071700233096,,,
1842545,0.3063721566669041,0.40934318251363305,0.31516968185108357,0.405286995900236
1842554,0.4473497764515739,1.2073142994443435,0.8483744618470386,0.5151636606366196
1842560,0.04552003222422496,0.07801482412182499,0.0628567039170118,0.07149313489090398
1842572,0.009190392777961298,0.678315028285217,0.2546710665438677,0.07181826143241762
1842667,0.27802310899864463,0.20876218519695952,0.2638184584894432,0.24698361517565876
1842669,0.2213188383062966,0.12780078617464002,0.39120111327868895,
1842702,0.18384570001307393,0.04848105875062939,0.06208244411070605,0.03888048273576791
1842707,0.0,0.0,0.0,0.0
1842727,0.0010909563209920078,0.0050768422891318684,0.0036599134046515053,0.017099456029115518
1842766,0.1535769014761106,0.09643841617163794,0.33112967787163416,0.25725607657215516
1842785,0.240808532804138,0.613986924339327,0.2655876572193211,0.5584527341416363
1842787,0.10054591483322849,0.0762062871276922,0.040343265893621603,0.01758237948412701
1842811,0.05326393497265307,0.4238013847327454,0.4238909345313793,0.12237407270048137
1842820,0.12042331689204747,0.5521296732055164,0.5811385237335838,0.277095551068421
1842840,0.14102186257877192,0.133470514140387,0.2917570291184757,0.1662078743018388
1842881,0.222090122152739,0.7575098181725329,0.36437582188059014,0.032380787649995774
1842974,1.0728748269247128,0.1514857078530867,0.055835030821873764,0.07862502436997237
1843010,0.14457272745398886,0.15459543058552644,0.1949649357401108,0.10852203815852211
1843019,0.6159894009973361,0.6282031170966772,0.6796394639035893,0.5720431686484083
1843110,0.10846526935962841,0.1790872367394822,0.11191888067285095,0.08245338557761253
1843111,0.3179099660923116,0.5858663656824739,0.575155610119747,0.4008023124462923
1843115,1.5129062535735234,1.317390174882922,1.054812871162201,1.723412789804423
1843138,0.27155582765295055,0.24802187454702113,0.09690213954999549,0.052432031101784744
1843169,0.11023538307209618,0.06051611781915706,0.009515251303897024,0.04870341566584267
1843275,0.501668771203233,0.5032422369581311,0.7023705861635615,0.6393613482591862
1843283,0.12847208694425272,0.07037044700594036,0.028102366312543557,0.2688925005019711
1843292,0.22551318280324387,0.035908398872182654,0.22029783552789742,0.047382900054831804
1843294,0.11977200780167628,0.06828992817542079,0.13209040555642695,0.06369881938715705
1843303,0.23661326546253345,0.1838921384025159,0.1830111319195525,0.3782437903817602
1843309,0.7991055333783199,0.7563888750096868,0.7718594947877698,0.7483471552447357
1843358,0.4716802995871775,1.223997720215529,0.8916739449408851,1.2400210869926307
1843492,0.03660347439958899,0.08978882141178354,0.03879605213931943,0.03541397783343292
1843495,0.13323278337803193,0.12517409372473037,0.16462830099932746,0.04751162879607433
1843510,0.24812846869164373,0.4062528029512817,0.4818197316311338,0.3511743012539433
1843527,0.18562050669550603,0.14730703482988386,0.25066934511994504,0.13639307914222762
1843536,0.01892041318228641,0.05453374548500182,0.043802858694975605,0.024314484399492766
1843543,0.4441096452965788,0.9128932585972711,1.121552169362083,0.9576383185605741
1843547,0.07633511665356182,0.12219279110292305,0.1242236635377018,0.3252348472426815
1843553,0.1271018319997417,0.24093929032385764,0.31501076829454605,0.3854467632803873
1843558,0.1647664467107496,0.17431811259039703,0.12376902639622589,0.1453565154468908
1843566,0.08057140546868044,0.07201171175972011,0.018453241039047455,0.018500622410172144
1843578,0.9963456778438423,0.6679703608035086,0.7144070370881656,0.28189029969273893
1843581,0.26686671458991834,0.12681984126515541,0.09240212617050002,0.07569458161106185
1843587,0.24503763803782627,0.1939807589740774,0.11801982030026578,0.14153145254401928
1843590,0.26646938687444793,0.13705119788213008,0.09856324665986797,0.16857259703901695
1843670,0.0,0.0,0.0,0.0
1843684,0.11689550652893542,0.3690578010372187,0.0702405358902458,0.08434480152687271
1843715,0.4155085744893017,0.5468785405830906,0.2966846687062732,0.35081869683706857
1843745,0.13722305556124104,0.1929429644648219,0.09473287162126431,0.17687339019298837
1843826,0.07372538454674214,0.17741644552385893,0.19802706265368497,0.09592359563211181
1843848,0.5697371383205925,0.2822519057897051,0.34931440671330843,0.32569707009122467
1843853,0.3173633031135505,0.19433325929437806,0.07857611520200632,0.14780130354534265
1843867,0.19153734180761342,0.6961197882582826,0.27550994032026377,0.18321419459798355
1843991,0.11042619808919525,0.39019422062434844,0.016015192799840625,0.0956618320094913
1844002,0.5919904998718587,0.3921451103904423,0.13302707333284236,0.0
1844008,0.14150183332627878,0.07328978117569446,0.24791897393707385,0.1715927008326756
1844024,0.17786346724502697,0.1212602038831959,0.18659811182042982,0.13292438855340563
1844103,0.0,0.2152989049884431,0.0,0.2550081651773263
1844107,0.15196231989117948,0.08229497650821552,0.10645130260521528,0.052313553124330926
1844108,0.13155188189397427,0.21620583330354895,0.17685694196213447,0.12660832917913198
1844142,0.04608621783245585,0.14053468791000734,0.0608985939711733,0.11008678803201541
1844147,0.20299617845096424,0.12600154839043795,0.22794413961454013,0.2511998767201573
1844148,0.06264685719806623,0.07025985044817977,0.07079630760062798,0.20518638694765887
1844197,0.2551782089437491,0.2962528746284119,0.8217448360355181,0.1825851196385183
1844201,0.2162150588918899,0.38298449060862927,0.22438627767803665,0.14786232703441
1844227,0.10161877317982151,0.10946887070471285,0.06906727839988555,0.04861895683763264
1844238,0.20304574525263488,0.06699639385966125,0.3092066680121624,0.09401608283619114
1844250,0.06166154210714459,0.04194516177333527,0.04217248798000221,0.21446011308660182
1844266,0.14112245419621142,0.04149508031423884,0.09875451925364787,0.2815888568998796
1844278,0.1194469381804802,0.11386562948129916,0.10997166709831493,0.08001177864715572
1844314,0.06330135092759655,0.21845073670301787,0.14363349023199815,0.16312201459160264
1844345,0.4385050122693937,0.1968953169703668,0.6786136166819446,0.209407150317458
1844369,0.2581845717775166,0.5690822418699851,0.5159673860968792,0.220345555511782
1844375,0.04510070349566261,0.05657646027054201,0.10601442891397603,0.129117585929958
1844393,0.059206022601449096,0.037326028639982634,0.03662131469191287,0.02194761158170317
1844424,0.06263019896519384,0.11273310587950171,0.11622793309959426,0.05738767491517965
1844427,1.8625294754372093,1.3780323987225513,,
1844444,0.07048471850524528,0.1043557426410616,0.052006125817161714,0.04740887128056359
1844454,0.04981606584017387,0.6418684057342073,0.014569026527747405,0.32702617609682627
1844480,0.3474812603507316,0.2698917901348217,1.7463556993465592,1.7899935315856492
1844495,0.31947631870868776,1.6029595813468505,0.7669697187856868,0.9538262768934521
1844567,0.05423458649507448,0.0696287152800261,0.06760200235749055,0.028292062091610497
1844568,0.14303397739113988,0.19897810405557992,0.17619086451803148,0.2245404523541467
1844571,0.020155879474307248,0.04124027628592115,0.16968691376044698,0.04645718667542134
1844573,0.0,1.0615750069547039,0.3549326773608821,1.0143953317446193
1844577,1.7214122923266126,1.4175903319441967,1.6262251081932255,1.3207350966631972
1844640,1.1195076660896224,0.8566176684177086,0.7542972405843134,0.6811058540288158
1844645,0.11581063271292444,0.06744907284872526,0.10060738437478499,0.046173295023414274
1844707,0.42130077862545723,0.22653919172844603,0.42286277583694254,0.46589468986866267
1844709,0.4038882594763236,0.6956241214305263,1.0742499798041159,0.4166418017539408
1844716,0.025798648207645526,0.0924409259256071,0.03989150435283344,0.04792224038862138
1844821,0.2741812054503113,0.13903705177481515,0.011343347080037116,0.008323242744502907
1844830,1.0901230943666484,0.0987956590448374,0.12468253452624166,0.07069111376286953
1844831,0.12674766123382902,0.1853169836419598,0.19500989001181843,0.12865646212326362
1844873,0.30316593048663465,0.655606278657973,0.2686508727759176,0.33104779515132826
1844878,0.2915311852521939,0.2632785370273558,0.28559299592994264,0.49029138253795757
1844880,0.36420640763843565,0.29414740036883474,0.5666165785031975,0.13253797015212782
1844891,0.002847888863367415,0.005091606981005816,0.002434522600159383,0.008421358115360376
1844892,0.07236939292312912,0.13268371073635613,0.08729939558405184,0.09702708284523708
1844893,0.1914306392977943,,,
1844895,0.06872451791830414,0.12239557618633852,,
1844897,0.34310464120649825,0.25079893620164273,0.31958358425403915,0.4271798909859505
1844911,0.10939224180280396,0.8920982621352316,0.21842426220784203,0.8244029157729308
1844922,0.41869973621501955,0.37231823291334426,0.6856547998813722,0.16775253671893958
1845012,0.49085828293404254,0.7879933766420887,0.7133914183820491,0.7585617720077512
1845031,0.10948799772131619,0.14157076553230127,0.1411047123377483,0.00998115735686071
1845066,0.3990010884894643,0.4145837204124984,0.13780440960343837,0.22156804884831777
1845081,0.030230119267088306,0.024913660231049736,0.026036529833412096,0.08762134694435494
1845109,0.16371038191425635,0.21004223342013834,0.13515192035870113,0.1356343131947103
1845151,0.0,0.14978521667566186,0.0,0.004162899456193448
1845199,0.05617236055894284,0.10506713578321766,0.18449218469088915,0.10741798589623464
1845210,0.39213302659065774,0.12381476200703868,0.25670677281450394,0.00043098352762649194
1845250,0.4158302799387131,0.25385175290775264,0.4793682042491985,0.13625854693618297
1845254,0.014093405681755076,0.012526341350499497,0.012256971117526215,0.28097922305958384
1845262,0.09916696880798835,0.051392336194156625,0.08564818779702639,0.018808840309801143
1845267,0.0,,,
1845268,0.5777635149205453,2.1798499720649964,,
1845297,0.04648575841951233,0.002873324574992621,0.016426552481578875,0.0
1845302,0.6160038109159798,0.3040433508358433,0.6008475523429726,0.45604840838434485
1845360,1.6580275693989444,1.3711356499795895,,
1845373,0.11117530308809523,0.06640108587363817,0.03454521009491571,0.1927454160666134
1845445,0.1321846586395439,0.23453954624099652,0.29614425107753367,0.28523306724120256
1845469,0.09879570583725651,0.1177383331409937,0.104978091209571,0.10183139688982243
1845501,0.10545762632961925,1.0445239001961046,0.8149571521811894,0.718821341279833
1845531,0.16911714346124002,0.1984204046931521,0.14177175622207494,0.06629221485244557
1845536,0.06858399053618543,0.03976353693989717,0.09477658830176418,0.14773069158980373
1845565,0.593686454503531,0.17278008290942556,0.17254437536144532,0.1262436474930213
1845617,0.25267008408043545,0.32050716409986296,0.1497705876172644,0.14043203368745133
1845620,0.16068453899887436,0.03930713749830475,0.14392278604033423,0.13748833846387412
1845635,0.17425576677332172,,,
1845643,0.2746874863494115,0.07372270752081932,0.14444796051678627,0.5761224082684491
1845688,1.9458476161402485,2.0443046141643824,0.45200230955229276,0.3344342894255389
1845698,0.6075223815421104,0.3400498953321415,0.5789399463191004,0.710332224515246
1845743,0.27290986038745013,0.2602226963192768,0.3402894266472749,0.06582998212868184
1845766,0.4526473668576337,0.4733044100723696,0.31723486024556097,0.2042348625231628
1845773,0.8375084013409707,1.531388343173127,0.854661560625258,0.6305145659327455
1845785,0.4352860383661283,0.18328809080509445,0.33486234008367205,0.18584611175501256
1845806,0.26414895039011843,0.18204594853678024,0.26200444573505616,0.22803307637512552
1845838,0.03503180447229452,0.034984483067061985,0.03938499414929833,0.17423581235389687
1845849,0.002319776327558003,0.0017403779806761093,0.03324769679128674,0.007340310978237252
1845859,0.2012132879259624,0.38871649188161944,0.5725473245267753,0.5363903100620531
1845867,0.24804395015344521,0.17234746040897703,0.046112795891363495,0.07493037314160231
1845915,0.10724045625888881,0.319215802331248,0.16156102941991585,0.2068560686301078
1845930,0.23214806847759017,0.23691348054599562,0.6943971244074811,0.17424855577089562
1845943,0.14894134358860908,0.1513837343552914,0.17435370546110537,0.15822810317864383
1845950,0.04187385150971614,0.5935520564231641,0.05848492189869926,0.037846507726591046
1845998,0.37340638532474435,0.39984258230355646,0.6822079579302723,0.5468808330160876
1846002,0.3477575416521412,0.27371424175322945,0.04419108815382771,0.06844699211299117
1846013,0.0,,,
1846021,0.0,0.0,0.0,0.0
1846114,0.2433627212650772,0.23429535295399403,0.4800136647518004,0.5346749423828743
1846116,0.2510586406242035,0.0,,
1846122,0.0,0.0,0.0,0.0
1846138,0.09746151840275954,0.04444940976854807,0.05619591614192243,0.06094724959999034
1846150,0.1111107603996566,0.10615121183965773,0.08762817976577938,0.09121695256270795
1846151,0.5223497821323738,0.22207256617521218,0.11782484330352065,0.26592902092956583
1846160,0.2565493616313807,0.36960799207219597,0.25523194026508145,0.2045054716637649
1846161,0.3493145927587881,0.3498704829423759,0.295725651699958,0.21511244082694578
1846175,0.09654799454684908,0.23384640911302892,0.13809980922944642,0.14848402828261884
1846177,0.20428987188695363,0.21763753731186483,0.12008494759032468,0.1653630127284896
1846236,0.15264474444741896,0.09534017890803485,0.12890901072660058,0.24880138369184562
1846237,0.0,3.582033340638186e-05,0.0,0.11980894829840903
1846287,0.041377453093116516,0.2006498404684641,0.057568790290213695,0.10495649763475498
1846310,0.1569363019416173,0.21570530147099576,0.18029367403452728,0.245090155932141
1846311,0.13509214126290922,0.08052670664499617,0.09549861139468839,0.086248233934599
1846333,0.05888819602331839,0.08324214628803511,0.15809755281114118,0.49034195401300185
1846352,0.21444777416012958,0.32295114077801995,0.13441103605867438,0.13277630997485704
1846368,0.12411428972399297,0.31845101372114987,0.5710791577142418,0.3628675983325089
1846412,0.5097593226904229,0.6502053420222338,1.0658697516865723,1.2852617703174665
1846436,1.3158023396142946,0.013755308426924314,0.028535639446635716,0.16623876450016412
1846444,0.16045351720368042,0.10724451244029824,0.10523664227580685,0.46989559722047075
1846445,0.14336534919889882,0.2511501341324523,0.4359130636878085,0.20641681142184012
1846462,0.065440686343064,0.23046610612773105,0.0668820657916563,0.04527311511581257
1846493,0.13252049708978414,0.260491546177659,0.07154664322148069,0.04094662339300632
1846503,0.17764272477477805,0.06577568076514484,0.009264079705524985,0.064387383840561
1846505,0.0457768920679987,0.06786652454267944,0.07194197157341635,0.07817587417529064
1846515,0.05957865714801065,0.039607552279072866,0.03507446558684761,0.048412381928775415
1846532,0.20209520604951342,0.2907361164262463,0.1721816818012977,0.1648719342187287
1846544,0.4908704825518477,0.7413009033162895,0.9203174414181238,0.509477516783493
1846639,0.7819723114263006,1.4026052819005879,0.9080702214647834,1.2248091292193874
1846644,0.6204388240892684,0.12879590342352198,0.5438713695368198,0.13956913771155657
1846677,0.16970526130148586,0.23434155414361996,0.2096188369429973,0.1706155615771725
1846711,0.3165675992070215,0.11089436940371573,0.5826931305441173,0.15892953561908896
1846758,0.15935670361493712,0.12230301766138088,0.08504081264810998,0.26650146680084885
1846784,1.4046727127377578,,,
1846786,0.16052710766356518,0.6790936947806965,0.3486956471068912,0.12141030814401345
1846789,0.04624783867042748,0.11281268203931608,0.0857448192581745,0.04061675323089903
1846838,0.47504145437772616,0.328212716963953,0.8035663432299793,0.0596939647124037
1846923,1.4073402690841195,1.2823236675465195,1.4614097906054686,0.09333879416763863
1846943,0.03952481417620217,0.3032885994469518,0.11165027123748085,0.2873685679004137
1846991,0.0817205640063042,0.07829120257652564,0.08363532437298499,0.07471407849834417
1846994,0.577740953515404,0.5760544196956245,0.358239768013331,0.08880111225434482
1846995,0.17822463360530166,0.21375420952080051,0.15424234967476955,0.13068921619383322
1847258,0.42373992877705646,0.06252492019417068,,
1847343,0.22869645431458088,0.3387419769319263,0.27923523039264586,0.3263158648061682
1847566,0.29354888508118215,0.19784683612496404,0.21610519082912888,0.33245545554563644
1847610,0.2944462810891309,0.40257433715662055,0.14578401290349,0.15943910166872652
1847661,0.3067865789190062,0.2588588723434439,0.7453592181889728,0.4892035901120203
1847700,0.08145674329784096,0.08680763150469327,0.057649997600001786,0.04201025109898645
1847739,0.5433686217818462,0.5602493679922025,0.059802546258158736,0.2247346534357726
1847769,0.22891416820217783,0.35470546308590417,0.4853756431043806,0.22884031410629824
1847772,0.11494306916263522,0.21519429181044192,0.023615429550531652,1.2509157490697242
1847794,0.8704861982833536,0.20290701451571744,0.0037924663288661105,0.015779663237070377
1847820,0.4049986784613997,0.3632085065100432,0.22093107921294763,0.17618590013624408
1847838,0.11303562104710091,0.10221404957038253,0.19203243173495546,0.19006010326406833
1847921,0.15768452621053705,0.062408768714690234,0.16691986827812522,0.09855696407281647
1847956,0.17489461816978824,0.3118046471164126,0.382584580663005,0.06606731052792006
1848138,0.3771941002754099,0.602762242912385,0.6670437125590936,0.3134258890846733
1848237,6.822398635341455,0.37516375173353994,0.46953268601517145,0.5764916532681679
1848530,0.01330525638220021,0.016856679445999764,0.1733287846449485,0.012896687783908912
1848704,0.20323947224903707,0.09500346556872649,0.1729079545127251,0.18541462334823763
1848809,0.4738660989945571,0.5274187450287742,0.5170946681062956,0.4165298124417914
1849040,0.21721612267852525,0.19420276476815307,,
1849055,0.3916621175146978,0.25863660839580155,0.2581320132433571,0.12292689287168738
1849153,0.23474170894843924,0.29355429384711684,,
1849336,0.03478849584513545,0.06918987916084278,0.03246689322838655,0.09431710386438638
1849348,0.17503236051661478,0.6441904768272239,0.1029875989943071,0.1535806484554525
1849444,0.06296739473076611,0.12164077540719447,0.01991229077573787,0.1218606087818364
1849486,1.1811376038939694,0.7190800305318161,1.4573357438121812,0.9098831754008482
1849497,0.7870431611352399,,,
1849517,0.465133662354345,0.7204236216192286,0.9763417555747077,0.5692313416305599
1849518,0.11082756937162569,0.26694292926928076,0.48411704228750513,0.13460118188262266
1849561,0.25937382015034366,0.2173165882544465,0.37249201435645596,0.1291615725757641
1849613,0.579881024960889,0.6635777735725906,,
1849614,0.21559886692509517,0.0325963525139404,0.055987767135130206,0.048166116577065765
1849683,0.13603602637608486,0.3412182351545181,0.2634390145248256,0.016728355313352428
1849724,0.044932224242857546,0.06669799789215539,0.1885059691288069,0.21367280989131585
1849753,0.28986225116249065,0.32412197969892353,0.3256178537988291,0.533382635094592
1849776,0.20150781916191263,0.21294309622098176,0.09540183866027109,0.10989256642536513
1849834,0.001672062553636228,,,
1850694,0.2045197679631633,0.5187617157155652,0.0,0.01093995244146805
1850858,0.04534837963396927,0.05811864390359694,0.0689607733753568,0.04238417605733959
1850901,0.328097285710647,0.4481332691501653,0.7313214373376552,0.45963232663010956
1850996,0.747102270121842,0.8593162696911416,0.8931706978807645,0.7276175277449074
1851184,0.3142126752021171,0.22762311829650342,0.2865204341015147,0.1330890120576415
1851296,0.9107433595965747,1.237319595302121,0.9646258188529239,0.9507647508656135
1851362,0.18285578806461017,0.12729953857468915,0.12571657874425476,0.11571978968086027
1851395,0.1076197540542395,0.1068900531139103,0.1275624085804155,0.1304335076587149
1851418,0.02109055359288638,0.03598219304747448,0.03579026182018664,0.05821917667845669
1851813,0.15454879807160093,0.36903712656264176,0.05083458468791686,0.6276413234746593
1851869,1.3924836087890469,1.509227936092587,1.3686471279259322,1.214207753206896
1852042,0.13121472651456487,0.2625778463895478,0.36170330906773684,0.22829998164212617
1852338,0.38077046383304136,0.3359798610754031,0.23802513869269093,0.12367699790015137
1852688,0.5359022534744542,0.10038407715698473,0.09194296071103894,0.35647431743387864
1852808,0.6094278156812857,0.11077598270729733,0.031307259440152876,0.13037010666920928
1852813,0.5798147768323983,0.6109632889679655,0.5955787506240694,0.8360842410608883
1852858,0.282850760021271,0.3875105288061678,0.264282015526758,0.16932946074248897
1852894,0.5633334681198794,1.269580024280897,0.0,1.6722466615296523
1852930,0.12793043958568298,0.10291638730812626,0.09265246778941169,0.05331106685641322
1852993,0.126237525037584,,,
1853019,0.15128755036910255,0.24452900271502262,0.22355754292752705,0.27190656228161253
1853239,0.10228058124452881,0.07149533367976738,0.07669110883312465,0.11478493601414771
1853322,0.6110495446703572,1.0563193239841793,1.3145885836753906,1.4628346264433603
1853382,0.10462120520627141,0.03178362996263826,0.0,0.010645361972547864
1853401,0.07070342269933,0.10579754777438741,0.11988936576945483,0.1163112271988191
1853431,0.0,0.0,0.0,0.0
1853635,0.03117945367506914,0.21621287108282108,0.4650113689067793,0.1923063704353709
1854440,0.12447810594772579,0.22414382403748404,0.287467346567302,0.1498789876030745
1854794,0.18247053188730147,0.13865253425481172,0.12848407846721244,1.5477852097640437
1855567,0.2993374315362653,0.4896583734933858,0.5316781185896234,0.38724477495827325
1855571,0.04448096759907671,0.02643600573798908,0.020776922253806108,0.06713147956375247
1855655,0.5580915921332161,0.5567261443343843,0.5438891364889632,0.5462824419876173
1855713,1.0007907480412046,0.3533620563425531,0.18906400268955795,0.38457777020713796
1855835,0.0454130406598889,0.053667110662480394,0.0462715681509099,0.03823023508310266
1856022,0.09621563143539172,0.1598802244940526,0.1316411815015962,0.12978073431111747
1856083,0.7346873124616072,0.5563580346815109,0.5489135543099704,0.5013815688682339
1856103,1.5120579036551844,1.819418822571655,1.524925751253126,1.4658123581521778
1856155,1.1373639102592827,1.5567753572796155,1.3340100014685796,1.2016240910742284
1856405,0.5911089578952912,1.2471933124480294,1.1419415040223129,1.5068151307879154
1856637,0.03714125821806997,0.1963208504028584,0.20117741869783937,0.009321720969095547
1857024,1.1573291923310518,0.24620840031766983,0.0,0.4279540424607515
1857144,1.7846530669303935,0.17211134973533815,0.2748502819096657,0.10228312558925944
1857187,0.9646877360733431,1.7603708238249363,0.4974500192538705,1.9338861647673442
1857418,0.05321370813033439,0.034902962146631696,0.09584852067818671,0.10174114526975161
1857493,0.6877946446268314,0.25397680668640277,0.27013469507694354,0.26375520503830635
1857581,0.362497080840271,0.5918011269394539,0.5037172221622959,0.16022191202339053
1857666,0.11204309891512228,0.12222066835359349,0.23960364123025102,0.11279070234669317
1858294,0.10477220161132055,0.17749527185705777,0.1265265670340741,0.13536255728699031
1858319,0.23450381274412058,0.3150092013461175,0.38960695274289076,0.5084497109963673
1858353,0.32767241952171045,1.4063507467752858,0.9591204907952964,0.9847666040706822
1858428,0.16107894114410612,0.30411440027929426,0.2645017434559669,0.1253013530314496
1858558,1.7865824648902753,0.8019339047107173,1.2789621412416103,1.1796969907876147
1858699,0.04549748473090768,0.19526978127917446,0.036327906160660124,0.035562663465534806
1858703,0.09915780862096005,0.16187981988442562,0.6507202473157504,0.2702180901316594
1858740,0.45234847553297336,0.1623767926877672,0.4528389379203342,0.1753265293814793
1858782,0.20951849720185228,0.18944489442556967,0.3825072882782657,0.20739301064186352
1858789,0.07021617808071284,0.06521504484632182,0.07932336327535078,0.039832871021105554
1858828,0.05207371349269993,0.09826673299678389,0.10565316663730767,0.04517326670818307
1858879,0.9460346780265542,,,
1859029,1.7433812703517526,1.785370449159902,1.3775115739549624,1.692109766440227
1859195,0.22324777290291836,0.10564627232396001,0.1099112065988497,0.23864223472788393
1859259,0.269895617810626,0.5043772100754029,0.7992442120664344,1.1217423321408724
1859388,0.6180685399344581,0.5322140585205521,0.7146007420866264,0.9443995417609455
1859434,0.2941133601074531,0.1630423778763909,0.15556876651933096,0.09651661350275842
1859474,0.2594308909868008,0.1463066187737235,0.4683039454771383,0.1378006487472646
1859579,0.2303048628338563,0.19098874209222938,0.12487081882656088,0.16770305174982958
1859606,0.35613898722835013,0.1436566231401778,1.3722146502818722,1.1828951773109
1859677,0.12554363269443822,0.23364839695681727,0.20007777042483046,0.09461887151339342
1859691,0.23897447951826598,0.41951556122219225,0.34364959016053304,0.34482257201287864
1859918,0.07921275357453644,0.18352774669313637,0.16962697531641374,0.12609171322730578
1860132,0.6055923794476867,0.8971331664994314,0.44356167591646917,0.314880479177697
1860487,0.6073307077583697,0.7365832840629994,0.8867628093128954,1.0248371915327124
1860501,0.009001476393603188,0.023184005884890804,0.07782568919601462,0.05450988527970702
1860672,0.331876819618848,,,
1860698,0.29098325023519833,0.1999639835748964,0.379569845585612,0.06449137539136754
1860719,0.12948226568387866,0.09872176366074392,0.03176983966213423,0.04236952461972941
1860790,0.01700646732610981,0.011800909901536162,0.04456313078761378,0.020628409278626626
1860928,0.19547113839694194,0.11777689371575902,0.12036801818394911,0.0
1860935,0.042955555885077636,0.040356131142725384,0.46353547452461796,0.07299387023604417
1860989,0.9828547182772549,0.27224098945021724,0.04569043107129369,2.209790182858549
1860998,0.7674163822626286,1.34275242837039,0.819561403315061,0.8990543203705492
1861026,0.4793511660038678,0.13268592688160266,0.16461031147751753,0.2470834974574496
1861125,0.07243461523460208,0.13077789029346118,0.10154219570780199,0.03432435446569203
1861158,0.0009463299400374571,0.051836404545800734,0.00738021501355178,0.028257417506398087
1861159,1.247698989364021,1.4215837208183029,1.8143607198722813,1.4268692970742973
1861163,0.4018106072834392,0.586521639728713,0.3810407500828292,0.036977866113483755
1861244,0.12534168721929093,0.08560366683347624,0.0731744182975187,0.12066717323341333
1861558,0.15789426482463984,0.7543453223415099,0.12278275745440245,0.08971903828438241
1861642,0.20223825122831376,0.1990274799912119,0.19649222580357115,0.2600910722783694
1861678,0.1435710188514424,0.08638061726314768,0.2846800827895945,0.0370876048569663
1861705,0.4430520418072113,0.32746050271347266,0.42590290349509313,0.6184741673460811
1861752,0.030789178220706467,0.03303317642973519,0.055725373041306314,0.03292477326019584
1861796,0.22626176011548801,0.15841949349846465,0.27981142773959006,0.20765655411787265
1861798,0.22834114086208684,0.470432076844315,0.0758282617992481,0.5060429767541423
1862067,0.516886728202204,0.3311131680776303,0.6743324200291956,0.0821772810785117
1862145,0.592675221672533,0.36906428042753164,1.7669726722287342,1.849968208651972
1862176,0.06322518259237418,0.0640483162670916,0.042699751499160006,0.033584536157596816
1862282,0.613684911201527,0.15928365813547565,0.24811399831095793,0.8573379843004942
1862427,0.2022246282216484,0.4595920592033315,0.06935156075659364,0.25233961681882794
1862428,0.0,0.02854501741891068,0.04879485651114757,0.025547750071067462
1862664,0.5788597963960788,0.38478004840750146,0.41892678538275285,0.650337983480375
1862682,0.24325202431409562,0.2901415536216974,0.25933554083262456,0.4401945588363032
1862787,0.2529081276255469,0.6790122396941507,0.3144580406459379,0.2785546134560745
1862864,0.061863992541228596,0.2760292309718086,0.24087852173983557,0.1615550015012702
1862931,0.3484288903167253,0.18860349053379466,0.15757574389863463,0.09727677703999409
1862965,0.1415232903446341,0.23226273257878172,0.05772241609700843,0.04207502791028669
1863265,0.2036627113147371,0.4891398618519417,0.17092572928699845,1.0926524122294754
1863523,0.2059807381665193,0.14064227822734818,0.2039576875270136,0.15487273332569207
1863768,0.29672602299838663,1.2402468590818156,0.028945718638960876,0.33067964235316366
1863894,0.46739072631894013,0.32014723898527303,0.5819258339042559,0.43160152781131667
1864123,0.6598863626736949,0.751196841336668,0.8921725569476302,1.0241329571223559
1864229,0.8836427299058216,0.43385696991646555,0.058520668647311584,0.065348643303434
1864835,0.5667192867905044,0.7204564632457997,0.8243207182745973,1.0469142304708208
1864880,0.09023190281639808,0.22669661567558805,0.14468237358621144,0.23250138853102734
1864910,0.27619482470148476,0.17236484360643256,0.19179065806010487,0.26934626215948054
1864916,0.24338743118216669,0.08587373045740543,0.10584822833230494,0.0626428148922296
1865139,0.0,,,
1865158,0.41791792347774076,0.25587956746053697,0.32509092151840935,0.01658302418874613
1865966,0.12413631997703992,,,
1865991,0.004300532343709543,0.0,0.0,0.0
1866040,0.4112956088918812,0.7256697845186558,0.6305950416401391,0.1251207446109469
1866189,0.14040593181855063,0.30933084776802555,0.12038532527058785,0.2517092908064066
1866419,0.0,0.0,1.0297221846681592,0.4771989799652769
1866574,0.22993463338417724,0.26433032125580214,0.30583447626842125,0.2317950151304338
1866872,0.11464845698790127,0.39536447441119127,0.5366468112749223,0.15098810845615518
1867040,0.0012608600071070074,0.0067136332078119865,0.0,0.000171965010688177
1867570,0.22310699340470688,0.12453085625918485,0.12742697196507075,0.11901551689888934
1867587,0.2779126619056122,0.7753647243054921,0.4621881271781988,0.40723028203628553
1867731,0.46032815153424966,0.42576825457572237,0.7701613232519389,0.88653967562038
1867831,0.6486887267297126,1.057493199268208,0.5746004987696961,0.6563376581647501
1867894,0.5548467302341084,0.3602622244396657,0.40708553426449745,0.3567031543741451
1868491,0.3204145711460487,0.12181331487447612,0.133829708754494,0.31744281890411935
1868537,0.026910350891675854,0.0905156122900671,0.07645324785378924,0.10147818614955788
1868643,0.7156737379133257,1.1075554886087333,1.1776209818677366,0.5626299573263359
1868872,0.4414183105631037,0.4502029589351575,0.29005992787159457,0.2279565529419725
1868903,0.083193186107025,0.044021796736874494,0.13123989437198685,0.04245212744133579
1869028,0.0,0.0,0.0,0.0
1869032,0.6686641189768466,0.7399332204149494,2.0252416217689175,0.7199204306102415
1869164,0.13495770153509498,0.3222266356594903,0.3828552538782207,0.13738188188958092
1869199,0.3238546563870192,0.5122572453491692,0.42232839659089066,0.32879459914518916
1869316,0.12008032912014169,0.11061174892525531,0.033159850726487965,0.1092130914097077
1869333,0.0,0.26813370608404175,0.0,0.3262939958570985
1869456,0.004959359657348483,0.10658309564692073,1.9417830859786795,0.021698218571755534
1869470,0.5722143867027235,0.28875233307155057,0.4287068511318506,0.5094346779977125
1869683,0.7943939829153521,0.8712547541957596,1.1732528538756875,0.5891818006641133
1869923,0.024623028962321467,,,
1870012,0.17783007250512745,0.08312278836222346,1.4685135943292529,0.27843837334004434
1870731,2.80281814880659,0.0,0.0,0.0
1870761,0.06159969259454974,0.07670581994769134,0.11488188050900003,0.04175547438094033
1871593,0.317913588130449,0.1489538890940794,0.14490440166768756,0.17783960671284238
1871734,0.15520257868083626,0.15437420805187424,0.07740385989215572,0.05957049508370051
1872038,0.15676169884611474,0.20645732309074638,0.088308255420362,0.10177262332968837
1872254,0.6239023840758444,0.24586219099606169,0.03731110338397928,0.0936817720149568
1872501,0.5483312904938727,1.0369562741368736,0.6859585391875856,0.5794991973547655
1872538,0.21121422876719745,,,
1872738,0.6069524757144916,0.7628497525417655,0.8124492242812809,0.7841708103353809
1872766,0.7095726495033482,0.6535701836842925,0.6049379965984508,0.864190640645677
1872787,0.6687934095602712,0.10445335641719294,1.1997798291561674,0.581087269120255
1873063,0.16549867191690756,0.1325721826123353,0.11074748131831097,0.16516538757990443
1873372,0.4597405881274013,0.10554775513004974,0.021186446330750137,0.08402396002133024
1873435,0.12558790672368275,0.2633554196815015,0.021478781416955195,0.14115452988517485
1873893,0.5102884043213588,0.010884747728129699,0.15155246674466796,0.1783576459060431
1873989,0.029375871126870932,0.03703134762262818,,
1874068,0.19869930382465617,0.15530983409068158,0.05663502443857253,0.3651854246877108
1874081,0.061687641784605965,,,
1874146,0.27625343718786066,0.42006821735148225,0.0541938616541601,0.029203018623320587
1874374,0.07688962237055909,0.1656359372232109,0.09242334964163607,0.2277265184785904
1875202,0.9027251693741477,0.832278407279039,0.21858932404204895,1.9204683164039742
1875645,0.8203789437911715,0.5825745471650423,0.24920789152047454,0.12165373768391304
1875768,0.09814141193448496,0.22641858393828676,0.16142512703736406,0.13256202115766183
1875920,0.1446287627268723,0.3188862236521869,0.18538070802219514,0.06112133335670646
1875953,0.5560573789308445,0.2682464343055857,0.4259878783058011,0.41744464066872006
1876326,0.30478977044096905,0.1476251992951247,0.08423072450731468,0.10510977474292377
1876477,0.16588606759513294,,,
1876496,0.018233170644878487,0.10862864657834878,0.23965977333004107,0.09444170401180192
1876811,0.03536729064047561,0.3683739384768309,0.023334423807982733,0.0504501780624397
1876826,0.8054556696059527,0.9070117661961735,0.6065755377686409,0.984472174388401
1877090,0.16333734560985338,0.30281907215721326,0.19262032187955583,0.1323244220625712
1877093,0.3439555797346272,0.12382238234520969,0.43720328009321163,0.06639305970501558
1877288,1.5296607879486983,0.2507497966348831,,
1877728,0.7140053362932036,0.6810154471994754,0.8610608279095142,0.3740661622996224
1877822,0.027515210272973833,0.021679750998769412,0.019669124934201112,0.01678343806117235
1877829,0.07713827538585084,0.08647631285173937,0.04478420413793005,0.05395129298345161
1877892,0.0,0.0,0.017334391091243552,0.0
1877963,0.6025039147497973,0.45559566898182,0.5246415790688452,0.47486893971490113
1878326,0.27676561189890614,0.39514384709152756,0.8891838003239757,0.1443890896213934
1878495,0.3230156615070092,0.5075630019787862,0.5306183703927575,0.9857124303193171
1878547,0.06324606567442699,0.07346978757482708,0.02872142191540066,0.061366711087260946
1878849,0.3177197033181591,1.3290018678243765,0.011247804958795139,0.30297300643714326
1878979,1.0557409179592945,,,
1879203,0.07949852599297488,0.32728404945016915,1.1243188185017068,0.5879800541509806
1879206,0.16052128816361871,0.4044694713780896,0.21840920108231482,0.151461851810611
1879240,0.3907327348703124,1.0879513303904673,0.26852559066021714,1.1707341322078448
1879371,0.3770131147249713,0.3051918620221211,0.4209294464916904,0.05780120622977723
1879628,0.0,0.09996781930854282,0.9234344898434046,0.0
1879635,0.7592843238001855,1.384228698176346,0.7689509803449375,1.1381761870492002
1879757,0.20727025937668483,0.18173686262891148,0.15060339567036193,0.19108308909959407
1879898,0.2564855932909779,0.19094182297357895,0.00189098535010344,0.24495851299256816
1879976,0.0,0.0,0.0150753890622414,0.0
1880087,0.1136773297794016,0.10076832929626804,0.1323293948429681,0.009095492401697483
1880124,0.047335238044007515,0.20644056317634754,0.08703080286105072,0.12964250263792765
1880562,0.2066389737754937,0.5198767375475452,0.5451405755550597,0.9122316757118997
1880666,0.7189584563046009,0.7057368991728609,0.695725018735365,0.7948874514668696
1881490,0.8777145953305012,1.0614709540576832,0.9612060135702156,0.6893105797144445
1881590,0.4078073996028183,1.2283327662933705,1.1895778875887342,
1881755,0.06299148670020194,0.00333672594072842,0.12895379465690854,0.0
1882132,0.7365539442790244,0.2624944275068581,0.4723884845402844,0.297777700896825
1882572,0.27955418217406824,0.39220505356220564,0.294432131360514,0.14574947199255742
1882691,0.4699470481184344,0.3972431244917361,0.2946294413839835,0.9315627900150104
1883134,1.1488299905072954,0.07893068956870505,1.1905216889533226,1.7869809907832628
1883629,0.14948795611656748,0.6639528245085718,0.37400978647994876,0.05641143451178615
1883719,0.028647851154293393,,,
1883884,0.0026212834933999852,0.004298650340857235,,
1884057,1.9704279946505565,,,
1884252,0.19666371264695415,0.5380489455314689,0.36973739572163655,0.005273137986042914
1884716,1.1606886861841776,0.6318367895608017,1.1485427234812107,0.845637816834173
1884931,0.29592518746260443,1.0755995671382133,0.4932784960065689,0.26902937858961073
1885066,0.8400329299118262,1.3523457482130885,1.2776415513371269,1.3967116619401185
1885092,0.13412619241834756,0.008309502400057192,0.18365732081766456,0.12659529564544747
1885245,0.4766051136064325,0.017390481032712415,0.009752020545622669,0.10669516127118588
1885319,0.1878993343879989,0.20155888782899395,0.08927040066468382,0.06743747884722612
1885404,0.5299974261527141,0.825160498103121,0.8022603453353163,0.9392631458264977
1885767,0.11743846757106073,0.27720678387747266,0.3185931845754803,0.11134460562085698
1885902,0.006495791876739857,0.04156721041057689,0.007204254177079728,1.9828091627773854
1885946,0.16895337088662532,0.3446210158951122,0.3052129848608272,0.04943451415307815
1886506,0.8239023459458266,0.8256489184772954,0.5939818161884652,1.089513446670399
1886707,0.17524386695199934,0.24373015623280073,0.2593152938711851,0.22851942893555488
1886813,0.5714463773111219,1.6287608669676852,1.7660174253577996,0.7967930083815833
1887163,0.9251075668640587,1.1541757750205888,1.3169700829477953,0.9913440092015954
1887190,0.009625630407432095,0.1052177433104684,0.26201281936683196,0.48524078901267065
1887492,0.7476217342316483,0.7063468511578455,0.9708463104562308,0.8593028665704445
1887785,0.0,0.0,0.0,0.007567387041419833
1888482,2.0698968925290093,,,
1888541,0.20113278060434167,,,
1888610,0.4757539312546744,0.36670439965503654,0.22629874193898472,0.24932958821602272
1888792,0.4786218372996606,0.07844617681486177,0.036752559011916944,0.08069219957289672
1888831,0.3314499774082626,0.7531982433307436,0.5229730576706704,0.5731197841327789
1888968,0.28645049678619866,0.3955279966112456,0.6488429382944579,0.5865345347693587
1889147,0.10437788290004707,0.10583254994094819,0.0,0.2463343064085746
1889322,0.17994180345561253,0.1882291750324163,0.1624119586517516,0.08594021953708643
1889527,0.042367934675879314,,,
1889663,0.0,,,
1889830,0.20490368367495496,0.00013043055536026714,0.15570228528982194,0.11902445446509778
1889893,0.0,0.0,0.0,0.0
1890149,0.11670885455202819,0.24993963426188245,0.06505169062468619,0.07049230253447512
1890183,0.2747065200208337,0.552824359025777,0.10228760144285964,0.15549869687575105
1890435,0.371826066690327,0.19482318687416897,0.19639189118849307,0.016678696287392516
1890698,0.2765036415188048,0.17618536677603588,0.07603576313127983,0.307783089599527
1890748,0.4436270369053787,0.5205986251596352,0.17485203921992815,0.07388961791174262
1890906,0.25061856841820174,0.21897877227305992,0.19351728646680236,0.1787990215437921
1891201,0.10401020885144646,0.30696913414007015,0.07867831216273358,0.08979438266531284
1891240,0.1411301341382185,0.13826941741033963,0.10559063643523241,0.18731421238461168
1891713,0.08282213310684013,0.1460843945048865,0.27712160330827856,0.10856575134879198
1891795,0.07604605806637259,0.212596454964881,0.033910246721073664,0.019310406653722675
1891904,0.14714523171046298,0.9972923091629807,0.5288043658374272,0.253891292424862
1892134,0.2514913425412159,0.182707389166308,0.18698048686456714,0.1581672454392414
1892378,0.09187958156878773,0.1763299147658424,1.0269649500373443,0.4136623267551822
1892770,0.22997223470666447,0.2647608492069375,0.2773604911063316,0.2828907580553527
1892772,0.02043383166196377,0.0,0.0,0.0
1892929,0.19274091916758207,0.9844622986859763,0.14716431031263932,0.0965022491022101
1893143,0.0807075874671058,0.11743097963463299,0.12156823534208205,0.11763122773633264
1893159,0.08515812687762885,0.17436234367659767,0.39221672818555964,0.05425243975767337
1893327,0.04183345573603122,0.07629503066971789,0.036699946353557486,0.04593429996414645
1893403,0.09671460415588522,0.0999361327320609,0.24254951974226766,0.08154431095547468
1893809,0.38336582933610536,0.3441839550557471,0.1265464868980532,0.21772377676143767
1893840,0.443326074653263,0.4277500662687724,0.14092961028917345,0.03588031939412667
1893893,0.17972378885589013,0.1742669225944693,0.20957875148630986,0.11078404881588243
1894044,0.03763052292130294,0.03276079988827888,0.37873661998988656,0.6002171264514461
1894164,0.4259400636013629,0.7001552783420915,0.43028034688591665,0.435624315007357
1894188,0.09902808232599183,0.33853652931184697,0.28006462281462985,0.15895980194846482
1894203,0.05125965308017875,0.08728347999623144,0.03589556715696618,0.31940334665851744
1894206,0.04724852772007168,0.05278882167347263,0.07813602654309301,0.023277988730396222
1894484,0.09435263273048279,0.24349589264473953,0.2706844614890497,0.5859530988450592
1894532,1.44099808806688,1.087910898256747,1.1869631905561873,1.1263851294852927
1894543,0.22349080512178304,0.14509013614300648,0.08796172455886841,0.039596476927955364
1894571,0.12784035904008206,0.5061460426017513,0.29435301243464534,0.12307151445134351
1894830,0.0981407638697748,0.06865882340091803,0.14052161364281754,0.1686783528758826
1894921,0.06739219805034487,0.11889295260209531,0.061405218645750284,0.021837677602688087
1895252,0.2260558984038657,0.261189784506577,0.10653334162995606,0.10297432259009275
1895362,0.07008423203839798,0.14768188126511209,0.10739942674792029,0.07762334670692224
1895423,0.0,,,
1895612,0.18918225126767257,0.15311176904721477,0.2653571998909241,0.13017848539995583
1895678,0.047092721283681555,0.06767717028675477,0.14275390153416614,0.04349645476166483
1895911,0.08819154894720617,0.0963059633330438,0.03596740699187626,0.12090993639064726
1896379,0.29928699992601493,0.28519994790948067,0.21446163063909152,0.43786317649624046
1896419,0.189659612250947,0.09863837012594572,0.284186711991434,0.11203948711741762
1896447,0.184868794209687,0.25357974561545454,0.19092288677919741,0.10237722698452822
1896711,1.0947812147068812,0.2454948396421756,0.19351042239282756,0.41692815889557383
1897071,0.7349124554449378,,,
1897144,1.9191872023758902,0.5871762340714776,0.777727062944352,1.5198311519224925
1897835,0.678602969895534,0.09244123464071181,0.05371035352552284,0.1078346189970308
1898131,0.45883301158654843,0.46188347601215285,0.8021857792782037,0.11606750119504955
1898145,0.012201820002972626,0.03423523261206824,0.010311589003505418,0.04167012960344708
1898282,0.4015527080167663,0.14813990298922422,0.08790832975896379,0.07288153046846281
1898296,0.09962444127249365,0.21253295839139516,0.22855031221234826,0.18672747245364066
1898772,0.19029612193458137,0.20903130794009878,0.24077234565845726,0.07266589553205575
1898838,0.13510289156503427,,,
1899059,0.3050977711966482,0.13205489056260578,0.18361542045584184,0.29459007617229604
1899146,0.06736010453706577,0.029640221460299262,0.03863059374592369,0.11198493653301977
1899753,0.02184521251834355,0.03033459900803651,0.02249644827376554,0.039531552026938144
1900099,0.07457661344954994,0.22667481209810578,0.050888856097317234,0.043340608351932056
1900110,0.33584795014632585,0.17863362489616658,0.10791513241648813,
1900195,1.8197503692645691,1.3442949428280362,1.2590575042350025,1.826484801392281
1900406,0.04974519431073715,0.09152032704505893,0.06392417707966744,0.059553975216908
1900409,0.08394194082354182,0.07237370708037169,0.09346717001067394,0.08530611777225794
1900481,0.17416321923766354,0.4187925323993183,0.24056547345042906,0.2272946909546113
1900576,0.31005725197770634,0.07560340237677265,0.09022217337736613,0.05832538233304095
1900584,0.4847296303388131,1.151773779825241,0.28215638400484705,0.2621857526720716
1900946,0.15433286527713055,0.1064377062957326,0.04613792864707508,0.04402812666235761
1900990,0.6354853345320546,0.5774175998266344,0.35347233307788223,0.4194821752735572
1901055,0.13101389286530662,0.3371134545201457,,
1901146,0.8565930478911383,0.7736561449046594,0.705434265124639,0.9814157188745489
1901166,0.04138244556303003,0.04289853529788972,0.08455255590783217,0.04738099589261648
1901222,0.23514542361509158,0.2724830139265918,0.6083490567165387,0.1110365516556268
1901275,0.10533734606794326,0.2758728587976171,0.2848546447847138,0.9801018171009303
1901361,0.8905499847504267,0.5494144513156624,0.8855131470414414,1.3170181981214186
1901384,0.3429813019299593,0.36844167462017613,0.16979724738132912,0.42501476087652384
1901403,0.06820538546962142,0.21935348626848417,0.12195485225281504,0.1685764917223501
1901865,1.504570262608777,1.0873247338934398,1.448912731034443,1.2046949613399358
1901929,0.05230591468038338,0.5453095037918848,0.5383489660961052,1.765302439115247
1901930,0.0,0.0,0.0,0.0
1902024,0.03215580127183374,0.0016186115921179931,0.12070093629092357,0.09729267117129625
1902501,0.3564526294272351,0.3692125557428814,,
1902506,0.31928330951215694,0.5837109718349704,0.16491928842646572,0.16851848373908193
1902567,0.5962261782150147,0.4811280071552661,1.3314595010504844,0.5649084325711187
1902806,0.24043352828959133,0.6054281545514438,0.4694524465364888,0.10493039364769165
1902826,0.2683012806301073,0.4230341764889133,0.3131941405494472,0.18357107430063876
1903035,0.11417145423382848,0.12960884539453968,0.17954319408954222,0.027812659568194783
1903044,0.11665041739646691,0.21885958761167348,0.08210593308340272,0.03405027198632261
1903055,0.18155083514899684,0.15820407648452117,0.15225783782768237,0.14197443772329932
1903059,0.6272351862399197,0.15666209866652242,0.6024636494663355,0.3117998802401446
1903153,0.11219826059920832,0.41517173451894307,0.31374352067512684,0.16049191977145105
1903273,0.0662491158737526,0.07782192399803355,0.0318305628053671,0.03534494252928632
1903296,0.34577051422574656,0.07417855976374305,0.19433306059780597,0.3894838448769544
1903320,0.33467293322744146,0.09337381489421397,0.08295203750208797,0.2010281281915514
1903321,0.06155108294562846,0.07137655120846377,0.08431841672508847,0.07411031510627629
1903579,0.03747963432366481,0.06175673773480746,0.05583087652522033,0.028708772702170607
1903786,0.26460293553120334,0.6723497034489622,0.19634138669883816,0.18860199525879898
1903793,0.13567667398583308,0.2858137419850882,0.28969309088014006,0.13272916532570372
1903858,0.18672884296512066,0.09897271167396425,,
1903859,0.0911529483925591,0.08284985930712052,0.06898358844816739,0.09328710718999968
1903866,0.2631032663965409,0.16823446864481204,0.21738719609874552,0.14766864758284745
1903880,0.13020184307735902,0.04077809591725318,0.03588098719782331,0.07753199376677267
1903883,0.013008295021598573,0.23181445474821116,0.2673313009519981,0.08328815032324491
1903905,0.1906771320204627,1.1711904221185723,0.6779410079970027,0.3575292951597118
1904020,0.04398066545456321,,,
1904033,0.05593033172039776,0.0586901330484288,0.037382978792542085,0.19032551449040305
1904067,0.10738022989660362,0.0091598748380805,0.25704392005381116,0.7016722680736346
1904126,0.4536810545175308,0.2341143370612439,0.050339341813104434,0.026138038296967286
1904152,0.06676641198736012,0.2528625300355886,0.22308607639794586,0.03977421135022872
1904154,0.03911262627833467,0.12467121175414199,0.17101381334964003,0.025979156341327646
1904274,0.22946985046917137,0.33374602117302915,0.15429341388732698,0.18769202360501377
1904323,0.04861919371639629,0.1301435189010625,0.06610829514028065,0.10625790518035554
1904326,0.09405885916163306,0.11414599924159824,0.08819593172579719,0.13231233625561822
1904373,0.22988165742244163,0.3162834076847326,0.3450533221819836,0.4066970241689342
1904388,0.26846059126941774,0.38631356991473087,0.46113179127982806,0.16202807563460672
1904423,0.1293859406865093,0.6465932721382008,0.3891056924222647,0.08461035978677629
1904425,0.08307108115582762,0.4292554731345056,0.32036478062918805,0.22734693881326673
1904431,0.36322407558640285,0.3037218015231942,0.3360331304002843,0.32242027713395816
1904432,0.25057914181140795,0.1770522507502324,0.18830245723309838,0.3177363587122945
1904459,0.2201827950307426,0.12283003195853136,0.9672277806119821,
1904477,0.07965649817741954,0.12548146558533357,0.2967181213194065,0.06746071280065151
1904607,0.14878575907893088,0.6491913054184426,0.7433249654745074,0.15644362616303678
1904664,0.10139745468455048,0.11127398227143663,0.40669962451866504,0.12189723498017796
1904677,0.10064994008968514,0.09743154006087532,0.1327191159141524,0.10059635358484884
1904770,0.22289694308077276,0.27916977650382113,0.2675985567924003,0.28717262032289564
1904821,0.12016869201882367,0.21841148884535533,0.07764740255377654,0.019615880009102866
1904822,0.07393828442479872,0.2082768143689024,0.1870087963099418,0.04340162134422861
1904825,0.5686747596564878,0.4913983038571642,0.27245292548972777,0.5978821227521424
1904828,0.28734390317110475,0.11819701820511884,0.2871843079149227,0.20840623589404192
1904832,0.1833403939697353,0.13558186466598615,0.13618780274786071,0.08515689494982683
1904897,0.5750926283604829,0.520537061340977,0.6487272708746272,0.4828068780106148
1904906,0.2755544562280593,0.32500114617185577,0.19334438467397239,0.30124059187504254
1904976,0.10188104869837716,0.2716869559432045,0.24519126687203638,0.1349110939563579
1905083,1.0418756268277882,1.2712626002473724,1.3618045413681124,0.9228179324019191
1905084,0.06319582401908867,0.10270025079834783,0.36420094337642117,0.09120660564041022
1905092,0.03497344694726815,0.1246094075290544,0.31933508335059885,0.02947159751334322
1905106,1.0977002832266989,1.3986066825214212,1.4102139299820802,0.7533307023003969
1905111,0.20209502455565712,0.13272317344670007,0.314367856212996,0.7374529143472026
1905112,0.46183998888156275,0.301560621464396,0.26357238603744615,0.22030428999338325
1905128,0.17989463751007073,0.5186064590371976,0.4742187345931434,0.20029644104572708
1905162,0.015943481412050233,0.6209612298748184,0.33871807443467067,0.0049993107942313255
1905198,0.1487334415023313,0.2247865624418091,0.14392533465503887,0.08254152832676839
1905367,0.024967459153441444,0.09928290652046137,0.14849531355876022,0.05913945745434096
1905393,0.7120269868188738,0.9541185167584302,0.2549337120907498,0.1746799529249496
1905644,0.04417133328831912,0.0012213435582713724,0.0020341977430877456,0.010703754354954251
1905662,0.23005079595650318,0.25327682662744194,0.05976925685803212,0.11848564185867852
1905663,0.02345018551430838,0.042579543229279496,0.028358536714547564,0.03790859809617805
1905665,0.04152310950820928,0.038868392108758684,0.07235910188682514,0.03250713585475077
1905669,0.1069669888139721,0.2280995868095742,0.1354401734098382,0.14167166046089472
1905673,0.09590614466400743,0.13931548795054804,0.14412557318917904,0.07786937211429096
1905765,0.041173094354688924,0.098691105362148,0.2065431105464668,0.06205217196413662
1905809,0.3015762807799856,0.22914834796571912,0.03344609965595278,0.3188060641272331
1905867,0.15259158474812828,0.4341042626682662,0.31403681998929,0.18106899215393765
1905875,0.2364060903207674,0.24621025334070162,0.08595300246471449,0.11669424909471084
1905962,0.07847865248325565,0.13274845446277006,0.22466252880155327,0.036169866879669964
1905979,0.21189951035874302,0.139228398033292,0.39258713567790404,0.19765086491738407
1906003,0.24778480773118278,0.33763648238405974,0.6368170858474336,0.5548773170406422
1906014,0.04389106189682238,0.44314811389781994,0.15449868714196502,0.19647468700598278
1906202,0.04438700102996673,0.08225621116408498,0.11051583848875261,0.0384089226229258
1906223,0.06682299922657783,0.058857897573871144,0.031087895288155445,0.08122178946384609
1906227,0.21064056794723482,0.056449407310345305,0.02663262339571557,0.02980984216278389
1906275,0.29469601423162806,0.14608476836290496,0.10156808255497955,0.20318215792609126
1906349,0.3630262999295346,0.4416132995916235,0.5512151673192857,0.16988213866648086
1906526,0.14111632141878963,0.0,0.0,0.0
1906527,0.08750410576786481,0.13945269650139586,0.03004696234531491,0.042725194876675796
1906537,0.21961612347109905,0.12777627323271193,0.029167719977719025,
1906539,0.2678545394832058,0.4560517215619896,0.11184668767365034,0.1750904464690031
1906547,0.0781934772841457,0.21348199772313622,0.23320341007316084,0.02519255946755606
1906572,0.44435282937884907,0.2633956172081146,0.1271877947547572,0.008393511146698349
1906594,0.4935761516878991,0.47293496289306225,0.47882661610771904,0.36073910548154403
1906602,0.3765194610042434,0.1982761763043291,0.1957795977274193,0.06950002009541446
1906613,0.9164503460631852,,,0.3493635293809874
1906640,0.041883149137066054,0.11284498777296782,0.026087021234847827,0.03474235874514872
1906649,0.24115267129092066,0.7080205811054661,0.6523743450538548,0.44461454158531266
1906656,1.9023560341480983,1.996791331455977,1.098497684920727,0.3919787341076225
1906683,0.13721707737668962,0.14022021784664226,0.12398166920983195,1.3083090397356
1906711,0.15037496512404433,0.14348422528349788,0.39584524924599424,0.35324255386518416
1906719,0.04884142898711127,0.13508888714586553,0.09134740036599338,0.015006271161870071
1906766,0.09711192127171386,0.20742828836535895,0.12466819364791891,0.09610239513892181
1906790,0.0633817064835121,0.06316153213234513,0.04716122085254257,0.04108792302917232
1906793,0.7794578994559804,1.4046274314644929,0.9971038740939427,0.6430552231157877
1906798,0.13229432772099195,0.28322841978185836,0.10597588276788915,0.25282667867223846
1906799,0.10737146330339299,0.33727622375012434,0.3964924440807651,0.3546611051566088
1906802,0.053000320211784024,0.09942576413750344,0.049436597224121644,0.11008932142514499
1906805,0.12494671824325085,0.1781366750442534,0.4565826687443153,0.05562964529778999
1906806,0.299847926963657,0.3687512802990162,,
1906866,0.19658513015215096,0.0909542472004909,0.150689910354163,0.15081780872808268
1906937,0.05266706212663436,0.050015649107029846,0.030048453259957954,0.027525541140890987
1906967,0.022778582047247087,0.06893312864162314,0.04767508072058932,0.026035060373817198
1907054,0.2009516881592105,0.14670435488464856,0.23171863342346202,0.07886240672892368
1907092,0.059432097431301005,0.19524386208678815,0.12610760870912108,0.044255041144423975
1907157,0.36481097785935546,0.3535791407387485,0.11062548026781562,0.14951198720934172
1907212,0.04181822063595397,0.04816969089589043,0.04510483715914846,0.025035714572058606
1907240,0.0740054462813275,0.10486971937438272,0.4320833499046537,0.5825370721734151
1907254,0.0957396071227015,0.248059651803882,0.07796403596614232,0.09387420397943011
1907281,0.26395789517432305,0.21037189584794355,0.31258219090883327,0.3923736576080691
1907294,0.07456489255228135,0.07988631080489607,0.21760942558716773,0.10988204551707019
1907320,0.13873878263382025,0.06789806508048103,0.05467376399782503,0.054853671746577855
1907327,0.24652632860529217,0.26578623756968,0.06710225197321627,0.04203659710180623
1907375,0.5558587943021315,0.4827871016753246,0.49618408322742086,0.48786298463962685
1907433,0.050286600498792494,0.06972559325603515,0.03274818931731442,0.01125793099177517
1907528,1.1627786995360834,1.0183020035480852,1.2643576290603715,0.703768894052376
1907530,0.0,0.9384376422289712,0.10627979634681291,0.15293319941882938
1907544,0.13578463275869745,0.1378518257712245,0.10457245447574856,0.6576932136247814
1907552,92.2505330295856,0.39471636372316915,0.09920598498908131,0.5475162872714379
1907568,0.48621749926427316,0.741920461995375,0.9637794993486408,0.7669914624926799
1907666,0.49026846497665616,0.6191314628576674,0.39591532854273487,0.21440814984645956
1907802,0.04268436367754162,0.11894544856220314,0.04805510548329863,0.045843610467104105
1907803,0.23196024964321715,0.1763958634077184,0.15495161702125174,0.13658344455452745
1907809,0.13790459443429232,0.15531312535784964,0.23130310670016827,0.21936079329488611
1907820,0.339217148337074,0.5694026317590293,0.5003827963187008,0.3160560240034338
1907826,0.07772362067361457,0.07029061339752343,0.09358450621855878,0.04587406399786437
1907874,0.20489422782830324,0.1425652848929269,0.17616313926538948,0.10772248729218425
1907884,0.8452527056914863,0.5513504567024375,0.4529838846428308,0.44208927890757727
1907898,0.14419989241461384,0.15261514882583055,0.14771569452937564,0.07414101805881305
1908065,0.310606339487386,0.09942474504891483,0.04180966422555977,0.0056011132955552205
1908066,0.37847437237061315,0.3284588786715144,0.0,2.07498774297689
1908070,0.08174325059281112,0.09787006522468228,0.031180596495609395,0.039365148999629694
1908099,0.2642164051160131,0.17541682593195757,0.21020097176575445,0.3609783069596194
1908108,0.04897628338465374,0.042224440390646864,0.09609977903917791,0.025774080640940944
1908158,0.154677390295493,0.31951147744805064,2.1391527927326126,1.9650606055539852
1908165,0.002508757355237017,0.022895263421268578,0.03140107599158516,0.05705977034851828
1908167,0.08495488497705564,0.10749802874798031,0.05155481772093149,0.08984572313279196
1908169,0.13097161133706628,0.06900221869223375,0.09236150151151072,0.09230889271605884
1908177,0.14329113874881816,0.13028914875878372,0.422526721547598,0.0702636698590918
1908186,0.05055504519519782,0.07528334149808999,0.13422933011136506,0.10629137870583999
1908192,0.0725692207792121,0.20073589597695835,0.11884510274498286,0.07733568900281335
1908217,0.10128830255381567,0.18031274946123968,0.18800856148441009,0.3246992502438861
1908275,0.023665246510319374,0.05080959153232215,0.06099709062610746,0.049663079957952896
1908288,0.11878539404942276,0.38482005150510057,0.07603329090534185,0.0829804836653262
1908316,0.055100492140753056,0.010291339549830449,0.23329671065118565,0.0773879167658722
1908378,0.2519990524673109,0.9601846112465878,0.1352321032402828,0.14077830957256607
1908380,0.07465965448744248,0.16600768618181574,0.05306419604579305,0.019701803366092556
1908386,0.04397890168043976,0.9516618992026685,0.04909895050373417,0.03161150028721065
1908404,0.6633886934198563,0.24735007601425205,0.5240810246107523,0.22424413840128238
1908423,0.042413630943441014,0.048187714535552324,0.052591782071816154,0.00926921324865882
1908425,0.10642564671787705,0.14433782629341105,0.09167375616188711,0.0813357119114906
1908433,0.13436762730224336,0.22412485573896546,0.13052349991987225,0.13126650187745212
1908462,0.14181557235528172,0.32222565291127003,0.31206668934123455,0.26463766316190807
1908585,0.05681372785995627,0.1448628616116021,0.11099606555345423,0.1730864169592793
1908587,0.03712841960304539,0.7727812848189217,0.019154530447617148,0.02476253380598085
1908607,0.1957756210865262,0.1472189176552586,0.17918968543689914,0.34710992945464786
1908611,0.041053725892897394,0.020145015210124257,0.1181249119936049,0.07760732861192281
1908612,0.16450075740207346,0.4349760739357989,0.4669804172748348,0.2567837610136633
1908617,0.1842922876695253,0.09321112119801449,0.493968155383383,0.06427058350866459
1908685,0.24710576324400896,0.6789865086363719,,
1908695,0.04188933884030159,0.18441666504350973,0.01524514852136856,0.03255531745704755
1908737,0.0,,,
1908765,0.07399480350625308,0.06303849916170584,0.04875625526170756,0.034209406181886545
1908828,0.12515328243184665,0.0755157368783802,0.07401373932114841,0.06805885084631094
1908859,0.10064718133267375,0.16330663361137604,,
1908879,0.13679144319063657,,,
1908885,0.13430076753003237,0.09265868165624373,0.16047613664939997,0.01104902953886011
1908893,0.13389744766182557,0.17881193673567197,0.1521747022391548,0.06294300308065773
1908904,0.04849194460299177,0.08302139306273265,0.11726934287258883,0.04061239941538326
1908914,0.27958753008773757,0.5930058605831368,0.2553897574997863,0.33437912330347713
1908936,0.09053068668517801,0.08876898807953199,0.275297824108034,0.1560463090787352
1908938,0.31421918527348336,0.14194129828844676,0.052058844062218855,0.4650692682993823
1908944,0.2440954689417649,0.3033406656103155,0.12248007673584729,0.3609607412456174
1908965,0.018933074842747668,0.1055822815725582,0.5944144611321857,0.04529604087566864
1908976,0.5972283072667738,0.8453718642987291,0.36340075241434744,0.49357044593329585
1909054,0.12625152471857043,,,
1909089,0.7521855332864795,0.8270088921100707,0.5299307803248747,0.5524890806033683
1909126,1.2085617135271887,1.633611488194592,1.954824968450174,1.6541426138248145
1909128,0.1419529214716844,0.0634606832435166,0.0888478172584196,0.14821885903126777
1909147,0.744724203627526,0.4720226352212905,0.5202212636508603,0.39019384158098175
1909180,0.4051366207207372,0.1842284562393542,,
1909249,0.06938491687189903,0.292384564587933,0.15152515417127124,0.26022006184392393
1909251,0.3511035146013488,,,
1909304,0.15214667870303125,0.14092003934126743,0.16678055314746462,0.14463253781828198
1909316,0.07275913140824214,0.11524217672086584,0.1097188418450252,0.8031706336843735
1909319,0.1383712417469738,0.10273191003180816,0.12857374192160861,0.09645819878725016
1909322,0.07248287528219897,0.04786370684145238,0.1363377615628872,0.061051519686352314
1909372,0.0,0.0,0.0,1.3368695382507723
1909380,0.198631820394314,0.04541348845438507,0.1259035561299793,0.0035926823461254176
1909393,0.689953657467911,0.6686061413066747,0.970700238592965,1.230696619277435
1909565,0.047668268405332045,0.0878807411654719,,
1909567,0.25342496425162914,0.19296572412188998,0.3856048935602323,0.3403658584886389
1909568,1.2329966111545088,,,
1909569,0.17636306741527905,,,
1909572,0.022331483633373,,,
1909617,0.08123730775976434,0.0,0.0610125087678579,0.0
1909619,0.5401931460802861,0.5433182366034537,0.5431295658456787,0.6020037507870941
1909654,0.11805251699547352,0.18109053065211692,0.25508345742499694,0.8117894323518303
1909664,0.09661528710172415,0.17936522220807302,0.046992634503552774,0.1662320177428625
1909750,0.15303598348316497,0.18405660150322947,0.13266747895336162,0.08243868911807173
1909760,0.0594915316569777,0.027786122758160635,0.16748811326152505,0.04006478347310406
1909798,0.061965828567243454,0.23955159758761777,0.08231556334087464,0.028456834726431502
1909800,0.22568017939640692,0.25325611582808444,0.27020023192874465,0.17171771422877982
1909805,0.10172556684327853,0.05505156972655294,0.07810525752058677,0.0676588549083505
1909816,0.2302115847829812,0.6475431520828859,0.020107175998393945,0.048317001738022086
1909828,0.055557384718925275,0.06034791233984627,0.06919989545170208,0.032584863569680475
1909846,0.5974131522930145,0.3431311142140257,0.3835660829178154,0.3872906545273321
1909850,0.0,,,
1909851,0.14047301989260652,0.14709926101382478,0.11955109735568685,0.13986833021485823
1909879,0.09609831384447116,0.41362493147007723,0.25615389647316616,0.6259807240460394
1909904,0.30921115812565403,0.21045745111966876,0.5929584400708248,0.4853719172357179
1909993,0.00992954896707854,0.00936311332810558,0.006862194026464208,0.01279467869623135
1910000,0.10613567892386291,0.16390980610218167,0.05927464697923331,0.03773365942867105
1910078,0.5034749546600905,0.07917690661274172,0.05977230837306454,0.16093364719300068
1910112,0.0,0.0,,
1910146,0.3752623720399725,0.7980365815994312,0.2359902129418697,0.1042832807439542
1910154,0.31591380875436303,0.49617395701873435,0.1556234755815244,0.21337805155026848
1910156,0.0822714792628808,0.0,0.055200414648301895,0.03336144902104324
1910168,1.317048829900591,0.2727307590527094,0.502913592909383,0.20494831046727044
1910173,0.5096085175213808,0.6466274188805738,0.5706683180203601,0.6165933470155368
1910174,1.3944626600481305,0.3051070531419912,0.32413669798747996,0.07283601724686946
1910179,0.5002450738314582,0.1908855615911248,0.013802679163129924,0.08541983554329745
1910180,0.014581040437884522,0.09178435572420145,0.16250702944045275,0.05647948405161495
1910183,0.05140786350359554,0.1298257745810516,0.11433212444208664,0.04756496300481261
1910185,0.2142742036262373,0.15086455466147247,0.13282614680302438,0.309867573793601
1910205,0.029298728680148125,0.2465224064437782,0.10049536208100436,0.11563874973456753
1910210,0.1439951937025814,0.06378334440854137,0.13255158463230488,0.19366156402110427
1910248,0.07034422284392414,0.027849232861934633,0.050546064667898655,0.03291944719775829
1910264,0.0,0.14170636060954062,0.12770619707427638,0.19629161274335713
1910273,0.06561903763722107,0.09812472228165713,0.06833349856987905,0.08727574436023773
1910274,0.008583377816748656,0.0,0.11481980003731189,1.273101317547958
1910312,0.06511273892069966,0.2322940499037857,,
1910313,0.0,,,
1910318,0.0,0.0,0.0,1.2556017901685195
1910342,0.0,1.6190896268323445e-06,0.0,0.0
1910344,0.03531434793563287,0.0005724825541320013,0.013170187314725955,0.010336348552256134
1910355,0.0,0.0,0.0,0.0
1910364,0.11896685035101337,0.10792592879193053,0.06874219943550827,0.03878658794177827
1910366,1.6215180378550174,0.23647779102053496,0.17641512089683042,0.16437403304973733
1910370,0.06919473442656052,0.10445281975304349,0.21405568116738435,0.04499300700648305
1910381,0.15509486573064288,0.23495995524065377,0.05217268001188272,0.0743267565828487
1910383,0.17093158451842835,0.25900082732595753,0.21824636710302195,0.18463914854536928
1910386,0.7147312272978715,0.036927347806925075,0.026942565323542444,0.06837760618123842
1910387,1.4014848152136594,0.2146660017512423,0.028183011957886174,0.020072739760856266
1910389,0.07583081990036263,0.14237336576331583,0.10697477856431725,0.04630778706779191
1910391,0.12552742741227377,0.07872197666831217,0.21756322323416202,0.23059117278655525
1910398,0.1381957957426996,0.19297001364679212,0.10003523014520117,0.07454430587363742
1910411,0.7567150092759254,0.45198267446348267,0.11342840984979603,0.06915006638784336
1910417,0.7845751608695036,0.9418592624778049,0.5332847438923609,0.7505280371405386
1910419,1.1767127231506396,1.686426736011138,1.7503607899428326,
1910451,0.46564565354731957,,,
1910456,0.23819438047751001,0.5730913835766521,0.13352392151870568,0.4142806667360704
1910462,0.24996415861503152,,,
1910475,0.12800374367026535,0.11946482979106701,0.03334302241538614,0.03318043621023436
1910482,0.23253341844617192,0.13781140740575262,1.008298660855804,0.36300732578849454
1910585,0.0,0.0,0.0,0.0
1910624,0.0,1.9024089308958585,,
1910636,0.08613405410555292,0.06291991515992353,0.09659879670787261,0.12646605837694522
1910641,0.07622990452649879,0.059463392646294695,0.09674289397280572,0.03697540927844244
1910660,0.044288489639667396,0.25916097731657656,0.10100588011213457,0.10418331716224495
1910663,0.9082569064409106,1.1801101944454153,,
1910666,0.08486937179024912,0.15312317514554094,0.09657441797876924,0.06107470229153802
1910790,0.14271760400765973,0.17105530647078582,0.048746842717037914,0.053806329347507495
1910845,0.06655712297044887,0.10144480187196822,0.04223840239323295,0.09120546222751814
1910852,0.08766260832172691,0.19021155093913933,0.1942264451939404,0.06342630266519035
1910854,0.10351514327959695,0.2601894275617793,0.11469247540325535,0.16786266437399208
1910858,0.29876020421561045,0.6130316637173527,0.36463025017256323,0.24575047804631683
1910874,0.7352221153822065,0.7913172463562886,1.0649398217596366,0.830460618576652
1910876,0.06781416666150673,0.09908237964355934,0.07901669292646382,0.048767184913913936
1910881,0.0,,,
1910934,0.083192321163905,,,
1910942,0.0,0.0,0.0,0.0
1910961,0.06090466102412067,0.04953096225130714,0.02170343669713111,0.1131146539775622
1910966,0.06316364943392626,0.8488747602090753,0.12223813035196798,0.080240459044161
1910971,0.21502341576647413,0.18291921565945699,0.19242878355858523,0.1733504643040279
1910984,0.1340447247366418,0.04846673219225532,0.15635200270073543,0.09599678944998713
1911000,0.09637697050748444,0.8184969701437975,0.18433267718472576,0.0724433534045542
1911010,0.029926730973135588,0.007229069938477351,0.15869368116175042,0.1409930112835749
1911013,0.20751196327187166,0.06400497653414296,0.11601319362359985,0.11612148410094884
1911018,0.25351193685478374,0.41066068283263896,0.39241418746097634,0.31462517234118476
1911025,0.2114073451283382,0.2535894670620313,1.5041368795676031,
1911026,0.2922299549671052,0.2155906676305057,0.4666178322904084,0.3476716958731239
1911035,0.13954778324369527,0.12893116396542062,0.11149524950207539,0.08297020813566194
1911040,0.041045743486623,,,
1911052,0.01425683952822855,,,
1911056,0.24190456943119967,0.43874071264431985,0.31469217070968664,0.33329335201867805
1911067,0.14280700638366411,0.06726412333098254,0.10841146251934665,0.049150029110698414
1911084,0.030696774781797744,0.09249574102947905,,
1911087,0.1146176871696381,0.2251020008783029,0.09819798983660274,0.07067845776061689
1911091,0.23276395175788797,0.3209946932987732,0.24767678766524548,0.29857027706931555
1911097,0.3771324525258446,0.5077167125997739,0.14907725511562103,0.04904600843273243
1911113,0.36086273268513336,0.28089478510142946,0.01804736613956962,0.33355881855484454
1911132,0.0,0.0,0.0,0.0
1911136,0.0,0.0,0.0,0.20211934348502958
1911150,0.23893070315522202,,,
1911159,0.26866056358120927,0.8288483018445372,0.7128981882821858,0.14064453990211823
1911169,0.9770473112381487,0.23180036908936374,0.4410213409467995,0.15595177744176003
1911184,0.0,0.0,0.0,17.390040421040535
1911222,0.0,,,
1911228,0.19303289109212196,0.4516384887839741,0.09104341641831555,0.07154374249995663
1911244,0.3657551702904914,0.32107988740228616,0.12306392828788812,0.19652646111593583
1911245,0.0,0.0,0.11079758421282539,1.3007239896538494
1911253,0.08000173250013291,0.12439471793149032,0.06560904951548278,0.04196025296410921
1911266,0.04780914317141764,1.9320615729954946,,
1911278,0.23786519726664107,0.23557151955010966,0.1069582334961857,0.20539977015717026
1911284,1.0182957549101237,0.14998388999704015,0.5114282180127047,0.40883511920975685
1911286,0.00828877443459832,0.19405182742846616,0.005937946705441104,0.4809679953157456
1911307,0.10800172293181126,0.14939455117716874,0.20625431043188516,0.31312083321087825
1911308,0.21210654497554,0.4282204074039628,0.32692903711526566,0.23616792511308504
1911316,0.06648985670523876,0.0,0.5704141842150265,0.02072596742098937
1911322,0.15836826600650497,0.19084985804633495,0.18690477349948476,0.21770592795248928
1911328,1.7591786208772953,1.8338712099448564,0.24272643797259638,0.20004903204576371
1911342,0.27797317127175,0.13872020417835412,0.05330448774804576,0.11600687216876748
1911348,0.11306204307805148,0.07384247276998983,0.11746710893674758,0.17161414409355916
1911372,0.2762294173456211,0.48517699820431615,0.10614393713022051,0.3523127154940707
1911378,0.14728913683635,0.16719355353861304,0.8294462399402395,0.09351664694147213
1911384,0.09260944132056256,0.0629639072539426,0.1258181127317113,0.12501638422168915
1911400,0.26658095007073546,0.36048236002435097,0.20995544257248602,0.08401582070457711
1911407,0.12554784437736813,0.12204859921527597,0.11976064898595683,0.12037205019896356
1911412,0.33029679013966434,0.2692521485519828,0.4548230011955552,0.32602701219920616
1911464,0.5636729856759635,0.6560580542014163,,
1911468,0.09355556465159101,0.15358347618435042,0.03883104982637571,0.0532094368763905
1911470,0.08389692439787988,0.1478905584074056,0.04801667715841756,0.2063332843330205
1911472,0.2523085919499201,0.2794826052618011,0.39126267497008155,0.6594035188620506
1911488,0.1777864681818165,0.3951323621056664,0.0,0.17279502458316412
1911497,0.1485499634023768,0.15036211637034663,0.1002686895730048,0.14739393755930072
1911520,0.10925484563649847,0.08786994214729106,0.13771270519185827,0.1004184338269697
1911523,0.9739788557837832,0.764513054409033,0.7037550558778971,0.6924938101188566
1911536,0.34728125947456734,,,
1911615,0.07985491279056907,0.15381458513684387,0.10947307215473585,0.20189392863956748
1911616,0.2977162623898071,0.18150066403334222,0.2572590480309813,0.1950287256043504
1911621,0.29324840219763215,0.35830159782043414,0.5883178656532619,0.7473749242013514
1911627,0.012873551627356887,,,
1911695,0.1246580861727062,0.09698703773223626,0.14204919908072297,0.0643021642087438
1911702,0.043053582916833665,0.09893154406281209,0.05735330783215288,0.022732804089164897
1911726,0.2599232006041598,0.21968702236152027,0.31465664084207884,0.21930981321730864
1911735,0.07663320954624529,0.05647196986766344,0.051198031712859735,
1911766,1.1708518733276676,0.2093709519164867,0.3730783429116722,0.08138132654500932
1911807,1.370889442386354,0.9546838407471551,1.0352896040341415,1.1756486767354863
1911822,0.6148912306240676,0.0,0.3856980636057343,0.13761567479463357
1911832,0.13416129094818197,0.5356053105408307,0.10832222286923447,0.2501441388971631
1911837,0.2508795065151639,0.15672727176266738,,
1911894,0.1300188641031196,0.10513006035720109,,
1911900,0.030755687974629502,0.03500990887296036,0.036688088126538995,0.056945482623226136
1911938,0.25164449217506374,0.13815305160849398,0.11773770619442278,0.13720415805446146
1911965,1.3993603435278221,,,
1911968,0.14992988096849058,,,
1911970,0.6710547843445542,0.14505154605972456,0.29781830687278943,1.6818076204264583
1912008,0.0,0.0,0.0,0.0
1912040,0.040488068324360756,0.07269719759375542,0.19276348239782054,0.03380740376706814
1912120,0.0,,,
1912128,0.08211397965930885,0.04321215740053478,0.02571065272708195,0.019113180813921795
1912187,0.4885057434572417,0.3643734503219905,0.19797327690382346,0.3159055257318005
1912226,0.2270827308115838,0.4611130804313168,0.20584204476757262,0.2436888780724234
1912273,0.2526084251717646,0.4720291495501093,0.2798279546329731,0.5007035237428809
1912294,0.0,0.0,0.0,0.0
1912295,0.0,,,
1912314,0.17711893010592006,0.16365827463230895,0.0669024853972592,0.13802956962581792
1912338,0.136722952999461,0.13173520322109689,0.1474070807826638,0.06623269846761111
1912339,0.192280391931299,0.3633158470744098,0.3476704358976733,0.14199053298924955
1912451,1.3527565694761399,1.0167829912002189,0.9090259298782568,1.3751921268594738
1912460,0.07859858422729929,0.04721761349325557,0.029180566969586614,0.04824910500095704
1912547,0.0,,,
1912576,0.5835866851302429,0.3670394976434514,0.6899108036668512,0.451643042996055
1912584,0.17159598959895309,0.10811212649952821,,
1912612,0.19987486233408566,0.38720145547332124,0.15484439537994577,0.0866886301942835
1912617,0.2535988817423371,6.888012068605564e-05,4.233608274593001e-05,0.5331748421692525
1912628,6.103125306735342e-05,0.00033746755114919544,0.0002182147566195565,0.00020259602318697492
1912675,0.0,,,
1912676,0.0,0.0,1.1915411832079055,1.765123608700368
1912699,0.5820982037051702,0.0,0.0,0.17920062916165608
1912801,0.055627294500343046,,,
1912835,0.17491892926438768,0.22369522009142964,0.2010484792116223,0.13473631125302687
1913111,0.0,,,
1913221,0.09719181155585312,0.15233421305102124,0.11729153445626248,
1913231,0.38955192664262916,0.16065630025027605,0.2729384483782076,0.38174595822569485
1913243,0.34273788098760916,1.5878897992574685,0.33587287507942926,0.1547965862227864
1913420,0.20278059136423743,0.24501075778719802,0.16941744728040325,0.19449661552360567
1913467,0.0331843114706259,0.01575125800457829,0.03422753268615722,0.04290305740315947
1913494,5.342733140315005,0.0,0.26738014765976953,0.0
1913506,0.28291543004761516,0.023650332373225936,0.041738248863858886,0.04568335978554311
1913545,0.6571233101831502,,,
1913590,0.3974251860135498,0.2581368624083614,0.23626745674419528,0.10618819836945234
1913599,0.03143482517097926,,,
1913608,0.11308851172481761,0.290903143920909,0.1956661923365326,0.24641020061939026
1913842,0.11350233699868958,0.1692518516750524,0.10939939287576259,0.09544237946132418
1914099,0.20304942799459472,0.01885172761802899,0.045534491592893335,0.046856912933431014
1914186,0.2415106909192664,0.1310164356907755,0.12150723072808334,1.929671126228913
1914235,0.3470622658804179,,,
1914472,0.17189956813452176,0.2828080023171795,0.37346449729578013,0.2177875293909381
1914606,0.08392372415963056,0.11079047634464012,1.5277751434687963,0.047075876171777664
1914644,0.05299371290343101,0.07204946199458125,0.08460220314439737,0.04855961034416461
1914668,0.27628938573992023,0.0035869109302271037,0.0016734316237403297,0.13525601119312852
1914987,0.08616418425185078,0.09325752709916837,0.06560255693366278,0.029260451801396966
1915315,0.26431702186994194,0.05665465108138897,0.15795956823152074,0.23579310491537225
1915450,0.005377696948097049,1.4178629508578482,0.015580018818883112,0.04324296021468996
1915494,0.05481534840721921,0.021057989182248313,0.017532761215300525,0.032813878435694235
1915565,0.02384851989928323,,,
1915687,0.10934444392575816,0.23280860598861167,0.0669189758450808,0.03976185276932568
1915714,0.14736470472533716,0.14329140892358883,0.14431222938918523,0.12497684156518225
1915765,0.2078733283018475,0.16534615486483303,0.03693096095417232,0.0192409878164424
1915870,1.1780922719114342,,,
1916123,1.1747526425884613,1.0721479856565432,0.8285716472222557,0.7281041844151191
1916366,0.8697374464104374,0.34053927239580345,1.0146856167378915,0.0916883427514923
1916412,0.14372164498839435,0.13010951313888547,0.16209958522474313,0.13028958779745184
1916464,0.007928081506022483,0.005257949659880287,0.01199649406074558,0.010318615904444677
1916690,0.2751641564115757,0.45098404583366075,0.47101711068681934,0.4465715439689632
1917529,0.3615966667624838,0.20782925804949062,0.011433219355485306,0.002812394807511758
1917618,0.026596378611910318,0.08779419991147103,0.07475915863424717,0.009564399355775527
1917686,0.31252159996592044,0.3067717069824468,0.06664454305282314,0.15142298098879664
1917704,0.09890542229343421,0.22802769320504743,0.16305021357208285,0.20545280509504893
1918613,0.028906036179200484,0.05883215934813402,0.024617246657708734,0.07199433259993376
1918707,0.8099025497817519,0.027481292575569912,0.21628246881516677,0.6937723237560391
1919142,0.0959303467044027,0.17694125209795888,0.11993379699357885,0.0723871651500682
1919176,1.4163070138448066,0.14475636667227776,0.3941068246214767,1.170131994510898
1919701,0.22606048869281048,0.7125875858746064,0.28755707954115634,0.07788235444677798
1919920,0.2164401376397978,0.20867812069098113,0.1797012829953028,0.17861003390577967
1920117,0.4063911629217508,0.36610635628218063,0.6384757664313312,0.27826791916878335
1920405,0.1845569134510794,0.08643951233831886,0.07628597361750837,0.01683836890838341
1921093,0.01798605639521658,0.04658944962447753,0.019366342492813594,0.021405536157755773
1921196,0.5346563432691873,0.3280930684013026,0.360363996228758,0.45789790348196474
1921304,0.2530257685473212,0.08130421346509656,0.20244313263382432,0.04886196005517276
1921396,0.11918025580407955,0.13755360687181897,0.2575384885707031,0.22468311962262652
1921448,0.06847448773413495,0.14027936818848633,0.21906069399603226,0.16269409479296346
1921487,0.44972625930020416,0.40426409236238053,0.22956894465289546,0.4440755278487614
1922200,0.037683112338611255,0.16585844837847682,0.16739357600546206,0.44305542836149164
1922281,0.09407176556346779,0.2756069620522886,0.31356742211035243,0.23730823211442803
1922498,0.38315102630986847,0.2262561601855672,0.19166751897159653,0.22022786309502235
1922684,0.19409757297802896,0.10805937313663158,0.30013125034982635,0.07554101630259516
1922875,0.09339840590187344,0.10254052852354453,0.12322802923993806,0.0792918663557553
1922884,0.20518949840607056,0.08812506857174512,0.5109644970973751,0.3879341511565199
1922962,0.8512129084092483,0.1011151084780586,0.23445819379457472,0.3517912841474802
1923052,0.07980832951259013,0.21047790030218733,0.286778065165529,0.2515228718581137
1923053,0.06252079553859344,0.04457565418592666,0.060552972067584275,0.04286752214810051
1923173,0.1682472759566296,0.14850673825046823,0.1822117978877555,0.11445969518119223
1923591,0.15503407685372889,0.2905614985292803,0.5239214404045799,0.07040383647395035
1923934,3.3628412797135003,0.0,0.0,0.0
1924030,0.3565665494367526,1.042486088180878,0.2594562014115068,0.6845437983142086
1924152,0.05263862683249488,0.06173311913000651,0.05903438273890944,0.06788290137247911
1924185,0.012555297906238546,,,
1924953,0.20095113231402334,0.4136569737473953,0.5967420424310317,0.4957850819897687
1925074,0.11114908361397047,0.222802966365395,0.13198068529623583,0.05260950599451844
1925251,0.15180183807778255,0.10490796899801837,0.20068098043198832,0.3949744233190528
1925385,0.254511513474336,0.09932949580118246,0.038288032978602594,0.09147001133109421
1925418,0.09766061925012365,0.32582829783304557,0.1596157145296187,0.11765051607623679
1925582,0.055719453097600916,0.04668064022433501,0.048098071457498365,0.041362949093249404
1925685,0.3871364987695226,1.4538770888359838,0.12402870642408576,0.5486887384927273
1925853,0.23387197674133345,0.16785124533230253,0.20465552930654923,0.07468613676807723
1925991,0.1506464829241491,0.6248099110958903,0.3542147372630237,0.28930168767131725
1926037,0.4963701161656867,0.14039095949565986,0.22629187873366644,0.05929876217100437
1926344,0.5080705193533082,0.9249790871320925,0.7137962215994808,0.5676301732067188
1926349,0.19067938529190034,0.24296558708837823,0.1446820769399904,0.08256275743270303
1926571,0.21842177980767347,0.31828166248294254,0.19968618988906234,0.30197260761188877
1926596,0.37779958207629816,0.5684684784039952,1.0467935408413522,0.3509321569138415
1926723,0.044144133281066714,0.05299506381727352,,
1926959,0.3127973347126209,0.2999125865179637,0.7241778074796784,0.15563762829455557
1927042,0.4060602030264153,0.30432414508315064,0.30577402249367075,0.0932829367827117
1927067,0.11823445720746499,0.17217077105446715,0.2781579548746442,0.1037574994991756
1927120,0.19487866805794227,0.25985575190635685,0.589042943032207,0.06260353066234776
1927129,0.18269640916419524,0.6774335782071974,0.32056324951479065,0.1592763624259546
1927175,0.20030908592617994,0.21949197763115472,0.06520743050570406,0.045534485786059085
1927285,0.7404356485667257,0.6944857156190797,0.5533170556844262,0.49316766945629903
1927315,0.21241914727826847,,,
1927474,0.049759649196859296,0.03491949894010727,0.11243478888196272,0.04516195238854992
1927543,0.2977692126898994,0.14464067015653448,0.17279577249435032,0.13843167135360943
1927724,0.06908021543573063,0.20264928118382394,0.11734754750182573,0.09742931749159925
1927796,0.07922313657132024,0.09639573350404068,,
1927881,0.81470989169824,0.7703822120093924,0.8015889354818587,0.839246052938118
1927960,0.09396368596462387,0.2914454138885463,0.021779669699169554,0.021370914617845845
1927961,0.22497225340675214,0.28438949747656195,0.22601603264219697,0.19844301033579922
1928010,0.0,0.0,,
1928041,0.6983734308051386,0.7420602964430507,0.8340668029751439,0.9314697238634645
1928635,0.25907104152891103,0.36392023095960674,0.46495165222669915,0.6373631014557929
1928941,0.3570415698657697,0.1767509584078038,0.38693995087460936,0.358857569040809
1928999,0.10644740992097615,0.13582339751281788,0.11061935797177656,0.1450104034719866
1929070,0.2104687396251593,0.31385167908805617,0.5374710887112348,0.11304833696272229
1929071,0.029307593377077584,0.08119837708769452,0.06628115680374488,0.02936918491286773
1929139,0.1729277277535328,0.3994678422824847,0.34528578010936073,0.11742469750081942
1929170,0.19266411908425995,0.18518011708461524,0.19040594544267675,0.14303228386428335
1929184,0.01610064307280303,0.20925680735019875,,
1929349,0.12769397856252432,0.31080180002623015,0.06604244021149029,0.02012896310950138
1929509,0.0,0.0,0.0,0.0
1929662,0.10433072116613826,0.13473653305260663,0.053792153224393825,0.10773136094312243
1929907,0.29535629997600565,0.15015009685156755,0.15091637530920538,0.025543365617362777
1929977,0.196603694370426,0.04552592344054821,0.03992367276565193,0.5263686974813147
1930102,0.165020640530189,0.21549872646681034,0.3027547654607612,0.3894564491741693
1930301,0.3568921244136542,0.4053989024397117,0.12353660249103075,0.2860479334203706
1930346,0.6775721118547525,0.8293155205503059,1.0201430811041687,1.4283672530410347
1931041,0.28919296020665236,0.4127076362790814,0.17941962750499624,0.2014697164898698
1931465,0.07432749893412147,1.099920530753504,0.7641530669748977,0.30172157151142254
1931642,0.38791366854757653,0.6047977670583993,0.2975981717162069,0.1722583739131379
1931750,0.06331898889916099,1.006190616354723,0.35473632412885364,0.060907727498024096
1932342,0.07543919512127505,2.018521532965148,1.8990117861173559,0.09006567996487862
1932496,0.16968540300070706,0.2086545458767868,,
1932998,0.14258047966281118,0.10642218279925583,,
1933059,0.2569218962557958,0.6022428242846345,0.18730760491478116,0.3859499160807613
1934500,0.20864593212795549,0.27015270911849626,0.20967714749520475,0.173821342270397
1935000,0.20540805107084928,0.3603974383588939,0.2943927231855611,0.08352427044516524
1935795,0.06870476525559406,0.3321707967617285,0.05374750487290797,0.24536011238853847
1936249,0.20281617846391925,0.8526180126110732,1.1990196180727755,3.604473567100912e-05
1936420,0.25026862370518016,0.23688875099055254,0.48284636635557526,0.1900420961861659
1936603,0.0648888160860819,0.45142996948746905,0.09997991058684963,0.05245181200230946
1936987,1.0082715922691932,1.0892079030999302,0.009396877802064708,0.013125769452718976
1937021,0.06894203083388788,0.08811318061075497,0.10098828499634944,0.04460854222068355
1938757,0.37332259338957835,0.3778216189388667,0.47157628909036675,0.4627745977296856
1939237,0.15442766169074848,0.36854111231480097,0.08460579278167231,0.14835669203717772
1939443,0.13374755779336941,0.43558385264475036,0.08853565186926184,0.06658490611909056
1939480,0.21479331450714825,0.23617675380880213,0.1854947828633771,1.0456309285254282
1940406,0.04330003229620558,0.08409657520502521,0.04825145913168282,0.18602841407094603
1940416,0.1029882014541749,0.20449884731478804,0.14206439159192114,0.09157198348958152
1940646,0.31736787062343297,0.06791116573278229,0.1243897796655953,0.05597757958544851
1940660,0.06280405334733447,0.06629375978090055,0.09263974423706048,0.08126176391232665
1940869,0.18298292713120212,0.4141994254896572,0.27793243888292374,0.18105791687122108
1941030,0.39222108862498906,0.23982196122183416,0.14883902859865533,0.17757886860541153
1941369,0.19523761790784971,0.3940907949431753,0.3880837203316515,0.48554628151714463
1941537,0.14468618157272367,,,
1942351,0.5296085498901895,,,
1942361,0.7908927473370859,0.013633145300316651,0.046738478818737855,0.007035179125094808
1942364,0.1253674221321323,0.2013717750341782,0.1678816792294074,0.1342394816697627
1942401,1.9189892249395095,,,
1942548,0.637905030129922,0.16874276377763825,0.1974347895697712,0.1728275394513197
1942844,1.0118240863047119,,,
1942932,0.8998386778267915,0.1973623343267026,0.3616232659185219,0.28181434388555887
1943228,0.01563816485548987,0.21607971745979032,0.08576854246227278,0.04234674291212395
1944579,0.1604943731272626,0.49735529099489983,0.20069696864843112,0.4370861439765303
1944780,0.8265535797647829,1.1982369313187589,0.5690767109499807,0.4126635215101261
1945037,0.5391500721567365,0.09563238667291965,0.06543151028604725,0.032909996374692226
1946136,0.08615817403226607,0.37641207000349064,0.0,0.0
1946654,1.144429912462911,0.5965998246076626,0.9667472236584049,1.0146888404502346
1948632,0.48387209695407774,0.09117558131253337,0.1300570909227511,0.0956015607081613
1950607,0.08375138140847666,1.1561698508509242,0.4345705273744411,0.23987353990318144
1950962,0.04832387342585648,0.1871892865469093,0.10311156507683225,0.07145720990197008
1951586,0.2566149469324893,0.42711659872921254,0.39542603282799593,0.330907223527901
1952781,0.34769569647897436,0.7372000008976214,0.36661033596533465,0.3773308141105463
1953154,0.4084081515543669,0.8192139093271832,0.8216619645746615,0.6993482570588323
1954551,0.33912728429812533,0.13287234236295012,0.3287356456922287,0.1820719069604805
1957148,0.07316014940329585,0.07357601054883735,0.032058322637135525,0.0405434723538066
1958250,0.21573313085993998,0.274944773493162,0.023080002650502602,
1958397,0.0440615207697262,0.10051509595240174,0.06204906338826202,0.0632684604327782
1958491,0.02775500019448733,0.045984814341012405,0.003487699910479861,0.20594671965338793
1961150,0.18133834740280177,,,
1961632,0.25512876526735645,0.37879265105678783,0.11747607470619587,0.4335709174690887
1962933,0.1488760982288148,0.19407081501214463,0.19944645536708008,0.18158108607313703
1964532,0.546710200179663,0.37768878250589755,0.2448648711819333,0.5052369761828889
1964809,0.9251314109552011,0.6104950346703492,0.0985698371074419,0.14249641930458842
1965479,0.7246110035436891,0.24049534885195015,0.0,0.05388635380425626
1965773,0.12810800634923514,0.5551114084530494,0.11062045412973631,0.3395889477037678
1965941,0.1256077688986268,0.11012436580229668,0.23503573148694604,0.18199193978582467
1966026,0.10083320711140574,0.10545977083692018,0.08610605861111156,0.12768574518544565
1967966,0.22671739256561463,0.14381849659121443,0.04512388467701311,0.17387946516723987
1971024,0.20380103739809563,0.19360305259027666,,
1972750,0.09089278958968403,0.032061279314413826,0.01344611937357019,0.0058329727689981235
1977560,0.38380099610950863,0.24652384453887694,0.09876197250085272,0.08630013369562951
1977723,0.5755027634129294,0.5419472210197053,0.5680984990113881,0.6582989703609207
1978011,0.14010945499126226,0.4128446727910625,0.12729788388535646,0.09153519480532958
1978883,0.11263110407434494,0.0728810866428298,0.06946719942903759,0.12646383101216435
1979028,0.06089486198665068,0.200977033951564,0.18426000602625958,0.08911975493210128
1983670,0.45514481124275147,0.2613066652227772,0.14481892712863972,0.11435084693204264
1986812,0.0,0.08218533612992562,0.0,0.0
1990195,0.19102542932095665,0.18988086149329994,0.18800613508168837,0.09091370708573784
1990951,0.10585803242455687,0.07597334225135113,0.30278107256327713,0.028086580920721423
1992748,0.0481226948907571,0.14489540524941016,0.0647445825714899,0.1742125033461485
1993404,0.11717416077544776,0.31388784736454467,0.05013468075776891,0.36906193363135537
1993607,0.04912558122087828,0.021073216141487893,0.04250888761647574,0.006917843762116859
1994252,0.05268048962013445,0.11968273434258107,0.13812922285605492,0.09009813198598864
1994333,0.17860856994473234,0.10297678475414368,0.024621135582848452,0.058180425838117354
1994335,0.0959913636187077,0.07758472043933512,0.06636944043600097,0.14647147112701156
1994434,0.05704421406965404,0.1964203431917039,0.06017494318609772,0.10326833585725013
1995674,0.3266556218587158,0.3251046691398733,0.17684801438307665,0.029599833381143456
1999606,0.0910745464464947,0.13449811108752507,0.09578043258269107,0.14256066418903277
1999828,0.06922011915058551,0.06932647627119383,0.444871800704798,0.07613020650345126
2000493,0.015255787242840076,0.01529144896958884,0.03683122168985195,0.062216174625916734
2002628,0.06089452261425962,0.12383468508501826,0.12501734235323655,0.11529315219027003
2002654,0.09197808093638629,0.3407717602634615,0.26353063334911514,0.1916738714142752
2004720,0.09293404035871311,0.11219756723389364,0.071991515362941,0.09630614149845514
19481,,0.6004503985215749,0.35290420340973133,0.3379916429372281
200648,,0.11570084662330685,0.08045675882396484,0.04072730299677251
714142,,0.11755369244748222,0.11180941126899575,0.16929621076654822
820434,,0.6027984243088085,1.0285281755800264,1.0908131280365396
887602,,0.0004603531001549347,0.08642098991548941,0.07667088203812111
903514,,0.0,0.14135829632522057,0.2939227023236196
922437,,0.0,,
936936,,0.2663904158079606,0.2658352609536925,0.03990237470013225
1001011,,0.286746412338808,0.38229202456143024,0.058686787033122446
1005354,,0.19812158462898535,0.4891061724040513,0.2297606065928225
1128122,,0.6405680409755711,0.5877235749540756,0.7185145237512539
1308331,,0.0014879013327183377,0.022462306878588995,0.009572050856571231
1319111,,2.021571269400322,0.08619489537575085,0.20292981366842874
1334199,,0.13200702551100987,,
1407718,,0.0072879004803629455,1.1342202416313545,0.0
1446179,,0.7150052012620369,0.3712795091054348,0.4907221876116312
1472190,,0.28416835472241936,0.17074185357523275,0.17586092839736692
1475483,,0.0,0.0,0.2095197864125182
1492162,,0.07564392748232769,0.07452225475308775,0.09306312239781281
1597298,,0.15589092334910307,0.5186518877892679,0.5941035629949454
1599390,,0.4208177371173283,0.6328838069009067,0.5776907850382045
1631562,,0.24626303680011208,0.24146587129998412,0.1936573970911878
1633624,,1.7880717170353044,1.2727272789672137,1.7552477304821448
1637460,,0.5363497013921592,,
1655982,,0.056083177995896974,0.06365789742008233,0.6445647775949362
1661536,,0.04838473109812176,0.022662841109132206,0.3035959872313403
1693946,,0.0,0.0,1.0170502554877672
1697539,,0.0055269961445355556,0.09516429541692015,0.23590664970473268
1706604,,0.0,0.0,0.0
1722657,,0.0,,
1738654,,1.8689222812535988,1.7707713249286934,0.883310333579135
1796107,,0.0,0.5005093898089868,0.0
1802387,,0.2504386274236454,0.15293933529574202,0.30031937602985054
1802879,,0.10581420076992439,0.05309281012341261,1.8797957554590503
1803994,,0.2306820422762259,0.21434836072548344,0.2620410344707184
1811345,,0.32879166194624804,0.7545104734214624,0.1380542416338945
1812093,,0.013683013254033125,0.026114542313214875,0.01632998788869653
1830175,,0.02405916539996093,0.4145578671103301,0.7614410286944387
1831683,,0.17268464795061486,0.07443318899774741,0.07830200743430019
1839255,,0.36232010843808204,0.3599261918094448,0.1554129737530591
1875995,,0.053350256025722215,0.019482429007589765,0.018620521351726853
1877521,,1.0157180532207273,0.9160651448113076,1.2295880853425722
1878581,,1.9668685841078637,,
1887441,,0.10526906824152361,0.39310418141599895,0.271026716713541
1894302,,0.1155976291973745,0.08302964847407947,0.04709039745897972
1897612,,0.22580104884142596,0.15928257143950872,0.1803375756894515
1908923,,0.011976511649911075,0.020172288887939364,0.00943250082697024
1911876,,1.8147588645671868,2.327980155507395,
1913464,,0.7424570774968278,0.6480099841435205,0.6449954281483767
1913482,,0.6922037514287959,0.04088686680649604,0.8356945609541242
1929008,,0.20486233412138347,0.28551688465238934,0.2666353150261645
1929986,,0.13552989258672293,0.8669544414642035,0.6266681293971018
1940823,,0.1897616044480882,0.19333890346067797,0.2110540500990876
1944662,,1.5012962065692015,1.7197721286957643,0.6127593183273784
1945894,,0.050980406796533546,0.08917252647040622,0.013504971303736547
1947591,,0.5326315739196839,0.5551420566285366,0.5459527787138903
1947670,,0.5039200633660346,0.29814061271860615,0.5550054029279375
1949059,,0.06881306150265398,0.4427853563393254,0.10533854457899464
1949824,,1.5455732845034613,0.26519429847449844,0.04036769622408287
1950556,,0.28637745058240427,0.31919384789616523,0.10065069519614674
1951283,,0.23673015304394404,0.49755104294184344,0.14625938415996184
1952532,,0.45261818911610213,0.7611146201275123,0.2701224713031559
1953324,,0.007695619964747947,0.0,0.0
1953787,,0.05599837512519968,0.2056297324606593,0.11175813433912278
1954015,,0.20086808277207985,0.15405598767171946,0.14032953923062622
1954085,,0.35579797820583825,0.8950230332885357,0.1961670102683068
1954093,,0.15038173180226191,0.09757031545345698,0.08428544812512515
1954126,,0.011146493650724131,0.899684466492958,0.04233202836258377
1954136,,1.8740033415873776,1.892991450654449,0.4895257139111454
1961292,,0.2563527495700929,0.06828690308759225,0.12147097175463714
1963212,,0.16577029706730814,,
315189,,,0.11462565289501614,0.05067803493276562
702007,,,0.2218673595544432,0.32611270991784425
706129,,,0.13655802947681298,0.1156835496945061
719739,,,0.18468147097444323,0.15151187800911192
727117,,,0.04812917059583473,0.021915181664588237
872098,,,0.37688250521822686,0.24922497129677104
919447,,,0.08696619766319949,0.0690456978716189
934549,,,0.579997514051541,0.4549424200180975
935570,,,0.35541297882074757,0.3905790368619384
1003518,,,0.297575131058548,0.3729874130277468
1015877,,,0.0896330932846634,0.05256832687460545
1082339,,,0.10022541834081823,0.1024447377812808
1111797,,,0.40002816830613586,0.18063008190077307
1140753,,,0.06708284812862277,0.17329873510535498
1209767,,,0.33181357061192607,0.0
1260786,,,1.7903272408612592,0.39722146605503145
1279887,,,0.0,0.0
1291318,,,0.2211737031376298,0.19095547810574873
1317208,,,0.14734013030174192,0.07157614486882581
1318153,,,0.5046921635525895,0.3046083361449836
1353411,,,2.0162362862214414,0.2882598427582186
1376772,,,0.8748786406626129,0.5621686401444108
1401388,,,0.0,0.0
1406672,,,0.0,0.0
1420995,,,0.1469087029319396,0.16076948046076658
1426876,,,1.344016377697323,1.06418552389011
1446440,,,2.071760036379984,1.5047263473603316
1448430,,,0.045167969382006366,0.08479867490017977
1478032,,,1.6883406796520564,1.153013985169781
1481986,,,1.4953706078754305,1.296343053369551
1484159,,,0.010040426322646347,0.5532894697655879
1499091,,,0.053435665901425476,1.1147340141753554
1500595,,,0.03236084839235185,0.24467572254768466
1512804,,,0.845566041962502,0.19691680034187684
1513227,,,0.16526563853321172,0.5879579190605211
1532943,,,0.2506760431548694,0.19798896091817664
1534300,,,1.6008358261586746,1.7807543137824515
1538882,,,0.7432366753030009,0.3296682181950796
1540306,,,0.8846119981301264,1.347053119684399
1543065,,,1.180555912049143,0.4030860589224146
1545692,,,0.0943886097422717,0.3107656416438228
1550093,,,0.026342176559615033,0.028302085803457944
1561383,,,0.038091686867956484,0.04410087072899638
1561877,,,0.0,0.0
1566531,,,0.07000360923370402,0.13975425457835508
1570271,,,1.6326166072944344,1.6143571544154172
1571355,,,0.0,0.0
1588959,,,0.8024141399122388,0.8090672801387042
1589122,,,0.6686933928185151,0.3992011771460372
1594591,,,0.11338222421135326,0.26551357630707734
1595686,,,0.0228339568098065,0.016502429905886056
1599404,,,0.0,0.08980292422848851
1614200,,,2.0013629020928114,1.1342182861281729
1616282,,,0.0,0.0
1616336,,,1.5949136485046442,1.2882835714262584
1616824,,,1.0060059561768595,0.5692635079291969
1619779,,,0.09485924933868456,0.04792688395127213
1629996,,,0.31293017151119973,0.23979789347797623
1638580,,,0.9479813981040884,0.4748903590216688
1639943,,,0.5512736772427392,0.33173226626056423
1657676,,,0.34817102153026175,
1660773,,,1.0157636622482575,0.0
1661245,,,0.700728908476267,0.08506306272066949
1666905,,,1.7946056154441965,1.131480231401017
1668527,,,1.3380443421713393,1.1770652834953805
1671176,,,0.9155214244811991,0.0
1671817,,,0.07425541102650711,0.19363159422046608
1672355,,,0.7042369225739148,0.8565914972593655
1689933,,,0.4227266338521765,0.3542966949502426
1691813,,,0.21815233093701347,0.05425276915611408
1697333,,,0.0915874652526533,
1697452,,,2.3743738452412995,0.0
1697814,,,0.9493251672853132,0.6528038034876309
1698632,,,0.0,0.0
1699092,,,1.5494164405832953,1.538073314789364
1705594,,,1.2741770393294214,0.8531381755032558
1714217,,,0.0,0.08340633052188841
1715783,,,0.16136011801889003,0.36671445052418106
1727454,,,0.11640668682588275,0.053290128949272854
1727492,,,0.19742305396849824,0.14053914554267063
1730546,,,0.17666479231147236,0.5563087540015621
1737348,,,0.1021570026374254,0.567159736787608
1739953,,,0.33425987189295464,0.08740573798873345
1750852,,,0.029618260415843218,0.02580235789383878
1755535,,,1.1450168168682424,1.3338518860618007
1766159,,,1.5036676933108957,1.4808729247922117
1767062,,,1.7988648016334883,0.3474004476909009
1767564,,,0.0,0.0
1767910,,,0.047167240549148,0.08541440863654409
1768824,,,0.18428890519265073,0.25394507134613586
1772483,,,0.12342289464189264,0.031105142533561326
1777234,,,0.9225122795440842,0.3586297008937136
1780423,,,0.052116937119929346,0.15521877201597112
1784093,,,0.8659265635214994,1.0186487054991593
1792167,,,0.09574276520715085,0.11928105454553022
1794528,,,0.0,0.0
1800508,,,0.0869488249930551,0.030955946746058862
1801667,,,0.5368750747546025,0.2752921124104581
1801982,,,0.12482881916201438,0.10721828118182793
1803121,,,0.3365310376998504,0.04502419740253555
1806027,,,0.12434626681548774,0.30206442766004543
1806570,,,1.2415024087048614,1.1709164154477774
1811052,,,0.04038950619643592,0.19692831631033117
1818160,,,0.36988705743615724,0.8309105603515807
1819257,,,8.638379757102733,0.3553641264054478
1821561,,,1.4513619281248067,1.4313287090480487
1825309,,,0.6984187347956439,0.8892812452485473
1828180,,,0.10999750645207701,0.2594720767074598
1838428,,,0.0,0.0
1842557,,,0.19034378559737067,0.027033317486759474
1845675,,,0.29548184120136717,0.6381761722799186
1845793,,,0.0723235868782613,0.07404972935950846
1848433,,,0.7023775645791087,0.6435764983494303
1850755,,,1.342390964871304,1.2732817387388011
1851168,,,0.04199909082813628,0.17404296995675572
1852307,,,0.1415086925885166,0.1672970235256109
1854024,,,0.23871666944568296,0.07747357266293967
1859505,,,0.06027864651806991,0.06700387343474566
1863154,,,0.07071512809231462,0.2500491861428146
1870364,,,0.5481688049621063,0.2774929511166529
1878063,,,1.9688377129191168,1.6457470633389477
1879167,,,0.6868400703971609,1.0947923548858913
1879345,,,0.02315427484587771,0.0830013556252311
1879713,,,0.7945960370781735,0.5203416145424727
1881335,,,0.03809639633541014,0.02411041038790446
1882053,,,0.7709760398695515,0.1924814903129847
1882673,,,0.03824570890775673,0.11891227088157467
1882903,,,0.551562911370673,0.14056846882216203
1883367,,,0.005821723072422517,0.0
1887502,,,0.035299476336583535,0.0951149115526802
1889918,,,0.013406387323214954,0.021244900811915192
1890538,,,0.26780520133594926,0.06357545212335142
1891801,,,0.44927126393864497,0.11697818330257616
1891834,,,0.7458016448667772,1.3484624956591267
1893261,,,0.24891800548718124,0.2993277843622579
1893767,,,0.35478399805498684,0.4002843990610048
1896071,,,0.6414835525608747,1.2047155181074285
1896430,,,1.3166604189738724,1.2101820831039627
1897652,,,1.8260420235353185,1.1938440351101944
1897700,,,0.08683360041662444,0.053677662534713524
1899158,,,0.23165765740833363,0.20619089502412416
1900923,,,1.1385109516122491,1.2324075065712197
1903898,,,0.7931338543404136,0.7814255208695796
1904574,,,0.0007373893296868962,0.06324993993126533
1904893,,,1.529671023601553,0.8503541435016978
1908450,,,0.07133561514971154,0.32912983400137574
1908623,,,0.48874194189538556,0.4788272017921769
1908732,,,0.054578444780314685,0.045369536888849975
1909307,,,0.06426826474578144,0.0485892218049545
1910488,,,0.11933274092412684,0.07420879523344501
1911190,,,1.4240110287791603,
1911448,,,0.7798717773387482,0.5186248904468005
1911838,,,0.001176376576140195,0.0
1912297,,,0.3120806027868068,0.0608570531243772
1913905,,,1.2632166292955784,
1914395,,,0.5352270968709594,0.04863706181504101
1914558,,,0.36051484754153124,0.18424168430829327
1914617,,,2.0653278712346625,2.02950506170106
1915836,,,0.7458342366852314,0.9346806423304413
1916066,,,0.23270659434697166,0.05621955045771459
1916908,,,1.6359352034376795,1.725386065024631
1918181,,,0.2349879415683415,0.0
1919283,,,0.0,0.0
1919344,,,0.7287660180035236,0.3602016199979244
1919867,,,1.7215716932387422,1.6175223427811978
1920938,,,0.5223180478303616,0.6031346738840913
1922235,,,0.8515431676511767,0.533142624501079
1922318,,,0.15949404711060425,1.4240453309873704
1922448,,,0.02784448383799647,0.09478161694871284
1922879,,,1.291548420795972,1.4269575474592189
1923739,,,0.18348472262604962,0.17752129743038575
1924615,,,0.02783924507350108,0.35313879076271143
1926253,,,1.0703936611441767,0.886410959377869
1927537,,,0.20309453787982182,0.1928442251330601
1927623,,,0.11348088404761777,0.1419624753002774
1927705,,,0.17584077486028418,0.2663886673960378
1927769,,,0.05311249283540284,0.012205766506345285
1928502,,,1.4779346370584807,1.3234582676325897
1929389,,,0.36898371345821995,0.21548870914238866
1930483,,,0.0,0.0
1931232,,,0.4025910040147357,0.16731193721818957
1931870,,,0.1596158002332972,0.16100111528283664
1932645,,,0.3079427623310056,5.661927544484804e-05
1932952,,,0.374560684972507,0.1204190833294332
1933132,,,1.4365286692170138,1.2836888191418312
1934556,,,1.8078229167506688,
1934657,,,0.09084072287375791,0.2340646378750122
1934957,,,0.5016024735761708,0.06981531549740504
1936191,,,0.17024977394151566,
1936380,,,0.027924688096393358,0.05871112456096084
1936416,,,0.22426650477421514,0.39339960184837974
1936845,,,0.09336788942927078,0.1243381499219503
1936953,,,0.13293171480752702,0.10654648155815279
1937964,,,0.41912529206402743,0.47761437401950435
1938514,,,0.09505953431082244,0.1243592567740341
1938970,,,0.37743575837365906,0.17130463072984956
1939208,,,0.10266175756121876,0.06755140689297559
1939831,,,0.1366683825447548,0.09827171916789719
1939970,,,0.4977435236657869,0.19584915206325273
1940678,,,0.08486183658081417,0.08118484655667776
1941346,,,0.2731085103840338,0.17456714685144614
1942341,,,0.2545211994362175,0.4103879515175772
1942379,,,0.7023775645791087,
1943395,,,0.5423448960842169,0.5599284195140755
1943819,,,0.5526177170857902,0.23195163826154616
1944889,,,1.2093913932303866,0.864338030934124
1945789,,,0.7791636223190161,0.5059604481022782
1946205,,,0.04641077003245494,0.42634536546941176
1946237,,,0.08038513180717839,
1946733,,,0.00906599980792893,0.020208705392887147
1946901,,,0.0,0.0
1948391,,,0.29327999800179694,0.15820372244972516
1948780,,,0.42133236385291145,0.13699336909470466
1948899,,,0.8497885479843995,0.45314771884110333
1949771,,,1.4667076672349089,1.4859320184859803
1950054,,,0.007642594769488824,0.004855636598745613
1950118,,,0.2538061486734991,0.08623197766739073
1950158,,,1.0699448676244319,1.0690557733283548
1950841,,,0.09386924165371119,0.11199935785800488
1950947,,,0.41057891026561844,0.3006212926315401
1950972,,,0.030105224966553153,0.05335390756479648
1951167,,,0.08506817798322674,0.019126398168885735
1951368,,,0.26471409446153443,0.0687717245813661
1954044,,,0.02615077818629252,0.019119267686422078
1954242,,,0.32462029448957613,0.0700717904214522
1954480,,,0.2653052926575132,0.11905081627200254
1954782,,,0.33863391505481477,0.2562747005455999
1954805,,,0.16545835307405643,0.3598088467146782
1954961,,,0.0,0.0
1956031,,,0.15274854950844036,0.17795510556488436
1956471,,,0.15628632605761372,0.15350768753680677
1956498,,,0.15437235989238277,0.5301956797102959
1956564,,,1.546531287245884,0.9766881258811816
1956790,,,0.10705640193770985,0.09841042080507954
1956824,,,0.3131553062394918,0.5640399311797617
1957124,,,0.12686805134402732,0.15137330862428924
1957259,,,0.06998885717964518,0.019910714524797337
1957363,,,0.2406941500897164,0.1642074146293929
1957370,,,0.5554376852974897,0.17968368051404798
1957394,,,0.28213951545729604,0.3071310490963016
1957726,,,0.02228375690457143,0.05070502213363655
1957840,,,0.03317687771261474,0.030339673022980827
1957867,,,0.8882370070564614,0.5550035510728815
1957886,,,1.1214693806179856,0.4044754382045461
1958029,,,0.3562770325449998,0.344815176391876
1958384,,,0.7260619630058767,0.3357453334809033
1958984,,,0.19269854417407536,0.22543244502424536
1959415,,,0.09911715271454268,0.06999069157713582
1959730,,,0.9380763560100686,0.7006186039569029
1959790,,,0.3351407872306324,0.405281318125471
1959989,,,0.21704237511012991,1.1613702065418963
1960144,,,0.8531644276291361,0.7765212669034374
1960212,,,0.043818586723243826,0.010372083698995081
1960657,,,0.07884565614034317,0.09102044588694025
1960749,,,0.3217008599019524,0.3274557100608217
1961210,,,0.07448878705823173,0.04979363409405318
1961278,,,0.3966077915258791,0.3483259462240749
1961290,,,0.13061200213735538,0.03339752674091651
1961304,,,0.030537218788879873,0.07935181259270797
1961320,,,1.013852287131148,1.059470188208067
1961491,,,0.051625921021262254,0.03256505304372895
1961635,,,0.12341178075390079,0.12997104227656645
1961742,,,0.07759310867202,0.05302945940944906
1961850,,,0.9381472469015376,0.08393731010288558
1961893,,,0.34533007574392693,0.2642935839267771
1961898,,,0.48695286392526044,0.3860381219193575
1961944,,,0.048488251111353964,0.11800474535666429
1962005,,,0.12710061913806112,0.08585863175279106
1962086,,,0.05117243040991174,0.04884507902469948
1962166,,,0.03056154905608441,0.028089082494193555
1962382,,,0.001483156388054609,0.030562353665834065
1962450,,,0.4911253508199492,0.708517700276992
1962457,,,0.2619067164247938,0.09630817414016352
1962465,,,0.07243362914412209,0.07033260626177697
1962532,,,0.18503382751340822,0.12898258081018457
1962552,,,0.892005243066731,0.6770275088001143
1962615,,,0.1058027359215004,0.07772696369305489
1962628,,,0.38440502592764547,0.15351469163479833
1962636,,,0.680737005804851,0.1289523432285757
1962685,,,0.1463925630869076,0.10276057295118805
1962695,,,0.1279644301836913,0.18810142611297395
1962713,,,0.26781793512182356,0.1417189318803409
1962755,,,0.9312495623371088,0.11742980413753322
1962838,,,0.11803162900956034,0.145957069412903
1963030,,,0.24870058187247146,0.044491942802462714
1963040,,,0.1236971070786185,0.07129828714523284
1963062,,,0.9942250531328568,0.9356346123565231
1963169,,,0.11642944495313955,0.19673717698173648
1963319,,,0.04468852370748609,0.04603529434829216
1963347,,,0.1193094011767549,0.09275837971846436
1963352,,,0.06483520430608493,0.031881522421329966
1963404,,,0.4914436075448397,0.06532068622924134
1963421,,,0.02827804528465696,0.043248613117430466
1963452,,,0.037413581823094705,0.017067255269541934
1963478,,,1.678038364899316,1.7113391333065773
1963514,,,0.3898514921411603,0.6263013230151281
1963536,,,0.6223322529918827,0.9427664972021165
1963565,,,0.25354213997646785,1.4420873680109558
1963612,,,0.30718404912237585,0.02389951644744494
1963704,,,0.1438473902943707,
1963728,,,0.12029063357282346,0.1899100522329125
1963732,,,0.26246984460257494,1.2077000527245159
1963787,,,0.15636759785387755,0.27306190197504043
1963794,,,1.6595288369762653,1.5258512995934606
1963807,,,0.31689600520024724,0.12294879793417253
1963839,,,0.09224110492283752,0.10067653324029179
1963860,,,0.7160746373315368,0.7497482106791794
1963863,,,0.7399102679267137,0.13038074326497973
1963865,,,0.04370513523012757,1.20584401534386
1963875,,,0.08097726117701388,0.0740726121196198
1963967,,,0.052099495826110294,0.035634360483149184
1964068,,,0.26718409794474923,0.2293280758041933
1964106,,,0.35803277451042803,0.12106326612619704
1964116,,,0.611834826160892,0.2264977633893756
1964171,,,0.6073177664152959,0.3781903729594094
1964189,,,0.005651843947304773,0.007676125942230388
1964203,,,0.24497557250263532,0.14073251067013262
1964226,,,0.1688951597105621,1.4464589198752769
1964236,,,1.0999251833808565,0.951894654860206
1964290,,,0.03286082083046181,0.3317248407904603
1964298,,,0.2186327417961798,0.13448789060817104
1964309,,,0.2359953593718705,0.17520571333657786
1964312,,,0.0,0.0
1964344,,,0.31084442307407006,0.035740764121047534
1964358,,,0.3433437138293324,0.11268680910591422
1964382,,,0.09264835448907174,0.19414737870684362
1964389,,,0.11819903797251308,0.0973594963930273
1964400,,,0.3554380460542013,0.31642968937245813
1964437,,,0.4008938945215937,0.47668187832659853
1964530,,,0.4270752748980877,0.25022944484224696
1964535,,,0.10780538866651598,0.09655085560526687
1964538,,,0.25478115469636275,0.6229846078949256
1964541,,,0.31977551617517,0.27731963173563035
1964544,,,0.08517500220516554,0.10842451118644134
1964563,,,0.048751482004257184,0.09581224160748274
1964631,,,1.235239814545,0.591345079231449
1964652,,,0.031152794007665522,0.06386478438717709
1964722,,,0.6079461472916234,0.8505514695638342
1964758,,,0.35881007469269827,0.69702068107983
1964760,,,0.022674251281529532,0.11132169460302864
1964775,,,0.096963132276662,0.1179844035783652
1964810,,,0.1535769995305386,0.4192555978932764
1964819,,,0.21422520101760703,0.09687992077900165
1964820,,,0.025532530017827883,0.850000647992345
1964829,,,1.1229279616690402,0.06812780864879879
1964831,,,0.582133189906106,0.5168808585344958
1964835,,,0.07641530987040969,0.058523376170609806
1964849,,,0.02602398364541773,0.03764748249890094
1964876,,,0.0,0.0
1964897,,,0.0804241674887536,0.11601356325619273
1964955,,,0.29386643349443753,0.11265098355138714
1964958,,,0.1970168300616061,0.4772412352261268
1964962,,,0.13597879275958746,0.11821504495067175
1965078,,,0.938546904829678,0.10627387279763316
1965104,,,0.3379546574991603,0.3478212973277623
1965125,,,0.0,0.0
1965150,,,0.013644661206712138,0.046647192268079035
1965176,,,0.13736853527094384,0.12021611530808678
1965191,,,0.7977372408226564,0.6064410442822625
1965201,,,0.333959345925249,0.7021246884757671
1965207,,,1.5880022060112458,1.5434837021724774
1965208,,,0.001185937694377193,0.23999743444365904
1965239,,,0.5800069136674965,0.6577887286066298
1965241,,,0.2773918214751037,0.032384834043901294
1965246,,,0.12062559702258789,0.18075979398675177
1965267,,,0.01837366360341723,0.0635050977223121
1965270,,,0.08736665174279364,0.06093588061284546
1965271,,,0.06420839445121643,0.12051166142261299
1965275,,,0.03584989879237576,0.08008786766394266
1965292,,,0.5844454177430488,0.16907217507130215
1965304,,,0.4516628971688436,0.09861071913207482
1965307,,,0.17807183688786507,0.8649280213332561
1965328,,,0.0,0.7605066943065892
1965329,,,0.05468781540579749,0.06069891601569321
1965334,,,0.43892108877228464,0.129610896949203
1965346,,,0.07949707309015659,0.07405661698489538
1965351,,,0.28271369294182513,0.30046945930571534
1965362,,,0.16461214234640822,0.3633289885477806
1965377,,,1.4480845023555506,1.405923666808969
1965393,,,0.05301686640474925,0.0739248892436238
1965401,,,0.14536390191923848,0.09748589338005138
1965468,,,0.3047986072169599,0.40146294224408957
1965482,,,0.08002542885005129,0.08662782155911575
1965484,,,0.3873532031124262,0.08412031674483982
1965522,,,0.44295518708560333,0.1201735857970458
1965552,,,0.5003584212704817,0.2440367562513972
1965579,,,0.12327086663810295,0.08228768342858332
1965613,,,0.4495696680602794,0.6755034909920925
1965616,,,0.07979177953288227,0.04604031610370543
1965645,,,0.7900028504178225,0.7414564539530606
1965649,,,0.4584390585656135,0.17056481045205718
1965653,,,0.05685922956819946,0.1145452193638507
1965659,,,0.41294453298152334,0.08899345098877176
1965668,,,0.1009748098550475,0.13234627697737755
1965694,,,0.21198104367777146,0.16106261143648518
1965702,,,0.11489428654827688,0.3392369557206004
1965704,,,0.0,0.0
1965710,,,0.3655719478247024,0.6059092806745451
1965718,,,0.050921009238874715,1.2879278606865865
1965756,,,0.6917738718746469,0.1596806830028059
1965757,,,0.37778487073682926,0.2215659296763047
1965760,,,0.04510117026316197,0.03599625650100513
1965772,,,0.10629390591109347,0.045632531054883685
1965776,,,0.3315869794619195,0.11105620589839699
1965798,,,0.08253255005994606,0.8394217721615065
1965810,,,0.17005546724019147,0.11511745137162673
1965814,,,0.19149496338499974,0.12879910516342413
1965819,,,1.291206303802807,1.2974637570247207
1965871,,,0.0,0.0
1965896,,,0.22510964343439072,0.27202007196941524
1965909,,,0.0792141861119943,0.09270237317808609
1965915,,,0.028663681132924237,0.02491789400578986
1965962,,,0.7159584168469161,
1966007,,,0.027796862492248577,0.28360573483526097
1966011,,,0.07630857619208178,0.0499412193114584
1966033,,,0.2187525106239985,0.2696881439175661
1966036,,,0.42376991696340555,0.2769766378207433
1966037,,,0.13080491462419347,0.33057321807187584
1966040,,,0.15411906781276452,0.10098282341373878
1966066,,,0.033977366000208085,0.034010853074124575
1966087,,,0.06890761190093685,0.15826188560846177
1966116,,,0.32468465249871764,0.07306190812148369
1966171,,,1.3259603466387921,0.6307764053572218
1966180,,,0.13139153408277418,0.06239095243411115
1966193,,,0.2694758821975928,0.21552235579584667
1966210,,,0.07687417032121345,0.17774981071535134
1966219,,,0.1887396849151613,0.32518072598410974
1966351,,,0.1193327571099368,0.03450997490366063
1966355,,,0.05228137226978664,0.05717232557395585
1966400,,,0.06353255269732591,0.05436212936142856
1966438,,,0.3198671346947377,0.2359992112537051
1966482,,,0.48697892863533454,0.6875292153946698
1966581,,,0.1196829309814965,0.033741460267484424
1966898,,,1.0082577784626914,0.5165040919643094
1967018,,,0.22182988722688943,0.2655463450977011
1967205,,,0.1699659659449245,0.14916241994482982
1967227,,,0.05627732360632353,0.06365203370581726
1967261,,,0.08599934325434122,0.03524994510713765
1967456,,,0.07510480227459906,0.13395009928589546
1967640,,,0.173907446525288,0.019711235220554606
1967706,,,0.4882492381940472,1.6482714854200229
1967844,,,0.08468468528199727,0.04437369763895835
1968507,,,0.16508087436852859,0.1032099165376931
1968890,,,0.1731291835681394,0.0623559481818215
1970075,,,0.17789274737166685,0.2734402625845759
1970731,,,0.5680469594678507,0.3111404819094189
1971029,,,0.10865817379995611,0.11608794605723743
1971111,,,0.14976324393924023,0.0775053433062938
1971427,,,0.9792504557557772,1.1538357865560092
1971456,,,0.031090248224957828,0.04540174443975764
1971715,,,0.03480388266151733,0.042651597010273865
1972138,,,0.3514429147761321,0.11352945487183087
1972322,,,0.30976987397159544,0.35706433523194675
1972517,,,0.08211239044569572,0.17734446323343414
1972836,,,0.055840835966456115,0.12202518418312018
1973130,,,0.35611424397215513,0.30384515965415454
1973209,,,0.2150829891729578,0.17783895871649363
1973339,,,0.1336559421652613,0.12618395745136124
1973849,,,0.24559634077467776,0.12279130311615767
1974403,,,0.16536642521974937,0.1570011503584561
1976435,,,0.08065327568240419,0.04873642616742696
1978005,,,0.07582800450725194,0.06315970035265045
1978521,,,0.23682376032468594,0.1953269538109122
1983616,,,0.23653730396178596,0.17147877702288875
1986156,,,0.07094509859274277,0.06361241495886717
1986457,,,0.18010827903768367,0.10911006850166016
1988547,,,0.5262239479221572,0.25653315904315377
1989031,,,0.10702974351825907,0.053888061218441766
1989672,,,0.11959011574446687,0.23791388780470993
1989988,,,0.30444527325534276,0.05806373158779702
1990690,,,0.06569739520037489,0.02775122335141722
1991301,,,0.0012755390807830172,0.6990773714633071
1991334,,,0.45202992533409897,0.26237071521248545
1991463,,,0.6078986435361793,0.43747721825918323
1991983,,,0.0987293349643266,0.03704032471688363
1992825,,,0.425414502054822,0.3569122674771398
1993325,,,0.21832335447235382,0.04664171592522668
1997453,,,0.5575606092606945,1.604416848869746
1997586,,,0.09556821440846983,0.07491438894555413
1998101,,,0.07062157283792625,0.030303235366102844
1998182,,,0.42846549238013687,
1999346,,,0.2115886249646966,0.12292551417702464
2001766,,,0.7410357304597485,0.6351463347312466
1074266,,,,0.0453862071517024
1129770,,,,0.7912019734614867
1146089,,,,0.2858869989525863
1289994,,,,0.00141781854880548
1328551,,,,0.005658620689407727
1406718,,,,2.0077561652344564
1511989,,,,1.478462270254798
1590214,,,,0.31548171690512516
1633971,,,,0.0
1647273,,,,0.22874952363427134
1653169,,,,1.698980951040262
1697228,,,,0.7847913311683477
1718732,,,,0.1441665394411548
1722053,,,,1.3529911125232679
1730942,,,,0.3711930753753163
1758811,,,,1.5835429509315784
1767500,,,,0.03282841996056786
1767945,,,,0.05054234311764895
1780948,,,,0.0
1792635,,,,1.7052555864912695
1798150,,,,0.06433598229737861
1809159,,,,0.4335598649439513
1813203,,,,1.3447001747624017
1815183,,,,0.417112137316398
1835252,,,,0.06689443341781731
1842246,,,,0.3214720460246047
1845003,,,,0.7997141555168906
1847935,,,,0.5307095227576142
1860063,,,,0.41489635986459006
1870686,,,,0.20404462886259997
1887409,,,,0.19032594247394782
1899030,,,,0.906499285501624
1899703,,,,0.11128768261245153
1908219,,,,0.47445671551651436
1909739,,,,0.1384355168903854
1912970,,,,0.4509379876118939
1913043,,,,0.1512575756990628
1940461,,,,1.4625661589317012
1943239,,,,0.37510967979418347
1944437,,,,0.08246457643998455
1949877,,,,0.6571725914898476
1965092,,,,0.08700297330992005
1966595,,,,0.3923265402933225
1967054,,,,0.2880966850079871
1967193,,,,0.3148205712037899
1967335,,,,0.4918076938966822
1967732,,,,0.07614464057565754
1968109,,,,0.32755680828631495
1968777,,,,0.06788882790455725
1971230,,,,0.05568762685711821
1971875,,,,0.15234721524176079
1972653,,,,0.21155582292878863
1972835,,,,0.17435101662375166
1973224,,,,0.17121486029806854
1973259,,,,0.23799820999518312
1973323,,,,0.48245658419971693
1973783,,,,0.15466961747223826
1973967,,,,0.09500778217706561
1973981,,,,0.03697769495486854
1974277,,,,0.08551851621938256
1974834,,,,0.7227424092682655
1975417,,,,0.43137718721777973
1975550,,,,0.33094332094460166
1975710,,,,0.04164269273844333
1975730,,,,0.02989659085909403
1976010,,,,0.09263595924605351
1976065,,,,0.03327313914287772
1976256,,,,0.09164196679082454
1977044,,,,0.18289226818498827
1977092,,,,0.5517513623764397
1977128,,,,0.5469208029257747
1977181,,,,0.23877151067971267
1977290,,,,0.3206627916195527
1977402,,,,0.0
1977500,,,,0.3023677729772431
1977602,,,,2.183814073012699
1977759,,,,0.3620003189877202
1977992,,,,0.203914481292122
1978879,,,,0.36398848981512855
1978885,,,,0.04858007543480951
1978905,,,,0.02192276781036753
1979372,,,,0.7991958639504747
1979460,,,,1.1277910237143622
1979556,,,,0.04027095474918024
1979884,,,,0.630295604984124
1984125,,,,0.08067371587988473
1987047,,,,0.0
