CIK,2022-09-30,2022-12-31,2023-03-31,2023-06-30
2230,0.25532819486136443,0.2720834632401002,0.3490191008464038,0.3462178771569086
3520,0.34054541759314616,0.32973647552255286,0.42236305991194034,0.27553667333884935
4977,0.16624511322423122,0.08781566127617693,0.0,0.0
5272,0.06788251859960219,0.061508623086550626,0.040478151349365964,0.0508587558031454
7195,0.17525370533941775,0.06778790703945277,0.11193468289824117,0.12200318900117958
7773,0.05499337134286612,0.25958097971258937,0.06242631080093603,0.09935244402832136
7789,0.047315088085738186,0.05170616904761694,0.06519100155873586,0.05998038118261307
9015,0.2853276753179972,0.2070332073096286,0.3564923829781801,0.15309480673373044
9631,0.45528026972281305,0.4812728642740155,0.41356190643695895,0.37104469720108374
9634,0.12782749606095892,0.11959952086809336,0.24752732161703564,0.08539192725495395
10742,0.03893403517158355,0.0676344641977027,0.04291528225400421,0.04198981631938388
11544,0.31877169625137386,0.4505017104252678,0.5638422462436585,0.4374212861758343
12933,0.11489084211349694,0.16772679531055085,,
14661,0.0935904546417478,0.08385208953323446,0.16206347819745456,0.08940165889700008
16972,0.1880912170275741,0.27175051546533596,0.25007276208526835,0.19552028347941988
18349,0.05413211855499979,0.06638701007740572,0.0841247625004652,0.040795453065180946
18748,0.06276886123691139,0.010360848072586321,0.020157508088930135,0.027296412837138177
19475,0.5409521606577803,0.29723197448951155,0.5002298494463309,0.7641478763476391
19617,0.1089686222130829,0.12816331787087812,0.17021667115556885,0.15626194386804965
20286,0.027276521107620695,0.014719909196389198,0.0,0.00064601544221015
21175,0.23476076283182518,0.7681745530718456,0.65322511030394,0.5244414211026432
22657,0.09129075717874575,0.08097467150086435,0.0891356972719472,0.03891158181183306
24386,0.12685331786465637,0.20096654819554086,0.23776387625324827,0.18915247593353327
27904,0.0,0.12296690177846695,0.0,0.11099355521112923
29915,0.8055601477399155,0.7171668750414195,0.546391320356023,0.8164177124644089
33250,0.1353502994835312,0.2884798300893797,0.149867426992151,0.1161210851154529
35442,0.05470946506918355,0.08104859987961377,0.08569888311565643,0.06264689887870581
35527,0.08242864381183516,0.0840600599999191,0.08130791368070892,0.05663818272011885
36066,0.10815324713956884,0.10748752437613944,0.2052891692613467,0.16192250286986018
36104,0.06484358669786842,0.1309702733273712,0.07095666230553033,0.09144213001180566
36270,0.0650527416545836,0.07849862733013724,0.07828201554702462,0.055386497611518315
36644,0.09107632565047928,0.10044388976560512,0.07902734607237308,0.0715525337938559
38777,0.12894256639467178,0.1297653046727052,0.12592431560861211,0.11809882562341112
39263,0.07282294592776169,0.15911264761192204,0.07044277514161496,0.07374546912771997
40417,0.05875387676004081,0.08620290474327637,0.10542327777562492,0.05569720717507383
40545,0.062309819769356574,0.10866457077472497,1.0226448342355567,0.21718308777483192
40729,0.13467874636000787,0.0711899520094457,0.2009743886674713,0.13321508745885574
44365,0.057777367657824596,0.1315831832322169,0.09209233245555871,0.08705895666307556
45319,0.013675499341473916,0.07069979383575105,0.028940275706748737,0.027316693538403877
46392,0.06303407042953031,0.08888010218138304,0.07623527985708171,0.06770688170417778
48966,0.6782541256546747,0.8067125544662092,0.6290369411899004,0.9482282966600653
49096,0.33322757625738625,0.3079754791833213,0.3861514576779643,0.35320397741245724
49205,0.0795004265473857,0.07815980579715416,0.09214267748457243,0.11049334841115736
49969,0.07218614002514392,0.041394585196254656,0.0445190745713738,0.03427497720832182
50863,0.12242200583776519,0.16131584727721274,0.08114753565581416,0.10275464380809707
51762,0.09388004795739369,0.1392720616976922,0.15445898925551546,0.10770247621630452
51812,0.06651429125981473,0.048992993940697595,0.08280654247863767,0.0852451754525375
52024,0.19285058430905896,0.23760590230503503,0.18910414173694756,0.09495231244981163
52234,0.08967057423235722,0.256946910991742,0.10050502894692555,0.26497728623347805
53417,0.18129915406806021,0.19447145293904675,0.20276091421646852,0.18287884867279897
59558,0.05858873898983095,0.10269584250041619,0.0828304964682358,0.08281430434848848
59951,0.08371905911602642,0.1213806235092214,,
60086,0.020535934427406068,0.028441607352425045,0.02016984937304208,0.009818302294772579
61227,0.13340016656571269,0.12570436102131588,0.19636758833527454,0.2811868148302509
64803,0.010653884790292688,0.0090745733386048,0.928741724293793,0.30576100684115165
67088,0.0,0.0,0.0,0.0
67698,0.15854081907948026,0.18569193429951766,0.10222698827158518,0.07716548537829643
70858,0.11209872665661032,0.13832351246499164,0.14378192872697096,0.132183347472902
71210,0.07118980982097735,0.041039457675698214,0.0409922671676123,0.04353300900128963
71259,0.09361474567280005,0.11589641930288366,,
71633,0.008392370721043577,0.005965447431957965,3.8088776943877214e-05,0.2496612520347538
72971,0.06583733582563939,0.06579048138074282,0.0844212614288346,0.06947038616912057
73124,0.03982961918641202,0.02892145953481254,0.02864939340683797,0.059682057814991876
73956,0.12686547605980722,0.1344012854607133,0.29300691769800413,0.12346637538922195
74260,0.2464912304014653,0.08539201407504393,0.033705855925091184,0.022858450911770703
80255,0.318538485879333,0.1712158688837229,0.1667751748714031,0.1429327708233683
84616,0.09600736958393596,0.08139136125996362,0.13954327426537724,0.06379815104708049
89014,0.0681825506258499,0.15251495352525854,0.20963120320181108,0.1286262879996986
92230,0.11815068266072783,0.10871182365305487,0.1196625918220688,0.10120806020859896
93751,0.03784734931325985,0.026418839998133298,0.0432627916117683,0.02725584429369728
96223,0.0,1.9201152455497035,1.0913907401020453,0.8428227013136218
98758,0.1564956719696032,0.2184577825104496,0.0805234877741308,0.14524885112978442
101199,0.003302855036829623,0.0,0.05008614847540802,0.21770085907356482
102212,0.3091627351544722,0.16255383746850513,0.17455017486442437,0.16016722411881787
102909,0.03450257113753768,0.023669124042798095,0.029535137748540313,0.020152660433662532
104889,0.006613256649943912,0.05560898247407238,0.06367095935839741,0.05222102762590888
105495,0.02075992231702879,0.03705453047214521,0.030074383608470777,0.014947336166208568
106077,0.1800657904532959,,,
107136,0.13408973108922284,0.17191760779986448,0.06267322102028793,0.06737355878622638
108572,0.21896693903502387,0.1319424460485448,0.18019939035113444,0.1932173992721054
108634,0.1213381939991347,0.21299003195746527,0.14209942200984976,0.0642645117124102
200217,0.11176347369165672,0.08365709152265835,0.07214216481420595,0.06201964613987364
200406,0.11110644592980636,0.11974078179880254,0.0031326874519359113,0.15952482195172435
200724,0.17316537277801344,0.09405559572633718,0.07283757576481519,0.1299291682792065
201772,0.22383196515266782,0.2594421863600991,0.3115695010926315,0.3583102533046105
216851,0.07576067556222901,0.09127329888748788,0.15794129114568686,0.11427197021341985
225816,0.11526819285561617,0.017513262444095682,0.02590784560437595,0.022100828931279765
276101,0.08237577285610025,0.09873139875656564,0.09141859784554544,0.08429027107278188
310051,0.031732749282950466,0.052123799868494546,0.04749532531745541,0.04475769282369088
312069,0.32076192296921463,0.3499619451006054,0.4153206332330025,0.5148126415337857
312272,0.09164711964634645,0.09053986987670354,0.12235320684409344,0.10898398863504852
312348,0.09396552429230765,0.1336007433042676,0.16025937444724658,0.08930145369880649
313028,0.10371802512860565,0.12227688605631666,0.1874697898357426,0.18211060569669346
313807,0.2390557918951457,0.09487255560713244,0.12694521443382453,0.10162340643324973
314169,0.12335415561806644,0.16073115174912947,0.051862798504504606,0.09159859133217713
314949,0.13073682996391078,0.1544291397339531,0.1259811988392326,0.0007642008398370673
314969,0.03655946541591377,0.021714081347685668,0.03531741900728625,0.04414705098305199
314984,0.16981795726176713,0.1873328397849066,0.19825411263066428,0.22233144747679068
315014,0.09502743583683608,0.14728397650296646,0.1731388277080289,0.11604411258009996
315032,0.002343828616350845,0.012802680706665485,0.006925938779890499,0.002519757457626754
315054,0.5395046231600092,0.033678482821299774,0.04510036966002585,0.38047879303067095
315066,0.0967490146511084,0.10632540901452484,0.6781965522317649,0.6813729945377669
315080,0.0850670829133901,0.08723578149544528,0.07549061846978304,0.0533046947058739
315157,0.009240902548855786,0.012839058162580862,1.4054069867844168e-07,0.021490554999201644
315297,0.0410734825636018,0.0522841474616896,0.0792865692895481,0.11607567417835174
315498,0.057926407457868465,0.02825953721920654,,
316011,0.0037246567931227582,0.00798170998413236,0.0039417473970598076,0.014884123415025066
318989,0.20463992662422814,0.23394804508316144,0.2123864092831741,0.2505699939531834
320335,0.004128878215972515,0.009019293582036835,0.0,0.004083184014768964
320376,0.07772462286232266,0.04273861507413084,0.058640332801029656,0.1829291955122529
350894,0.1151339146123069,0.19683117326769875,0.18633670043164535,0.14100869723005885
351051,0.0013520768881610861,0.12504490408169586,0.018209651747220643,0.04230810409922991
351083,0.07480961029995849,0.0080009527802334,0.08694222313846389,0.3751932039650854
351173,0.18629072700833718,0.2553354618824377,0.2763610538830474,0.3069979823342829
354204,0.06101575950084734,0.055651370493851,0.061487029176927124,0.05418897181276298
354497,0.19231065006471815,0.22159371696537278,0.47857390955733453,0.17693716611879487
354923,0.09374081851500105,0.14658120619348292,0.11664599408877217,0.025655469420178472
355429,0.03084375047086614,0.0004980280324950837,0.1512711836748445,0.1801450261992603
356264,0.02713303587479333,0.05271481109463835,0.03613147276061206,0.03362778806732395
357301,0.05415494099823709,0.03845495555446044,0.05379282686931343,0.046923974475779937
700529,0.3017120668954472,0.39647498691514665,0.3414238012397061,0.19477883586903155
701059,0.1341219415821475,0.16310375969741184,0.2702371038471024,0.2642211314274719
701189,0.04754376040443849,0.051746058692775036,0.03391902026714181,0.02739281570705177
701516,0.044258005146779855,0.09576499262274721,0.08301626193691514,0.05455158035440335
707179,0.7111890311645183,0.678347936627367,0.08350053564050255,0.17572507590678932
709089,0.0667618495709137,0.13414327205918022,0.20307217587199122,0.05175333576184559
709428,0.1587903386122999,0.14631945127492235,0.11292992332448094,0.14849819813142212
710127,0.13061378335723728,0.04921588495063492,0.049004013328190744,0.013002719992745741
711089,0.053528439437237806,0.0731075804378652,0.062153028630329114,0.036302359660841714
712011,0.07275816836441519,0.24369337509526828,0.1433091845900663,0.00867328529895142
712050,1.180807649727103,0.5562906630266589,0.5028976309335331,0.33057414827871373
712534,0.07219027436448562,0.1294446962079217,0.09466179983193887,0.05861937044521096
712537,0.1278816271919734,0.10698183133065241,0.09497741531014926,0.21152034331857184
713676,0.03045048391338889,0.04359583408879085,0.11618805945069219,0.11322657696890999
714364,0.023712200454183707,0.2257266279977352,0.1348916331513457,0.19519105102078976
714395,0.18412569077389004,0.2168145723631133,0.19910476413396988,0.06261950326040307
714562,0.04433581197854807,0.048421051419099095,0.05556163537421108,0.08054766071264535
715113,0.3273701865718192,0.29785815872710797,0.22292733258818218,0.41111272651348685
716851,0.5807693501210246,0.45759889991970415,0.9849465375696618,1.4867634898315685
717538,0.027145426443492715,0.08192019391536778,0.06660233872881534,0.12778074844234727
719245,0.20266899471794939,0.17627874641765828,0.21846026780307995,1.4000661651533002
720672,0.08929503501892769,0.10275814007677811,0.15054323894633956,0.07897902707918737
723204,0.5414419060487424,0.4109003569784866,0.06349126044777315,0.0410228034313251
724683,0.5617940048955805,1.4258902562138236,0.5839680882965983,1.6417188188732885
726854,0.06863924853444107,0.03639589442266421,0.06349093201388481,0.06226089140005342
728083,0.04299777825985976,0.16054170405500579,0.130806695163991,0.0743675275575199
728100,0.36430156173001027,0.423826646825094,0.47526953118942594,0.36232053077662296
728618,0.049403166824925744,0.06723308582155699,0.29205690226774556,0.13466741536563326
729563,0.14709060786170408,0.11763848162247162,0.08566688306916803,0.1419378768011529
732847,0.1524972020168176,0.09614798628841255,0.21605072514692286,0.09143994579581116
732905,0.06439525391657215,0.30862445090418733,0.08859949231801491,0.06511432688306393
733020,0.2085840620516591,0.22161803866661486,0.06373179184958325,0.11249471038252677
733444,0.1958381956383614,0.26115983058639347,0.2561933934029561,0.16272964395977185
733986,0.12391246465535737,0.13485177848877758,0.16484385672358726,0.17342055263979353
740272,0.16390152947406908,0.1491503736387199,0.21640756662157587,0.15968914214454333
740913,0.13019772649484443,0.20125581711480003,0.15609345876133734,0.2097189294114388
741073,0.049003761357099274,0.040718425262908246,0.0925841359352206,0.06310167764146822
743127,0.10664587992886869,0.06264666377595793,0.05617001884368536,0.16703144032946876
743482,0.11822817998508076,0.30160261390317306,0.19636366439151653,0.030566454419778323
748054,0.17887442057259315,0.1567880963537881,0.17754414633962337,0.16972354757744773
749044,0.06666447344684252,0.03771715690048796,1.5280908812947867,1.5299987975277047
750577,0.206594568646238,0.19329162183744153,0.18956204120875061,0.19137044431972472
750641,0.22046907580052674,0.31515216265451695,0.14931023661855664,0.18123467829419437
752365,0.05083901736339194,0.07449933840945616,0.10293364110579419,0.04689401564994937
752798,0.21716607231884888,0.20872829022175407,0.18110451313634643,0.1485507264483663
754811,0.317254175954156,0.18472235409193352,0.2762533150085461,0.34065864749370106
757657,0.14696251015331702,0.16223863274275743,0.14700147803513058,0.1540270214733021
759458,0.09373366588459957,0.10722780183395669,,
759944,0.08402361450340545,0.1421321596355394,0.12785025283060053,0.1066911529192744
762152,0.07638922451138333,0.049317831897869695,0.05295839333348721,0.05074148564347912
763212,0.05899672056801925,0.052507958922379215,0.05558998109536861,0.049781258688769356
764038,0.05377266160364562,0.07231427207738828,0.06751305782581334,0.053338727319966514
764068,0.06630721283034069,0.062270839314236374,0.03830491530025677,0.04498404756885755
764106,0.05532877624918283,0.07390255824562104,0.08366790660954204,0.08724609983774205
764112,0.0753933683757692,0.17151326625910915,0.14574677949733547,0.08209099322737054
764529,0.16512788739677908,0.14401175984727105,0.12839346739255522,0.1352784014081557
764532,0.1541079133549134,0.1600344217994774,0.13953219514355314,0.16341730114112787
764611,0.023672304255496664,0.19546736894007247,0.053887540731752,0.030925032304142525
764739,0.07950293028873354,1.0585961661311298,0.09502635402238167,0.11175856791485445
765207,0.14268457609550278,0.05499972818225042,0.07646339866711063,0.04959902606961902
765443,0.1438091588270454,0.12525261660687126,0.1345745831625204,0.10514129111730029
769317,0.17396141791429687,0.2133890278701392,0.16843162638794987,0.13658048284221672
769954,0.10570341539497871,0.14856451679948843,0.1022994311634555,0.1132443014422687
769963,0.10753533112693017,0.15930530462699843,0.1697732756861645,0.08163155920626604
771118,0.15970967912572007,0.3267463137888689,0.5770230745493206,0.052371813535639085
773411,0.21463624188953548,0.2415879616960546,0.07297419194077481,0.06996866277693756
775368,0.12072313250117099,,,
776867,0.2838978754118361,0.7885102927198601,0.0,0.3234055663883316
778963,0.20026488011842875,0.17815383666492765,0.059675842480070476,0.030067295088166905
779519,0.8580101601305515,0.7579778018763476,,
781875,0.12396705990168472,0.19023490168190701,0.199620757022252,0.10479834691130438
783412,0.0,0.0030384231550338613,0.0,0.0
788714,0.09546047614578913,0.16573435956105467,0.20174543672545472,0.17206063504315233
790354,0.11837810584036436,0.14622634419509345,0.1999525488411103,0.2470625771483711
790502,0.2760919958686349,0.1840730686051467,0.25473100199660603,0.2761175053194278
791191,0.1656968680854953,0.140389354204705,0.06118100360892959,0.17397878337876602
791490,0.007838417868465355,0.011591438049684235,0.815613184834366,0.03987113115574515
796848,0.24212088696024534,0.22367393725561624,0.20751606924667515,0.22545808378201623
799003,0.042650569304246176,0.02808238929300032,0.03194750172139057,0.05890413703757474
799004,0.05107432860958941,0.10290684049898093,0.24659179085751212,0.06589625641263218
801051,0.20440011711471742,0.12150592956134175,0.12978419636568775,0.12316408624685306
801166,0.5444242938466499,0.2542667587100222,0.7777305899451938,0.10598332815640595
803016,0.18040557882548122,0.01430674095991131,0.01708802828793415,0.04738838972574518
804328,0.3086672134077462,0.5216209379795097,0.07860210047872002,0.13874901612287038
805676,0.04376626899815043,0.126132259391622,0.06501409033077205,0.1115805162845372
805870,0.20756527828564977,0.16117184552002214,0.07441101082023534,0.033503229344051214
806097,0.10855326694816964,0.14841042072958022,0.21462529310717676,0.066580896284777
807249,0.07751315875327185,0.07369249569571501,0.08912229162007926,0.09495389065744253
807985,0.11878912431000638,0.38693551718154806,0.26908642290345314,0.3354980935198958
808362,0.0,0.0,0.22220863566980362,0.6872438976219551
809339,0.03026111980477647,0.024824270302346112,0.03871878653039342,0.036372135708891966
809443,0.47014363974051143,0.8153567698178288,0.5590167148246489,0.43200207985904215
810121,0.0050146536194250165,0.2933920662396705,0.1775625584784149,0.18473533142208437
810265,0.09588914540069224,0.055504699926323404,0.08034575580967052,0.08490765498028652
810384,0.1258004305972778,0.7140790635260236,0.15216039224020167,0.14052256705566296
810386,0.6983145470210926,0.7261814471423442,1.1024910272898576,0.020603722905241227
810672,0.5082772644857212,0.90937519473702,0.6593568291667193,0.38968829464098803
810958,0.04028326381019496,0.1113598438493039,0.029124265642184496,0.07183020112304958
811360,0.04285776447578045,0.05097798054612265,0.06707602557457283,0.04088731880975238
811407,0.05270589263841513,0.006510550489645999,0.030507139075959828,0.0414443893290403
811454,0.008592760284259992,0.1581237606000036,0.0,0.004339715318550895
811808,0.04782679068194376,0.06346464249529474,0.07549273818246932,0.08479744278911636
813917,0.1668936550534055,0.21641042891592974,0.16233521431400147,0.300592171266266
813933,0.13092206503706946,0.1131515781846533,0.18589057852258392,0.15159264437070577
814133,0.18342181504854815,0.1673893919851292,0.16876776554830905,0.15589422611934534
814375,0.07033615597826066,0.1584970241205076,0.12944226607290932,0.07838111150860394
815917,0.016416697444717052,0.16988100173741336,0.013690670061366145,0.057919764640635855
816192,0.1439988479721043,0.2966775645773638,0.1463527702390612,0.2052283458850693
816788,0.13156626307993197,0.014502689360048745,0.021979966570446013,0.055287019788165206
819535,0.09753595229037383,0.07559299521073388,0.07345272518576547,0.09113513733940784
819864,0.22762496740047108,0.2191317250277927,0.27438813494760317,0.28178451555719786
820027,0.10845486642344634,0.12225384347689014,0.13298081054633173,0.12855499750328936
820123,0.057625014721065425,0.08333718697207135,0.12143615460433456,0.016063947118238532
820124,0.2723338741378417,0.2877933468810923,0.45759951049931874,0.26182191318525333
820478,0.1224100413612466,0.1322741424269193,0.9672873965699427,1.0126029651322461
820743,0.14431722374390632,0.2599636481540579,0.27896130905550137,0.25365018555824986
821103,0.1019755017670637,0.1541890845987376,0.06514858337792227,0.1323267202429976
821197,0.05020343350508731,0.055830839478043646,0.07994345726691986,0.061170400459541696
822581,0.1571718561343258,0.15318031250973335,0.14280047738613516,0.12214821905672799
822648,0.28454355700593187,0.4124377661570826,0.3314279853414461,0.18037860132653388
823621,0.19068042642899022,0.1868823906404346,0.23168936496514142,0.24501348726599706
824325,0.12091718192632725,0.19225263229831177,0.1338853870795072,0.08136556214596573
824468,0.10215874163271382,0.12884617169449117,0.1172821139075893,0.11006438171024105
825217,0.05270975216693449,0.06645072604312006,0.05933101222820007,0.042076288399998676
825293,0.3399688406375788,0.4114472743094728,0.48647275730422657,0.3039004200019265
826794,0.21248371638247918,0.3015412396048042,0.18097516333769115,0.41433446962029924
829108,0.23129032890551576,0.283824356353375,0.7204790627466516,0.7702373661900559
829407,0.09809232576036646,0.12011470670312839,0.07821689945225559,0.058082389611607006
830588,0.06560851884242216,0.0205782367188399,0.026472421458100782,0.001420601915412594
831001,0.26656076967271836,0.3072546780836045,0.28918398844195126,0.3344651995105052
831571,0.04136475538658456,0.37274434374147425,,
831941,0.5748720209806834,0.06201474993171051,0.015415044440750583,0.23799188034179683
836372,0.07507534654402963,0.27361742593931554,0.0794583314271217,0.07533553811861794
837592,0.07113819289618419,0.08518662112956432,0.11671851749028196,0.077541878637988
837980,0.8252363211129432,0.734146826637839,0.6409428259596597,0.2663342260529867
838618,0.13137209115605541,0.10725075940691012,0.11906414957651239,0.10010519958322148
841802,0.8506723877977728,,,
842180,0.2992341614366751,0.24049753288524942,0.3359333962896792,0.3490496879783013
842766,0.08391898069412433,0.09593091208024593,0.1884771571037785,0.08341576129901129
842775,0.19935678142084617,0.13440172327085667,0.09182769253770533,0.1691407495404743
842782,0.09526479365427953,0.03635924305858395,0.08818384297171564,0.316741128262985
842941,0.05325606898274302,0.06713547884736713,0.10470797576042995,0.062355889955309364
844150,0.4527314213647181,0.06151437532227817,0.45131783824264465,0.38769218833582564
846222,0.09516331275377954,0.03362052232512377,0.1596498806324519,0.0859181259133287
846600,0.05298083514198595,0.098842214892618,0.13494909758634485,0.012578127758393329
846633,0.2864168814801646,0.14755361371977446,0.6796535820111488,0.378070768774143
846788,1.7232293538928976,0.05964893880320097,0.7827513101409681,0.7667867473881884
846797,0.16032170830520165,0.2514328562368318,0.351430715319662,0.23310918251637291
850401,0.12833254944196476,0.10792656705569915,0.11098360928674693,0.09921040432033189
850529,0.2609834911213514,0.10193794800743305,0.12306235144228433,0.08824308532934316
852743,0.0,1.31866908452437,0.002366994851492943,0.030363076902658555
852933,1.5220250392664036,0.12193006044944599,1.2770582558884485,0.9755528429640108
853758,0.25801172724751725,0.1654249637956474,0.15811431610769108,0.33740512072539564
854157,0.21048417814843046,0.16399019130239015,0.16272543994312905,0.11030076471698905
855702,0.49475236336706424,0.39791045616556864,0.3534209824370307,0.43445140033415397
857508,0.19763751674783575,0.2939484045459216,0.19259178180401823,0.153044822002799
858877,0.08069209847824918,0.18063326905690083,0.24129738691226105,0.1394894103401919
859139,0.34429434459209607,0.41311069159586783,0.38141671734160004,0.1003630612696256
859804,0.04822963661137112,0.0504629999747613,0.10910596581047104,0.07142256497992384
859872,0.05266015720357086,0.06591473224633959,0.05325227699685339,0.03048651281861885
860176,0.2808788183667734,0.2805637373006513,0.27107258990334565,0.17145870871417343
860486,0.077496193986727,0.11592570469483278,0.1783230552882096,0.14750723875253396
860561,0.13379740401790066,0.17579287604764288,0.1840112518665011,0.12174055266059361
860580,0.040369521823464004,0.04182620825256394,0.03214431547471227,0.030731050823779197
860643,0.05617597686241257,0.04870132709059667,0.022133167713052845,0.04296452468169513
860644,0.05036756163109799,0.10418823710265161,0.06199819031320785,0.034438114989282696
860645,1.0731422509804067,0.36631372593220257,0.767130049400129,1.0322137142605667
860662,1.0225578921515666,0.5760835370693614,0.4675348017558218,0.36533155233648595
860748,0.0,1.640863558859556,1.7968233625467183,0.0
860828,0.10685545557895385,0.11888285459437464,0.16110220788487825,0.10466097688142939
860857,0.033824424674039844,0.02940146262314514,0.01604210815372883,0.036329023933855294
861176,0.07824817571461273,0.1876141951318033,0.23084869071583874,0.16832502602970265
861177,0.09624521973024233,0.0953418738392628,0.09649280539001155,8.410326369238566e-07
861787,0.23756262952414214,0.2507364921489095,0.20810992172985573,0.11346718476154237
862469,0.0985496388447154,0.07739358157096982,0.07287009929831366,0.07202951249632561
863748,0.08579492409860913,0.11574683859605794,0.09954442818574367,0.13557904318698355
866361,0.16748791619151282,,,
866590,0.6298106556162135,0.16872676216080407,0.4792472636183583,0.1623004928850367
866780,0.10715556621762438,0.10231621219936807,0.09832165950254781,0.09412191593110125
867926,0.112609504664738,0.11816975434641626,0.06901140253052906,0.03674767802008894
868491,0.8513496578164479,,,
869178,0.13956456584266594,0.11731055789675014,0.1413556093768455,0.20480787057636335
869179,0.31400115419278213,0.2438244479848496,0.1903279091832767,0.28387508674235384
869304,0.06346050432563728,0.05729904338770599,0.1285044071815726,0.07793824703207713
869353,1.401866926668311,0.37687626806078095,0.15239135090185504,0.1009670689986944
869367,0.014111448153950896,0.022932295429830975,0.02263633821014507,0.022636433774144194
869589,0.15445339603358407,0.3751883707528478,0.32166724367563,0.25919440762992835
869772,0.5106861103947173,0.32506941710969617,0.06977526043198526,0.12079452260519336
870260,0.12937087462897678,0.1260529987656347,0.21968111721042352,0.20779025840411416
870481,0.08960542945304695,0.14424190030065795,0.8094588043532756,0.734625084158576
872080,0.7899642406742533,0.2566289482594576,0.8304767780463567,0.6928565026564388
872162,0.0313381906226039,0.012324124428212346,0.013457997218441082,0.01431527441924002
872163,0.5123888228843965,0.28164844621486224,0.473566116442279,0.38999866393360616
872259,0.11577309346370646,0.08934529109573214,0.20814348179644016,0.17717823799686003
872359,0.21053806080346896,0.1976639962661758,0.1854889486895806,0.15652915620689606
872573,1.063990164486724,1.3367084558375857,1.6733793129652448,1.3620400399956372
873630,0.23210552325185269,0.3881752581200762,0.21111377040491713,0.21481991215265275
873687,0.050492044305112505,0.0011514268799465838,0.0011652097830981635,0.10659744475027857
873759,0.09811552740480477,0.23577686347362542,0.11512114092192097,0.057453383834679676
874791,0.04033643163194499,0.04612262618176797,0.09638528349808696,0.03098430870098631
877134,0.3689579871564115,0.34930293274919,0.08874040450128681,0.08393408702486023
877338,0.22423466135754458,0.24288139754226687,0.24135220733220916,0.08681397922605119
878057,0.25802452971075773,0.3441795846201041,,
878228,0.0220059131981307,0.0174669229880078,0.023906566134698923,0.014679936734791024
881432,0.39324425440255056,0.26517033998681794,0.27200585723604237,0.2157412663783113
882119,0.060905999204336536,0.08991947220187149,0.08651177721096187,0.03059115407984911
883511,0.2076716471932792,0.11107446552406373,0.2648066017438682,0.1691266829003983
883634,0.11708954658471873,0.06046495735344564,0.03554964443819367,0.7825187843129734
883677,0.2830360131685344,0.2577053223196885,0.31904278781396006,0.3024886059280533
883782,0.07679799109903068,0.09885200056885107,0.09514566561920575,0.08348113266714774
883790,0.07462965891953531,,,
883803,0.05862252089439354,0.05576275483479774,0.06941220983086806,0.059253230245240665
883948,0.10237166740521447,0.13326254066839832,0.15082496098449194,0.18584488810042601
883961,0.12460201649639104,0.11245098330105267,0.10565773225810897,0.08690791171864697
883965,0.049929920420142486,0.076006640386982,0.10857331687321854,0.1090091441693522
884300,0.10513848961124218,0.08692698752810997,0.10897423827559151,0.06850693204235522
884314,0.2319257615416528,,,
884414,0.6558982916816312,0.37463074426780035,0.43697310682406154,0.3696879099692552
884423,0.06456462374318095,0.03405290182571576,0.04948502491861458,0.04103921560681991
884541,0.11031510740887386,0.06817640618236202,0.11994713304119747,0.11310939395179011
884546,0.06702062961532687,0.061213398214997126,0.08822950342483171,0.034555553387644794
884548,0.16861734138932577,0.12610980902361052,0.13304531177040554,0.2023558159495036
884566,0.030924477047545647,0.10960391998444388,0.05475942103803054,0.021839042476575986
884589,0.2347698735530175,0.22557041182825557,0.21123539487463766,0.3325736178652051
885062,0.10882843984319164,0.2300904356615401,0.11660955313290775,0.10256587867473088
885118,0.004853677229697508,0.0029257083730261438,0.0008688314322289247,0.0
885415,0.04531456418510544,0.019420278596053994,0.021054602875433426,0.029320346255292423
886982,0.2039863522764272,0.2176416508768045,0.19617056811032235,0.1574410962116457
887402,1.6451206088810424,1.6487310550453989,0.501688827677897,0.05091416447095289
887748,0.10548827248933139,0.09346526541514068,0.14816517312996946,0.07174189481272505
887762,0.2706450491085359,0.10593505362475465,0.22866760278990983,0.7113687205564003
887777,0.0806213509063739,0.17887698260090268,0.14615610777212787,0.15434375704067002
887818,0.1289129337349593,0.13624226975343925,0.16807041204671097,0.12463429087908298
889232,0.001289331468038481,0.000886744397567367,0.0003574003412987919,0.0005047945357854447
891287,0.04845085364053605,0.05458835109507931,0.07171578408417421,0.04089338479393866
891478,0.16317596596081357,0.20790361624766143,0.12705634210884892,0.3264991556744874
891943,0.2668815304739425,0.30844744122363826,0.2628645123986359,0.31583398709576027
893738,0.0031139498022431616,0.03168144697305813,0.0668441934563604,0.020816510380187978
893879,0.06215649484239871,0.05910791599114137,0.07136824638314929,0.08886449383141859
894205,0.13696903065976387,0.11418935526798737,0.13277788874910038,0.1790766979041448
894300,0.027615766599634124,0.021012295948581613,0.01773437200551612,0.06741346772863754
894309,0.06276102173219274,0.08430854645997689,,
895213,0.47837836255498106,0.17725885774920028,0.17591197500855413,0.22930374231133488
895421,0.08208639725007971,0.1862994158747791,0.08926389234309226,0.08418816215450131
896159,0.0,0.0,,
897070,0.18194292748668756,0.21231940318078613,0.12446630558042389,0.10814155749978667
897378,0.19340059323076067,0.1641234260473617,0.16609709697945405,0.17162088789889252
897599,0.27174053991281,0.1446767756957604,0.5161035591446066,0.3039945833958979
898286,0.27731167742835927,0.3533828111515027,0.2546379193316128,0.2540252999667116
898358,0.10438610749028605,0.10072132589317101,0.09294718367301111,0.11892330289930889
898382,0.12397944104294267,0.12598573120193896,0.09150479538106421,0.10731571660285663
898399,0.2599292485625288,0.12075247290026947,0.23400074061314963,0.21962164072496193
898413,0.0390240672110636,0.06014605151352583,0.0515244185038035,0.03469070772490434
898417,0.0,0.24339046217916102,0.2381349605155197,0.9228208696202871
898419,0.6635165846635689,0.36762939890962937,0.3499377037458763,0.25591314594315834
898427,0.16652759995396796,0.6797116324167599,0.20078201270830426,0.17509953444313248
899051,0.36629431495588377,0.35293099398086797,0.9687090849276054,0.2093776942934741
899211,0.07139267318521972,0.04723090867656326,0.23580959763891882,
900169,0.17255013178928566,0.10604444427495259,0.11447380302862599,0.1009117240008475
900529,0.7374096395749995,0.7008643743609646,0.6919308116804401,0.7176002939161598
900973,0.22649887815633943,0.3121412211061425,0.49740546915651446,0.5253611566607314
900974,0.033241516365301496,0.05903067971670607,0.04565317664579428,0.11381465562000255
901541,0.07883559603924994,0.10634259313160735,,
902219,0.13716206437939316,0.14424892603637507,0.1532962312172496,0.15705656183481168
902367,0.06005625802008485,0.0738190117650298,0.0689283390279654,0.05117161855274338
902464,0.22755101451780863,0.179978647518018,0.1411964980716152,0.19955960762446787
902528,0.35282018064307247,0.23174591796608518,0.2998510744724732,0.2084829859170794
902584,0.32062831282880466,0.341993076734465,0.7679036206333529,0.577628140741899
902614,0.015668507059922225,,,
902967,0.0,0.0,0.0,1.0058234544608498
903064,0.1562516535282041,0.027959928536724275,0.06971771143871398,0.10844590681398017
903603,0.07272456324734378,0.075404981154508,0.03763223507947498,0.5194205314099961
903783,0.12146780874487706,0.16149847055857042,0.1373752893467924,0.1125681666371184
903944,0.43256497557508716,0.5654329325449383,1.0214219211774727,0.5413327018641158
903947,0.22103111516281124,0.21950842867495066,0.16505902605779837,0.15230935578546223
903949,0.08386795432186288,0.07812088824933199,0.08459121618316502,0.06767869932094758
904793,0.015238316247568376,0.15899265592969508,0.0730309941709679,0.0
905567,0.15592053912718953,0.10551628456017172,0.07093163067693173,0.042933642232765475
905591,0.0,0.0,0.0,0.0
905790,0.1093106237580128,0.2706411939812202,0.17454828038708456,0.25650790439446564
906304,0.18227115824804882,0.19470124811545964,0.1762075269007403,0.1866608704110733
906396,0.11623793543736195,0.102062167089221,0.06992518011718064,0.0585867841103207
908195,0.19700831620941034,0.30950501100934263,0.21067153632365168,0.1755157072341732
908431,0.046912391855981124,0.03520110903294631,0.06092587813212207,0.06386006576509488
908551,0.012848081440192706,0.0013557836016121812,0.017729522915087007,0.08037901037429891
909151,0.1442183453970953,0.11397509540708957,0.21788514375774723,0.0908841655977325
909661,0.24598902342068324,0.4192436690261139,0.2682352659301315,0.3712177369946204
911270,0.32874178660662046,0.04940708596387925,0.18855223397838988,0.1732854468693507
911274,0.031166337029189643,0.036263395704871276,0.08483278685974083,0.022782624899498154
912160,0.10529851138954889,0.05723860301628914,0.1747969593051626,0.2391851777349127
912938,0.07392044056543032,0.09527273435039824,0.11069023512161366,0.1292625278097247
913760,0.21076249094887098,0.5299739987607671,1.3736682137140597,0.24489541603854853
913990,0.05674247201427717,0.12334921972830365,0.09384228742298367,0.07270807529651602
914208,0.12182456960611929,0.13162653595538704,0.14962488572880736,0.12471902859306325
914933,0.24257672130763414,0.2125455910671503,0.2418883527116048,0.11368534201942464
914976,0.03390553113098868,0.013600244194052915,0.02213343140354542,0.08246071370435076
915191,0.06309742440437302,0.02486415491065552,1.083838929911482,0.28514265461162247
915287,0.18599548435295865,0.2239128526424058,0.22542155363099892,0.17182363415247767
916542,0.35773204143227155,0.3490858222488899,0.4083197772033283,0.3911033832087516
917579,0.32593931606875526,0.184221923750819,0.1663844070623688,0.194567988386472
918504,0.052224611690016916,0.025852251932840582,0.035862375055500356,0.07460466338097958
918893,0.10829872656012125,0.10216873334918163,0.15055980757269674,0.08632012133023072
919079,0.12524691097639465,0.08502496751695772,0.12103190022898908,0.06413351472819298
919185,0.531368354482284,0.5710297251897997,1.000497525313277,1.2654506428351717
919192,0.06671476600524329,0.0535425462232365,0.07494372323961956,0.04945163776166889
919219,0.27639596492369783,0.36753842558490607,0.593803076963628,0.575253028537666
919458,0.3638229825776361,0.28671726758677435,0.3012032243464138,0.23313582464239857
919489,0.0061709807745015,0.0123388254421359,0.0029794234815979288,0.00575098723603323
919497,0.2619377661075612,0.11620983672050479,0.062612783623618,0.07891753114935848
919530,0.14678950389194614,0.12177462223378883,0.10793843671597154,0.10775535320336053
919538,0.05905635844592035,0.05961140873448793,0.08603014618529971,0.15110589541140096
919859,0.1067541412845127,0.18050319808844523,0.13954363134684328,0.237339540099786
920440,0.411667029840999,0.23211014766668253,0.3160342959475061,0.31302059633861673
920441,0.04879252679952616,0.1377842444289163,0.018556541994611583,0.08136384424346964
920655,0.069588889597079,0.10423472565891495,0.07532619829451426,0.01980974785142831
921531,0.6499168047487835,0.43803479799746275,0.19019360925700438,0.18993982997872166
921669,0.10233682709139857,0.06179685724965277,0.03476782994074612,0.09630395383882917
922127,0.021092200204567913,1.3142738738268673,0.048179952876938686,0.0636558619988981
922439,0.0398819861050663,0.4674969030062767,0.3962129960433334,0.19959441462852204
922898,0.14708897148395964,0.15254661280338067,0.17153340018000737,0.1694024353596868
922940,0.4515181042257826,0.22747602763416033,0.5310934850989004,0.5541031663169809
923093,0.9116852447561755,1.0043861214103547,1.0639784969546524,0.9966496443116121
923116,0.014630219147514523,0.1055396869448467,0.09657417661142059,0.11930525876201614
923338,0.44759120461332835,0.30903037532908767,0.16895088263965663,0.09858609730188954
923469,0.6655217930793491,0.6375899099058288,0.6968682173512099,0.542502863641269
924166,0.14999510410553382,0.13626408753057195,0.11106838425993347,0.0644832614418168
924171,0.19703108300862182,0.042931456024508874,0.004187241850031714,0.01417825396211076
924181,0.06640357385914622,0.09167465374348696,0.0753595586205914,0.06642255192999633
925953,0.0641583992737776,0.06636061818665101,0.04239785780460777,0.11400402636109976
926171,0.5099625520569042,0.9527866920629422,0.39942130082397276,0.44638590745157636
926688,0.2500130324817953,0.19528021057129077,0.0034346640279317685,0.022668411906657044
926833,0.17957442153968176,0.2171625341836953,0.28789955790483773,0.15955719015988531
926834,0.0919463880337397,0.11856845326508404,0.08353087096461125,0.08616804844883796
927337,1.0719082355778418,1.3937350104605102,1.2087561044056676,1.1240140958282936
927971,0.21910116956004885,0.2088773988466369,,
928047,0.11077392989486196,0.14932211799564052,0.12065610320345735,0.16053460060680794
928052,0.09445516108787866,0.11572836182501096,0.07004421259358558,0.07785984252900247
928196,0.09707558128156397,0.13717297896535705,0.21646666096814887,0.21025035356374466
928400,0.06146071889776064,0.015511281111678406,0.018187368238215495,0.017134417722687957
928566,0.21497984156600114,0.12767182334952176,0.15361995115299426,0.20066413632190638
928568,0.059815114645320425,0.06188623980466285,0.08013378985379883,0.0895997428433785
928633,0.163797775342576,0.1530500253846013,0.1355378147830655,0.12132418008235174
929607,0.014502563526064806,0.0,0.163968885803687,0.10278749051607029
931097,0.04544934708018479,0.2644208989533076,0.19192170219108262,0.05935675445863079
931588,0.3084057457516341,0.30822785152232673,,
932000,0.2667215168515004,0.9193509392272747,1.3787558601953822,0.2213034603713018
932024,0.08786090309728498,0.11717742014165435,0.15960393586572424,0.12262287377547114
932540,0.902823615233284,0.8314483591134924,0.994921320376804,0.6679837020643153
932724,0.5926255045267224,1.0038387702925953,0.8510898723463515,0.8003214918295487
932974,0.02079244130064892,0.02643509830629268,0.028427236543281675,0.02718328748031635
933429,0.08965986971703799,0.08070846952890942,0.0663866166700232,0.09698179565575779
933482,0.09366226368480843,0.14648697323464577,0.0869079057671542,0.0720583567654849
934639,0.2983939787531455,0.3289740717379714,0.49217098609928617,0.46123576458943144
934745,0.02283035951884757,0.039216555392542034,0.02529469377901578,0.03059735039803939
934866,0.09370063253871849,0.303014197417028,0.09661807262086375,0.0688516758714382
934999,0.09036471022585887,0.12918788723499902,0.1101693795118837,0.10155901058316227
935359,0.024056506011992607,0.09025477372442459,0.05171998199787144,0.04605822172785045
936468,0.35144321635230596,0.0063252229742928115,0.7670278950845228,0.006719544194577572
936698,0.08142443869901989,0.01969771323984329,0.07453171366585455,0.056768993955365075
936753,0.08680830571264128,0.14048417177970035,0.0888508455323311,0.16469036056588837
936938,0.07205854218853103,0.10117720876038032,0.03191459393922,0.08968488694120044
936941,0.537042751911067,0.42841742102638514,0.44476154797752726,0.4039980441335814
936944,0.18211837056002927,0.21523461521332438,0.1675624303983465,0.20565855066855535
937394,0.23959478547136032,0.2175457936850815,0.3298185046278597,0.31479724776530565
937522,0.06081198699093457,0.0300251563954979,0.16417444857608157,0.135303668333515
937567,0.435525868951211,0.6127078225835281,0.29835500496532946,0.6236318495414629
937589,0.027943520441271727,0.02983115293005487,0.03928621459309883,0.025431730605531482
937615,0.15011474494182078,0.1473058140779726,0.12537957887341802,0.030684838831863598
937729,0.021612896726051954,0.061518360085365945,0.055905335364884755,0.09310718374671692
937760,0.40395066489735065,0.6382513652966126,0.6659750640731271,0.8520909995404325
937886,0.2671336150593205,0.5569453371751465,0.37621243348480043,0.44120574455092854
938076,0.030275029792354857,0.02805252600944246,0.02596213221827509,0.05014469526816187
938077,0.11120921735449538,0.1049118349867692,0.07462553315145963,0.08931219674037508
938206,0.5002523711869665,0.5670941162675803,0.5877128581388589,0.5014799531357781
938487,0.3453076760824136,0.21896869674047187,0.4454734748490569,0.28573112202494666
938552,0.2528405364182283,0.1332346170925112,0.5349574111929547,0.36844317087796125
938582,0.3881182871312967,1.0499954024606797,1.3128134326041174,0.9230749905355788
938592,0.13156556566694258,1.5954767427922116,0.1673167835683609,0.15724836264872594
938759,0.0498998217603012,0.05914817635006299,0.03530541259196981,0.023485546190417563
939219,0.03830137187118165,0.06261872531508643,0.037042332432937926,0.024291844402118037
939334,1.746523521516705,1.8556645535656264,0.22168129166795492,0.8318552999870643
940418,1.255652676862573,0.2967691010485381,0.0,0.0
940445,0.1735944234945826,0.2666857763324277,0.23994269904040993,0.22026198656489784
941519,0.2151588539275495,0.10926701083724057,0.06565302663100264,0.18003424086709194
941560,0.8587823539509406,0.8049749407968281,0.6599482804094788,0.497741579994154
942257,1.6636929771048596,0.28718441230638986,0.3660166864709025,0.7132135199046635
943442,0.18352814331397768,0.0762119640645417,0.1412365900353351,0.109382863029574
943712,0.11684615559755013,1.6895953449327832,0.0,0.16448150799131933
943719,0.00873220155368442,0.009958561463602768,0.03870524585356065,0.024459194092337534
944234,0.21454012559132798,0.09417768601327962,0.175925984500132,0.18000398490824313
944317,0.2109839370413077,0.20078391292134878,0.04154580597842546,0.05569072790365185
944361,1.0850282710972692,1.0678056830064435,0.45806969965155536,0.11002955224929599
944388,0.24034879286047753,0.2861916850407745,0.28920244093454844,0.24979124388097523
944733,0.0310983095186853,0.02426093925074944,0.023867019641024653,0.025832615414703112
944804,0.05509291779163805,0.04620388267631645,0.08302002835241007,0.08847464653408121
945625,1.8907134283963858,1.8642729179314064,0.06741712377351575,0.07029014425933386
945631,0.06362221935882897,0.20229603325023224,0.16874563681036983,0.15463625877587356
947263,0.25343990009143186,0.7422245024622962,0.18417719745675218,0.1663596565369336
947484,0.0,0.0,0.0,0.017878922536606418
947517,0.0587407035142048,0.08728902458819492,,
947996,0.1494342362849126,0.14519853934957067,0.23710057458326705,0.21711793287018075
948046,0.13374897187924062,0.1429782940132157,0.15711411541645573,0.13824679666439424
948669,0.166980491865294,0.2524212916044549,0.22561173359116918,0.17727965858890185
949012,0.04664807218106922,0.057112810215787006,0.09917442834210256,0.05840435513311096
949509,0.09553055988500238,0.21732152846434533,0.10680903886641888,0.3162202121915072
949615,0.083653505763527,0.09267614577444507,0.09008456524648721,0.11462431331075802
949623,0.0459358442684931,0.06161902749821014,0.0535967267949482,0.04231136594616226
949853,0.14090789044280022,0.7189167994003959,0.3098334788162821,0.36998641128764376
1000097,0.9815008782703253,1.0936848043450798,0.7621655895596108,0.8416293839558051
1000275,0.0795292711213451,0.1258944495437223,0.1088134796574034,0.12859731733129642
1000490,0.12130187568039838,0.13892655219541034,0.20993523215932558,0.11993444476651204
1000742,0.7168954115978586,0.8550096171431538,0.6375406562628964,0.7847173469800837
1001085,0.3810831913529026,0.5448806426818495,0.21634914287266233,0.23543347896096045
1002152,0.02413467877748192,0.03420231770720232,0.181101340925259,0.03746642752913783
1002672,0.19647056637494958,0.0894223435429852,0.24977397661998982,0.10129371918646259
1002784,0.11463291710063585,0.8754507530175766,0.8616683009809927,0.18213073596416826
1004140,0.06021559438258373,0.3291508187176356,0.2167416909415022,0.05798291761971144
1004244,0.08789902664448587,0.13623815958367302,1.6134928387115395,0.05460420047179488
1005441,0.1062406936990206,0.1193484790741729,0.19148843417321493,0.06409115969139052
1005607,0.13942134737389153,0.11666013424877439,0.036744424367681806,0.07481403564761677
1005817,0.029412818555475905,0.038190599271275806,0.06030140817248936,0.08757621042845799
1006364,0.13536498323163348,0.21030479930619278,0.26764838844041433,0.10013506491319607
1006378,0.13936247819516667,0.12212540516195931,0.1045435044740778,0.11017242359798142
1006407,0.018840947850040143,0.02104789182846262,0.046634592807033776,0.6183169781296847
1006435,0.028113023852120667,0.08646651571410383,0.051770340421310276,0.0546463019094386
1007280,0.06094926675170219,0.05153159515562432,0.06722482209298807,0.07567583971410259
1007295,0.0758542162384755,0.12234257116591413,0.07305805165570119,0.0803551235638824
1007399,0.1779620750580247,0.12276374583852831,0.19436550386234036,0.19199696935745306
1007524,0.19030888035499877,0.2824643368329555,0.17934627572341535,0.16276668834424818
1008322,0.15923170849467447,0.22564886550935165,0.20156862510323623,0.17399108903402807
1008868,0.06889839682189489,0.04262941787027361,0.03992196132413703,0.05133432116578782
1008877,0.028452277702282522,0.031524369428537584,0.02662843542786777,0.029292144951220886
1008894,0.3021932398716907,0.30521946256543575,0.30826975324100325,0.2579090622192713
1008895,0.5007057385093386,0.10972449043135288,0.11884035665312385,0.07968962504134587
1008929,0.028454676590968654,0.04393830189819876,0.059105778461343,0.05195996780794151
1008937,0.05783324716833034,0.03245398627578214,0.05347327449931229,0.06297568146224619
1009003,0.03890915576854954,0.03660103081778833,0.018878947402150917,0.03518056659312084
1009005,0.1763462144391962,0.18200511223219845,0.2272676283116685,0.23416822651694916
1009006,1.9343192893303607,1.9329458110035613,0.10990892966500163,0.1444391273334219
1009012,0.24034644036854744,0.24189242222238075,0.16884778940539252,0.33030358821782435
1009016,0.10473520445841418,0.08953260654543396,0.07583406211427315,0.06706284162564387
1009022,0.0636644990364663,0.11078758578123193,0.12847099244609972,
1009076,0.06921747554384863,0.08107267835384845,0.054439015865920204,0.07109765888235878
1009198,0.03709829767190003,0.11543346037130303,0.04404814934924439,0.05210598910428649
1009207,0.48704443708835476,0.5694173321397332,0.5766022517331125,0.7706969969358257
1009209,0.13475492652364005,0.14112867705484863,0.07366001332833245,0.18982691355583958
1009232,0.06783600774659172,0.06542825330551162,0.08957383967897513,0.08486223776610492
1009254,0.029800233818521718,0.01903182897316001,0.014367554866661834,0.026502494421659518
1009258,0.4391863085493017,0.546221577226603,0.39614336283063056,0.3101250340551072
1009262,0.2673071632130874,0.2697812321555584,0.479368380908884,0.15711177460766676
1010873,0.11469218376721595,0.17629124677551997,0.2468928211097513,0.11640856266685849
1010911,0.11326199648023019,0.07080381438372418,0.10150145569543086,0.0680842257556397
1011443,1.1056980547087123,,,1.7592490460612182
1011659,0.05274646780423009,,,
1012622,1.0937880868621719,0.397168938700284,0.5096671587686183,0.3420638939260621
1013234,0.07920393552874527,0.06440834544476529,0.056947656880288196,0.09308682178790763
1013272,0.03607127267545918,0.03716399434727613,0.023590934113944813,0.07480249815367358
1013538,0.054022370207489116,0.007724409651352366,0.6528663311743738,0.01387066326481631
1013701,0.021175300329858964,0.1962756379783695,0.5466074112029192,0.21843719608271966
1014315,0.08889465820328893,0.15671883240061638,0.11128801899118804,0.10106257044402114
1014738,0.08042273718730537,0.10190269487064553,0.06909219989495828,0.06422285591614835
1014894,0.35720515696071214,0.38419231697736206,0.45811836713446363,0.8488921937292823
1015079,0.13059279921770334,0.27453038365490073,0.29894774868931584,0.0958956733335948
1015083,0.30970274466380676,0.23969297914372456,0.23543316269484704,0.32402073162773637
1015086,0.054990074213809484,0.05364263619105502,0.05423072292395047,0.10769131763233127
1015247,0.0423012659124262,0.05354581552324193,0.054152467586992215,0.32245124296924865
1015308,0.3088128626731232,0.2857206924951876,0.26877298970034746,0.39792582329691417
1016021,0.020686965281498385,0.110040773333542,0.09210101340391286,0.05229988149945252
1016150,0.5530937756426622,0.4911434754175306,0.948302850050386,1.027186635439255
1016287,0.08343365657514829,0.07538970327699535,0.16862962860458797,0.0647391302114976
1016683,0.10463795527966571,0.16897877454886867,0.2207724857554882,0.08501288463693943
1016972,0.0797732995798865,0.12003974413593951,0.08544483125097016,0.07860447399456309
1017115,0.05601349274994638,0.10867687704579589,0.05957968163821141,0.044691752129774415
1017284,0.25058356537075316,0.2975684047443404,0.19676074967808851,0.2985301985541641
1017645,0.05883716108588841,0.05086661477585438,0.07768279880134597,0.39832770694630903
1017918,0.1620057244490718,0.07067351046986062,0.07895492709953728,0.048122820458696015
1018331,0.17407627866566444,0.20902726832691623,0.15272232013584194,0.13003024768337496
1018561,0.11110315217033444,0.1382120328130442,0.11140627269776678,0.05645394628792436
1018674,0.07746739757865279,0.0669786906080934,0.06088630215885923,0.03535454812792023
1018724,0.0,0.003981273298464729,0.0,0.03842728748885083
1019231,0.2565526143845756,0.13681117934838735,0.12542496391710997,0.0433706293455871
1019754,0.23083926908844424,0.13856500455924567,0.055930579656906315,0.05084273253230381
1020066,0.12226643971012273,0.156955457490239,0.12325503741360137,0.17226327742839773
1020317,0.1436585365064627,0.22076112741035986,0.15069616395997032,0.11441870724122248
1020455,0.0,0.0,,
1020580,0.08765072760461967,0.2326095860993844,0.17817677091101294,0.15170712696485297
1020585,0.042450078368824785,0.043686042331448904,0.03966732023966952,0.044450514579839576
1020617,0.12285676812303242,,,
1020918,0.11667174957207414,0.0886225334247192,0.06049827209930151,0.058149092316126076
1021008,0.024755993819324782,,,
1021117,0.23025391842239504,0.19488647442817264,0.28442854554018904,0.36829908736362693
1021223,0.0736304216974174,0.10699818741104453,0.10530972935420352,0.07051311573085067
1021249,0.11761957823485,0.2229908687342218,0.5312142668169404,0.17933159268760362
1021258,0.08300792419381262,0.42961946361335684,0.04456151466469148,0.07062536447250035
1021296,0.1285496370684043,0.13521112976487934,0.14391807431717482,0.06689735401749651
1021642,0.289040589125065,0.22259180839742296,0.1603429435394517,0.20066749567069464
1021926,0.12551365454945074,0.15083946029973427,0.06127739315609373,0.12172953563431713
1021944,0.135101996348021,0.05775201412209963,0.09765750850581215,0.06321764549160973
1022314,0.06854335055717976,0.08271041639792372,0.1319499041573989,0.04392174455223172
1022837,0.4389920559773198,0.13333535576644245,0.2598799986288771,0.3649104416315784
1023279,0.1961725333515045,0.4610342809107436,0.22618607369369614,0.4658450425497316
1024896,0.48256961107020846,0.4945094786766091,0.4017031536075344,0.28751659775502014
1025421,0.0941091484216423,0.15635983006823728,0.0736694585505191,0.3561644748120205
1025835,1.151589012809246,0.07900620467389229,0.09843295118445448,0.08267705570260009
1026013,0.0,0.0,0.0011500480437125437,0.0005976382506188248
1026200,0.04083148238515997,0.040286904281729936,0.046248017923033326,0.20862615553223718
1026710,0.2609861952959797,0.19592564864120787,0.24289477589886135,0.30844304174246573
1026720,0.1037773372974716,0.0039654118779866,0.15837626635129126,0.03655663449303449
1027451,0.35914237053283266,0.9238179726768021,0.2575732879774262,
1027570,0.08886751173583785,0.09365280810245137,0.11644133265918859,0.06262675504396084
1027796,0.08482946952272288,0.15577615628893662,0.15769138593456125,0.1319062764727837
1027817,0.052293261656376856,,,
1028074,0.3487999967502107,0.33046779301541873,0.21821249875229662,0.4090571490896949
1028874,0.0847666332435695,0.41576659248443537,0.21181332360728375,0.35368876688778067
1029160,0.4363783856598282,0.9847570121082876,0.6306469713024893,0.4466653829324778
1029311,0.10952770370059624,0.12940695972099883,0.07112241911563762,0.04747677440890338
1030618,0.029433047931713405,0.05528533124048432,0.05872666851043549,0.04787501097572343
1030818,0.08274979695649984,0.004273838886293628,1.1334075005428115,0.0
1031972,0.12296305208034103,0.1716372937054145,0.16523701942034724,0.06894108593768872
1032814,0.03351275294885277,0.27774148920759606,0.14550900361377545,0.039896931354843485
1033225,0.04449685220266053,0.1522841217568041,0.08211091716141898,0.025770566401457376
1033324,0.04719756898122643,0.041859560568273856,0.1977554012567308,0.14812808805556865
1033427,0.21826951592311836,0.3324919241468059,0.3646365836142493,0.26873945712352376
1033475,0.06763722154757838,0.09794378634968695,0.037052628232379266,0.02260706254158638
1033505,0.061101782950108964,0.13653280939813706,0.14651955998228272,0.045046260373115495
1033974,0.06762173748962858,0.04408762110260019,0.06845139101749136,0.03933386678741215
1033984,0.26539735796946695,0.26195523287655786,0.27877867058266403,0.19664780621200983
1034196,0.020406418829280057,0.002070366471120672,0.027529387405202218,0.06159032668786727
1034369,0.29661872906415704,0.37014023811410657,,
1034524,0.09814492009768629,0.17798766028589433,0.09263641023446462,0.11777379167416503
1034541,0.08108408252863256,0.13687113794436112,0.12826824789358152,0.0562362154734959
1034546,0.23042453979811633,0.16645177757828492,0.2011226333808108,0.13865292355729608
1034549,0.04602828575361785,0.19679921641243325,0.38806643984236117,0.6301895610789862
1034550,0.00618271790509934,0.047365064535584034,0.04332458021699587,0.11788968749411963
1034569,0.6360091827281227,0.016368995178957697,0.0,1.867021093692802
1034642,0.045401234914894874,0.03664913424243414,0.02779313069878861,0.021360656078592152
1034771,0.09285555010159614,0.07237466966612797,0.07946369069771783,0.047162444424965894
1034886,0.046442777118701484,0.6112056637905244,0.033424198288094155,0.5606795416947984
1035350,0.2516637061468909,0.03059538091919848,0.040369582022741116,0.038676247919289954
1035463,0.040418346083994264,0.0843023390149975,0.06972832558069554,0.056143791902148514
1035674,0.2664885091191918,0.5001253826204838,0.19480572413442318,0.24005904340138698
1035912,0.06445839162540658,0.04584920825716494,0.061849108064758074,0.08800386288591057
1036248,0.1808727451707431,0.28009423212534706,0.36066798455696325,0.2676556801073209
1036288,0.29165145585793845,0.026126480817143798,0.07136809897393202,0.25635783145350727
1036325,0.061300810819820105,0.12322896346344796,0.03630711914777818,0.07258098006701466
1037353,0.7221912792299181,0.6268736728713341,0.9266855084678735,0.7936505988693157
1037389,0.5237829269491727,0.5452419492201354,0.512355952366248,0.5097397991469632
1037558,0.1808241687264959,0.28491701359690424,0.04110610594558486,0.022691799073967227
1037763,0.04790980957327059,0.10932700399410203,0.0863348383451873,0.05172374752423947
1037766,0.02081392154601481,0.016072693933861803,0.013897552929890053,0.027049673965926797
1037792,0.1567930863709723,0.11688856706410325,0.14366400293979706,0.08819558769557492
1038661,0.11039071473239509,0.06766569131802344,0.07005699998652835,0.314512769841739
1039067,0.02792022414589334,0.057342017940391635,0.4042738970533672,0.7207253722175124
1039128,0.28773177791567306,0.2972055115107646,1.1149540707824688,0.4080113066565182
1039565,0.02676514488986376,0.01671458424231696,0.050658947270794355,0.039205347317430694
1039765,0.5376028103062369,0.7133337492446702,0.6187869837021207,0.5620832260322949
1039807,0.06605662060730791,0.05301669396672378,0.058337205720309177,0.051401924390140886
1040188,0.17796760422970292,0.20563730247916462,0.17859038868930838,0.14688002923962806
1040190,0.3369389993703133,0.17173410373382,0.29871105608125137,0.23139861100114462
1040197,0.1425912430978891,0.10851439233551743,0.06587102476297015,0.0774177163020284
1040198,0.6255950302814082,0.9713728539120307,0.8787515901594488,0.7113441537881927
1040210,0.025166781872390694,0.08678367616794666,0.03692072189615135,0.0365894668095868
1040273,0.5363509693380497,0.4369520258410997,0.5004211732456875,0.6703223294808004
1040463,0.11483974858275306,0.09049176490467943,0.019015923034457018,0.03846114451762138
1040508,0.0,0.056312533429909814,0.0006185186418534833,0.002100419730502975
1040762,0.3257068211638345,0.31664627369942155,0.39171307988208903,0.315501380121461
1041283,0.03309269789587262,0.046622475681237396,0.059096746504248704,0.057037314577631705
1041773,0.05400001447643131,0.061418509267456095,0.045305733133069064,0.05291251701046667
1041885,0.04781722438558853,0.06569480690297816,0.056031948826964724,0.0502901708036257
1042046,0.106572796791371,0.11511791888436189,0.20996512448298005,0.11574135600228076
1042063,0.059430702564399016,0.01828325193282856,0.029959478841852044,0.0016620543168878257
1042537,0.32462162350113044,0.1910357757678205,0.44346220306044654,0.26202348141038617
1044797,0.07651260912543198,0.13901784451080984,0.13294051632412807,0.09931971611019556
1044905,0.0249705320080261,0.06440348213520543,0.050555196774483065,0.029056579979271357
1044924,0.05579925628167973,0.014571804475373044,0.01411122559873613,0.033818078960150225
1044929,0.14503544064382115,0.13623955539618715,0.11447766682336341,0.09220785156518697
1044936,0.38909547102046316,0.23779843075302162,0.1494747826892504,0.19032055681403462
1046187,0.17336307418338867,0.21388102232832243,0.11704807405749262,0.16717027748342134
1046192,0.056502697788561054,0.0758865981833211,0.03951207994763073,0.09951281551239947
1047142,0.07887782875901238,0.09068469653859336,0.14256408528152775,0.0777463175320427
1047339,0.03610364255763234,0.033304190259348006,0.021628433819153272,0.022576657169582102
1047859,0.6559921116659495,0.630913663386492,0.5929591503439186,0.432348084907001
1048462,1.2897023473384759,0.6937918213171358,0.8264586802170791,0.8464351484585498
1048703,0.2814019619147921,0.7547170478781238,0.301154239940437,0.20337816463209227
1048921,0.0712088467102099,0.1408157586548005,0.18046206238406565,0.03006429322520544
1049648,0.04995644743870258,,,
1049650,0.06110263887632131,0.08771961881572438,,
1049662,0.3517458295214859,0.43024673693170845,0.39156170950587155,0.17468450796992707
1050068,0.6068096692994324,0.698839015580617,0.05170017899567912,0.06656758122486388
1050417,0.17167372673456346,0.23808773127546387,0.09922294495624193,0.06310078624935012
1050442,0.09430369995022876,0.02588799160646952,0.13930123126275648,0.0831169355809923
1050463,0.09502570060029139,0.13637074129600132,0.12032666016291124,0.20498722417132537
1050464,0.2708336289269911,0.11252099257263755,0.13347616936224915,0.1840421831728836
1050470,0.07766361293377962,0.14063432148086502,0.09880391304673569,0.11861911603568492
1050477,0.156462230587048,0.051131215585413774,0.05949879119375326,0.06755657072547985
1050743,0.18594589772744757,0.09652815543318374,0.06367516417703105,0.07294364402760946
1051359,0.2933781627112498,0.14899000203216395,0.27118956851813636,0.11756755465564059
1053013,0.09521008543613667,0.07990332537762897,0.11611935492558824,0.15542519020239856
1053054,0.08852763535207125,0.08616716816016552,0.059561802679523886,0.053867833875279755
1053055,0.1132236099378018,0.11439488860600934,0.0937028533587117,0.04732941792425445
1053292,0.1435231390783427,0.10085136952827219,0.08564312753780462,0.16039739369184933
1053321,0.1432246531950388,0.09597361140934259,0.2041040040605982,0.18728033422530152
1053906,0.3354687883772975,0.22058469756787463,0.26066571889840934,0.7628000716483722
1053914,0.03421772665611609,0.06082150858944383,0.059844460915722535,0.02238577228746899
1053994,0.4185002356319374,0.49834892116985635,0.9393534362034635,0.4577317559753123
1054074,0.21422398931514244,0.19800390015638666,0.16319406361100605,0.15136587907951043
1054257,0.05150862347253084,0.018014257516355374,0.04460166122152336,0.0351119307140532
1054425,0.05640856315298951,0.03216375338635095,0.03614635514084388,0.057455341724845184
1054522,0.0,0.0,,
1054554,0.13764910870324484,0.09884509169201863,0.07224607448121831,0.04830408711270414
1054587,0.4004212432353722,0.5226992259101972,0.7865518000352969,0.5782584729545277
1054646,0.051322709781330654,0.17275654264495718,0.04072054303449947,0.07521332025875749
1054677,0.07455639588518065,0.046070608370621616,0.10285674499741304,0.0519317672670139
1055290,0.04293101585080502,0.09086665139318435,0.06791139663956677,0.1011500122471334
1055544,0.04273549768706751,0.031043671205370417,0.036285198669724565,0.045049294199729806
1055951,0.26159654035116525,0.2250958974773663,0.32411198783213585,0.2360249298175201
1055963,0.18551516152794897,0.040475082978479744,0.028092408425888147,0.03815430473742173
1055964,0.1120683080137016,0.09633649777482585,0.14123634293997572,0.11842411028491528
1055966,0.5506973354780977,0.607482574742499,0.27267195774813885,0.3243478730093964
1055980,0.08555789555916297,0.08650384533028459,0.06455964142498372,0.07569493110075122
1056053,0.07770519065902401,0.1290562802103627,0.12419545349331906,0.11065581523527762
1056288,0.21620630580957356,0.2427147805437384,0.31692476663431507,0.20253380582527417
1056466,0.48499818064464467,0.22975673395735927,0.45752089748804536,0.4343885647706159
1056488,0.062230665813841846,0.06541113069722812,0.050892512479171974,0.03627971771187475
1056491,0.2262689468642167,0.5922259811396239,0.7118158179145233,0.6373464942223069
1056516,0.19640882183899613,0.16822780120618308,0.34703565390013996,0.16097313434974875
1056527,0.356403249209748,1.0041191773742855,0.9689940465950251,0.9070155928723542
1056549,0.06996770351630384,0.11208063089765112,0.07039264088285074,0.03393659917830136
1056559,0.09397868016649094,0.04274049423816921,0.035347046811653494,0.036832343298947745
1056581,0.2019472221003554,0.21064303089542,0.24592715207942495,0.09988492641209866
1056807,0.19493525568055117,0.30607684120791745,0.2621426344780327,0.13204352958215546
1056821,0.2477406085383401,0.7103631783274152,,
1056823,0.04173397238225902,0.12554605496779672,0.042823435583652994,0.04595992054386496
1056825,0.09331952019350716,0.2550999582096874,0.09302536223084795,0.017760713835898966
1056827,0.008631616920815103,0.01924320705206096,0.04175669622856952,0.01725500608802888
1056831,0.02993594619579449,0.038605415677276086,0.06227610483640312,0.08434695509722387
1056859,0.12220598218609557,0.05970074162929292,0.1431657115972244,0.08652596564396525
1056943,0.026402955725637653,0.023623315384388437,0.02925965968550388,0.033796422040462896
1056973,0.8154452184172839,0.8564756690669113,0.7202106233858717,0.6584166814196831
1057395,0.0510833526254049,0.05506101205156173,0.07171712830880184,0.052043844674599486
1058022,0.11923829810043109,,,0.14044224863473748
1058231,0.11305652483892292,0.1652295704489801,0.1988568961893963,0.11004738117406308
1058470,0.492166175626389,0.3366623178440802,0.4260324193048847,0.2785627104844278
1058800,0.15592894210669533,0.16550107036074263,0.15670917977501253,0.1913473321413278
1058854,0.2984775657958627,0.2781228326841792,0.25249026829128685,0.27970355385408446
1059057,0.5943024325592678,0.7440375043044433,0.25174284031637806,0.2777104292853707
1059187,0.20758072269186606,0.2577596436321077,0.27402059030711157,0.15036898942808863
1059543,0.25132483296845864,0.06503994079286156,0.3167702165348106,0.21582123888696092
1061165,0.3842530149895682,0.35972863158958907,0.3003286566353217,0.24527110477617708
1061186,0.27547898693643896,0.2926106539270751,0.20881791996316504,0.27547431466707456
1061768,0.21170621855833033,0.23444131238435822,0.2953862305152361,0.26722475580333094
1062938,0.35544189545126353,0.4369302520229691,0.4609328813990066,0.43797357489700867
1063296,0.26114575072947294,0.3866077158658566,0.891765286854633,0.5523492869012822
1063497,0.08412711103465143,0.1536320307034234,0.14900116361411042,0.14031471819896793
1063516,0.028118036595803312,0.22550153533382122,0.19416527069290584,0.44306878419302104
1063571,0.06360280559506334,0.04329763291899825,0.03373527513287158,0.04639153713442405
1065349,0.2019834683232357,0.21560930654996166,0.41183512894354785,0.15194759333733032
1065350,0.22785441091263234,0.15636121027700906,0.13789742127525198,0.12572649888847143
1065521,0.16092459542520718,0.003340182052519142,0.16758168621040942,0.07876002006235608
1066816,0.04984232970167677,0.12829642132834052,0.06857169642246227,0.05659720575752989
1067324,0.02736114305529745,0.03200344618741899,0.04754739100333315,0.03475613230991729
1067532,0.04489959992709282,0.15941356870373663,0.09698524344006644,0.22804196595468787
1067926,0.11706797672118152,0.2203599407832524,0.12746065529770337,0.13192093777042646
1067983,0.03870590147620279,0.035717697643668,0.05039311309152874,0.025148045480340244
1068804,0.5759205100365927,0.5472174693854981,0.7642834373237075,0.34951288548575865
1068837,0.6776656316031038,0.15676990359486664,0.2951530193707849,0.2620474083090829
1068855,0.04865249839540749,0.0699311935096011,0.05319469013557266,0.04158817539108828
1070134,0.05381513552580478,0.053399253726392176,0.0781175618583549,0.08007158559121191
1070304,0.0,0.48826317232140526,0.0,0.0
1071061,0.05169102078922888,0.047987765652894164,0.05921551094646757,0.019042881105946964
1071483,0.23190013121328704,0.1817739859987234,0.18675274406554682,0.199147650914229
1071640,0.16253260366851827,0.2343850740397158,0.3917894575234799,0.1132854521008064
1072843,0.05627510241593322,0.047454553846223324,0.0507304313759836,0.06786246615143027
1074034,0.2969705239072641,0.23885754138563853,0.3898089777971936,0.4407981927731212
1074272,0.10939766577552418,0.11744324527629271,0.13629277108077578,0.07721571835795643
1074273,0.24109036428597136,0.19800829299042533,0.20902914233046743,0.4022585920723452
1074902,0.06647146034767407,0.09936950268799835,0.04372153343150786,0.07949497595841971
1075444,0.0014652759978431033,0.012632286487640625,0.02434757142962935,0.0020168415102886773
1076598,0.07561570517143121,,,
1076809,0.6564726079677524,0.8437754831962504,1.311370011034038,1.0365737027526167
1076964,0.06031678961682744,0.16925930140382928,0.11143643014583925,0.06831008641968347
1077428,0.11229266837619088,0.1819775537858666,0.2140875873362894,0.11390127366037507
1077583,0.14274406547231006,0.13869531234222077,0.08769332429026058,0.10093197222366351
1078013,0.2693530741679093,0.22119582959555073,0.929960864138271,0.2715623873893561
1078246,0.19189957712000283,0.0639806147707779,0.10473194156549366,0.2280455711842631
1078635,0.0022666658244674957,0.0052886815659568456,0.13492799032902011,0.02844157285820843
1078841,0.0680121388784635,0.2021093693082872,0.11774373863363098,0.03701540585012618
1079112,0.053436560720291085,0.08347432698303753,0.08431990888517377,0.08948280431977633
1079114,0.38376405650786555,0.27690329826366544,0.20345761783019028,0.21673981529074984
1079398,0.24312041252821798,0.05745679829189088,0.11805925700386857,0.07451922423102268
1079736,0.03358323792512711,0.11739067732267555,0.05871528056528829,0.044598413312880225
1079738,0.06726742030796086,0.10969123446183297,0.13612242334518063,0.06523391783995305
1079930,0.0514695576477013,0.07049086275325608,0.10045446453377486,0.05763821869844542
1079935,0.15694821450296903,0.24514470813148484,0.28050005546038737,0.06269133886713532
1080071,0.13014984817249564,0.1835811372088542,1.0614155867526136,1.685715951861174
1080107,0.06503910665161283,0.11590820462364528,0.08394514561048767,0.06836253021287837
1080117,0.34909867756192225,0.6032918650575337,0.5762371179851845,0.3947476235392699
1080132,0.034170884994527015,0.10074733552803648,0.07588821283259799,0.06506971683242543
1080166,0.01651743520999523,0.05995370133216635,0.06798572696579697,0.04129228920745709
1080171,0.2564377303710328,0.5105541992957329,0.6631266070709183,0.5530571246288912
1080173,0.01763341593795012,0.02373493548906742,0.060784387323305336,0.02804463027131941
1080197,0.3333377800450099,0.019042848191917504,0.006892053268067837,0.014714810787901912
1080201,0.111307819308996,0.13428257679709604,0.13087810084284224,0.16519507622305024
1080298,0.1815269258592315,0.2575378354675811,0.2171214658256619,0.13526028683770258
1080351,0.13591663469561738,0.12986826264483947,0.24526970624915304,0.08215544000922566
1080369,0.12952136062686853,0.09883654291507932,0.21071662596539378,0.1413190926406404
1080374,0.30961185844207756,0.28302482230155374,0.24978095045942048,0.26054508055299924
1080380,0.1258835833139651,0.15509666188298632,0.27889175432506724,0.14234501021865298
1080381,1.792498734909567,,,
1080382,0.1755311572193282,0.10900352958937225,0.1871411042529048,0.07539160140609928
1080383,0.1395105841443868,0.1090935370220204,0.16243828585323555,0.16894922532887915
1080493,0.0616308836877201,0.03385845352171444,0.03914244913055058,0.04391825225794097
1080523,0.10246442046257086,0.07890655227465641,0.14335511401653495,0.08435194218456188
1080576,0.9075612861028325,0.7343077742698502,0.21246425997602994,0.37836673176924007
1080628,0.1405042997982202,0.23283850594053754,0.2077744026152502,0.10755942398263736
1080818,0.0628278187717327,0.6380947845405246,0.0001934177675417909,0.098133373803844
1081019,0.03491986125435974,0.020873828858340406,0.02704356310311448,0.03676937389309956
1081198,0.40973013460080376,0.07105798790381632,0.11366073654927095,0.014903024703148937
1081407,0.12039801491724884,0.12237752582773287,0.09584523839473305,0.09930359168482181
1081668,0.28340637001515606,0.20449734267157782,0.2677278727437067,0.18077754034385699
1082215,0.03533836124175085,0.06732440709891115,0.04754248270991476,0.04285022004717971
1082327,0.17836528029829593,0.1984174355419215,0.24728059695974924,0.18161978242224294
1082461,0.02359296794783237,0.05576109799573145,0.034236334778596084,0.1067615264006245
1082491,0.11079457262855039,0.1370307874405934,0.1469556612144545,0.06381042841569413
1082509,0.1489421085587987,0.09351003768120354,0.031661789713609396,0.07437225155201767
1082621,0.01496908132247154,0.02508860841731367,0.017540950609884982,0.1748680208271943
1082917,0.1509305742283161,0.1480361892599232,0.159345863429157,0.11284397028184207
1083190,0.18923637482895223,0.13210223549620118,0.11286866817428502,0.07233805438728427
1083323,0.03019173874952338,0.19386083497693912,0.09185348492274367,0.05427115184068666
1083340,0.03802800290724008,0.04302613401463486,,
1084207,0.06019297453597613,0.08721030765281351,0.04631976430097234,0.04981574376256955
1084208,0.09157235357936411,0.07966880697278728,0.08424472884068766,0.07136501568547188
1084580,0.8615407936381125,,,
1084683,0.0939374448460494,0.07219012525911622,0.16302457895690742,0.15487246142931488
1085041,0.35735887467717203,0.5325241761612708,0.5000106557125826,0.07895961236633618
1085163,0.0323019655147298,0.054187204611769915,0.06996446751903092,0.02674577688511336
1085227,0.01093564412327953,0.030933534673888406,0.03474840010691463,0.027526994777054278
1085393,0.2664721932982914,0.2705942729482962,0.4255986344161686,0.3931338257607102
1085550,0.019347541588567288,0.06224466424619747,0.0033594219645110258,0.3800092525652891
1085601,0.2381797277302152,0.24702295537273716,0.15138862979681664,0.14556217744880565
1085867,0.24486499085358415,0.4880259567161405,0.19196545867711542,0.06706961057948237
1085936,0.06531256138574096,0.09724664472845398,0.10030114764170696,0.06765028759640439
1086318,0.3911680817215744,0.22428303069765773,0.24018698081386114,0.5653761369157866
1086416,0.5375134856291297,1.0390321435969192,1.0940218701687634,1.0807718096000667
1086477,0.0,0.058585180079539195,1.6553267452706922e-05,0.0
1086483,0.16001735753356214,0.15552387258494443,0.1800703063133457,0.12959231156660955
1086619,0.16422179276546506,0.16872915834837093,0.2130042614203566,0.17555773372334996
1086762,0.6099215982348186,0.7127390131227279,0.6577864596377824,0.7770783028253178
1086763,0.2166268815351076,0.2431858611109004,0.17509903777232333,0.15082572857036827
1087912,0.6601998740871409,0.22773902618628408,0.5171150466881015,0.21873278802912435
1088731,0.21630696649716938,0.15148089976810736,0.18068818089581762,0.14013548611696572
1088859,0.027240653603953786,0.022340550864574267,0.02243306567598499,0.02237159088437792
1088875,0.12375231979575865,0.09591111940897086,0.08822468581197154,0.08675615905200107
1088950,0.06554636270344759,0.07078610455101218,0.0637143537960381,0.08716221465563453
1089707,0.0217854089096145,0.05417054827038004,0.04351101070853115,0.06513266359738452
1089710,0.025602027032821273,0.04912470025736109,0.026851089128994563,0.0075553184634554816
1089755,0.1656345632971471,0.14808050051164684,0.17130174413869417,0.18822430564825857
1089877,0.02965653745716348,0.04764181812397358,0.04162884916305665,0.0397096449581385
1090413,1.2399981899414672,0.0659070653509196,0.03579453135277214,
1091370,0.11748124210120958,0.17090441540826298,0.09231587736087697,0.10008669872230247
1091860,0.2783358941001897,0.20918028443636688,0.20732562663181625,0.2071588059664894
1091923,0.01895203803712528,0.04630188178932727,0.10728002354649661,0.04238592191503938
1091961,0.1576715313573812,0.1677587993247485,0.11475711606822797,0.03228367300552699
1092203,0.419322495924743,0.10628620204145575,0.6825705437712688,0.22951505781759132
1092290,0.12440250476951237,0.0550339393088341,0.1401937165286182,0.03683353123975524
1092351,0.21748022034873074,0.21946356810555773,0.3273245696750102,0.14917983891021788
1092838,0.2618608501003525,0.12379657767137936,0.22979009225465644,0.8124934169236453
1092903,0.11889044877796771,0.05720484023308308,0.03936875819204761,0.042202802750136735
1093219,0.3838046179812569,0.4049875833260225,0.615355866261361,0.4875995615544493
1093276,0.09146978335956615,0.2410722127532148,0.15251374457029837,0.1507611094129356
1093589,0.09151997345616596,0.1768684123398504,0.1392937276435468,0.0800985935139752
1094499,0.025408926663027322,0.09916804725199357,0.22003289741633783,0.12413431468626274
1094584,0.07960666314514918,0.1626852317789504,0.14558527213680073,0.16047152625736777
1094749,0.06973013694542328,0.11870146464261846,0.3260483533007134,0.4571187504980965
1095836,0.03254598819733247,0.04850016958624398,0.03212671748506027,0.03824292405342092
1095952,0.9408089750235941,2.0,2.0,1.3090604344738712
1096343,0.011205570665430572,0.1208879218293236,0.031603059474281534,0.032583195141121166
1096783,0.11378432460965719,0.02718487681646336,0.0307707780843089,0.020944298838915
1096978,0.2681493600255,0.8990691968301512,1.773311472775355,
1096986,0.0,,,
1097218,0.03630045281811193,0.07356449233223146,0.029829004290283772,0.049100948243534455
1097278,0.3931267473790935,1.9584096693645094,0.9897266287156984,1.8583981423839475
1097362,0.01484263214477793,0.00636641923151759,0.03889785481636187,0.147029868537562
1097833,0.008321953066484759,0.6325037978334772,0.0016693209776666128,0.0062547501408316535
1099219,0.039120865666639644,0.035179999491370566,0.011398168641137798,0.024355792669096425
1099281,0.06497860256988126,0.280551674708451,0.1376509954973974,0.1212673435958654
1099762,0.05944190980097937,0.07292176223729598,0.0589154514780334,0.04392609904873901
1100710,0.06519606865182853,0.18563034340189893,0.051978588110039935,0.06754783282680503
1101250,0.04569023560682219,0.03558281996359355,0.02723141700652554,0.21146798697289265
1102062,0.2889425294282422,0.1942374911204364,0.27073560232102706,0.7130755620761619
1102256,0.05522624599066253,0.031608070966072335,0.06606451628533402,0.06457028722236177
1102578,0.10406884067064308,0.12662201420972036,0.07061827690921638,0.1752658846103882
1103139,0.06003685069261212,0.20814756670010476,0.23305224664284732,0.3009541064999622
1103245,0.09025206013988661,0.35184891443516514,0.06390432767538576,0.03230616669093483
1103646,0.8026625003774559,0.8488518734540266,0.782123217909848,0.6350315047881249
1103653,0.06285976640139576,0.07657891452333523,0.11640782712637728,0.058986801042731976
1103738,0.24657649269454798,0.5077127653043411,0.6196805103899372,0.5966555810664937
1103804,0.5127054676902892,0.5283794157388637,0.4843410273594817,0.5571816706762147
1103882,1.3866426756853711,1.1488344776297856,1.284421190784336,1.354576627634153
1103887,0.763533631663983,0.4339286701134286,0.4339105565381398,0.7543730684012362
1104186,0.4399485723325909,0.5197871082732236,0.5504014789141947,0.259434085080144
1104329,0.19252245305581828,0.2916891177406241,0.23223636657386648,0.13315959171280706
1104366,0.011403983489317721,0.014080446447127895,0.038381660053910534,0.024543039174956656
1104883,0.3793961349773208,0.42292688185351307,0.46297465322634945,0.36237690405846584
1105087,0.4281237453455608,0.2957757829632684,0.16895405296970628,0.5776456570527994
1105344,0.08483579749519865,0.04053087817475307,0.06317268661847518,0.2551781890710116
1105467,0.1779414517108553,0.12044738909384563,0.2272056069573058,0.2020546134736609
1105471,0.0317831780488643,0.006037736699146283,0.016062312474773906,0.01893540721294766
1105497,0.0,0.03069314068111997,0.48651476291892554,0.0
1105837,0.05875791626672584,0.06734982783724529,0.07834318740954661,0.12669282582731395
1105838,0.10428997901380811,0.08956852601291959,0.062357436837223786,0.1761833320715659
1105863,0.017185987328444525,0.011535055112611294,0.026907198474414463,0.020195397933900284
1105907,0.14466056744331546,0.09527443701987696,0.083444557920993,0.10240307618259582
1105909,0.078911309513792,0.13826815565590878,,
1106051,4.3450383399786656e-05,0.0,0.0,0.0
1106129,0.03856314556126814,0.10506262750213889,0.07020201878952823,0.04863648725752341
1106191,0.288620609882856,0.43387889962921106,0.4118132839544466,0.2196089695294519
1106500,0.28824234505519347,0.6366439758463917,0.12616988642953852,0.32263352113935945
1106565,0.6671248008486246,0.6673266773481179,0.03918912600275563,0.042830734131450304
1106832,0.3644925741988453,0.43202626426380136,0.46639785025912106,0.45387805481763704
1107075,0.11474243632696997,0.23754270267064306,0.2914713116353022,
1107261,0.344325475587836,0.3167919125107262,0.2555748700375794,0.3720782735818693
1107310,0.33875043330073534,0.33531775617878234,0.5080801820625885,0.33028269853099956
1107314,0.1881837667179858,0.20640088875395474,0.10344663995300964,0.25999926202829304
1108524,0.2523470747276381,0.0,,
1108831,0.3424626953312004,0.3687590008460578,0.5273990520609504,0.4157900602893824
1108893,0.042108192973704446,0.05206333035164329,0.029822064597097762,0.08388178042940406
1108965,0.07130796321612115,0.019476864193202596,0.032448352350749034,0.03555437081771984
1108969,0.12869426524131786,0.13860857838735816,0.10068366135724606,0.10045200228645923
1109147,0.5195283737368948,0.268062524380873,0.33668965650686405,0.276640114070972
1109228,0.05331594991234444,0.049952260166935714,0.07571138459794098,0.07884845697404666
1109448,0.12062310232147105,0.13670406534435603,0.1358958692409514,0.12247993340982127
1109767,0.1850255282977268,0.3051356078431849,0.14880338883564784,0.11232077637923918
1110646,0.022609511968622882,0.034463948988784174,0.0,0.0
1110806,0.1641400417638859,0.1414365279349306,0.12270442258948247,0.07671621270554191
1112325,0.669772111421314,0.06738794371752041,0.0975445523491795,0.1638649905009067
1112520,0.01853785656920335,0.24291013748234025,0.01790590496616185,0.02941925056323554
1113000,0.30074549054721017,0.46761744021663737,0.48169093591013024,0.31507156881347187
1113629,0.15457738059624318,0.10415416857330896,0.09752740030983158,0.10373934487887204
1114618,0.08228161893997625,0.10580886491559678,0.13563932294074946,0.09209121804722235
1114702,0.24141154965894676,0.16281257928816043,0.19603869027675133,0.20455049965131822
1114739,0.09261429852321838,0.156717442495518,0.21352538102163288,0.08197157329762961
1114928,0.04421265699804129,0.078118106078719,0.03817257510788745,0.033659678284099034
1115055,0.09201184734703627,0.20749239137257375,0.11246155799478606,0.06488996312937047
1115373,0.13279500538714598,0.06557101141473434,0.10238563744139652,0.12736562103325455
1115418,0.05640560659042672,0.04824377916699992,0.04465452933409137,0.041748873884794056
1116247,0.1827944064359293,0.08331348109540677,0.6021298676784356,0.18779925928895852
1117233,0.10455004497502653,0.1112267234890316,0.08838466587372079,0.1722903678277239
1119032,0.1299732509784874,0.09687982558058546,0.0868853857787565,0.18193388649542433
1119191,0.042555607109663836,0.05145154045572197,0.059341150559920765,0.035981137840666685
1119254,0.0767171119882033,0.08696779258390543,0.1029757520460093,0.0927686455932931
1119376,0.7097053771337248,0.5534605811828786,0.4405383101418644,0.2648186882441598
1120048,0.012554675499068042,0.016102258993494704,0.038814859773355796,0.022619949690478834
1120926,0.1665976440610425,0.09093566210819702,0.2951895659048787,0.11341469715528661
1120927,0.1253586501291202,0.29713061914526456,0.24084005349552026,0.09149862659857755
1121330,0.038406479084690595,0.11372003235122677,0.09671384283318422,0.0777711841455068
1121477,0.03187883967670296,0.17235407449126505,0.0826822271231307,0.05401127505054033
1121908,0.011928628128710081,0.028987109431633122,0.009293019053930483,0.03068709312088127
1122241,0.10969565010706343,0.1254955469341549,0.13893422117978105,0.06492513430739756
1122490,0.10316310830328428,0.04851267810339172,0.0568453765234761,0.033238790737252714
1123274,0.16256039847533593,0.13153178767804055,0.1746843280043462,0.1993835889411828
1123320,0.011414075241257276,0.002016462391773009,0.08539535252739765,0.014087692739484441
1123778,0.027504823754434,0.18438753075142406,0.06378848528926023,0.1628452031626021
1123803,0.03850361884445955,0.03320121542110266,0.1514673922441606,0.285275493906104
1123812,0.09414824808852065,0.08803079270046978,0.08627240169214424,0.048186400567111515
1124841,0.12551062211982142,0.08534654905266435,0.03176700722843198,0.06410595832591807
1125243,0.04806741611313205,0.09002692893100218,0.035835845278607434,0.03582258135214219
1125725,0.1156230739611768,0.3549651937856797,0.404737874834076,0.06732535140133886
1125727,0.15647548439931852,0.21631013238608343,0.1491778870902847,0.1546774314216531
1125816,0.23355493938980904,0.23743021275012532,0.33143503378430694,0.23727452201691346
1126328,0.088117515653728,0.10843537704465873,0.06679044565691108,0.07618683776779454
1126395,0.03169757395436092,0.07540040492710072,0.2926398021539111,0.07889660088814857
1126735,0.00954866921143957,0.03278276820669105,0.027963459724937117,0.016955207670949126
1127544,0.0341200780463133,0.23793655904194475,0.02337395982666458,0.024840257841775196
1127612,0.33235815844296435,0.37983832045958443,0.5048988447938131,0.473112633472363
1127761,0.05896382979973837,0.11638095380432273,0.05329764035466999,0.08957559560018516
1127799,0.2887845400624967,0.3130178980566394,0.4502564353378958,0.369551323385327
1128074,0.34777521680704093,0.621300662961713,0.5643438262100697,0.7867909985907572
1128213,0.07468699656718922,0.047767763462252956,0.020831069240793313,0.051775724071905505
1128239,0.18011622220625959,,,
1128251,0.13135175799718624,1.2610467203077071,0.42996539836958014,0.20261729607642323
1128286,0.020476435969394576,0.07181296870661588,0.00840704951263607,0.027416876792254137
1129919,0.11026853176967205,0.10829950680236815,0.27285918535997156,0.12950301200936526
1130344,0.102111917184371,0.14355382085939272,0.08390917511754722,0.015858671737150918
1130787,0.07293221604587852,0.15435175906213178,0.12920695481788094,0.14719768638849193
1131181,0.26139867534068345,0.13053633162923825,0.21197359757418713,0.018953429574440614
1132556,0.1659768060269356,0.15450363094452785,0.09198458081847785,0.07773096146796249
1132597,0.6672218414949023,0.4638717834868051,0.5941753706997038,0.4645679403048285
1132699,0.34462549406069815,0.26033663206886715,0.436201326222075,0.33753745826327597
1132708,0.05212999326837042,0.017942096660403622,0.07184152351554701,0.020571000779713213
1132716,0.7929447058082901,1.5904093683576528,1.65171043260225,1.069260840230035
1132897,1.0662715144508499,0.10284649913635796,0.27054279641246304,0.03954115749975162
1133014,0.08130228490055488,0.07730712893943792,0.04113539524200056,0.1503674817791781
1133119,0.08319522259189299,0.06990377961614933,0.13107785780229073,0.05113440504093452
1133197,0.10732964633038822,,,
1133219,0.0791114603269238,0.1377199321270827,,
1133335,0.27394471076109517,,,
1133521,2.0,,,
1133639,0.12568381587205132,0.12363487826385783,0.17465504861900158,0.24864724880071626
1133653,0.08406556472633818,0.05580644390637524,0.10490267689301311,0.06351537092418852
1133742,1.8173487751796644,0.7227882582755137,0.8768378141221591,0.7707259068858422
1133939,0.0,0.0,0.0,0.0
1133999,0.09364822272805545,0.046165027845623506,0.06828748776313495,0.06975994540737783
1134007,0.27817979261738235,0.40972324501145546,0.22153102216269874,0.24113342217680794
1134008,0.05550083919497255,0.049369490152616595,0.048660237543823204,0.051779761179671854
1134152,0.11482684247396026,0.0795974749670213,0.05474233927004668,0.058452735113064605
1134283,0.11416743846576739,0.09143304998078222,0.16851114465024483,0.10955967887111781
1134288,1.5818557624309448,0.28299400101325056,1.0511971600462227,0.39687792311009285
1134621,0.17424435623928092,0.17645164077303788,0.0830129719704724,0.10440693616160707
1134687,0.09920417420530996,0.12185650809126541,0.2877398516867961,0.17287899630686998
1134813,1.0027632738557077,1.232420244848821,1.2217818448265463,1.2727733554965222
1135077,0.0197515833859228,0.013059045673456298,0.018388587526477904,0.024473247123343894
1135121,0.21549990981217373,0.08499445773449148,1.2369561668997202,0.06044548395826105
1135439,0.03952427149989027,0.15689288534734186,0.09413109300771384,0.02260504883911328
1135631,0.5475483284510346,0.8032814820862391,1.4722564727375682,0.6119802101136342
1135730,0.5060784021625369,0.5656140249376733,0.6387123894719327,0.4190948943001073
1135778,0.18753352284762614,0.3173693831640491,0.18321539585948995,1.7347045662585454
1137429,0.11753750236808479,0.12193213723262376,0.10575859184223915,0.07861509650433833
1137774,0.23046294793134728,0.20232051204237397,0.17370254144124958,0.1502972086194035
1137881,0.06920222017233933,0.07790012517377257,0.05795058122727156,0.0639818601728709
1138486,0.34029423806766945,0.20318806102094344,0.2626441774655192,0.14329116410563983
1138532,0.03131388787025539,0.022053826459647086,0.029514883645679026,0.018210732334750748
1138897,0.13317986014855726,0.12846670368550717,0.07375944399876212,0.15803103579958847
1138995,0.3146034770245571,0.32476482688598435,0.3161003654617085,0.3694764031842907
1138996,0.6627570107429666,,,
1140022,0.17040996310337747,0.21330994464434164,0.22698619401274525,0.35335859181258156
1140315,1.202027929636244,1.5333473609511061,1.371848814523598,1.1242427381219806
1140334,0.16824704381563044,0.11745865630336597,0.14991437892802947,0.18456805817674896
1140436,0.10066365002995808,0.11148916568228144,0.08926617535161975,0.05863324447078782
1140468,0.22388634258375295,,,
1140771,0.145937001864292,0.04168963846580622,0.2285260994747694,0.12260311246229759
1141455,0.29497537222221315,0.2852973039191286,0.6415896077890305,0.39895033514779144
1141781,0.054094393025939935,0.02169839382872967,0.07552271575233967,0.09119379381507876
1141802,0.0769700701077756,0.14868190023447933,0.086494523638671,0.07018783877751678
1142031,0.1442898344543796,0.16174144504971288,0.1851460826405124,0.11752282469339195
1142062,0.07848551071408284,0.4589579530592577,0.08369336570582099,0.0987865763725842
1142433,0.3293783498765731,0.15324556161157252,0.40933822766747435,0.2644528416393703
1142495,0.3077207995537639,0.10721180509586065,0.2506854152147582,0.23923692728591192
1142941,0.7793053722659817,0.35473969929904586,0.3541119239720446,0.5165996241415547
1143261,0.4739936602819671,0.5921962858877458,0.5665791396677404,0.346660245511887
1143565,0.1712790329640549,0.20446070793690146,0.647872504068486,0.21720644804174297
1144208,1.2108905204691511,1.0283158918675661,,
1144492,0.4622946615305126,0.013117369695423714,0.07105803503408477,0.3767508221776158
1145020,0.18498914754264295,0.1399881773256673,0.1284292659465143,0.1646568605562666
1145255,0.26408473152279505,0.08309421007707635,0.3402510776026723,0.08428160862596626
1145937,0.15611681551577447,0.4193139832651416,,
1157436,0.11200923531886083,0.11507805639039051,0.06775020539140011,0.11185141663796877
1157519,0.6735882758128015,1.4851885478375533,1.5874908639472873,0.6954756258646817
1157765,0.31341645851021255,,,
1158202,0.24937057168835594,0.2950181632248941,0.38466995162109757,0.2845582740372717
1158583,0.112338563570743,0.09719869235468716,0.056505265441483904,0.083780402817588
1158970,0.2323343842820752,0.12274455448005846,0.19451667872062245,0.048264478534650074
1159159,0.3569105719094033,0.32896260214758605,0.15208108014682745,0.18595529820486348
1159363,0.19752191047926265,0.3418747431052798,0.4350299404361444,0.10056484441070623
1161670,0.08672040484477751,0.18657806907908978,0.23761163855579367,0.13130647308077895
1161722,0.11142276550702407,0.2634534479881475,0.31201243369954584,0.08322590838803166
1161822,0.1928783129028173,0.20383641172410122,0.4327360771590685,0.26809102640112387
1161927,0.48386172313206127,0.43690068517242586,0.48326611358053817,0.4738489642980543
1162170,0.04966972025573615,0.055833143880336986,0.03184117294667678,0.02762558340619729
1162695,0.2617592655067318,0.08709977050220384,0.3095077259184737,0.26680401753530214
1162781,0.01873532832737734,0.014087286527395165,0.01839185347824262,0.11147923165609791
1162827,0.02467638983766292,0.014229619376273537,0.01509223206883207,0.045255273947899376
1162870,0.1238740869629915,0.049213846573101724,0.15161642116117974,0.18908021392468602
1163648,0.14091463300158985,0.24744638023025714,0.25348380753491556,0.21464045023412562
1163653,0.9169165524967695,0.7547728751839776,0.9010811923495202,0.5774860328384761
1163744,0.07813210665587836,0.05599490168863864,0.05760629792052873,0.059213568037816876
1163902,0.13429224051487834,0.12915098459819166,0.08603575126006507,0.09661160242154218
1164062,0.03775530528048234,0.10085942151202491,0.14964080173566083,0.09350003006364792
1164478,0.02977763780023283,0.03607786076569846,0.026951320212561348,0.015031479461292213
1164508,0.41364032871157763,0.33877773609605455,0.38874646360087395,0.39222694978016814
1164632,0.33881625542834953,0.06626888643332501,0.06048590885317094,0.06452060315269784
1164688,0.10323955078051571,0.18408097269164508,0.1456447662344561,0.09536999300794663
1164833,0.1695843625858725,0.1761903703755882,0.2138450855917493,0.13066675155896368
1165002,0.2473708647973561,0.46446100842315874,0.3751382751887201,0.2559026485469707
1165408,0.2902694015501853,0.31245959389948147,0.31893800902180414,0.2812696497699483
1165797,0.1272220848268876,1.955983232506844,0.34558106991371645,0.3395273202920464
1165805,0.058946812494155995,0.07328312787557291,0.13666128896945307,0.05225914195911855
1165830,0.0764319892302957,0.05201787007447872,0.10017376443335978,0.19021979649105797
1166152,0.44427268577749635,0.4239429244656056,0.3656216002875036,0.3226884020343697
1166308,0.21499482688168287,0.32733012323211136,0.08082164873605098,0.06463512265196138
1166309,0.39527413628637537,0.6130469893478547,0.27405013938378364,0.5976609652811578
1166340,1.8486685174566186,1.8215966661491938,1.548554686193835,1.4322737444179687
1166402,0.073418318546472,0.07272023980283364,0.10837216666340564,0.10159150722729056
1166559,0.7748892979470561,0.04926946937562314,0.042100540362380194,0.04793283374682315
1166564,0.07548198362590164,0.04780255401061488,0.11208832585241774,0.8533413895290411
1166573,0.11710298598719471,0.3587205708082438,0.10468065317881323,0.05373547559672743
1166588,1.7111481635046104,1.7390737079335201,0.45757807239982323,0.40481261116960127
1166620,0.0914474911922129,0.147626017776259,0.2641616804254931,0.12342029432444743
1166716,0.39481222307684855,0.10361997115150856,0.18017838025422397,0.13803432078560954
1166767,1.220163392352908,0.1383677734683872,0.17934419115073394,0.12826849590434658
1166850,0.6340655236292408,,,
1166928,0.11566048106757604,0.15508894053045363,0.11730635433649649,0.07010497508181472
1167026,0.10041483584078707,0.11530009091083018,0.11566815024763633,0.1044349613330486
1167212,0.2291857045549445,0.20706453174828904,0.21487247765249323,0.17098177107144064
1167388,0.16116271432942184,0.17150067836529925,0.18729423315912325,0.1369092312552759
1167456,0.47400573972791427,0.5486876108313995,0.6160685657403192,0.7661973706999202
1167483,0.4902811204159693,0.611528331705726,0.2905245881746735,0.5131040338705927
1167487,0.1936530411795963,0.22299599492195013,0.31628944346900645,0.3068222140307243
1167557,0.257890946884003,0.2557181549612314,0.2521286199629459,0.2723693199577254
1167711,0.34718286060765974,0.241446279275971,0.06676104814853796,0.1731998118096524
1168889,0.22487927599129595,0.20095776466321325,0.2237393984796543,0.17832098910477073
1169069,0.1754734218658179,0.18970293294652502,0.13682231357511396,0.17826298523022382
1169318,0.052835670150575026,0.056696133214477036,0.09840897285232711,0.10056330080081155
1169581,0.2524205530701311,0.3048809526815913,0.2655144910955878,0.3279663115596101
1169883,0.13194805947121832,0.09860798715020463,0.07859002432691127,0.08928561334962294
1170152,0.33782419814962344,0.24073137509341172,0.41190613123999364,0.3280028661914187
1171592,0.11609157959283604,0.03729973871637437,0.26951019957990646,0.15592421509466642
1172036,0.03912583703379794,0.09960412254795616,0.043910958372123866,0.030752242338016773
1172779,0.16192964330965776,0.07841333876738762,0.134384788162532,0.1383128204764702
1173460,0.11308057772960708,0.08711127232150963,0.11783144848870804,0.17685816435206883
1173889,0.5589296321215087,0.06685738082068586,0.05823822781859253,0.2580432064303248
1174850,0.06648636587601531,0.07621423536903141,0.0581605233422797,0.14980086550947794
1175523,0.028135659246846263,0.03491379285366942,0.022516809757986655,0.011172841704732012
1175954,0.16513398453154157,0.12011685928100205,0.11868630983202043,0.08855021224926471
1176347,0.0034171208885136663,0.5381693004152668,0.24971738322137227,0.0022727510164655346
1177206,0.37932274863500226,0.299433786670362,0.42298446553811053,0.39211237627109646
1177244,0.19460728743976133,0.268708777456564,0.14555725626816685,0.14106122325026366
1177719,0.24436380367929594,0.2863959785980432,0.3066773540566837,0.3385566252330861
1178579,1.983381213055594,0.0,0.0,0.0
1178653,0.0,0.0,1.3110709380222312,
1179232,0.03883325239525553,0.015630088795742417,0.016867578609642876,0.01813407374731977
1179392,0.7498456615735319,0.775867788434986,0.8480536698924149,0.734261727344598
1179475,0.3730393775508102,0.21131557467895787,0.34776750766431175,0.4045208660787323
1179791,0.0950665034759376,0.15597021314609377,0.19054250450243354,0.078121986660433
1180391,0.12344666441232745,0.07768246260638388,1.2618589105403775,0.9657994556902645
1181544,0.18262271634565994,0.1555268928886174,0.055016689989118586,0.07711219064482537
1184820,0.050989122371890135,0.047347475417052066,0.04481614466471256,0.04945741143932903
1185072,0.03195190400767138,0.9227654324001284,0.5212111928464908,0.9876804590046547
1191672,0.5363064639839195,0.4926329599920523,0.4683864569161671,0.3993307512588367
1193586,0.09364830073555946,0.09501897070856888,0.18356232438067882,0.1237449093091985
1197853,0.0,0.0657987383311289,0.012830266745792967,0.012405322472672616
1197921,0.021240841286508473,0.01064099095088654,0.010755439485120517,0.014337180194427417
1201001,0.09936319503323218,0.05736649133038346,0.438211428453058,0.09396182143298873
1206792,0.012215550466531451,0.12877688194230472,0.02156337694384646,0.050563705227431456
1207017,0.11945288895106256,0.18051959986252686,0.14064598681370186,0.16655814046423156
1209324,0.1141909597935493,0.10926786769643324,0.16555349503203814,0.07316572082977532
1211028,0.2476732233313309,0.24216323151549435,0.10916721933682184,0.19882449839682534
1212897,0.1992067135085195,0.3470402443832432,,
1213206,0.2239028482936914,0.09827809231617134,0.26740955668352395,0.10440129332092106
1214183,0.05742388882273166,0.06258806070224163,0.055879991118694454,0.04847988557492825
1214639,0.22725737499616566,0.2775152786454563,0.27080610421314094,0.18803991729630226
1214717,0.04381671997698268,0.02857862760841046,0.033007870740485716,0.036663219378885385
1214816,0.06282602879175914,0.0,0.0,0.0
1214822,0.449294485114449,0.7295487171138219,0.6886636766300647,0.4677370152134952
1215208,0.022364906351073265,0.07669142887474935,0.041772938127111234,0.11545220817453387
1215838,0.4860410721340885,0.4927321477026647,0.49893793449915175,0.5350824986709866
1216093,0.03388823089894354,,,
1217541,0.11133410674107437,0.14812016902965974,0.17861240036982107,0.12163819499558429
1217758,0.27002076172607664,,,
1218199,1.3124083354878906,1.0355906273137887,1.8447330936357236,1.503771841250692
1218210,0.10270181428185197,0.14272504599881397,0.11944182913590992,0.14067754454582282
1218254,0.10587088197569908,0.09907611531298519,0.04500603634251459,0.02871201336707921
1218275,0.13823417047805986,0.4807736454585753,0.5866618027909218,0.4430794559332721
1218583,0.26140732743324335,0.3501039205965308,0.864213985117593,0.8110249222681312
1218663,0.28531452193858914,0.9459424814129119,0.13406451229793048,0.11555923413713973
1218710,0.98586527143534,1.0865791249479047,1.091365639168555,0.9989379904043493
1218735,0.6294400368267555,0.7091658376490814,0.5104765575925952,1.801788787358892
1218749,0.2875863300659445,0.24217952327323128,0.48660298071329305,0.1605407407380633
1218761,0.0011290651323417247,0.21182387018610546,0.01904844825168005,0.0
1219573,0.0,0.0,0.0,0.0
1221362,0.1941513645857573,0.19476369332202578,0.2556305673491187,
1222765,0.9333756474047786,0.8696519892200654,1.0586364671439759,0.8770702022765696
1222993,0.15938374278706624,0.05879236499487294,0.03769304464178562,0.020487747904579277
1223025,0.3393958358163049,0.14165279085404042,,
1223779,0.08707463165274978,0.04583384318246238,0.37665317616999305,0.059391003342101484
1224014,0.3831837965343053,0.26362656423557207,0.39531606163407224,0.2892176877802488
1224324,0.08937117564714116,0.16436414685728176,0.05103006985077354,0.23012189701953845
1224608,0.0,0.00017618441421217643,0.6542159987237476,0.26019259549540763
1224890,0.04168423304811184,0.03430407495856817,0.03032875152318139,0.01774224399249793
1224962,0.28776899534592865,0.36672054185792524,0.3494979131109792,0.4337442591831583
1226886,0.18984435115323786,0.25167891860251723,0.2051690097582754,0.23552429326278007
1228242,0.20774091134481823,0.2503980738874427,0.19757892839566996,0.32161129702256713
1228754,0.09111665297560154,0.0020311044371017955,0.04368318433453278,0.1629614678497018
1230239,0.19146599359935432,0.22532808851689742,0.21086050386846591,0.2061190457371217
1230765,0.23977244195497407,0.13365023818545088,0.1584607414317395,0.17583937344140743
1231756,0.0,0.0006480057636022758,0.0,0.09497218190272735
1232395,0.11545416603813674,0.13187413720010904,0.10914881743612379,0.13952250865577767
1232621,0.4356590128833438,0.6045895312098467,0.5786625289697376,0.30681759258191077
1232960,1.1013340101711486,,,
1234074,0.2081488383168393,0.1532171107453494,0.06844766346609847,0.09586416521213154
1236421,0.0,,,
1236615,0.0026648121362438555,0.00445012578185885,0.09006878821978387,0.09709900779786303
1238990,0.11026908276628179,0.15565085261067668,0.17182567854015532,0.11700553475838618
1245862,0.11962762587532642,0.27486715807837114,0.066207381223733,0.13840503401470924
1247497,0.36118872789039713,0.0063851412801621075,0.35565058225620666,0.002398215926725709
1250731,0.06953153142693189,0.13571593837029886,0.03200928956258074,0.6551245303746875
1251567,0.036903951085375516,0.0983376636502775,0.13089890258606635,0.1258088192250065
1252007,0.05654115119847135,0.10771524646460846,0.02900900029617126,0.02525179316621562
1254890,0.1666592083720617,0.22713235535681553,0.06676358964381228,0.14035755746609394
1255435,0.19331908682191573,0.4723638886915495,0.3738318494396282,0.3069990149023596
1256071,0.17660831579314148,0.21720454788035973,0.33033766967267775,0.264176626089393
1257391,0.6845581791877573,0.7341635204683766,0.44644714777884786,0.3876842335957103
1259261,0.03338958326180902,0.036562308767194615,0.07799340629655319,0.026962975216064496
1259313,0.14575864033503327,0.1945400038627515,0.18767007006104106,1.1188681004796863
1259671,0.19828709366639463,,,0.06735856290473577
1259887,0.04682783892896515,0.05966391851701553,0.07255488724314897,0.07618629809516733
1259927,9.586356032808186e-06,0.6121695275091193,0.022023715682694137,0.49586787605659227
1259969,0.03423127997506215,0.03804212566702159,0.0583314237830684,0.021999938433794615
1260468,0.39208166595247207,0.16036897892664442,0.5633187517749129,0.2796239744337469
1260824,0.16031283639657265,0.2880333909641292,0.14189070662924988,0.1497852903484932
1260945,0.0,0.04146504592517197,0.0704604308421741,0.0
1262677,0.06091180977751395,0.04521457157065162,0.07214280009728158,0.03381427475330072
1263048,0.08239348502727523,0.0,0.0,0.22397541086755918
1263508,0.04700774183928024,0.05265457094112311,0.07879051624618108,0.048263016273325764
1263548,0.06568469618597393,0.07159314704309305,0.06453069503955847,0.04204427442567259
1265131,0.31407342392535503,0.25840837047812076,0.34592717054468863,0.4011244263647786
1265376,0.17692486835403487,0.020299022337673674,0.07957694034467488,0.060312573901619974
1266014,0.2606275376760597,0.22507412991549153,0.1894001644997492,0.12118283125828824
1266227,0.5417255286077866,0.4721066544058236,0.2254379465554266,0.40775843159864733
1266850,0.08357700167256114,,,
1269094,0.02678666444970159,0.029135424324077192,0.06315774397639289,0.04378434162176775
1269119,0.08770033983183548,0.1336471371093569,0.13144416807493195,0.09190820158427938
1269786,0.3052800251726922,0.28481976206115756,0.28215321595163756,0.26557344608133054
1269950,0.2124416081133509,0.36080504962065924,0.49607515065670804,0.3775971247418194
1269978,0.05972952868271633,0.08622380388604489,0.02675791511470726,0.0716655976393867
1270764,0.24196284972880966,0.2001442561997177,0.10078283042053142,0.3212275324537351
1271347,0.5194692391083386,0.18941454432720667,0.3967745596097609,0.9068216821597234
1272164,0.09291580875016717,0.11020275208393585,0.13401362264746344,0.1254625298940815
1272544,0.01411274954931435,0.009058581563832558,0.013776473679676896,0.029169770917552365
1273087,0.7098616475557431,0.741997984449011,0.7467908419208423,0.7219234702594233
1274173,0.6665043822247655,0.7326186147283078,0.15163048006352542,0.13448024456238294
1274196,0.09450072727289152,0.1167620700417375,0.07872278787778485,0.08995785391492185
1274403,0.4445206587096662,0.3437850803624444,0.46211072785902974,0.34566524359933465
1274413,0.29622215199401103,0.3401624451079349,0.27472543742406963,0.3779486041279383
1274981,0.4645172371260654,1.0376628311828804,0.9482179237945405,0.654598723054721
1275218,0.6001797621600325,0.4434396198424751,0.6105114777474653,0.5827141156762381
1275228,0.1799525279925768,0.6268629074425097,0.7743532940701503,0.3096614399786613
1275880,0.11140096183366378,0.018667792670307926,0.02685488273231269,0.03283971784097496
1275893,1.2017870814824632,1.3766425775080597,1.591897478927689,
1276144,0.6927513333994363,0.912274436462072,0.5674272550568351,0.5034408052351503
1276460,0.04944938974990507,0.1684462293520885,0.09615937690600151,0.07374272510474446
1276470,0.14956041234467018,0.34659679959646605,0.21582541499537014,0.18241777989054736
1276520,0.27160217958557775,0.20323691900215804,0.1401641098599466,0.0012342027209042302
1276525,0.23283238478832324,0.23221911705706286,0.14884608157367527,0.10522656865904566
1276755,0.1524662264791544,0.37579644454405575,0.042557336932796654,0.08564722335983208
1276853,0.027590834898432625,0.017984414041837832,0.02722509186741865,0.0302548724513639
1276918,0.5574353468429792,0.13802090265868475,0.15152693111782387,0.11407149148896693
1277158,0.15877820644177823,0.13636979149707926,0.13837822753213094,0.09959763757431708
1277279,0.12494021259037696,0.07929068836190943,0.15054883753675807,0.10920033622906397
1277303,0.08555166783109079,0.12091212717799572,0.11052030434311029,0.1908880089232493
1277403,0.1745214866201777,0.07265008776862986,0.1581820462624035,0.0917172606283276
1277557,0.12491106598590232,0.14978699104891705,0.14435728000954176,0.10181497905808491
1277742,0.005063752312656681,0.2239542444369144,0.0038936339197283318,0.0
1277779,0.17627696075500662,0.2176090329389212,0.24717966550318857,0.20809927386912766
1278235,1.0965994130950765,1.0468534784014776,0.7799934695659895,1.1546813211174118
1278249,0.23796452508838595,0.17713333395731903,0.060145816138934764,0.23988417187187078
1278387,0.0017373525661509375,0.03730414694983637,0.0,0.00659545334767399
1278573,0.09694588659780058,0.12560023820418295,0.085701876508741,0.05404779847672085
1278641,0.029061470281935686,0.06117231718836893,0.06593068957912089,0.04594803179240736
1278678,0.07751495967279057,0.02945752397026831,0.23007828994256854,0.10314229144690329
1278793,0.07370461170169988,0.04668824603300828,0.05038801007937767,0.10489225078844244
1278951,0.5002058573414713,0.4308787793939392,0.8986004961608927,0.799728980312023
1278960,0.581310865311725,0.46987201767362224,0.9428456042813946,0.8764544052565431
1279030,0.32377017923828616,0.415454101584748,0.31725300815762836,0.29924571336981387
1279150,0.46810627640712066,0.44830499462642986,0.579199967689688,0.7034931226081983
1279151,0.6017780984511677,0.6512154752274002,0.29696362124591497,0.3686562052205139
1279256,0.19576518507419588,0.2662345463275603,0.2503602610122838,0.24049018569995056
1279329,0.0181906829976207,0.013491487163062489,0.06687018748298398,1.7260276490947843
1279342,0.12096566119765316,0.1631428789573226,0.0602610941877106,0.13508587525876314
1279396,0.19663546021554476,0.4492086577148897,0.7687186425771788,0.8512540913376642
1279627,0.10199371461704872,0.093040977608401,0.06664571060685262,0.07087066143891176
1279708,0.20367632350690698,0.12715684286036863,0.07729063714487036,0.06701801849010654
1279885,0.036640916181562525,0.020358707863512175,0.0022972238259169994,0.013475385330411574
1279886,0.0,0.0,0.0,0.0
1279888,0.0,0.0,0.0,0.0
1279891,0.6250877294534067,0.635902800925695,0.9510503456177238,0.7388871382672391
1279913,0.06298174781261041,0.15889936865820026,0.10625315408515358,0.0
1279926,0.26160131346704824,0.40573883518084125,0.12848150938726688,0.2828802040889398
1279936,0.020919452006544846,0.047022897683116224,0.11499043523297185,0.09851087286368203
1280043,0.36756634014754846,0.1522284830759553,0.13834603499900344,0.12266275219711607
1280200,1.2003892147826076,1.3749105621160294,,
1280493,0.5680961890878589,0.36692176877293364,0.3108509080946214,0.3908441073006056
1280604,0.1228974599620956,0.012683501849237088,0.013957910925512051,0.04706280003413637
1280965,0.06843412400480439,0.09503673618305143,0.06281038917669383,0.13168937821621057
1281084,0.0728198492595081,0.1859104186502254,0.4505742128211718,0.07316192814759905
1281446,0.7875107300617804,0.83979169409063,0.6946953119956234,0.5897956113090211
1281649,0.31623294346805014,,,
1281761,0.03631758660873259,0.08471354384178297,0.07245376945942093,0.06405242954405393
1282189,0.2998221984958494,0.05193787338516441,0.09593860862994397,0.06831142542171706
1282197,0.20103021456272024,0.1988958385610158,0.14118687825571682,0.08159042382905968
1282683,0.1987879577315296,0.1394469115645442,0.13651294142675338,0.07624934058558708
1283072,0.18775581652258833,0.16150815196408286,0.16099876716291417,0.12556423920899337
1283718,0.21452176994437866,0.20608204988586834,0.24348672354078735,0.1833065169346879
1284208,0.056442079005883265,0.04789681059739806,0.03725507243615137,0.06942298807035896
1284812,0.1921756953169494,0.2635046557628115,0.17088549749983908,0.1665586655107461
1285973,0.03555505014578586,0.08485782858084226,0.07653252960462184,0.08336237218031059
1286295,0.09299322930496513,0.01257304525089447,0.018992467337062034,0.11849924421296322
1286478,0.07672993581195413,0.1595627655832449,0.18838785393845214,0.08046433220912076
1286534,0.03946730735717499,0.04988580615836889,0.10273689501198063,0.05303546593566965
1287618,0.10345793014457076,0.033206405163699104,0.026294958729971025,0.030251436701301766
1287978,0.9277284489700387,1.9951498408549115,0.4199711524624343,0.38323027149354405
1290162,0.11834487041256112,0.09128812825470287,0.05677485328703523,0.13288736714252505
1290448,0.23942800703724681,0.24352910757562124,0.23906090224900994,0.03490460142252552
1290668,0.12188497987378685,0.1527326068287529,0.1413210241340524,0.20181343740810237
1291424,0.14745978915086216,0.12031486379949474,0.18402544916955832,0.06085884768363277
1294571,0.23445521907488295,0.10722954005190409,0.05188302025128689,0.044858273263903986
1294588,0.08433146710680872,0.09565452740595178,0.09230031673325625,0.07809551982500124
1295044,0.10237083336884586,0.16811960447266144,0.12540343054663594,0.1330636302880139
1297376,0.12913405553472126,0.15477625144874516,0.1280367049295008,0.13102434898840648
1297496,0.06160058247852289,0.08587460110404699,0.12095602182551514,0.05074735052824816
1297731,0.6627707811454719,0.6842731227593098,0.07976513482625544,0.04629793313524001
1298088,0.0790500221184287,0.1003501223211407,0.6907878486756573,0.09901027234083568
1299351,0.15575556689288456,0.1508507785227662,0.1773209495284886,0.09899315843590206
1299434,0.3842916479971857,0.987028951245023,0.18092129313913075,0.24974260025509787
1299910,0.14012330130135003,0.17226516656069085,0.1364740623346972,0.15321280497024747
1299939,0.393605550965804,0.08821054033588512,0.08088522583174486,0.044226496440370924
1300311,0.0803994145191553,0.06348466988322128,0.05078263303496493,0.029149304465087327
1300336,0.2437359686164989,0.17025105032672672,0.21169865393050735,0.1816741887222265
1300714,0.025998282427810486,0.006377802226985511,0.0,0.03320803998710784
1300979,0.1605747781724357,0.17405013095815222,0.1282673304060682,0.2056571967495562
1301050,0.8077718767443034,0.9951778986049985,0.8693463038391229,0.6683790059551932
1301396,0.25818039896475276,0.7925354935023249,1.0334750319752977,0.9667671147253399
1301540,0.20500913837705076,0.16324590263734934,0.1768823512002935,0.13777142174427365
1301743,0.5370533111075295,0.4197746144169361,0.4275272955768459,0.5666282505302344
1301912,0.05104483371439539,0.005393407590770566,0.022101735552105463,0.047469099050080746
1302404,0.3169397879145116,0.32787932289314115,0.34786479103329804,0.17877145696575336
1302739,0.1825355863906174,0.19773336338188946,0.1546172827713248,0.10626294182582875
1302842,0.05587369098355615,0.10084210292485278,0.09214549533698349,0.07332533064218875
1303042,0.08941228874295123,0.2126685349764598,0.1106449896113158,0.07247930055992559
1303159,0.19176253758693268,0.1007477983527734,0.1978313202481477,0.19432742040763576
1304229,0.21907478799893138,0.17449803494683674,0.1382553625902219,0.15197825500275397
1304857,0.16849883858738263,0.3431838461535313,0.7782768041272027,0.6968869132605359
1305473,0.026117398295691024,0.08520730827297222,0.15756688680066355,0.21312557753856226
1305707,0.15228767433206705,0.14996832578908117,0.16436380321120705,0.1415240186605955
1305841,0.12622207616177894,0.1926475233270723,0.2213129235552736,0.17707117105560616
1306333,0.1284703009990038,0.10878515285681843,0.10252801938119147,0.06103135168053141
1306923,0.02265498132417987,0.18583138683075628,0.025293876758172337,0.055644777939843494
1307617,0.14169402370327033,0.16972160013705714,0.14324442393030906,0.15718327528050383
1307877,0.24176573970669826,0.3970804544673266,0.3393130816216842,0.3425700136050021
1307878,0.053291623797090557,1.1290512560040562,0.1612893291039174,0.2694967427641568
1308016,0.023819762108931705,0.026001184295380463,0.07224636618531821,0.06207295489091959
1308377,0.049025397632947214,0.038274117837802796,0.03579955922184253,0.02967666620034786
1308527,0.09085895234320307,0.0739078359108596,0.08471972769757476,0.063052844564111
1308555,0.23048160621593822,0.5193783194688579,0.37441423896193715,0.24396948487875725
1308668,0.6690362337484231,0.0,0.0,0.0
1308685,0.11726506001120561,0.05771701810638302,0.330962525528533,0.04782526835289138
1308757,0.08813848625174003,,,
1308778,0.08110727128641423,0.21990187355568433,0.11670533389572689,0.008768848490455733
1309148,0.19331396686886607,0.11922597879525003,0.053858438746021,0.06243240830520632
1309469,0.12796790491921117,0.5007878249099937,0.01450693637966815,1.0825055918560995
1310051,0.36716828579482264,0.4661369813259212,0.43829557725810514,0.3994223236436205
1310658,0.08652069416781126,0.1185113992391091,0.07413046775241748,0.08024761881271358
1310929,0.16051495947232133,0.040178042052046295,0.06976536041353118,0.049426382805854215
1312908,0.1610553304834112,0.36309841978818636,0.23482514269428725,0.2506359604070096
1312988,0.17154403806894014,0.5075871942410186,1.3113065652363696,0.026880071745042585
1313294,0.02446897728760739,0.11266164154063844,0.07926153506469784,0.073107370853273
1313360,0.8060478257652095,0.8299355402901728,0.8224420141151235,0.8893818402458339
1313473,0.08180248787666909,0.09929495458905774,0.06607216242940678,0.08420379290883011
1313559,0.38119027730821503,0.35932635674675373,0.3026094192491366,0.24559997334424277
1313756,0.3400319392235092,0.405596247635686,0.5744964980989482,0.4678455238523324
1313792,0.07929240140738497,0.05079716925458613,0.045912741384102305,0.06505590255774173
1313816,0.24066168056357085,0.24290367845454572,0.25607805984427506,0.20405008201367011
1313871,0.10933339796742558,0.1920857027801906,0.16031997143029106,0.0552991041403361
1313893,0.09017373683547855,0.06180266563934868,0.05285817623121029,0.041116435887681005
1313978,0.03894017057472793,0.03791525058003987,0.11366498070221336,0.08514528139484166
1314273,0.3338370610195003,0.3660940117891091,0.2661502679874609,0.20153079283551797
1314376,0.03810916370967219,0.12142950188902474,0.01643189744904893,0.01649358466185058
1314377,0.0191117123159735,0.11027467955635228,0.02427258657485112,0.02595068058320562
1314404,0.06070429694490679,0.11474672244049443,0.04375120423886324,0.038440586132715504
1314440,0.08758347630488125,0.1003632057563339,0.08484040628023554,0.08494726215264528
1314620,0.19453775618073363,0.13277257259713235,0.08200208721478865,0.0653448581853874
1315059,0.0637203377001714,0.1373500401556717,0.0881800844392855,0.155062592559732
1315269,0.0920863977782434,0.047749432755583174,0.042856644828408695,0.043063270111801534
1315339,0.10309628626347013,0.16003393029724308,0.0553650371937395,0.03149110146887542
1315421,1.0715431000121334,1.0269512943424672,1.0370563563527262,1.1267862762372405
1315478,0.09620558492136116,0.1151842793484124,0.1782286120748107,0.20027406540178447
1315785,0.0952814928471768,0.09049793743180953,0.10512336096326533,0.17495231530644972
1315828,0.3792356502344497,0.5342397468318476,0.5569936087329487,0.10755616040172726
1315868,0.08423855716569838,0.10494039588103594,0.11549963523865446,0.10031974747255518
1315926,0.42232583378296135,1.1852175528041,0.4749184076115476,0.5466676042633798
1316187,0.12938888356932263,0.343974987365696,0.2665755216661514,0.1537145774805808
1316397,0.32505362617851313,0.24741507887166084,0.3404627413334987,0.2508826516454901
1316507,0.2036101521496105,0.38383079792971686,0.21111533460300483,0.158808858898763
1316550,0.06260705173969965,0.08576809099862845,0.25798326636029484,0.10277664933779548
1316580,0.6646123571836076,0.40535006159475173,0.4905277137804185,0.5269026417559473
1316617,0.09865500308240037,0.047968263888254,0.07516681333108642,0.05358172668330426
1316622,0.2082059636177671,0.18795691156474387,0.3300460672048814,0.19634961029102926
1316729,0.0,0.4057955176834762,,
1316915,0.9564019940027922,0.44986274527819764,0.9743618300119183,
1316926,0.8497951673337151,0.16993488127913703,0.2273159963647591,0.04528273936806449
1317195,0.41921705493978045,0.35934242977158526,0.4710195026076161,0.41329430322244187
1317209,0.05980225686942331,0.04001689644353296,0.12181213296001002,0.04765349143174885
1317253,0.11338085015722577,0.12555518134805582,0.10826483790782233,0.20643202740895716
1317267,1.0649618562480903,0.8175302009013562,0.5583528145795258,0.7508512881639606
1317346,1.38769419678957,0.995076455449626,1.2928837914935056,1.6443818133557884
1317348,0.16494238313861362,0.2596010015827309,0.062420301850020565,0.0959789306295695
1317410,0.5508358091598147,0.5085716911987468,0.2957504702747485,0.6427769847292109
1317583,1.0904544740311704,1.0642902330007624,1.027657118177937,1.0390569303864363
1317588,0.2202861533635588,0.4331719968120305,0.17051490903238814,0.07700140297706021
1317627,0.2717936402063169,0.1959453129456854,0.10565185011181846,0.2516017835423699
1317679,0.7404137564778147,0.7692040900919904,0.8816822566715999,0.7711161723246311
1317724,0.22443029725046554,0.19583856044564363,0.13727129589553053,0.17456772639390067
1317733,0.03423666677490852,0.09088566571038323,0.04467700927532444,0.058451114732649835
1317784,0.10304924564751364,0.15131172054371575,0.1049935589685387,0.06764771762664662
1317802,0.8164323508084999,0.3919922405166162,0.4020418892195897,0.2948467254217568
1317829,0.07735570971655899,0.11482061453459295,0.08520757230064205,0.0890825512239888
1317904,0.5393765169386552,0.30531064023261034,0.3882634604154122,0.7363113049913826
1317947,0.5123598910556295,0.2009298587995981,0.7384262245477781,0.2400871197664063
1317961,0.0016047092519047474,0.04179341374221948,0.05683590346946138,0.026367216680518692
1318011,0.18018273479560623,0.3538999157321762,0.26728652459415436,0.13747269118916858
1318055,0.2061402399601816,0.06286835614229654,0.07465228949634758,0.10459854720223599
1318259,0.07832674260351233,0.09703586355762912,0.09680936107371994,0.059744309835221145
1318293,0.08753423706127418,0.37962720102951886,0.1622300620541711,0.11277747987330639
1318601,0.07676628372330173,0.1478679253409956,0.12280671943251195,0.038584899401895856
1318757,0.6932551788734936,0.7420684425469428,0.8007953707647031,0.7461875621908641
1319691,0.14504265038943642,0.19855541410632863,0.29079090657472373,0.1726405837031585
1319998,0.5215544910318755,0.572535435622344,0.7138764472767842,0.5483098288832993
1320168,0.023308139862121515,0.06225256003656939,0.02976495774104931,0.10147833230681791
1320769,0.12092497661256661,0.1956736681294699,0.3006876463577269,0.2730455401595685
1321194,0.016351039555250454,0.010646963476140456,0.03046803403319932,0.06137283909746434
1321220,0.32770140617140775,0.06973679606406558,0.4786392333729763,0.2474085176885964
1321655,0.35973984630297784,0.3993643629427215,0.8598263118705249,0.8793502099231252
1321993,0.14745842579543791,0.3219160233507313,0.6455379966514181,0.18554752145168382
1322590,0.2649440613158865,,,
1322613,0.18646683479458462,0.14371637888683422,0.1728509049423433,0.10121633785430989
1322853,0.30390233748937784,0.39406813555245634,0.1416200824777001,0.1248645442013995
1322924,0.06352467171856199,0.15851196183216648,0.3221814583021849,0.26670155125745465
1323119,0.0382135683914436,,,
1323255,0.09041127038834308,0.0313714729948348,0.022292128654013133,0.02574877623342104
1323276,0.025037991844731152,0.03548164041407298,0.06371972034095563,0.10873931723851658
1323414,0.014246560199567711,0.03831442774232704,0.030329970463123985,0.042230043161251354
1323645,0.8139322998045332,0.7730107043294595,0.8040448740434779,0.843133190494421
1323953,0.17405270339092663,0.17486415726577031,0.08355020218981554,0.09803158046120453
1324022,0.1651618063012215,0.3691668414345387,0.37435187505868983,0.07064590125748339
1324279,0.24021781241495768,0.27650616257966576,0.14259029479105412,0.24300220132587405
1324290,0.9224338862857114,1.188631655352721,0.6804165644592985,0.489334190324831
1325083,0.05300802078960923,0.6548089197472775,0.29331951398361655,0.2707029486016424
1325261,0.2276513763232706,0.18533291696745252,0.15007678394906407,
1325447,0.0555424035870651,0.11568294389080176,0.06678528388315716,0.04380104692969353
1326150,0.7631560677276786,0.8406542178087627,1.2033336555427794,0.8539476716864456
1326234,0.14255374569363344,0.17552280597375036,0.12326281976877865,0.1434933262159567
1326389,0.4205970430245193,0.5405181705462551,0.6881254721396605,0.7848036091845287
1326638,0.4453076261781844,1.0307140831928894,0.7113039468832106,0.6324123374887582
1326766,0.02991970020268007,0.019459418309368155,0.011267980235480236,0.027062944695567234
1327055,0.06289367033228235,0.06845257730139749,0.054651154421728354,0.05209622883805652
1327944,0.05775270509607559,0.04249881814902104,0.05588174239796243,0.07415983550190472
1328062,0.15611180976971686,0.1199356597917119,0.1477314073054883,0.12816105479796083
1328785,0.29772943476219066,0.34495284942605575,0.32214697423188543,0.2944142357101417
1329375,0.24938228720164785,0.14791638588005984,0.16117718436482417,0.15336948965408914
1329948,0.22907493475341684,0.11861252053667087,0.2364266598803264,0.18306229851633596
1330325,0.08823160954863506,0.28415971480240665,0.08059584238526461,0.09782064207733922
1330387,0.3498627131931844,0.17882942094677493,0.18740785591094092,0.17531198057592032
1330463,0.10848961663633193,0.16913343634549136,0.12337921279100307,0.09712995589228847
1331074,0.35757215672487935,0.07992094163804976,0.06266625729486282,0.06344645514058245
1331693,0.12091628252160744,0.35921632176268603,0.7203376675698078,0.6332952872396016
1331875,0.0,1.3460379449491495,0.060323083029974335,0.0
1332342,0.04271509245009573,0.05345411920361741,0.01753472501725717,0.04122106868469798
1332632,0.13852814307818925,0.17203338819492994,0.21351701598286918,0.28296777605334966
1332638,0.0021106990890590424,0.00044476824866233867,0.004322348685905721,0.015859599946284542
1332784,0.17292308212841118,0.13895082629529726,0.10295660941063732,0.32134009338798136
1332811,0.278285062536099,0.32794394103702423,0.41873146112514503,0.865541529445374
1332905,0.6932251205735904,0.18191168142450917,0.15185860348635938,0.08940791845887427
1333709,0.11007603172818797,0.16928803023929584,0.2015894324387274,0.14928807403004396
1333792,0.02153315775368542,0.024328519368172884,0.08342858909883255,0.0336061801101762
1333986,0.10831137243336672,0.13847571370337924,0.14297918568283366,0.11701193327274464
1334429,0.047365446000826886,0.043135725143809436,0.012004815312449903,0.006672524685477633
1334430,0.3710108069128331,0.023315633710187463,0.09330535130778343,0.029904333775305852
1334952,0.044459929280577036,0.3001015814737076,0.05061328664935289,0.19249239254338923
1335325,0.3124353690569562,0.4012371269193328,0.8117838190589466,0.9811022565787128
1335382,0.0394996370467557,0.06999579582244704,0.09283659576367136,0.12225695511128351
1335644,0.060563415456126854,0.0955351960245889,0.062067401653203964,0.09450715747914813
1335851,0.04871679934996557,0.07732251771557114,0.08394532695133164,0.03160641815680814
1336528,0.19876519977656712,0.01998984798274656,0.14035584385363373,0.3079836165501029
1336800,0.3144463916502274,0.13217528986977944,0.16613382616141575,0.3356290546259153
1336885,0.5372112929319262,0.2657822979156689,0.7208212458038276,0.14522558019009796
1337263,0.5503691313725897,0.594996151795675,0.49963815693562913,0.5107609046465501
1339161,0.07132287653515765,0.005727881576816029,0.0278197633343785,0.021327853959553552
1339270,0.06533587180517685,0.1589698207534556,0.06474396475945211,0.05893776783226127
1339908,0.007379921401729807,0.008576301912509571,0.014763190462204263,0.012333036589798264
1340459,0.0,0.0,0.0,0.0
1340807,0.1577749437234748,0.05340684537248635,0.16881881928714848,0.12134250821669294
1341401,0.23237799497145692,0.21744254447587408,0.18597093621785804,0.22426190178594882
1341748,0.09723382059385478,0.09663910027342233,0.1514924394042471,0.10443795570386433
1342396,0.3077641132605631,0.2782612756149657,0.3028485854852653,0.22974206377777417
1342857,0.05049164790423192,0.10185907643289062,0.09618080955890874,0.04817555669337596
1343119,0.05285882751763269,0.11162966350580524,0.2594633830199591,0.21150204153639354
1343781,0.7861754044792106,1.6402221000355373,,
1343916,0.09463465033153907,0.11094386775971928,0.08654841664566149,0.170633258859595
1344114,0.1572530469241604,0.16253098937999808,0.1792963424222208,0.1423069757947151
1344551,0.20162026264877556,0.29351773620073357,0.28214569548435514,0.2725652552647752
1344717,0.06530680245541158,0.2562247538645782,0.03362098016552352,0.04436032930744652
1345471,0.07036074268174353,0.2925235027917284,0.35684149291830697,0.03294665688271615
1345576,0.22813805326361258,0.12046080520737068,0.24277383583058665,0.09772247567891507
1345929,0.10939820619003882,0.12321233254999718,0.0960767311409876,0.08704265284070557
1346378,0.09731762503702253,0.7154485445209195,0.06597762487865624,0.0437269678005339
1346543,0.3799913403959621,0.2761028810230294,0.29767051927455873,0.21986108631467688
1346554,0.24277307636236095,0.29759562970473213,0.6710776890247652,0.44847393108784483
1346824,0.19538509863885686,0.2839110322951023,0.15660629577574905,0.2999061224868803
1347683,0.03964331616427767,0.05324296000783731,0.2355219083981059,0.05241081085648521
1348145,0.14484906402134434,0.1634302850930618,0.24221041765017315,0.22689041443792454
1348183,1.835122475274653,0.2052497323705111,0.20277699641614474,0.13185104880921375
1348883,0.07372743125509613,0.1374956508664991,0.12017977523452157,0.10870439427118206
1349138,0.11329170711774052,0.07824764520227408,0.0549111913940015,
1349267,0.05054373968991541,0.07249377040658253,0.07894647940584297,0.025058379046169536
1349353,0.3255625483409442,0.5117197409353317,0.44206564242158947,0.4182560015567389
1349434,0.11855148111373427,0.16108765968181368,0.4533693829494275,0.20464549911712046
1349654,0.0565757159445184,0.06608072480857953,0.1576975285810146,0.37599700526642743
1350290,0.6433276554705059,0.7509867789892222,0.7643233478341471,0.7346281358653863
1350585,0.13776252471648287,0.06791378636792414,0.05896569598726269,0.07668386700210014
1350605,0.6721218685223536,0.8906991263656214,1.316993380916465,0.6770672391114235
1350660,0.08529928600543786,0.11563987682375934,0.044113407883515046,0.06856746751411497
1350694,0.2899527233661701,0.32409934984424793,0.3443360374790438,0.232047969954236
1350780,0.10566308510511656,0.11828106376590618,0.195240791136245,0.06073778953773791
1350879,0.6829003696902951,1.2338686838155735,0.1635670958309916,0.12591741591961852
1351063,0.3727591181232139,0.501053404184551,0.6047474814116316,0.5760178053340855
1351351,1.4089849885831296,1.4596842557292935,1.4253346171722512,1.4256043837229215
1351407,1.0771838700372043,1.1690943698311325,1.3365838349836316,1.1808552700083428
1351431,0.1011839729751456,0.27567518823731585,0.09249798511798228,0.1792594588111061
1351731,0.32275378519281883,0.10215701687956553,,
1351917,0.11554579944673438,0.10245512273597898,0.4522597875261768,0.2565102519405401
1351950,0.2803906639950839,0.39746065287429844,0.31061046277767296,0.18863682552653085
1351991,0.08834604341413968,0.07628570791831804,0.09009142252524638,0.10197492418024227
1352122,0.0014388178467264502,0.13024249719681194,0.027880249179144286,0.009791148201706217
1352187,0.4016611666711031,0.9137252161375589,0.8896214530875021,0.65248709801136
1352272,0.6744620053024967,0.5663229725790151,0.6022386299144973,0.5765798945690928
1352342,0.2674661562968497,0.3294682532335293,0.2882385142967371,0.38879281812927
1352449,0.09093984918612145,0.10303774382055672,0.036235397695508216,0.05947431668179707
1352467,0.1189621817294709,0.20735076091339677,0.14493507946958753,0.02244399339073307
1352526,0.05919451888942705,0.07067954366043445,0.05064615746740054,0.0857550793394242
1352547,0.13074672731394885,0.20341352885777897,0.1880572975921491,0.18022186016213435
1352662,0.19983022786898874,0.23938938231703535,0.18334096711226333,0.19163551663718248
1352675,0.07276499376560885,0.11809706420856597,0.049304349253823515,0.07881844562561234
1352764,0.22388318664403856,,,
1352776,0.03711917698898402,0.062227770923118604,0.4677525731554516,0.014946363670717366
1352851,1.2079200160237658,0.6560075994331445,0.84458119629574,0.811548366500278
1352860,0.07745357078558308,0.09429501637110005,0.0767494213120587,0.0876652807127915
1352864,0.1202945628535292,0.10456943578553292,0.11524052519456322,0.09148558301343272
1352871,0.045187092733255774,0.16205329730270202,0.03690746866391948,0.027671725257094264
1352895,0.33006077145638646,0.29795607611547387,0.2847975114587279,0.34169476897446827
1352900,0.3810334080155978,0.0,0.037325359696972656,0.16627002983506245
1352924,0.04466781692586606,0.031401412461209616,0.035074196659608335,0.07651336844722204
1353098,1.7055472863297072,0.14027507551012777,0.12871392824257336,0.0767886402319345
1353110,0.08818463986587363,0.07557122530146954,0.29766640441519665,0.13713693571371047
1353198,0.029104998553260587,0.03806956428586223,0.018862214706180363,0.006650905529927188
1353254,0.3910229049452585,0.5761594216893513,0.48555076907221045,0.4098565308020703
1353311,0.35870454072846,0.4756843522832559,0.5332564139968641,0.3146421312637923
1353312,0.1636069208376802,0.42485612415450025,0.5345508174042244,0.18756341282813896
1353316,0.8010086833770939,0.8393429033548876,0.6361306120999104,0.5219038927444133
1353318,0.007208462534008642,0.019704098612009165,0.1116155071447105,0.0645191575724636
1353394,0.5098973874475606,0.7713690928293798,0.4880363516866518,0.7478889030969588
1353570,1.3029264793262798,1.2755406543162395,1.1177418712321603,1.2495621602283886
1353651,0.0836645460670256,0.08240418441652525,0.2078543874418371,0.17312709270593116
1354739,0.1514662180949937,0.26016366897683646,0.1111348759904216,0.1516697861360406
1354821,0.25260122177822814,0.27884795933830114,0.3170377637076795,0.14017370236395763
1356202,0.10759700016274096,0.10114390327636827,0.12345606738499636,0.07673096834649194
1356249,0.22900993657317978,0.1003904610030261,0.22067378342161809,0.215297361734728
1356407,0.043511762959078576,0.05966936060422321,0.04214307824110386,0.06130180413625645
1356513,0.02498136261242091,0.0215100396291264,0.3539159618054832,0.0807576516560226
1356643,0.04737688917374904,,,
1356783,0.16663302276730696,0.17614740834308248,0.25620057675082086,0.18948383858898413
1357550,0.5951126696856281,0.9641747732234331,1.4418409045496035,1.0634082630361046
1357867,0.11359939764098057,0.3333519971536851,0.10988444212372094,0.053135854304913376
1357955,0.1416515930630936,0.12907114137418563,0.14322470612947993,0.07621374711346056
1357993,0.20009129003790704,0.28441585785397866,0.2524431386033027,0.28408457696486433
1358253,0.7428472396744522,1.3347322655853822,1.4937876722060917,1.1122883376671888
1358331,0.14407033468065952,0.1472155104267704,0.05419963419351186,0.005316998181346998
1358706,0.05034949789966846,0.38778897445692007,0.03199272190048029,0.12950293721781309
1358828,0.47629470259155055,0.7706584386538053,0.4646345011094107,0.1645535251941883
1359262,0.26323870142921735,0.5196902443567307,0.30461390287964635,0.2726444028485915
1360533,0.12836496415661033,0.1502085837983424,,
1360710,0.3375174673862601,0.2051884576658802,0.3505544683296984,0.06720349885144729
1360798,0.07482310911134116,0.08689009690784005,0.1684548395289858,0.09684494281139032
1361570,0.11639766164831644,0.11831030192051287,0.16754161997942735,0.14150176210491588
1361974,0.09963707709566622,0.12489082093283822,0.02629378488719482,0.13821718494307475
1362033,1.2173015647389744,1.1763928266850585,1.2583374057031849,1.1889714226467971
1362255,0.10114433033315462,0.09110275367579491,0.24378162948092075,0.06416370764205638
1362535,0.11488625162303413,0.38483493110464867,0.41428258335722773,0.08399879220091018
1363829,0.010324369042418015,0.012624621500167523,0.3124117236694321,0.1566315081543229
1364412,0.06859904389127817,0.02708763775127748,0.022733510326058994,0.0634106042793039
1364725,0.1474226500038002,0.1634397607718949,,
1364742,0.04358793783104363,0.042827645391228825,0.03942307848566513,0.039040360766090486
1365167,0.08738040318523037,0.08978106286410482,0.0,0.26020364173107857
1365341,0.06384188668036443,0.0,0.0,0.0
1365474,0.23745492291857323,0.08932056381233514,0.39110586583984563,0.4560141267431694
1365555,0.010320903883163557,0.05339592459012797,0.15694371782466937,0.1330703357536599
1365559,0.09001770088516892,0.09789332453352026,0.1546211140671956,0.05365326309657438
1365707,0.21474218074057524,0.2262327594462108,0.2800262540509675,0.4762024621716892
1366838,0.038088312815266846,0.04585847703001022,0.034923942620869564,0.06394436578838093
1367401,0.25785762010644564,0.34082685523618017,0.4664760382278937,0.11625642966564091
1367441,0.0665112908140772,0.1713398833994999,0.3106276349159366,0.11129246122012493
1367786,0.059849657832769916,,,
1368163,0.12070219751810994,0.13746757461082734,0.11746029940251156,0.13888778819262235
1368465,0.44208245637381666,0.532013757367563,0.5769026928105815,0.6401512562978218
1368905,0.27113843535717824,0.12293664928058108,0.2418274028041295,
1369702,0.10313505674055287,0.17685006605756726,0.11689630078033271,0.07146562388240717
1369913,0.09072257956098492,0.11907072130374408,0.0,0.1468878875231873
1370102,0.09867846992176726,0.06464077609455743,0.03292581810032821,0.13391718548102058
1370629,0.05574780107113324,0.16474467229685802,0.04423734270443547,0.04894429261189685
1371726,0.12068841331214174,0.12461810714304544,0.02944180996624447,0.11972315113105232
1372130,0.04678141687125225,0.05851116291040365,0.06704320453039826,0.06515651962281185
1372218,0.14467918633476776,0.35444653049655184,0.02555470897451679,0.11690496994683237
1373017,0.22347214108563612,0.03143730752607912,0.03085862068105641,0.030647507533385136
1373442,0.1369946236378001,0.1844505028421286,0.12044756862413576,0.08563222744075305
1374170,0.08761901198396271,0.09585261947262921,,
1374246,0.0,0.0,0.0,0.0
1374889,0.12661560466821298,0.11564347501445715,0.1854249231236325,0.06670447213314261
1374998,0.7475158583266411,0.43841958923181634,,
1375345,0.0,0.2724178694180975,0.0,0.0
1375534,0.10612276579020402,0.15386264664666505,0.17531856031119855,0.13932011610130993
1375664,0.3591008377611698,,,
1376113,0.11691374287698743,0.17461343940645888,0.17168799968682905,0.07837156744599741
1376192,0.17760254132617462,0.22422004233329296,0.36069465743391715,0.39643722383622504
1376879,0.2536823589618977,0.16461352063974985,0.2248876484097703,0.32018504431072714
1377581,0.08869542275024854,0.10760552080045131,0.11150218188133759,0.08095649790175405
1378410,0.30421737359866907,0.3698242230140169,0.7684782392231955,0.615476536370582
1378559,0.10192270255422745,0.18455528423181783,0.1254130775366381,0.15050695170052947
1379995,0.40036725111889465,0.8042989215772555,0.8565330540488594,0.08936998678851298
1380137,0.05847880610925304,0.08543394456641633,0.1373428073273281,0.1197153670744626
1380393,0.1834443081890448,0.14999563580524294,0.5221501980186769,0.047320931238884915
1380443,0.04514272345923552,0.2569567317500651,0.052831228596239614,0.1185722863809203
1381055,0.06115165347756274,0.09230564662952265,0.045619999741703915,0.1073884649052029
1381296,0.17297281976355386,0.1112535820053814,0.12621604684636037,0.10251532116137307
1381843,0.5814621470227961,0.6087635041220117,,
1381954,0.20724499707156324,0.08913721063299715,0.16008204008030205,0.1264383302679571
1382303,0.19963169604303524,0.2839349510581593,0.22818914113116645,0.17272803401464956
1382333,0.09015231591064074,0.022491445514844742,0.1414172979186385,0.07694923647876264
1382646,0.08297155070299217,0.09955782002538321,0.06499494046329093,0.04121450029027783
1383782,0.06746727019436331,0.14584816151565969,0.1163886873441554,0.08652687315971802
1383838,0.16668762589902128,0.14462207318594006,0.9788112791973945,0.994521152488723
1384042,0.13346090224934196,0.10185655247769652,0.08694047995289982,0.10833604892890183
1384058,0.45484682716015995,0.3290199712125853,0.36551749273106965,0.36116004355424863
1384484,0.016773217642474806,0.03000017734628024,0.08505526691659288,0.08550126484784037
1384943,0.023560996191941207,0.03190892249182922,0.03086887965654725,0.026867518558552277
1384982,0.32023310421616213,0.5097223356066536,0.1435537746843937,0.18942208274248887
1385702,0.04671808803047601,0.03412537941172179,0.037308560910898944,0.0626558461976255
1385864,0.8227207503853557,,,
1385925,0.12987602198252662,0.09150138872730525,0.049220709838431784,0.07747153755972444
1386060,0.18259845065787753,0.15474068170131014,0.240792698095045,0.19207052058451587
1386364,0.023554069466638388,0.05835301041802612,0.05691106181890865,0.024877384620976318
1386462,0.6681068967105932,0.48745459541654335,0.549369018523175,0.3297329801632563
1386892,0.4543054946704442,0.40399683768540484,0.5354778742995511,0.45276977505128885
1386928,0.49262624596503135,0.5653766351902422,0.5023727414181687,0.3560341029933735
1386929,0.034025206928605535,0.06506409859525052,0.036899986570947896,0.09834497601375712
1386935,0.3046154876257384,0.19579011166603624,0.19512260459096398,0.12019419161416885
1387130,0.1260041591732867,0.03983355098893138,0.024916780193859758,0.032547618136560756
1387303,0.22140939182156538,0.1920828314597719,0.22684497755720037,0.23848228261046764
1387304,0.1308502355785958,0.09343620396659541,0.10667085077417467,0.09519787629888994
1387322,0.5951242524453287,0.7677668813173651,0.7903308063541137,0.49116468325218016
1387366,0.06767620139437672,0.11916237664053797,0.1823963618252482,0.15046460671257159
1387369,1.2014071378040816,1.1313186904884462,1.3078381309936016,1.1456295773073653
1387386,0.19232660344989952,0.22795643094209964,0.1279308057250205,0.0788944387370369
1387399,0.06609039598875817,0.09594805934275694,0.5309160226035924,0.5344487799043771
1387458,0.09602605415026103,0.10770240206185663,0.07519427844221467,0.06460160903438336
1387508,0.7613306569172912,0.6822789054837785,0.7394092157677552,0.7953748637679914
1387615,0.027075642508630777,0.03337070901761821,0.033490943736718924,0.006030623624171
1387723,0.11269832038424742,0.13446115078411244,0.18433971495716578,0.08662704630906364
1387761,0.06710078396368928,0.2683817610444543,0.04214208170950837,0.13403511928327028
1387818,0.037346122173128306,0.09743043898731873,0.10589114553530131,0.02616375296345178
1387921,0.4740746576362684,0.40986949901021297,0.4724164199572628,0.4410007846365211
1387941,1.0116467506724713,,,
1388028,0.001906431624942402,0.00933732150097205,0.06257867058180877,0.012060276906963648
1388142,0.36128186344730834,0.1943777417468213,0.26490837214476987,0.17100642822750167
1388167,0.2512965318435377,0.14656600694600957,0.2144522391348227,0.42174844150470914
1388168,0.04001936486893773,0.09141924242899803,0.047541453159392066,0.041531829469385384
1388279,0.18075428232442184,0.36308596497954027,0.45176516687835855,0.24325245731686615
1388294,0.856445925127486,0.9106560473462801,,
1388312,0.8687810668024297,0.9032284513350165,0.9347272060707887,0.8667635921929865
1388325,0.14402958596238336,0.2947591919537896,0.37158856136608887,0.28330560164522095
1388382,0.0568395636696353,0.04272970221973373,0.0550279360028613,0.04166215477313249
1388391,0.8025922004523852,0.745399602592984,0.9844481854018836,1.1117296074114018
1388409,0.1154390298395714,0.09593300419800356,0.07508157166857748,0.08783908702262393
1388437,0.11785368142182806,0.04469959874710444,0.01875045896916226,0.02197070318379419
1388443,0.059240738154320634,0.032635035875299895,0.04533566746197498,0.03506213426743828
1388551,0.23912682039414032,0.10028348236155485,0.17679636575602123,0.4824620141607748
1388788,0.5520777684839138,0.11324748588815664,1.3335157265407411,1.5031254266610152
1388814,0.10112528134809118,0.1448071665660205,0.1722531921754626,0.08967256368769626
1388829,0.1964781674012162,0.1281396632969018,0.08686484035093936,0.06134779247937529
1388838,0.12347545101887471,0.1114169224544011,0.07818999385655245,0.09990663914227668
1389059,0.0698745065850058,0.07099702707779774,0.1419232111514127,0.06300856587346043
1389082,0.2161510670295891,,,
1389212,0.06539881746347372,0.4320184207763282,0.5686164541589638,0.036726234238286984
1389223,0.10554400600846096,0.09178803774988724,,
1389234,0.8997464728069358,1.8564425209766537,1.9404505587732996,1.1402911428314455
1389256,0.05867792553441398,0.049320955286973146,0.04172239289252234,0.012592973401844587
1389307,0.050921192402683176,0.22042949588402147,,
1389400,0.1626457313321919,0.23080166171669672,0.14539046439401174,0.24659442656012662
1389403,0.20615553870080755,0.725104871379755,0.15449305951589853,0.004719447565077538
1389426,0.3672721283748849,0.21777883369410786,0.2092344564036098,0.18406621850019414
1389479,1.1409016240337144,,,
1389507,0.6268597042844322,0.8331076681634291,1.2143939374914547,0.9808586153623425
1389544,0.03725734867205608,0.01292378502984212,0.03517517776924163,0.01229268990312637
1389574,0.5521801655434355,0.3946221561017076,0.6428514823156676,0.449305391913674
1389709,0.03463600539068362,0.045356212161658103,0.03352028399711689,0.03239597296099159
1389848,0.15657985585041248,0.8030596969287466,0.15436828020302315,0.2005414244820271
1389875,0.5125000704673366,0.4890700111595237,0.5273755397522135,0.5808322096705442
1389933,0.1991868141734639,0.24775783680056757,0.17354797179655498,0.19520998462719316
1390003,0.06350204858703193,0.05341376735237052,0.07730407771764514,0.06016271038043572
1390043,0.24979379360593315,0.3617419560544309,0.36776130640537763,0.17459321337651607
1390063,0.00640302380017448,0.018021050889503083,0.023509045686971798,0.013970839786854527
1390113,0.38587679521467405,0.5443085467386508,0.8695004241059735,0.6142619889527982
1390202,1.056022951823516,0.9055075127858221,1.0500002659091194,1.0219061192712977
1390457,0.8831794700190362,0.727318904974535,1.4246789030917295,0.7232928561458076
1390777,0.06731729522138347,0.07779096568734796,0.07024148087817596,0.057065692707578
1391166,0.053388118631016994,0.09053641492783321,0.16803406121976144,0.17709861665104745
1391974,0.3491855379614016,0.5318063432767207,0.2279956338544494,0.3194901002198925
1392364,0.3603808128160313,0.42002826422114425,0.8930595809212999,0.8271462489764282
1393369,0.008834516866756459,0.00951721840922579,0.009594591839631034,0.01196032196708405
1393389,0.12795439347823942,0.19269034267943644,0.12601949136351553,0.13671676551377332
1393818,0.2896543374673158,0.15836827645022974,0.1276925569304688,0.12056960824137548
1393825,0.6820540901348775,0.9633498285700619,1.208154800895275,1.160798199455735
1393944,0.15251766577096112,0.21751454500125925,0.10421546205423149,0.05582246368265051
1394096,0.05795590355226647,0.0616825413455066,0.15974975820229143,0.029740405381866404
1394866,0.03923076168561009,0.06782421131879436,0.06418271259539485,0.04316385084503523
1395055,0.06792723611584148,0.07716242431160823,0.07977201379129363,0.06980101034955155
1395067,0.14508509423611074,0.36069883356221183,0.09531110283497088,0.04247241104838227
1396318,0.30911673309537285,0.3180044169990408,0.19438867969639992,0.2199871773014179
1396835,0.8362336559213729,0.9800251813402372,0.9380192083944896,0.8656416527874271
1397076,0.06946202065909347,0.22321218222455788,0.34660998942706667,0.1975291178247277
1397144,0.2624713303535768,0.28903524211604653,,
1397290,0.16373474059687534,0.11258838951389272,0.12868965303040078,0.13530205066707368
1397424,0.9302849825969868,0.5379554369094619,0.7952321447375837,0.659044230436115
1398103,0.03143662854921912,,,
1398318,0.07322679008299822,0.2028476443326664,0.13001735121557925,0.1505834594002684
1398346,0.19650235983421066,0.20114545861372485,0.4282496218877335,0.7662011610787856
1398739,0.5492508821569616,0.23483167906159813,0.3383911946817094,0.24407023799552932
1398825,0.21924310166724933,0.3925414818040256,0.5033337761511213,0.3813295269097761
1399348,0.2530485242051988,,,
1399360,0.36401080558912063,0.24152597693042208,0.07299425464098552,0.05913829818109605
1399386,0.17913894285818988,0.22722855088245722,0.026667134767277494,0.2678088387076329
1399706,0.1739723042446716,0.0752703813677855,0.07565140539392053,0.12326404830085236
1399770,0.2289515786968119,0.4763479938166577,0.07397952270002818,0.2588827206178501
1399794,0.15804454600567813,0.33192056921579655,0.4069091220466472,0.23498967918831196
1400240,0.016124584929796397,0.0011088108681364872,0.008922875299451407,0.019313264612915684
1401459,0.10164440378835586,0.3486381604389742,0.2666334182017565,0.05833406734854374
1401561,0.07688293461781906,0.07959118658543708,0.04236573585523755,0.0928352841857509
1403161,0.0,0.08852435259369505,0.0,0.0
1403438,0.1106084292786155,0.1117906290262156,0.13083125021892117,0.08326393184151361
1404574,0.28396550640642787,0.4822617198096001,0.36818266588310866,0.5755606362756654
1404652,0.16197224790763365,0.3631134602052093,0.3095953737737349,0.13437843489179788
1404763,0.1314998152715941,0.13072357505514157,0.15905178074768073,0.16620246043697082
1406026,0.25370285368273643,2.0,0.5014402156144657,0.0
1406313,0.17407233350000792,0.2760108384882773,0.14444942405268862,0.10960910495707367
1406484,0.6090551989671831,0.5109175319087969,0.17495801911893524,0.2018071303464288
1406995,0.08586540829357027,0.144932378065639,0.11868430516350302,0.1628514653858819
1407382,0.05462875467323809,0.2508908627791091,0.07351397352826877,0.16987520559057717
1407543,0.12873570135825418,0.1305627819286185,0.5857443562136433,0.513546474531884
1407737,0.16098028667132425,0.07085429072746992,0.29027054982221173,0.14998466831381624
1409362,0.10521824635542572,0.1614288722552645,0.11832497261184818,0.08910138462673885
1409427,0.1722942625262172,0.10366850723102589,0.3540195731207539,0.15672973901841628
1409661,0.29124153944241615,0.11722701001332478,0.0887190730143319,0.1161995818148437
1409728,0.149673559500078,0.06799930889508264,0.14832828354414387,0.017782340178742806
1409751,0.17562705979307383,0.23578608944433155,0.354499184783317,0.3775079275309038
1409765,0.04944319982091327,0.061520492010450366,0.04852840731224148,0.08108414409249405
1409888,0.06969983380329199,0.1071449819226849,0.0,0.6510287621221462
1410830,0.3941914349968219,0.3949440345160792,0.19676460607945861,0.24149733049424496
1410833,0.15842550166125136,0.27032315512839555,0.18971692089724304,0.2532198977524372
1411133,0.18323936548510164,0.00020484783776324143,0.47791576797201013,0.377958873953803
1411268,0.12624801760976986,0.035845074563671836,0.048749959694048654,0.07094999313594949
1411530,0.16651034801229886,0.09240300306661585,0.10392545913873732,0.15832632201667315
1411784,0.13756671952916988,0.12854272115332765,0.0805958463869731,0.065568940223827
1412665,0.09675542899866911,0.13578646918349618,0.16108700321340685,0.1082456447016462
1412741,1.1201412594193965,1.33048251916552,1.276644406752443,1.2507441055143373
1415201,0.13919193255636753,0.7162747249887408,0.4908714376610767,0.12833246031365347
1415912,0.5128814511663673,0.4340597508795699,0.5704478449416475,0.4985443868168505
1416692,1.553029369161909,0.10963307469784768,0.09960409696620988,0.10393511911123199
1416856,0.017777073169831802,0.019282823617018618,0.012111319420097603,0.008410328938539281
1417889,0.14095916103305473,0.08816204770369063,0.04534346206410784,0.028655728172841042
1418204,0.09933185711122879,0.16924709112958233,0.12995432193031017,0.912627210773212
1418226,0.010821279816469688,0.010679684791261253,0.0055766386678446,0.029450578737686237
1418329,0.15665861135728723,0.12682509308066905,0.11350458467970534,0.1605477008259499
1418333,0.1393054077249812,0.14261759758966933,0.20244778233707628,0.15863044087390835
1418342,0.1082414157547577,0.3562780352943986,0.3024723205407612,0.14962874459114686
1418359,0.39452564082110575,0.4017332584907842,0.3692095170523852,0.3212366944841996
1418421,0.1165614169811127,0.16361520495929482,0.1091957455191135,0.10681018119975345
1418427,0.17053933414706676,0.26681709245815916,0.1923372865483444,0.12750268643226492
1418746,0.18478568348157892,0.3223186036625804,0.35875316346939595,0.3846471287970645
1418773,0.1704666595277537,0.2850441643254016,0.21265311500473846,0.16210283076002555
1418814,0.09605458867066613,0.2330190500627373,0.2854943889334015,0.01125228494333761
1419099,0.34359670497666855,0.2752977130717769,0.12975424999822602,0.35313372639095836
1419186,0.13353376399504918,0.13071980107775275,0.14245561615576038,0.13261371313487838
1419999,0.054746159472865714,0.1326554882044441,0.2039659312147554,0.09061844855216253
1420299,0.49577435547990073,,,
1420473,0.040022690922744825,0.10377265686070988,0.06516573135230197,0.046866868282679906
1420816,0.22748095955783396,0.330006741809414,0.4817432855507352,0.49136043797847573
1421097,0.5279613676494168,0.7523420378127398,0.6758874339072973,0.6844242230395049
1421224,0.09477308704531501,0.13869380559981867,0.10580080319041174,0.14626835221409146
1421306,1.1477796344821367,0.589223990371997,1.1213750862140708,0.6239705922222085
1421578,0.12658166755408803,0.12738793887962196,0.16582697533708893,0.1254472194915615
1421669,1.0146824593069246,1.0811445879552366,1.369885212218038,0.8313208230223803
1422508,0.09996609295340142,0.1452535663212766,0.08183140166295762,0.08216078360483398
1422848,0.12273561622982615,0.1546428942691099,0.18521269655591804,0.15213742227729288
1422849,0.14127218237783076,0.16322656202896807,0.164090714848264,0.12612286665516198
1423045,0.1967403796657452,0.0845088497379767,0.17155375079952762,0.19369335647565913
1423053,0.7629894878234295,0.7838115543896055,0.8491134953606341,0.7801121864783127
1423065,1.0033822509347459,0.3515155868606886,0.32831308068037096,0.32514550006225035
1423296,0.20038637358845104,0.09408435423130525,0.058063814293357704,0.08329000128293874
1423442,0.2734411189328517,0.250195404868116,0.27563442544921163,0.22010321673661545
1423673,0.042195938437281685,0.021963240228511535,0.036531132002386155,0.0016846772805581547
1423686,0.4025809088964604,0.5493153517152879,0.3830304767818222,0.5627537127524315
1423876,0.826601415312542,0.6426554803457121,0.8689022785199826,0.6391701097438341
1424071,0.30713304138303293,0.07330062458577445,0.0,0.0
1424177,0.0790287930567772,0.04444983498810945,0.11594665577038951,0.04050538959567753
1424322,0.04434267566379413,0.09137841271154633,0.04463421083480644,0.035408044507568896
1424367,0.05527566086653504,0.08053253480309386,0.1181817010131926,0.29139239725459914
1424381,0.2166119876676324,0.23989099660405072,0.20755639481707636,0.2668898346604535
1424467,0.8037472528103369,1.0555654873924962,1.0267549898728536,1.0288622278374209
1424717,0.15229403774024597,0.11829125640094527,0.09843233819188846,0.12737549696707454
1425041,0.0847468620824441,0.11290572804091208,0.1778740259936353,0.021409946423568936
1425165,0.17902304315413134,0.08360137472713668,0.11611849169740547,0.05556851752243798
1425649,0.37502746517293345,0.4580654052517001,0.3179038717317406,0.19520901924525105
1425738,0.29842624486547464,0.23028298506750802,0.2781532192039846,0.38627802422413965
1425845,0.05365494773573372,0.09700249069070181,0.18143998507322567,0.03136390499891822
1425851,0.7139761286486469,1.1769286344415122,0.9923525958634148,0.7680370860127267
1425930,0.5421295537672122,0.43645387136758357,0.5932551726449145,0.9963140927974669
1425949,0.09286950841491137,0.04988841080592679,0.06252450259177525,0.05605191145875247
1426083,0.18641163683246323,0.3524264724574187,0.431645803701784,0.2291575532910055
1426092,0.19356563059111218,0.09052360286015848,0.13058383246009625,0.11701794654216296
1426196,0.7832370465527273,0.8289495458221078,1.2575750493580344,1.0297817971775256
1426266,0.36996545062055397,0.37739909869819593,0.4548171183761503,0.2896481107851756
1426318,0.6762527686399323,0.5979867751347827,0.5957350984797075,0.7744670258760282
1426319,0.08677915093855125,0.1069066176189653,0.062208365557491006,0.09578760647295614
1426327,0.0511132753036549,0.16064541023197842,0.08288173527253397,0.1431953417772177
1426398,0.07463908032302032,0.023262588248759326,0.04837927574942812,0.02174144842518139
1426449,0.0,0.018995422124164166,0.0,0.01175261834155522
1426486,0.08844428119845488,0.3266247906068519,0.7509384679805295,0.7997936748600039
1426588,0.1661645195694135,0.10492184372137733,0.192883821293615,0.15167415475491652
1426748,0.03342400094694402,0.06928228538779332,0.058116238970565975,0.03529361950144585
1426749,0.25931372878977704,0.2868565328928651,0.6006126099096938,0.314359361642107
1426754,0.12087507897418161,0.07040582508904243,0.16542995202553135,0.07954552690950412
1426755,0.016849677921586634,0.008866990032403954,0.025671373081836348,0.009094276888202595
1426763,0.009967405609514238,0.009962861613840024,0.0,0.0
1426771,0.18348559647583643,0.06558767493620944,0.23540979834512504,0.11753027327643314
1426774,0.004253824812447899,0.00874393837969836,0.00882789983293951,0.015078793338395947
1426851,0.27765949547153407,0.1637571762930268,0.265148236900236,0.07685256694138373
1426853,0.05951599717982332,0.08586713886374292,0.15519097309471047,0.16204857300908296
1426857,0.025087482854913256,0.029473234268951636,0.0,0.0
1426859,0.6840620350937862,0.48344109251375184,0.8218767304082671,0.6087906753529317
1426940,0.21777491111563013,0.2850339882094934,0.3367727651546969,0.16394162689808892
1426960,0.035282727175972264,0.018432390664707473,0.0027329034246798447,0.1848459610419217
1427008,0.05364836619852673,0.32669822619999206,0.07882221705227459,0.08426413743622328
1427119,0.3228666233844782,0.11993129082032308,0.28078507572351996,0.7512693835646513
1427147,0.05236806742665675,0.05881178521147561,0.03158271696915893,0.0338541351679919
1427196,0.11382145706288287,0.1960125600777055,0.023185330108494818,0.036415932091996256
1427202,0.03658830490420906,0.07186796871905374,0.04943034275677123,0.04635717994808414
1427263,0.08418091867180193,0.11923304179740017,0.15525226360025635,0.05587777650682148
1427350,0.11813246503715163,0.06656223153493226,0.06443554745907747,0.08214285332895127
1427351,0.025849996724221516,0.03224108342053136,0.018816957882857692,0.044905483874324935
1427372,0.010400542761471709,0.0328123767226291,0.08371104925545877,0.10935136714705654
1427514,0.252861192875237,0.12990049614885163,0.24559914288420442,0.20181294463848357
1427748,0.13183757222283657,0.3169458738064196,0.05247310064641667,0.029524125540384864
1427999,0.4143213607672904,0.0024576340996106303,0.010327184001014341,0.003242358947895705
1428350,0.037397046555907344,0.05818465433203816,0.06127126215588258,0.05545548974458547
1428569,0.20142062506673655,0.3842349604370376,0.421561804859579,0.3553592659308159
1428793,0.36211383114780943,0.37076997536568074,0.2035283168114072,0.32853598049063637
1429390,0.17833880219779455,0.2539326191014576,0.21708206214455444,0.4231136562676646
1430193,0.0,0.0,0.0,0.0
1430681,0.01498233936752579,0.06269467151857162,0.05011024091787707,0.03926578602361389
1432450,0.6916505269438943,0.5380358977469303,,
1432529,0.2418792182382194,0.48708804774444286,0.2779132448550205,0.12422023969004485
1432539,0.11651136310572834,0.15657108686772866,0.14863374131834844,0.059912045012180636
1433541,0.13479594419091404,0.19308544608478517,0.08660922532273692,0.034389398062842684
1434165,1.1428604758777692,0.3200034693875647,0.1863044320182949,0.14662442038219684
1434323,0.024362416778032397,0.10183659766347547,0.09905700887468304,0.02745138877215821
1434819,0.21250769474249837,0.36465153090735586,0.1274604788733846,0.08985775626466502
1434845,0.04692098691768483,0.02239927516110935,0.058269928261262635,0.035709106048175766
1434997,0.6718919069032024,0.771557932070738,0.8051524006006222,0.6118070244311745
1436866,0.10983518406038546,0.18461563318608853,0.15869222807578093,0.07566162310170624
1438574,0.061264719380100044,0.1332410624804289,0.08245872683299166,0.04562090289616696
1438848,0.30474094884849756,0.2846245415760059,0.3255763949275807,0.24762329802078148
1439207,1.1289494640766278,0.17025525097317584,0.1121683754703628,0.06319057392474627
1439289,0.7631603652010797,0.8813437802095929,0.1769732060349279,0.17008037024027337
1439743,0.033380271893997934,0.05067001048477932,0.04760197698368667,0.05048891798191333
1439805,0.16384878100882136,0.26061913392231917,0.10864759836387476,0.08849055400680725
1440771,0.3705263062323002,0.460715012931646,0.4685360214788125,0.9261701730353376
1441689,0.13119237604416525,0.21936876331049926,0.16606754216711847,0.1646075580830239
1441888,0.12208483954144494,0.1089440453378553,0.13752029988383105,0.09977108858996037
1442056,0.05696137161854279,0.15105085475112315,0.13278789568905203,0.051427395689868115
1442273,0.41477773672099233,,,
1442573,0.06645756407792845,0.14927699126331467,0.10604868300517649,0.11095149749126865
1442641,0.005717975092481262,1.975676225654244,0.19896844986829545,0.4402147284233137
1442756,0.2994427166122121,0.3277173565266967,0.32681969704571456,0.30400265343662614
1442891,0.24591620845178327,0.29800894889689694,0.2175639145358815,0.23373673210464235
1443077,0.2507834475677219,0.3911433824316614,0.39544980294888177,0.39526142010505844
1443095,0.035473547203715206,0.042886062835265484,0.08189945768258981,0.025786340713273688
1443689,0.9373036856128525,1.0489382306778323,1.3644688818528024,0.83255823964108
1444043,0.482832220513564,0.40237776552167054,0.3148864784609406,0.2131415540788826
1444055,0.4711645803685805,0.436235601533423,0.4672398971487994,0.1594886106353294
1444874,0.09610672097275696,0.21477716263680022,0.08140572107358844,0.08274939847103172
1445065,0.18480185520124323,0.37278700367058826,0.3462904505869964,0.17376624191478215
1445891,0.06887710978338935,0.07999649689094881,0.11104118255126504,0.13221586049501693
1445893,1.1672347922518507,1.4118705065787307,0.9774496328405092,1.0854346127803876
1445911,1.172860854342039,1.218193059167772,1.5685180276245045,1.4979070579151055
1446114,0.1762623957389756,0.18595086692170265,0.25948621633104246,0.19693358115948265
1446194,0.5003706494475899,0.6251713963020571,0.4910157147724983,0.5438792881081396
1447228,0.2355503533984806,0.1268160959715305,0.16337645660974842,0.18885070794886866
1447578,0.3252663305467384,0.5294811976968681,0.4146345728852721,0.3881137339973675
1447884,0.1529250243619958,1.1992638963855318,0.18003944050859286,0.027272634585309322
1447946,0.8085386573177885,0.3506143842386597,0.28916275137405617,0.3086921754653963
1447961,0.24999995133918143,0.4101003542047139,,
1448574,0.6056010888822775,1.0451652773591948,1.2489117965977166,0.9592169338207289
1448793,0.6052872254807463,1.0396356118415484,0.5029097950910333,0.35112123819700586
1449126,0.14383633490972633,0.14764987269926916,0.1604467184489481,0.2300794117070639
1449434,0.04590142323310249,0.11999068669801335,0.08891133541316473,0.06978471381655496
1450144,1.1335919757826503,1.1383740167590757,1.265310823855074,1.083451280778231
1450701,0.0,0.0,0.07614601463458623,0.11116712034461224
1450935,0.09722605883478842,0.0589635593543377,0.00025666561237294255,0.00019852555698441165
1451460,0.26515496541528344,0.0838533999715937,,
1451623,0.15763856804226473,0.20841739917121233,0.29434398806057877,0.16405699127732204
1452208,0.007074196953382692,0.007619590104865852,0.006998757875098246,0.008447079418372418
1452689,0.24976652955024772,0.2796828165473483,0.8525331528640121,0.376266802354877
1452857,0.02724385396876597,0.05118286786113414,0.011739776662207371,0.09114722692857115
1452861,1.4136039975128754,1.7511752609176985,1.6074582593622972,1.6099410622929382
1453072,0.9799881409878881,1.0288096122243393,1.010707263550481,0.9612435552160654
1453381,0.19881228071416063,0.15767640481593787,0.199292414068928,0.1516710551410665
1453526,0.1674059901937292,0.014825301468237535,0.06951501748298931,0.036733543684896154
1453620,0.014566595915374866,0.010895677232409735,0.05716191431801538,0.02111266598178358
1453885,0.4614130368298705,0.34432193583655424,0.38786083657206766,0.22892025559605045
1454027,1.1586403312539872,1.2266771517900061,0.9531943552064547,0.7765258244328909
1454138,0.017888375948387554,0.026994912631931444,0.4329075588726966,0.0243405037190398
1454308,0.26005293298104165,0.34089720818595565,0.20730384017599102,0.31846799131231124
1454423,0.1651772979744084,,,
1454424,0.10277692039569408,0.09763894001660228,0.1696317772048606,0.08808726071619752
1454502,0.15817950854978785,0.05288213539161722,0.11663907963371353,0.0019916522689305606
1454759,1.1031985299086913,1.302844595443684,1.1138753182967511,0.537724212782011
1454937,0.14303658312245257,0.6891688887754064,0.20107195992316143,0.6572950452995981
1454949,0.09859338339225761,0.2773715909379195,0.2036381764455192,0.18940216714737354
1454984,0.12668440565098305,0.12103090254493962,0.13041027445749678,0.10391395329919116
1455176,0.6265158448712488,0.08133974155811827,0.09151374548810262,0.0170490438587835
1455251,0.21450325166243572,0.103935580905252,0.19274694754345342,0.09584080301705028
1455253,0.35681044966143693,0.3654897750818164,0.5120138210859737,0.2945024708068498
1455258,0.14557665499374173,0.17583923865468645,0.27785935892584745,0.07202460649453332
1455267,0.07676108114933931,0.10390237994792159,0.0862151804145474,0.12422637877667482
1455288,0.008024840327376352,0.014049473383907204,0.05484247800578192,0.23066503723478574
1455290,0.0,0.2951855987739966,0.08803235697229399,0.0933443291737529
1455468,0.5127541776249651,0.30302295240396815,0.43881389263672027,0.396512926436719
1455495,0.10148056271848259,0.14084460279384353,0.1425306315272498,0.30719800383107865
1455530,0.07386915018135332,0.1943227174426531,0.1601176783027557,0.1592650591486755
1455845,0.08423265089398736,0.10858733783153829,0.2084204563098041,0.054935703336056435
1455915,1.3505084791104847,1.3377709014883656,1.4695357752406684,1.3372805198349684
1455952,0.10115760170306902,0.0,0.0,0.0
1455969,0.05881009093186936,0.05996704538760984,0.05646789448470964,0.05692854795212869
1456048,0.23622629396526373,0.14831115761402094,0.060443634853922686,0.04480513552466023
1456133,0.3613490095448203,0.2668307328755305,0.31328385679954773,0.27757489104658123
1456228,0.1204008492843066,0.12402960149299898,0.14975886682060954,0.11569914177395013
1456511,0.10293796282039012,0.3682450996382862,0.32906843029612615,0.05047982812772047
1456670,0.34091500689204596,0.43632733855678585,0.1718952384179092,0.1760054397759084
1457320,1.220104721273708,1.220120412608399,0.28828230383933345,0.8871980427269979
1457833,0.050698172964229384,0.06275425928981061,0.03989834913946005,0.0497035698531771
1458425,0.6714746838721198,,,
1459270,0.375597845107307,0.41755506022323385,0.3106576931078887,0.26697360099583195
1459754,0.05336221068089006,0.07841182550768062,0.03811447638510832,0.08400362304752516
1461287,0.09319442177078134,0.08772820006562819,0.06874070871485737,0.09564761123192837
1461539,0.06144812653473178,0.07124881705665617,0.06504500836972914,0.08115834918414143
1461790,0.9956337254603171,1.133515069818879,1.1853199897427207,1.2340323863931768
1461945,0.6312489639166894,0.4815353999573659,0.410071457049498,0.306514528845049
1462014,0.023761041236212074,,,
1462020,0.04249205389048477,0.08245741473790061,0.039939944394446376,0.03285534427700821
1462160,0.10282333143242067,0.13789132330470638,0.09968490304650016,0.06333915557328847
1462245,0.10725731808674202,0.16265067077261797,0.10175577259544975,0.1024795169419795
1462284,0.10145246971322024,0.1072494053972155,0.11420422415480727,0.09296405232440853
1463217,0.17876025876313748,0.09491999572482258,0.09558459822676113,0.07113893694110497
1463559,0.19541366574612942,0.34810459905930463,0.34594008288331674,0.2715657067044351
1463746,0.18070796167297853,0.08683012304047327,0.13269466556179568,0.1747529292138593
1463753,0.0593566012095968,0.0348568100556587,0.06195709189340109,0.033234900930080774
1464790,0.38819623111763385,0.21958037732105695,0.14466511970278587,0.12921494791358937
1464811,0.4765940765726906,0.1477512031296642,0.18392662368145857,0.2640304303033193
1465109,0.16147431075314486,0.1529809198084667,0.16391154202740782,0.12855428017496429
1465837,0.18760730279042356,0.15221532959043338,0.1349100884619323,0.2866190649347351
1466153,0.12400617907534646,0.22361778479560404,0.20411181012946397,0.21086244974378265
1466546,0.40086594726577546,0.1128984315019876,0.10736272213681351,0.09748545974645141
1466697,1.2909885990330243,1.4254297934535918,1.3920093329098586,1.2298909128372781
1466999,0.0,0.0,,
1467373,0.0,0.0,,
1467517,0.2419681112811455,0.18931744029439104,0.12358368055511232,0.13463994388905332
1467902,0.5755763964134056,0.6536622317384416,0.48737697016256265,0.5919972905357977
1468395,0.3344409511686722,0.3120808802257376,0.2292823892728214,0.24898391200852954
1468685,0.2263281102502153,,,
1468792,0.07516295142785437,0.09786059432161448,0.07217635603421958,0.26665291330062285
1469026,0.07017943103155158,0.22125525617097258,0.30033363631697996,0.20567475385881306
1469219,0.05738595197751846,0.07991064381774812,0.06340875765087078,0.07461211110452716
1469336,0.7612840638725233,,,
1469475,0.21976754473899315,0.3887333869982227,0.1594501698286828,0.4774146749882865
1469528,0.1818722961983656,0.33360599040434125,,
1469589,0.3734098565228453,0.47269533177733836,0.6964046675407292,0.3690946761073716
1469751,0.3199686657749528,0.21100852539529474,0.08496665309753425,0.22628016569614293
1469877,1.0554865151143547,1.1709082559684538,1.111243853767504,0.9863865522643962
1470261,0.07864987726238927,0.05985566375011973,0.13930362613065644,0.278592317686274
1470414,0.0925468876456233,0.07047572822906017,0.08842313863097669,0.08609406229355125
1470766,0.12455920450235389,0.14078928369146104,0.02860107540439524,0.11949960888943213
1470876,0.1820441271554843,0.27687006516979423,0.3651081324603811,0.11508649030951865
1470944,0.12760337046304968,0.12212274589029287,0.10085857117998635,0.09978163469856173
1471085,0.07062222791480795,0.09748904476213793,0.1023316244637897,0.16425729540376136
1471265,0.060058037076633666,0.15827866883923214,0.12224160670128494,0.09110453321430155
1471474,0.3042809131828961,0.26865354136891845,0.32910220543674557,0.39329399743854143
1472322,0.2200489322172642,0.40666620371515644,0.2757641132036664,0.43243792473342046
1472800,0.02947797934808925,0.011969037913121594,0.13424881890475804,0.04404671675239806
1472850,0.47162649966492615,0.32082048820527725,0.2625482754816739,0.2107305792450647
1473116,0.13920390258030169,0.1988181813332856,0.0,0.3073239184142804
1473182,0.3054414961757228,0.28319276447170927,0.34854924261001236,0.23561829158639272
1473429,0.1479342361873843,0.38758047788063316,0.41394376711455266,0.4370044297770377
1473438,0.0,0.46327058726085657,0.04873527931690239,0.00558831343593571
1474069,0.9832636301790897,0.13039187189801335,0.44937487192179393,0.20756093435435966
1474979,0.2572028173896475,0.5790224943368872,0.3390730582082388,0.0
1475150,0.12265307407620782,0.0974764548939306,0.11430884995420798,0.24105716500303312
1475271,0.036212049317921005,0.09594144621149674,0.02413796279903947,0.02935286971117745
1475365,0.05709265913079318,0.052304793426411055,0.061413111583743234,0.14223158980315592
1475373,0.2919287798140421,0.3611748242182644,0.2687511899490962,0.33699670416374106
1475597,1.0656486976674993,1.2586559096592804,1.280239537379468,1.3156462600568375
1475770,0.21282665153925978,0.6573117956301868,1.2409451825288416,1.1626857553637837
1475896,0.3874209084059017,0.16639571391915692,0.1008149118246736,0.07032813449710003
1475940,0.11913316589412747,0.2837295623606261,0.3128948027841726,0.36141674511759636
1476179,0.06865065196917672,0.1539504237845617,0.062015854169940356,0.11312107182538811
1476225,0.09312512065491477,0.04249457639425446,0.051066206832091364,0.06641796386844678
1476329,0.0310707586256809,0.07776752496799327,0.014753418997713725,0.026621225857005874
1476804,0.09769181772521124,0.12695414012270073,0.08722609792158906,0.11391286000521056
1476993,0.21590700575379074,0.032025623498198694,0.28791786695266003,0.09901246833073395
1477024,0.23885096146831397,0.15289228841002492,0.26213719598964486,0.24362996220967648
1477872,0.049335202844903656,0.045391181162573555,0.08658925712378596,0.08295553923316323
1478179,0.03599266304867525,0.09035375551641207,0.09321499156623281,0.02052633973805481
1478215,0.10069442626694827,0.045730604960452406,0.09855290294995943,0.09334749980034975
1478394,1.0099187390725355,0.783814164480954,0.8675641725414952,0.7787253587459793
1478735,0.44581478268120106,0.46401789705933977,0.5401059498464423,0.5448919850534099
1478775,0.016198805303870162,0.01733167137353375,0.008896987766783796,
1478982,0.21726144489082003,0.18901728355040412,0.0689740073086721,0.021813320387519274
1478997,1.3514732085361003,1.196013425933151,,
1479465,0.04102547348257637,0.2571416518381505,0.02506693507557946,0.014669504097821608
1479598,0.36676302916125253,,,
1479844,0.0923366092351827,0.16587866709302232,0.1146700638610637,0.08599143101709313
1479983,0.1948346606565119,0.6104370124476235,,
1480532,0.045977162691370935,0.04909348081512278,0.004774727099741709,0.0007240572373982682
1480751,0.20360040467265475,0.12244816381173744,0.13592307528520686,0.1505725297079251
1480916,0.3234169694080527,0.3376007436001202,0.22321335890488306,0.19242537200412918
1481045,0.1882782398259854,0.19430926750107186,0.11804437994222353,0.12397042213750015
1481669,0.2637905893608637,0.26179787325050347,0.2720855335986958,0.3294628174055252
1481714,0.13072605388538802,0.15455616950561743,0.27110987965977595,0.148035789632279
1482010,0.05905407822329381,0.07120335506348138,0.04161810484445883,0.051943961371729394
1482012,0.03674478721779618,0.11937724884650143,0.11042069556162086,0.08026394068747533
1482106,0.01904074410186688,0.09291271732955686,0.07249245974544877,0.024957190615047746
1482171,0.7043669379021014,0.24821230444782671,0.15181081726989923,0.2126641732169594
1482416,0.6244657532078357,0.8517574431005096,0.9694862061379242,1.0368865793808792
1482611,0.1618879467099684,0.20515183544114124,0.2087962736965696,0.16558207282390158
1482688,0.2836486086560087,0.06021718248247676,0.09631170933125063,0.11910872990312218
1482689,0.03982777291289935,0.04118318674423398,0.05358361751972069,0.024484072467435947
1482880,0.08161101286904052,0.355991297275025,0.18805330804560705,0.1651429246535502
1482935,0.11292416200875487,0.10897715741244424,0.08994369156140866,0.07566220969711328
1482970,0.15068985564187307,0.14061693563201264,0.10905686302572443,0.0459414099567967
1483065,0.0336071917787887,0.024385572453286767,0.020478487340705103,0.019219005413475394
1483066,0.07560948207935098,0.05824931235879092,0.056717577775255386,0.0494374507847845
1483170,0.4093595763057058,0.41426410454554075,0.12668677949441595,0.05916687138665335
1483232,0.3822991654069171,0.21973002618822962,0.3092256109433274,0.14431198253586078
1483259,0.03139943652275594,0.032586028877306196,0.0644097043902475,0.017566126214941205
1483260,0.08125013190514124,0.09321463963495762,0.0,0.0
1483276,0.2519090385154422,0.23015530379261107,0.17168451647795815,0.20235867376685324
1483339,0.6323013393095401,,,
1483467,0.18832089854483486,0.2336656780163829,0.25763629144367817,0.2783700833997934
1483472,0.07886083334513057,0.15654292578507645,0.01982426150771883,0.047682944983691244
1483503,0.6126167599780601,0.14370403331782144,0.6553150624880388,0.3753579397243992
1483738,0.49638272054441207,0.4766043332210621,0.6501592490082724,0.9450151191878351
1483824,0.10660192120141054,0.07789644052037692,0.036401593277351874,0.06094818404818568
1483859,0.2174463985424073,0.3091155806548916,0.259638283193828,0.2666086410369347
1483864,0.10354750632229935,0.06976058590793825,0.14922070982710195,0.08083764877439462
1483866,0.06949498819829984,0.061616183969547496,0.14557806658232575,0.24396647815026587
1483870,0.013418973885232761,0.020992417506527025,0.05422868430586187,0.010939180317169148
1484040,0.43270730987343703,0.2660992820671217,0.10997724904906502,0.3183829152162801
1484043,0.07082205627763735,0.6031302569335684,0.787744184256703,0.20407664833844352
1484047,0.07579269747636883,0.25720189094244217,0.14032693306862887,0.11277329053321025
1484067,0.2843940223255107,0.4390458566428547,0.7706377012926959,0.5015860679310423
1484085,0.007904826869584613,0.011835627399915415,0.017945876739549255,0.013148354819574977
1484148,0.17574181620095344,0.196206961053458,0.10383820636114063,0.14422097800013395
1484150,0.04555705280487469,0.03130852398957011,0.022253126172739,0.06251509801018505
1484153,0.6771420840124803,0.27120853885442764,0.307799978626706,0.3958066475261873
1484165,0.7512528200314628,1.463293956440551,1.435448725211343,1.1585580716007409
1484205,0.05023573347589101,0.28101041819997824,0.16322485043659865,0.13226252761973048
1484256,0.5260666241827205,0.5807705934687089,0.6927971690774081,0.24806593755650883
1484265,0.14772103957039454,0.08954508488266834,0.15646734356255435,0.15092809145318486
1484429,0.05424338320302476,0.04875270885773341,0.16457465390982556,0.22051920933577096
1484540,0.7765726400657671,0.6746235146850075,1.293654907383444,0.29632392121818324
1484836,0.06873143268816068,0.12632235735188213,0.06885987322944753,1.1911508308717598
1484972,0.9654016237192781,1.1278722803249577,1.3541683334652193,1.08760692639497
1486066,0.3860819525749678,0.25107391591727635,1.3306326849439414,0.23604290324679883
1486083,0.14595923337600572,0.10725615435885182,0.21446590759785647,0.24326580757871333
1486180,0.20774574969910192,0.319337240200813,0.21998511031481194,0.1353646975070294
1486713,0.035507070530539336,0.02449531950372821,0.07100772804056031,0.009937689912251605
1486946,0.07119998122517854,0.03613897544883159,0.024297966000320418,0.0259541538250154
1487438,0.09527507553482503,0.050052921976214124,0.215772181581752,0.06327198719666038
1488542,1.1333229687505046,1.2243552960709205,1.4068795965531136,1.1947735297210174
1488921,0.3963264803911373,0.11583054804021393,0.12075344380939161,0.012737008804747695
1489178,0.2346372140453585,0.030255436444134726,0.1936117269321284,0.9668910081642913
1489859,0.5020247018919094,0.5983016006654867,0.5892918663556642,0.7334183499609983
1490429,0.03689431322059365,0.05322061250241753,0.10954456593128509,0.11462360527521648
1491072,0.6520896540055245,1.4307361604096156,1.3727424989403634,1.1403926403543547
1491685,0.15172446608272142,0.14075973491495394,0.2624858975592795,0.05430452904103182
1491719,1.065095939611056,0.9145360635948134,1.4239695579364415,0.5722027535582168
1491998,0.7270446447539116,0.3023195425039603,0.47432707542655816,0.3320369831543956
1492040,0.3769256930856281,0.10134074238016853,0.08315494423124976,0.13179665797666631
1492133,0.06162401368387185,0.13595859208093428,0.21241939048536085,0.013463360801246074
1492815,0.29221523789379816,0.1577988412998305,0.09861174726210166,0.3398292036129924
1493215,0.12909629361007183,0.13257463949054563,0.20076398365356837,0.22342857946760206
1493921,0.0,0.003020414662079433,0.01722150544650893,0.6604850141462735
1494127,0.12264561655125718,0.120919851917772,0.15089527693671922,0.12372085375757602
1494234,0.031131955052961107,0.09249532257100192,0.05457892868792352,0.046523738901817824
1496201,0.6350096828482247,0.8723533700439905,0.8469196362445365,0.4656911691755578
1496228,0.12405005556766792,0.02014196921823364,0.03022175759057777,0.034912733670849336
1496637,0.10091408526971608,0.1500204004476016,0.048866288946342984,0.17326251440011556
1496859,0.28774997991398193,0.0,0.0,
1497345,0.0,0.0,1.1895635907849011,0.02224935580720005
1497637,0.481096678786475,0.9771527545382231,0.9233624076096587,0.6331886013140551
1498383,0.17939198094962075,0.3235640674284392,0.12718867055500344,0.4980552422666636
1499066,0.5983082328701861,0.856535645528626,0.6492045499614637,0.7213145100498708
1499094,0.3639156679744826,0.3964520635670721,0.375071007222439,0.15714890024359676
1500605,0.11857001699830635,0.15395136695911965,0.2668110594347903,0.1931693137290173
1501902,0.07436547198003403,0.03882088436645743,0.17957175828464986,0.01686800306146976
1501927,0.16027179590757182,0.21517340020599,0.19302741980328464,0.0
1502149,0.22460211575930028,0.2734552314492324,0.2908878681558303,0.2480402784562019
1502287,0.19189232310690327,0.024884375208424462,0.30567177649922106,0.09723720310127679
1503174,0.11567277983288364,0.19178304563570686,0.2969908783123185,0.24101968396064713
1503269,0.12220384167429799,0.245338496399856,0.16511178300507148,0.31184470236116085
1503466,0.014343778283003721,0.010245649727789654,0.0,1.7721742585545472
1503556,0.0,0.8761583779552687,0.0,0.220152911448959
1504103,0.01139463950861172,0.07538914428138534,0.0,0.0
1504169,0.3288152542077543,0.3486444551333071,0.27582143758240596,0.14225662472158163
1504304,0.3576041351728211,0.5638298266878945,0.5653092436296604,0.4819851655780445
1504492,0.1420907134382131,0.11239122143670392,0.1873838785592246,0.051902373776694634
1504665,0.628542119745465,0.9957549739254679,0.49154736243535624,0.40188522400418203
1504941,0.041067497028483106,0.06981219837919383,0.04931083940411747,0.1273664956829694
1505183,0.13614931513430245,0.1031139189530437,0.2612598132870817,0.16165328328819245
1505207,0.04981633371266691,0.11010021547270757,0.010650123343718598,0.04041673566439693
1505639,0.0,0.0796775144986326,0.12328936122602402,0.18034417806179404
1505791,0.1938259815953596,0.12860378277738171,,
1505817,0.761875220817896,0.07984240302241968,0.09162475006175178,0.11691265639021924
1505961,0.07028909362481026,0.05073433101454261,0.20258663785003242,0.10942037735991071
1506071,0.6352124724584639,0.4692526662438291,0.07115674906616938,0.4650351248007632
1506073,0.5342269724282555,0.6049203679428158,0.045683627262448,0.06085022057580595
1506409,0.09963078035063395,0.08899341226240101,0.004648197667237121,0.0077916332905084915
1506796,0.02919996288490354,,,
1507673,0.20021400819966445,1.4053505189506845,0.0,0.0
1507683,0.11521328780335464,0.13172176461324503,0.05071451569151875,0.042376310629754485
1507971,0.3349943382570478,0.15470500545431165,0.16316346390291525,0.08131013551320294
1508097,0.6679250172215102,0.7084654236229112,0.1555243840760183,0.11871003072440488
1508120,0.024302675836603026,0.024065944068735308,0.028393010724430394,0.029084192595395485
1508195,0.10750285728689073,0.3677425523648722,0.07207477650387639,0.0544838772326003
1508512,0.2581404465765078,0.18283487164660844,0.2467536034022393,0.012162233931498121
1508755,0.5577064325175686,,,
1508822,0.09192771937192933,0.13044176309398758,0.16712748283113202,0.08537102488238302
1509508,0.05933267941676163,0.07080049402879086,0.07100955838691167,0.0317336626246305
1509510,0.4622946451429197,0.48488711523364647,0.3680674797628166,0.500804084115414
1509550,0.08216999125916748,0.1306296843713597,0.2462856205389782,0.1271769697679819
1509842,0.8727135414386628,1.213330414043067,1.02488442962384,0.9751921997047425
1509873,0.6433850470329242,0.33399303538612823,0.11277202665511529,0.12577122919790057
1509874,0.13862954909359398,0.30172890913933453,0.957537761233038,1.6994682801067404
1509943,0.31723633319110817,0.27825690341029713,0.1517333770160805,0.16775256998765944
1509973,0.13086797859892674,0.12725814254466858,0.23816421560942658,0.0988850806402797
1509974,0.02616534699611595,0.038965274910708086,0.015062494389152149,0.013471719314210711
1510099,1.2531401437871792,1.2335457795838274,1.412204762503863,1.4201627023141237
1510281,0.1878414829378532,0.46820984446351727,0.5988558882014964,0.6326835578928954
1510387,0.41981648974258634,0.3703034693959899,0.4191302658332924,0.3369830643467394
1510434,0.12988330792425096,0.10451118091063004,0.07685979721906391,0.1632958260596414
1510481,0.10620619844634357,0.18496663310937786,0.7431807689156892,0.7271943367028302
1510668,1.3211981070994787,1.268813812827403,0.14653846433983808,0.06928550292297524
1510669,0.8522040568723709,0.953542400521276,0.7704545046628021,0.8267176421350003
1510677,0.8255671215544833,0.4615187143389371,0.23163843137477022,0.3060447176989116
1510769,0.21677081679694268,,,
1510809,0.42603213123130124,0.6096401266587774,0.6013789501263919,0.1862723766823585
1510848,0.14837800388090355,0.20240909011335015,0.07524031826281485,0.13705720252511927
1510870,0.08806238467156874,0.14070996795463642,0.051132679167909346,0.029698775899200846
1510912,0.32389304919577677,0.2888349844024766,0.35979582283235795,0.274503069115145
1510940,0.38063706920635515,0.6486549095651115,0.28589222025186084,0.21381858744236143
1510974,0.0,0.0,0.9585231879694448,0.9459529467081387
1510989,1.1084102503022577,0.995794015873498,1.0997590182538621,1.262392508407777
1511037,0.12818508946830565,0.24481239392323073,0.13135748190738006,0.17310096462823793
1511098,0.09636564884681253,0.13535348534603533,0.02255083055522589,0.02230811196907595
1511137,0.9257856757945905,0.25963854264307606,0.7761892270668096,0.09284067537848965
1511229,0.3196494733488694,0.03286617026978786,0.08012511394389943,0.09976459962930191
1511291,0.18268719010637535,0.1792423359729682,0.3423242107140519,0.2806327838190229
1511506,0.11901054260445024,0.09818717369101608,0.10906397629580263,0.08081153859901502
1511550,0.026789482686593702,0.019616843362459477,0.01100037102443768,0.032232913852122076
1511697,0.16525435800829877,0.2067855461882517,0.1691322242198793,0.18226633464460826
1511702,0.35059492151584776,0.09723703773360977,0.11373637017657214,0.05092326128690513
1511739,0.580656261832283,0.24433297740981552,0.3580113189402306,0.29079166577607435
1511794,0.5287526450418217,0.5873979970107779,0.48748390747382847,0.3937394264779178
1511826,0.015950965434191704,,,
1511847,0.018017562117396725,0.049789423491202515,0.030691219644263117,0.028829134625058334
1511857,0.10864744945822509,0.11209836741194401,0.2819281633307211,0.17830494721383153
1511881,0.1393560714640339,0.16858246271633417,0.2900059623611159,0.22944495045850374
1511888,0.11713709974318445,0.10402022314574771,0.08977955979928173,0.23697106190868883
1511985,0.10145052519933122,0.21211495694518867,0.09918995920882526,0.07536815554230868
1512020,0.7482075327042838,1.0082602096722009,,
1512022,0.13491273159406447,0.1050643479157117,0.050626559105579574,0.08564996424194495
1512024,0.7586278427332342,0.24267981224795496,0.1703242622689618,0.12992777212516438
1512026,0.17257804356247347,0.18605683462171843,0.145927326428755,0.09674112713909178
1512073,0.046791487107116746,0.07350250365496243,0.0354084228791762,0.060303682657322305
1512162,0.8213262240246086,0.7694648410275368,0.7357239007690429,0.5914598970064513
1512171,0.03504426680852967,0.20097797022414501,0.192554999965331,0.09367919020973646
1512173,1.2378436235348333,1.2948651941046572,1.3949228961859923,1.1785573939775302
1512237,0.17247941574456352,0.25113187242984997,0.13979648264411154,0.21952306221727388
1512275,0.08926731916173011,0.30077373227266196,0.09625643490265821,0.058396490483725055
1512367,1.01558638796775,0.9370377025401285,0.9855952058318108,0.7376927009916902
1512397,0.0018836082318365078,0.029629015569358347,7.074055581315836e-05,0.0013061347039649731
1512404,0.7827012133948673,0.35160877076252545,1.0716403492780497,0.2822969948868774
1512415,0.517384774347194,0.3606664057223511,0.24856024767716814,0.0461458035752555
1512538,0.6817136549331477,0.2998341350933008,0.19290806548771602,0.289031610045947
1512566,0.14914536526024794,0.514824141281879,1.229858426340928,0.30257351485703543
1512590,0.47526293932132413,0.15445624860012525,0.24525029464103792,0.3814623917900881
1512596,1.322958306058729,1.733277668739373,0.7914066252246845,
1512601,0.11032652486845351,0.37333948483832036,0.14202382884196785,0.12678767950368475
1512611,0.1422801067799211,0.18099232798225895,0.23652627103471158,0.1285030199380437
1512652,0.06557149714935745,0.10829386657962656,0.05477302011348539,0.07679672443008867
1512716,0.29405901603891627,0.5817981610184677,0.5394781066116483,0.4040548703449617
1512734,0.0,0.0,0.18421183619342932,0.8195381139667278
1512746,0.061405855673374435,0.09296383459085777,0.19403794235608657,0.08593701021344853
1512779,0.07327014014624218,0.7624242174319994,0.029109288815729217,0.0
1512780,0.26310391604737493,0.3422821506072153,0.18354937892728795,0.2810683573857268
1512805,0.8177333761019925,0.9738092708784646,1.0924253485272448,0.8231520886185902
1512814,0.07440616936505168,0.22798427173801336,0.19583890086146258,0.19145194545902888
1512848,0.14612197581628444,0.11918142361685916,0.1364495426229417,0.33725920056934017
1512857,0.9735889858639056,0.783847166444893,0.6874402345685837,0.773795757738178
1512858,0.09924615825373487,0.3835764413442657,0.2851888004538389,0.06465164135749718
1512865,0.6051432897438859,,,
1512901,0.13564658591479895,0.15837155678121545,0.15838929781241093,0.16257309081797117
1512910,0.2661582545292214,0.2804906412490111,0.26317233912174154,0.228383073597739
1512920,0.09271540311911719,0.13294449953899415,0.16570611349557127,0.1443168858934723
1512944,0.014928512753846893,0.03598466840162275,0.3327113592675184,0.12296010794803781
1512978,0.04178615834468431,0.04362330760190121,0.041134544599455376,0.012434019055564079
1512991,1.222920738606188,1.2419538664531748,1.3161034612911835,1.1642579699880045
1513006,1.985784885119272,1.635939763716658,0.7204237933162007,0.7035836715947474
1513038,0.027835901440394203,0.12129466297510094,0.05011036323845843,0.04869178784649289
1513125,0.1332059315114191,0.16474758778196527,0.2902752608707533,0.0797488679059559
1513126,0.04853654257000867,0.16720290155159356,0.14071038818156292,0.14615770720595578
1513137,0.14349889342295166,0.2122816135372824,0.28314267798876885,0.179109672159724
1513189,0.02803590793629664,0.03136774448402052,0.09416991390298056,0.03752583245197617
1513193,0.4311205090130734,0.10291161616578424,0.16627944802250424,0.39842152347279614
1513211,0.4919898182683696,0.42845485816503515,0.30808590293381705,0.18362688404113148
1513300,0.3881973442255556,0.0,0.5684904196173716,0.7852563421342481
1513703,0.6362106557706502,0.5645071877722115,,
1513779,0.06699662762204953,0.04027513857120889,0.14735577949425993,0.10802706603305072
1513865,0.01867400062802727,0.0497100486855044,,
1514334,0.10072304883135184,0.054377110165337215,0.048674953233848,0.03165137277635539
1515070,0.7701660864933315,0.5605387370160068,0.1796270711585594,0.18344959333440866
1516450,0.2354413081141218,0.10036687636713207,0.06965051204680434,0.04415264325310745
1517133,0.69274618535628,0.7875106867545075,1.3984981794590106,0.973829311451071
1517137,0.22157726856526777,0.3609565158782237,0.2661220385109218,0.3579315934578044
1517429,0.1572753606725901,0.1687133330930178,0.27924498828886596,0.24548014980557506
1517666,0.8117097965929074,0.6465609466166761,0.9035769902041559,0.6638186123535534
1517857,0.21797232859151863,0.18844950022123866,0.40359131063482223,0.08952012118311306
1518235,0.08577256804932078,0.023451781891065924,0.039059481627851285,0.17258643897691134
1518320,0.009041386227175567,0.14136837472547145,0.021723468597716466,0.013713915521756348
1518364,0.14957634957812915,0.4010381403543817,0.14003734881256621,0.09144500869611047
1518934,0.1351268897297195,0.20504473427368639,0.0,0.11009042137475683
1518999,0.2139001018999059,1.5575245546025454,0.24234530911934654,0.19845396825134756
1519038,0.13733566071499692,0.035140467420101476,0.0,0.0
1519113,0.03343824898630496,0.05597706517014879,0.06496695767853562,0.031903344399773624
1519319,0.02018132085455947,0.027717111619728663,0.054990798466024164,0.10141814733535869
1519611,0.16870170504865264,0.13961708173251414,,
1519676,0.09750890100126894,0.224094868462519,0.18152323257409703,0.21990897235498952
1519921,0.292052372937035,0.5495771458611278,0.2845081125514275,1.977474933020281
1520309,0.4194496017457908,1.6911571743738503,0.9774865004713552,1.0123414222146367
1520354,0.2357496574381341,0.21082163838016446,0.17543105811995283,0.26498243854107834
1520478,0.09985492628289229,0.15177115803446597,0.15150147858704993,0.6985298967771837
1520601,0.13280401124059385,0.23856809447288363,0.3465934141468762,0.3134488933402205
1520710,0.2527344866551701,0.15920639891101593,0.054774559669874205,0.10126358125667032
1521001,1.1628464649087547,1.026767057792799,1.3687095138387733,1.068580098855115
1521019,0.10000946612192271,0.115022905762532,0.11253967284187234,0.09814885970084478
1521951,0.08129392161704459,0.11650312803116386,0.032419301177155656,0.05893065654770577
1522877,0.2315052894955105,0.2208958415974464,0.19783681554881918,0.29180450380659445
1523705,0.33577978826420973,,,
1524341,0.0,0.15021957423854748,0.00822900099269239,0.0646605877619343
1524362,0.24404135333545354,0.31092191544406717,0.8181534434810797,0.3250146907213847
1524408,0.16480935718213932,0.08843569011610201,0.14446070920258405,0.0860320546633029
1524493,0.7108981612908463,0.4494673967417108,0.44888371637274027,0.3795249713166054
1524828,0.2860688903370789,0.425278678796183,0.5092497826435819,0.8260284669054171
1525109,0.11170426108698388,0.11466693232694664,0.13132397367153578,0.060622516768610704
1525234,1.2404401332665627,0.7824707746766618,1.0201901192314975,1.1059598497224692
1525362,0.25544112042647515,0.1424564462455192,0.14313066745530545,0.08296140210820875
1525865,0.21060853144112224,0.13761030304100938,0.10875511900691792,0.1001902225918093
1525907,0.002584498484255017,0.012957085626335258,0.012028605757428134,0.0037403059711139065
1525947,0.5110362095966593,0.6947392630641199,0.4527038961845489,0.49407336825861364
1526246,0.18266221390910156,0.0478535503088883,0.008421638664474502,0.3687674912340758
1527166,0.7134543736973665,0.1730968933999463,0.161535686151461,0.18586389764130637
1527488,0.333019476471383,0.30980944057212045,0.3014452648970644,0.33964980595110067
1527570,0.5435750164650675,0.09756530925355916,0.49061358741914807,0.13273788158271127
1527641,0.18382933061468942,0.13765904179213498,0.08545585947149048,0.16957196350591003
1527781,0.44419769022894273,0.49275035854737126,0.4914193249918435,0.037379550383508
1528214,0.34168833125001674,0.2522451013681788,0.21407343609149787,0.216114099309059
1528593,0.22196066895308483,0.26367370169419757,0.2290813309185914,0.2268829897320753
1529090,1.7144493693782679,1.662370483863254,0.6550172174707756,1.2858363299912725
1529389,0.4466233657142992,0.419651982618218,0.4892559679028948,0.2531922701277821
1529735,0.06560549814803818,0.09290802630437991,0.1023905178169373,0.19175752148855438
1530237,0.0,0.0,0.0,0.49882112162822667
1531593,1.2690119914998557,1.32809721802657,1.0704728577864107,1.0502215472073455
1531611,0.4153578626583315,0.924572984315302,0.7670840035418747,0.32974189053656217
1531612,0.1823880935055739,0.1352219601116826,0.2576746320632759,0.18570577836446336
1531721,0.2749480735212943,0.2806794389322601,0.27337619563064125,0.3433644810512704
1531809,0.07959530891772643,0.08462091417757867,0.12674460583312358,0.04884671014688119
1531879,0.9811372932364235,1.221810317613106,1.1956330585119646,0.9864909618706327
1531964,0.508885262052301,0.9351447518897931,0.6704987478858497,0.62962594322527
1531971,0.9677191252878333,1.0796697091188532,1.2544176663981474,1.4955569306698846
1532262,0.002286662060540465,0.07175600583546027,0.0316257807516759,0.03320075828988064
1532472,0.5616761457133628,0.4310645351589891,0.4796178517273546,0.3995061468614242
1532842,0.8349812107192713,1.8326029684425074,1.770344855598455,1.6928313738851697
1533421,0.6307143872814646,1.1966576217191403,0.6555569773679967,0.7800342289116196
1533457,1.455380620976988,1.4396835170350004,1.5234800773821726,1.4454083263384323
1533497,0.09240329763147524,0.028362594938072222,0.5511078895650603,0.8496305657503096
1533504,0.1787824756490492,0.13725988374946935,0.2571867260707868,0.15357514682604242
1533950,0.4711717903775753,0.47030924414574155,0.5559139250376902,0.6387485169396421
1533954,0.11736505466647582,0.08244352304662386,0.0979243746467401,0.04808066894142945
1533964,1.4711049653157813,1.2944316580067772,1.3695592535707637,1.3783716697150805
1534259,0.09153406347470928,0.13139986837639359,0.17104394135050188,0.09096008225577713
1534261,0.3295425727208728,0.25029823088501246,0.2762231366111086,0.22649525467336376
1534270,1.069292873341816,0.8880377445274608,0.9785795333186039,0.9422777677022826
1534378,0.43836108581469996,0.3319182770644445,0.3779710122550201,0.36855343264637663
1534400,0.2382699519582085,0.3482478718060518,0.16174374201387293,0.1765902363718207
1534450,1.3769193577473957,1.4632728601044829,1.4491593190123129,1.6161869629251773
1534468,0.15867980571329846,0.4054416850380904,0.13170401255839762,0.12765792570044643
1534469,0.0,0.043742058572728386,0.0,0.0
1534561,0.7198946541121067,0.24621778308925507,0.1782545727956452,0.22694834306200293
1534653,0.20358190567543463,0.19575075980875062,0.16818779890417918,0.21352780773806998
1534843,0.38028271848659684,,,
1534866,0.08133691021021773,0.0738528440000203,0.10222742175649958,0.08489478174611984
1534949,0.9423214516073121,0.7268264385403531,1.5544330562844695,0.6709367448997262
1535058,0.3929288864163558,0.20408757228453797,0.17646428096145209,0.38620259821937797
1535061,1.1632219286601628,1.3621594099692935,1.12441138672437,1.2860299540205489
1535096,0.1646361736984222,0.3007945650928337,0.1004780237258304,0.4787869795482047
1535110,1.060131189028266,1.062473556755242,0.941604112966758,0.8143676206234591
1535172,0.40145391617094633,0.15251919483824097,0.33965704997603907,0.37569452245475116
1535227,0.7419491005693734,0.9496676160128197,0.8646909394396207,0.6398598637699439
1535264,0.13569084769305292,0.21496771645745688,0.2436553764603235,0.25704054506838764
1535293,1.1339144491303617,1.341426260872143,0.429846149559025,0.1494438240842074
1535323,0.7133851104732305,0.1629664407325451,0.19592770064939335,0.18184265656766496
1535385,0.4160283144485279,0.42445543644599476,0.5681184561676789,0.5040707798557416
1535387,1.3508590026125857,1.397612419280359,1.3961078515801306,1.3539760014210585
1535392,0.8123813526828558,0.5349938600523844,0.4498149912020799,0.41972502157686536
1535452,0.20694712511806418,0.28861213147558645,0.28960591489609133,0.298048122636317
1535472,0.3491299348164991,0.3116542076625138,0.4023988225810545,0.6395070933021355
1535521,0.8663102885293196,1.3930268527362655,0.6498973833288817,0.5586360498575555
1535588,1.0708709477380889,1.1254520316284484,1.2522507798470228,1.1452511931829656
1535602,0.1265080832190904,0.12821921885248846,0.18370437247847848,0.15082993270612352
1535610,1.031604318804989,0.810163652989156,1.3525471234494102,1.0376824515758853
1535611,0.4658204710375665,0.5062589911397604,0.07967011951072582,0.07904985863760708
1535630,0.49333565332961227,1.946088011710466,1.5917210337492058,0.4652921118192836
1535631,0.54497088426459,0.11378120414765673,0.49851096386346566,0.2501086852091919
1535660,0.3564337733785321,0.4311025118424264,0.4324978002190859,0.6796693294658367
1535677,0.07283444146605851,0.30887294743427296,0.1359239026403918,0.17012120690217422
1535695,1.1185394231457189,0.9004483973384275,1.0639011988209777,0.6164232292591053
1535784,0.5456908364707063,0.38821593853306363,0.3754915245735423,0.5168380926583384
1535811,0.5612060939302537,0.48676800478996857,0.6076446006018957,0.711102936137259
1535839,0.01204172165014832,0.0867363297690545,0.01496260133169027,0.043524567991497
1535845,0.5054344092190637,0.8390815750275825,0.6492135585444067,0.5675331208812376
1535847,0.13179112065517168,0.23316395171747079,0.2793785170913093,0.13574556297759804
1535859,0.018106888363379817,0.02213597674690891,0.77614644117298,0.06534517382101702
1535862,0.838035123661898,0.7238374388745957,0.16190540633606826,0.0703141071675849
1535865,0.20311109826611576,0.19326845988880254,0.26370560546614175,0.19220212869355757
1535943,1.653324217089314,1.5418159095586077,1.563483155963245,1.6436642275859208
1536006,0.41335074036572855,0.19376044245645813,0.10022503381717816,0.10604450811235074
1536029,0.1274159370871093,0.43676151271282593,0.5802480895381683,0.7308175389499381
1536054,0.6620555936441611,0.7418591715247327,0.8897205122143499,0.6927330437749633
1536063,1.1649268680659968,1.23745074054592,1.3577156514166415,0.8004769066385826
1536080,0.928827317653006,0.9382462285324837,1.0852734996241964,1.0483528517327918
1536105,0.28560427304882346,0.3158718881001676,0.16797546262551297,0.1984888710712884
1536114,0.69495171985015,0.009905541894169511,0.06948107174763243,0.1514109610624209
1536139,0.12075290840825949,0.22305241704261844,0.05782450053761444,0.04564180811992371
1536141,1.4476335137108824,,,
1536186,1.0181790562992052,1.1729764918697658,1.1420682846241055,1.1605340993659083
1536216,0.14957742598514323,0.06184127413392257,0.00018222546959943982,0.0018180008552808279
1536261,0.09334949026496468,0.012142165487007944,0.04362197008916355,0.0
1536361,0.355891137830665,0.3261057416498535,0.3778901650134939,0.6240656361415592
1536362,0.16809333505910481,0.29570311626446466,0.2700765142239064,0.28173154671241646
1536411,0.6770081407913754,0.7022894738717139,0.7706278324038002,0.5202393895795284
1536430,0.17314302900294723,0.19718017935758733,0.20689586731152504,0.11116487080115203
1536444,0.9784171121946311,1.0542978485133172,1.1772675781497988,0.9245004024964979
1536446,0.4759784169250672,0.6147799940209965,0.5058127005426971,0.3789215185813355
1536520,0.5340820965855451,0.4374807609722322,0.5083515082989287,0.7645467383043691
1536557,0.9824406043077502,1.133094696639382,0.7942567742765507,0.7069409354397753
1536562,0.5825449396944125,0.728868222922304,1.7119828761562124,1.8068096740221045
1536592,0.16058133248092582,0.23425840942975257,0.11328615000334502,0.20978064759696563
1536630,0.394441746138637,0.427269842222431,0.665037494316555,0.4527211005858362
1536799,0.8659141770441826,0.8767887580140451,1.5551081104210926,1.6241079464176003
1536890,1.3458649391483524,1.0920484358523503,1.2766995986980387,0.8359480788377915
1536924,0.03463623611875627,0.04467405582478812,0.022893960775527744,0.024922855580016834
1536925,0.18673441715863914,0.20793585090374114,0.27706302982488706,0.22006592569082362
1537014,0.32667949115786626,0.19160628233841553,0.22299962328320153,0.27965822810825053
1537055,0.7089385750522343,0.8373830845573467,,
1537147,0.16966399303529917,0.2508411519683636,0.11054182687287263,0.06308302339304149
1537191,0.5268647390935364,0.042126180570287,0.03072502206934577,0.09333261424033835
1537323,0.003703646235870738,0.6217049121443053,0.0355592407691068,0.2862844678513365
1537345,1.4095866247756397e-06,0.2807809425743267,0.0,0.17091092791776016
1537455,0.2131559438612559,0.30076724478414363,0.22402967472499025,1.9126203455797697
1537530,0.1845658565889195,0.2934077154004907,0.22304576566793918,0.2765767988152102
1537607,0.09380288110815818,0.0955409075841718,0.0,0.0
1537621,0.18426421357182832,0.1675692487105466,0.16127233315950698,0.033115223919460285
1537720,0.0657178732527561,0.07867486037615803,0.058311564459480145,0.04426002270566384
1537783,0.06688506226239323,0.009973227150819232,0.024389039415435347,0.01745263184560955
1538037,0.0,0.0027517441789179976,0.018851185338177156,0.004840742792370091
1538052,2.0,2.0,1.6711670798213338,1.1192198061801077
1538383,1.2721302244771346,0.48083463212894983,0.06605727991499845,0.08545834988007041
1538449,0.061000978842812775,0.10350905893160915,0.10533203917403214,0.04826731927682762
1538642,0.19094615582484462,0.07587059793448556,0.000644612709714758,0.377153763620171
1538653,0.0009908069868817956,0.05399341330831247,0.025660318107009843,0.02609828210330795
1538846,0.07455930945105811,0.10166770080340955,0.11747855387278976,0.13483280493253277
1538853,1.0978736430373157,0.9809013236310637,1.7508560734296612,1.523886147975362
1539041,0.5237634891771852,0.5665346594241221,0.6132646683693446,0.6517889935689785
1539204,0.13823000524221254,0.13122188659635053,0.12590818901989162,0.13949409941726237
1539338,0.09190589691347946,0.192991858921218,0.04740293412396134,0.13359949890078532
1539436,0.3237421278330708,0.2739897502519372,0.13774233319877652,0.5569119871235279
1539639,0.08059304657629127,0.07698302733499315,0.3123476572593012,0.32010877015767053
1539919,0.5628900596921871,0.5940220347019531,0.6675994328027064,0.5837695044923333
1539947,0.35268503698430403,0.30206536519997246,0.32558852577475883,0.31804728667786736
1539948,0.2582132298234554,0.245334060805291,0.40947430774804977,0.41998106011382247
1539994,0.059750104729888565,0.11886987126366479,0.14398487431507404,0.12558007193087894
1540235,0.07175433246225862,0.09026677504851795,0.04981038979921202,0.058946470567177736
1540359,0.0,,,
1540361,0.0,,,
1540462,0.07522240635215142,0.36150214349508664,0.32327368266054274,0.1833259072525111
1540531,0.17231758126617122,0.32880196922809785,0.3035725868658031,0.21025706882025405
1540569,0.2477685818109129,0.22716542289544775,1.5438088576445015,1.5413244448310979
1540656,0.8969414961744555,1.0703625756157429,0.9530471175077568,0.7434299565719986
1540826,0.11162243445429346,0.12663402360748016,0.11878794607222913,0.12295092448471807
1540866,0.43521269912849064,0.05167966263841415,0.19451398576925688,0.07738713400418397
1540867,0.05262051888136204,0.14871642989058698,0.15572685577947173,0.026036332354587608
1540880,0.03416727106945424,0.26380176695264385,0.10182403033395872,0.13974962550018044
1540944,0.05493388180923744,0.0589474825677796,0.04110939130036391,0.14934665702714248
1540951,0.2693858134061727,0.0791802279076093,0.9732253318421692,1.1104327994056251
1541055,0.13139584458761927,0.2609880240209586,0.26515656631183326,0.2505439938803519
1541211,0.3405333676771994,0.0,0.1582861287515282,0.6384565877303834
1541353,0.07533042269891738,0.08404576709056853,0.056274867200195526,0.05074222339394029
1541399,0.06665972343126285,0.07007496092815303,0.06589021000795434,0.021250935948406265
1541448,0.15046151588861606,0.20037401728375318,0.13926494582776644,0.44316927685724433
1541496,0.10837418400851936,0.07356867065928101,0.06822732527460922,0.07500117414095356
1541536,0.04531792514139686,0.0330528793392591,0.03749168329484234,0.06537626043411
1541539,0.0,,,
1541596,0.11011785112128518,0.1526297574085238,0.1260371041065692,0.12088508049497987
1541617,0.08520791781581077,0.1545984932075362,0.0731610455673562,0.049209946736865864
1541625,0.29117108328753655,0.38771036577858076,0.2826243120401979,0.2618457934877122
1541741,0.3413684596203398,0.2179656712249358,,
1541743,0.12336779160247799,0.21196588559816504,0.1500348918684495,0.13171290824448287
1541787,0.057125077521309985,0.23947979848653342,0.10029484094038665,0.11744812054959645
1541897,0.05660664888613503,0.16340500425221854,0.07366057763880476,0.14868814162987393
1541901,0.6636576935812475,0.6325924578888685,0.6765243745762716,0.9025332622965704
1541910,0.1675477755350775,0.17953464836924282,0.16199851026648734,0.27047553796425927
1542108,0.06841227725544245,0.10141966714736049,0.08136023476339274,0.15370602256398025
1542143,0.10822209856953566,0.18433336926782795,0.1896571930367743,0.6978915363020998
1542161,0.14321692898728516,0.31851277299647146,0.5228444662364519,1.2494656031496565
1542164,0.037395869434009965,0.49062661192882395,0.34415377236276845,0.08907410902342981
1542165,0.1842554361418411,0.05370843096657253,0.15766731747152388,0.17384881030840219
1542166,0.1844767373281909,0.28781963633870833,0.0551185276162133,0.12240465412553357
1542265,0.6953152938948305,0.3962155392804399,0.4676962733214912,0.4018449121581612
1542266,0.5213119439295304,0.20026029316584018,0.35516222670613645,0.2524096744822514
1542280,0.014695942014026927,0.01114731446339002,0.0,0.0
1542284,0.02500143696161069,0.09668809534913878,0.013941698478748309,0.03660051332032974
1542287,0.23320940421552927,0.29336816101816143,0.1133233635183724,0.36230496283487007
1542294,0.023997014831031473,,,
1542300,0.03693617093012818,0.0719198129708995,0.10324542173508516,0.0888684281880574
1542302,0.17369986280107438,0.08093294216024895,0.12415650309985352,0.14845828894034194
1542324,0.03891665534225185,0.1324446678613759,0.11774001621709052,0.03787394570706929
1542339,0.027087499522071044,0.013052002227581872,0.0,0.871019906691646
1542383,0.16780384365333248,0.15041684368721944,0.111644373599062,0.12101395207537208
1542420,1.526942195130037,1.4340709381835663,1.2395052658078094,1.3096160015607536
1542421,0.053888052094399334,0.057215275835784465,0.000472076185757559,0.17191456631746752
1542606,0.1295067828894474,,,
1542611,1.6206993209441711,1.644963574617173,0.18303485096035724,0.1940801319137616
1542629,0.5090347569013032,0.541900023513555,0.42678157387375815,0.3660232017919493
1542927,0.03722774007447823,0.1452785907098558,0.088123800651218,0.029050547206379795
1543100,0.04395218367221156,0.2257586747263307,0.027957428452839876,0.024759807484906318
1543160,0.6509217340323223,0.39697474952722445,0.36133680060043094,0.0026162546944429404
1543170,0.015990858559328414,0.33872630406409315,0.0,0.013185476915796404
1543536,0.09581382601026592,0.24964045797892456,0.37963090004758554,0.0347326126875556
1543991,0.16978843942261632,0.1726530359932706,0.10640972553534467,0.08151494200965824
1544204,0.4276054925893148,0.24102656412730586,0.3242478283431195,0.24474546893902174
1544224,0.046691794975249876,,,
1544366,0.1453889334320434,0.2368821063291441,0.14132673771566182,0.20723913048274875
1544554,0.7232404190821975,1.1871350023560447,1.0517142190068471,0.8643054505025295
1544576,0.15426563981143446,1.2483533626973193,0.05692638268846713,0.13244379068321793
1544599,0.10347057357768487,0.13266321100957534,0.10436540900988905,0.08155515000150748
1544676,0.6234445077453415,0.9375914626652265,1.0846456226419954,1.141497298152764
1544773,0.8734671975484835,,,
1544806,0.16050107658255944,0.1770131860053617,0.2374071302463686,0.19661917176664226
1545545,1.4901528934418804,0.9200700462446465,1.9048612712787565,2.0
1545812,0.07781611846518705,0.07743345026434319,0.07255499557305542,0.13271347066616523
1546007,0.7766476159658675,0.690311821714331,0.6735275931588782,0.6231845323544635
1546172,0.6765024218531528,0.6876330674331871,0.6242955377570112,0.7074748943654044
1546190,0.06714407714974036,0.12344552007920366,0.048556979808835415,0.03717116369852003
1546196,0.007169053123633243,0.019556933086355976,0.19046013455629765,0.20118818800084565
1546283,0.4499302077919564,0.6116821332169794,0.48374975691348343,0.5252570052686134
1546408,0.1615346274527202,0.1955937053397241,0.09991010593863132,0.14390094310859938
1546531,0.0,0.0,0.0,0.12059917090790219
1546587,0.03767752846916865,0.12208819626879445,0.011817694253410076,0.06062169951288237
1546592,0.05432632074384998,0.20095212715686347,0.09282339422845995,0.08001489414941584
1546790,0.40590393241412837,0.3527494258153386,0.6115382882983537,0.20273366779666627
1546865,0.24394951033132314,0.11302568631707934,0.12111394338463274,0.12001880526636906
1546967,0.051536994135931685,0.1394338491135556,0.11895125438750241,0.06059036086286953
1546989,0.25132985206842845,0.3070639469867948,0.20299665296651392,0.21926094025475865
1547007,0.3528302512890003,0.5798070952859586,0.6624210823943901,0.4297951705872195
1547838,0.3361081936117514,,,
1547926,0.33458080229360093,0.09411280579270365,0.08395847744790275,0.14557165357295687
1547927,0.06272254030971525,,,
1548392,0.03847595344052922,0.02525048728918916,0.056472698804534184,0.057795327252661836
1548577,0.06960309491870226,0.537339999087921,0.34069461134174983,0.3424417574875423
1548594,0.01574838360161798,0.0,0.04532037105796343,0.462711309044897
1548880,0.014747647722315493,1.3028397601073802,0.4399957866569085,0.17018104794816064
1548882,0.10785838862771745,0.6598272244443519,0.24517357540108314,0.2645328523397015
1548916,0.2003533833012489,,,
1548997,0.09692558827570609,0.012518591361057046,0.0,0.0
1549042,0.0613422284152291,0.056573588867851,0.028250594433129262,0.052219587406195186
1549230,0.7030011655241514,0.8047732249655478,0.9144337777653727,0.8659788714801016
1549275,0.23519862956594836,0.11429670737399623,0.08099333575194444,0.06451260671540966
1549358,0.2401572656111926,0.08890774194229258,0.23876128470828986,0.19176339546729743
1549408,0.2015631969072762,0.07893263822090867,0.17861735154815495,0.2609372963967114
1549449,0.4232611710407874,0.4295987302410062,0.3731941313718182,0.5033146587160561
1549553,0.44750921747912487,0.6585522393242724,0.50876071616525,0.4915874457480372
1549575,0.07647418875161652,0.3346987282145071,0.1834443872490345,2.0
1549641,0.3758229151817321,0.2364732137245591,0.25667798899396393,0.16805501534645606
1549738,0.019905241168571904,0.10210830759216832,0.058144089078321255,0.021274585678422612
1550057,0.09855199605417134,0.14454271242058644,0.1453196623350765,0.05739517176562539
1550075,0.029826351133925465,0.05814130780799651,0.06239067379362104,0.0936666168764546
1550188,1.26642084292759,1.4016291571366764,1.3944436768202793,0.906349478369101
1550191,0.0853613727062779,0.05809214608562951,0.274907039275482,0.1455544046299655
1550304,0.020705926493475725,0.2676728881013202,0.4295134683975797,0.07021825603827385
1550509,0.21279325444635888,0.22327607182077666,0.25067975715632096,0.28250510200485673
1550599,0.5482751496597371,0.15512622519784017,0.03133026844008257,0.0986497385813851
1550660,0.033420373132050846,0.04337388228526126,0.005686081307498526,0.005598289411735169
1551727,0.20000009802924248,0.20739868955201227,0.29838577969320623,0.05222038640823982
1551867,0.22113820871139991,0.12232567808512324,1.647054711275336,1.6248228189394434
1551969,0.1712380957670616,0.23737349294454577,0.230325244515642,0.16898081904113946
1552059,1.19454956725294,1.580881689662117,1.1310246009465643,1.131321362649746
1552564,0.1642585578156844,0.4937373104398789,0.25695302825191924,0.04723050899191466
1552999,0.007424252650031531,0.235445426236281,0.07983077020960018,0.012642842582797301
1553540,0.460983196324622,0.08120486679414503,0.3282546700962716,0.3373159563473037
1553562,0.23870864920968166,0.27217994937562906,0.15537254193256025,0.3338217313331364
1553733,0.09187471657326646,0.16760167451981794,0.07507891631597959,0.06919255549357463
1553936,0.32372076968717695,0.2680802324621355,0.40578269132831607,0.4734400160027231
1554179,0.6609140943737613,0.7560222745729004,0.3485122101440198,0.9114037855756739
1554308,0.08243755553446873,0.090092180917617,0.09648233899144666,0.11053571279362483
1554656,0.1287840308629257,0.23378156458171084,0.04689650335140231,0.12598833727003542
1554815,0.42425883748235144,0.5011995470090034,0.062375421121751824,0.6008634726312067
1554871,0.3006339755640089,0.4794999116554161,0.22179715978953524,0.31342378865773524
1555170,0.197717114064433,0.22351515495913038,0.10104944474025185,0.29310024260576895
1555283,0.4091004097544479,0.5965644804403222,0.9277282365298799,0.369903658214331
1555486,0.2576620406209644,0.24414077029929163,0.05682918280064384,0.30797976112878334
1555512,0.21148832780050747,0.25362077115405335,0.4618629981336076,0.3679478787324913
1555623,0.8648913301112836,1.344822486420539,1.3223947275328025,0.9261923085292199
1555829,0.0632340786992152,0.6403486788966598,0.34105716706208483,0.1503973322857054
1556168,0.09031151564121435,0.0711193254837043,0.02431382902415336,0.0066625274593879805
1556198,0.0,0.4576375232634828,0.1989362263397557,0.20072212406517104
1556218,0.03776388131789696,0.036636078425221,0.04344553839685414,0.016047368705273738
1556245,0.19751233263158618,0.1607168694586971,0.24571563964021753,0.126607551265989
1556785,0.24739719836091079,0.3226818002319644,0.1583913468281394,0.18190991474027718
1556915,0.20128675313113706,0.3081587865463565,0.11607245077424176,0.14613186592236213
1556921,0.7481379538632296,0.7345332757273263,0.8623285275340493,0.7384950749757586
1557017,1.066376924891294,1.1143467141293846,1.451862382476825,1.4171048633604513
1557406,0.07204550643286065,0.0836516952301529,0.08129256283255099,0.09935341819226101
1557485,0.10605215261978847,0.13159912993154985,0.0661974751195647,0.15441234107418803
1557787,0.2410643334910548,0.1698504694516484,0.48411518184708463,0.269739312345052
1558313,0.9983561099670328,,,
1558481,0.03369245321726165,0.01953701169386521,0.029652799944297932,0.056838144870933166
1558858,0.38668782520320605,0.5310541619624095,0.8932039215322842,0.6220308758513902
1558971,0.05908603156898086,0.267931181505236,0.32901838181523674,0.12468753889992765
1559077,0.059902332494054314,0.07687408314998921,0.06458642972396807,0.05025284099854716
1559130,0.04283875743831969,0.9766055090310665,1.051778289383776,0.4610560630152442
1559706,0.3747042775819811,0.25893098623236316,0.3487422887946662,0.4285025302008728
1559771,0.3463933402745759,0.2547454011040726,0.41646609318945604,0.14632883335339117
1559789,0.20789631277032747,0.13186538260700664,0.22077072208075446,0.12102480653110155
1559832,0.5257692224104089,0.6090343290164,0.8731258735205017,0.5168098259934055
1559968,0.05062580594445777,0.04561982572565036,,
1560009,0.0,0.0019466204664983578,0.0,0.383332913627437
1560123,0.0,0.6947534933515835,,
1560207,0.5053113819185419,0.2045899302494327,0.2560308332577623,0.20216420508378466
1560717,0.3765551817633492,0.3792743501623526,0.8303455630350819,0.2812351765418728
1561089,0.2588189924727836,0.14110096942055408,0.13857868090127842,0.1310337025004082
1561418,0.5735445296922916,0.6070200731553155,0.6819789149112373,0.6779858573166941
1561790,0.06136477332666729,0.13202233473748595,0.07123842733861604,0.07499155092694582
1562230,0.10282296135006458,0.12902269688668042,0.1769381372676962,0.1351011684884356
1562453,0.17948646596615622,,,
1562668,0.30563697661907124,0.6573159813447365,0.7240565405959718,0.5186127086037564
1562744,1.9916281864350893,,,
1562855,0.170120614686949,0.26771160103804753,0.0622500320798242,0.0528461411178919
1563223,0.5074860787793153,0.598931800246591,0.5819572471076365,0.9042189955760467
1563525,0.2269717419673927,0.12158818381300521,0.11376426724183067,0.12335164917170126
1563530,0.018236544410598965,0.04524420386454321,0.6442209401369049,0.22327372220636058
1563634,1.0771779787415543,0.675000574911643,0.1951354077574706,1.1967577415810837
1563660,0.3636460380476378,0.4343082277449734,0.7430170318995137,0.44239321825987965
1563690,0.1402749680329639,0.11925004841049806,0.07294439702638891,0.0616539335395883
1564702,0.9273411667713072,0.8417505359021583,0.7855342398807657,0.5956480418177545
1564770,0.10120219316711133,0.3688069714088994,0.22785957115082742,0.2664585482178969
1564835,0.20791441517393325,0.30583455705639845,0.2187647545100686,0.2666555024631479
1565316,1.150740178993463,0.6637621371705196,,
1565432,0.04696357015388757,0.041144969754366795,0.1941223932972691,0.24368651591329485
1565683,0.21373734706508263,0.09464836943587011,0.0,1.2994398783564827
1565854,0.7518578141835381,0.7744387740344155,0.6817444891733533,0.7038923240723763
1565951,0.543895503220188,0.7441005864138357,0.4369589648097475,0.12310187150963542
1566030,0.08710107148057418,0.1299083551580394,0.10081734134609029,0.15963873739916654
1566089,0.30366693714707366,0.23518257119123498,0.1412427694769228,0.08210142761123672
1566113,0.023507433496183113,0.055723381944552106,0.038765727139522,0.04434116318767167
1566414,0.07379663372261709,0.10920979109168694,0.04647626902379957,0.025993519599686793
1566475,0.2227872325473514,0.6255291780996834,0.39888151140358313,0.29677106577928386
1566493,0.08059646961428842,0.07344002796232224,0.07176248812271568,0.08894015967110781
1566601,0.19000206717364607,0.1736695007406027,0.000395251068212487,0.6222325413096446
1566653,0.23863971040825974,0.2574533464668314,0.4821601723534565,0.4015967701525485
1566691,0.46518240311535763,0.1573197517687229,0.3031863028014604,0.1527718344070969
1566728,0.2915532524761132,0.3582728511889112,0.3613025813902498,0.2365745900809283
1566787,0.011785845777570567,0.0,0.0,0.0
1566801,0.005910207908206715,0.01410799657215204,0.14328772111856825,0.1487811487752437
1566887,0.9702670135719922,1.068468593804795,1.2536812318412511,0.5831223527842118
1566968,0.02685121125229143,0.026757041545396362,0.010136201694628385,0.013406464137843736
1567163,0.037346083829221825,0.128306691968658,0.10521933156895928,0.08256086567692482
1567195,0.39090110566635916,0.6120781027465586,0.5165268337444171,0.6195699308614026
1567459,0.0,0.0,0.0,0.0
1567634,0.12125108542131448,0.14784514950875485,0.07377412947296695,0.06675905849289154
1567738,0.08935538018452166,0.0870357694773136,0.027163342680760077,0.03252783988426924
1567752,0.5960537892211208,0.6693847676982109,0.8010815708814547,0.8127488467356564
1567755,0.3087476923725498,0.16858083735333068,0.13688733751445115,0.1255413647679677
1567889,0.08665259975776546,0.08558170009162146,0.08434879040677787,0.07728567446321807
1567890,0.08986693921940556,0.08117140317398035,0.12144328556589615,0.09616148488396697
1567912,0.05103439845142589,0.024696396821568507,0.03855658417900256,0.01753857053707384
1567992,0.9892754811564338,0.9826949938031428,1.1197980571015809,1.241434185679491
1567993,0.10032785735393844,0.05500219120028295,0.0445101272088209,0.04374137128304299
1568068,0.0612994271503147,0.11772612840269701,0.0308337811571791,0.037316220125802206
1568132,0.33313731794239204,0.388340615117844,0.4084959190309529,0.5170669867049587
1568235,0.05221845662249041,0.09585597541191902,0.04040804278490079,0.035476640035497754
1568280,0.6854995937898103,0.8925729035400015,0.7318428632615482,0.7490233275933619
1568303,0.24089333849788752,0.31979149044774613,0.3460768036220044,0.5532003991886103
1568389,0.23161792267891934,0.36784060907056504,0.1841730682400406,0.3785355690375667
1568540,0.052311380208323294,0.4321062643110724,0.13162255920555635,0.03484771362260549
1568541,0.8680881110765932,0.0,0.7452875427084605,0.0
1568555,0.63624523247016,0.5501860790305015,,
1568621,0.08126070534755238,0.4238449257069063,0.0800446118385698,0.08858105678145992
1568787,0.356377970907606,0.19835073278377008,0.13340676886606076,0.19694534826930066
1568788,0.7518846706769796,0.632301029265874,1.060000661023349,0.522427953924777
1568814,0.05128468795038589,0.5247868133499408,,
1568839,0.1957611355097635,0.2771010806227652,0.17519725890351948,0.055607809823038756
1568859,0.08457412382732647,0.23978454537334618,0.24430367643344542,0.038478541889314655
1568891,0.13758185540763856,0.07356729755880403,0.07891561727023265,0.09703055419851792
1568939,0.5974699906273329,0.5075763928304547,0.6912765476150058,0.7790706545071038
1568981,0.0,,,
1568991,0.16982644591562066,1.2982852313431978,0.11329393874516967,0.07749005050146601
1569036,0.04525425557119072,0.0636759624980004,0.13013539485224582,0.04413932236167813
1569049,0.7980990540538225,0.9317889460525737,0.9767531490724779,0.6752796851986449
1569064,0.5677020471886446,0.7745847028595501,0.6184707439522933,0.6085164803662494
1569071,0.12573593761807714,,,
1569102,0.312714869577592,0.08173139629299284,0.11480257857674439,0.22172378146120933
1569118,0.09992422971502293,0.07358604145660176,0.0486934184825178,0.10502745974886316
1569119,0.05027304123334834,0.09645314787816021,0.11768187586826592,0.06198443493510834
1569136,1.408536823694047,1.3936835329782618,1.5505761405947351,1.5097111243739478
1569137,0.1314787321693475,0.2374355160369216,0.22960933038410974,0.3754541753579158
1569139,0.18148556172370478,0.3061066637449586,0.43438527291040174,0.04839962666083918
1569147,0.06898254914242978,0.11519053917754539,0.158445367144043,0.05387119694194349
1569148,0.04279169640808723,0.0688334130881555,0.06043582514765586,0.08680504353083623
1569174,0.1317248622707359,0.06186238231659775,0.2413761965211934,0.1439921608850637
1569205,0.07054408186233858,0.07206628147793086,0.06765901696150727,0.08121873456243872
1569241,0.2363209845900956,0.28814911673224447,0.40289985609945833,0.458902506626694
1569352,0.3262175282984328,0.4624823320962482,0.5302546404301445,0.11969822229583431
1569356,0.9044876539800881,1.260605226153745,1.591864765824737,0.8851704382970784
1569395,0.16390243043433217,0.15258134038401228,0.13016321266007547,0.12541425561047795
1569411,0.24193919107898168,0.14739957661614692,0.10085020212395406,0.14861966212989255
1569452,0.1364347892188237,0.23681107493911724,0.6058687066192342,0.049422627954608375
1569453,0.0840299111284867,0.027265462386600922,0.12357145203038182,0.03440257619589993
1569454,0.025853048556045248,0.12365828549236572,0.022546364384202083,0.017017684151587123
1569518,0.7694158853215955,0.5648153943401515,0.12435061675102506,0.05168861530047198
1569532,0.031021365001236697,0.07078836364668067,0.09058205636746969,0.6206724691036888
1569537,0.44704214864168595,0.6744494046798097,0.6234309658017732,0.6026935063367861
1569606,0.02270636822392757,0.010675657018658396,0.044247053261332485,0.015059762432385408
1569633,0.0,0.0,0.2554223100204869,0.0015215487793369304
1569638,0.10620965560277808,0.1398163648735922,0.14877694933718774,0.7150015728341084
1569650,0.06537476055536923,0.05636877370875349,0.04057003476057944,0.2489706403203361
1569667,0.14365890077082805,0.20079534507775862,0.18855526971586348,0.15713540386073116
1569688,0.7000603707790841,0.761527188125876,0.6373883477822271,0.34102527221350504
1569709,0.11703678383621088,0.10087798695307677,0.15255749738761254,0.24079993262803284
1569740,0.0,0.0,0.0,0.0
1569758,0.4062221922971968,0.4806538171806413,0.4408031285741115,0.4664061778832451
1569765,0.11209996116371107,0.09220351588664694,0.13357907777015213,0.19443617457709236
1569766,0.41670054285532765,0.47449105413365006,0.16752128266517452,0.18367648547235205
1569833,0.18496650081427357,0.19401345181500845,0.20943618990166993,0.12758134475843944
1569855,0.27477033775888554,0.13628841248650114,0.36028338976106355,0.1399793458221501
1569884,0.12443418121441913,0.5684345301755901,0.4199236403177695,0.5453530195817474
1570251,0.03394469395619849,,,
1570253,0.21433159335769342,0.1709087475808527,0.2342160852323854,0.1501081444487208
1570284,0.12053250129547843,0.2211628559507076,0.2779990267474817,0.2903495311645678
1570296,0.04704482226098571,0.10045680328890899,0.06349910861833763,0.32861997645903446
1570396,0.05198146561833178,0.11264965864930444,0.08653035160163011,0.06398354811231549
1570625,0.2805443895965841,0.27951168955578254,,
1571075,0.03666510123633092,0.32450661301753236,0.0001896010966516297,
1571556,0.1370295079759555,0.17618229925047788,0.07748316049937848,0.07769094828354177
1571669,0.08580730084772945,0.17358361468490371,,
1572664,0.9744560328621885,1.1346326640826743,0.5789302725106338,0.7302071114742836
1572748,0.6162308520389169,1.1292335038744252,1.3260921184533399,1.0081938507227652
1572838,0.2172788404601917,0.10825237630785248,0.07799502090315995,0.16001665064882672
1573263,0.14420253966141117,0.08227352940687455,0.18830606722525992,0.027673853036767938
1573767,0.2046621493975356,0.26133166614709186,0.21358740424857128,0.5510213662842649
1573876,0.16844112522711716,0.19478247246309657,0.18409648838066134,0.20193313592805961
1573913,0.2486955564747864,0.23832308683677894,0.4744403737619591,0.3758666572888207
1574010,0.087790571236485,0.05201165116592974,0.05842473216878371,0.04456057290043058
1574408,0.2354092459148309,0.18826916799544516,0.22555983496154663,0.24824614568808434
1574717,0.08599492719112291,0.2593628832179407,0.14101800230712125,0.0334541019531833
1574758,0.14055246670472968,,,
1574850,0.38067114115716977,0.1231916502859248,0.2790717246641477,0.14688280358302777
1574886,0.7792616532986453,0.24954159736947626,0.31104257280176695,0.18256400866419092
1574947,0.0700455851662257,0.12503419864251625,0.24622484637452033,0.11476223175284629
1575129,1.4933035831274388,1.4326190238639043,1.40867584286714,1.3886435067620038
1575151,0.17675626272322806,0.15380071819383515,0.05546795938674859,0.058765651805981575
1575239,0.12337411816178553,1.7740826664982863,1.6960464519675116,0.3593910504161893
1575301,0.14076987581251604,0.1909884431808082,0.1696413832512325,0.19103215358780343
1575581,0.18127116918568606,0.12405041561147247,0.11888048515667585,0.06081037793288682
1575662,0.08114494584537923,0.28078614747143077,0.05667475735504138,0.043322743334780506
1575677,0.08484383172414231,0.18848369358709627,0.25507758323130564,0.09984969269375496
1576053,0.12172244473514399,0.2531942610752336,0.15112034141655414,0.15500550662961657
1576102,0.04151370899823905,0.08890300384449164,0.026675704675823877,0.0481199683889184
1576151,0.12728134183547998,0.22730080496319569,0.10724909440842875,0.17888164253373032
1576350,0.0,0.0,0.16176693800004346,0.0
1576584,0.3492289170548189,0.598927886822073,0.37905030769580067,0.401794827184707
1576762,0.22860260118917644,0.2024305420638466,0.11117537609991207,0.18651352476466818
1577001,0.0536940006723905,0.06347702310759096,0.11835938086087179,0.05737661069172587
1577524,0.00615230402508227,0.193917381452712,0.02718984307916104,0.21938961323578635
1577552,0.037529603743543714,0.1529899670184284,0.0,0.004067009541741034
1577774,0.3506480405634029,0.3895250952015477,0.5372477537300977,0.6593858112274034
1577806,0.12763864872206562,0.3615389365964389,0.1784001864871382,0.5555588417333928
1577919,0.07647641359353777,0.056203871288041544,0.0,0.6678590847893011
1578177,0.43059564488554053,0.5176693610153714,0.3992065741615048,0.4542897719094707
1578242,0.036014318758793164,0.041846713842407825,0.026716558120555844,0.03373242429317208
1578299,0.9981161882090505,1.0016289348705076,0.97825118414649,1.638767698020277
1578370,0.045620578232402065,0.38009070372951576,0.09838714565627933,0.18173199492229095
1578621,0.8136898621024329,0.9561792825507508,0.948874268650894,0.9231673243777143
1578684,0.20531181922770242,0.17066429582728998,0.20926469945093745,0.05019213207634113
1578985,0.14139008032201192,0.3077482917151518,0.39748830884218034,0.29939972760210853
1579111,0.02529667435363372,0.4399713029888728,0.10542333967050872,0.13413067758415614
1579254,0.11255634284278275,0.067405075613109,0.07373812009773666,0.13682146511567247
1580162,1.4860685155088622,1.319949459326938,1.1486630727695994,1.0658348391498054
1580212,0.794812661399063,0.3582047345287736,0.2592003345730756,0.4226126853300035
1580572,0.3294259287707743,,,
1580677,0.6662699742304284,0.5777984843622269,0.6741869125810045,0.7050575455747659
1580830,0.1314783756882619,0.2995030829347694,0.17646236166494655,0.16979269570693234
1581219,0.0,,,
1581298,0.12984092237739295,0.12713590393186394,0.07596912497183965,0.04736185028451958
1581465,0.020543882245470282,0.10167746491245126,0.3036248453141056,0.04896936416216292
1581641,0.31161816697710754,0.6648506647291835,0.797553918330582,0.6688000505824894
1581655,0.6935681118199254,1.0073385317515118,1.0470936999038138,0.7320748833859133
1581794,0.08806402545969119,0.08360004316408687,0.1101007389296375,0.16602705777384993
1581811,0.2130919608299898,0.3543300947478967,0.49287920449367684,0.6202246630111612
1582090,0.22704169466390586,0.5169845181825033,0.3853526725464574,0.34730731172897794
1582112,0.11819156072689559,0.7006654061452662,0.13972313273761072,0.06904250517290614
1582151,0.06297129193260909,0.10138788046764793,0.07454258447108669,0.07944497114672538
1582202,0.029722562414738956,0.07230708718102415,0.04932923086477911,0.11601694065198564
1582384,0.1295982469240326,0.3120761609147827,0.38089945449511203,0.4216289430304413
1582561,0.3981313211023917,0.4804435730071584,0.6722356778294785,0.3804620906496146
1582633,0.13347330397509446,0.5265524789395136,0.12104943498451558,0.2240112409077869
1582635,0.1428287235010217,0.5349528235342752,0.5376319655250807,0.18109273360726147
1582681,0.3626584310019649,0.33934795405247187,,
1582732,0.07940207566093939,0.08182960634637518,0.11658128253908559,0.19162748049302192
1582813,0.1475297939366531,0.10090907774950487,0.06247328681021593,0.098279746445568
1582844,0.3786482734266814,0.736126091400865,0.33443287593776483,0.49385192620926044
1582968,0.6952407311858069,0.4397166366153117,0.44942517627161865,0.46750824297634674
1583092,0.42552106428346775,0.44128334954314236,0.21912768309920982,0.19044053607978098
1583672,0.7453470087871442,1.0784593343421847,1.2490106355049546,0.9019783968531917
1583751,0.06266882720205677,0.10960081768738172,0.06925494157336412,0.09461646358415564
1583977,0.49397135878118875,0.2637267495505926,0.39541002466190417,0.3922276580901112
1584086,0.06536414263091939,0.07072640292002355,0.05395446563795998,0.03775260026951885
1584087,0.4557613680234027,0.40656549339352893,0.46387336052893724,0.31410402488232175
1584258,0.5525775267635642,0.04353354703654048,0.5356125275020137,0.05034822431119975
1584639,0.6175302709738538,0.8692627195174563,0.8664033306720895,0.7136074150331322
1584686,0.0615989715234742,0.004991662563186903,0.03178019762480707,0.011674478380041332
1584691,0.13849243433475333,0.24931121649610233,0.10953896352826066,0.11755005307916978
1584801,0.028244634887518483,0.10422409945119021,0.03198826971927289,0.21968309405206438
1585045,0.20095464832285742,0.2264470898784465,,
1585047,0.1327661431956209,0.05744261576752168,0.06847004569786062,0.08498680623105898
1585521,0.0,0.0,0.0,0.7431306066255979
1585550,0.07328654105273416,0.15996648837250776,0.1664092227428928,0.1403598463053931
1585822,0.14817694617524363,0.07978156612957962,0.025731478880918916,0.029911211756676426
1585828,0.012644443535155304,0.03848066200152592,0.0395905336756528,0.04799764132494309
1585859,0.20595627888793241,0.48960210892144707,0.20691307239688692,0.32863532720195726
1586052,0.1952197686165432,0.34144718373838134,0.17766586224535913,0.1083586520885126
1586678,0.8572230807890376,0.22626255964303651,0.32911861186147845,0.3536309198681621
1586767,0.39256799846778223,0.4720866156152562,0.2729656998564904,0.175430133317463
1586882,0.7033953142993321,0.20968190388299374,0.656301975900059,0.5631156812197455
1586986,0.37885031940829883,0.4411011878571112,0.47868231713197545,0.4130956158085153
1587114,0.22160217643105834,0.18407407013325466,0.10656004728502233,0.1610626148174231
1587143,0.5267383671125655,,,
1587192,0.28972867016106546,0.3249948040716875,0.12458136015732144,0.07376984630467844
1587281,0.2930769644925785,0.7268932083858548,0.5119561145412427,0.5716692354886838
1587381,0.34042310893353545,0.14960870385132755,0.08407525894439466,0.11308812062149955
1587643,0.3865613021966308,0.2120667805720277,0.1985041666774353,0.18694526810707907
1587867,0.047504552800825495,0.13409310103410566,0.06561542935568532,0.07393509169450614
1587973,0.13722939008673168,0.1272579389167615,0.14811729392013326,0.2538791133841627
1588225,0.005509368723235868,0.07857536956626174,0.18840367273587635,0.12703260154744409
1588340,0.20332917912230752,0.21998545059358196,0.5119290525034703,0.14704620462238124
1588456,0.09257562478021047,0.0726672777093246,0.1541403452995125,0.134816928422624
1588539,0.08499114849791845,0.15419759416232018,0.13808301576983978,0.08975401683058842
1588871,0.08974876262115819,0.24087210006204504,0.2100463513805052,0.19728132061654072
1588873,0.16450219370669822,0.06191056602935184,0.32588174451292595,0.1550265435964576
1589115,0.0,,,
1589176,1.1355001261068802,1.2889542271867895,1.1634951024059006,0.9822997097956956
1589282,0.15325225538999077,0.229479798708501,0.16357769493244326,0.2616266247342983
1589689,0.7526684696145284,1.1171693643499254,0.9445736647617562,0.9909855025351351
1589943,0.019153783802406912,0.0,0.34970835424973845,0.14621414334352867
1590073,0.12994518658976478,0.12282845480160547,0.09301171912023644,0.033186597203627655
1590144,0.5083187350631843,0.49275699552795005,1.1347235742398092,1.1337025650462311
1590228,0.8739096485758777,1.0452120458664922,1.1366192724630326,0.8737353776985268
1590491,0.12645926112857198,0.11126296372244383,0.09659967584969657,0.08882790259069336
1590531,0.19946615704502021,0.44120420685131745,0.40108419647809546,0.11428504045116536
1591097,0.7693999526558186,0.41649469753409757,0.5797627018161228,0.6579927460259796
1591122,0.06575427010137545,0.20063760422716076,0.06450854919202906,0.024936081289824212
1591377,0.1856309122634849,0.10434209976500637,0.03299559834580666,0.0764907922990214
1591379,0.19267516358203166,0.29813975760876293,0.12386914104196876,0.09269119148338928
1591505,0.04282790721742348,0.08476654436757462,0.09285362300540918,0.06757348612156196
1591546,0.08429663691655924,0.08709165278880794,0.1209287122092072,0.13675079943748414
1591590,0.09315112453457773,,,
1591744,0.8231039453073561,0.9180267736920892,0.9012250804792827,0.8051502984152117
1591986,0.23191911090789122,0.12800020561482386,0.20681338213883926,0.2833306169951501
1592178,0.6502144888123619,0.7638223875433838,1.0656021506546631,0.7857686018281291
1592413,0.14273128936122798,0.3501919277227154,0.18102178126151477,0.11140880571420572
1592579,0.038706963486372536,0.10231905720479409,0.3709650951389998,0.11880802581330288
1592613,0.08138066278508563,0.09195723541130206,0.1115676976561355,0.1214271949304809
1592614,0.04637899264652969,0.08154179549146026,0.034143449511030564,0.04242703582842086
1592615,0.06722830400959977,0.03547385966245935,0.03616994419139052,0.09313621591177804
1592616,0.028416961692164858,0.04418266191246678,0.02131455193198901,0.028990098197271916
1592643,0.27998166894383725,0.22538399632944622,0.22635095226514731,0.20517013370090287
1592746,0.6403850738979049,0.7100434883223465,0.8217753895797277,0.7709119993902928
1592828,1.2044664751041374,0.7546942858770976,0.5547696810897533,0.8300174933280977
1593038,0.16524557633114903,0.5041136553391328,0.04679211068949059,0.16466894381251404
1593051,0.0970939752615083,0.08397291179657845,0.10592296322546067,0.15092466634123816
1593324,0.3629370570673329,0.4754863660539086,0.38771140704685847,0.2915988842075487
1593387,0.555687615499301,0.33506953468831996,0.40488558664835445,0.4343106889599959
1593404,0.6906885375484755,0.5142452709273585,0.9615399479633355,0.8869846263260769
1593410,0.17412521714838433,0.19385058256456406,0.08415955263629353,0.07212958197381648
1593600,0.1843029249350047,0.19104726285348725,0.06463024076188639,0.0890914152924737
1593688,0.009600338145434059,0.03214441568153408,0.04596124621604394,0.16020685235116663
1593842,0.062293237429931266,,,
1594167,0.07524234152933598,0.0,0.0,0.013330346261972584
1594197,0.5080573596284024,1.793042074768628,,
1594320,0.2981393816285433,0.717886814082697,0.34636087453768155,0.4630250872539598
1594417,0.35362718315276975,0.16698006135218285,0.6160204216728054,0.24274307564940814
1594467,0.0,0.0,0.0,0.0
1594492,0.05268185353080817,0.05846844353312136,0.0593776643114416,0.024422850201394387
1594540,0.0082321683701795,0.027483177485355174,0.251154783692247,0.04718247686614118
1594912,0.0,0.2538514731097384,0.6289137788236022,0.0
1594916,0.13316052186416139,0.5350541800604893,0.347288297295482,0.20388740331747274
1595077,0.7357937295866235,0.9879417547559332,0.9566164956157479,0.7384819492563705
1595082,0.5629328892269203,0.748136497923505,0.7318385404569264,0.7612524988002328
1595509,0.10785387603992605,0.14581351393403785,0.2533089660429717,0.048171558620814195
1595521,0.2848423863145886,0.49232848418023006,0.39682285576244647,0.3420770974395966
1595533,0.07163878030699174,0.04548424523414858,0.15314685696346206,0.14572140850840545
1595725,0.1259437282982808,0.09690889449758527,0.07683131672288036,0.10259439142428502
1595849,0.23590092331923798,0.41219656527443155,0.6068852095156833,0.6670998593772172
1595851,0.665408640359922,0.6580621000711575,0.8795172254384203,0.5241225977368917
1595855,0.31700274873101275,0.36651067822951866,0.18580278597606964,0.45141457322680223
1595880,1.0962452348264369,1.1214908613578454,1.0574854260608715,0.970171439912392
1595888,0.8686746715471224,0.8181879012552578,0.8685402224505026,0.8186255446880942
1595907,1.0186890252144238,1.0175372427071543,1.224896775693347,0.9808663133349695
1595932,0.34873262680127115,0.12815708751816596,0.4807010399263168,0.1077337450433521
1595951,1.989008184109496,0.6533415952103792,1.979868024370188,2.0
1596053,1.1680117268697674,0.6944468131793985,0.9394176393955795,0.7404452597391384
1596055,0.03732064727422811,0.16652683979171043,0.21811201489845916,0.08064259808385184
1596077,0.3944746158325877,0.35039874760553924,0.3773584511844551,0.33937394846243835
1596197,0.39619867870259506,0.6086922889596597,0.7361137612191203,0.618570999527322
1596355,0.21349804394574182,0.15420757698652032,0.1189225899354617,0.03259635934986489
1596452,0.41718889647048923,0.3587082565345391,0.3163312046440515,0.332981549957087
1596468,0.6864761406069281,0.6820055264340806,0.6949568972060458,0.5815583225163392
1596510,0.14341966609741527,0.1369288113325601,0.17094795642331892,0.22211586824855473
1596800,0.26989187782819607,0.43251508607169625,0.39767399777566953,0.4664224908821838
1596901,0.027813282511931506,0.0352656499917482,0.03190343023834387,0.011331101527041311
1596906,0.17875167388321506,0.2510907086005334,0.175436909291051,0.1421430656601404
1596920,0.24107156465414484,0.17995316500827419,0.27146385594324673,0.5395018188128183
1596957,0.21258199358592234,0.35599230532899107,0.2636784182990164,0.261081335425604
1597089,0.15260079781125999,0.09431559415498839,0.11627268751493179,0.08329394949146277
1597099,0.029125562347431386,0.03382316091297791,0.09187555953457191,0.05884651318570781
1597200,0.14705486802136994,0.16414724380815218,0.15467107720903034,0.3786897830050996
1597506,0.3397913122875033,0.9120535245424699,0.5583207318701534,0.3737675655429117
1597690,0.14953615319408395,0.10487506595706834,0.18501190037369766,0.16508423788485865
1597694,0.31916218300010446,0.294638100999445,0.22091212676622005,1.5174906302505298
1597741,0.5416344273935345,0.19724215556962377,0.19081732032071494,0.6460088754261213
1597823,0.4827530440757438,0.4253712723009252,0.36112633005935946,0.6781574882955429
1597843,0.040152735603793885,0.11680781723212284,0.07333604702111586,0.08276918121833322
1597857,1.263494506105858,1.375061353634766,1.0070375979804072,0.843894917862322
1597864,0.20671429058255228,0.2264142003122867,0.7145479043348022,
1597878,0.07016428682835804,0.10619156042783233,0.11940961878015284,0.07314510559911619
1598007,0.0,,,
1598011,0.6664230804194983,0.5984215022332184,0.12139940550058702,0.047500233359762285
1598102,0.03871528688249649,0.03479175039793458,0.13171738653111645,0.2786911909833894
1598177,0.04167212714924065,0.029470449128049962,0.014291288848054742,0.039677330654047306
1598180,0.14328440040235588,0.0006086967433451636,0.280527937705857,0.08845916519157815
1598186,0.5409845553354945,0.2574121717489889,0.1321084648355492,0.15246130276574402
1598245,0.41872337959514083,0.7565697780642019,0.47885301335414915,0.6488492387547242
1598304,0.5733292061971144,0.29046617488161564,0.22873983569562079,0.1013288181107522
1598340,0.2213502792957677,0.14106772904566814,0.22893528385072162,0.21330462929411703
1598350,0.43301641581823686,0.9520569113340821,0.007621822349337125,0.49968697375256244
1598352,0.02347444444774298,0.0007694122979168316,0.11970337490699351,0.02282879121546371
1598379,0.05466025950619066,0.018563547609892112,0.18457731854973866,0.02347045386223361
1598416,0.47474817688636856,0.4865522443315111,0.40543576928100555,0.28754056867295213
1598550,0.06080913259835599,0.1457056648665816,0.06979332117961247,0.03132766810158891
1598561,0.1651883775888661,0.1917178541073739,0.2695207731438644,0.04961023193243559
1598611,0.6093392717990596,0.8526465988511326,0.6810358241042073,0.5962823998501382
1598697,0.0267877306543129,0.019206114685629303,0.2541740977571125,0.2564971140427302
1598841,1.54192406998536,1.384880929020348,1.563365904845967,1.0165321447800528
1598843,0.1612569040249251,0.3803257797942958,0.14036458523009976,0.11978210205133082
1599016,0.012282326284771192,0.03415542559022202,0.11345161758538994,0.022533889876902923
1599054,1.2937204357627736,1.4453522381834785,0.08474254497576447,0.07153744229370973
1599084,0.05382003992596171,0.15960048894512208,0.11252139983079128,0.040266002379433195
1599170,0.37404685530991116,0.28234458995210926,0.38501716357363014,0.19696038018804546
1599210,0.644559129982755,,,
1599217,0.2382439998801464,0.05029107483646045,0.023117928671888086,0.029856179157406647
1599273,0.1694452953137185,0.32291511621975777,0.04158920440641788,0.0983794873472384
1599275,0.017629226941629567,0.08775340875350135,0.025350998075648647,0.3144680096444037
1599330,0.05041453213205114,0.08062882728187958,0.03929932855397995,0.03606494890445991
1599383,0.18876431805921343,0.78956041038009,0.303703646493136,0.4676544447479417
1599466,0.21411983979175897,0.10133924886532025,0.16673150898884775,0.05417562092473739
1599469,0.1252632009202843,0.07994015309257951,0.10797930947600377,0.1291075868152403
1599511,0.16183582513847575,0.12883903242768396,0.13022165045034337,0.10103739483426759
1599562,0.49251095521339916,0.9254033149666048,1.3830743130128031,1.9051995451433426
1599576,0.173645248414852,0.24012239981956301,0.19071110430886684,0.10651039124847812
1599579,0.04016388316304758,0.05808092756066617,0.031092291693823347,0.03360770131528078
1599584,0.22851847647882892,0.2562184404919343,0.2612612217061266,0.20218640390093168
1599603,0.05650439487162072,0.13388835920473258,0.05384134106682242,0.0511289551901456
1599620,0.5554766560756252,0.08852187426932152,0.17581773110022658,0.15673057930551754
1599623,0.10184478910875183,0.14647910585781537,0.03206519600126409,0.11174100366063941
1599637,0.36712064317089915,0.1760222419174542,0.19957289594601005,0.35945341756860805
1599670,0.00827095594456822,0.0,0.036556378037281054,0.013125138191016102
1599719,0.6190443508837907,0.4822846608094293,0.38483654770434195,0.6378689537901707
1599731,0.6304331111999281,0.6479463106567654,0.6595211566736728,0.5769282558683119
1599746,0.035632934529775236,0.05961344936539957,0.17083688747520653,0.07113287764417991
1599747,0.19195300723009795,0.17968331893266495,0.27492235923074193,0.25373536900359717
1599760,0.16580530092558954,0.12710672750149118,0.08805246144362174,0.1741463957493459
1599793,0.8898393947585341,0.6185719635320416,0.4076815348578111,0.7047184198347476
1599795,0.5788055529854336,0.7480503094275002,0.2940533923371475,0.36508366510666
1599814,0.3076277721763431,0.38139492065951136,0.24496646298844443,0.2742671866629292
1599822,1.2303476941161013,1.7323028000348912,1.0083736832747954,1.231267500187503
1599852,0.32691845664553193,0.34911584043624755,0.020604581235149185,0.04068968701139834
1599858,0.0,0.053579712609601274,0.18812534523774485,0.09920177407342669
1599863,0.08258530078090352,0.18345194052196606,0.09809437207915014,0.0738340198590272
1599868,0.2954374534907629,0.1299407272279702,0.1839163178928037,0.09866859668610371
1599882,0.2972220838021012,0.22432896338158384,0.3361516387170582,0.43756946446270806
1599900,0.15585211062140653,0.2682880315117067,0.1570062626481822,0.2895757290913301
1599923,0.0718703034631325,0.2868781679018254,0.11033932930088362,0.17029674570204845
1599950,0.19458937252077688,0.20259220816204385,0.2705118347752057,0.20036704798709262
1600004,0.14021171055770126,0.19790593711690335,0.2811979896994493,0.18808150564119347
1600011,0.36459402485094783,0.1668375077210221,1.6633975826303664,
1600026,0.0,,,
1600035,0.06834552413838504,0.08349762835013856,0.07720013887946643,0.07481406834824805
1600052,0.052813419502893956,0.049977524378401875,0.02758566092651902,0.01582582394073246
1600064,0.3081671685911654,0.3229407272161574,0.8066324734061128,0.7073036467047052
1600085,0.03392906009857002,0.04273036288992948,0.10154505123891706,0.04231784351795146
1600133,0.3447656762385174,0.32862844153069604,0.2725301157029586,0.33174820769772545
1600136,0.5774453329500315,0.5671727815764512,0.6381162887633532,0.6281000778711494
1600145,0.2927430388901627,0.28010026224203505,0.420820537721422,0.36149846600853575
1600151,0.666676021378417,0.6640663002867081,0.21547364672615693,0.6708930021256355
1600152,0.30794397026266473,0.13167096695477057,0.08935438885129438,0.17288085743568882
1600189,0.0,,,
1600202,0.22508493638762522,0.21502530610727003,0.15172237522581009,0.011171839393800016
1600285,0.22636064147933482,0.18580449832813667,0.21173337715469545,0.16090766456734087
1600307,0.07738480648154535,0.2349323569237503,0.1389087001684252,0.07323212085667281
1600319,0.49180520180732207,0.30448375621638946,0.09878118440738225,0.33509383749764277
1600327,0.1308569164840563,0.18117433243532985,0.10857518835230721,0.18042519982155675
1600344,0.8310734055699939,1.658512792433297,1.3462951438204709,1.1144299558929418
1600403,0.04203842144954971,0.02205258786576886,0.03535205966767156,0.1682976295279569
1600435,0.5841794621940313,0.5608425314045078,0.6601027722894821,0.5253326732215409
1600535,0.39788560151071656,0.3471865823834436,0.266729680770302,0.7495509495795007
1600569,0.5357752160476422,,,
1600583,0.20404064858119467,0.32671237629139366,0.3756227590861724,0.25079246606446304
1600585,0.085275772844736,0.10565602615255414,0.16478241327614454,0.07871864463657856
1600636,0.2658232707270328,0.2315716531028307,0.435826544792162,0.4481359618159353
1600698,0.6336011552711982,0.46719083686862045,0.3328871927580095,0.38967107070464435
1600746,0.14717351055698058,0.2282057579904204,0.2599389951005058,0.08723521822431525
1600944,0.3466804596683579,0.23985814523346127,0.0747693402700484,0.1424307652153947
1600999,0.08993575532732084,0.14011614899513938,0.06650190814036572,0.06407902007731663
1601086,0.6596725211165996,0.6489091211408389,0.4837155378984399,0.5316171515989473
1601348,0.4110988568020294,0.4297336650784365,0.3966971492267932,0.4048119572357432
1601384,0.2121649315301878,1.9148087750429237,1.916847550920224,0.14169887637954362
1601407,0.27705518842405813,0.13630019826890857,0.1473397109284179,0.06381487291041797
1601489,0.4660697772477092,0.3100875552332905,0.3641546548894624,0.19988565023347
1601539,0.12298684669903708,0.10467787242805668,0.125855910217817,0.06592421473080334
1601622,0.6053839313771207,0.604533198299559,0.012641253292715373,0.06279781242611494
1601742,0.06724727050811893,0.26934957412168586,0.18365228914322246,0.2436887816892655
1601904,0.5100272454117808,0.43259549526308727,0.467377154168199,0.46142524250349864
1602020,0.02980629790879555,0.4200880851725559,0.20059984798523461,0.2754869048304887
1602119,0.6478477789034441,1.4519027272381173,0.8307587632534073,1.2312791645304226
1602189,0.17972286625751796,0.21417847999735085,0.2678661225606671,0.26678184090574336
1602198,0.23754976541279002,0.17638916368486232,0.5361516020751984,0.2023991743473144
1602224,0.14953430164470258,0.02960479451203998,0.03473291795420097,0.05557826246016577
1602237,0.2690262473837762,0.45864998662754364,0.4645159443720526,0.4381783151642728
1602476,0.13557082799207798,0.12996381722174918,0.2488002249763731,0.24848277271220043
1602603,0.0733596451881972,0.09394776848036428,0.05732827240416478,0.029460138329248948
1602716,0.36882626602017,0.28249444697512477,0.27258186566080167,0.21163262928412674
1602730,0.09865322660954216,0.1354893857423943,0.06216695272794431,0.06216870758404636
1602905,0.27626263747842517,0.20551585063347752,0.06401402756742543,0.06520580238732895
1603001,0.1949455452186624,0.1004114595429547,0.0952042275864755,0.1267251165775095
1603276,0.07603422152420328,0.04485605886898361,0.02068451720221599,1.9722967111478937
1603328,0.2141295279906786,0.29452697693053875,0.2021124161522822,0.1083801479871464
1603403,0.007718660556326694,,,
1603419,0.0,,,
1603465,0.7257385164316164,0.8257059698962925,0.9356150343432926,1.0724592378538642
1603466,0.9123770833085103,0.9426182935858453,0.9991420429101324,0.9084217082978722
1603837,0.7488250312027404,0.3657776946963385,0.5366780671121635,0.39961784564725533
1603935,0.0541619378815434,0.05553466963722935,0.0,0.0
1603937,0.2424831314462595,0.13006952555843795,0.08202043740255366,0.038279313620483944
1604350,0.12881837907638044,0.11411083959066211,0.037401724721904867,0.043748714238432095
1604488,0.8866191180129089,1.1444184247650822,1.367715433533957,1.2195211833761415
1604723,0.036294823328820565,0.06234580800456762,0.03101039113803627,0.03150801692904386
1604831,0.5249948014558342,0.5946092281532518,0.6929070792591162,0.8287573769130518
1604867,0.47531084576983024,0.7262287854556931,0.4755961186866504,0.5375413018000084
1604873,0.024917932788361533,0.004473820993136529,0.0,0.0
1604903,0.348377056116759,0.2601441416322944,0.35110838728126165,0.2027637595643192
1605070,0.49288102337914297,0.355019494382168,0.3090853650794014,0.4165688180487637
1605429,0.23659289217510238,0.519377383599191,0.8059036109391913,0.5291723043061196
1605522,0.083097603377943,0.043181180930017125,0.07515625089785322,0.05942335736221416
1605911,0.24786856213855576,0.27721077724781135,0.3334615602292998,0.297362369722912
1606134,0.48583691429264914,0.18642204132692006,0.3557994537771956,0.23407944793344557
1606152,0.0010021581387027274,0.0008576339965839534,0.17513361364973878,0.010739873954254523
1606430,0.22458450148321593,0.25537902030311127,0.3635841406361929,0.22391096158668897
1606477,0.024581623893273237,0.1337447522281468,0.052471905082687245,0.12560805398948385
1606507,1.9632856423860445,1.6119004836883708,1.129316271773732,0.45580936186812493
1606588,0.2991994656616371,0.31307356576737894,0.3210946445387408,0.3664390557737887
1606609,0.07545557969127434,0.29294337622628913,0.1959437261572379,0.06394594289025737
1606666,0.06187080407617806,0.04088275603375847,0.18511418300839963,0.06269531139667106
1606720,0.19387132186336153,0.5149033738178421,0.37621670929556666,0.3110454019710175
1607239,0.08693571403090287,0.07823779391491775,0.07406122196156692,0.0843112364482578
1607278,0.3736225317130548,0.518066935155608,0.3489040343914293,0.3784970524717424
1607355,0.0939082974727143,0.0491347629519008,0.03696529171219984,0.05101924989706493
1607512,0.2695354852002574,0.14013679318138456,0.11440782041424485,0.14896928269202425
1607636,0.08165188800394207,0.04786918123013945,0.10391675155111697,0.03837686882161285
1607825,0.13577859472057616,0.16448867348606572,0.04304684749627116,0.046002858600132285
1607841,0.01996978085934765,0.083584866006074,0.03448728105139914,0.015496129654970683
1607866,0.0617102575787623,0.08829365744790507,0.05500012850139978,0.12792007212477677
1607925,0.44287484307601993,1.5559240349743833,1.7338975176242797,1.1274824387578797
1607978,0.08548613499805927,0.22776529143120108,0.10477804854125362,0.142957547109814
1608046,0.05536996781084083,0.042065135032472806,0.0634996850940056,0.09198914191728291
1608057,0.027413863726075165,0.09364176696383046,0.035262130457986186,0.04022178317720864
1608108,0.41701957205071294,0.568781754835012,0.40662878761133325,0.5789068398860069
1608126,0.5946622552626255,0.34319611139071965,0.19639657974727795,0.36265647244601723
1608179,0.7029915466539723,0.21916259867787724,0.4319182694611798,0.3587701493484484
1608376,0.08776249974153726,0.02518809318147152,0.04607626858401558,0.004191863726917185
1608485,0.3823753408559384,0.39035152569752624,0.3761061959860609,0.3851893058485554
1608531,0.02084900496001842,0.041411356376323906,0.04221358623967238,0.013310102952999997
1608618,0.4427304126841938,0.2013984359864038,0.09090909090909091,0.0
1608826,0.02754854766562281,0.040094745069916095,1.3636817021924834,1.3777249656686028
1608904,0.7658349513013123,0.5111249953369177,0.3445920981540939,0.2782748362017552
1609008,0.39584533048564907,0.0036794891076384856,0.5066050952467209,
1609021,0.0,0.0,0.0,0.018332595003464725
1609074,0.5006632302445975,0.47820701119257,0.6378850319924549,0.5529702886425126
1609098,0.13674735934359883,0.37298494421973916,0.5306534403247796,0.5865654212010727
1609120,0.22783639927226465,0.27575336879718637,0.2930366987496715,0.2802068542123589
1609251,0.17785358198840534,0.07654095922304877,0.02087926302299984,0.04098511314847215
1609674,0.05000794971773857,0.03831483784852788,0.09817514348965244,0.03447526004078285
1610392,0.36462529385891695,0.5470203422613308,0.5143768558170215,0.364550355016981
1610520,0.1348361731431821,0.18749914244874794,0.15200063171094086,0.1445210457811961
1610580,0.2432086815258984,0.5430562972790256,0.5986905009007334,0.22818281689608247
1610769,0.13633489767333204,0.18082242973292856,0.18948711003009935,0.10326484061533463
1610880,1.0087407884257495,1.4505913456694133,1.503029302824501,1.3669628502631501
1611353,0.0,0.0,0.0,0.0
1611518,0.06031899488859429,0.07144107313610647,0.03298672387470572,0.0484252506971027
1611519,0.4626455588338881,0.2586733095471539,0.46097176151377617,0.3976537500612933
1611613,0.6404457897509153,0.3197420794393045,1.213614833868136,
1611737,0.0,0.0,0.9430382394527601,0.0
1611751,1.192236605161953,,,
1611848,0.12203092387546673,0.11349947835047722,0.09039824247304147,0.09243605364250065
1612041,0.23585790735240297,0.4003105207438066,0.11547532103566491,0.17196809324521428
1612063,0.6842600616008323,0.6225842716285231,0.6227719074099836,1.1632239700911775
1612389,0.28185209437820363,0.2619038001047495,0.2671267853353374,0.3204739694703026
1612865,0.19091052927906546,0.15292204502878617,0.22553818888939592,0.17417338599071847
1613048,0.10795829381095527,0.18643998322352537,0.18897390253637314,0.13784479177072861
1613331,0.11656551011310919,0.16384561353738825,0.2160996369160578,0.15837371036019163
1613939,0.16980615807720106,0.14898433335860373,,
1614073,0.9331902251685539,,,
1614660,0.39968265285815574,,,
1614704,0.3257228184459034,0.9264063797583268,0.0981351260036331,0.10488267652351745
1614986,0.37510138230500617,0.5303340571278163,0.9412616835654151,0.7472723438688538
1615135,0.19253085723061625,0.21115159044231185,0.02943244478527329,0.04483223607469502
1615420,0.02506040203162751,,,
1615423,0.11923354656271214,0.10635764150514225,0.16415729848505084,0.2597268442237092
1615717,0.31872569047927446,0.08016327502983889,0.1619196427414623,0.0413695820592337
1615982,0.507542876151891,0.7220935666099929,0.49993981800230664,0.5328643002147483
1616004,0.12395419870367967,0.12407194688990571,0.13788150165884053,0.09157113010379186
1616009,0.1239563182651938,0.013060343564167033,0.1682592069953978,0.18830048098854885
1616026,0.7204459874347882,1.0490663689194963,1.6567256759984692,1.2472771540713412
1616168,0.0,,,
1616328,0.10162665813186181,0.04790972235647953,0.027204158951136342,0.23080677581700576
1616416,0.9832585734439394,1.1723730973236492,1.010895626498508,0.8441821390721513
1616525,0.12031583657976158,0.19085961120892284,0.16682653521451535,0.180989588191492
1616628,0.04948356692161898,0.025128558261132333,0.06718934523354808,0.03752001827509878
1616659,0.3572932357048228,0.5543076258839083,0.5306379201456521,0.40940338032287676
1616664,0.0834476456247425,0.06491132741366082,0.04334234059041089,0.04180353057940823
1616667,0.6187401578062224,0.739564230554097,0.6090513838035138,0.3217659018453069
1616882,1.1610075010016407,1.1412722819189374,1.6105042073744793,0.7907427941224979
1617201,0.7524897925197982,0.7094068312345679,0.7523217391628976,0.8519294211879167
1618205,0.06633634296988968,0.12318662919262562,0.04984307251624819,0.04191754433282705
1618376,0.060614477047916865,0.07521980868286636,0.10813713332037346,0.06343609446565306
1618824,0.11488546179809998,0.07632907624060416,0.1413470547751958,0.07257282394616711
1618872,0.20771901886037455,0.33865290264434617,0.4204577479255613,0.6545764470204813
1619083,1.2310080106581691,0.45089196725477043,1.3777137272897244,0.9438969201590147
1619124,0.014692407975387203,0.42075843640525007,0.030758768981195957,0.26274107097565086
1619125,0.3777216221390215,,,
1619390,1.5266175750005753,1.5960070997336298,,
1619844,0.17697624661650846,0.25150864259063166,0.11400301075140308,0.08590767285452006
1619899,0.24445370001885075,0.27158368433405156,0.22198113066138667,0.40561500217654045
1620081,0.01979888506607759,0.0346213318673878,0.022779555861041956,0.020963717364514307
1620220,1.1913962302612364,1.191768982218004,1.1456565296784986,0.9646305532048676
1620275,0.08370560836202909,0.07686578341850539,0.06764726347551481,0.14772066548519117
1620943,0.2279125422339241,0.14255374682494862,0.16895473205116762,0.10729899616683111
1621100,0.265863249535958,0.23102050646986694,0.2837863011342066,0.19079275676202634
1621157,0.027805263342008064,0.024445070015744176,0.19758283852711872,0.005549277622885154
1621225,0.44154178812209377,0.23352789264306298,0.34618564170753824,0.22017334800814603
1621802,0.2158096144376738,0.21368055187725576,0.3514182886482296,0.13933527637367077
1621855,0.8512123692373695,0.8971063341734219,0.7086725861859854,0.6898578239974479
1621915,0.07315354688110882,0.24335583622884047,0.1342076293829963,0.23222578823695716
1622001,0.3730672949846727,0.2662641247430311,0.021291615864343107,0.027652943281090407
1622346,0.40460059717875396,0.49655218312341937,0.32277722026947747,0.3213585457929703
1622431,0.07483070520934378,0.02722454512876428,0.02978282653016762,0.08127287116351023
1622757,0.10848984764526279,0.11552787280088662,0.02648159445071507,0.3729836839391712
1622820,0.16664282043979683,0.14943465771842857,0.08191696334730238,0.1215275709173274
1622904,0.0,0.0,0.0,0.0
1623580,0.0,0.0,0.0,0.0
1623624,1.8896396671028621,1.9222407346994868,1.0737020228919525,0.9705143158249961
1623678,0.054732669512174356,0.040267922923111064,0.05759522073654403,0.034630027097322255
1623707,0.08886220971843446,0.04887625135056531,0.0611209572986453,0.03905634732101931
1623716,0.0540188798242851,,,
1623796,2.0,1.8344512369066464,,
1624049,0.18464555588903245,0.22314421332039755,0.3224910980414719,0.5346706595072989
1624050,0.30627059969900516,0.23000191166202472,0.0,0.0
1624095,0.25802352766349124,0.4926152799052949,0.5018982711030634,0.4422772772637049
1624510,0.3594319129759506,0.1443792793554,0.18421498653012702,0.4990453175153902
1624729,0.2836142165407258,0.4520512722799661,0.39388930982657366,0.29839438456696354
1624758,0.156446862416931,0.2832347773149053,0.20467488085602395,0.12762715687635526
1624809,0.10304764573959936,0.091469620348918,0.20482205081831198,0.22875456404243788
1624865,0.6392509256058806,0.15152330275486736,0.5128404770138933,
1625244,0.057542411010852314,0.018922009727729082,0.27804325955244164,0.08409207956871084
1625246,0.32638314839591903,0.08290096909564457,0.04719452919851871,0.03967168107236355
1625279,0.11817334348544964,0.20050616630870544,0.21021664793712516,0.176268268195228
1625292,0.05721263437531573,0.07240079360449811,0.06562408306682536,0.12722924537652205
1625502,0.9961689711295781,0.10797226600142308,1.3075772512883135,0.827397835876334
1625800,0.04987536538946681,0.12732491089206224,0.09861230955805105,0.04711971540536786
1625986,0.17724502592687374,0.09614948288121933,0.17738650567653771,0.13093360355663286
1626116,0.21879331502994828,0.10526697054242592,0.17997861044155145,0.3399392656270765
1626220,0.3543432262349627,0.3485573982070762,0.39196045465880625,0.23192813549557156
1626282,0.0,0.01381715807338347,0.002429429190024367,0.017902871157588804
1626379,0.056648462257923804,0.08054749386423536,0.057505744403184844,0.05263574851219608
1626494,0.08509317206615279,0.31814428466405864,0.1839888519159454,0.037701706464772465
1626691,0.3768992613347324,0.42511788652073773,0.3341250058710304,0.24503043645336073
1626757,0.6477551012164934,0.11457905760013141,0.166263404772731,0.3374386853957353
1627003,0.24829682787855722,0.4545879159009899,0.11907912399945245,0.2517651239375789
1627417,0.28921618002532207,0.1849851528433552,0.06240357581889156,0.2335233971042404
1627436,0.10153188253994473,0.20098516173783174,0.1967295776816847,0.25245572723005305
1627608,1.290804593043075,1.2446061636700116,1.083835657471048,0.8354601272871245
1628896,0.07959578454074859,0.286139632168066,0.14975998535237128,0.11062972994795783
1629271,0.41896888272013877,0.23931885354734292,0.46364606916049195,0.412366709010755
1629283,0.0,0.0,0.012562699396777323,0.11357913206761493
1629290,1.0705174086535603,1.0742151407973521,1.0147618342800937,0.898021028714776
1629649,0.13042830389984575,0.2941011982878694,0.19126561540901138,0.11544094009081604
1629680,0.6893926661481558,,,
1629869,0.5651933240700906,0.3622934346387905,0.12494350470890572,0.4084795279110632
1629931,0.38169401783806284,0.42858663517229006,0.5437873441123878,0.34484050357243023
1629984,0.0811239472555325,0.35849540442230227,0.2105532330819253,0.05934224277509403
1630064,0.1136094228549797,0.0456547576046778,0.09980701606599358,0.05286992161681102
1630243,0.21144017641611298,0.3098261089527906,0.3916916397072797,0.22158408543364835
1630360,0.043772439825234113,0.082614102017387,0.06877752771970098,0.06392916182243007
1630363,0.030387548796242822,0.06797633083221664,0.10725297192348743,0.18247809450380945
1630365,0.06507879040691036,0.036430327472543246,0.017167277631943752,0.0188683286499326
1630413,0.7677417842944643,1.225547519358872,0.9630818319428107,0.6791166821712008
1630529,0.29210994932416595,0.4124339193827522,,
1630709,0.15571015312810105,0.4726909900699536,0.0276330821559924,0.0382138736270085
1630798,0.1456516805882461,0.16318902225561466,0.37520408210633616,1.8166158614883334
1630806,0.2838920922707088,,,
1630888,1.7697344504473305,1.716242364133385,1.9880449270380833,2.0
1630936,0.20822005538567087,,,
1630939,0.0425774521177383,0.07446623481134404,0.01949486510151946,0.09020994527345842
1631014,0.091459841412673,0.12465008810528908,0.041927042330205444,0.06784638213959626
1631052,0.04264613890775241,0.0805966230099772,0.048495114835702936,0.4485600453959585
1631054,0.05396920467541828,0.03165180637979666,0.016174374340765726,0.026295882427267186
1631084,0.2774874155745369,0.1597876178074531,0.11733453518238489,0.16476734737780618
1631134,0.27376324087881515,0.3050094502194727,0.507408616260796,0.5852152578686116
1631208,0.41413062098333164,0.618513964905265,0.49706759918629356,0.4014261301452247
1631353,0.41385844603556277,0.2864962221593956,0.255738156896883,0.4298267623838408
1631408,0.03342252684049474,0.037795590215855275,0.0629594375596056,0.040588516499492314
1631507,0.2218316557681692,0.24273968616625613,0.2327276005698412,0.09599536148274752
1631543,0.05043304818091509,0.026530648962523374,0.12553485322672536,0.24333282671405126
1631614,0.0779389383750318,0.11687556421940737,0.0,0.06744247467732528
1631639,0.2119783970076587,0.14918940650725387,0.1895380041014196,0.11717955573300874
1631664,0.03724681140881395,0.0,0.0,0.015630236191238222
1631738,0.02626434418231847,0.11915675298769988,0.040272627545416384,0.11617421609008398
1631773,0.5686436179103576,0.5704950134051686,0.9293638195060813,0.6017773859811836
1631775,0.08773874787671758,0.09280279130961167,0.033526674844574736,0.044530172015747195
1631864,0.1876509323104896,0.1269819204573039,0.15104864913546973,0.07032254701028001
1631930,0.16096095068539792,0.11894377542740799,0.04774694553863179,0.054270101969170224
1631941,0.2620786033764102,0.19800556171384665,0.36604587839912095,0.19151519006443465
1631943,0.6519121913505066,0.29715466882142005,0.6886222400941795,0.5507443265855453
1632078,0.13179395452751683,0.27157719404822805,0.24545879810559604,0.09281611244727164
1632096,0.09637144921991103,0.0,0.21026188936042683,0.10741007447505045
1632097,0.25537612177233526,0.1719865808132581,0.085432587910846,0.19959852586776783
1632105,0.051707985757535505,0.09513639650278531,0.058291780243276616,0.2770340681104519
1632108,0.1282898351691905,0.2140569176852328,0.059777451031768486,0.12404117426714312
1632118,0.013368708987827679,0.01025782879724674,0.3718562276546213,0.008647601121434773
1632187,0.040908129775813276,0.0611839005752802,0.05726755538452676,0.060112282000191905
1632226,0.06653393638624569,0.23244159474816098,0.26917553746574324,0.18026633832287983
1632253,0.054677488203315916,0.03130623295898017,0.05344563342000692,0.014354682122376094
1632283,0.39876969812862517,0.28265718727963607,0.32672013452401377,0.30549756601277245
1632341,1.6173248429346065,1.4896266434677083,1.5612004812053797,1.5598266972184824
1632368,0.22848728017164036,0.23139666790203733,0.18872042783573673,0.40478211558816823
1632407,0.21103931933670925,0.2815164880477957,0.04751925946769269,0.09072945041231623
1632512,0.10805404885725844,0.029934513374736044,0.15793067633991748,0.11030739043421162
1632551,1.3199044383425766,1.360887152300735,1.436545561245573,1.352398636806215
1632553,0.023808122021817996,0.08035361184582752,0.00989397252079278,0.01794438780056053
1632554,0.1392424563945548,0.5263826467229389,0.20235165045910808,0.08972570948278984
1632574,0.1653705994487349,0.22009622972889933,0.1152169413758207,0.07637942861592002
1632665,0.13636417500975892,0.1758508063211051,0.12136399957986244,0.1698872870110043
1632715,0.08283739514445505,0.32174531737196965,0.0,0.0
1632801,0.16258767361545726,0.2997543601489217,0.12139656555816677,0.06033152112291973
1632802,0.17071290323084926,0.07714989289912279,0.07193538673042173,0.07533847167912255
1632810,0.02700486240541785,1.8487788278794757,1.1356321616712275,0.0
1632813,0.9327145793334934,0.9759169090188266,1.4226583350414699,1.5062707463436429
1632833,0.07772420809651458,0.0,0.0,0.0
1632866,0.2521490180971291,0.30768448781342045,0.6743778053903802,0.22499720455802896
1632932,0.16416899224738965,0.15273546068021543,0.2697968964973891,0.12417687306854089
1632958,0.07655413449949885,0.06702544143641763,0.5039896538963748,0.3187798472866543
1632965,0.5639039256311434,0.302954588005526,0.48324999839124394,0.45202759779893187
1632968,0.4792808917082951,0.20038287112280606,0.19687693237473733,0.060251848075158466
1632972,0.17192981289285,0.2093302354289865,0.5011536376686961,0.37539146641615884
1633024,0.0399305766599573,0.04504088095257894,0.028096018340366413,0.08556760028557221
1633037,0.1886190149213868,0.1506256366410576,0.1087926465465116,0.1439895461773733
1633046,1.6507388525629,1.722540389021418,1.2070499685518468,1.118507686336768
1633055,0.8321425838131067,0.8227763268677473,1.135182450475197,1.2302853393140327
1633172,0.5596993556093425,0.24505590712898623,0.15388301970727303,0.47962095448013903
1633207,0.12267691004718673,0.16094781625494675,0.07548959194014397,0.05808972475681104
1633227,0.12836588097677695,0.09928823120797582,0.10796155442703569,0.061115838138388834
1633256,0.8075444977009721,,,
1633275,0.5533383889598896,0.3373674794588668,0.5650250673858748,0.5670106401128054
1633288,0.07695005113384347,0.04127848071872908,0.05948235705860164,0.09418259298479996
1633313,0.084357752929897,0.0790451380207055,0.04792150302113122,0.09157297212409006
1633343,0.07835559430797041,0.15558781693110874,0.0936194660679939,0.14368013902312926
1633362,0.32869184884612607,0.3490216845349945,0.46818448717123545,0.34282093030484684
1633366,0.28651573485266585,0.25855455925381776,0.13890507295153298,0.09180977204498769
1633387,0.3771736322493808,0.5984103497216681,0.11699708775898902,0.19509930511301846
1633389,0.20884217815376976,0.2338773118589587,0.1660100122333269,0.3372466070388637
1633391,0.0,0.0,0.0,0.0
1633445,1.184864680209624,1.2193195161851937,1.143959069946869,1.117540669685585
1633446,0.11865061119787328,0.22258602494073207,0.22391972998009033,0.25402783814837077
1633448,0.04083018803857838,0.1119948451767492,0.12401736782790163,0.056295472608871265
1633516,0.2347818942187101,0.27680242488425105,0.24832565503745446,0.17928124878350937
1633517,0.7092501057359832,0.35182550743970004,0.5728005814721892,0.3981514821850178
1633573,0.17740949467975567,0.24365404502437557,0.07822159683200502,0.4071105059662581
1633603,0.048454789260000596,0.009894569916572135,0.026316158201365025,0.2083836477597358
1633625,0.03595967303993848,0.03284484732960083,0.025892081452872463,0.07598895895616029
1633648,0.09231087277593492,0.4181518847205104,0.12643191318525723,0.08405739883219517
1633674,0.049229325766601835,0.024068547623395695,0.04988154850713776,0.018379890639720415
1633695,0.06049056174672553,0.03808896088046691,0.03862545027204457,0.07422848486805989
1633697,0.9295436767757133,0.5118907901059522,0.5491783211105723,0.5503802906399428
1633703,0.16846467920837266,0.2370677919221045,0.1666539043224185,0.2568918955351839
1633716,0.972236336519905,,,0.370522328734745
1633799,1.0224991280924858,1.3007318560567886,1.1469457339115618,1.1433480171851322
1633857,0.33260512305089973,0.278009574930005,0.7306349866135747,0.5233956741701524
1633862,0.07339294149506857,0.044170689066433705,0.05807727262542554,0.031717063264205585
1633869,0.04296662115123682,0.03866387712020727,0.06454958630637087,0.03357268742927299
1633896,0.17271041734591067,0.2235376389073629,0.19472033823305723,0.159317519183419
1633901,0.0,0.07532029886509083,0.03628040749464499,0.04139887914718909
1633903,0.05222964898907399,0.5744548647484852,0.01027213432834602,0.08045115855133153
1633910,0.844264557897455,0.2530342739207919,0.2423419283361511,0.17262289854677468
1633911,0.10753589890245972,0.06716720218236868,0.08096939428302949,0.058890062246488545
1633969,0.016304006491843125,0.07731974779980227,0.005726482590209438,0.00521404936248281
1634047,0.31868039066984744,0.7970257046580046,0.37983477493324996,0.35444795253731415
1634083,0.37729309337960404,0.10693904681279275,0.22758637621121175,0.28104675629741477
1634208,0.07217126492524734,0.09426199986149279,0.08904889610384044,0.04627281738467409
1634212,0.16929675470810207,0.1921050540605712,0.13785423834169705,0.1278829007589557
1634255,0.5481673182182549,0.731003035495751,0.8232208799261334,0.8091760716388101
1634553,0.025392118625598266,0.11337633871501049,0.028991575355240717,
1634556,0.08648602545013018,0.5390134902893366,0.38498892594141243,0.2595799941130588
1634896,0.1489278673284068,,,
1635236,0.03864946091612894,0.1266114305630468,0.06906642282741977,0.5649874385699449
1635342,0.11824356000676577,0.033878637950033465,0.060452485512476825,0.33130448748401703
1635409,0.20087303240951443,0.36320736924959235,0.585153751107384,0.83858809861136
1635523,0.174461256534048,0.057118725368126844,0.07910214816870378,0.08268967635845699
1635663,0.7039652447754767,0.7206599824842561,0.7611088088276442,0.3056460243469592
1635999,0.4871113189850073,0.25030239019254147,0.31419288178377874,0.38887196887085884
1636441,0.09114635600883272,0.39625343926892953,0.36400974049833407,0.4079728053912566
1636722,1.206843300908378,,,
1636948,1.0013985470067388,0.1728604725548388,0.338470953504448,0.15415682881257226
1636974,0.3598337123774443,0.5189025512899577,0.2194819930131902,0.5890855609402043
1637246,0.2577362237570549,0.165650574444178,0.09846572679292799,0.010108632371431114
1637299,0.36158201786365524,0.5507547991481437,0.5300626893800502,1.271527233446268
1637359,0.16897780692053818,0.1480741833912464,0.5688356597458245,0.12078332675602964
1637541,0.1269865452506194,0.13039683919234105,0.04344825013036501,0.08758275852652603
1637946,0.08841397803630505,0.08646341654809649,0.31430740647570043,0.06812216862909695
1638022,0.1054276750328557,0.2354910833954075,0.15724623157295708,0.06343803922689642
1638049,0.21644816511524612,0.22030348664647983,0.4483390719387496,0.22573425527073035
1638081,0.3773216377587142,0.4213723913989728,0.4596056843649622,0.39725756085490616
1638520,0.4024331157241352,0.30605919083810623,0.4498562804388989,0.15118516658296036
1638555,0.8099272430850056,0.8353455075692648,0.7029342692030074,0.675094387857801
1639101,1.2678169211041534,1.749606545219699,1.8114454814583876,0.9303612444536483
1639375,1.026410531499389,0.2681579465545915,0.20118468961636485,0.3421294306501889
1639592,0.038454077643557606,,,
1639666,0.26681031012876616,0.1439218370826127,0.1405404309744115,0.030913861825182062
1639753,0.0464707606704746,0.13578115676864888,0.354438586105465,0.3640287281968337
1639754,0.020437181368018417,0.11837920564665731,0.31114651254392145,0.37415056060858626
1639997,0.03768136996237649,0.04411507234506901,0.026922926674169765,0.12046188560362298
1640275,0.011221065024435204,0.4956486662460846,0.07161367861009034,0.3293193435702539
1640335,0.06315671957316402,0.09545570927956971,0.21569592256711026,0.1860709544869369
1640361,0.8268847941360857,0.6888823477090256,1.1936678736696678,0.7960548261793784
1640420,0.11717368403154002,0.2844667351438881,0.15619654389389903,0.1322029487768184
1640680,0.16588175310147193,0.0,0.0,0.06849249686853377
1640801,0.1498263399862673,0.03092500847811519,0.7930688095499759,1.0720816385678664
1640951,0.0830686393276517,0.10223108517967204,0.11663609421205019,0.10410204729093513
1641296,0.02946164283445891,0.09644988451714509,0.10862747900368602,0.0451902915442964
1641438,0.4414678713149245,0.7491681858257173,0.3280799707558079,0.5925960180434756
1641440,0.13205535435829968,0.09183070107797882,0.10261942813204157,0.09504239024526676
1641447,0.25277709653595254,0.4420729328059199,0.5273915783429893,0.859364087655365
1641604,0.22573903913799048,0.15466466289377265,0.055707417697693606,0.3932335892902703
1641643,0.12381235789082663,0.04941479795176558,0.059022266597914985,0.0454984633395095
1641652,0.1353045276387609,0.1961974384191212,0.11007889458021666,0.08948985887797985
1641864,0.09164256496128673,0.07682821824649323,0.07357850297666005,0.07694541053297253
1641866,0.14869079941233093,0.2605740793086907,0.6218246062976618,0.6758980385276321
1641992,0.14326713084350912,0.15221783180022294,0.12617601989852506,0.25104518786779845
1642044,0.24649252034192284,0.2393411698663268,2.0,2.0
1642058,0.5255004136302849,0.3812229430793148,0.2969879351119676,
1642160,0.06862992772906658,0.09869873098173544,0.07990037857792087,0.04296227779611518
1642216,0.24872717982948464,0.19240822376800826,0.3962409999048326,0.28079781356851746
1642246,0.38319686913301515,0.48308793484500384,0.4261647528318372,0.2193042258342571
1642274,0.27524471914654985,,,
1642305,0.10702482106622006,0.14864712450076323,0.07810048168242754,0.16768001597025517
1642570,0.14590891892160088,0.07142273121354242,0.08352817766007654,0.04378830849398586
1642575,1.3323248805769883,1.354475072367008,0.9750418581386241,0.8156898848570278
1643351,0.19565072975695913,0.18108605467787173,0.23152867868833482,0.2825676569663889
1643354,0.33569374609642516,0.4154472122818265,0.8443345093998305,0.46286051329799477
1643569,0.9516928372626348,0.856294378885009,0.24452135252741924,1.3240622928995953
1643792,0.053182863998579126,0.2627278916942282,0.594504078770192,0.45122124978020445
1643833,0.11859443163113302,0.1537428229733557,0.26359488391917946,0.25656077686962425
1644128,0.1176403964963684,0.09064030942098546,0.06683089536361196,0.08643345893132541
1644187,0.35526674757173826,0.8114544331832261,0.9085658259726052,1.192555428851451
1644329,0.15645866238224018,0.02599437934330174,0.8072720581175379,0.9656915245219823
1644956,0.18634965606093065,0.19026207541495876,0.22371432040194444,0.2260190200733153
1644978,0.33610194557324397,,,
1645157,0.0,,,
1645173,0.474123250241951,0.5060193796764637,0.5231515799308663,
1645382,0.08401372643371106,0.16060923416303258,0.1617611200798564,0.11708058968898148
1645721,0.25334407065088305,0.26498513618103875,0.30152024958982054,0.29193198415191735
1645890,0.5560006376818867,0.0965293463545953,0.04324427074502998,0.022978062002381124
1646247,0.11216462311032208,0.10401597697874602,0.07093553585877543,0.05141417165132857
1646639,0.294147915022757,0.24691046232874247,0.1774194566642687,0.34604990526671986
1646821,0.5849956955393235,0.2847991499943718,0.12038465702436976,0.12108186092609377
1647251,0.039590715505820634,0.09103762044242326,0.33769173640190314,0.44192020622151745
1647363,0.2757738735015245,0.26289505140859304,0.17091249740059286,0.1250432421785558
1648711,0.09858729984167128,0.15000716183951313,0.08756931471832202,0.20561541261280133
1649107,0.08765184098146434,0.1358842798635567,0.06613401191015744,0.041206233407561736
1649147,0.12881727716570898,0.05388351269669566,0.031731991734131916,0.167202310309923
1649186,1.2437780374558673,1.147350219010914,1.0309769802616966,1.9020635142562141
1649339,1.698347805747441,1.4199257736355049,1.6132320094405688,1.57482234838286
1649451,0.14048904069874496,0.24234832513701227,0.23791841396737864,0.16917626922495127
1649647,0.15502954121793186,0.189390036173021,0.23892964701547348,0.2533903388927851
1649888,0.0507719478042027,0.14044351809430727,0.11942724064737786,0.05191010225139649
1649910,0.1779307391912994,0.28541121744643166,0.7161658528816621,0.6864445257432045
1649994,0.20200715699559588,0.16359388323522922,0.2907363795515805,1.2731898141794815
1650092,0.21961584816268154,0.038762279051680566,0.06861383030182526,0.0347729066866798
1650135,0.08990738956632602,0.30595616500547795,0.24330623342299054,0.12754941762826863
1650142,0.049703238034833584,0.07622670919157092,0.11023102637440159,0.05793317329588057
1650150,0.19262723164965417,0.1873660388134328,0.33843600702504767,0.19318423853083616
1650290,0.6276234055678405,0.2468346647297912,0.20862868745132737,0.15265615550019104
1650300,0.017591541485734403,0.06788740016605563,0.03263839582841073,0.06012913233266614
1650301,0.9949937580099657,0.9890839567504927,1.0773149718038815,1.1351131386881912
1650303,0.1466130187682405,0.08079694379018403,0.08838769995393231,0.04310676285600586
1650372,0.0,,,
1650373,0.08222007231153361,0.11407198180759279,0.10824124246590132,0.08731757224033823
1650654,0.1514222520743929,0.20099244155398663,0.08472973627395901,0.057651281798842186
1650717,0.22568982955963274,0.18791479499519098,0.12722231481405907,0.0838761682864378
1650781,0.007230270368104235,,,
1651424,1.2243870085605362,1.1613190984216166,1.1858664112396955,0.9868968021393983
1651473,0.8019282298121637,1.0640141499529572,1.003456971727463,1.2606504724708167
1651960,0.35512241306826886,0.4030332849711593,0.24493739360174738,0.1278485069053592
1652044,0.12298404772331042,0.2549495740564664,0.08410998743228452,0.11206732680084382
1652062,0.988211661200329,1.0644327184158546,1.0890020944878243,1.459550278164179
1652103,0.31268126643940364,0.3814108773334484,0.2070778970153579,0.2260553314733865
1652174,1.0230298603879435,0.7009547853789675,0.7518763607346078,0.7424277570361809
1652327,0.09828366507747553,0.24924432288835877,0.3280768882245536,0.28741793233156243
1652348,0.13295219104219466,0.24881334751992198,0.2252560808179434,0.34351800114424
1652355,0.05573682972591501,0.29680619074969217,1.2925918498008515,0.0
1652442,0.4497412472855537,0.4419381494242316,0.3502177301890258,0.4482007943846912
1652522,0.02792920073140517,0.026201044594179584,0.029817783932346482,0.014752038957337845
1652529,0.28303699844009483,0.1042433170234514,0.10292529097041116,0.23251053364412552
1652594,0.11339411618605728,0.6344504299418151,0.5952922117120065,0.1492161612440932
1653012,0.7937443403657992,0.6725413388127475,1.457318550048705,0.5958607305829751
1653199,0.2669070044419319,0.14330380708480855,0.11409246354494493,0.12145673533039666
1653202,0.3806508375923386,0.18859196645382478,0.03409678163209037,0.1137415808810604
1653253,0.007416475269243524,1.4399747392109536,0.09509479776009688,0.8349235182806182
1653443,0.04779629114007246,0.05392821570385496,0.04670402056851921,0.053313218073814846
1653857,0.5091228473368822,0.3095350449275474,0.5551858590384571,0.3123799011718969
1653926,0.04719237578725671,0.056945350900526596,0.04599671182643256,0.04529787720216962
1654033,0.2024403848650709,0.12122932758059635,0.19860038891067136,0.04386775515607764
1654111,0.313734515427069,0.2644244091084806,0.8099228610627942,0.44418897510711153
1654175,1.5469956944720713,0.26553696516108255,0.36533028103628934,0.3900305321496465
1654344,0.2790977752938593,0.2920612896852677,0.26552677195676955,0.20234084422686774
1654599,0.07788560973460082,0.07301676173635366,0.10446717450843952,0.06674564645755304
1654648,0.15578943826368555,0.4078315692320202,0.3063022770907357,0.45066086158365404
1654847,0.02184292640381852,0.03326331991660566,0.024252885719623488,0.029441638700316675
1655006,0.14008300655163514,0.16310933242155107,0.333147631840997,0.3774510898089311
1655156,0.1165455529260512,,,
1655183,0.4787827370181262,0.2860831419952739,0.21519321579653017,0.32858580687113775
1655543,0.4110158461254488,0.16326284285041406,0.48294286910793693,0.9438620425739129
1655557,0.0,0.0,0.6802998161218756,1.6709675065854217
1655789,1.2342516853711054,1.0973290561316218,1.2574547387435941,1.173684498337816
1656001,0.46325742001347564,0.6932058840848353,0.4232016942742485,0.3962199465092191
1656150,0.7449926003091291,0.4090218483207328,0.451077159473192,0.6272868254591824
1656167,0.1881803985794907,0.1896997082430962,0.22744614803497867,0.20056785548806272
1656282,0.16722225404269178,0.15374383556237153,0.14049628083393748,0.2133953095431184
1656456,0.18336365015825892,0.16246165486831834,0.2850242105023045,1.0918064207365148
1656537,0.18703147507796894,0.02117593717894376,0.21934429476020548,0.5138825171739542
1656666,0.09680512715919597,,,
1656735,0.08867023666217012,0.11725824327017079,0.033402807137913194,0.08876512263615581
1657111,0.0785377570108278,0.05225497152184103,0.04272166382364617,0.04381518126997697
1657260,0.0005653659949620105,,,
1657335,0.07178834627172571,0.22850179024123954,0.1494235047406422,0.16540673525925687
1657428,0.1657645761348269,0.2333307202013171,0.36389329061771797,0.1251759537592721
1657516,0.21180307797835982,0.27935324776340237,0.15680418260090287,0.12195026179202674
1657662,0.004580134434671336,0.0018271878140406145,0.007845319913648932,0.008395148956780518
1657703,0.09346720403077702,0.026675848493338664,0.0031673397121062086,0.02148943014301674
1657980,0.2549614203302827,0.2941603220358891,0.19275388619474174,0.04168983554046125
1658005,1.3535023142092206,1.629558487539866,1.1473090825692456,0.0
1658020,0.11443758044238915,0.1440837846910831,0.14407111682120702,0.12968966996268974
1658115,0.0,0.37412009602172513,0.0,0.0
1658363,0.5332446735483545,0.8641505185443127,0.6893807951851265,0.37614932954383157
1658509,0.08772000524397854,0.06575966990685635,0.029434765991371115,0.03724707538724823
1658535,0.8280552856546444,0.26649017230404837,0.10395335898886462,0.2897526888659769
1658652,0.11632230216283636,0.17438486745667314,0.20874907826729053,0.1150798798045562
1659047,0.06940202306756214,0.36835051562254273,0.4386006052894542,0.21414988763469767
1659171,0.11936019793477634,0.10090288967933303,0.13442093943794814,0.14306151966287822
1659203,0.2629108629290789,0.1546550005534054,0.14830640665064795,0.2518496166692156
1659346,0.45547049871822093,0.759956267351186,0.7170734345223623,0.6038838303442244
1659380,1.583033518956174,1.8563492429385124,1.4132757168057513,1.7068350651526498
1659718,1.2703766386496744,0.48856796007517295,1.52264703568517,0.28621602015760583
1659815,0.18723061502242358,0.03469855654239327,0.09951908757692807,0.062062208693256946
1659851,0.04505097686857671,0.11487354925981261,0.17722528828834508,0.09777493211826432
1659997,0.06352519495904056,0.7106040916217995,0.34465413876471074,0.35916370126254504
1660071,0.12338853172113119,,,
1660086,0.48105424253394335,0.7526101023639761,0.49674670388134345,0.48114350353897944
1660177,0.2895094833477346,0.2600673764285159,0.2861647552399442,0.27155404616394596
1660203,0.13873895229114766,0.13452020163423511,0.17045160355999567,0.09602743888795368
1660405,0.051924671515455746,,,
1660531,1.8398918849690447,0.7718764934798285,0.98891720993219,1.6263624576176747
1660694,0.07524949008976645,0.19618449522290832,0.2139436936324603,0.23683352647254152
1661140,0.8518549324844912,1.0205583950705452,1.3848294995953354,1.2095976732060956
1661144,0.4370913961429932,0.4528204011024324,0.13965114960496994,0.08731564872080559
1661149,0.17404444062953542,0.3475967507681809,0.17870494126108272,0.10758243847258052
1661191,0.6164021746168422,,,
1661222,0.28110543189059856,0.2218127100146212,0.43513397764874384,0.38634560577026594
1661462,0.5572341581882039,0.6487748952000051,0.5249691908273251,0.4895504621940492
1661580,0.04051930974115325,0.2623799399069403,0.12692871916105397,1.0516945365646517
1661655,0.07565830649889622,0.6222540594603172,0.31472124732097156,0.1345109573396179
1661762,0.24997592283122788,0.782925723480041,0.2701981829099925,0.17977998292734249
1662212,0.06891708106859007,0.2145278438375023,0.08583604364846108,0.06425192428013299
1662449,0.11079915182819025,0.14837684410997323,0.0645831552386669,0.04223774089536798
1662906,0.36756516187390736,0.21855015887231402,0.2802603945697518,0.18964955533107453
1662944,1.570267284059447,,,
1662970,1.4310368466960783,1.05309940912599,1.0249874311267646,1.6011039880009112
1663224,0.31640444352341296,0.2721743278655514,0.2890431849266083,0.14447702553343394
1663649,0.09452426171999322,0.17898110633047912,0.08359326175624421,0.11859601010306439
1663801,0.11157439798660336,0.006481472684002654,0.0013789493704963786,0.000581174896796677
1663865,0.15916068214823614,0.2898606299943763,0.279668845157968,0.2037812492562243
1663897,0.19767765760220096,0.08783199555947549,0.12213546841205547,0.12702334390074493
1663900,0.20446392051347081,0.4849704286596451,0.4189278117190796,0.4815191657140556
1664017,0.06440168364884967,0.018312771610617787,,
1664147,0.06870269131130433,0.06288148739452087,0.0820179493436956,0.07495098086796383
1664193,0.2861350585912088,0.3438315660642978,0.30886734003950156,0.18689511102498152
1664214,0.12113914993407136,0.14117412170557303,0.133197536508933,0.05209447416791297
1664324,0.29434921365313793,0.09341730633633949,0.06705737728437747,0.4195781138219848
1664385,0.10888706655233897,0.18798279831157177,0.21648644166118017,0.25137978791737015
1664492,0.23539076147337296,0.7339142894889075,0.32547556215253926,0.5964580889128737
1664656,0.04431055554930397,0.4154572231509506,0.07755910703796179,0.20469483635378732
1664713,0.12064941125721727,0.13525001551880667,0.1330773009907421,0.08340198391863464
1664741,0.22227508499270338,0.17425366094982245,0.016770470054532766,0.1629159075999211
1664771,0.1352529458748917,0.29392185151518874,0.12230428001513434,0.10733729044770576
1664772,0.094582387395039,,,
1664847,0.10401961360742551,0.05521817684844192,0.08635112228945721,0.01967110243160043
1664864,0.06918537639879138,0.4370700955603665,0.17822809555085117,0.07507150969485424
1664974,0.4445380121528147,0.051973703714173716,0.24673949024249248,0.0
1664999,0.308623039914692,0.37588306447264636,0.17183660024242414,0.28867560739055625
1665012,0.6289624628070677,0.15957629826630373,0.45352452953132094,0.9505636318507589
1665018,0.04376617079886693,0.0008942294748029425,0.14530317224221392,0.07474110622946312
1665077,0.8468949108797172,0.5640060260050257,0.9424777306773588,1.0818047902550736
1665097,0.05041889786272712,0.04897043883002251,0.028373851430672174,0.015506133763890831
1665198,0.12824100245082432,0.19772648014685412,0.21739285358966265,0.20603322848446975
1665199,0.059989786203977546,0.08806782310651881,0.12215029532097053,0.10681408559996745
1665241,0.8912809380266262,0.9134294760842694,1.0445539115964844,0.9711738157362292
1665302,0.1259132670586735,1.9647999654597263,1.9670354635789522,0.07262232789198925
1665337,0.16597254949316548,0.3561075598739547,0.1421121532196757,0.22691050248156716
1665359,0.06600495805015855,0.3552178119067576,0.05011425914661316,0.15673561392686924
1665446,0.008504298408825833,0.01791108936202595,0.021334441013262352,0.020001670953056064
1665518,0.03596685385125439,0.01664203019045028,0.02636170079215109,0.0065879503413734586
1665590,0.4887460085792871,0.5597186134338364,1.1265597191820564,0.3961227315200748
1665605,0.6775287875069259,0.3536663589309812,0.6601568372508412,0.9327597806255729
1665633,0.0816668739866902,0.07741964462516797,0.04678480272755993,0.04542019924456242
1665642,0.11887977361515822,0.3482896705770407,0.2853792005451209,0.11225202454882646
1665744,0.0,0.0,0.3116038342231838,0.8457940518218249
1665751,0.5056455128584707,0.3314339223224077,0.5608450930315617,0.17020418489419079
1665853,0.759068279318262,0.6708825156516495,0.620183780759069,0.6907911520868902
1665887,0.3600484152823673,0.5319498569939601,0.6215922141920729,0.5993763269040171
1665925,1.5899236771598366,0.9483447352597565,1.3341869646086533,1.214551797682522
1665976,0.1472292078332702,0.17987956672804165,0.07458382494383103,0.1054528181198907
1666024,0.5262870930652829,0.500112660212478,0.09818852162273149,0.061125996626861516
1666179,0.1950606037144094,0.2118308261220223,,
1666231,0.652008210138826,1.1510030491255674,0.8765073985025623,0.39454784924404557
1666239,0.2712494402488585,0.1558610841271895,0.36327586829239605,0.19331002363556388
1666256,0.0,0.9537770735226189,0.9851217079113724,1.1968185394047404
1666335,0.6908663153748845,0.870333966226215,0.7129310034748311,1.2804343538365388
1666363,0.4920551998998824,0.7365861558011105,0.30979604000681144,0.3967011430973079
1666470,0.029172382869800385,0.041443100486555313,0.013902610418029392,0.030074666763407164
1666472,0.6540273423392399,0.7977625778456708,0.7678754837189136,0.861270610655446
1666551,0.6188262128256865,,,0.748821646178949
1666606,0.5691204559324006,0.9033585921584656,0.9851602716395329,0.526139244674428
1666613,0.6057129525958235,0.13332584823626567,0.40904620077531745,0.02477858071790096
1666624,0.05261929543422792,0.030516513238377705,0.05959197064100471,0.024954472519128957
1666664,0.2048635856583376,0.12354089448155293,0.14676119634535917,0.17167947361798566
1666682,0.3109368247034732,0.11602158728907781,0.025507934301918125,0.04006804359214765
1666733,0.1872962986538703,0.24624415514506307,0.37728058778318396,0.11121009547192601
1666736,0.19901911457825827,0.25715888193492814,0.07331179586686301,0.18843104821709916
1666741,0.2473842020924379,0.614636734121595,0.16153387355120324,0.11622609389474779
1666757,0.09953108529638154,0.28215127987609934,0.3495986994666909,0.10451566496946064
1666786,0.08489343301100495,0.18549771302646434,0.09099348204396533,0.07255249068927273
1666788,0.7103711693759006,0.19440966048425853,0.3105408290415373,0.13899417162877617
1666789,0.1173556240198033,0.1452323484557548,0.10405974590220272,0.07880231356485284
1666910,0.1062816254350239,0.20693347542216495,0.04624816374605005,0.06054301687584737
1666940,0.08482891611618441,0.14494864050930473,0.038627623341812745,0.2613676138044951
1667019,0.05730523557266553,0.02213443445490802,0.05406552891050667,0.016727663558942573
1667074,0.4370332152951501,0.216106872584663,0.4006652617753836,0.21800706681507306
1667102,0.0776287740946785,0.12152554983645387,0.03791648058535744,0.09654229514039084
1667132,0.1469616734204287,0.1161410275363243,0.13151113943459655,0.05345083878938123
1667134,0.191955888529881,0.38396249388789816,0.4015392822002787,0.17732702651025395
1667140,0.09174070535958122,0.180868008145528,0.13882596296117408,0.05880813583348411
1667146,0.3203002101262081,0.30426579581160335,0.1520625657957095,0.15448973536535454
1667163,0.19373052265403964,0.2310707318274389,,
1667553,0.4125305788512599,0.42846222797587885,0.456925056326571,0.6726424355282874
1667694,0.07557807738915238,0.3045784052624481,0.3241500516654128,0.07194145487895637
1667954,0.04186734626091222,0.017088967262705864,0.0,0.6976305086019654
1668029,0.16107029216571725,0.0,1.154888298585215,0.0
1668155,0.053436482968409284,0.30119604354228907,0.0910866924227496,0.12026565876439843
1668188,0.5237496512436335,0.1710877271985972,0.14603073230461502,0.17250127260784534
1668189,0.10778184934291204,0.1536273282686734,0.09346399135440717,0.07456244222125528
1668256,0.4884761777347022,0.9155191236789333,0.7514234081607469,0.09760415643526427
1668343,0.0,,,
1668453,1.3486915422312329,1.7631596484692733,,
1669162,0.0029461807485959023,0.0961021963775527,0.16024213523035621,0.19058111581564724
1669362,0.6808032690299843,,,
1669662,0.24740735938825706,0.09919370233388174,0.023671523254990466,0.06250496580529315
1670104,0.17186801193821874,0.4234652303941593,0.20086748403067115,0.30703221322049024
1670139,0.40050551646664373,0.18848803081386165,0.3242726985886623,0.3064320802979473
1670185,0.015420236323975099,0.03795008860980381,0.11838800448968624,0.0
1670627,0.0,1.8986129676453474,0.3421004442354193,0.10893325696837822
1670903,0.05025640356312795,0.05420888457584754,0.0317980937421205,0.030974069605673116
1671122,0.001038385150612267,0.006122324627584913,0.0,0.0
1671186,0.0,,,
1671207,0.16276777533832,0.0,0.0,0.8664798574790538
1671623,0.10285940957175446,0.12479390939006507,0.08536751425735738,0.15653637129078446
1671657,0.04979150083070559,0.2181956900446128,0.10104620100930267,0.25404615675555847
1671716,0.05551851424694159,0.0936518409210616,0.09835826246070646,0.06768073010513463
1671754,1.02359889011041,0.8725771700329255,0.9999291509432253,1.053143329472088
1672067,0.15915389245520847,0.22203029602395996,0.03315389148216732,0.1346980558678453
1672070,0.5230206902310665,0.601187102636401,0.745731464459341,0.3750490776763526
1672142,1.3351797656818605,1.4877602725318673,1.6672660945885902,1.4419445298903542
1672512,0.025847282819331494,0.036124449196338004,0.020289347209972185,0.010724353447802697
1672594,0.058964780138785505,0.10156951772802274,0.05491137800644179,0.06894506950753752
1672681,1.306532677782837,1.0968815745210185,1.438298591394401,1.2036148777240805
1672829,0.12160806029272561,0.06643439536521473,0.042941715883100716,0.1544649488199946
1673228,0.009347162555641924,0.0,0.0,0.0009403006525285835
1673385,0.4557304137263585,0.3802952366295876,0.6236770361843672,0.6529837823306942
1673588,0.0,0.0,0.0,0.0
1673633,0.04169820255606556,0.5042954181610665,0.08308239373491653,0.06044906691238201
1673815,0.07394605779333345,0.13742358743140873,0.22864383475785066,0.08604167978486692
1673907,0.6660552363379181,0.6396564296342623,0.22126574178856293,0.2334844232614203
1673922,0.013686916682606312,,,
1673954,0.3021704390412119,0.1244147542024835,0.07528864524244093,0.04881952566503243
1673995,0.3074019490458897,0.16042416811017823,0.2730732603990017,0.2032008507110861
1674020,0.3267017034895495,0.2173697876864775,0.1106998417930529,0.03681004852330306
1674117,0.10902312153056766,,,0.11993927397825646
1674205,0.06507696875191672,,,
1674350,0.0999412074279883,0.28906453111516084,0.6177060904419017,1.0427786521649531
1674486,0.0526642342911245,0.07033504774212784,0.07318410393373603,0.06686202051885737
1674546,0.07886430904283771,0.09100479434646612,0.11082930864554005,0.14039453833960047
1674581,0.28414928219097824,0.17346528294575062,0.1137668738552078,0.20211693466787475
1674623,0.2737694044170347,0.31909275804605447,0.29570967492186034,0.09041517574468656
1674705,0.0032909118235751357,0.16054006520822975,0.2393201277233963,0.02439100860765219
1674712,0.4386507479810023,0.1960789225039263,0.06822459955385468,0.17274841670061641
1674784,0.05904709157828671,0.4740219430075797,0.8877601223273495,0.9462090715546148
1674836,0.9633807460987234,0.7888197537581166,0.8749002930053769,0.42180260449636575
1675187,0.5049423589848893,0.11698874186882449,,
1675226,0.0,,,
1675688,1.1400579298449323,1.4817624489989827,1.1225780387051363,1.244806456392876
1675762,0.32887927634954917,0.24833450352966127,0.08495562356548404,0.07569081279091598
1675855,0.21102844230878737,0.06163164707941925,0.007776701491385633,0.02442189990081525
1675884,0.18500612855603063,0.31407948356423276,0.5096093411300154,0.38589007720513513
1676292,0.0,0.035584473401506535,0.027509724703296195,0.021037015561082267
1676603,0.0402755492782804,0.04593910162728929,,
1676623,0.25000837013534943,0.13245897363156536,0.09781316767175367,0.5808721236703962
1676924,1.7034999486316418,,,
1677044,0.13708894922920675,0.18191762060856323,0.15836712642450737,0.12096059444495352
1677253,0.14833778314277302,0.10737604360105311,0.13548305266803465,0.16492849800720272
1677501,0.2696233975476095,0.4324018674396339,0.2832327214149063,0.25216971285047823
1677560,0.18902652251808214,0.13753644205249088,0.21108584406803826,0.6761391307651543
1678378,0.06390037565572354,0.3385639099436195,0.2909005973441537,0.42528604981072815
1678953,0.07279272056955434,0.9853499360939438,0.134629878208437,0.7488826582850251
1679031,0.07336712738873043,0.08675133433984326,0.3478448760394763,0.053128258251309624
1679064,0.4483638837572417,0.4891783390560953,0.5905866722826089,0.3641565972500463
1679543,0.3972123874281224,0.5795588057242729,0.6840414437362895,0.5858503309816042
1679688,0.42524127467376643,0.4269457700024236,0.3953875663563575,0.34191733526895784
1680365,0.06478014377248778,0.06139591707396876,0.06598549444780785,0.1708500003034442
1680613,1.6868671230269698,1.2981002100314527,0.3664353230003204,0.4008985316038023
1680638,1.1132704283415256,1.363090255603,0.7128741555806563,0.9553732003420923
1680843,0.8282329620871955,0.3165419997643769,0.10181232549274541,0.5402759669032298
1680964,0.3814919781220148,0.4626467734784878,0.2708374613268673,0.3834565419281505
1681004,0.19057857884639687,0.2430655814711239,0.3106229591834935,0.266031062385805
1681126,0.382000372339095,0.37867297030289804,0.3506707865376827,0.33479911637600046
1681372,0.2221060898580734,0.029728593944490036,0.06651277707608398,0.10117959531493773
1681490,0.2213271882487612,0.11883287725977369,0.1906864494954861,0.22568714042577614
1681596,0.1720067386904511,0.13683553102819968,0.06067564060025488,0.0946471286131499
1681614,0.5942776606987423,0.18345938969519565,0.7679419694111285,0.550750203625356
1681662,0.5242393415275238,0.8030007425175755,0.9664406739013077,1.0496123473883947
1681681,1.5523161944738522,0.0125525666377556,,
1681822,0.8509122818155255,,,
1682021,0.12152251604551544,0.1871388097476825,0.41613742905299733,0.1169618031455029
1682057,0.3913184687328139,0.10533904136622232,0.05581885989983149,0.09309928813126048
1682266,0.4741022127590458,0.49753994772517135,0.47077830874100834,0.3069634243672068
1682475,0.21178802414704018,0.10320439080381977,0.1324272401677708,0.6943133746194153
1682501,0.10821446068039321,0.15123302731962968,0.16760847641609708,0.14047095855060002
1682576,0.37539194549772004,0.26119096279934034,0.20621345587022274,0.47290716486294965
1682598,0.23154142680903353,0.2737651694503088,0.14210061946848074,0.2548564572218914
1682677,0.02860932439275108,0.04252953427761289,0.21159196795989868,0.05741153047585931
1682733,0.03002410174350474,0.061367831836642135,0.04321128555744033,0.053394890935506964
1683059,0.2424676372961645,0.20620992904655555,0.1833146811868036,0.2563571172806684
1683073,0.9816593106249825,0.6497385391428036,,
1683182,0.08357332720330378,0.049692371780293294,0.6269728628032213,0.40276299890869083
1683297,0.0,,,
1683689,0.007122527801345815,1.099375681140602,0.2133460729710715,0.16580719318727635
1683754,0.10155891796001569,0.14634879523173422,0.02569843104805158,0.04015278285116869
1684868,0.5931466920039411,1.0091846381543588,0.6181749616534195,0.9495471393440693
1684956,0.2966549711545084,0.9026994409848265,0.739368989707652,0.4688571692651459
1685364,0.08696968880714792,0.19509937364509605,0.2145712137002187,0.09461619594659806
1685771,0.19997979762663956,0.17920280887690956,0.10190016971708908,0.17876471047757658
1686242,0.2155932843823467,0.20208444379845358,0.4089604263420804,
1686305,1.8868948598403992e-09,0.17648452072202608,0.0,0.13571180689010925
1686444,0.06869614422262621,0.12188868511711479,0.08581419156267467,0.06590857196111675
1686776,0.07949008401578334,0.07471084136850985,0.20044560107445678,0.10418707000075031
1686844,2.0,,,
1686988,0.5340056505908641,0.1825077991992204,0.5791117363702548,0.5479195409094334
1687078,0.22601201249302957,0.2747744975948239,0.18576043921280333,0.4485992881252047
1687156,0.01112655738314525,0.018762740781268505,0.0253080251548849,0.018249998018534976
1687241,0.9663508418501007,0.7098277458077125,0.7767858575397246,0.9024120804376563
1687444,0.6849554852476597,0.5479607282108299,0.836813577381278,1.206214961590132
1687470,1.4082046737766054,,,
1687509,0.39260539722594856,0.3593337106626987,0.5505873449951759,0.4415173210832084
1687832,0.2757434082539282,0.4929479375709517,0.5711383498956372,0.5826452318810862
1687953,0.005922926771831953,0.0,0.7143277299504853,0.0
1688150,0.1524350959394821,,,
1688184,0.0951685097349608,0.20649097584569018,0.2722085266829972,0.327552780428092
1688282,0.016608144059605087,0.030515795117395918,0.005788062174585743,0.0506875990465919
1688325,0.0,0.0,0.21342221408987228,0.0
1688382,0.356055033677267,1.340224675311125,1.1881209117508718,0.7580342256387171
1688511,0.6116499303775857,0.6926462441534535,0.7652470604218229,0.5651949197415804
1688519,0.3391361578697118,,,
1688539,2.0,2.0,0.03368003371276791,2.0
1688666,0.1778726171630895,0.23268201415045936,0.22015563185197845,0.17376807846019687
1688774,0.8177781813995193,0.07784203735376014,0.09845308157816851,0.21898146045553665
1688829,1.506236454201421,,,
1688882,1.094305089200222,1.2277089805629686,1.3849703369541224,1.474487101040987
1688931,0.1824645705339418,0.20701065320687048,0.15375648868994402,0.14087973031977513
1689007,0.35533217441033066,0.9672862869159086,0.35427232238860723,0.38435613899531584
1689013,0.27268003349858844,0.36941778987792434,0.33258778263572664,0.2538270637904164
1689144,0.07333728513062925,0.05015467706116677,0.08426984817332817,0.08092553450900558
1689227,0.08592545713211747,0.13144586255682353,0.19419280594201643,0.17262444200636937
1689232,0.23719931038173894,0.4736845563138367,0.7011987223764774,0.5300793435872782
1689470,0.13401959062163066,0.2120667434353178,0.3143790300420784,0.3490111120296739
1689508,1.15908198074381,0.42430612621569364,0.15150042169281328,0.153474499370762
1689646,0.12465368939065967,0.09173185061326947,0.1287613753244993,0.12714112681313142
1689829,0.04524941806747069,0.0987866606245764,0.2841692026931233,0.1029548146684428
1689872,0.2634664584306777,,,
1689874,0.08172208301404345,0.133510628781285,0.22663664938871797,0.02689279087265415
1690010,0.21482966967101186,0.1366404749606908,0.2983901781043721,0.1176138056013817
1690295,0.5057690664910811,0.1294634791249463,0.11912362965614208,0.05071890759355043
1690370,0.33261090552830236,0.4932439368494039,0.29719084629329584,0.12104472327342931
1690531,0.2475340048226449,0.33843597752639765,0.22842547603149913,0.1253369975695186
1690675,0.10115923901748258,0.545722120960516,0.49554689807045466,0.4562588287788636
1690717,0.12921929682176758,0.11332204259679854,0.09533579101672,0.09637005982951241
1691170,0.12172650143759942,0.14225596233567106,0.21418728285331862,0.2925027590266531
1691766,0.26222347827070974,0.24454721793650164,0.2846647659123661,0.3335993755003176
1691804,0.20096049205978544,0.7452718852052073,0.3521491741650459,0.12515633176462299
1691827,0.08001439830896699,0.10805996009275907,0.06579534880447203,0.05367014493703024
1691908,0.051525257990169444,0.06154203640472984,0.1027311108188552,0.16524070519272668
1691919,0.9886087992399172,1.0415253630570698,1.220672522848834,1.0675980697291398
1691982,0.18692267798109327,0.15877400282454524,0.1490250472684482,0.18744849599995692
1692038,0.26229639525856036,0.2179708723650217,0.16279625903759315,0.1432870793734124
1692227,0.07325040649375951,0.04737040917072963,0.08499931112541255,0.20352436500248622
1692234,0.20406270554425496,0.1414000979752918,0.1470571553959058,0.13914747728233978
1692252,0.07574409594325793,0.05688795776365968,0.09010476767014565,1.3443850124887018
1692507,0.8513480765465051,1.0178625938844066,1.3236481798403237,1.3241119832274801
1692590,0.18899332143845343,0.0,0.23357507988100856,0.10445267674412882
1692632,0.10298171118531842,0.2459697540068749,0.12228351109036271,0.13056288953949638
1692751,1.867016125665079,1.999393673412323,1.037627997826452,1.260839940958538
1692820,0.0,0.3665488792747634,0.05449887873533076,0.08167312539210256
1693032,0.4583837042986406,0.5101705180017055,0.21442129176443336,0.31708046946230234
1693141,0.7589819138012488,0.4837161322233095,,
1693672,0.04141308272984663,0.168538721205977,0.00010409922118761768,0.08802930981790844
1693745,2.0,,,1.0882614545624711
1693750,0.15624814665540832,0.11380573506705545,0.43164678323681316,0.15777614271078097
1693789,0.15624814665540832,0.11380573506705545,0.43164678323681316,0.15777614271078097
1693809,0.10432896396659937,0.17647809057939665,0.27920027743403636,0.13970496806451024
1693838,1.6448498872404806,1.8571058582617503,1.3818930223540296,0.4418526265089935
1694079,0.18217758731955352,0.1646211006613997,0.09294771676769127,0.29361815984112005
1694080,0.4005081727982625,0.21055040312331613,0.1711111565848048,0.1595994988299469
1694126,0.3155793791851028,0.3964001103067042,0.3327473733854582,0.34972724604102995
1694127,0.048468714859740705,0.0,0.008953172884042276,0.026995365066596732
1694164,0.29406830776466325,0.46825919949612504,0.36975763535123907,0.5124926371402625
1694217,0.24463518025902362,0.260127735747108,0.43587694353263184,0.3352981354921579
1694283,0.2927324753335896,0.37441218509577157,0.274236555339604,0.09998401272049678
1694284,0.16380006840010747,0.07777895167545461,0.11692630828972798,0.11590573035026715
1694297,0.09880372627600637,0.13032284007478323,0.2679291511026182,0.14248232663733668
1694435,0.7150862620957594,0.15612759021857026,0.23751664561283517,0.12619448774272282
1694461,0.05806406702293757,0.14034511181274661,0.24486073988349946,
1694592,0.1577658779146765,0.41174752519964947,0.42299160699407856,0.045530670938534586
1694870,0.36148077023560765,0.3944126908347352,0.47898537549173337,0.727818289420102
1694883,0.26685928242909573,0.14566238526451522,0.1998249987510557,0.13399360787896705
1694886,0.4379040172711496,0.09296032174584658,0.09750992728603196,0.2280080351825436
1694895,0.4029201105043768,0.2591884217768539,0.5413591455992159,0.39163325528989534
1694896,0.3577396299608309,0.7003679035322953,0.5710585206383797,0.39528859335354793
1695078,0.5579442655042707,0.5604349262362694,0.43739019755994235,0.1702823573260538
1695214,0.6790863097131503,0.5848694256149701,0.8084506755046786,0.9624211566534836
1695320,0.2944755228731479,0.6426208252898238,0.8903476646395161,0.7445455422893044
1695344,0.09295502512757402,0.2300980215619618,0.12090987222779921,0.07470375932453124
1695345,0.1543029847551358,0.2387240295307759,0.023466626056259085,0.11998866303206326
1695426,0.05512727150574245,0.04962708997415889,0.08968301506403321,0.052858663050282584
1695459,0.0,0.0,0.0,0.0
1695490,0.06321925218483393,0.3715604420408987,0.471235362674509,0.08403845340342037
1695582,0.0805894867190637,0.04760977963198109,0.054735676286593295,0.041357882244600824
1695658,0.0658999485822092,0.012948979387898525,0.09581067206274624,0.02420489314732498
1695664,0.07415610984227894,0.18444744517299994,0.2479479011732481,0.3745402057266067
1695818,0.5050335556312896,0.2491805148461468,0.13310148756620535,0.05870344342764242
1695908,0.020365090086613278,0.0868253749439214,0.060187259870352436,0.05671298530909637
1695959,0.2165624854623531,0.1943027142769976,0.015814933161507456,0.048109890966530636
1696064,0.17685372803569227,0.1484256432954199,,
1696136,0.28711932789501293,0.44999350341062055,0.382846882783907,0.3790694254684121
1696209,0.3217525801582187,0.37991983070861046,0.01589072526737428,0.02864504756946469
1696260,0.1502522426187419,0.1275883027798424,0.19374401153797874,0.27687830930278645
1696263,0.6228672816962169,1.272329721763138,1.3945738815319446,1.7543701457904912
1696438,0.019050156921555168,0.047054797079105,0.06770924172651754,0.02886733102420703
1696494,0.149647875920675,0.10925840228596392,0.16874673391333586,0.12810562517636143
1696497,0.25110662085656354,0.40979806331403146,0.3940269881584204,0.2589339233418734
1696615,0.1368284055213308,0.15632596126409212,0.044888865664804545,0.08482086533662198
1696628,0.3710129943478004,0.10955990660381582,0.19728918785237928,0.09443871718330989
1696715,0.1394636370052268,0.3629548923744352,0.22032949166810337,0.20590982324738755
1696731,0.082618078270092,0.23826187211191602,0.10523542718343817,
1696778,0.43604219206883754,0.5835594347815221,0.4796301496976864,0.6138339356426235
1696802,0.027694345445656066,0.23770299627759214,0.22398424335241907,0.17953054947354077
1696867,0.043553853008494285,0.04088053159704314,0.14186920054290753,0.7615268289059668
1696899,0.16733862510157213,0.24861533164568922,0.18649725373077364,0.08809186535850043
1696957,0.10207695082690564,0.06052290039912837,0.4147867492921078,0.36110652540879457
1697013,0.6306494647620983,0.6068125002192786,0.4653216056510221,0.5083243111932945
1697024,0.017227611844264405,0.08418269915405646,0.03764011306280363,0.028819270422647834
1697030,0.002871763653414166,0.010785600732528608,0.035192976150896234,0.028453341758145775
1697110,0.5360011002843298,0.38872947792105206,0.31567326082912617,0.12306051936980181
1697137,1.5260413983201566,0.41056686846450197,,
1697162,0.24039904695343314,0.2009062752559656,0.16621491310057063,0.1933243147712341
1697233,0.7557788424529848,0.544037210516118,0.7090397091220543,0.5106246454324266
1697267,0.3281420663548858,0.04414955432540941,0.11638922956996753,0.2724385518827395
1697274,0.2766089933346303,0.22598195603384963,0.3230400346047596,0.23000308484426754
1697300,0.3257901126066073,0.09880034880809578,0.10193566246795734,0.11923942427805935
1697303,0.6292379485448312,1.7726228159262776,1.7640857283857276,0.30448268093167136
1697323,0.35692575997962533,0.5705080317042124,0.13192910126454513,0.3125523737545648
1697360,0.09319672703383179,0.0649412437934008,0.10352912536460637,0.11560421267745093
1697366,0.447128940605647,0.35171053752492026,0.6926623333399411,0.6872847990424021
1697375,0.054968036106278303,0.029603632013425443,0.0569912968280193,0.047795236630482
1697398,0.6370397143478934,1.0217290552984588,1.2067829710337938,1.046110968584546
1697457,0.25175501857155996,,,
1697478,0.26119537837671364,0.14923794715772623,0.2783705434177736,0.08242516614499508
1697490,0.35843704347562694,0.23075838820992056,0.2944766458638448,0.18256974772211101
1697493,0.12490300613144208,0.11734193480414243,0.1314325083439379,0.11848802237941498
1697569,0.0,0.0,0.0,0.0
1697591,0.003452387207750664,0.04717180345234267,0.1026006064392364,0.010032852576919986
1697597,0.3131552290650401,0.1452655822361691,0.2655493514283186,0.3821212581816934
1697646,0.07029330560158113,0.08778274216627366,0.03986315177052573,0.07649010915977557
1697665,0.29389430805622485,0.045840270406038046,0.3007310427237755,0.40930857732438786
1697715,0.07392291948555021,0.045443025566576555,0.06664071695974376,0.04294880288490725
1697716,0.1944680556994749,0.764256907008972,0.465465139569672,0.2113145790615102
1697717,0.2443236449717779,0.25305020614473306,0.16648663455065385,0.10161110769290733
1697719,0.3017287526821947,0.17102603831702168,0.17489024771085065,0.14792204312132848
1697720,0.40142144040875977,0.1608318348330912,0.0,0.0
1697721,0.181148519386312,0.05298331398562786,0.14517174406532032,0.026116455690043748
1697722,0.23342411166399926,0.1673079527822451,0.3379488239586846,0.040583742102456424
1697723,0.3071582541610355,0.21534703414527587,0.24063197994015564,0.28033827374266534
1697725,0.08832428356886075,0.05022909212354821,0.04180766584930832,0.3454534254808278
1697728,0.10576157362420163,0.1206727035149377,0.10307964747339975,0.21610884529395216
1697729,0.269974483582286,0.2883449717148242,0.6108568035993516,0.06097922845166146
1697733,0.0,0.4340613729161151,0.5221235150664475,0.0
1697740,0.44666564227837235,0.1293626977728637,0.07016563543262969,0.029680652397937626
1697748,0.2762287783645347,0.12236253589562118,0.1235768581711831,0.1303951125206126
1697752,1.202826730081573,0.6506362050322325,0.13452926662980172,0.13574257591387112
1697765,0.20836662132844322,0.17924272772397412,0.2692334974520152,0.2842976007829498
1697767,0.02203309005321779,0.23923475385873325,0.031856766999743616,0.0179372217731591
1697790,0.10979295636974483,0.11073018594972868,0.057970179733211495,0.06660317756612133
1697791,0.07414212778516951,0.07162251484651162,0.07697465934657602,0.07397713748384915
1697796,0.1303842425007168,0.1027912685843519,0.051325542250417605,0.11241804215697619
1697847,0.100595854004381,0.3784379763723493,0.3035448195287206,0.14522158974666555
1697848,0.30414653257857255,0.3876775866468768,0.4525196796415931,0.4678619136605686
1697850,0.35136793627502416,0.24557587168272166,0.2938206372386625,0.35287972106872945
1697855,0.11078793439178486,0.09779701027313946,0.09126198643652671,0.044517195316604884
1697856,0.030016794344285974,0.03429870514222675,,
1697857,0.44265551740612485,1.2125909099270336,1.2489654462840827,0.583278313470971
1697865,5.442468123010664e-06,3.0235970585238376e-06,1.2699007814425164e-05,1.7536767496024748e-05
1697868,0.0003409856846921394,0.04333242817815077,0.10830348545364131,0.11663588682191091
1697882,0.19420973581231907,0.259270034889197,0.12731010086523695,0.11898776391218838
1697934,0.17353506161723156,0.20572629572874213,0.28647680627322863,0.2718066466110693
1697953,0.41065065606931067,0.266580786279217,0.4646210192452179,0.5575492872109338
1698006,0.16768463865906563,0.18621089888096182,0.14759074508131223,0.18735749512292307
1698051,0.7787509465780396,0.814150054617022,1.0719850715594537,1.3736130414001813
1698055,0.9212508466161312,1.0910508574411601,1.0589186430023252,0.9701262949182767
1698060,0.0733829310223773,0.16596436501029568,0.13667091802693268,0.12419073016341024
1698068,0.017460361267516055,0.08966670748773196,0.056158625940145764,0.03372324634659192
1698091,0.10630348779797817,0.15389409386862857,0.06583264556765286,0.07079965357522866
1698093,1.503523667603697,0.6319816351172365,0.24589157490444316,0.22115971232313317
1698146,0.02668439130121558,0.0738392854043752,0.048801623296916216,
1698148,0.5499418294886878,0.6042001170516379,0.39461764238903596,1.1864009617638411
1698218,0.28078998496055224,0.5881869436562844,0.4756800156439671,0.1199125462263776
1698219,0.05671720453881838,,,
1698222,0.1141339488164406,,,0.014561009749495311
1698246,0.034462181815046136,0.06499926036114002,0.035738495114347194,0.07667329771186736
1698264,0.0,0.055955635387719305,0.0,0.08237529914978717
1698461,1.5660041449438704,1.5308838506653195,0.8527292816510289,0.7086446334405994
1698478,0.3182881948295527,0.2898284961416727,0.1388168612841919,0.15898556746853842
1698481,0.4928065169075751,0.4286050318873923,0.3891315870478011,
1698484,0.7343409667547088,0.39816480881527905,0.570806088806392,0.6278740795956184
1698607,0.35131354103156015,0.5411282336881319,0.3525210967374309,0.503413185022293
1698661,0.00013758312591098868,0.00012863202466660066,0.0,0.0003053424433214141
1698750,0.044550964799231034,1.7669509618810877,1.772244926332608,0.019759946406508223
1698777,0.4507782180342103,0.16264630879894246,0.7843594983770381,0.27031464649788506
1698819,0.7107393243694732,0.8082535651093663,0.9755665908382852,1.027939875483171
1698926,0.07398077909075355,0.1749953491709292,0.07059092865754323,0.09246222272333837
1699080,0.8162861526056219,0.6949050603646482,0.5794034488978648,0.7709527361023123
1699506,0.2036704493582138,0.7151016461681062,0.29265646290956593,0.04553218398599486
1699622,0.1474489275071545,0.09860462857323124,0.11444397591533353,0.18953776197375197
1699673,0.6379113153524749,1.0559394836820106,1.0470778472313387,1.1526120226032979
1699803,0.30263988538127096,0.9347101162201209,1.6841445223646738,0.22375827919481642
1700272,1.0341839530666646,1.1204542555015242,1.0600240385796933,0.8920590885805683
1700286,0.7664498325866925,0.8276175050544117,0.8923274630725062,0.4067249659201217
1700362,0.6560592317678282,0.4540412040277813,0.40821799731828445,0.1711597157980184
1700481,0.08773419097843756,1.0393074306631909,0.08604232827582296,0.13412370099463605
1700530,0.11619562689649511,0.14246874316876437,0.11818349861976524,0.1620654111583675
1700574,0.8504323412322461,0.8792793131417421,0.9228374656310343,0.8971862973828798
1701132,0.30613117609082074,0.0776024511763772,0.09145373890920976,0.07947745293223273
1701714,0.23643897465328653,0.12524076087935254,0.500604930643176,0.15280407541076294
1701879,0.05016707373799076,0.05063072615252444,0.03903794916951224,0.031211798186453536
1702435,0.7272718654115585,0.7576587180928465,0.764891487912211,0.7431620939933616
1702490,0.33555935839198653,0.09100420567305342,1.5918802160754175,0.0333729591005329
1702721,0.0,0.0,0.0,0.0
1702973,1.0376898078069368,0.6384184168217154,,
1703027,0.00010531027356198277,0.23068341003719064,0.0001666214749055326,0.344850928928106
1703031,0.1688127028553146,0.330930126890091,0.2917086732361047,0.16935201700757066
1703080,0.1516557534711052,0.24435434555886057,0.11591074161992337,0.10334576837563177
1703081,0.10402953956484944,0.11023653126373828,,
1703208,0.24681663220364763,0.1603319243605639,0.45702633819034055,0.2800268308068105
1703383,0.14410315935184567,0.06421754740204412,0.08740270691974639,0.03751631696282277
1703496,0.06900649063014007,0.26496789223622924,0.09119569479186866,0.0508603047274401
1703556,0.13973555587693492,0.15552015485197954,0.2966314121661627,0.20703923903686447
1703658,0.18350643241493445,0.41613923022957633,0.06274983383678753,0.10982682774309971
1704107,0.06669157653591351,0.04497354047517057,0.03541861105889202,0.039366298578637
1704132,0.15548014330199023,0.016198251488668984,0.0,0.0593456677347585
1704212,1.8918606455699805,1.9034772390138452,0.7463980455601097,0.742675793501243
1704300,0.06462401475144608,0.04487360523421575,0.09000671785213937,0.051495618408103974
1704404,0.26549019442863486,0.561737024283069,0.3414984820815346,0.4867290993175124
1704720,0.061253047410886705,0.039105099078130125,0.04034756891455705,0.059626725999092335
1705265,0.23966124182117152,0.2958208860037916,,
1705399,0.7024693116057327,0.7718112948039597,0.41853914438492845,0.29564937185791285
1705438,0.0,,,
1705655,0.226874764696564,0.17641147012995684,0.30559424752234865,0.22197498970489368
1705711,0.2029610492376898,0.1313181461923489,0.20437196116997158,0.18612108758977028
1705712,0.03588998872684654,0.01610021588814429,0.001217426583314327,0.001053718013525285
1705716,1.9983939860014632,1.9986770959252638,0.04398991751890436,0.07839345086428065
1705910,1.135738516434025,,,
1705929,0.22899135629991732,0.43421419087435453,0.32814054094972,0.45716513666010894
1706013,0.029981929606437602,0.022457418889688108,0.02077873582906583,0.02291926188951247
1706016,0.04730636227610459,0.07893814576867707,0.03247345932456658,0.03584288503697631
1706028,0.07199907271697886,0.08576837980097975,0.027396534650288306,0.07734933382088291
1706164,0.37019911891792234,0.506841389921755,0.4933194790196251,0.42293221040449674
1706220,0.07091264824970858,0.05722452814444326,0.887240580160072,0.0
1706247,0.9128699138729542,0.446827434116319,,
1706248,0.20137476822365885,0.15158132571809194,0.18542085633926314,0.20082581378840253
1706327,0.7430893297263801,0.6996104710663631,0.10534107751564815,0.07135527773942822
1706351,0.40657167968082786,0.37324469551236095,0.3892065524146016,0.05465285019449436
1706511,0.0846417902796239,0.1350253666261436,0.15550283469186815,0.13695942355213309
1706669,0.3550495087843352,0.20518661983913428,0.12432078316018955,0.30111852755200824
1706766,1.2908985645363593,1.2320137224882435,1.3478366886621453,1.2511139528127757
1706836,0.15495868572575078,0.29452153903206146,0.20903022274522137,0.1438670112425264
1706915,0.09512574363196147,0.12826684472672312,0.05391816753411507,0.07067743383873284
1707096,0.3772384206379238,0.5170657126872606,1.4470728309008256,0.06859641679625243
1707202,0.4073502927691919,0.31067170088097157,0.257655543578334,0.19067216137335183
1707206,0.09689439115735461,0.12789663873258772,0.09132565873300888,0.09262719355913318
1707790,0.21897373261148878,,,
1707856,0.02684365972995346,0.1176540104222119,0.16208216229583025,0.1027370260296149
1707921,0.027075023599205647,0.03512701942482638,0.026067408709969507,0.083554047476975
1707975,0.49479134393741636,0.22786400492221398,0.21100896409495296,0.10244970823173015
1708001,0.8096788906737691,0.10271314274927984,0.1444917482995926,0.1654014254350927
1708139,0.02182341924986282,0.0,0.045042476326429645,0.017780223706306067
1708759,1.4975153012466396,1.3372724087959822,1.129017348352322,1.1308037552003294
1708828,1.2537989146760333,1.7072882195461816,1.783750970635177,1.7256955312042999
1708872,0.07008796243146556,0.09714675331216387,0.09038104598237175,0.35450127088760597
1709323,0.0,0.07574643365938749,0.2576934473077697,0.228784559687876
1709478,0.03930210426609875,0.06730253652687447,0.06138103150990249,0.12622711276060067
1709622,0.7402489081394921,,,
1709632,0.07138980645549006,0.13915785090642646,0.2480540024085021,0.35413783721209074
1709671,0.0,0.0,0.0,0.0
1709698,0.18747453869477013,0.14355914710123155,0.22321373292524824,0.11298594858106185
1710065,0.0,,,
1710207,0.269022593439017,0.22740093179639956,0.019275081780699872,0.3619110184598357
1710537,0.3138217214546172,0.4969465937536949,0.2337374990553983,0.17790032645329962
1710539,0.07380431579113417,0.197644356283491,0.22244588246540078,0.043413161802437386
1710666,0.21328778583557526,0.1938138097016346,0.5911882792978396,0.2832784639054581
1710785,0.3671545475996841,0.052241621376584994,0.1734837156755434,0.26721387067500474
1710951,0.642783298294357,0.823769178076222,0.916385838075174,0.6902100766825342
1711200,0.8090203653470561,1.252932329554545,1.2023602480930606,1.4657977081498592
1711360,0.011842433680217675,0.021774158207260738,,
1711615,0.07815699953580102,0.059679210715135766,0.06322324625228704,0.06591008562799372
1711889,0.0,0.0,0.0,0.0
1712533,0.16146266986866029,0.05990932697896518,0.037905936041720406,0.04230424338418976
1712575,1.1485006150827135,1.7208444167118087,0.6160782383362855,1.9700991588528969
1712671,0.5642408020644999,0.32864813275845367,0.6070376935296462,0.5924003232113578
1712686,0.04611484388133222,0.23077467892566192,0.1287809106591647,0.3903092552156745
1712892,0.012926875588818117,0.036841734017284446,0.03561055480727876,0.08248059961536158
1712901,0.910643522761261,1.0054887546061109,1.0705068143686913,0.6776596171223627
1713112,0.07934215647032947,0.07732950144691447,0.021271374831746223,0.03292520968568176
1713269,0.2919469139540358,0.6081071118563122,0.9958784374785723,1.4897142153131806
1713390,0.0065238133862030034,0.4388977582333685,0.023283566129931963,0.04893677385065174
1713458,0.13884505543920247,0.159906140934251,0.08128586703141773,0.11308785377836275
1713506,0.07370841794887827,0.2942098366231434,0.6422991761697115,0.18584868025204423
1713520,0.09850259876082955,0.24964597190691676,0.22702934016000367,0.16120141446701725
1713521,0.1281574638881746,0.07516045573579201,0.06904920529030034,0.07070414769304768
1713558,0.06858930401280762,0.07529426836166166,0.05172926351219316,0.07488447718453217
1713587,1.352840382641204,1.2950317402693816,1.3636491692541364,1.360007323746683
1713662,0.15538718165386933,0.09310030420144458,0.5469643296537893,0.5694875460357582
1713678,0.06746826462590583,0.5354894247183443,0.20177759641640808,0.09806369024393508
1713697,0.3110743809790138,0.6839956555830519,0.07765930160373152,0.08782920769138086
1713735,0.060217964119630284,0.10860911467591446,0.15734550752737003,0.2728469312402654
1714062,0.2647147501367699,0.03225886637961891,,
1714093,0.1363261754204409,0.040818299421498734,0.038508666961751786,0.20233243013482655
1714107,0.20177061300689011,0.13589357747433148,0.1149724639199316,0.0904869210815702
1714260,0.9418758326778081,0.8128933219213034,1.2063894465342673,1.231530327038825
1714267,0.5576138562489168,0.3683304091046031,0.8518870214682918,0.3320474137164068
1714341,0.11732842364497914,0.08265371064779006,0.05217742497739298,0.0385123506132947
1714450,0.0008424288890016453,0.17867715090872088,0.0010383229194158075,0.0026780075465877274
1714498,1.049579258655736,0.0,0.0,0.0
1714506,0.24521852657463045,0.5853889700148501,0.7618882673198253,1.129696686607183
1714590,0.5386483999885524,0.03459766268129739,0.036579449357322574,0.05281866151485935
1714672,0.7291866830278503,0.8062163544661478,1.4611881586462236,0.5349522944946945
1714678,0.028180170908120434,0.045971275401557155,0.04600906880986228,0.01652534778889956
1715228,0.699906119358647,0.07733523696219226,0.05756281396247681,0.1328641058447486
1715329,0.9805351629689096,1.28190074345367,1.3773795584063893,1.5928405179348035
1715579,0.01197411104059518,0.17212689939881148,0.0,0.10315028396519703
1715593,0.18175442948491702,0.2553321953072947,0.22940564685709008,0.22046369091991982
1715635,0.8847637196075216,0.572487041461373,0.8348296858691808,0.47378331910478066
1715740,0.22578746668861321,0.17781981549923453,0.1581159505543497,0.1393308197879111
1715862,0.9614309651651683,2.0,0.9506545192591038,1.5032152195087283
1716180,0.3872810133426976,0.2796979304036081,0.08076460018683829,0.018070799206440145
1716399,0.1040167955707597,0.06590618299193726,0.05105924973853732,0.03491134684065183
1716476,1.3827238808881623,1.251351180951257,1.3761840782513695,1.3070605544833198
1716539,0.10522193445114947,0.15994344925310253,0.16566853541610846,0.02590914215227723
1716659,0.3507653954649179,0.5227021330515994,0.39636784254242863,0.3104050955535655
1716774,0.2616853770767999,0.10374605175134499,0.11579466627384394,0.1062352645751623
1716983,0.019338342963506474,0.7622265511595542,0.2488215906980844,0.23146941938931048
1716984,0.2510095468250776,0.23879942783857758,0.2203822356153789,0.10511825888882981
1716997,0.13397536718754885,0.41784875633869245,0.23722166732885364,0.0001545857309104541
1717027,0.1914227999908038,0.22190022588879713,0.02515389572873058,0.03099175375767895
1717479,0.7042090858417145,0.9994199672817253,0.4292733147361323,0.32697464816759075
1717658,0.06468328770109352,0.08599853331699933,0.15346252653593392,0.09769799405095606
1717825,0.017087993430733566,0.05179762181874165,0.10889711064617412,0.025385033293483086
1717977,0.582972208202375,0.5119069635388511,1.1534666737954091,1.2819805660302606
1718570,0.15974280262868695,0.06129863558479086,0.31517284347075863,0.2544313586547583
1718858,1.3144185242619009,1.951888224716911,,
1718982,1.5159643479933091,,,
1719087,1.0584944836974957,0.9966829300609621,0.9486072553032522,0.9688049341028943
1719165,1.2202101144729212,1.5245811160134526,1.3942442777801134,1.2961521840105004
1719203,0.27815520240744745,0.7733946724671527,0.46204756196659735,
1719281,0.0,0.0,0.0,0.0
1719305,0.10935645776558699,0.29011973086868187,0.26046244755233416,0.09915348051548785
1719307,1.424218099218496,1.8543724173472385,1.4270478570356722,1.8040922172589453
1719387,0.20873624497485904,0.07914089364339875,0.10868414568984548,0.031841822193952214
1719739,0.10838817319105268,0.1158187380304997,0.07153230020034823,0.09599677990938157
1720235,0.36631514601218435,0.20814196849682765,0.09034555996251785,0.23598488704811768
1720292,0.18965956628834296,0.5288354468304567,0.41666343306303166,0.12571160206002874
1720346,0.6399905441559092,0.5558106567964664,1.111626116590424,0.061425763828898264
1720350,0.04087109386055699,0.04899084833578826,0.16151263245079708,0.022060557536927886
1720702,0.0,,,
1720777,0.24470259557331925,0.4498541408766628,0.240532480481365,
1720792,0.21978824650448123,0.10322692032440967,0.0934187221714764,0.17299168387912994
1720887,1.3551471934815331,1.855931958627264,1.1585655020339898,1.0215270492334854
1720969,0.17564037976917313,0.2066205119199555,0.19888487946177952,0.1623035778045846
1720980,0.4427373608215685,0.7862018327827238,0.8202254856036781,0.5785716507936685
1721168,0.7105937052070667,0.4147426962020954,0.7335427655164728,0.5905181143652111
1721242,0.2945713633218808,0.31891743231307473,0.2957313434743883,0.803980650536602
1721508,0.8193296764078747,1.3557481090167403,1.5857665205229354,1.811743290701788
1721527,0.17524318559282318,0.12320591577441647,0.21362666010257866,0.13826432621701923
1721608,0.8238868811853197,0.227729051676841,0.5772911913853763,0.16279718788075673
1721780,0.07108856042417376,0.12314158661406811,0.10889319857574031,0.38459221829254214
1722084,1.819120987020714,1.8258826799368504,0.19144756625313375,0.13674977938948146
1722117,0.0868849509152672,0.25477314284841834,,
1722283,0.2608826966836467,0.5462588144233325,0.5141004471227072,0.5781520536415544
1722329,0.052986283601709386,0.030828643628092366,0.04365987597625713,0.05836977580881098
1722436,0.040896784273339586,0.041005825143626544,0.146024870416282,0.14095600567501684
1722439,0.060729169401647985,0.05392673116179096,0.06363832249163237,0.05698607088040376
1722512,0.08627727848776227,0.5263576268155622,0.5209461795022536,0.22785846225210915
1722622,0.1986588337065572,0.38102898979474426,0.5579801253740507,1.0188344030137522
1722638,0.07194970023650907,0.09328669002010165,0.04085539957407992,0.026835606144617337
1722641,0.1911760235223934,0.17301971429268637,0.13234501311399452,0.08910201686083132
1722967,1.2159241482128704,1.071487425790003,0.9938388116803599,0.7117164770093887
1723115,0.5191830540058547,0.37881522338017865,0.24721588889469234,0.02540235507236068
1723223,0.10426704543775751,0.10044783257174923,0.04321369402303907,0.028272557351539888
1723397,0.13450089376233637,0.14795007632853083,0.14660617913210086,0.10724536251606734
1723514,0.2727751190810051,0.12873480617723254,0.13079899004575615,1.1422915177045656
1723594,0.04210473789276332,0.6400558611764826,0.0,0.0009117234073865422
1723643,1.1983505876210327,1.3911478328690543,1.2231169914317024,0.9605275123217717
1723681,0.1129264034987351,0.3527091959691706,0.5245554318828684,0.08216688933431494
1723787,0.0,0.0,0.0,0.0
1723925,0.1776970521849122,0.05682462772294702,0.11110071826866284,0.08280564150727648
1724090,0.18767186833577973,0.22055705040842405,0.16055123502315133,0.07090457251512386
1724134,0.8353280524826873,0.873408090930504,,
1724140,0.5115845888265149,0.6425702936426213,0.7366819491106431,0.9199384146654661
1724246,0.6225869142321526,0.6477741876571129,0.9423266827613829,0.9599578019988197
1724269,0.13949975761004513,0.13459156322157362,0.12912359125634867,0.1168370383963774
1724517,0.4037623852428456,0.3272225257724685,0.5592214581307982,1.6076707404667039
1724729,0.03291620752418038,0.055649834905157125,0.36468387285551235,0.024437876105413082
1725042,0.0,0.4106502123115563,0.0,0.1375859723911002
1725247,0.12228777202089075,0.12760861290542094,0.08150617552676502,0.11606657372404917
1725248,0.1630720673717281,0.12672675142913134,0.16094774121749142,0.37851963296449415
1725296,0.1568260733826469,0.23706083353744692,0.1643361919995746,0.1872240029117782
1725297,0.5513582961332816,0.5032248192740911,0.3751250072923437,0.12477963168645895
1725357,0.7168224304695865,1.0797676603582247,,
1725362,0.12770083393268702,0.10555211819428088,0.07369746687931544,0.024920368643451617
1725394,0.35208397951367093,0.5028834582580289,0.6716515141584375,0.06485775289588315
1725690,1.5114847179271012,1.563580304509487,1.4608968245773932,1.520632930184554
1725722,0.0018845216003715143,,,
1725888,0.05643499768814797,0.07635342302872547,0.02554209044979217,0.05241444203727227
1725910,0.3763937215779033,0.255361751990478,0.2701282015948639,0.24980524892983152
1726375,1.9601648002375631,0.03758830797113895,0.025323695344299908,0.03229450015035307
1726609,0.2614350433242609,0.13493539432084287,0.04995156192842707,0.03174506120702976
1726673,0.04953152591940575,0.07722125399758385,0.05529757712116023,0.04791262028584711
1726752,0.12472026674833073,0.3765908769810581,0.14367295368557484,0.11957905988676329
1726808,0.028404090667826103,0.015247109094815555,0.015207657841666758,0.1461604364724103
1726823,1.8276546334846293,,,
1726948,0.19964095882922764,0.28951201823952855,0.16310259503654778,0.3735888695806015
1727012,0.6087436741529025,0.8664686967597848,1.7871753101809675,0.7048898468509678
1727269,0.3342013477549988,0.4175207435750757,0.2051789849156455,0.3665641058665189
1727336,0.008868914436014048,0.4872519650122881,0.4917183450520814,0.3444022775564058
1727342,0.33180780312616254,0.21492831778606075,0.30598672423936113,0.17162283414728766
1727353,0.14888528688003763,0.3144886773083353,0.26261715814054537,0.32007753613824097
1727407,0.054780960719295266,,,
1727514,0.255105546071252,0.20708009664231286,0.31577019709869664,0.23457104278008029
1727573,0.08275155859825865,0.05742236568312351,0.1439666287214464,0.08666332749982505
1727588,0.8482539135424477,,,
1727593,0.07958335679097969,0.06424943869982064,0.054215165565650564,0.055341632350856006
1727605,0.19265154302000037,0.22644397918332945,0.39395181723275774,0.19702727743384205
1727612,0.401256984442736,,,
1727642,0.6010501687423933,0.32027960230616803,0.2898981618911911,0.05276731548241331
1727762,0.019641685518630093,0.3654783602106767,0.06141578053444857,0.046074030870577945
1727783,1.4367350220153698,1.7538979579070029,,
1727827,1.1790241961207106,1.3658396125638692,1.072898050543542,1.0736811749394628
1727862,0.5204459924623945,0.0646023587288589,0.0526707911248242,0.013211825291028795
1727917,0.14867747309603196,0.07575410837434686,0.04346890198978879,0.03562366808582443
1727993,0.1797287301031173,0.21201855681296503,0.17549842855123848,0.26591492919021936
1728001,0.14299100904900763,0.012943793360796487,0.17742551181983135,1.3844916210755207
1728120,0.5568856753709591,0.4139619684979415,0.3627130238988715,0.4560183742716375
1728121,0.2577833198328456,0.12200781897522857,0.10284403056931758,0.11570252995841752
1728194,0.13070340680039935,0.6941717772259604,1.0761418230772293,1.2030491507256746
1728195,0.0,0.0,0.0,0.0
1728201,0.15257872311338047,0.9351604836117079,0.8577964131576075,0.29277789740694443
1728319,0.413999983771661,0.2909533696082675,0.10983904774555388,0.28253078131318743
1728321,0.48761989725268995,0.16936879894072862,0.15416508744601215,0.22658108162728838
1728354,0.019950211471321772,0.0,0.007190237850630731,0.0
1728355,0.09984797730547329,0.41916221984566915,0.05801939620996525,0.04713964491900915
1728436,0.9869340445751937,0.1181789586102462,,
1728449,0.2320376086877122,0.2606029932332119,0.09530419480724463,0.08872013052027494
1728657,0.25619863023758543,0.3947072817013509,0.41342597264384034,0.2381940634097401
1728681,0.41994066139943664,0.3552215518490834,0.6791968783227978,0.3232256504921366
1728689,0.31851322952764044,0.14336957758079077,0.16279374831838397,0.18995218259590718
1728718,0.5340996710108289,0.6736397241304317,0.4069921937992436,0.1330457741904139
1728778,0.7557189697695357,0.15083028698953155,0.2508416873216105,0.5192710543248846
1728827,0.133654840676312,0.318509486853998,,
1728850,0.335801812256427,0.07792512500934244,0.29463157125542283,0.13140866112917077
1728866,0.28487662566045774,0.4618695813074025,0.5532547460330365,0.3702363424959243
1729045,0.0477060157857213,0.018624488340871905,0.06591164629940298,0.2066041241068269
1729048,0.08156408238774182,0.1009495922991198,0.05577507973943007,0.08940818497955806
1729049,0.04588002688973894,0.03456568331694213,0.029054982718673312,0.0489261108724829
1729093,0.11947005750728178,0.04634827062722543,0.04448325507465387,0.02261390919514315
1729094,0.07028621882251261,0.06176788018175475,0.04157922793763167,1.8723299000223677
1729096,0.11980176175306545,0.14307731659996017,0.16279790148943682,0.01918791410483032
1729139,0.17775085782471645,0.20707667706494082,0.4382415188297936,0.14029564694499552
1729212,0.0626496132309803,0.07383710358434349,0.12013395466987123,0.12134547181681206
1729242,1.253233758996421,1.379021983473098,1.487057174279012,0.03021404733239404
1729254,0.0648464210741714,0.08427163934336049,0.04957182310051777,0.02512717680175384
1729269,0.0914171377547455,0.12826694115406567,0.26051009920899976,0.29706993366245843
1729299,0.14301753112253046,0.14209725108826715,,
1729300,0.303581869395406,0.3456674353685493,0.14068154737555452,0.29616448905324716
1729303,0.24510516079814962,0.27142704370364173,0.32852081848562814,0.14493448502142067
1729304,0.05395252695990037,0.058704371618043275,0.28651879395146207,0.08751323865662201
1729359,0.31702619074978705,0.9212451202791822,0.4736439780031179,0.4281803711198452
1729428,0.511859582098954,0.418484222026252,0.4568752288736813,0.5918204052287681
1729443,0.3555317694220021,0.04898880709604162,0.024058349465956613,0.06297786094121297
1729457,0.15388796165856466,0.11422707675226745,0.05177444290907515,0.09543429861309423
1729515,0.0894221106416403,0.07041059360014415,0.05096248695057089,0.03496904453770455
1729516,0.098551650352088,0.15632067906277997,0.2836383675784806,0.2507885703072086
1729672,0.1117048173123218,0.13383717511683568,0.04457836619401751,0.02433213793542966
1729673,0.36938184343949,0.14370952288026279,0.16886777530985542,0.21708710578608148
1729675,0.0,,,
1729677,0.15943392902398865,0.14928256673653134,0.13435593012343075,0.16347831672553353
1729735,0.3886165529708105,1.8886174311829762,,
1729754,0.07079937228789952,0.04278455545050208,0.019973267460082947,0.020163271196454172
1729755,0.03463792431546326,0.2799108743530623,0.1436336787166005,0.027557627507630893
1729829,1.1117994986286501,1.1484228128838272,1.0737799273038124,1.0351272180270394
1729847,0.022483653615594634,0.11340739094725474,0.04770180186697567,0.05715795518204905
1729848,0.07121474994650534,0.17486285401040408,0.1633523704059147,0.08416051406723336
1729854,0.05848389753271363,0.16142158420262373,0.1473646518212855,0.11821879915256575
1729866,0.23119461796552418,0.4773196583220931,0.6980837449866645,0.12238573551925742
1729867,0.016341449434909,0.015315177681004346,,
1729869,0.03510952371477738,0.04959468942553859,0.025098742309465547,0.03904788365381968
1729939,0.9511734217835186,0.26858804333700803,0.15178943532756825,0.1305720870519814
1729985,0.3191824003812994,0.5772122365203589,0.43960820403975953,0.5275087057169126
1730033,0.25549429066822305,0.14913660845662302,0.08011951954738142,0.07050642958827674
1730083,0.13011246326454823,0.026705136553324085,0.014743327384735987,0.09110572461594744
1730126,0.13975951648683405,0.10846772751139132,0.09448352606042472,0.1075961228114518
1730145,0.4151340853985515,0.37779151656687615,0.5807461867052777,0.5674157357809667
1730149,0.17681553846762363,0.4523572918405281,0.5571276620610502,0.17434474030130084
1730235,0.32232266111586866,0.5287519103112607,0.0,0.0
1730242,0.567770262824009,,,
1730293,0.40274856741715886,0.4572420071513038,0.30894208840899656,0.24296265705489728
1730295,0.07298504422221333,0.06668494705253629,0.038349902163670124,0.08038619819897506
1730299,0.12821560761065678,0.15057831474763272,0.09005291488707182,0.10530853830363654
1730322,0.13222359722436525,0.10442705322458075,,
1730383,0.14989162309634166,0.09697946407505399,0.04731890313051127,0.055518619034094545
1730386,0.0670043564613155,0.19670495523539272,0.10233294416217222,0.0421610391955699
1730404,0.2658018586981516,0.19640565743205304,0.19883256982768338,0.11450722024733459
1730456,0.13246014326022854,0.1746131014089864,0.6562313593526282,0.027895644078027887
1730464,0.1712597481769585,0.20193571959081413,0.3468549017007507,0.23249168336408352
1730467,0.16425083998541337,0.29712929120826265,0.1715137477864886,0.11627283785992484
1730469,0.022548221640920258,0.16811708983486692,0.09692021782728312,0.20621284142429605
1730477,0.053625393056737476,0.1873477594316821,0.08049771527733326,0.05134509598352864
1730478,0.07537653683687026,0.07705633826555897,0.12097220104949556,0.06383811257773252
1730479,0.08381359134312816,0.10540578930693116,0.07567202712905435,0.10858295891378004
1730480,0.13361110908985485,0.3082222433795661,0.18979623521921013,0.14197334580678886
1730494,0.0457339441199933,,,
1730511,0.11256293761025918,0.07409474773950751,0.04802128045635905,0.15773092496514368
1730521,0.03422627450108775,0.07380984579830951,0.028808196355317103,0.05385685155777913
1730525,0.43132805007123326,0.3202540048582115,0.2304741295903355,0.11454547561062857
1730532,0.275685737706346,0.6644510250945895,0.8182655288953707,0.3076574425402702
1730565,0.07309473588652518,0.20902924195620584,0.099590263450921,0.1881651144681067
1730573,0.4523206344025322,0.35266145260118914,0.22534436246032383,0.3976679290827157
1730574,0.0,0.0,,
1730575,0.2879450717684671,0.19839224689083654,0.5169138004068233,0.3763245831692183
1730578,0.28153450976572025,0.22269936100710327,0.18819090643576566,0.1567162010708308
1730580,0.04944271266526118,0.027211599124412227,0.00955510911077807,0.09535818907717292
1730610,0.1199864270071784,0.11276431988701481,0.09479807182995348,0.10192129293802048
1730630,0.06987396756312123,0.04926380033338303,0.049213211897064645,0.055654869617232
1730660,0.5136089197510681,0.29738434701072747,1.004377695883644,0.5694190243341256
1730754,1.7018496237514382,0.2709867914058681,0.6890141085236557,0.5961109182608453
1730765,0.5212928839980001,0.647233430204068,0.5665686146721206,0.49641043193393874
1730769,0.20247214505745237,0.28971615800133804,0.418245591245277,0.24734894529140708
1730774,0.6323211869997634,0.4005555334134991,0.18597586874031422,0.2961493425190229
1730787,0.07123702412289673,0.3672623301228529,0.33269730126996655,0.049139546669735155
1730808,0.08463571685125132,0.16160454498757906,0.08006869029967727,0.08974567330823895
1730810,0.2313709010059018,0.25108988891194306,0.08250755711283089,0.3594238324188101
1730813,0.21104553145346108,0.9110428493873808,0.3242681811755599,0.31318080241435625
1730814,0.23450110293972184,0.1920115084398714,1.9749721776439844,1.9747541864032985
1730815,0.13185244358493015,0.16454340213939592,0.2990647561842074,0.15634175633551
1730817,0.10623199942395346,0.1355085900306248,0.08648783804085446,0.11121697833693465
1730818,0.008732091256929865,0.024080726323039772,0.024390640272815064,0.08242449685044488
1730887,0.577654647074169,0.0535273708590067,1.9653811727051156,
1730889,0.25087809356070656,0.8444047173373649,0.5072252306345256,0.2285284723985815
1730896,0.17083129896097646,0.09922279672484874,0.13653650532026054,0.1957008042498184
1730945,0.1821074474594378,0.15135093201639022,0.16259660616138735,0.12414325274687672
1730959,0.019744636018257256,0.08863696131427035,0.18760814672957954,0.02599756900700925
1730960,0.16462334686448782,0.23382320607288326,0.20538384724901354,0.1009323064322415
1730961,0.17423023024286163,0.523277706322727,0.2892841212299418,0.34356049007966905
1730962,1.2237834339407527,0.9235878685286368,1.4102759539969305,0.937714962558224
1731012,0.37913857998760997,0.410067479265748,0.36734602505806796,0.669574190866538
1731029,0.4308253406726872,0.3466578042855173,0.25678748342306335,0.4464959250674112
1731031,0.0,0.0,0.0,0.0
1731061,0.3650622728812786,0.40537820962355536,0.11954968149141935,0.12004746651812967
1731118,0.0013380343228808985,0.00013876123870280635,0.0013936050508942884,0.02048706962462107
1731123,0.13293288105230597,0.14308781124375272,0.17858833855597106,0.13160700911283824
1731124,0.03568666461286989,0.015270570352147007,0.6737437023041069,0.659893899531978
1731132,0.31468381935459727,0.27306340141524255,0.36925417782650266,0.2781611135132174
1731134,0.18878294908637844,0.23578533791725473,0.08424137165594198,0.21209198658388273
1731152,0.1265778615978464,0.0659905478361832,0.2961019101232839,0.10700971899843503
1731169,0.2323484864095363,0.39339606389326676,0.0312768192870397,0.20490005828661872
1731216,0.13989431826754603,0.07799713276449262,0.218900771734537,0.0902553248620705
1731221,0.3983490733002295,1.4870736814705026,1.0311577279106177,0.4563879549609068
1731260,0.03653216767660436,0.035585299713272685,0.0439089910240661,0.05439229864060592
1731275,0.1410626904915765,0.15413210585183826,0.0708764662819548,0.046015101685861495
1731296,0.07968367865210041,0.0,0.025895290341372054,0.05750458275275022
1731358,0.032558021008746475,0.07833183068480576,0.05834243979127859,0.03504855658164382
1731359,0.160697356519115,0.3729744422438788,0.15776237221495554,0.09685002961394427
1731372,0.09173603581525472,0.11743144613829613,0.07725408606483747,0.10103282289791457
1731444,0.4993229283477441,0.29792876238452226,0.49978408548571723,0.4934419181420203
1731445,0.07749265143672286,0.11145751430939047,0.23846689788879438,0.08647763580643025
1731446,0.27055921684757417,0.3973887035209008,0.42998680863470046,0.7175772257447051
1731447,0.03380441472741649,0.2376391461822729,0.08209410937905376,0.03599258488244799
1731448,0.42983506975878744,0.45597159275342064,0.6337505267835531,0.592537734291226
1731466,0.1532784236909428,0.16110301027972593,0.06527495519607658,0.088909194134495
1731497,0.06357024159196925,0.0706302328937009,0.046826151124122355,0.027976291646508628
1731509,0.04869141878303879,0.07819499858887106,0.05163274531004948,0.025702048642526062
1731530,0.4324168775114504,0.5938307606596739,0.6065436288012119,0.5649339532976776
1731601,0.19246198922860294,0.09312215138030758,0.15422142432703212,0.13965231696457903
1731671,0.4667332486755398,0.3324676448727634,0.3510594707569015,
1731713,0.11273443420857139,0.23062353117031226,0.13117533158512007,0.12962624284631966
1731717,0.16994538728169017,0.12498833812139777,0.12011194506631,0.12075188176019293
1731731,0.6668483581255471,0.22517303192411817,0.25645423725342,0.0792159750409377
1731732,0.20116812039724663,0.16394161089212092,0.1572494897303558,0.214306121515121
1731837,0.15746414895517089,0.44898671986327066,0.45047608925910326,0.09740618205373694
1731876,0.061356558359116055,0.03583347446558172,0.034916902891494635,0.03804258308041118
1731878,0.36026061160499556,0.3171689981453236,0.047592864848997295,0.2331645912399564
1731927,0.24464038238627508,0.1408121643973445,0.1372733606057312,0.09453031024089219
1732008,0.010002937591115745,0.03266420776264931,0.006396370961280307,0.05855456556622096
1732074,0.0613694506062634,0.07168513593777351,0.07155443124808404,0.08087917937854619
1732080,1.2687741624573685,,,
1732325,0.0,0.1360780579410546,0.0,0.0
1732371,0.23093337431681782,,,
1732399,1.1545357093319781,0.3407397789287038,1.071619519366757,0.5877856656745046
1732537,0.5022638023767007,0.6266359999970175,0.3641468016534767,0.058023420082509054
1732538,0.16527679383211277,,,
1732539,0.11844775193765397,0.32265984832532196,0.5083144660979622,0.5421425958561549
1732543,1.2425417714198679,1.2828494589433148,1.3514033948924289,1.0195173804474944
1732621,1.2495207622236228,1.2898377739109639,1.3167824869648053,1.2661501474219916
1732687,0.24714856521418757,0.19011855614086287,0.20309170691041517,0.19729815872059897
1732768,0.185906127990764,0.13712127512972835,0.3398234413556208,0.25725769308305463
1732811,0.3204305143429803,0.7396936256481998,0.7422077312852445,0.11173542017654887
1732988,1.1419484989678648,0.6987205114042141,0.8704983850378635,0.9126330702032688
1733082,0.04277987376022695,0.0637158161167998,0.03730987635695989,0.03647590868007351
1733173,0.10717063898244283,0.14217094325630744,0.46936573436083084,0.6518817926868251
1733219,0.24221221507536897,0.1968521255831716,0.8103141521141031,0.1138433588483778
1733248,0.3037816570365637,0.21793418150205715,0.18849616407939726,0.1847931460839659
1733356,0.2991272989153696,0.21413522881743594,0.21679900168361635,0.12676894540290295
1733472,0.28384919241488793,0.1541995475850844,0.3176863301871162,0.14080118192605737
1733510,0.122948479016396,0.3464739985681024,,
1733600,9.861716215604831e-05,0.14698507095534175,0.5401590702585024,0.9382979054769627
1733755,0.106976859979405,0.08671733206783667,0.14537812697717525,0.10357061361169079
1733777,0.2581184816718009,0.3331113324930943,,
1733788,0.11193383490423765,0.10088890446467343,0.05324476915840238,0.042575152162253195
1734341,0.14559633111278972,0.11676434266349756,0.07486818198026836,0.08018951982564083
1734398,0.15319541383588364,0.09555642602474793,0.2772543289983935,0.09128523525443617
1734460,0.1153858318561096,0.11609048460886107,0.10414342208625266,0.15587419582129483
1734493,0.22669890341732787,0.23596239540632785,0.2798583864078633,0.24546813246178828
1734565,0.4713032850983471,0.3739122891128382,0.15523183559286816,0.048595424002408814
1735057,0.07811741534901177,0.05579592831921186,0.061881187422223934,0.07328837947994811
1735201,0.03686381207368644,0.27056896909625033,0.09426122592160875,0.3967968100779193
1735445,0.24428158495628327,0.3715590092275014,0.7503786083657488,0.42862060480428793
1735513,0.05945747105176221,0.03636394191474112,0.12039843150205172,0.05811948772766582
1735605,0.06366493768312961,0.2594811393519887,0.11335228876287182,0.26311159945538315
1735734,0.521077233057812,0.11625784803935692,0.15661799710842453,0.07465038877800492
1736079,0.04297708871261954,0.0472667033136985,0.3122885754247275,0.031811876518157214
1736225,0.9492123744897814,1.0634622125908748,1.0147487545794043,0.9808372079117893
1736260,0.047762784028740776,0.06272960559515117,0.03051545218578705,0.04781767849335809
1736465,0.7237300072163874,0.48583658107786637,0.7612623849208883,0.20513334089618263
1736648,0.7477363704486197,0.2173576360706767,0.33809347772864334,0.3334275817973107
1736666,0.16891274348970645,0.152345780893626,0.09848233910687115,0.11275737928399515
1736736,0.19335942998290812,0.1448116512126605,0.125041286459887,0.09847678614893232
1736852,0.675025664516117,0.7647067558705162,0.6711870484434869,0.680784084111804
1736982,0.21973349237609818,0.15716607742160027,0.21976493074000716,0.1845564482946441
1737088,1.9429680704310888,0.27449094632610543,0.2273047322735029,0.3299900584706572
1737089,0.63009435972556,0.4888263081210695,0.7567411241631934,0.18621964889275505
1737090,0.04440189724573429,0.0706073250831415,0.08062700273322827,0.03100150203297941
1737109,0.23139267572509636,0.31330988881917937,0.4908999926419948,0.2601767393539511
1737112,0.09382077745068551,0.16684024557206426,0.07157768118065409,0.04890731157040846
1737871,0.22218751290403643,0.21562947545135067,0.18603556415855613,0.1645990725982596
1737888,0.6764721777361814,0.38079178096622024,1.0369314283631073,1.2899953516116147
1737987,0.025091125526387523,0.03253418593103225,0.029499524307109063,0.0621814817223585
1738045,0.33847936109478066,,,
1738071,1.5698520931849311,1.7297638550071515,1.7577229062141213,1.9077968845247515
1738126,0.3352465324086278,0.7612973185192505,0.6032224470393532,0.5047987911671189
1738560,0.37067326789199734,0.13317439506359394,0.6285704262897774,0.4223913818265035
1738720,0.22073802859336486,0.4023832364503269,0.21269481308962954,0.21507818553719624
1738723,0.024871085017117107,0.06974068230291575,0.03401740185555799,0.021184498392542446
1738726,0.5776409529287976,0.551225838689129,0.5646444608735612,0.5139758370543244
1738728,1.1692344561966552,0.1275361147440881,0.08966698031008079,0.1297585204128926
1738738,0.22517579541770097,0.401613035090302,0.2811130323370804,0.3552957202865839
1738828,0.26883879781033054,0.19178492913291037,0.1662123346994956,0.017779832106440657
1738887,0.13901763728045294,0.2226999691912979,0.16346563918858983,0.21511930206224195
1738902,0.992166335987626,1.000727261548968,0.9421049541526255,1.2664624901349302
1739043,0.19218627857320064,0.09348921641051358,0.14811121138336517,0.1556801535065929
1739439,0.19983236722252026,0.23122408520806925,0.20114430965919813,0.18084077587975683
1739728,0.289062296236142,0.20525593413830512,0.2920854008801816,0.6704150449222555
1739877,0.07257635181306689,0.14214004334164151,0.059236447504611774,0.08508517223170407
1739878,0.06845186391831931,0.058857080255165534,0.10784469488969027,0.0842908303716145
1740053,0.056442783765816566,0.16960178887432584,0.11079227251629138,0.13299132089927265
1740063,0.011075282517759516,0.005885247324111265,0.002991537821517529,0.011631522107326509
1740140,0.09260575016402844,0.08291956801515935,0.12945006260780872,0.12841329840066476
1740316,0.014128452897928193,0.012701555659332323,0.24737118656135876,0.006167896587008022
1740491,0.6185995035528113,0.4470711290969083,0.12077565877056584,0.08692534477188806
1740642,0.7806336073217106,0.3268412832525147,0.18969274726432922,0.12462223877950462
1740837,0.051446023783943425,0.12264576111360477,0.10414681497851401,0.12260579141213729
1740839,0.026154659055580374,0.026727237561872976,0.03256038737400474,0.03936424483431088
1740840,0.14105197991610466,0.0,0.8437612383735541,0.3338209757129632
1740842,0.25497649776622244,0.39796454211771926,0.23455861904485634,0.09632158014872055
1740858,0.0023890794948386476,0.000457784657492219,7.050880979373064e-05,0.12335298524875048
1741001,0.5037903170264969,1.9983532455935433,1.2380458763921327,0.8891533481328324
1741024,1.24468885434313,1.3484452839016308,1.2863375238510861,1.2477675513183262
1741044,0.0,0.0,0.17738442177612257,0.028308744662309118
1741129,0.21693609068175873,0.10574224592593524,0.1922106252052131,0.23981781086817236
1741224,1.3284654306300143,1.377814538233641,1.4671567977177595,1.3748312007968577
1741426,0.12764927715995109,0.19668336080075866,0.12310797059054106,0.10006720159341757
1741619,1.157267342602498,1.0211817801652465,1.357070083490298,1.2917989715239113
1741675,0.4383064445615511,0.4116769621573249,0.3138798785789079,0.3256809974066431
1741736,1.520038562522435,1.5381016137190748,1.1664727823309082,0.24332943186583944
1742315,0.0695072033541463,0.07302950905931492,0.09805504008586204,0.10701839325934846
1742418,0.08567759993005286,0.025711446681760525,0.04835824192815505,0.0767210494282039
1742435,1.33813241005916,1.3016637537751616,1.3478072801145455,1.4653845837443953
1742569,0.6463198493253319,0.11374530282086531,0.3295662503857651,0.1920776608628092
1742647,0.1539027528795397,0.29138478644359844,0.11298956255378495,0.15527814030950907
1742654,0.30015156529536136,,,
1742998,1.4622605404909939,1.5596897588594387,1.2685093155325342,1.2325689494729868
1743404,0.22423558446489256,0.4417723544728926,0.3815361151180519,0.4334171519154838
1743413,0.11571896650603768,0.1021561421153794,0.09957811003217681,0.08060759079406293
1743863,0.10561814379812393,0.14290102217808054,0.0993197948349427,0.275408947117157
1743937,1.895089396805117,0.9957726249414244,1.5629553584731921,1.4584282597725342
1743941,0.10386254115121811,0.23983635006704768,0.3236319872656201,0.49219546635648564
1744073,0.360701441820095,0.6522699642201123,0.1851440235331676,0.27161560036063914
1744091,0.0889372130747863,0.2282786667605543,0.16882334556028772,0.3855718858089798
1744317,0.09860957971621159,0.1413233722254674,0.15137208583848394,0.18599602484719563
1744318,0.392072138920371,0.25122091249001743,0.6135802092959639,0.5807176121800474
1744348,0.07217395208946745,0.10739044325941195,0.08617307941986248,
1744349,0.13554273745546,0.3429202980985956,0.3508864598786186,0.1746389852878974
1744373,1.3187210849078232,1.3631710048258774,1.3204893684468297,1.2373760582364492
1744955,0.09636614173787977,0.03168926021752142,0.043000688857823634,0.4793730182931839
1744967,0.05730110916603982,0.15412206972811704,0.23312046311957868,0.20515202870866373
1745214,0.04879638951744004,0.07620179003917144,0.15917788219637785,0.06628751106238288
1745796,0.24222829901480142,0.05668882730569321,0.1344041137974962,0.12166725885888423
1745879,0.2547207924667467,0.1843299442558917,0.2446485480171687,0.2880017384479346
1745885,0.07375403894673822,0.08185086410916835,0.10228824063792837,0.14214099220483511
1745907,1.0774084709797176,1.0198994739027472,1.6512965999574898,1.3608762914758759
1745945,0.1092719096780688,0.324473521639306,0.10419231820893439,0.07516059053081181
1745981,0.8661565287244875,0.8081407761371754,0.818636378311442,0.7491555163201911
1746382,0.604411252777476,0.8387662926033992,0.814712428614336,1.1575579907516453
1746438,0.07369176013934155,0.214923332483271,0.13289112317319174,0.03415677707802485
1746488,0.0,,,
1746810,1.0504853001953673,0.9306210341128103,0.7941402413300552,0.6753698512518884
1747057,0.5185301453756769,0.5208391054407384,0.988493026802244,0.7707272980145954
1747744,0.018516882554362284,0.5973303176476865,0.5590497969001297,0.9548692243093955
1747749,0.07788287090206303,0.06225386472206053,0.07893424608523943,0.03562370063729196
1747799,0.44123452068878033,0.08110117181554201,0.04940946656894122,0.22605012182131068
1747821,0.1307049763445922,0.44919232394532077,0.2183677160021505,0.3232725943881285
1747888,0.5074977240785958,0.07443576824026521,0.3656288303772562,0.33579512961357927
1748240,0.6058009039079851,0.33433105585839995,0.643575779100736,0.6647231994244804
1748269,0.07323121075121505,0.00787747339192909,0.3830012339870718,
1748271,0.2806647276365752,0.44610596053928464,0.05430942122778804,0.29497599074097736
1748278,0.055253071409017404,0.19386143921993892,0.06646335344424172,0.030934024894863715
1748305,0.6192395470194373,0.2956195805162506,,
1748726,0.24554829046843688,0.23821026256929875,0.31436391469047537,0.45887708267435584
1748728,0.07383838306285244,0.16146064223585208,0.2533720804729314,0.027093508774545656
1748729,0.16466514907078997,0.2261495270771353,0.14434370689397277,0.1900656430203551
1748766,0.08806011530490027,0.049342007800091695,0.06927319543210406,0.033461382473892416
1748814,0.13421564877198489,0.46632869828630485,0.36430723668527054,0.12326950791878352
1748861,0.3480461238876595,0.17047154451496735,0.14307714623465792,0.12867690570606952
1748930,0.5205187372922881,0.24547489234514466,0.44807151293093717,0.1591968088504127
1748965,0.05763220986144278,0.06527950350828562,0.17143547390121555,0.20095075957223119
1749283,0.35727960938599346,0.7213221413998553,,
1749333,0.8736666160374208,0.7585704398243516,0.5881088154767675,0.49968973114845766
1749585,0.22442015702525858,0.41800998525539285,0.17999708219090507,0.5427257710313155
1749611,0.32979165232400515,0.34706901629362463,0.11958245184630056,0.4713782669898658
1749744,0.16892088286720305,0.18033643700323254,0.34752854209223627,0.08663488436048664
1749768,0.14379770011449747,0.16243705256761648,0.21103995982313695,0.13757883310468652
1749798,0.3357322275056569,0.5935439602986945,0.5209868762609385,0.17806861557130507
1749824,0.5499512093223039,0.7969609430809208,0.5313733814328659,0.2887434283472557
1749914,0.003996611893079934,0.1815820001255433,0.10567774221843716,0.1480100628420995
1749980,0.09541398763609531,0.6820463294038442,,
1750086,0.11876138690696049,0.08912176621476009,0.09309863765992553,0.04778178507380919
1750183,1.4308237334099927,0.7634829153482867,1.0903909866784187,1.375612328858167
1750312,1.6050418932601291,1.4423210705452019,1.3658935275759885,0.9592259116089167
1750405,0.08017786073793524,0.4307639920044152,0.15923121993301995,0.08360236344759836
1750423,0.044749035487738315,0.044266610348843154,0.07514204104809476,0.12769202870799062
1750432,0.5869416550842649,0.05737186301925323,0.6861151832539835,0.08764201844586805
1750451,0.07966791514369348,0.21244638132798685,0.8391423900519516,0.3548029714141748
1750557,0.3072942067135383,0.3155299796111498,0.30336368700455696,0.1327119927440228
1750585,1.1712279562091574,1.1269993701114085,1.0405887861091079,1.287751469816875
1750924,0.6344336696371259,0.6190962731479416,0.3010035167086358,0.33239726642375506
1751006,0.15422485773354783,0.29953665767332704,0.21869646525895775,0.15949714110423355
1751412,0.31656326529676587,0.40007583655416973,0.29484541866277997,0.24041825696964456
1751581,0.23669366286179863,0.24213484032016808,0.14445296952922576,0.1893588547998278
1751817,0.060588822878993635,,,
1752035,0.21329302469977418,0.8243530793650258,0.13167522591848255,0.08851908488869904
1752045,0.059561334305975676,0.060712476581059674,0.07820949299623674,0.08276496899501631
1752148,0.63161063625729,,,
1752212,0.05812997546615838,0.06619800291273421,0.04280565899217081,0.05249365827807453
1752523,0.9976497984916692,0.8801841834997283,1.2005036107908504,0.8863950024118692
1752579,0.48525790102780436,0.5339666251837025,0.15335777293842362,0.30188004616753517
1752758,0.09249171687898682,0.0939550705726604,0.4618656238096294,0.03437415287611578
1752761,0.39978725455302894,0.45555400065813967,0.3585899699934377,0.28764407860212704
1752762,0.11649323757001806,0.34818873904972336,0.11736439079093025,0.11350601228358102
1752985,0.6894043985708057,0.6066163271254333,0.6771286835060165,
1753218,0.46049863471161645,0.40284783974794164,0.23206392666479567,0.299223492986592
1753219,0.11391984511149207,0.20195028654893385,0.20819656244618145,0.2073730657451482
1753271,0.030439824335986077,1.1595889858025203,0.7477864119406132,0.5365597223077911
1753384,0.3273699920545735,0.3302572542455197,0.43231907444796247,0.2699419711182957
1753875,0.8139338462090845,0.9321058180717734,1.0400975625334412,1.007138416023178
1754001,0.9864448738152728,0.8889793420075693,,
1754072,0.0,0.0,0.0,0.0
1754535,0.7159741773305768,0.49252904381837626,0.618521228395118,0.46876281792882407
1755028,0.8331822994442352,1.0135377576252205,0.8139987271809423,0.916099164852127
1755035,0.10420177300445992,0.001461046791094665,0.0,0.11808328071546206
1755368,1.325140008996403,,,
1755622,0.0,0.8479083385880377,0.9342600289252323,0.8176195690936766
1755651,0.14532080845781656,0.07866812669339154,0.24015352836968298,0.18908528031631638
1755670,0.19178233191878802,0.5154692733070502,,
1755723,0.07451850058889274,0.04153614331378358,0.0773346178438001,0.0689179759639432
1755784,0.16499510601750875,0.18547236922671206,0.040821851292291406,0.33573618732937444
1755785,0.15812892075439336,0.05363630046966841,0.05800717582981862,0.035139990686112774
1755911,0.22360559613977354,0.5400201694486331,0.3393322828031454,0.4395018370070643
1755933,0.017731098311415186,0.13505364354360472,0.07600817488676583,0.05129877962016494
1755987,1.5592189081429066,1.8014911561099467,1.7113075905059185,1.4835906958354725
1756111,0.9337971901317905,1.053788259805056,1.185731758849786,1.1538023959914432
1756283,1.9410540178125033,,,
1756485,0.6259534739720851,0.31718444255907896,0.04328108452079312,0.12589966973158287
1756488,0.48765032258053,0.8252126568695359,0.18595109235333748,0.3762713566102898
1756543,0.18221227027491532,0.3740320705280022,0.18648903202219114,0.19071222606210858
1756558,0.40933229603887794,0.654150567376283,0.6664497905628006,0.4449860373039271
1756695,0.053245274329763004,0.013217470540033692,0.035958035929834466,0.029258895699208327
1756870,0.8468157554908573,1.5531401469021864,0.835095409914935,1.0721158307045262
1756959,0.025575183658795516,0.10268800445867049,0.0538534737042158,0.05046895751438856
1756985,0.0344264171074994,0.01478130687313751,0.06296935727332549,0.006210257681242674
1757043,0.277006624371412,0.33737060952612896,0.718672899849851,0.49568379416720004
1757128,1.2189119066342164,0.06937139744878504,0.06452254790030922,0.027852525232797114
1757260,0.1924124765482191,0.18174141591521978,0.11491672254809031,0.9279210781344764
1757282,0.4858816047537087,0.3343269924892797,0.2425637809257246,0.08333041297338492
1757491,0.0,0.0,0.0,0.0
1757605,0.5574733969005873,0.42520047753895784,0.4529175513653382,0.3767105089716716
1757617,0.09512459943339328,0.12015546718728816,0.15347051146105076,0.1935276475894272
1757706,0.2774870477242139,0.19921511594780142,0.3963256045522865,0.09860078335059719
1758163,0.7009070045381796,0.7467695653534746,0.053196826728167626,0.06677991677397091
1758543,0.2382605043913445,0.4397916720051075,0.294642452582784,0.34462049733861777
1758720,0.8299380455440466,1.0511577493213515,1.0704296284965678,1.1213791279822656
1759115,0.19754965266550503,0.2200563409736928,0.20314025526093382,0.22483793470438246
1759176,0.389231891560099,0.5771273225457302,0.3631636945952837,0.07703243152395053
1759236,0.1270647203785224,0.07749989629421253,0.06278572022203113,0.06743486460402566
1759271,0.9333268345173612,0.24162334218257686,0.15204001228833752,0.15140993472694897
1759320,0.2303037136004703,0.16126717298053547,0.25473816024434703,0.24034815190937875
1759354,0.27766598919066127,0.39625185797692486,0.4739003274084294,0.15708722810884865
1759364,0.7752580397783819,0.5306384015660797,0.8597407543935952,0.4656483865181515
1759395,1.442010773440417,1.4533574252933106,1.4961720701409895,1.4323875858421082
1759476,0.22775354722848842,0.48996822876323876,0.18446526505992336,0.1199418886970433
1759485,0.10380805695445161,0.2534499127374359,0.09018984918453807,0.04915385348051392
1759578,0.13878572916137755,0.8352597704573229,0.46080486873288223,0.38435126126083974
1759641,0.039024913436187116,0.02558665154003944,0.043318831250486904,0.011187120959476512
1759654,0.3482655396570337,0.5623685522449796,0.2652996477488626,0.2865889397653124
1759662,0.8235468725606904,,,
1759751,0.07699171816662534,0.10419427867001028,0.0628715599039697,0.05941753313848403
1759760,0.12614739690308838,0.1641755104010077,0.04637907539116247,0.04243744652871314
1759803,0.09735978298662834,0.14476805444645222,0.15513647124105345,0.12727591751810302
1760076,0.5140904016451342,0.49826539484418164,0.8513353705306796,0.1813792415624435
1760145,0.1942617209888449,0.15010954974363278,0.1380828791144054,0.20489588344163992
1760263,0.46367610035148277,0.7284593641625347,0.4198608932613329,0.23814621541932054
1760304,0.1966513759208937,0.15746294446212755,0.03279172516784471,0.057626225007706096
1760444,1.9964626886164003,0.24102958945275,0.15575723727371227,0.1252862668919845
1760472,0.5377991934003328,1.2051274248457946,1.194927680964718,1.4554465497393043
1760540,0.3314816150880491,0.3554593649257171,0.28134137029358525,0.7596410525152996
1760578,0.42173663162795383,0.4410848453449282,0.4270936875676174,0.24111945811294924
1761013,0.09635418200351403,0.15170704772530108,0.6604515744194545,0.9493144975706674
1761044,0.15234540134818203,0.19074020393403915,0.30938075029284945,0.049804207391822126
1761054,0.03469345329137945,0.03939393137311217,0.03221286215370297,0.03324904443237699
1761380,0.4918231576990239,0.4191198660326169,0.4524046678135051,0.3392984393386359
1761435,0.6638903971432472,0.5348277743839155,0.39140721775165166,0.6420692222574734
1761450,0.1399364703767693,0.3247710133106398,0.11735518540579153,0.17265688770020093
1761645,0.13337364721742687,0.14696719322284224,,
1761663,1.1775058811558636,1.4339595534206355,1.3874247883733812,1.1603715297074768
1761742,0.04653996839889639,0.06881271008114431,0.05606849765354865,
1761755,0.18649769061341123,0.23866096003979942,0.20044465831089545,0.2508420416821879
1761871,0.04068591897563792,0.17307346760150774,0.032489318987316364,0.0810550386344923
1762068,0.1935935400713439,0.12138797742382276,0.004218335113606563,0.2023939947072167
1762086,0.17775599960715424,0.28570285999943035,0.22654616240241787,1.8401020096331675
1762294,0.020188605138055732,0.8062471857673168,0.027084055571780535,0.021067363484806128
1762304,0.18965764764561352,0.24611013778154647,0.3873562471092696,0.35434706751866313
1762344,0.40000216695780016,0.4502255352725826,0.5026487404664469,0.3430710581017021
1762718,0.1451076763127776,0.09940254359271448,0.24882136970579002,0.0976417257965487
1762776,0.2530541821556904,,,
1762997,0.20955474876825,0.15601706546438376,0.09781292726668207,0.06600952203441127
1763121,0.18922362281519184,0.3162056293295438,0.1465838849302522,0.10001754286344615
1763138,0.03665583067291853,0.05518821276111955,0.011932146142315418,0.0500051044402124
1763146,0.13512232778972752,0.16968069503187122,0.13701919803746834,0.14937837402559284
1763350,0.5085326328205274,0.1767193697138274,0.08120467385606639,0.09427226286108319
1763404,0.021035420727563307,0.1355479897800076,0.05500398608913776,0.03350386842715164
1763409,0.11053804077346935,0.04561920245577497,0.42479451839012977,1.3262636213694166
1763608,0.10485889349052073,0.11939392669355733,0.1122975982876439,0.07460493877413639
1763722,0.9425740263423876,0.2112249106905806,0.09331947151260354,0.8536813669687235
1763844,0.0,0.0,0.0,0.0
1763921,0.11633075954391396,0.12626811291048373,0.12528687159396795,0.08587279930416451
1764000,0.10347262478326576,0.10070877957704365,0.02468863350898378,0.0319243924195913
1764008,0.2310603791289096,0.4816375763536507,0.2831280965392117,0.4451851958060076
1764049,0.12633046942919338,0.1522269116641366,0.1965601452168614,0.1409278164399002
1764059,0.3513769911351174,0.642659226589759,0.2060692703477528,0.06969328372892036
1764260,0.28577384734389566,0.21194811023312005,0.22771470987589762,0.21462748999016593
1764386,0.018060383376259537,0.33016644593621003,0.17203308360779904,0.17948575619519247
1764387,0.20025761500165123,0.20348741857124716,0.22593985060919222,0.2927196698151898
1764403,0.3954937052765057,0.2913278874321663,0.32192075014307203,0.3957048175692959
1764525,0.37334044497641156,0.06954492162123994,0.16929913839128669,0.050883050862439445
1764581,1.881094026430546,1.8789884678649291,1.305971085236589,1.2542912842782934
1764694,0.13703686399607376,0.1984005772715624,0.10536665476492998,0.04948474857095702
1764725,0.6275365351612469,0.5779654948449381,0.49425063586498913,0.5273513632115154
1764754,0.3457170686628339,0.14858857658970767,0.3079255641965667,0.2422766325897996
1764756,0.5083099940002942,0.4390299005570116,0.7440899544680982,0.12313793624733502
1764968,0.2875875214565947,0.1102258314522065,0.16501007565912323,0.13155401586642584
1764970,0.1354370794062578,0.25712991013893066,0.0711702690277681,0.027141524567531296
1765054,0.018453184854855014,3.381748467817799e-05,0.26045147130149704,0.020410268936862958
1765216,0.19080736250006178,0.3133988781334989,0.1638205010833284,0.1250359075250928
1765278,0.5667033874370787,0.6290250019383397,0.877719258074297,0.3565994245643239
1765285,1.330424651504763,0.18218344803268394,0.05358558550852905,0.04203178418563606
1765387,0.20161749024458223,0.16398730643818052,0.09711402580156055,1.0281052359706166
1765388,0.14703502768167603,0.10437852297852156,0.13083498145167985,0.1999501502535702
1765515,0.09217994665449175,0.15357944337659735,0.21341860783211972,0.06314386500276056
1765536,0.06996754414254285,0.13239523920806168,0.03181646303238745,0.19197226043471968
1765590,0.06775334084740821,0.1562775267952462,0.055799190152825424,0.066348539776699
1765594,0.05725877314968362,0.12393968887806185,0.078749855062535,0.06923707108836687
1765595,0.17491583770618654,0.2769269951888648,0.11841141162432482,0.1383474601514907
1765617,0.45835261347120415,0.03864340661865978,0.877499184220945,0.4397060760650824
1765681,0.2874251607079297,0.11652464568134625,0.043684773576433245,0.0
1765690,0.09415118731629747,0.15018150284354526,0.21114424325901446,0.11338491076948688
1765768,0.10368993176025099,0.1722105597094362,0.19070420586895306,0.2375947991240846
1765774,0.45647790120955056,0.39647421791225407,0.32931892815026104,0.46370219479522123
1765876,0.046338086344615725,0.066763060213302,0.1385009485584187,0.10893051978244835
1765885,0.13568281403779298,0.09067278843605864,0.08116493305599326,0.07520705198862887
1765923,1.2954362656428051,1.1940595418817712,1.1162874466479955,1.174543946652338
1765924,1.082719325240565,0.8957980701070104,1.136421302116931,1.2184157651064311
1766005,0.034120725336736754,0.48968667101284197,0.6428842572133344,0.02304850236041164
1766067,0.0341612674353884,0.038893398046705906,0.02524879317677325,0.03485565473178908
1766150,0.24220768797193237,0.3274861881442745,0.3313382239196844,0.2712730132116403
1766156,0.09578904502289434,0.18597005210896345,0.01814447039198279,0.06253426870771707
1766157,0.08951064096414868,0.11510603843041782,0.17294800161237794,0.10409894347637
1766228,0.09165568403422197,0.49538719115623076,0.764363938045665,1.191258658564696
1766286,0.4879809036524443,0.22814481374957513,0.09387518479903777,0.10235831183016751
1766328,0.08650467323711454,0.03746018340176009,0.07921787495052367,0.04164904824630264
1766357,0.730302595428419,1.8036956939188273,,
1766392,1.4703746526355226,1.695057295273197,1.965654411850181,1.3403256857668353
1766393,0.5836408936483873,0.5236824914747742,,
1766504,0.12399675046755938,0.6392236534813065,0.332734158970659,0.34585162622803545
1766506,0.19030556923465586,0.1652474676202546,0.09806984006839028,0.14846428886129406
1766509,0.3317801388625745,0.16559544818612004,0.368958271977475,0.2869459520476864
1766510,0.18567936447055372,0.16932270817303785,0.10906274323354508,0.12471859830639992
1766514,0.22361809258416954,0.3768131060554517,0.18852731258462088,0.14651708491781187
1766520,0.2513712426593123,0.1601852417828362,0.1715150015223714,0.0527992914298938
1766530,0.29742594576417697,0.29897495293029874,0.3018880041138713,0.31425849055718336
1766561,0.33592220910502457,0.29522980757662587,0.2829350108361475,0.4841041786889762
1766564,0.0817978166317748,0.09607877583504065,0.11856054241504532,0.19789829101085327
1766571,0.1445761851461253,0.12543685344342972,0.15192998613518308,0.06575201570896114
1766574,0.0,0.6043291321976917,0.7376220782975722,0.5563632221168284
1766596,0.03657988562556192,0.0013093018591637448,0.1658850323793327,0.037628191472377684
1766721,0.015240934984994601,0.021525069897980944,0.024305349337183133,0.005388659311107564
1766724,1.3354054026516242,0.4426194665569609,0.5407044473482291,1.1322401165132763
1766752,0.009775313396002506,0.0559408365219297,,
1766788,0.3056567104124971,0.35940716539128803,0.5309367898638605,0.28750056277171293
1766791,0.0790293169555373,0.05810364112253925,0.07511305151150144,0.7601817324323709
1766806,0.649588257778254,0.5204529902228803,0.7534382021465234,1.262377732118833
1766883,0.23671016551240948,0.17849378696891421,0.2092820630764455,0.04636836452899579
1766904,0.14492126212706605,0.1525267709955531,0.11844554015589198,0.20236736585809734
1766907,0.11693824268532682,0.13819021965878273,0.8553108280789077,0.31359243106200746
1766908,0.32553970123263176,0.18908260755077697,0.20450313763634598,0.09644436438952983
1766909,0.0891202605133819,0.2508020457267131,0.040378385758944674,0.025190514359976754
1766918,0.21159349730045193,0.16713859926366154,0.16242173278865213,0.09548729491094687
1766929,0.0718331689374157,0.12413508492455984,0.12474010953279019,0.0642376386746035
1766972,0.6516890710415516,0.7247402791094975,0.22521388165785705,0.08384880542174472
1766995,0.27148227531742714,0.3127920949168201,0.19188481442019045,0.17209499457409771
1767040,0.09394197841360036,0.08621209666930851,0.09214187133972769,0.061711547366406654
1767045,0.10375950482301746,0.29662374899973953,0.20748008541320842,0.09253307955520425
1767049,0.11160333394366566,0.07225046410548863,0.1366658345407182,0.09833318161073971
1767056,0.15231111366365008,0.15894330330158038,,
1767070,0.01247019367814917,0.01792799682221818,0.010175418179856741,0.026897970126454594
1767080,0.0228364651695213,0.6806119948571931,0.6478436868123975,0.7947890988700621
1767107,0.03174471182792707,0.04491629479428101,0.06448554777572718,0.04958648833202599
1767121,0.039658555630420755,0.04965004900035068,0.04467396774308946,0.06026226622197161
1767141,0.18057015439689586,0.34545980027554074,0.33596710344895786,0.5638469357996786
1767151,0.3309415453147544,0.5728669312229999,0.3792554718905459,0.4337710139191227
1767217,0.1577135206977257,0.03734680124777006,0.00982943970879076,0.022981426264588614
1767220,1.5365655297260925,0.23537482603393353,0.19567664707121865,0.11598162795592469
1767297,0.02730377404588802,0.15448975594240497,0.10419659348570923,0.20455806378186142
1767301,0.5104945072665871,0.09365743369975044,,
1767302,0.10645114966244282,0.17317759469053126,0.1213305021078403,0.08631253643319813
1767306,0.1476044331556639,0.17183862212874149,0.20088472941360946,0.10891026683511028
1767307,0.20626734966980537,0.3304663713133221,0.2628943412550645,0.2354557883330189
1767313,0.01955872528686444,0.14178298458341398,0.08343396709638452,0.1160054008846041
1767329,0.4891546529810508,0.005493914051229965,0.0,0.0
1767340,0.16720096653145253,0.18423281821986656,0.19296989000931136,0.15704587211126164
1767343,0.23899501692011305,0.19975241125145385,0.19464906000031218,0.06436877301660165
1767346,0.29630174043406093,0.11284038176496355,0.02556084635540098,0.06889247185362762
1767349,0.03955074124350538,0.09165604074969685,0.1348752852674422,0.13895396535022303
1767366,0.08214758041281017,0.1989103773573484,0.13885313215155168,0.2978531228026535
1767384,0.05483841397326343,0.0527000850794836,0.06318403827921083,0.05191050881488143
1767393,0.6773716906001225,1.0707489946021065,1.6178579220311096,1.7609642927803797
1767432,0.0,0.0,0.0077950168674151485,0.00898369801111596
1767433,0.5814359990292755,0.8465149829202547,0.6726212698198704,0.4349214369314963
1767435,0.23480353054626413,0.2667215053905213,0.23152184318264762,0.2288833682964255
1767457,0.2280515774786504,0.7678621277931227,0.2728513194154427,0.21738803262608813
1767471,0.5734819038329086,0.334725823460262,0.5777615724620234,0.755585535140169
1767474,0.01900562843390245,0.30815435203206776,0.273505833425737,0.016442587885192213
1767513,0.16248955667149467,0.1563621637084536,0.058110751289839606,0.05802932208075634
1767559,0.16754679541623305,0.12904212820647334,0.09852178748340688,0.10341349112878072
1767563,0.0,0.0,0.0,0.0
1767580,0.19153454168046838,0.22134803375847645,0.3704054980613875,0.5475012433561516
1767601,0.25600643505175846,0.47435169460578597,0.4125795073267786,0.04730561457369957
1767602,0.20688540386065962,0.3365082691083372,0.4030711359167884,0.050666310207709314
1767617,0.17967782155411618,0.4691959969929673,0.0613562332552921,0.09870375184219939
1767640,0.0018168982901590521,0.024712840897158236,0.06286946733279691,0.05073252348456819
1767686,0.01901472711333192,0.0910909541055161,0.22842648347837177,0.2368580809098006
1767699,0.5221620085628127,0.2764457063148115,0.4940125899511176,0.3131097309591619
1767710,0.03505590156801327,0.17583716212989936,0.0311368130860345,0.0584608597900754
1767715,0.13014760520994875,0.2813135247277816,0.8860979740852354,0.32323167388917307
1767724,0.2621750766961488,0.14015103165059012,0.1408670198491858,0.022159030455859256
1767730,0.2543675876085019,0.29970764768117975,0.3820092852381304,0.3592897248373229
1767735,0.09604249160754638,0.042648549525900054,0.3030896812756303,0.10385440409062424
1767750,0.7455814699807968,0.7432523556044957,0.7987030815775417,0.6146266175082177
1767802,0.2533892049274269,0.4091134309652909,0.1560481422976514,0.18370507797017796
1767803,0.3918188933156666,0.463813228169504,0.46185035063354324,0.7780972234365747
1767809,1.5213153553105256,1.3180683624178946,1.410236295534986,1.261530862113834
1767812,0.14988270706475043,0.04346582304244978,0.2109399137446499,0.12886553966462735
1767821,0.19008393591777045,0.26994046709268377,0.22838649556435017,0.2643119674305051
1767840,0.25682318033782664,0.4383950638279906,,
1767841,0.20218643478182985,0.132401418102395,0.08810348137505909,
1767843,0.28709836314708415,0.14219618672172352,0.3714298945803732,0.25963839568317815
1767846,1.9829363971615117,1.9823934935537937,1.985363977063483,1.1903142055470846
1767855,0.10860248582332407,0.2012425676505987,0.12038569100426337,0.11936348906001905
1767868,0.43731744357138164,0.30712221204082374,0.2625490867608376,0.2558663436238603
1767898,0.49555971880878386,0.06807592900803254,0.028288181086216592,0.3104418007401838
1767902,0.1645858882586489,0.6294245450912932,0.12285279250177547,0.12625444595907118
1767905,0.301885468314092,0.8923764231944659,,
1767940,0.048908812896478325,0.45528974006592793,0.1089227876495003,0.9382082459909433
1767952,0.07172415426682613,0.08705095095562808,,
1767982,0.10159569671854649,0.211540358137863,0.1152615883323394,0.03688652888833866
1767987,0.0,0.0,0.0,0.0
1767989,0.2274968028188242,0.16307373173522763,0.2705672394158588,0.04514849078320183
1768017,0.0,,,
1768041,0.3821704198055157,0.3248522081295523,0.3824715976628885,0.4559716248650113
1768065,1.0595294273367075,0.23433900323439247,1.1098027210019639,1.147854858569776
1768089,0.11691855342069718,0.057293848262173146,0.08795305610678181,0.035588162685700905
1768095,0.10796688275148972,0.15007276030478062,0.07924813755123247,0.06722141690513248
1768099,0.2955328803486184,0.25180496813235875,0.23265259993566859,0.15400935487493958
1768111,0.9780706968457233,0.8432085595249526,0.8296277140449566,0.40980357737707857
1768130,0.15899823568611943,0.18426570804220774,0.07544046250991403,0.05460546943997999
1768195,0.5930449472536183,0.7247342891615017,0.5517807202854897,0.46686221787749504
1768237,0.6574714804861881,0.07230431173042474,0.05064784161883455,0.09398779490010996
1768302,0.13051115499565047,0.19059875169612459,0.11647171608537692,0.04235535764389257
1768375,0.367705013691665,0.4372755079285765,0.3982091739488061,0.44867376169149414
1768635,1.0105514456743463,1.0603433980590056,0.05282835730520981,0.12550516409830467
1768757,0.3371125039582078,0.5034486383328797,0.37685047145393613,0.280078742225958
1769031,0.38183803239938074,0.11498350035735032,0.49489740510662666,0.16808470357260316
1769062,0.9141211467449246,0.78641777774042,0.44984573852546555,0.45992168855356164
1769063,0.10475973325581127,0.22576518621467462,0.2606821953789981,0.0972170237770818
1769089,0.13440600948654002,0.19957698378470295,0.2693057342858333,0.2473570895595495
1769288,0.06669127986035847,0.031660471306760585,0.022337178195708077,0.09422284573248858
1769302,0.5471717090534917,,,0.2822760781940599
1769456,0.7754564132752053,0.7112015772350303,0.7564893363555972,0.4714190875612562
1769578,1.7115452854534223,0.12594362852553168,0.5645416641151418,0.9659711249067928
1769646,1.5769103001343463,1.5386720890954821,1.476191810691283,1.502400679324181
1769700,0.8702936517327176,1.0582418754239271,0.8924716659757018,0.8786713709081089
1769704,0.17361601675135985,0.08674897001427115,0.08837536377331172,0.035566352934589665
1769897,0.22562982249967595,0.21033063236867056,0.2930464227080921,0.22236873582781544
1770120,0.2958364484630197,0.23309620937414707,0.1856475381959615,0.7960687070248206
1770525,0.040248443398706236,0.3152663370353469,0.7234660228526053,0.7452117484616853
1770532,0.255842037907927,0.37252312397301096,0.3722795264358454,0.4160726898700925
1770632,0.04455021047393234,0.07840498824633624,0.08227740798521832,0.08192665032448125
1770710,0.1220980772943986,0.07760794945432602,0.07790094764863231,0.1337131969957264
1770940,1.0289300918758533,1.5390108166241214,0.3860454881749637,0.8084015563139005
1770994,0.10990661625203169,0.15962781739451884,0.3457789206126816,0.2907697353757293
1771067,1.4301602175679535,0.03694331170131982,,
1771122,0.5092898153866898,1.1133195365272817,0.8404257803720899,0.0
1771169,0.3257119718679398,0.0673620813540242,0.24678413926669443,0.07685301636260232
1771174,0.3341121707187412,0.3358199470639991,0.9155395411087492,0.23883552105974531
1771179,0.633066630118428,0.3807950880850528,0.4675968967609813,0.35027618162476715
1771377,0.07715167073551292,,,
1771444,0.0,0.0,0.6046437895432144,1.9637070131381311
1771524,0.48315726586779145,0.3921667814768198,0.46977482923215175,0.3184059733307204
1771605,0.09401021377475786,0.2621712420045067,0.08341803372404928,0.06946672533706932
1771673,1.273692010004252,1.276199559041602,0.8502301058150902,0.527302651150709
1771687,0.14903993350580177,0.27622741933198286,0.19565751371207038,0.15356381078077258
1771944,1.0281025458996254,0.8538478582291706,0.5028387436873396,0.6644720977939245
1772031,0.14146009324443407,0.21135263147736957,0.1449457330130618,0.09536051789776444
1772287,0.0,0.0,0.0,0.0
1772583,0.0,,,
1772715,0.08580579868414948,0.2051166673274543,0.4155501743237968,0.2642500227422982
1772875,1.319476585530015,1.3272233874170825,1.4044089194429574,1.298090886963506
1772937,0.04400188519452814,0.2498301700471159,0.3453932052852842,0.1429914562725967
1772940,0.27352615854586987,0.5343807488571076,0.35518934345807507,0.1746064625717027
1772954,0.2419399903395859,0.28800011430037203,0.18641768220597849,0.07375779787169323
1773195,0.6718029498170459,0.6828101001091847,0.5838416645774314,0.8688496807494701
1773205,0.22459706901019755,0.13991269270210935,0.21937151140956235,0.11822002778593345
1773206,0.8487429676113579,1.0516618399929332,0.8830343100839287,1.0180093025544275
1773368,0.008845777536382824,0.10039277734050646,0.011791311207205408,0.014731833103705872
1773830,0.07323857665769214,0.11721300452245648,0.04228363358872113,0.03858411476677246
1773994,0.05122063232081083,0.23850092300936182,0.16051348360753637,0.30710649412193536
1774086,0.07400321274772305,0.20961773229920366,0.08642666528670269,0.11095568841539498
1774087,0.7013041891248218,0.4775128695342094,0.4627572100322065,0.5082782812889688
1774207,0.08236276131317645,0.12324245629654533,0.2091366172379541,0.14933502665289006
1774343,0.10691225266412273,0.07240999471740475,0.38502185150334456,0.1886185938160316
1774437,0.10754960905970425,0.16414721543153446,1.0004196192079395,0.05806349836817654
1774552,0.0555084730395796,0.04330340481215633,0.04231779736573312,0.03132022844082163
1774727,0.023157820877686187,0.05385296140574969,0.15934507665420206,0.026855050606311045
1774879,0.6180846123993602,0.5622691576451567,0.37351444921608945,0.3439722232306831
1775053,1.0063650129747463,0.6680986851831927,1.0878390353797607,0.8184904659534746
1775210,0.1554718414517985,0.14024008633740365,0.13199248261511,0.13956811836124103
1775321,0.12364474653550675,0.22172650841632716,0.10222886819868163,0.09714280295149953
1775391,0.13861536523836004,0.12085496444126605,0.09110619501830475,0.09101519444211956
1775446,0.26077310989896507,0.14186118344515647,0.24017435482049773,1.0121407187165408
1775530,0.04024120072463696,0.06614806848381266,0.08172085798994404,0.03669474763280035
1775850,0.07607876450839052,0.08234568180295788,0.11135997339313182,0.0694577823539676
1775863,0.1406197974236828,0.145050762509262,0.16732061925337643,0.14602348184113176
1776023,0.7208773352637569,0.47388228662680026,0.4678189158812209,0.333385190513255
1776074,0.16118046714979403,0.1835312026177262,0.20653497714424768,0.12183552347087846
1776082,0.1405812426560552,0.14557121811714122,0.13986576233403372,0.10691916719559852
1776090,0.5079880988820796,0.24378857551296573,0.6644277314310716,0.2790744520584066
1776290,0.1530671362261867,0.1717714159127085,0.1215760746965366,0.11039472145533287
1776296,0.12425307232053806,0.10047280932597545,0.1323065976594269,0.10709128525081273
1776382,0.16712278411477066,0.2967878490352922,0.18325989647388627,0.7911608136390168
1776588,0.14435531749616212,0.12987666250310625,0.09751392009250086,0.07339336104444884
1776701,0.9576484715850009,,,
1776757,0.23496111152619772,0.2640689250587205,0.030857822980584763,0.033815913027130995
1776792,0.24144032801894158,0.1100664096908034,0.21080095937335586,0.13563894687630088
1776821,0.1008973866388682,0.4139115922054328,0.08211907763093532,0.40340510552047915
1776878,0.4488379608290563,0.17612341666701006,0.15151859423892947,0.18233464686301498
1777015,0.5091029151176866,0.4671392555387648,0.566830412468229,0.6256309378920935
1777141,0.6319088196857316,0.8242352453712891,0.892635535176156,0.6758492561152374
1777469,0.17298819694521886,0.24838273489020196,0.3977322939071491,0.27346373891313974
1777734,0.5859935190566476,0.8759061389665692,0.4464935343800801,0.20354413510495792
1777813,0.6062342013370663,0.49150991333404304,0.7148412870687627,0.7957487032067783
1777817,0.2676905880343355,0.20658391617716157,0.17340812811771616,0.10116476816077456
1777914,0.203190958745173,0.06156529027849693,0.26405828045357727,0.03822188705677279
1778131,0.3399143491848833,0.6056931726295544,0.32311227465806186,0.2777797775621154
1778185,0.2577411236780583,0.2685878985221585,0.11075876807306834,0.16272566695172036
1778253,1.059185528432954,0.5457489052237301,0.7969081792045273,1.024255308638919
1778536,1.3012516078681222,1.843644289122344,1.0901852040534772,0.4982013337052744
1778719,0.04500917749363463,0.20646629071092637,0.21126262496169845,0.012659073335107183
1779040,0.24697656267080564,0.15723182808300418,0.1152690713161477,0.290148844278096
1779453,0.05361774257303487,0.09092559354725041,0.07516504635948193,0.05736839832404335
1779763,0.910619022674307,0.9888575467201866,0.9771073704063297,0.9831265173478844
1779789,0.22883121004490528,0.14480256540207143,0.11771215180780932,0.10989140576175369
1780055,0.12318216780972455,0.16923370736791077,0.19309003263735935,0.11393612367983627
1780330,0.3364870520796347,0.4057900718970722,0.7544598134176351,0.3630062903321125
1780365,0.586790329069509,0.8292965066104799,1.031918727691568,1.0340742409155839
1780507,0.5411912029814976,0.46580637023802746,0.3331280645066314,0.6001896078138836
1780565,0.10385095341811228,0.02502211578639806,0.030763122879075303,0.10005120129871804
1780570,0.20502404977547556,0.2451042475531286,0.30163396084090155,0.12312861842812764
1780607,0.15660942839228448,0.42208693380221485,0.8241690320405167,0.3517635592098787
1780985,0.525835024374697,0.5700770809117343,0.3666347898610015,0.47263190006321365
1781002,0.07291622495241319,0.09737647293879399,0.2491721681847644,0.1891428819369191
1781284,0.03266305191060058,0.03920704711017781,0.0646430906057441,0.02652113357856829
1781880,0.12653242099593473,0.40467154142495493,0.2638492957486832,0.2873652477735746
1781882,0.344452016036203,0.14885936024154808,0.29014211542212603,0.23092219734146355
1781942,0.17912848876956114,0.027925160848488097,0.11601418707238771,0.04722258891919773
1781948,0.2103521472182844,0.4309956442326339,0.07470876087541381,0.0966323545878771
1782124,0.2883834085619495,0.3419301576768095,0.38970264024234214,0.31739083354820785
1782126,0.7388227908360286,1.1239886417290044,1.385045438791253,
1782491,0.04993665719388803,0.18573784705353014,0.3083986807091226,0.13680724276828227
1782539,0.11717663826946703,0.15864868837490056,0.07290998679243886,0.05735615313405909
1782866,0.17671073536253484,0.004345395258553603,0.018263415699219417,1.4657987150946106
1782974,0.19880981041989282,0.25727055052821707,0.33808903117629713,0.2835591308027366
1783139,0.39292860053005535,0.6115377095883524,1.0605338596078293,1.389295097884583
1783412,0.09004685382861076,0.07975658333148515,0.06403141156499928,0.08488090288313684
1783464,0.0,0.0,0.0,0.0
1783599,0.060613622852005326,0.09781214926095853,0.08002006098903497,0.3462960887277907
1783773,0.11054906758566234,0.17486395974400282,0.11238329141600324,0.08189110079833489
1784235,0.35339641622961476,0.5426149829932387,0.4716022096905825,0.31279658478304434
1784260,0.0601750201362115,0.1361903206055059,0.06901145080883177,0.08114769819916688
1784277,0.10699458683378313,0.053314412867302124,0.16833903030267797,0.05004513843851037
1784450,0.1300538323697768,0.12390769998077526,0.11837032052353245,0.08986150771439572
1784547,0.8619840299707342,0.8756027469489015,1.0218994958423873,0.9864376331437987
1784777,0.048325860815554976,0.08113528370466723,0.3935750703528592,0.07737359080463722
1785144,0.4331850770691424,0.1994667487413596,0.09860947877530815,0.38179139295644016
1785445,0.1498462939908425,0.09577604932591711,0.1396999118996113,0.13329204170227832
1785453,0.1497943286136405,0.17165678384015695,0.21665830057116134,0.5451488034529244
1785498,0.14301317941053088,0.6295018292465009,0.3140727077393337,0.0958911307414085
1785545,0.010743861020583199,0.007673194610299062,0.008491072414861862,0.007079044487770576
1785717,0.21314797637070174,0.22743446721462948,0.27781997276225995,0.12661867958229828
1785988,0.6519346141880733,0.6214539438249796,0.8672472431988669,0.7363232161216008
1786241,0.2375342160363766,0.600478299490987,0.057584038688717115,0.31792015330327605
1786379,0.5396198652496108,0.0777682199806363,0.10222975410954352,0.5574436837448097
1786411,0.18243117925662622,0.33325043120981607,0.2926555286004547,0.17918181783090756
1786767,0.11639709413807665,0.1692103206764493,0.14056714274132354,0.2229540081690043
1787027,0.1638518138408723,0.1306520914633425,0.23560527382450439,0.0778259842037275
1787125,0.11008384166394694,0.16958194630072448,0.2576091124527038,0.10795750764303527
1787147,0.7729416947280874,,,1.0602439001405068
1787258,1.008534967570224,1.005911882374254,1.0985132692189212,1.1383677206192953
1787274,0.236884176387025,0.19463458606666345,0.2255956679526687,0.11350184200588925
1787423,0.0,0.0,0.16494793786218626,0.4615238045579931
1787596,0.40411523124386306,0.4594515316757281,0.3592688662270787,0.3236845156192102
1787663,0.19850126572089324,0.15332625351114826,0.13741975654509048,0.30063430640895894
1787727,0.0,0.3907522083364408,0.0,0.0
1787862,0.0,0.0,0.051241207048184974,0.004096681362175041
1787893,0.3601392702162451,0.32588099898940115,0.5000935455610629,0.4925275224982752
1788241,0.09363566991634346,0.12400968721052817,0.19079605700779442,0.060201045598738234
1788330,0.5556518205161548,0.0025305220941938163,0.14722186675124924,0.15970977952667476
1788558,1.4396544295990628,1.165100223147407,1.4090514860200327,1.7343442072829909
1788587,0.057602906777570344,0.04946582421070177,0.045055446622852276,0.05391443021482745
1789082,0.641111322577693,1.0801421263149855,0.9746850245084255,0.39899822750667185
1789215,1.5165817459536837,1.3792930929833767,1.5699801959424087,
1789219,0.366043809386539,0.30365039467969096,0.12197839945816856,0.03891237311841091
1789351,0.17151130494614678,0.4629222450083797,0.03013142348760347,0.05755614584533303
1789382,0.07771195896157355,0.07945105510957559,0.13601516570839275,0.14488296768801853
1789778,0.3895589288185591,0.4571267139320772,0.19545291331102996,0.4849354074533924
1789779,0.9622210102508381,0.9502565389968939,0.9082404261943114,0.8484831251970447
1789908,0.00951981476455579,0.101101724732421,0.0,0.0
1790295,0.029203175108544033,0.026606624963308005,0.03614735874394142,0.046784043697476685
1790525,0.19830341440854005,0.3289647760119908,0.30672571749913735,0.2865542244795007
1790548,0.44845966178867874,1.0436062841769176,0.6421101253511523,0.6521991916712568
1790604,0.18012166019111978,0.45529801553105176,0.19149407598673385,0.3393044131749536
1790688,0.15192402298310895,0.3023514279414441,0.126823567520043,0.10593350855914098
1790723,0.3502635037487636,0.2421575925107762,0.11982438709733235,1.3489181822672438
1790782,1.3351077254122798,1.1802232365885317,,
1790837,0.00945100336536101,0.024768614500639694,0.008536631829153415,0.01610312574369039
1791002,0.16045711909266705,0.20506079340560518,0.0886711807431841,0.11408146477775269
1791126,0.4407273949091144,0.09742956676857988,0.15235154818349445,0.04210632457494055
1791468,0.15732826013479664,0.2824411759048187,0.11633854425320007,0.6739088896118378
1791555,0.02265763425891025,0.06985664475915611,0.06368184966579585,0.0249373987479838
1791786,0.48371258948114876,0.2651092492473813,0.17692914169966253,0.2040761390808215
1791803,0.02615814789024751,0.01657709151834492,0.25802533244900544,0.029229813560033353
1791827,0.6437878406440073,0.7092160498165883,0.7742015565920293,0.6910987444463175
1791965,0.2625158781654412,0.28259756820955084,0.32335268486127394,0.2122095444357838
1791996,0.061704904792268075,0.1011724756971851,0.048061922785512065,0.1979283599662321
1792126,0.5151495828129411,0.44851147268013,0.4632271483097136,0.6136756201254607
1792206,0.0,0.16588811663674521,0.09227844821517363,0.12165425449113133
1792207,0.0,,,
1792283,0.13381746375950376,0.14689605074047887,0.16725061056514548,0.08621654047876157
1792397,1.2708455852344502,1.7694456438194626,1.664629280111069,0.42455832409478156
1792430,0.2698470423437048,0.3334999198860579,0.180414253850173,0.15487188522460776
1792460,1.2261943542309508,0.8855360505107192,0.7494584698759035,1.060402122028096
1792510,1.3725951190021994,1.023395526826238,0.5312610119716802,0.2619275686812347
1792565,0.023289206384808532,0.028445358465680224,0.0321041947047093,0.029626582860471762
1792704,0.09083314945655924,6.257213243511276e-05,0.22445125742170774,0.16389465052023677
1792851,0.018536787190676356,0.5245331262080926,0.08363922041011786,0.1468316397954491
1792942,0.06044236007711386,0.19144038859552973,0.05749254087252237,0.10698721093148372
1793269,0.09342316309025886,0.11203210804924839,0.09663701627411769,0.07832947445188299
1793367,0.19018328537485266,0.10933752994903197,0.19697067518041195,0.2501322644617203
1793399,0.13645601693636808,0.12180385621804825,0.01377094471374951,
1793432,0.08328369557786755,0.3625202769348874,0.1021533912453377,0.18707104236839095
1793691,0.21433005093210553,0.26022274485429936,0.12171808009739965,0.15170684645244556
1793755,0.09305943030259171,0.2025103472239609,0.157922944887278,0.16969833975122697
1793904,0.19272391653279852,0.20963516994760054,0.24588445583927826,0.12589054233114222
1793923,0.11253925444463715,0.08670025429699783,0.11611756151724241,0.18955704072319188
1794034,0.10860379398883536,0.27363907697430917,0.07406032011798495,0.14847953796222765
1794153,0.06466591765886429,0.09353347426175858,0.10045690808126267,0.07226664565953089
1794198,0.1365665978207503,0.10557111221203554,0.18897743244731274,0.14206033676305385
1794467,0.3589241194378289,0.5775975443189179,0.6465976208426604,0.7964463355134748
1794499,0.10394703307939694,0.14036636319371185,0.18305046249311818,0.4414216714627821
1794543,0.35143312763055545,0.16662811425371377,0.08975595550877583,0.18513739695001885
1794820,0.015592704128904402,0.013360983498382864,0.0619473052553235,0.031717422941821914
1794935,0.16119865583905657,0.2510318538903141,0.10062649090702558,0.09535401747944915
1794972,0.22349764775236738,0.17729019850547154,0.2558616983095711,0.3658726102748657
1795097,0.4954379831212131,0.41775258703577733,0.37948598054196486,0.28340829608184853
1795173,0.13770136386014306,0.16045491613158236,0.1515116040234047,0.025700703442389394
1795356,0.0831481432932011,0.052696566731759834,0.14532854775244908,0.08900535879845253
1795487,0.0,0.0,0.0,0.16044791755263424
1795552,0.8611612049465339,0.936327354736503,0.2409514713331407,0.06499565437455158
1795594,0.0,,,
1795816,1.2424187975855232,1.1600720432038645,0.8002481873284039,0.8886757260654933
1795934,1.7103569861397696,0.9819487295613468,1.6441251929766836,0.0417051260692948
1796409,0.11577129335676163,0.2726081282175364,0.19799819488469705,0.12501509356971088
1796592,0.6369631734287869,0.5624648506888886,0.899861726593688,0.46695834854234997
1796651,0.17363230774429064,0.23715235983159436,0.25369059987544756,0.15639783010412292
1796874,0.6022475592532767,0.1377846334725857,0.1295400644457241,0.07972802914632396
1797135,0.07984796846731557,0.06770028562036619,0.06785409811394769,0.08808481570127459
1797217,0.7042684105817929,0.23890205217439284,0.5630863562976569,0.3491195130707599
1797633,0.15020142069587517,0.26364693499901554,0.15148974541407295,0.0006378638255221204
1797678,0.3325699242179929,0.20447850689535263,0.15089077128151668,0.3094235761801418
1797734,0.03715845411809317,0.5207548267387053,0.016956572801891834,0.06320629648165144
1797873,0.2488050898454133,0.1484513990118025,0.49342937723895125,0.1374947144009452
1798172,0.2055142179575229,0.2625236285222892,0.4498287938620418,0.6868382489033465
1798221,0.09053046655196945,0.44699986958958277,0.38526817568577937,0.5554169739741958
1798367,0.052488359984574934,0.009720038943874297,0.05560397614273581,0.1622916656370568
1798485,0.11003471314464056,0.18352998895134756,0.09650263187742394,0.1266556519453561
1798736,0.11394407268490651,0.2106160581015781,0.12025000869256815,0.16519797809709394
1798756,0.15802588271068885,0.10719545939830569,0.13297419506285751,0.18987252341482258
1798849,0.18120555351339998,0.3110222195170115,0.18014550577259186,0.21352944326360465
1798860,0.07049791243581774,0.4392319672655299,0.028220388539493872,0.2234782281762787
1798923,0.23741462409407504,0.37448410452481096,1.06144207611386,0.36457925355635523
1798924,0.12387552274628616,0.14628678130216693,0.10626346526823781,0.11856389918260866
1798926,0.10755553051521216,0.1937884445193853,0.09830843175289217,0.06505461101814343
1798986,0.08069900849928432,0.0321105170329235,0.06505647041481132,0.012754484035482936
1799054,0.08044101723813639,0.12818399012693527,0.692324330250949,0.06463237862481415
1799162,0.0,0.18341530290203334,0.0,0.16079750539828497
1799284,0.038773035354574485,0.4165415919927225,0.02764357859010254,0.04650857333955884
1799367,0.05410192435494095,0.25411817050750996,0.04447339225096613,0.09956225385236611
1799425,0.06060123731886803,0.09535368933916082,0.06097890372790292,0.03894550939433852
1799435,0.09320590209866235,0.16646152185920934,0.16602913292164853,0.053008578091744495
1799456,0.8441029698369522,0.7265847247174888,0.5480419934259056,0.3005777745126764
1799478,0.0,,,
1799544,0.3745173705595035,0.21249453056671735,0.20285319929961287,0.18140706807908857
1799677,0.6876849412443523,0.2950248955763705,0.3664749130098879,0.12334318939456648
1799719,0.9881924992251172,0.70760705159703,0.5916057986106408,0.7672683898854556
1799793,0.7445083164872123,0.65106772205534,0.833919243028118,0.7741743279084006
1799797,0.18055513366070466,0.07221213616598839,0.13354105605408156,0.07734742136572594
1799802,0.04011745249402026,0.09808909125808887,0.0031962439150450546,0.01404499810706289
1799859,0.045373949644932875,0.08970065477214996,0.046114734492415016,0.05852749875401252
1799877,0.10287841668041879,0.11268114197129528,0.09011195138504074,0.07309465709753091
1799883,0.129100203755676,0.20987976645753884,0.6035950689775936,0.26139903440240686
1799900,0.0658176439107763,0.13709752725336286,0.1663242829207872,0.09342118790378025
1799957,0.5988260956457915,0.11172075481017407,0.45649567167422717,0.07673075607830555
1799964,0.06995076203231158,0.16253108248980355,0.05138465666836241,0.08402017202095215
1800135,0.2248179092657404,0.11576218148740308,0.11045131385255769,0.1437636553343419
1800158,0.06508395023509243,0.16572405568812762,0.10549510992331089,0.12889425274625715
1800217,0.021410914871901422,0.0241144298829836,0.02134965280265584,0.15640818159758343
1800234,0.16709294225565322,0.4191726893317101,0.5077842921533453,0.13609258451668527
1800245,0.07612538550039248,1.9999979347569055,,
1800249,0.21706141037623766,0.37439596529405555,0.4010521717400242,0.25524170652543626
1800261,0.10443811650844108,0.15778654168845374,0.41475978495566235,0.5596815773910941
1800328,0.21726149867228775,0.2565958988019018,0.27117917806798275,0.1932867962351
1800358,0.20115148693822799,0.08191778952830725,0.21291196094215337,0.07603409523342072
1800369,0.13924877567501528,0.4202074578734264,0.437099391639929,0.15013066169336506
1800379,0.12921645026777343,0.09967832318467296,0.10946917157292933,0.16214184457771777
1800453,0.053858242401989706,0.6097556661993372,0.7530487989304807,0.5409530635853842
1800465,0.6559719973689105,0.10338476385632062,0.0947406532363675,0.13932209415281674
1800502,0.2670457524470093,0.23012607487849204,0.15195732693618402,0.09740396777223512
1800513,0.15663300604869407,0.13998715719662322,0.08706478551574719,0.09129961835181603
1800533,0.40960498389488464,0.6176481844625917,0.45422974616938266,0.43040928693711306
1800556,0.11440332228587853,0.11659235689381761,0.08526810543062227,0.08752469593750982
1800586,0.35045842685185674,0.05275677900069829,0.24245581493694718,0.020233541259578762
1800593,0.22067958254365663,0.18363194198866317,0.08764810183462092,0.05105993717084114
1800597,0.0784054255177859,0.07346674440048918,,
1800608,0.21004340899353183,0.19518554434876423,0.0979371715841434,0.09235696364190325
1800620,1.7055888963549246,1.745041416740261,1.6141628853713914,1.2044629975065144
1800641,1.403820581202056,1.2811806018158158,1.1539504469882458,1.05780966752798
1800687,0.2714902666571407,0.36294596856451805,0.1526514012364825,0.22404888751396104
1800692,0.2627723710439388,0.4460607725843866,0.18350159534664434,0.2769621974330799
1800745,1.3272803445582093,0.17184174384365739,0.6522326633759306,0.4228140927337368
1800752,0.29262664232525853,0.5608322113405431,0.14078937013151152,0.22806012304682372
1800798,0.20291040974822971,0.21838377756214286,0.13488254436576474,0.11436939554269444
1800911,0.03534877856364222,0.05923977308716908,0.05872417887824172,0.0
1800913,0.08869934137733157,0.07026148535851297,0.08153308731345778,0.10270810577500057
1800916,0.1400056870481672,0.06358148273426477,0.09480776343459625,0.142351288351723
1800938,0.1981153495327914,0.21392142102556838,0.15350087146865415,0.11047455166773838
1801097,0.09915071486686568,0.08511768513409045,0.10141201677147238,0.10087376296129086
1801101,0.05051658649280707,0.06982444986099981,0.12842421464123813,0.12415919626221959
1801107,0.08506407581050163,,,
1801112,0.11269295337561915,0.2802573646056125,0.2831682687428969,0.20713144267428837
1801145,0.10300615488868557,0.08104820055056697,0.18709530142202552,0.12585804829978772
1801172,0.5695960068540422,0.46498818900011224,0.20118572844344157,0.5252500475556978
1801182,0.17544722941186278,0.0020528527302618904,0.0001430878025740823,0.00012947253078184734
1801184,0.25304676204047705,0.1512695478539242,0.10590145266508456,1.5112994296636333
1801241,0.06320453798107896,1.8759935170849527,0.23779668069475476,0.06152419243754361
1801263,0.38503493533593597,0.6768148672431807,0.32025515163834317,0.22454814004589824
1801264,0.36024248217799015,0.5115310404977338,0.42570523275351985,0.367035007581329
1801265,0.3401485961245925,0.5284557941384557,0.4117284404880139,0.3942116513807222
1801373,0.09551458800742513,0.20347429779775714,0.08639265510454633,0.038386835170888145
1801413,0.2323050109239703,0.19782705784762777,0.3141263417468678,0.1345457402913651
1801467,0.21399615195779464,0.28742401905759557,0.3251188578681815,0.4754492537352472
1801470,0.11735712811077653,0.05218514050178404,0.009852812366722941,0.033842758450074964
1801507,0.11461418391783781,0.2241995568560196,,
1801523,0.3317608322106282,0.14019140669034216,0.7032191870298198,0.11808774416861995
1801547,0.37115876460041125,0.250172012558996,0.20025265215647847,0.3309103340466563
1801563,0.08365951902435374,0.13705520017084544,0.21780557975909337,0.10550900833395697
1801573,0.022897912974245125,0.06845059388651072,0.05819837526381252,0.014286085901770969
1801577,0.23632281096463204,0.10140009350772654,0.09402550847800492,0.0
1801583,0.17359063154764096,0.1165379049512188,0.08887500933511919,0.12819730415118588
1801585,0.6409442767755177,0.5175869980716579,0.8805073012608382,0.9881733775486972
1801619,0.03238863519457732,0.23148041273179606,0.04013421507398533,0.014416161716838361
1801634,0.3610364169490222,0.19413299536430828,0.09630110610684821,0.08820571448191468
1801674,0.6112590670784048,0.3415809532574132,1.2855178966678849,0.865043813322172
1801682,0.1645450302309968,0.16137060447168788,0.07774281149428554,0.04439418666140514
1801720,0.2413872865217048,0.004277536169753349,0.1820406712437755,0.07998065960964415
1801792,0.04951250447647795,0.05230277539778923,0.03511684307098833,0.0828360045928045
1801811,0.2721623789565509,,,
1801846,0.3185182736242414,0.21674598162460013,0.3000661374394701,0.09156882572519587
1801857,0.1008988867446675,0.19702763241061405,0.06600835581457422,0.04565531999126855
1801868,0.32472834989071403,0.43527992696969525,0.45405766850122503,0.3324988009185458
1801876,0.6305903041288418,0.34761330787771755,0.9263852166885218,0.28096531903822486
1801881,0.21269016311994784,0.33683605539742884,0.2949997767939123,0.18338226034864438
1801892,0.32065071540892603,0.28348169060408185,0.5592371827086305,0.45391466296223665
1801926,0.2617353407940276,0.2304651942087292,0.24922515701763284,0.1379838115636669
1801989,0.18062237092670258,0.6007727401200534,0.5689283044677189,0.05362681180612716
1801991,0.19078434995065685,0.1751320778629012,0.47207158508079117,0.31406645361444174
1802013,0.09225683633586663,0.10304989704062063,0.2829901296082838,0.1812371370927916
1802080,0.3098768341334349,0.17482235740376198,0.1924943716698351,0.08092265692125038
1802084,0.263731449211316,0.17202000503023918,0.09784382696385686,0.05318624765692235
1802091,1.532884254235482,0.06028223672075604,,
1802107,0.05838951500054182,0.11241712596961981,0.09265779158962781,0.03849332774792802
1802119,0.06126768230441697,0.07417287421284577,0.03970209719409802,0.010165621588308235
1802131,0.3717526037685068,0.2959304228715323,0.23066659703432169,0.21760491329860715
1802132,0.08336934383060528,0.9539993853155582,0.13135967805949741,0.20781534335710358
1802136,0.11313889843393567,0.12324833022679317,0.1969660793964406,0.033848118740385874
1802167,0.3607563443874439,0.45752629880536677,0.5272536057945686,0.21079444154958296
1802195,0.10456343498233894,0.21286344072963928,0.05983225652908292,0.11383753304741111
1802224,0.40114967124604467,0.35627766646276227,0.33973329703237415,0.24028861109899183
1802225,0.627765787465848,0.3754000898991561,0.33208857804906633,0.35062020504561353
1802244,0.1335182445884202,0.1621457108725174,0.10564948683237023,0.11209076591062088
1802257,0.1942356217432072,0.8964633743934567,1.1011754623794738,0.03860746514277781
1802277,0.06884352382697742,0.09602669207775429,0.022914433874445174,0.03465527970333888
1802278,0.10135091727791486,0.18954492401500922,0.3070917601357169,0.0697803543000151
1802279,0.08437008558386368,0.019861502140471145,0.053068790900399045,0.048103857031523124
1802284,0.04569621830759654,0.04369053356317376,0.024599576006089523,0.022662703640331138
1802290,0.09883107266338764,0.19905385613895368,0.20038985428267447,0.18091368893394008
1802291,0.10252721314462454,0.2372082492645635,0.1686207144174265,0.1014333493224655
1802324,0.44866414287501866,0.004816351612377472,0.28166010266772495,0.12951590921669837
1802326,0.0,,,
1802361,0.013601958465030225,0.031247828141532,0.025259380436294943,0.03805159481327129
1802365,0.15838398625610386,0.3233418453166193,0.49251289058949865,0.3779998189930771
1802376,0.061746590331079494,0.1594679258802568,0.47581370956397473,0.17358197832090164
1802451,0.08714164616970732,0.10947600153050152,0.2213099532009546,0.05564927588859431
1802459,0.04864598378980789,0.19158898169808738,0.3152650483765154,0.05997249066344439
1802462,0.7069461138907727,0.8166147521832717,0.8218659221743176,0.49573744600153963
1802473,0.1404932472830571,0.24260686674315038,0.2017020837699156,0.12976113764583935
1802474,0.6100949556877606,0.1736747824226899,,
1802490,0.18480328835963536,,,
1802493,0.22031164977910694,0.2504549471476647,0.19029927230765645,0.18007111901698447
1802494,0.1919048110241908,0.10558110923355996,0.20069716561578752,0.19013589972345082
1802496,0.16676375865216433,0.5161328314298661,0.3393806488140991,0.2559963150373228
1802516,0.0,0.0,0.0,0.0
1802528,0.4004685375790767,0.3421008873811928,0.25979561117426936,0.5228235083448781
1802530,0.1875204259287219,0.3869344536470563,0.31292155401938954,0.24663725212187498
1802532,0.4815976194595272,,,
1802533,0.13273886319995895,0.5815311157198599,0.6254083473004421,0.19221989138515755
1802534,0.07337762017819618,0.10150653483835623,0.13812930447221744,0.12690077121391938
1802611,0.030852330559210175,0.11679058380559086,0.04099182977127814,0.033888180089039266
1802614,0.0,0.0,0.0,0.0
1802630,0.715424776772337,0.6035729444773383,0.6407866317630876,0.6524112712758708
1802635,0.15003286716754438,0.07633409130706298,1.729246292302436,0.0748259539609773
1802647,0.27968087312424095,0.30549241193989335,1.0271150423245878,0.2525319185723941
1802654,0.06962449244466035,0.06085686053314175,0.04446608892365807,0.04235069654460299
1802655,0.17663422240278523,0.2717624759768872,0.2032871917031486,0.15488714421807753
1802660,0.1859968800931731,0.08023361039564618,0.7832423761191454,1.2781873476333445
1802670,0.10127219618230246,0.1120367972843284,0.0904475466755901,0.0578042067475321
1802691,0.14279505397358558,0.06451421175701802,0.040343561728791916,0.18250506345072093
1802695,0.5416218490127992,0.6718789850693659,0.8092629730533913,0.3616775117860408
1802696,0.057905450665201946,0.3728539717195692,0.17205416886227476,0.09492042574256389
1802743,0.15816342014211437,0.1488667806533399,0.09400998904567304,0.06255635546419436
1802797,0.5512281553216986,0.23501850415675338,0.11546105294129022,0.30110270293561103
1802816,0.06260875742568904,0.13301576813348157,0.13869391791111857,0.2257242590627995
1802837,0.0,0.1399302295019082,0.3214358937834949,0.11071491362176994
1802838,0.3309316421966841,0.12415598515821413,0.2881841244223385,0.14264538508841124
1802862,0.40488794384162413,0.3377672672856196,0.25722770980653137,0.08557320998095509
1802865,0.10704048535170478,0.21410659325785603,1.988071008586444,1.9713715128383382
1802867,0.15539870698775965,0.7577136355749167,0.3849474854339228,0.10669208713073797
1802868,0.04392441704621313,0.11134707172570148,0.03784105076057927,0.03986584311927905
1802872,0.14206865431500568,0.15173433651864732,0.04752075843677018,0.028980182231381692
1802874,0.18491823323726803,0.0047291040820604145,0.1291734985129593,0.22482412860726442
1802876,0.10573192202880062,0.41066252554051874,0.441751387779627,0.032675688702099547
1802881,1.0525422435375473,1.2192495792136697,1.1746325720560897,1.2854569972330274
1802882,0.22187594205050923,0.13482721007786488,0.09725878664190146,0.10731501438666101
1802891,0.13968947950219382,0.22226176211621906,0.03798191274877423,0.034173833460881695
1802893,0.2512598493354469,0.27839105146158516,0.3158051353312822,0.25901766335049375
1802900,0.0550102860471686,0.15618593760856603,0.16100494524483713,0.09398768096769936
1802934,0.08680536974547992,0.3242812807249223,0.6209671305007186,0.9077017321616422
1802952,0.15282414985654194,0.2988019217177705,,
1802955,0.2400661901437913,0.042601383473041605,0.151758888350029,0.08740714042378608
1802961,0.09291939561810034,0.08423208455432674,0.3862132695750475,0.15303501696552707
1802967,0.09990013883730645,0.16176303174834136,0.09874307338865743,0.17677525171224445
1802978,0.0,0.03200529002187273,0.2530222487733713,0.06741592824814951
1802984,0.18198070049619577,0.21927311198643415,0.17964710883689763,0.17995350481385336
1802986,0.1464328866478623,0.2026875854972446,0.09837997322906612,0.08207793190184327
1802994,0.04050641162847301,0.06924697186013352,0.06617899542457611,0.027697698935905943
1803005,1.7647681103624642,0.3406287173577059,0.4484683546473961,0.33537274933704575
1803054,0.4592003330697063,0.2615235289107497,0.6152611865784764,0.3436322930336597
1803058,0.19822611577147484,0.10436306917357566,0.201646175818318,0.06461332776703528
1803081,0.028717355133068764,0.05485985300810805,,
1803084,0.3204302389752089,0.4420825129530626,0.46296909516915635,0.14764163262898922
1803087,0.17043155365331908,0.040277316676318606,0.07107757901514761,0.03107788349435165
1803089,0.37598484859608755,0.5463858374221595,0.36918899838388086,0.8955037624611594
1803106,0.14124599793312573,0.15993650269320975,0.23195367393852492,0.15863730948900065
1803120,0.581564461619356,0.6450363154948288,0.5098975959237648,0.43502467074510176
1803140,0.05835886865327999,0.10527965502606176,0.1300909723046954,0.1261696546757203
1803146,0.12421146225783644,0.1573857809497725,0.09198971751218694,0.16818612316955908
1803149,0.5952428073516574,0.5631130053145785,1.9582090330756947,1.9498525339736834
1803156,0.3973514582404746,0.518209408349421,0.2248884373023795,0.3574240760806381
1803189,0.3213698844159666,0.04398793056296188,0.022734955265776496,0.024288984828208446
1803200,0.13424361786842323,0.005297929906167954,0.054568413313926034,0.2891834543513429
1803227,0.026460726032561558,0.07858364190502756,0.09485212243469349,0.058131799036643915
1803229,0.12494942998621907,0.09389742165081692,0.09684598262262399,0.3321703641936128
1803236,0.19012028858368615,0.18741078945548253,0.13071642214621987,0.1119484424663456
1803237,0.857801384531748,0.771009303493891,0.5431314479929467,1.0653094501460243
1803253,0.24313215940435104,0.17971524073654335,1.2243667741999071,1.2376221144417423
1803255,0.03427408439982633,,,0.713094113403091
1803274,0.0002972278040475014,0.00022755983021066812,0.07068519225360816,0.09296218790608589
1803277,0.2162721615113791,0.29249804874809293,0.3077092148847105,0.18261032089431814
1803291,0.31649791450832665,0.24937277009991748,0.28352175667684937,0.12972026667146033
1803294,0.3277848123006471,1.4708730593804324,0.09011247611875749,0.16372145463840454
1803295,0.12945166244395176,0.16265406683290368,0.15159438478708961,0.07800733381486932
1803296,0.26946020669762505,0.5131239718124482,0.31950964451080016,0.2956053773699538
1803307,0.37079310323606907,0.29685182291475476,0.0,0.04332749368102754
1803329,0.16465602876078383,0.16369097931527665,0.1883741905271845,0.06302086925885962
1803340,0.18655017054685208,0.1194924195556247,,
1803386,0.3134639748475676,0.39634881550415674,0.28892872017899135,0.38950317310029353
1803391,0.0,0.002439379629560583,0.0028283487134138086,0.0022226551373872895
1803397,0.050292350384862884,0.12081277402224427,0.06855916666471575,0.04785622691957902
1803415,0.03274781760607214,0.05233158141321296,0.05851116276991898,0.06630203344461849
1803425,0.08028123896269913,0.07948411563620493,0.12351948469490576,0.044595264529000145
1803426,0.15709374646688945,0.4189259564602658,0.05317038809415426,0.6283025572354816
1803456,0.11772778640260359,0.09031404127303808,0.045518522815456645,0.034251314443151666
1803460,0.1320160948311572,0.5887105863573091,0.4027069861936374,0.7156176819750265
1803478,1.9622103695281343,0.39882392556087415,2.0,2.0
1803519,0.6985172525578233,0.6516775196893889,0.7388289975457912,0.16001445128572175
1803523,0.20174519672850283,0.20863122335007947,0.13740901322346472,0.11721997255332696
1803536,0.24562021505007237,0.22615443523256964,0.17876744279356582,0.27011631607242176
1803557,0.0411848807866527,0.06304643360632432,0.018257748864853256,0.05251532165107219
1803566,0.1714816636258291,0.5576998711457558,0.27472181893430053,0.21982425975539868
1803593,0.6649517820154801,0.4726851147507257,0.5609700656913141,0.8249141710533674
1803648,0.07116004068012323,0.5224534542403252,0.4577692016431289,0.034030022753584126
1803662,0.2473747006285915,0.24091187208167206,0.42239187701351966,0.3229767127034705
1803673,0.16803844223762582,0.28118403447704554,0.33000734136343407,0.07291838450278833
1803675,0.1588811455277709,0.10375259104165666,0.1322841206179689,0.1411683533732331
1803679,2.0,2.0,2.0,
1803804,0.38155097783632597,0.261961406073347,0.19705179746837853,0.17069310875803337
1803822,1.0276450871209848,1.1764828730741341,1.2828330463913054,1.245045496528413
1803848,0.19915397036782265,0.085320450112066,0.15149045171342737,0.12050599597999977
1803898,0.1966528264817111,0.06544787947462191,0.02542125287037402,0.10775742271459625
1803916,1.5783263077849148,1.4785805125692073,1.3516242966333245,1.30153991478789
1803919,1.1584240268122685,0.7402145135619848,0.6657669141464408,0.5414356797563088
1803988,0.19937072278005694,0.0855467141838358,0.12274774416685288,0.026240780117799664
1804007,1.1664253872895727,1.2480887831277987,1.0925544061330306,0.9132723138434097
1804116,0.15038464162687762,0.2655661122042092,0.30228411506972735,0.06394364148795659
1804256,1.3886944447161136,0.22568430699526607,0.0881219163939111,0.019953386827400887
1804329,0.14796453255895162,0.3840533090471257,0.18059263795676225,0.30879009037775706
1804717,0.04389585611444608,0.048920764776520166,0.022629268420865448,0.25513258469799444
1804909,0.3777200733964477,0.588562497000189,0.45876625525586545,0.4993241586588588
1805250,0.4080528762871096,0.2717544891293665,0.21200462798470568,0.383424883585106
1805466,0.0,0.0,0.0,0.026940721196576423
1805589,0.33657705764589424,0.3738236145474741,0.5589827743017748,0.3964485447803489
1805591,1.454680836983266,1.5403296102867954,1.4916426095675486,1.0951712739434332
1805604,0.3088636011798939,,,
1805754,0.2762600066115588,0.018088333995153777,0.019835128125350997,0.008332783327578178
1805758,0.06507292561245279,0.28781475306236204,0.05496081889923189,0.07904017694521903
1805824,0.09949959389234726,0.13884380994083018,0.2284055660860475,0.14425051540838685
1806222,0.09952211226908447,0.3008415269045567,0.321889525809338,0.06573001604189062
1806226,0.05486019135117624,0.069711740092841,0.058494074408918365,0.044145946510506365
1806366,0.09308920018186909,0.18466665598714155,0.12301105831936,0.09527107232644809
1806425,0.05659706086870778,0.03119572823707591,0.029254208819912947,0.05144593284158303
1806428,0.36270561380857064,0.27041137189887715,0.2744526425902869,0.26366735139217906
1806473,0.04536148240154485,0.04754536622221219,0.04791088994048461,0.04968269658795083
1806580,0.012151558746614215,0.08391155961600892,0.06643858330771939,0.08246796950785848
1806628,0.792041078842305,0.9121043327115371,0.8733205302397274,0.6636814432982132
1806752,0.12811521587722893,0.0811058436695372,0.22259766289368194,0.13675776081666383
1806755,0.43843310725567125,0.10394105894924913,0.10098767432556101,0.003223653653790496
1806816,0.0,0.0,2.0,0.0
1806820,0.4827897203148207,0.04422168518747034,0.17440306498752553,0.16992607628021048
1806987,0.34425792188934645,1.3082795946575094,0.5805962442273882,0.7304404562299119
1807092,0.6735971207664968,0.8571149171317036,0.40365426333559695,0.6286422457283816
1807283,0.06614365225679372,0.08199427018526317,0.05136621447822767,0.08859836301290859
1807288,0.11649635108716154,0.27239542771351394,0.06541407789101952,0.0967376134254593
1807328,0.27242409717583366,0.04680493954984391,0.07326457259123477,0.041104377973089086
1807489,0.18489702477501666,0.45986952058914243,0.17053310878530586,0.2302929289180322
1807559,1.045258665939584,0.8013934304028474,0.5591333381900683,0.4616346860451498
1807622,0.0,0.0,0.0,0.0
1807878,0.0,0.0,0.21398113585922365,0.6970279205534214
1807902,0.0649296396838897,0.09277390734100839,0.17424297717319803,0.25825532338444024
1808163,0.00840254314789675,0.12830595934987954,0.1570369154641088,0.012345869099558654
1808179,0.0756677348675738,0.23289273140824573,0.9027073707783838,0.2831441070844184
1808195,0.04223124119891345,0.13060155522316014,0.061920154315440276,0.03548422017790897
1808275,0.3428289487727442,0.23876847909121804,0.13681235852912846,0.32061612913837856
1808361,0.8983802365680567,0.923371027178745,1.3937853295991416,
1808389,0.24052562696380358,0.24966981544051284,1.4464743052301814,1.0477174617121956
1808394,1.2516865371096373,0.3719529408157695,0.231251398276988,0.08132514415594842
1808523,0.020742878403808698,0.39753824431601287,0.013416657312857313,0.1571838363605239
1808696,0.193023795683677,0.42860980847619473,0.39278642949800097,0.39649770158738706
1808748,0.3029367727596524,0.8233527723742116,0.5617746044298285,0.15987140532819144
1808915,0.18179463110387278,0.1959481696249756,0.1419611602386505,0.14111358524742265
1808919,0.2970909225171069,0.21270581845265144,0.3611662113733598,0.6829502414890851
1808928,1.2494888690280628,0.9384330425262327,1.2520834234989742,0.8532256478479248
1808992,0.10021494356984978,0.18074989754802984,0.3088451574568166,0.22875380274492169
1809043,0.4700609829259818,0.2215312168265494,0.32510780956111085,0.2010202208640202
1809187,0.2524949642508077,0.6251558496794457,0.70404753354054,0.8247824015391853
1809236,0.08012447682358113,0.10181730960695752,0.16136374744231877,0.05873623754651668
1809494,1.8412491190266587,1.307572428061679,0.011089864912369869,0.0033800210945397987
1809525,0.6740648174664425,0.6634336273375255,0.5626938099558167,0.36914039392857323
1809574,0.3876818451926747,0.1782855160162862,0.0811311551730984,0.12909626883524253
1810023,0.05453211776890262,0.07039311690060036,0.12877848795582786,0.2800766426598521
1810089,0.2565495093735393,0.12222927945653525,0.23869806297859264,0.06167958245059951
1810099,0.16197495769297454,0.16573601566761087,0.20405449119869964,0.23991957979282483
1810158,0.06809119202862672,0.07559693024431235,0.5893400038379335,0.5540115574736341
1810512,0.49334148755464025,0.43275577649540076,0.83916179611901,0.4368328894392162
1810554,0.031839406768637765,0.07406980737920493,0.0,0.0
1810555,0.13213366356855563,0.10225843931746544,0.025513053792561653,0.037112108241480105
1810558,0.32984468753347695,0.20337647088966884,0.334819387641095,0.26497922888993136
1810677,0.11263456926820131,0.2407308860748141,0.5588930755108187,0.5398277961320896
1810720,0.15682437535967125,0.11452162892762384,0.0643741058729273,0.06353938839212418
1810873,1.2935353573916524,1.5095524914118321,1.5690956187896299,1.6852181693482662
1811005,0.176127165284725,0.11003496862332118,0.15445586839307632,0.4502231069281493
1811034,0.12167245884471346,0.32077469496900224,0.061126709064708566,0.11342504660715311
1811240,0.268401539549449,0.151767175240901,0.16332724764526613,0.15719588701732565
1811308,0.004672151631866017,0.013961071058976038,0.018119644671554396,0.015573987024209873
1811472,0.007492105220750442,0.0,0.08762186299679928,0.0
1811491,0.18600744441876652,0.06030419397682041,0.1000786761559765,0.00020513504734366212
1811513,0.32939580184358713,0.19405004607085902,0.14834966766375132,0.10553647262994008
1811522,0.2865766375875703,0.47080037550423154,0.5001185108627431,0.412761385865446
1811532,0.23004728708389038,0.10203752952008238,0.11658319074207911,0.47182631488157867
1811568,0.6028179723897167,1.0382883528182323,0.2915502564065746,0.2409426665182265
1811579,0.38997143433938986,0.18166631639593175,0.07249072320859996,
1811739,0.40524704439985126,0.19008611043058007,0.07344788808077837,0.1335197598938496
1811783,0.2511866831433394,0.31968766883376815,0.3800493765500711,0.1550619022581417
1811805,0.4278838994925343,0.16142621765315976,0.09632594721064142,0.03595305365772325
1811827,0.08317443335985314,0.12745127744729678,0.24899281397066406,0.4523610830455841
1811907,0.03009660934489219,0.01435403341495442,0.012291090513002464,0.030373897645614756
1812090,0.3454406342804695,0.22195331867386972,0.22413269737179223,0.16361821617026898
1812095,0.2797511000946976,0.20296361310965855,0.02525807356862653,0.21943646838795763
1812103,0.12836352857025857,0.12108808601044485,0.06609439050682586,0.15615071803779632
1812155,0.2415737669009492,0.15397940295663767,0.15284358095044656,0.14860274328070952
1812177,0.1590758570614812,0.49883146819777247,0.4422057010727482,0.11803907313340828
1812178,0.3264178603643347,0.3906267582455669,0.46499791627768494,0.40368978524168814
1812198,0.5316415793929449,0.2683886347366523,0.12353177144338848,0.11388978203162188
1812285,0.6225309613633468,0.43932351414574844,0.6177448270500444,0.5445521334684508
1812492,0.08507396963638529,0.26090048168391117,0.16429871550029948,0.30645278667025205
1812549,0.0001576241673749731,0.0689232880808512,0.016725119526633497,0.009148825222713212
1812792,0.2893496608031763,0.2974768146476639,0.31937399560147184,
1812822,0.9038827714795988,1.1667921309745004,1.2697996797889812,0.7170242836491231
1812881,0.0,0.0,,
1812902,0.06790472822295927,0.1604157096575862,0.17446017794745994,0.15960790777783224
1813577,0.03785952853003315,0.0608629708332808,0.15114765265450383,0.015001359987506449
1813784,0.11208378291182862,0.07069875963313887,0.24488700993225365,0.08771523393164736
1814104,0.4363016668208162,0.2891913875121384,0.4853625855718399,0.18421018756642493
1814191,0.2832010417422738,0.04410947679367552,0.04003559303794656,0.04078323881644723
1814214,0.1732733267518747,0.48438404185323414,0.23783417752501898,0.3049133696111711
1814234,0.1700408891696414,0.198748619326148,0.16513898418045386,0.8124393943942847
1814533,0.0,,,
1814601,0.0,0.0,0.0,0.0
1814733,0.0,0.0,0.0,0.0
1815025,0.16719284552530922,0.17988006662009012,0.12586898667662547,0.10812161579728627
1815123,0.6976204993997581,0.618339455753932,0.40998643549015107,0.8398729199596768
1815217,0.36634274178823945,0.14667464506582462,0.07695744185274199,0.09362277528971985
1815355,0.3507202085128601,0.27727334254112035,0.4240715358579335,0.29629520173853263
1815467,0.006009638293377204,0.31953753644838967,0.0021706259172347,0.0
1816000,0.6328723689835587,0.6998204059648395,0.970982188529892,0.7178086393628845
1816307,0.6338846623574462,0.6152512176066254,0.827653462834066,0.6312803357735823
1816374,0.018288229693154183,0.17845798581297628,0.0,0.9432324648477287
1816444,1.2063388449944825,0.04448337417856744,0.0821981231891013,0.05262899767957173
1816616,0.285907442950477,0.2594817983061136,0.3893442185972377,0.1278518067339789
1816635,0.08279668211604198,0.10795730157229155,0.04240632713959367,0.04413461945697261
1817145,0.7640666622842981,0.8899641975367817,0.7203269238461492,0.770648164664026
1817174,0.08994542878513598,0.17311233921049643,0.07776964161417438,0.0589806000244518
1817181,0.7062620678799254,1.670360574209724,1.3222675622792877,0.9851457761877416
1817187,0.2899677178508388,0.26505281484394544,0.3508999715417026,0.23746258067956655
1817276,0.21807240823025875,0.10489881267156262,0.20288472103420485,
1817306,0.18483274514714362,0.13593094435169037,0.0709886930046417,0.02967344805079169
1817494,0.1673592146831989,0.10929283165030382,0.07327268201611217,0.09307061873757846
1817534,0.522356620937849,0.7626905538459369,0.8270143368853764,0.584291957541972
1817646,0.2965463338373814,0.8845478884231173,0.9224219019573644,0.5632100847672162
1817648,0.4150782550250511,0.7105754496325759,0.6953121228357226,0.36735333984057766
1817652,0.1520541643878689,0.26501488260242506,0.5248174782740714,0.4084607070499851
1817681,0.0,0.0,0.19397486596617636,0.0
1817693,0.06854871257253174,0.052638009916269345,0.04285374568351944,0.04326212372936582
1817714,0.2353462177854034,0.18296122260406203,0.49174227639139323,0.2986239669638797
1818044,0.029172178691852804,0.0,0.009001553539966714,0.012144954062232347
1818207,0.16881412720010552,0.2173246029334635,0.44717175179852603,0.07540781211730425
1818309,1.297183295740991,1.2373464309847078,,
1818535,0.09025110926373889,0.1651282664099605,0.03779326368985613,0.1764586170383351
1818557,0.18657003663222832,0.1668148335679987,0.2815779174988008,0.11398073404540614
1818604,0.6961566873124049,1.5585563110541925,1.293806540252051,0.7420671709751818
1818687,0.0,0.0,0.504765169694892,1.9870528723788474
1818759,0.11641963277960177,0.0902837390677262,0.38906663881987624,0.03744736630496839
1818890,0.3672731851312366,0.38951732664019867,0.28510365627718554,0.22602398796226592
1818897,0.09552903569503456,0.07122748657853786,0.08435607996611685,0.0447604347974731
1818940,0.07371239191994858,0.1326367254009788,0.07779596348939932,0.03817306589653901
1819275,0.8004835703941936,0.9734105446919878,1.0963740173652454,1.0941736545930318
1819279,0.039849434038577734,0.34570875537937545,0.03880510027757971,0.02171911396578679
1819476,0.47951709900312456,0.48710504475577615,0.6889592944061835,0.7303289387502324
1819581,0.14388234709991204,0.1726503197526435,0.7734562379382178,0.8132529276346326
1819679,0.3239973292014054,0.14530950437554532,0.411199963033278,0.19845977217136881
1819695,0.44646932972553716,0.30670294931915093,0.43692361506638705,0.0661086018229559
1819697,1.1229754047448937,1.3458999945615149,1.2931717485066492,1.3653859410657105
1819815,0.3177886951812291,0.7479167008262542,0.6568681255224569,0.6132242353242562
1819919,0.07933943164435471,0.1544789272472591,0.29110663767409384,0.06293352482675528
1819955,0.28075025431069495,0.9859648690181333,0.06627710908684807,0.6888960922791384
1820538,0.00019067613355135853,,,
1820593,0.11291177643717931,0.23403486322107495,0.2198176972267383,0.04667669701390191
1820680,0.0682670038594642,0.08026668401564799,0.02629236553835717,0.05064263080296252
1820681,0.2593795887481698,0.08976895867977709,0.2375120194925938,0.3416862072713683
1820788,0.6734203426888632,0.8604825590572782,0.5373417384821427,0.40577044796658457
1820879,1.5707687129727534,0.27382140192133475,0.9793619731250365,0.9893838955486168
1821035,0.3279714138128037,0.39922727752505244,0.316798850871438,0.11357951654282115
1821051,1.3839076720539731,,,
1821168,0.0464923706440779,0.08950532397263554,0.04621514328712007,0.08889726138926815
1821219,0.027143911129849856,0.017920126606561927,0.031213840128995626,0.012363653964432699
1821271,0.2427078607879633,0.23478610201714,0.17553143633560822,0.19876209474727033
1821289,0.1673825327731527,0.623057963457588,1.9602387992647499,0.05284180554796927
1821336,0.031285131483307145,0.027568886435737343,0.021039433855626875,0.05477607792822791
1821407,0.2626841903565236,0.14997027015789527,0.41695326582806075,0.47369870051566276
1821455,0.1844450376380514,0.1239856828966863,0.21995135727048015,0.7043219971364371
1821462,1.525121906983741,1.9501078546779378,1.9902365223221763,1.240352587473251
1821549,0.33904002643349307,0.34016324963317673,0.42832277245357225,0.6163071823143164
1821626,0.8051170904208786,0.7458543279511352,0.42192509410924095,0.4446806846304663
1822015,0.06255435622111817,1.0981050977485716,0.3946997853825755,0.45831443356339935
1822065,0.24913725413492988,0.10909639861758878,0.422972674635761,0.12482764695250036
1822236,0.18276048976514375,0.23925237569005803,0.04460529774911717,0.4201120959457837
1822480,0.06319115481000777,0.07284449071148859,0.16486732854118,0.013059290777848141
1822531,0.8695330980320876,0.3712717982147172,0.4024484165345806,0.5422753041733829
1822632,0.06956895203112386,0.26039502009902826,0.0651324261229873,0.07673833905983936
1822731,0.03650274770200608,0.05292983588184207,0.07498611419628827,
1822947,1.5904314268834723,0.9492652912666071,1.8097575284710457,0.9398193311724742
1822973,0.18729552663859483,0.08825129092554893,0.43849124786366106,0.31123932395113896
1823138,0.5754440127740885,0.4691079553794235,0.30288660120579547,1.1808981940237882
1823172,0.09262502939997634,0.16359557576266043,0.056572245841221454,0.04801538616030558
1823393,0.03565622815407341,0.4164077559528709,0.07553670525774492,0.2700410966540071
1823718,0.07907834161120318,0.47024500847460765,0.4357982886926705,0.06825455437657937
1823823,0.6099365575704955,0.5016056488933681,0.5233377079483682,0.587261617985751
1824263,0.7168946727305714,0.8495227247754369,,
1824516,0.1827508907552201,0.2691861606746446,0.24968562749869458,0.2240771206951988
1824658,1.3632889679028883,1.1018348638633786,,
1824694,0.0877944855651833,0.0758654250923877,0.12267794535398702,0.1623338012620225
1824700,0.34830051030585085,0.13323841209568554,0.3499395803632634,0.16513225329827358
1824821,0.16504981757875212,0.03250879184363724,0.26617375635638973,0.2732069593817569
1824827,0.0,0.0,0.0,0.0
1825034,0.0,0.2069923509507746,0.2554917270443354,1.0666581458722038
1825214,0.41069643648519766,1.2716288211173425,1.5341922871399367,1.0196820743151966
1825292,0.09579862404469525,0.18259004754095748,0.2819219310830557,0.16557889808488674
1825404,0.6065820179307886,0.6125107303044194,0.8391289015761161,0.5342182399361723
1825516,0.9507384226401993,0.964722585957875,1.1517311736400413,1.7608536409830735
1825564,0.05253316156092518,0.030873833287753935,0.06920176914888279,0.018007740923662495
1825611,0.1535264907716087,0.6901320882022525,0.23386811978998204,0.15734019168914734
1825985,0.0638761793525102,0.07405200999940754,0.04311467793066683,0.0835839943967651
1826136,0.14625796799419247,0.12029730159624576,0.32664236987170625,0.05165183143276496
1826434,1.051314912034712,1.3186306483661763,1.063990382828758,1.0591921405133276
1826790,0.2996597791639275,0.6579221152028017,0.2894509226616502,0.16704769465833377
1826937,0.5009094334499923,0.1164335194892447,0.98549001348764,1.1348263376546204
1827210,0.3793279955874511,0.5471653429340744,0.5541180794933224,0.43131612192803287
1827261,0.13330441980016344,0.13449496413562687,0.1599536302486378,0.1260646652480645
1827442,0.30938422906500584,0.48001351186627017,0.41386672519842554,0.2521457510682309
1827734,0.606333310976329,0.5798432530020016,0.5226645657224885,0.3840547081752066
1827844,0.07254138247399396,0.07549859405933335,0.16551689013075271,0.08177468834003192
1827845,0.5716460608251013,0.6180393385087982,0.4645297084999271,0.06768727860053443
1828301,1.4529107192696844,1.3260390252761063,1.3579428218408103,1.3430953498112086
1828776,0.2890708902011369,0.6235244274913637,1.4130412206029312,0.5188429355525164
1828822,0.07208489246587024,0.18473063475874332,0.310776649697303,0.19171093987740376
1829132,0.15525416914794382,0.22283019225990955,0.443194950818895,0.7310171960585605
1829231,0.5422263908121798,0.48966777190453825,0.32817835158047626,0.3920697445042257
1829384,0.0,0.0,0.0,0.0
1830008,0.3164138632854884,0.24515174555410524,0.23864836636667486,0.46550852762852896
1830103,0.020913275714341883,0.04371050825672931,0.04105915271216657,0.033546970023435
1830467,0.22501896706511396,0.0747524664671558,0.2339380021207027,0.24272905298677713
1830600,0.5980942246225495,,,
1830817,0.09925005589540434,0.10009509894981056,0.05881759790474037,0.08382198844572301
1830819,0.2302605459835126,0.25555183595370357,0.33585558269278404,0.1696846926427586
1830922,0.13778759270765523,0.21205931528092645,0.17945498583220326,0.23350827449969488
1830942,0.2021056460905468,0.13408915648750944,0.03084251372928189,0.04439206836461225
1830954,0.20816773158097457,0.1422555492764158,0.24848533892446203,0.11630534208440708
1831003,0.5284545206745684,0.7381466976891016,0.6241125674488488,0.5787229057020776
1831076,1.7668017319891072,1.9426402668518348,0.0,0.0
1831132,0.15153372899682577,0.42546869527598136,0.260847771807994,0.4851757318882711
1831133,0.15354991538036816,0.1672662932643301,0.128324942071424,0.16480607701025873
1831187,0.16157002090101955,0.1857507013791936,0.1773504312110656,0.1375794043330747
1831193,0.17967640253777897,0.9206104538913644,0.04436745248344993,0.164009417389753
1831219,1.316512892093484,,,
1831263,0.1139034548566295,0.1968967272470626,0.10506868535525485,0.08977780101832399
1831316,0.31524502285904044,0.12765952612891981,0.10536409275691096,0.1926574478900737
1831332,0.21898926696299398,0.18424177923721852,0.28014043166092806,0.03378335115159677
1831342,0.997027488710108,1.5990635529532626,1.7837531816237706,1.6808540962051923
1831416,0.051003298283792714,0.07083022207842725,0.06801604463047317,0.048253784830850195
1831423,0.13324168518583568,0.04291096528170883,0.0,0.0
1831431,0.1390722706215366,0.15747666682724532,0.06743375413217818,0.04390949653173742
1831542,0.16800083434982627,0.09202621268490012,0.044624464614666716,0.032007312257268446
1831577,1.058007088845608,1.1909459516297114,1.2604235777359432,1.1492508576465215
1831942,0.3660872756992934,0.46562384710845445,0.4295241793105205,0.41719719661161364
1831944,0.1057370413454443,0.4739017199938141,0.5049355923849482,0.015830321470358403
1831949,0.23672816818288003,,,
1831984,0.05029248616594948,0.12333492763366571,0.05416428357326967,0.08538703337392775
1831985,0.3367687339549823,0.2996642989119931,0.27332946024093085,0.23916332814175392
1832093,0.21629660845120957,0.10210687609843097,0.09153736267617155,0.032645654144133784
1832097,0.1326278038779729,0.2438477621401836,0.06612982377750284,0.10183155514221018
1832108,0.0,0.0,0.0,0.0
1832158,0.43705672222545217,0.3349806057305684,0.23788807050731733,0.32293383147542587
1832179,1.0494103060370974,,,
1832187,0.3281482960809255,0.00792214442339939,0.03592831545169825,0.17629334834173013
1832190,0.3684316344177719,0.09495707738793527,0.20530059768547682,0.2638606591660043
1832212,0.08920804552259942,0.1064842160615829,0.4332459362099198,0.18856529683399512
1832237,0.097032117937952,0.15959040316431788,0.10102445711281327,0.12813659463014668
1832274,0.5251894414830393,0.4181363095222887,0.3732062006198378,0.08250537866313283
1832439,0.4979590919702423,0.46264385345086984,0.7502573311403398,0.5364297382715616
1832521,0.46899401264223284,0.2967263981296482,0.4178089954306403,0.28251176026654157
1832568,0.2759468694505443,0.32304867396302295,1.6957095912727258,0.9184810897195447
1832749,0.0,0.0,0.0,1.7681911711581417
1833078,0.24943976599094408,0.5877432169972072,0.9281543308082453,0.870642898121777
1833140,0.10391106013436209,0.15310177239038333,0.25160039850247023,0.032690706095085446
1833486,0.00792978118368985,0.00023040353759908893,0.00033922237070122365,0.14836952737773662
1833780,0.06776774645609898,0.4699268922858592,0.08066882266214559,0.08479443004348126
1833819,0.007327308368603495,0.06059330926897877,,
1834011,0.08722958740587525,0.19442240818409126,0.18398678560195114,0.21428082413894498
1834239,0.1844181758215403,,,
1834438,1.2664495010970813,1.1209132536024737,1.1390585045863912,1.2483559059628277
1834499,1.2731389415189052,0.8442660375169673,0.5490175932687115,0.7385500579109693
1834505,0.18210702874413195,0.7220239108775844,,
1834600,0.30993698592410013,0.0,0.0,0.0
1834780,0.5722776182784396,0.6407263911556219,0.48265397241738484,0.668902628450974
1834802,0.3842140630565259,0.19462127034361418,0.3321921709636933,0.1609237360926789
1834874,0.44814827337913693,0.6064826434425024,0.3336627713926533,0.4678579464446679
1834913,0.9148335088025603,1.1140054520347593,0.9655071733173554,0.8487176836126553
1834985,0.1974340042167755,0.1353376626432734,0.22601858607782446,0.3667450977909504
1835407,0.0,0.006502870552478369,0.041653167826256936,0.014628958205648333
1835441,0.030924728307364778,0.14919124904013242,0.3132325885927713,0.08438786329487875
1835549,0.6963580355587381,0.6953042763411854,0.9398519366059975,0.4528223217482991
1835669,0.07709406869472529,0.1896032681404249,0.21777498521375646,0.4367084709960409
1835700,0.15585213532413236,1.4222829007296365,4.920531108565458e-05,0.0
1835714,0.20174772661899046,0.27881996520332336,0.020289290271190433,0.06750492949287473
1835730,1.3661081364429624,1.239073123888394,1.3323029454930773,1.3931475028280385
1835751,0.48285642758484854,0.586145987313184,0.6098852366829777,0.5482161230335288
1835866,0.11940292564902222,0.09106782465576833,0.02738324718607106,0.061707690595727296
1835943,0.4864794473150687,0.6504127092208696,0.4458748485315699,0.5832321829160405
1836021,0.0,0.0,0.0,0.025501660662321568
1836266,0.3157112456271202,0.2671394250924321,0.6089343871467519,0.3154858559704385
1836270,1.016103184811771,0.8619350184066296,0.051303573722674106,0.3998914964131292
1836506,0.05731050348315637,0.04781413573129873,0.10294172881880036,0.053448708007212374
1837309,0.24970491629141814,0.2411927187634423,0.27528984508752496,0.2862184853955459
1837320,0.1504756434321357,0.014325948728604383,0.021629879683315773,0.004824855572813232
1837343,0.07787964104129723,0.31652459902180613,0.33629593320589385,0.3091574036888684
1837984,0.1306975693909735,0.4178970740551943,,
1838211,0.14691282937692288,0.24100291969563498,0.09110642638148372,0.10095517509750769
1838222,0.39857330550040815,0.44155080714276246,0.4088707523767941,0.34451825525873003
1838226,0.08580623699804547,0.13859063012892597,0.0917615745024648,0.34144140534785566
1838234,0.08766930862935599,0.09006443415483517,0.029403389477568223,0.12067251290571042
1838533,1.6643272625313368,1.419608214467767,0.012492138252579795,1.073185910022875
1838556,0.8215977764086423,1.6528388026392,0.47507949531658955,0.5490173251026671
1838660,1.0982368788679435,0.964661843270276,0.7246433705192187,1.613459103197993
1838938,0.07728304765227055,0.09310782942123026,,
1839122,0.2739311599995369,0.049574194148751485,0.059038460509667254,0.18887293054901985
1839209,2.0,2.0,0.7709864327801258,0.2115006008283023
1839307,0.5920788289169049,0.3587610686830215,0.2735837953870093,0.30762155312018646
1839419,0.34526857016350326,0.3020998787347151,0.9234743964395457,0.30721247355080045
1839421,0.492018342528829,0.47347805507667723,0.4455937392298793,0.20842312356411902
1839430,0.11412596290699452,0.12109418425648144,0.17129257749462354,0.4492535801854604
1839435,0.3861858434193077,0.5341879857758162,0.3092186446357468,0.38513159427165566
1839445,0.07765635624681315,0.1685794056834386,0.1587516198556407,0.09305147064032629
1839497,0.4048740646565158,0.22115938746754552,0.23783851875908218,0.2069962401336882
1839498,0.27730661375028254,0.6338325057329913,0.012343102153997436,0.03723369238416493
1839545,0.20535621800632017,0.5004379721270211,0.8858386762602485,0.13431148809564086
1839695,0.20247311805977153,0.18878328931834765,0.12927011514837788,0.12678167696117745
1839735,0.06495513990833691,0.22987636865829267,0.15485391068749307,0.14433580088443984
1839826,0.25196910263658207,0.08824132193604342,0.08497080209362733,0.06397023868739889
1839850,0.15346094932100396,0.4047756481681604,0.09870988539605559,0.08030411202631063
1839851,0.3893287851316591,0.45288920462571886,0.6937238182092882,0.4295314172947709
1839890,0.09937643373417449,0.06293765306607636,0.05390863720978691,0.11174444284185846
1839930,0.09295675318634052,1.6311346478115671,1.9447660191041318,0.114512570683236
1839948,0.2874532584314871,0.5328578426723257,0.26596174641750936,0.4039176212096026
1840014,0.11852697986079154,0.05092085658854256,0.35235433533154675,0.03654850021459657
1840025,0.0650171145816696,0.11182655220849823,0.16302266459486103,0.03817892856838539
1840084,0.13315931378534399,0.11672596400752228,0.14266039105109404,0.06503564376419518
1840085,0.20975902604007007,0.27463193189522306,0.5335341822257538,0.14547377155201216
1840129,1.213993307294434,0.8937045542337241,1.25439133369252,0.6998159613752102
1840261,0.04521014090301936,0.16124675546557318,0.08342854278600892,0.080036626989726
1840268,0.11508555134937444,0.023076077584909732,0.12433871897055175,0.21506441438114915
1840293,0.11731029755327257,0.06645094104660018,0.051129703564148574,0.12285860271920103
1840306,0.12432815652261932,0.37420093426491363,0.8310834919993474,0.35934447524415863
1840341,0.10290642512008226,0.09327866259850362,0.32889952774342746,0.24333796903763785
1840455,0.0897995320719785,0.27336114738455064,0.10578547804719686,0.02695098857883683
1840486,0.08951686900522778,0.11677856837384665,0.07324394223881671,0.047935967886778084
1840501,0.07849602756031698,0.07494790485207875,0.0738395251745642,0.1708921109485493
1840565,0.13558959301223258,0.21524247821374,0.18925488635530063,0.10105777117375152
1840629,0.1661844018624406,0.15946675768284838,0.06856634594959456,0.030192019838027852
1840735,0.12082662481217733,0.7381072584515743,0.12506757679293562,0.0585134275428391
1840740,0.06396811902420589,0.047396889685386454,0.034408265990069284,0.023152012858998906
1840755,0.22574217126131838,0.040960166324466286,0.07527297060364031,0.038396150293109825
1840760,0.0909029529797572,0.2296151984420194,0.04428646614501506,0.10587675792393966
1840775,0.21535827258057583,0.17616071509163894,0.2998238921634571,0.13809610051367302
1840888,0.12127292817173702,0.03912925320338028,0.028704485196236473,0.028647563462678008
1840945,0.15448238566661907,0.1534092822906386,0.13062255598431308,0.07887656255655684
1841015,0.0791595910442875,0.0672333501327575,0.11069742991819673,0.05693424634807635
1841016,0.17987881117265178,0.2574922536522381,0.5843888128187626,0.25448135026156066
1841077,0.5339447320802179,0.5678733673780231,0.5687689039150133,0.4380000404381747
1841126,1.025751836692988,0.8565890021045667,1.3087255397656175,0.9692751994312894
1841174,0.3739318215316928,0.2331020418962784,0.574411915440325,
1841183,0.4416540557771503,0.0003047879091368752,,
1841259,0.11303857046958178,0.2185408416372273,0.2098879230521392,0.16063649976688274
1841359,0.5928130467790983,0.0,0.20179536563814277,
1841433,0.09256772745420984,0.09011385470046851,0.13019876541185396,0.11989374624420729
1841496,0.03214654544198794,0.5016903294601203,0.4003921969149901,0.11391756476554947
1841506,0.263603757513566,0.4662124631675144,0.22710138432382607,0.11411583606280802
1841544,0.16196947790356755,0.049209807052755655,0.13854099245598175,0.03234360942643561
1841616,0.11152165859022131,0.1164600700624099,0.14605016874252758,0.11527602924116964
1841633,0.09626819920926948,0.0634931904196046,0.15023915215518988,0.22619524689306872
1841757,0.19361844096909858,0.5504013859953162,0.1722823467725605,0.1752509434669007
1841766,0.11879203032608351,0.08980420861416497,0.13733919387231644,0.0850558384853506
1841767,0.28804667990348193,0.30605004017540977,0.21379137903649478,0.166889618771174
1841768,0.08762922233777878,0.08697579523981386,0.10214548434338155,0.07085877129654064
1841769,0.1223087315445211,0.06125077187326099,0.10383768199017683,0.10568637672259633
1841815,0.22444766215973366,0.515555998089383,0.6536426895536193,0.40941110907797323
1841816,0.27147108354830785,0.17789736304295722,0.2753728235302853,0.5350414762440977
1841857,0.26639511464302923,0.2941164225888355,0.26271995259666325,0.29655697877990994
1841979,0.22575236035915572,0.302941234350607,0.139954633460103,0.051471970692860636
1841989,1.1778454128780418,0.007252982440336594,0.05501389824941896,0.0
1841991,0.4020615073842971,0.21950518118637302,0.3240262783617619,0.6494689893607022
1842010,0.192655400633387,0.13217301389983757,0.19737266703100786,0.3159363769193931
1842013,0.264997469477287,0.24871830984114354,0.4973105691640766,0.22911775229335565
1842015,1.1209947949452226,0.2603940963978164,1.0034542245540818,1.49021879014775
1842054,0.06568992675689683,0.09044497459331975,0.043706948851736704,0.03318996101346747
1842089,1.245239304743439,0.46990757930740645,1.938576642152248,1.9431822637028333
1842149,0.420398956634357,0.2994864797196046,0.45099652433001364,0.36479408761595317
1842296,0.21433325646426082,0.21277505370159747,0.1782340644098744,0.22607902075456723
1842357,1.9500181449414753,0.07847544030733992,0.06219944277616755,0.053446305761739525
1842361,0.10048765358233457,0.4296001249484807,0.16154235297346808,0.3795445870885177
1842362,0.2018585141047854,0.6194927705362363,0.401877981501153,0.14108601226719894
1842370,0.34811446713401356,0.0932737962053276,0.04215270144804674,0.10707950537049325
1842440,1.4801463171084173,1.065308316298232,1.0079217227235715,1.0437400788125122
1842509,0.2875593193583556,0.5122240560189097,0.31031948256237224,0.38194770928965743
1842526,1.266905780091142,,,
1842545,0.30886110608595796,0.4139995026450428,0.3139733608820566,0.4137457721446589
1842554,0.4559608115227632,1.1894369250243662,0.8235816334805511,0.5012661021655697
1842560,0.04738777402454469,0.07576675203615331,0.06133119222267285,0.06978294355594583
1842572,0.010212615959991728,0.6571864762447723,0.25075887360376775,0.0696273527327
1842667,0.285934227573305,0.2016839312669487,0.2521265262843237,0.2444889728388263
1842669,0.2270178609634627,0.12378453217804757,0.38190172504348674,
1842702,0.1963707173409392,0.05359720008290174,0.06133422564444592,0.03820035893748562
1842707,0.0,0.0,0.0,0.0
1842727,0.0011195416940846755,0.004903666139199364,0.0035318850710091354,0.016473013535351605
1842766,0.15670540875105568,0.09333069264230479,0.2976051150983083,0.25120747998434295
1842785,0.29507288166684553,0.6367987001620193,0.27266490516836334,0.5761548571865154
1842787,0.10656606244808851,0.07420481561559798,0.039724752540135404,0.01732212815602954
1842811,0.0551755866361628,0.41278818411094903,0.41629948034636094,0.1205178266840368
1842820,0.12333070211295484,0.5400323749041444,0.5703975651634502,0.2822585103220646
1842840,0.1436172409850517,0.12906980258848233,0.2894128514048128,0.16372572675962385
1842881,0.226716423909203,0.7456111082317836,0.3579327346074244,0.031514274292093816
1842974,1.087965590859477,0.14685679890950898,0.055498541414512596,0.07659684580244026
1843010,0.14854550767707844,0.1514742697423552,0.1916320035164959,0.10634149863120475
1843019,0.6407954798383281,0.6261544976470587,0.6490677352368007,0.5526293912718038
1843110,0.1105524165585637,0.17342070697588105,0.11017834099010004,0.08120549951356307
1843111,0.31916452072847523,0.5663809055976123,0.5359560937284005,0.39607508894954346
1843115,1.6944810419403393,1.3075322903855884,1.0295260704886153,1.9678052056819058
1843138,0.27543882807201087,0.24316911874411917,0.09466060778924015,0.05076114739735395
1843169,0.11087546433685835,0.05770755867142148,0.00935305240815392,0.047686815342782685
1843275,0.5077426544355362,0.48706722129433566,0.7109693889993312,0.6237631124882556
1843283,0.13462879473870615,0.06772114377342987,0.027115646393665982,0.26384093064520986
1843292,0.23097967811559597,0.034477684467515715,0.21434278246359809,0.04659653005387695
1843294,0.12345687816355555,0.0656324546848039,0.12847384683411817,0.060471249352898666
1843303,0.21966024802955922,0.18255301724672365,0.17647545226381353,0.37806202052168486
1843309,0.8170216231217994,0.7487030824806519,0.761324615831843,0.7328307608653782
1843358,0.4728916960332556,1.2140657005761357,0.9027919893067948,1.227338092419659
1843492,0.033259396721746534,0.08684707749336992,0.037714633790206675,0.0349754019334219
1843495,0.13450119260114576,0.12112797504424362,0.1617923066552394,0.04664130948091425
1843510,0.23879885321914135,0.4165560271697186,0.4644651297342167,0.3579814715168816
1843527,0.19289946622500023,0.1429452352507659,0.2714009669003,0.13718087807432677
1843536,0.019318663757872074,0.05335098962778598,0.043370633767914835,0.02405382707478478
1843543,0.49518035401804433,0.8258961642078868,1.0951517229846957,0.9270115848874081
1843547,0.08300405977527531,0.12346711486648108,0.12704185963725145,0.33343593051424947
1843553,0.13043096677507246,0.23352414563765053,0.3125889336615343,0.37663923195090065
1843558,0.16883691830559452,0.16897795967650162,0.11927804384783508,0.14387264965401161
1843566,0.08439070832782115,0.07181948115772141,0.01796349153021344,0.018083822046634772
1843578,1.0272718011204705,0.6516533925420347,0.7056184299781093,0.27552887749986454
1843581,0.274360462825977,0.1231026840736956,0.0909553005206861,0.0741222326946109
1843587,0.2491229606768675,0.21052357692209736,0.11352451355892644,0.14016202393655264
1843590,0.2629996155337642,0.13269261192967066,0.09961712160691233,0.17132830104031244
1843670,0.0,0.0,0.0,0.0
1843684,0.11869808052598396,0.3575817963063625,0.07050577721179012,0.08274647538689316
1843715,0.4146549781296629,0.5402042803508997,0.29127678162728093,0.34133072625238514
1843745,0.14040513007214966,0.1857983663329499,0.09283221526475267,0.17159649594688062
1843826,0.0775419544357971,0.17501536348877808,0.19543601911082206,0.09355350845044949
1843848,0.5769399936904029,0.278551588443391,0.3496155206018285,0.32360672254216344
1843853,0.3277803279906296,0.1878046124390571,0.07745258748316974,0.1441936901319882
1843867,0.1957159576553195,0.6755708502019723,0.27495303944431543,0.1798286538125586
1843991,0.11261081789729867,0.37939383820884537,0.015715587429851234,0.09572312645668729
1844002,0.5180848573140484,0.521425389495058,0.12658029121995434,0.0
1844008,0.13008756899219764,0.09491659095292711,0.2315108373205003,0.15623888369127933
1844024,0.18373709044929012,0.11719653795581328,0.18329703863015254,0.13068942814688636
1844103,0.0,0.21611295762302696,0.0,0.23520943891924648
1844107,0.15647186061847584,0.0814168608642755,0.10520947555747728,0.05077342075664957
1844108,0.1367838689152101,0.21471523613711158,0.1666879147216786,0.1220210212706958
1844142,0.04732378972029811,0.13606457365844946,0.06124388468266374,0.10739052567137775
1844147,0.21619939819749018,0.1233777299482078,0.22131402994761865,0.25099670188204637
1844148,0.06470234650994365,0.06708857206126552,0.06926598499380122,0.20548763583764498
1844197,0.26477760342683554,0.29190476129351267,0.7965254874747287,0.17882486366993355
1844201,0.21722337722293714,0.3739348143655418,0.21741930551381425,0.1450120250378089
1844227,0.10450903353694743,0.107089743153416,0.06826256572387222,0.04910338675480844
1844238,0.20626502767136706,0.06494733017654872,0.30709583077528585,0.09278301420603481
1844250,0.0636679827261737,0.04168782377243449,0.04047615571729371,0.20326282552678016
1844266,0.14505953977037647,0.04047391214604144,0.09575202732506806,0.3009535917261459
1844278,0.12191133832165318,0.10942304407338344,0.1081972830180507,0.07880993031835724
1844314,0.06564532795226008,0.2133635254634657,0.13696613535947225,0.15799815056433295
1844345,0.417342039211492,0.19421273711980772,0.6304278330292071,0.20182753025631286
1844369,0.2642617037446372,0.5577950042163324,0.5129102948180809,0.21752363160299415
1844375,0.046885515222223,0.05492110861089123,0.10286541707081064,0.12663696295742383
1844393,0.06149582143417778,0.038390532718314115,0.03682959428444703,0.02118348606943549
1844424,0.06479682166021399,0.11017029706779613,0.11301962819327648,0.05565543220822277
1844427,1.9133299317773582,1.5648835020635126,,
1844444,0.0714369138146984,0.10078001974553397,0.051214620802698965,0.047068830143247475
1844454,0.05058674337051301,0.6225482983758284,0.014418494962469067,0.3211502847877307
1844480,0.35453982987828264,0.25703242054825576,1.7440674344115885,1.7517423258165365
1844495,0.319300392179832,1.6734899279206017,0.8444874243196988,0.9762024542020317
1844567,0.05676449819092015,0.06780401625378162,0.06781772536930213,0.027970947271737285
1844568,0.14371223495101093,0.19385378456486474,0.1820114114601815,0.21873696651730115
1844571,0.022864140599199025,0.03936337805868789,0.16964738154165238,0.045243486686585344
1844573,0.0,1.05214014477663,0.3986362527227156,1.1631423993969416
1844577,1.7570830980436647,1.4157981120467855,1.6082194258365403,1.3219291843056264
1844640,1.1656446747093723,0.8855949869665205,0.7312522834731496,0.6581452723108346
1844645,0.0941564811739877,0.06435463341571106,0.09547485065919525,0.044929396059393
1844707,0.4268852042334786,0.23901546587069866,0.3895827557908229,0.46315648543310334
1844709,0.4291236039596274,0.6681566034441342,1.0396094003766774,0.4054264420680744
1844716,0.026105123693833804,0.08932460687313921,0.03920202558992742,0.046922486976295016
1844821,0.28829995968319433,0.1346168765221757,0.011244656454471553,0.008263094306639325
1844830,1.171772241266289,0.09767589007026903,0.11366986627825579,0.0721814533965911
1844831,0.1290252027646745,0.180835515011939,0.19011357285661984,0.12516478669312223
1844873,0.2999737031454103,0.6317212271951809,0.2627469620331695,0.3194108784142647
1844878,0.2991532533775394,0.25673442720610934,0.27605093846477774,0.4948093268094989
1844880,0.4024426150132849,0.2881126173510735,0.5601295777337948,0.12933569252356222
1844891,0.002908195966790028,0.0048706110290462675,0.0022983231396571024,0.008220581079258243
1844892,0.07418886810216015,0.13343750343381944,0.08826288281017515,0.09331598180983844
1844893,0.19266931150657307,,,
1844895,0.06997724921569827,0.11832905950043031,,
1844897,0.3430151173948467,0.26080316687429816,0.314851100363942,0.42447088104650066
1844911,0.11236624423121742,0.8646407201157991,0.22044199433085812,0.8072806262538446
1844922,0.4293555748612415,0.3610950758040673,0.672465362213715,0.16534368993529328
1845012,0.4983513042318924,0.7733883028816315,0.6944273887491353,1.0968975192367547
1845031,0.11460508555641886,0.13769006111288165,0.13954495413705048,0.009812629434453147
1845066,0.41411315053722864,0.40215952206406225,0.13692323922030622,0.21881386461823124
1845081,0.03284374331002808,0.02402820838697938,0.025322533164313873,0.0853887217362809
1845109,0.16300001675377176,0.2499585769259593,0.1316002184720829,0.13325227040577378
1845151,0.0,0.1715595295698124,0.0,0.003935324505945571
1845199,0.06002998189786668,0.10078473473607044,0.18111824199789547,0.1042342665319073
1845210,0.40593844496392795,0.11808445116033406,0.25245665908171644,0.0004228851347784566
1845250,0.43493122529202893,0.23986379753853668,0.4545752095920501,0.13828537303227934
1845254,0.01441253875256604,0.012225846848805894,0.011997807513146644,0.2762883176048092
1845262,0.10044181578487128,0.05041820269502371,0.08392182769313966,0.018233275360647665
1845267,0.0,,,
1845268,0.5965307701202368,1.98910132582915,,
1845297,0.005599254159492633,0.002862731750312373,0.01545745977306191,0.0
1845302,0.6460081181821462,0.2889967866277611,0.5959636611986199,0.4529730599483434
1845360,1.6625389393492571,1.1632828392197552,,
1845373,0.12051389185786397,0.06759900604537682,0.035800622081825564,0.19056951315558515
1845445,0.13959040963323108,0.22848078031442307,0.2891464759201563,0.27819341110857565
1845469,0.10532696568965852,0.11673526993471148,0.10352579634954893,0.09945271828097456
1845501,0.10151859258915603,1.0913955762491574,0.7636959264696236,0.7115957233068405
1845531,0.1752813523824106,0.19217246574760216,0.13791999594861254,0.06907198811676946
1845536,0.06875810039068894,0.03904392634914556,0.09209488347442331,0.14460872815675122
1845565,0.5802759295733176,0.17644147780825298,0.16018122613071026,0.13083200446160406
1845617,0.25571142757505894,0.30951513038912143,0.14752561718901921,0.1413794023947516
1845620,0.16775281140437895,0.037644725848615467,0.1407750693755506,0.133584232823858
1845635,0.18363324204340692,,,
1845643,0.27857275894991923,0.12848867588871168,0.14294211822999905,0.5657045483457211
1845688,1.9481539019180727,1.9510280014781407,0.44480861374187464,0.3287029215159883
1845698,0.6227296735597986,0.33231477516930097,0.5623013615565429,0.6809772989757072
1845743,0.2900180511157189,0.25323912641413165,0.331916694189296,0.06306900705968614
1845766,0.45316163310907903,0.4580292142077419,0.32030806850439736,0.20105352929409726
1845773,0.8540066498065971,1.520752611607949,0.8216110291641797,0.6318035039616627
1845785,0.43896943362927515,0.17943059050460924,0.3307927573441987,0.182753105880416
1845806,0.250113975832368,0.2778239235941366,0.287270707563032,0.22128337276992702
1845838,0.03626616965822913,0.033760861885632966,0.03843463553140717,0.17299677373631228
1845849,0.0023141901974584487,0.001674627000482591,0.03317359036840851,0.007320412475781687
1845859,0.20555025358912632,0.37435288087797775,0.5561202835308748,0.5272864087349175
1845867,0.2495753708857723,0.16770625819640347,0.04525834376058084,0.07382366049147182
1845915,0.10764212202090151,0.31043403742979836,0.1540652840336806,0.19289879225347503
1845930,0.23498497590934672,0.22995233992006422,0.6786222789035931,0.16725326433487983
1845943,0.15672317871535452,0.1462400390832674,0.17144106341375875,0.1571524784234311
1845950,0.04442488679779907,0.5746645407849966,0.0573126744601975,0.03745877931932363
1845998,0.3829114800447365,0.391106720065978,0.6712486374713875,0.5329694090008793
1846002,0.3554112321904073,0.2636747274505066,0.04301619060058798,0.06490359414927119
1846013,0.0,,,
1846021,0.0,0.0,0.0,0.0
1846114,0.24784765410373552,0.22785403599949905,0.4706812810988159,0.5273201596344473
1846116,0.2743398710089718,0.0,,
1846122,0.0,0.0,0.0,0.0
1846138,0.10224644142878601,0.04254790120304689,0.056343063671059096,0.05951107421247255
1846150,0.11360622359809337,0.10257912534834585,0.0862126441566744,0.0876972725915579
1846151,0.5581858609615823,0.21282584679036562,0.11897547916901195,0.13835008768910959
1846160,0.25776510534256136,0.3547337778881654,0.24063314934868593,0.19774256669372833
1846161,0.3654848669334259,0.3400671341700037,0.2957288621869975,0.2102011612942025
1846175,0.10081673112012837,0.2281153943072779,0.13501598389222638,0.1455756619114908
1846177,0.20746368809545926,0.20991335160102723,0.1206342516709239,0.14954998986393847
1846236,0.15939850686128795,0.09348022854613132,0.1274558891439686,0.24698270588008822
1846237,0.0,3.2419124563403614e-05,0.0,0.021314772331013993
1846287,0.043411736433366134,0.20648111923757426,0.058756662967456415,0.10387031647368432
1846310,0.155991779829093,0.21094920899456213,0.17285603916799316,0.24268612994685035
1846311,0.14294403830845154,0.07817837839023839,0.11060751662000833,0.08533195291515076
1846333,0.060687177324285926,0.09962336931608089,0.15317039382782557,0.47128992085799065
1846352,0.25484925713916345,0.3062244347749925,0.12787897098650058,0.13640437272033748
1846368,0.125149058160142,0.3069706784194248,0.5724298780787592,0.3487695664550852
1846412,0.5388874814085186,0.6773792560552698,1.0020485327679236,1.2642046415175376
1846436,1.1394683913106367,0.012968349974249359,0.03965039874837375,0.16138834979757244
1846444,0.1379197063193124,0.10883924762069623,0.10257468391234022,0.4126051290681332
1846445,0.14388025980408023,0.2674600336024308,0.4084523228633975,0.2030126651229082
1846462,0.06667702175550617,0.2231077348158567,0.0667156539516556,0.04461146859512175
1846493,0.13150232250902766,0.2527478298492091,0.07002371133836377,0.04006070995138006
1846503,0.18062729019570403,0.07529031048476602,0.010082327744778503,0.058207499647937595
1846505,0.04714503599649949,0.06544859819780831,0.073049852780397,0.0730177794113057
1846515,0.06244146523630329,0.03825408475607567,0.034573275872493515,0.04732717643544165
1846532,0.20660335551583522,0.2822565623585171,0.1696140756844674,0.16189965175378584
1846544,0.5231688039202623,0.7491038136979787,0.8621720074347234,0.4814416407369753
1846639,0.8941276047399456,1.3548104158680276,0.9357122333685646,1.5928439130274974
1846644,0.5940694546908817,0.12303626046933626,0.5389318903030155,0.12978329078154763
1846677,0.16490500406340686,0.22958481479563275,0.18496599454098228,0.1615546912000029
1846711,0.3250865082260895,0.10752288294868431,0.5647035099294608,0.15403361115373695
1846758,0.160643134090093,0.11924976793863541,0.08402222996039414,0.25639110524050934
1846784,1.4433772214428602,,,
1846786,0.1656476001613106,0.6528302939055499,0.34186782993699744,0.11962546873978339
1846789,0.047377203645887815,0.1108940707861741,0.0863086923446187,0.04006580391982664
1846838,0.48012320899173944,0.33465494224940906,0.7958246199131568,0.12096472863890737
1846923,1.4389931894517856,1.254172231082594,1.4627964214076787,0.09240840535999023
1846943,0.04111574563830428,0.2898201418067715,0.10963273674250207,0.27856551893388687
1846991,0.08546363789505487,0.07559079438074498,0.08267679046281148,0.07452424524104907
1846994,0.5891872392559431,0.5581424059139777,0.34927089649675575,0.08677900708239279
1846995,0.18016348288110942,0.2505399742117166,0.14564109860499178,0.12900159187993188
1847258,0.4636717996022979,0.0613366693909,,
1847343,0.2397002753160512,0.32910840031684413,0.2721089288384847,0.31536897252574686
1847566,0.2727982390052851,0.2004760158181975,0.194066474789755,0.2975843491383976
1847610,0.305567342981057,0.38833673830994164,0.13947937472269417,0.15409577485810044
1847661,0.31798525306544306,0.2506370861172452,0.7330814766831655,0.47682727795931573
1847700,0.08787976168302153,0.08404638832214892,0.06367509902332981,0.04095724265273987
1847739,0.4286489343848848,0.5059774765728792,0.06394496268792046,0.20943778493843163
1847769,0.23522171251848714,0.349717100498779,0.4830555762121198,0.22574065497370183
1847772,0.11982304161507058,0.2142603136614846,0.025762073294242398,1.1976279280281104
1847794,0.9082237276756732,0.19049813069936558,0.004377575279026449,0.01620495755437701
1847820,0.4284089305172484,0.3428698668200992,0.21617654372956505,0.17046336382212748
1847838,0.11812046539905838,0.09955335979840667,0.18545528106687553,0.18168830430996694
1847921,0.1684628685851722,0.06863615324652306,0.1552658854574921,0.08921459492342727
1847956,0.17866551736931022,0.3071388454284913,0.3755900978301089,0.066349800350157
1848138,0.4268965178249528,0.5933018324759074,0.6557786270503537,0.31932548565502067
1848237,1.593608557799414,0.3832461349000344,0.46406427731249933,0.5486957919243127
1848530,0.014920104879816185,0.01771075667216212,0.1418320326930143,0.011879240381995037
1848704,0.20910182405450142,0.09184654830466317,0.17147936643799197,0.18198683325693304
1848809,0.4645836778810623,0.5875246524938402,0.5663827154287007,0.4051059679072879
1849040,0.2076946432559504,0.24058708351728214,,
1849055,0.39640529774088096,0.25739723622921723,0.2430145649291242,0.1096245357187858
1849153,0.2252765553988289,0.38980007866278366,,
1849336,0.03571789313778504,0.0677758969170002,0.03072973908317266,0.09257906537954275
1849348,0.18048963562615877,0.6334291163661582,0.10213457788608506,0.1482650754381978
1849444,0.06667692792135956,0.11832022499149673,0.019364963884028547,0.11653567955426107
1849486,1.1458992069152791,0.7226732477370811,1.4022063442043342,0.8703381822499178
1849497,0.7911137612004209,,,
1849517,0.4713513418023138,0.714976113959818,0.9151301431275455,0.5390745363902014
1849518,0.11653931390430974,0.2561202761152919,0.4702747836615031,0.13516478521537761
1849561,0.2617235332897068,0.21047453173178632,0.36933890723911544,0.1258200321799329
1849613,0.5974632849253674,0.6685332183122641,,
1849614,0.04622630597974318,0.06936023051294182,0.05409542729631537,0.04768251100300039
1849683,0.14116158114528762,0.33083436403447647,0.2599721091260781,0.016394782921943588
1849724,0.0453212408302036,0.06499285526466757,0.1850768144346405,0.20914668456610913
1849753,0.3084382053149104,0.32013784445914534,0.2915304492458069,0.4964316460435228
1849776,0.21175242726571386,0.2161246682475187,0.09653065243066238,0.10811292039900032
1849834,0.0016228935285377325,,,
1850694,0.19663140813579824,0.5370534081844389,0.0,0.004787614929899648
1850858,0.047397135434054646,0.056899287520074025,0.06850495213775695,0.04166546970610342
1850901,0.23173240686955673,0.43848364165899417,0.7200890323194448,0.45567042179036216
1850996,0.7566405314698236,0.8540273954727664,0.869605294987705,0.7057314401802572
1851184,0.3261429294227012,0.22115851545593998,0.2842705561547529,0.13063736257120462
1851296,0.9269902034987458,1.222071525244461,0.9516686437564755,0.8959733139821693
1851362,0.19100435493994736,0.12218819437643959,0.12292081309928814,0.11542693559624229
1851395,0.1117797673410399,0.10473404696291229,0.12410195875906499,0.12746887517630726
1851418,0.021812176141095773,0.03636017026906089,0.03618895683396997,0.05724962251610608
1851813,0.16724551541051302,0.35208070415781134,0.051361926094946365,0.6122544981645835
1851869,1.4023164897437366,1.4099641973227266,1.3309650717122166,1.1924701994269673
1852042,0.13295000270527743,0.25299018818975105,0.3503883531232078,0.2188922955953343
1852338,0.3974913558010468,0.32407307508418903,0.23483963981622902,0.1235139757094438
1852688,0.6236287482766867,0.09612850053008129,0.09249949303168388,0.36036980511965644
1852808,0.6179036393501346,0.10688151118928192,0.031838512812580634,0.12692767247028064
1852813,0.6514910895416468,0.6995529000872988,0.559717659239795,0.7822843461407686
1852858,0.28827429095240953,0.37684688045665926,0.2548705242898191,0.16459200080842407
1852894,0.7658472248332782,1.2965506671828744,0.0,0.6155549717754663
1852930,0.12634108204087605,0.10050762919498925,0.08954989538219607,0.051619285874948045
1852993,0.13055098221620554,,,
1853019,0.15991702846212802,0.25076968766704455,0.21704081598448927,0.2569854438415474
1853239,0.1041649181756221,0.06918637965084358,0.07559623582049319,0.11284390330617672
1853322,0.6319814323047152,1.0595253405583316,1.312280809439773,1.4455771425378177
1853382,0.2946020121311878,0.051197977007322676,0.0,0.008745967535071618
1853401,0.0727808043413089,0.10102072681829245,0.11978557463564327,0.11290139210876088
1853431,0.0,0.0,0.0,0.0
1853635,0.03060422525135194,0.2176263875651418,0.43823907275100155,0.17874995663584867
1854440,0.12250110396194819,0.2355494470499914,0.2767958910057276,0.1524684595447334
1854794,0.19712716757723286,0.17450567082040094,0.13805418778956727,1.5270391593366102
1855567,0.3140230399689404,0.4722621265683759,0.5165983460520076,0.3734903395722617
1855571,0.04671526099914679,0.027965217133858074,0.02092833270433254,0.06512333694318988
1855655,0.5365743401492983,0.5624255970533459,0.5723301723920362,0.5357102332098566
1855713,1.0471798323138928,0.34482963399981964,0.1876185204949129,0.3789631254947214
1855835,0.047891116117552285,0.05105419511866244,0.047224845677028775,0.03780373294872924
1856022,0.09992104486250211,0.15671793750681218,0.12950591755481433,0.12820065162084923
1856083,0.6913382113949688,0.562915566573009,0.5883093714506177,0.4754702572968761
1856103,1.5471211950290815,1.7498882208980164,1.5050631275194146,1.4041777448683412
1856155,1.162075632669843,1.4632355396317605,1.292468493281877,1.1678522667460862
1856405,0.635785966242198,1.2662409416955964,1.1563497099031075,1.5512184613149766
1856637,0.037936082819029514,0.18901529796541558,0.1923101838037863,0.008954034686533404
1857024,0.6495030442133696,0.22440695801506452,0.0,0.36981389384742364
1857144,1.8420336413046403,0.16724677963204398,0.27144120375970665,0.10093071900101265
1857187,0.9927573531512166,1.9449716807442134,0.8272465279104771,1.9583590674022675
1857418,0.050110225070316095,0.031872559201372004,0.08706154472511275,0.10429897369671787
1857493,0.6903089478633581,0.5452872681809284,0.26782131704173184,0.25778104305679594
1857581,0.3649788309168843,0.583350895262143,0.5140129271454913,0.1652684168223312
1857666,0.11637539551592832,0.12039035157977766,0.23409684716349916,0.11019401335859003
1858294,0.11288456053762441,0.1755609945018524,0.1340838365414068,0.13393079090694923
1858319,0.1905050805717707,0.31901352771631397,0.4064764063513727,0.4658994938013563
1858353,0.31202112022338,1.4986702690015055,0.8997277795357476,0.9617104962981754
1858428,0.16846690459399927,0.29633756175218895,0.2597226741734573,0.12456043218518317
1858558,1.788953603618518,1.8402537468618074,1.3630758750020044,1.1790469448440912
1858699,0.052491788092976104,0.18591025596415225,0.03712709269589809,0.0344718903180883
1858703,0.09576698229841654,0.132769875952746,0.6159420393779024,0.26547310328482554
1858740,0.46648914593792246,0.1600235254973609,0.4453866025243244,0.17290054326088172
1858782,0.212184043871272,0.19336009535539508,0.3661754449811557,0.19977432458815958
1858789,0.06824792459606688,0.06760078367221022,0.07841151792805848,0.03898338806728703
1858828,0.05401545463159227,0.09513043071047726,0.10419079958850293,0.04437601671385876
1858879,0.9699358142918731,,,
1859029,1.7761991323727144,1.7344687854466523,1.3744586819596514,1.6107530077931342
1859195,0.23520284393067156,0.10198635429935461,0.10543376559951109,0.2308633840286916
1859259,0.2772983532962135,0.49429219215900827,0.790121917126883,1.1002363159882147
1859388,0.698539024716257,0.5304492425011339,0.6760151447786202,0.9034449695234045
1859434,0.3046656498820067,0.1583078138052703,0.16031691687267952,0.09153457634401709
1859474,0.26529038336378286,0.1503877938794603,0.4622395772442736,0.1340313415036942
1859579,0.24811764649059187,0.2477262031754609,0.12270995808366066,0.16535127016503615
1859606,0.38280436192194583,1.9796626343275279,1.2890782668593583,1.1524921396785606
1859677,0.12979528337718133,0.22630892490892027,0.19314160274400524,0.09247155659888853
1859691,0.2340588449134966,0.4613197370547781,0.3273489025390842,0.32724122165881075
1859918,0.08403519278068984,0.178376323224813,0.16797599373273334,0.1259226055387918
1860132,0.6280138260949915,0.8717259993630135,0.4293443331521736,0.31642137827787153
1860487,0.6236682354178623,0.7171453301402686,0.8535156503298524,0.9602970555833756
1860501,0.009334938773934823,0.022590425589673297,0.07531857357727272,0.05223057312486395
1860672,0.36344906730683524,,,
1860698,0.2962536520711469,0.19979245190174005,0.36658874916278233,0.06666462630087212
1860719,0.13545628036001392,0.09689027849256146,0.03179365435506058,0.0409407917902079
1860790,0.017838304968964745,0.011350608533156042,0.040699476443771324,0.020087968666198917
1860928,0.20728319053150776,0.1139718012922739,0.11769074583687873,0.0
1860935,0.04337370103103363,0.03977664019881695,0.45718419500778634,0.07337961618630241
1860989,0.9420914437284108,0.26013376280892936,0.048812066139014926,1.9687554809779406
1860998,0.7451585749755876,1.3159515620205269,0.8238178202711093,0.8866178006942538
1861026,0.5083683961811837,0.13784650764201778,0.16107321240286815,0.2407680017907311
1861125,0.07465127533842168,0.13111300466835868,0.08632709575177144,0.0311520572372883
1861158,0.0009746751169769593,0.04989254576515323,0.007227362563208766,0.027288041973717394
1861159,1.2589634502723124,1.504575785112959,1.805188330268726,1.3753219106963424
1861163,0.4094171175257,0.5736421441176189,0.3784896967598939,0.03621132462754674
1861244,0.13718368455717814,0.07810529819973021,0.09161749511187615,0.18761418618634984
1861558,0.1692880714269961,0.7477344774939381,0.12171912856312216,0.09027440162139892
1861642,0.20654715865061943,0.20016005700371195,0.19610050440117718,0.2558647688068432
1861678,0.14552092342404624,0.0842453826384379,0.27582456470648276,0.035298535596840944
1861705,0.467170214493999,0.36073611466737954,0.40655802940002916,0.5802081318660558
1861752,0.0321388645113406,0.03353658210297088,0.05490933144271572,0.03262046253654224
1861796,0.23894984252071821,0.15283561719783936,0.28524264062601107,0.20360844583474327
1861798,0.2326440299494956,0.4620304336777059,0.07468787327407587,0.5016660166486063
1862067,0.5228037133605709,0.32447037109532123,0.655977905368912,0.08009871542104632
1862145,0.6025556323555914,0.3457010512636072,1.8301773814400633,1.8495803224346836
1862176,0.06458855787488678,0.06270526749032505,0.04146132185190987,0.03309336493602083
1862282,0.6552050618265385,0.15309029581013775,0.24150796792768237,0.8452832085498557
1862427,0.20838357932994958,0.44661376773731626,0.06901309469650278,0.2466257727958444
1862428,0.0,0.026988014571297972,0.046709617592036234,0.023655328821894958
1862664,0.6033513525855145,0.3660891293553079,0.418344933446907,0.6387526207140177
1862682,0.24803584425909767,0.28133951324263873,0.2462025072035012,0.4191338737991892
1862787,0.2622987610497832,0.6525159523991085,0.3014565264328556,0.27597006515307665
1862864,0.8876056024740678,0.3607122259185885,0.23424367672136331,0.1550150102388685
1862931,0.36579494306483684,0.18069965920269068,0.15220504444697902,0.09496128087042047
1862965,0.14393221490985006,0.22321960479893066,0.05629170438956477,0.041218663659049186
1863265,0.20489608636149506,0.4780581744824064,0.16373454885384736,1.074662484715712
1863523,0.21349665325466774,0.1424894762388838,0.19988431166130965,0.1497216461229484
1863768,0.3189289734887377,1.1922029231030877,0.02883294828358398,0.32699347315818766
1863894,0.4916251946090072,0.3134559648292025,0.5828771800966169,0.4223350674868589
1864123,0.6824822702034974,0.7516097034626454,0.8838308587229585,1.008727569453648
1864229,0.9148263366151225,0.42123822857965126,0.057471150989212086,0.06453977982263419
1864835,0.5879873743441619,0.7490853340811099,0.7371671282930916,0.9673257571996565
1864880,0.09193667904285921,0.2194401920449198,0.14138615716415284,0.22734627145749223
1864910,0.2837152739087101,0.17537938020557356,0.18673117268517278,0.2659999828587725
1864916,0.25220800158084433,0.0825683643247755,0.09691897875770977,0.05877626502645837
1865139,0.0,,,
1865158,0.4440350006818411,0.2473502022846317,0.31995405136266525,0.015443180500742852
1865966,0.12800724263095786,,,
1865991,0.003928014937214885,0.0,0.0,0.0
1866040,0.4326236148666847,0.7211116239707415,0.620124188450113,0.12295498281378958
1866189,0.14182225619127067,0.30033183002702324,0.11758259355759496,0.24442865362849814
1866419,0.0,0.0,0.943764055051776,0.02672839666554255
1866574,0.2384208292477276,0.29173115067298133,0.30072678482855675,0.22473573806749406
1866872,0.10958345101372843,0.3974662371643351,0.5428882596732854,0.18398402647227147
1867040,0.0012614845388748792,0.006868786925616412,0.0,0.00015917233992103125
1867570,0.22774342081842633,0.11975598139557259,0.12332287212819745,0.11746140586379772
1867587,0.2937633188706827,0.7521879903559421,0.4545093366757984,0.39857260834057345
1867731,0.5024597828073782,0.4355398396788427,0.7514015849601633,0.8608028030410334
1867831,0.6406122292951109,1.0587655721024505,0.673258953530831,0.6713849151737694
1867894,0.5686652651409636,0.3570806624231424,0.4111345894430311,0.3525355420101548
1868491,0.3242287927679512,0.12152186077372229,0.13237332527388962,0.3136588324167406
1868537,0.027462331875712648,0.09117621626229193,0.07250212018775797,0.09756611941462887
1868643,0.7565452426464442,1.0672963652215692,1.1685640976785816,0.5507528525128316
1868872,0.4496811496523107,0.428119170334345,0.2836951420515593,0.22337394512261916
1868903,0.09053681259258163,0.041144387834870115,0.13049596921328319,0.04101576986209877
1869028,0.0,0.0,0.0,0.0
1869032,0.6779363967951959,0.7095101199419007,1.9883765933325341,0.676219320417395
1869164,0.14403024781862983,0.34005310125125815,0.34208952923297975,0.137336875650381
1869199,0.3503399785920983,0.5229121528368493,0.4039046268164951,0.3249299645990277
1869316,0.12462480645965594,0.12476083631695459,0.08326306547593705,0.10397579186686852
1869333,0.0,0.24956851323053492,0.0,0.2894793279914073
1869456,0.004846992288277165,0.09893105359396268,1.9384019601930744,0.0211691452927987
1869470,0.5238733254633214,0.30322776256961675,0.38637980787318676,0.4821688955096138
1869683,0.8742640724689265,0.9131963474334374,1.097344110359077,0.6318343135244816
1869923,0.024722761028724904,,,
1870012,0.1821080792430719,0.08268842505160212,1.459999424081747,0.2737435571589084
1870731,1.995693415760605,0.0,0.0,0.0
1870761,0.0646233617953937,0.07436708640456492,0.1117056752856484,0.041279689100329725
1871593,0.3271615403050913,0.14317115981605405,0.14417063969818816,0.17430166577232856
1871734,0.15901583708413744,0.15021535321203122,0.07606076315330383,0.058991439415940185
1872038,0.16057516823693974,0.2044623381247775,0.08732611704789993,0.10219657063598339
1872254,0.6888580851713343,0.24254991462261868,0.03632564213427855,0.08877332624133241
1872501,0.5648462779311739,1.0109069062048526,0.6839939854922471,0.5763733408685346
1872538,0.25786488739825253,,,
1872738,0.625816962206989,0.743746326059657,0.7841637361017444,0.7664711489729696
1872766,0.7763680746411732,0.6616477348771695,0.5797892728769888,0.8100429611171729
1872787,0.869296198707208,0.12865096133614073,0.9366052786606487,0.5307815886668474
1873063,0.16970129791209862,0.12880741433976392,0.11079660258442246,0.1621991007944455
1873372,0.4858592735353341,0.14765590865683442,0.02141027904223879,0.08234291806892012
1873435,0.11809736777131453,0.23435026271778484,0.020120479860022984,0.1326356800343446
1873893,0.5182602645079777,0.009525439705596645,0.1513386026833863,0.16935476256547463
1873989,0.030041022934998836,0.03574376938207665,,
1874068,0.20344464077853985,0.15332560272190782,0.05551771943610539,0.355542042732706
1874081,0.06231015722266048,,,
1874146,0.28259620473167796,0.4067521291443623,0.05286039505093012,0.028769583481877716
1874374,0.08129712744599613,0.1609340349393171,0.08857543887844126,0.22373984103637123
1875202,0.9137092162779151,0.8161194727551109,0.20094486666719552,1.766975365658673
1875645,0.9881925909208893,0.5613241078282615,0.24337946663994758,0.11609281183522457
1875768,0.10299308958488958,0.21785831988524412,0.15228376017972728,0.13007176623193528
1875920,0.14027424424157214,0.31848633653091213,0.18025500531344782,0.05874790898313145
1875953,0.5692427205850468,0.26753088256064195,0.420090920421711,0.408921011600459
1876326,0.31760788184203576,0.14299535530034288,0.0832116723101626,0.10338192660838937
1876477,0.15734529726603957,,,
1876496,0.019825814236486772,0.10609954630261675,0.2354789436780259,0.0893635717618117
1876811,0.0368017193493079,0.35234392196043757,0.022806684457224752,0.05067650792768677
1876826,0.8720548723927927,0.8886990425063563,0.7853924759222354,1.1215703957421688
1877090,0.16612268217442136,0.29494452490145895,0.1884449462799524,0.13008676387086598
1877093,0.35417312984499477,0.1215192695326302,0.42266413592129026,0.06463461140552204
1877288,1.5385407093447545,0.23797532979388047,,
1877728,0.7333915453734566,0.6556866264542839,0.8421746789918347,0.3620659911662017
1877822,0.031840587225208994,0.020546157742373786,0.019632921963865072,0.017708346256722136
1877829,0.0793475772356719,0.08482407408710227,0.04359190641010751,0.052786677720075614
1877892,0.0,0.0,0.013871359754283464,0.0
1877963,0.6118000539673863,0.5106348705853971,0.5289696890193313,0.4693648603713048
1878326,0.287363381682602,0.3797537644449744,0.878719318023554,0.10957514821149983
1878495,0.3289691747371142,0.5258763566554834,0.5391511752498908,0.973017757009943
1878547,0.06855218280620046,0.0657001498846417,0.05156800994456735,0.060339335353026234
1878849,0.31953135172150315,1.284724889171167,0.01079328336399369,0.29318246262228753
1878979,0.8364649911088704,,,
1879203,0.08847871673840534,0.31769229244512776,1.010974006583242,0.5689833877966403
1879206,0.16061654330103514,0.4222176766221739,0.21482294114080855,0.10422716880281074
1879240,0.3656868670297071,1.147742658382636,0.2543980633545047,1.055316711369695
1879371,0.39524424068397324,0.2937272661875761,0.4137691869256052,0.05689266142495994
1879628,0.0,0.10477146606415813,0.8390898122371854,0.0
1879635,0.8039429884331046,1.2197466358462454,0.7624407047028126,1.1137074892259131
1879757,0.21262832313634147,0.1818835245494314,0.14414202823961791,0.15711569790717342
1879898,0.30128345914974725,0.1739427111225477,0.0018690382866049828,0.2381654966073769
1879976,0.0,0.0,0.01148976105505295,0.0
1880087,0.11906193212307069,0.0978238290403321,0.12778952833762383,0.008923749654312033
1880124,0.04770088987269638,0.18795183370026933,0.0769986613921503,0.11187235952050986
1880562,0.20769287369672504,0.566520776884508,0.5817725334538864,1.034115116784586
1880666,0.7175827568336217,0.7084788554689262,0.6629172035809578,0.7488663113885132
1881490,0.8469272565978734,1.070039868046939,1.0409908916092145,0.6708587657389559
1881590,0.3643176822264829,1.181884417606832,1.1835604734369427,
1881755,0.06030503998274877,0.007124926698447763,0.10404119905832153,0.0
1882132,0.7495284310645083,0.41279895557747825,0.45010697357852647,0.291347726166441
1882572,0.2928304044516965,0.3747002545785033,0.2891445170445544,0.1451335184899394
1882691,0.4949728711490783,0.379071581417216,0.29048179049560197,0.9210066057372861
1883134,1.1738904238805712,0.07719157887996435,1.1351932861108072,1.7526236369721166
1883629,0.15540064013219032,0.6491297621952941,0.36490276040784253,0.05495378130863783
1883719,0.027799615930039847,,,
1883884,0.004627246423948593,0.005559338522980279,,
1884057,1.1327133766813529,,,
1884252,0.20097976603696358,0.5090381303552143,0.3605935269744346,0.0006443780552371657
1884716,1.2542615977430447,0.6164319714672175,1.1277302194790673,0.8899939818102128
1884931,0.2884470593177688,1.139758107840623,0.46950107977707095,0.27351127067879816
1885066,0.8578361538416838,1.3843592628926147,1.2789911360074644,1.3827747492356717
1885092,0.14087910948383237,0.008058225337186474,0.17593922373940263,0.12255281284186556
1885245,0.49230484093570576,0.016922103016528918,0.011281429254077895,0.10034736051979261
1885319,0.198334584247823,0.19968698758851214,0.08579788174425979,0.06785442397989777
1885404,0.5166134537947533,0.815568043447834,0.8799999788010874,0.8669737612502245
1885767,0.12269581265506119,0.2689698422006486,0.30961569246715864,0.11131465242800317
1885902,0.007377642798403799,0.03921259317829903,0.007163204460349738,1.7753068824950795
1885946,0.18489289792332944,0.3390645033616639,0.30565429099041813,0.04680957629098519
1886506,0.8295130922412368,0.7825049396586352,0.5800313745716656,1.076829291410862
1886707,0.1903680778198061,0.23329856661886847,0.24562168202510734,0.223055684683439
1886813,0.5820934404309348,1.6154963461003713,1.6903452654571478,0.7784415339573371
1887163,0.9119944359960205,1.1363536213283705,1.2283989902152517,0.9772876720575512
1887190,0.006135839498420337,0.11166812314438922,0.26873625055068556,0.23707328667458902
1887492,0.7368367085592631,0.7122113796479898,0.9825670256008943,0.8430346816458439
1887785,0.0,0.0,0.0,0.0071556809803438445
1888482,1.3537995627267536,,,
1888541,0.20846809295260574,,,
1888610,0.5189886433374605,0.34308285817557305,0.20816408004768025,0.23439036015140205
1888792,0.4776011567773214,0.07504517820355139,0.031232618901422565,0.08401986878382652
1888831,0.34893804993601624,0.753627405731182,0.5265246338734294,0.5624631751322717
1888968,0.26931703330360257,0.4801616547413518,0.6384956591266977,0.5746463124841243
1889147,0.10757288234015928,0.1029055511710313,0.0,0.24068265478105738
1889322,0.1850229673953329,0.18091444457305272,0.15802441043635085,0.08214688733854224
1889527,0.04599000043110491,,,
1889663,0.0,,,
1889830,0.0979042628234706,0.00013022643245188707,0.017235800696219432,0.12460722726573899
1889893,0.0,0.0,0.0,0.0
1890149,0.12026503838798913,0.24337056991530664,0.0643282088567579,0.06981674795885955
1890183,0.2809834332871,0.5268964302685466,0.1001515127917972,0.15237058265091213
1890435,0.4056102904593996,0.18892971363834768,0.1975356682051799,0.01720333562990455
1890698,0.28579227309784083,0.17153599851745738,0.07314687541419115,0.30224097305903963
1890748,0.45358559860334213,0.4940971824912172,0.1755315517496259,0.07115715493287084
1890906,0.1892254427330611,0.2168123374743727,0.1906995362964829,0.1739862649137791
1891201,0.10578282609740311,0.2962422341887962,0.07122442246251545,0.08869743678315384
1891240,0.14535968442520425,0.1352435255572,0.10499558623443668,0.18523571266892586
1891713,0.08594991038761213,0.14270714413216223,0.27166500076701317,0.10592887535705693
1891795,0.07760547544973413,0.20812919148979822,0.03328687145588929,0.01877540929760054
1891904,0.11489436752095096,1.0745792949820292,0.48336401356700637,0.24400871177409736
1892134,0.24220314819283922,0.19013539687219436,0.2006764483545934,0.14845935646714628
1892378,0.09679853409018957,0.16824686865621963,0.9900922981099717,0.4033279727649505
1892770,0.23242833264850069,0.2738834711499208,0.27412084759226935,0.26518155612667416
1892772,0.024848026350905012,0.0,0.0,0.0
1892929,0.19497131736835652,0.9826451299353943,0.14423082437206078,0.09446110149073697
1893143,0.08199320887546571,0.11406385831142309,0.12068124239891842,0.11502082594929776
1893159,0.09081456347974527,0.16868984347597207,0.3854872622806873,0.05295214779091883
1893327,0.04303192868199255,0.0730860159424018,0.035644755248631275,0.044405962903842314
1893403,0.10141974767554009,0.09716717717675612,0.22896816521429522,0.08170747299690935
1893809,0.38965330232277023,0.37128720565054557,0.1275365589091084,0.21856242462789227
1893840,0.41483646381877415,0.443141905573941,0.1173538332807806,0.03764176402573084
1893893,0.1824831837198562,0.16651412661384107,0.20515258515832155,0.10917147481926275
1894044,0.03951758515339206,0.03703755999236421,0.36776858416986485,0.5802806003048745
1894164,0.4452222294159473,0.6845015481610031,0.42827405571183796,0.43316085422190126
1894188,0.08579708935116132,0.3142835212348908,0.2751111801551801,0.16488557111643332
1894203,0.05275110633097658,0.08572277499896393,0.03587371912480458,0.30996701892190004
1894206,0.048324783558352936,0.05119403669337106,0.07746231140793446,0.022971868233216654
1894484,0.09764856532869681,0.2336949866229814,0.26824754552966457,0.5887412956851448
1894532,1.4558891757588472,1.0815796615934519,1.1086704889645052,1.0702426728178482
1894543,0.22748992960913417,0.14015767815436656,0.0846015889240206,0.03836463926946838
1894571,0.12834843960599115,0.5778527878342431,0.2823282117289025,0.1313561420490074
1894830,0.09820377147667055,0.06687543978749556,0.13162803595954553,0.16180530362731188
1894921,0.06942554446263975,0.11726342775967721,0.060035557192910545,0.021385321283697085
1895252,0.22840032178933764,0.2538119849061694,0.10490102695169255,0.10110677779811027
1895362,0.07260481691009632,0.14376555837723007,0.10782303752041934,0.07530395725991605
1895423,0.0,,,
1895612,0.20523142332257951,0.14801234463182517,0.285598944978622,0.12755967790409956
1895678,0.04848927055337955,0.06599472170502273,0.14487710926183078,0.042904201841336316
1895911,0.09050907181737815,0.09127463139259749,0.033947594334465765,0.12099342514033688
1896379,0.29337485866730545,0.27727824081324515,0.22025181163819196,0.43079957736658847
1896419,0.19378425982743128,0.09699916021375156,0.2803892924242516,0.1104672066271651
1896447,0.2026883236407851,0.24813658599687555,0.18876441451766035,0.10285432940205316
1896711,1.1308011218369385,0.24134102224566306,0.18928276579070027,0.40106423903679383
1897071,0.7530826058028506,,,
1897144,1.91113709655083,0.587231151608156,0.773787091949482,1.5008149552950467
1897835,0.7503178486638101,0.09140150258686998,0.05047523391566285,0.10610313360514678
1898131,0.46782317051213756,0.4468496677507674,0.7859176662090185,0.11304060418753058
1898145,0.01281673312406966,0.033182585515966076,0.010192413032395466,0.04104975921480532
1898282,0.4214023782128671,0.14903790617021628,0.08629657221004343,0.07580594292247533
1898296,0.10057970649663626,0.2049289209737422,0.22172552142030214,0.18147844569614896
1898772,0.19020862272401048,0.2206862041773704,0.2417660958549094,0.06765490511240055
1898838,0.13934713591809406,,,
1899059,0.31023355827052973,0.12670141397972595,0.18652921657897822,0.2860971186058351
1899146,0.0723924243104677,0.028394095382454406,0.04500301567507614,0.10747403517096928
1899753,0.021658347604887673,0.03129887155028912,0.022447068430435112,0.0384318759088593
1900099,0.07808857603819819,0.21991993184623898,0.04868979378735206,0.042541335076300084
1900110,0.34228320580357524,0.17354910533332077,0.1025611672015083,
1900195,1.8905921990996895,1.3287529513368561,1.2464159466985327,1.7848970312791468
1900406,0.053106035729322605,0.09252382237461651,0.06410884616996236,0.05797658235904549
1900409,0.08788812631419707,0.06948474554128432,0.09188595143299423,0.08345136540778418
1900481,0.1673978888377626,0.41277551522680817,0.24419326124486065,0.22390945327319747
1900576,0.3163963119767034,0.07213653864306711,0.08792248497618127,0.05711732945189306
1900584,0.4915316103507075,1.1184001672329869,0.2793420758800993,0.25545622794616224
1900946,0.1553431954963759,0.10282551632304243,0.045501672179218786,0.0430756541476549
1900990,0.6391884836221723,0.31169902109890324,0.35798025418241264,0.4138861793603818
1901055,0.13519421429805606,0.3298127853312521,,
1901146,0.8662402776721124,0.7741727659529211,0.6851983730544617,0.9621171740896631
1901166,0.041678569340673946,0.041294047245204704,0.08308308485168911,0.04956031303224515
1901222,0.24029952559626022,0.2621280475031638,0.5887557423134673,0.10808453043091698
1901275,0.10774493440470158,0.2687589761958767,0.2796462155175098,0.9500838237244458
1901361,1.0342836988493485,0.5297026498436717,0.8510124548282963,1.2996848278443174
1901384,0.33257437510360843,0.3564554970681154,0.16836041746930444,0.4586044694148731
1901403,0.07076887600278425,0.21401384110429714,0.12072043656938528,0.16404377824988445
1901865,1.4998128677543339,1.0802713211300263,1.4353838595347894,1.1579302472007016
1901929,0.055170556731943245,0.5299095220934156,0.5236880416874207,1.624907823482057
1901930,0.0,0.0,0.0,0.0
1902024,0.034014028347323665,0.001959728959574484,0.12257517831535293,0.09652131244046458
1902501,0.3434735004447216,0.36205217899820735,,
1902506,0.3512713928013234,0.5535222269720506,0.1563211852105789,0.16367801788875955
1902567,0.6399086392652977,0.5304824758405369,1.3229660955690723,0.6155308606642224
1902806,0.24749732079223022,0.5733370459635985,0.46419392650468366,0.10320448193808221
1902826,0.27461481345204625,0.4145228093723725,0.2987080445166223,0.1784939818605465
1903035,0.12071576006693631,0.12307812638490945,0.17680817689729358,0.027520058730161442
1903044,0.1193999337071071,0.21415504103602045,0.08094676728330115,0.03330436870609979
1903055,0.1849023904773725,0.1542437483833304,0.14908995985161555,0.1377491180086016
1903059,0.6584118191710702,0.15297481218933962,0.5951064566125458,0.30671167610399563
1903153,0.11528297191293618,0.4050105956463154,0.31016557012662116,0.1542839985286207
1903273,0.06712142573021002,0.07402400180303678,0.031075987111078413,0.03452921004142629
1903296,0.3597240253187231,0.07251966632404766,0.18944224543849833,0.38400741198645544
1903320,0.34139214788702976,0.08921113085313721,0.0811763435190479,0.1980376763155249
1903321,0.06559512974666333,0.0686280911310508,0.08279707007937535,0.07416650756116315
1903579,0.03864338523000954,0.05906705239923194,0.05434121383793945,0.02789366218949554
1903786,0.2686680394508944,0.6562742601705503,0.1945263459237162,0.18416638777975572
1903793,0.1376633768854952,0.2794137451768596,0.2736108182840536,0.12705812561726645
1903858,0.1897903284915511,0.09517848050922105,,
1903859,0.09348309737039089,0.07865827670929153,0.06724181344721226,0.08388169714917965
1903866,0.2690210524267638,0.16589848470685942,0.22656709664835792,0.13595359058388481
1903880,0.13499296579849474,0.03882438486493774,0.03543082312040155,0.0760307636045778
1903883,0.013288786448655407,0.2249266565443274,0.26422161797342314,0.08145420454060764
1903905,0.19878490829972723,1.1218447742418038,0.6811819567213415,0.3534679693539603
1904020,0.046403022478910504,,,
1904033,0.05672789209573557,0.057382132275605645,0.0370461872997784,0.18403497993413986
1904067,0.10460526270256308,0.008850385950172233,0.3350902399336017,0.7349077689668456
1904126,0.463471771345877,0.22845702334030032,0.048109503222356624,0.026657708554835294
1904152,0.06808376884009261,0.2414682977308063,0.21972272813044313,0.038912202353751466
1904154,0.039804069752363676,0.12540237973636886,0.17063652471638702,0.02478509685741994
1904274,0.23557253588199617,0.325169841842626,0.15166118400923048,0.18436361892823377
1904323,0.053362721508109466,0.12497903132590203,0.06652787747740221,0.10277012237841467
1904326,0.0961058010257317,0.11429419048675278,0.08685649981098369,0.12629667170973088
1904373,0.23517129267189585,0.309094404027988,0.3476862496878638,0.39791615626403043
1904388,0.27431213290395223,0.3768723877137989,0.4568474578491708,0.15808778828526007
1904423,0.13294187730123683,0.6252770770832313,0.3826914589589565,0.08232141727626187
1904425,0.0831155790375195,0.4081423436147554,0.3149678371677813,0.24553070696904114
1904431,0.37274621731541624,0.29749850955927526,0.3321588198407338,0.3046556993857612
1904432,0.258307898619951,0.17460770310529755,0.18475520951886307,0.3067604409054407
1904459,0.22616852124752593,0.11884725764567083,0.9235454298824852,
1904477,0.08098303008969038,0.12349183692915387,0.2892805005626633,0.06222778558964508
1904607,0.15535073266270064,0.6273382918112814,0.7208727854309412,0.1550457750156142
1904664,0.10744323217497492,0.14394248026088394,0.4066374916460984,0.1204580049695221
1904677,0.10463437987965557,0.0956943135712037,0.12749118863951067,0.09567735701823657
1904770,0.23028691429420226,0.2746847562557557,0.26355353371438234,0.28770002684511087
1904821,0.12402106261726692,0.21658931038626655,0.08018907941251757,0.01913866271215646
1904822,0.07449939694063466,0.2023156462048092,0.1844387044173069,0.04280584259574056
1904825,0.5728460718410537,0.48271723573655145,0.26787942522640623,0.5936607909034839
1904828,0.298377039381706,0.11520033381972122,0.29101011042622715,0.20538264264914946
1904832,0.19078934221730215,0.1347922615873266,0.1300714834751606,0.07777405050284161
1904897,0.5674871443317043,0.5453496920667795,0.6169184523197707,0.45156456747098095
1904906,0.2907144632607151,0.3162973191690353,0.1879516300226229,0.2925696198120028
1904976,0.10460448093507463,0.26460759973187054,0.24221496326986452,0.13289358285234973
1905083,1.1223011836187167,1.2892691769607645,1.294573746847571,0.8711705361333213
1905084,0.06430334296940128,0.10060439242216633,0.36389360131272114,0.09022699425080546
1905092,0.03783467665804112,0.11914188283172511,0.3139073241977701,0.02888949185740683
1905106,1.1349050699258838,1.4170190119409014,1.4313268888944652,0.7425648226890575
1905111,0.21225921316812324,0.12326046004489072,0.29618096852349035,0.6999745860662565
1905112,0.44653429029369207,0.2941418534613281,0.28096960186090414,0.21004539323236932
1905128,0.18529427082033692,0.5003928602127004,0.466978160846627,0.1960767540046353
1905162,0.016699817946105082,0.6047113256402558,0.33635866999471464,0.004947578566707598
1905198,0.15072471228016782,0.2365797423559063,0.1845388800580613,0.08473558539980623
1905367,0.02589167036631107,0.0909239612179211,0.13331611153374662,0.05868099676521915
1905393,0.7258936157240999,0.9082601114380657,0.24924278430093322,0.17570000076432649
1905644,0.0492542912642413,0.0014078856403863947,0.0016977179504322328,0.010315623397575822
1905662,0.23610126069686765,0.2417365018342464,0.058087915411725234,0.11465384395313358
1905663,0.024235663703717856,0.04154527320477841,0.027602455408290084,0.036850362466604114
1905665,0.041927266463082806,0.036965242196304385,0.06894971841225897,0.031714227843528044
1905669,0.1071204892980831,0.2449484112916748,0.12892990280650107,0.13213696241958853
1905673,0.09656967583332601,0.13464732339294241,0.14143923328198682,0.07604717468362193
1905765,0.042553477966740125,0.096184896407451,0.20390079266820355,0.0616532193438813
1905809,0.3089602119734478,0.21904852414324844,0.033210331731497025,0.3127082948796589
1905867,0.15446950720952793,0.4160344600261893,0.3098245480961879,0.1775184071670978
1905875,0.2414022320204454,0.23617511459714982,0.08310875471209557,0.1142779903165865
1905962,0.07932440264877783,0.1269828766572601,0.22332803805618434,0.035597731655480795
1905979,0.2194562432886372,0.13475452962071244,0.3849985408144791,0.19452113381257524
1906003,0.2526404354980059,0.32742214719460844,0.6238237989262418,0.5470655462794755
1906014,0.04639378987633623,0.431015962650772,0.14993765412353532,0.19774359807685082
1906202,0.04923595544347485,0.08457268588487347,0.10939680942740206,0.038883999948500995
1906223,0.06910651189089166,0.05861168746838131,0.030501713029459313,0.07854056627510617
1906227,0.21027740875625142,0.05370083651384294,0.026119120106350896,0.029215616179784305
1906275,0.3034180922709011,0.1399897129580608,0.1008733339919541,0.19762025701440603
1906349,0.3679712241585776,0.427014446259042,0.5426876036386699,0.16729453150850412
1906526,0.12478487869258653,0.0,0.0,0.0
1906527,0.09121066443107012,0.13395406270078578,0.02902561452077341,0.04171719462391247
1906537,0.22207486941656093,0.12319852590194916,0.028401298917150312,
1906539,0.27544360466800083,0.4433927438603896,0.11400071535055832,0.174991847730381
1906547,0.08213796106057074,0.20405745103440873,0.22857288049748217,0.024613569809570836
1906572,0.3821253725210824,0.2834301725135086,0.12174841866390274,0.008054481279736875
1906594,0.5331028083208512,0.4808457677031199,0.44726527425748264,0.35100916254489284
1906602,0.3992527211820537,0.19064688439512117,0.19458427114796648,0.06643377724827329
1906613,0.9894998960801097,,,0.33921905600198216
1906640,0.04456708812731032,0.10730147512715561,0.026181707033097655,0.03418228716747706
1906649,0.2542393458106183,0.6843073301384043,0.668090479018241,0.44178933434940554
1906656,1.9964636445623052,1.9966995088025135,1.0912675725433454,0.38830972676687847
1906683,0.13932261949410368,0.13766630125591783,0.1226842025264056,0.4852864082393459
1906711,0.15170387085960774,0.14332663095354747,0.3897840441674347,0.3448749591344081
1906719,0.0498324108335864,0.1390118984087795,0.08452523134541555,0.01436090611262328
1906766,0.10196595253065045,0.20140347230257147,0.12200767761315569,0.0946968518942129
1906790,0.06481873459153278,0.06002473315110101,0.04622669462700226,0.04021491281988114
1906793,0.7977245300897756,1.3439291528903812,0.9732051864783549,0.6250960219032263
1906798,0.1404691839505215,0.27442805504729806,0.11291091073679013,0.24433699021677355
1906799,0.11143668107819424,0.32297164149466684,0.3905226637067131,0.34697248349617177
1906802,0.05497380142766602,0.09550359847252138,0.04969811251205288,0.10825620853976954
1906805,0.128685213938929,0.17130806532760004,0.4485032348130766,0.054835596229480525
1906806,0.3001120352032256,0.3618896483643222,,
1906866,0.20281699193862024,0.08880013058616021,0.14709538938286704,0.14425074414457772
1906937,0.05495342914579423,0.04907518035459467,0.02950413113499345,0.027484156229096175
1906967,0.023946837528850715,0.06700478014115188,0.046447480193077505,0.025646018528369754
1907054,0.2022333407032031,0.14195654401478658,0.22206423936393174,0.07671291183273433
1907092,0.060733173538292246,0.18654116424392994,0.12627949615032283,0.04405885662147512
1907157,0.3684533762222908,0.3406303109439121,0.10875509782511528,0.14676144743054442
1907212,0.04412361521864359,0.047448077466395115,0.04532129204174075,0.025099486158020205
1907240,0.04815616447640195,0.320256346432979,0.4246338047416738,0.5511498301172443
1907254,0.09611849653702162,0.2415308052931099,0.07587496956555868,0.08835833219380955
1907281,0.2730219203339523,0.20287518705311447,0.315834199953101,0.3849332919709281
1907294,0.07782418247360756,0.07665288694231692,0.21194930248129415,0.1063469627653797
1907320,0.1369980293463597,0.06265563987478158,0.05430872073283833,0.052727349366875405
1907327,0.2614115372916035,0.2559486162798777,0.061950057623734255,0.04066198284649402
1907375,0.5702931775003811,0.4679457073284219,0.489538047108017,0.4785940127758412
1907433,0.052741526465296215,0.06796116662698877,0.03211620004624296,0.01083938500878635
1907528,1.1815681589792535,1.088851604595644,1.2613266550820708,0.7037041889433566
1907530,0.0,0.9006281291617987,0.10055048056239375,0.1501692673066067
1907544,0.12532706278650463,0.12883758405805848,0.11762502226562939,0.6816779774821436
1907552,1.9635190356178691,0.37978004772805274,0.09864257644141529,0.08180153839814477
1907568,0.5006385522046354,0.725738782532631,0.9465767074439392,0.760480914569553
1907666,0.5108067592927569,0.6040882296103665,0.3894119952581086,0.21255625210060763
1907802,0.043939236689202944,0.13183328066382297,0.045656284766143626,0.043823856753227766
1907803,0.2438176955335419,0.17335412238857806,0.14965757757197282,0.1330960259855784
1907809,0.13514205051477665,0.14668627781872953,0.22945781831163647,0.21669346907865136
1907820,0.34119115150514745,0.5547006440971419,0.49125809379481117,0.3072018499498755
1907826,0.08128828449625279,0.0719760552138214,0.07441408743648968,0.043316534295740214
1907874,0.204339980375573,0.13717718688502187,0.17215564692361413,0.10627422686516244
1907884,0.736955335435685,0.5505119082478868,0.4659235580026036,0.42641802820195496
1907898,0.14819223504208104,0.14716182304700415,0.14575841063554867,0.0724794429373153
1908065,0.28852006145035264,0.1025488977167085,0.04761397211865656,0.005308416641146734
1908066,0.2877457008222037,0.4378522743575049,0.0,1.7619219245489348
1908070,0.08549427182694361,0.09402846199283334,0.030596874228037665,0.038502234595832664
1908099,0.27502052874954996,0.16912474686382623,0.20877765046578806,0.3559782960612373
1908108,0.05100510121183956,0.040540780402436354,0.0943445828692335,0.02555288496565091
1908158,0.1684046005184057,0.3355605420119071,1.9186860917342312,1.9118405939071488
1908165,0.0025432802698722714,0.031435022774269815,0.03127436568906284,0.0568350311179734
1908167,0.08923543314485965,0.1045844781423739,0.05058630875246769,0.08835852517021697
1908169,0.13183549336980363,0.06727108043176563,0.0907845378145901,0.09089663214816567
1908177,0.15185104998589652,0.1279527199606949,0.41755840161011337,0.0650751575924395
1908186,0.053279584637315955,0.07166502810105668,0.13330744299805045,0.1049276037727379
1908192,0.07483758028736884,0.19278008625825033,0.11453283096385497,0.0757461032805537
1908217,0.10417569168172483,0.1741629909926837,0.18337830041450728,0.3161748234827926
1908275,0.02567401186475291,0.04917224185782464,0.05960479725183516,0.04892813943067817
1908288,0.12475314592556302,0.37543063936741666,0.0745119130146763,0.0803416781165132
1908316,0.05567569301566686,0.010019223303665486,0.21324014042838657,0.07375590354404059
1908378,0.2581380735031418,0.9405791537635261,0.13446592508594016,0.13633172133354388
1908380,0.07629005013523744,0.1609391401289196,0.05172688764991688,0.01946667853099069
1908386,0.04639964851032763,0.9091950977738353,0.04840779518119697,0.03092378836730767
1908404,0.681431481103138,0.24070258705673575,0.5099484401461692,0.21748985720365888
1908423,0.04673602518112899,0.04707561918360163,0.05032456009776776,0.008740993082777143
1908425,0.10911714417167838,0.13852548673840245,0.09165366932240165,0.0801121095387202
1908433,0.1397261601614621,0.22220984976604216,0.12883172005876908,0.1285069709624822
1908462,0.14331239415692598,0.3122714488053119,0.30421030121955106,0.2614362476491612
1908585,0.05989105917447102,0.1429969577312745,0.10966182974157777,0.17257011967169172
1908587,0.03826521292607105,0.7570999697190945,0.01890986725499922,0.024673622395830857
1908607,0.1986321661231715,0.14249897070274667,0.17975884670187411,0.3392935381881274
1908611,0.043196118460295065,0.01915493245294564,0.11675923247287158,0.07714613877931024
1908612,0.18762582308337863,0.4191940421258202,0.4584474792872767,0.24715733034166767
1908617,0.18868002989232927,0.09402179445819298,0.48297652266050645,0.06289993324453343
1908685,0.25386466833932236,0.648880819906011,,
1908695,0.0430748700560745,0.17881229904267817,0.014756733966925851,0.031538082183501015
1908737,0.0,,,
1908765,0.08028326930340716,0.07049211239830955,0.049077258288645606,0.03244466209915089
1908828,0.13092895327978793,0.07288739154231762,0.07215163600886448,0.06583217155040795
1908859,0.10509241470272525,0.15823553268720872,,
1908879,0.13883853924889222,,,
1908885,0.13967421089537288,0.09067124675494785,0.15649253615396663,0.010944208790131573
1908893,0.13432975528562438,0.17824329108702688,0.14554353970191578,0.060913791628513105
1908904,0.050909633663101236,0.07967246113185203,0.11527813619862279,0.03977544043363702
1908914,0.2879295865528729,0.5740230445660957,0.25375610161412376,0.32441868631315457
1908936,0.09530726788885403,0.08660409462120613,0.27037171355129835,0.15295313901860091
1908938,0.32475507374604673,0.13596014917304872,0.051019266081899876,0.46137361176015845
1908944,0.2489932034465641,0.29845130643023027,0.1191399823843352,0.3504262067428301
1908965,0.01850775116534687,0.10131804362949894,0.5871658879119224,0.04496757207871565
1908976,0.6028845943119857,0.8410416889692081,0.36723342264205383,0.4910130048127445
1909054,0.1269357974340953,,,
1909089,0.7945479826721452,0.890183380467859,0.46515808405919856,0.5265239070707645
1909126,1.2208918979159713,1.6937424299852388,1.9489394706144636,1.6327884110066668
1909128,0.14582627974511436,0.0606910294730037,0.08823917538910715,0.14672998645708918
1909147,0.8404627364704431,0.44313451196977116,0.4852287672723817,0.37686390784491475
1909180,0.3682740615052169,0.20088275694798077,,
1909249,0.0755203166369726,0.28002259683130765,0.1526829271971668,0.25152115448471596
1909251,0.35411387800613775,,,
1909304,0.15353186648960396,0.13757563834944025,0.1704295105895604,0.14171700846376872
1909316,0.07491392159865293,0.11257469397128887,0.11301529208097773,0.7860858694524047
1909319,0.1461897243172561,0.10529474660598517,0.12647981246515155,0.09289484119014535
1909322,0.07427483480603557,0.046166675151852195,0.1375285284096198,0.062236239527619384
1909372,0.0,0.0,0.0,1.6659005547184216
1909380,0.21407328344918883,0.043484937055828767,0.12686372660121903,0.0035316730048799883
1909393,0.7667691832618543,0.6210324807560968,0.9370915739483464,1.1898622572000748
1909565,0.04877616061896255,0.086304510800463,,
1909567,0.2622501255044744,0.18727562536441522,0.3866912525430266,0.33759775565874467
1909568,1.2665040051253236,,,
1909569,0.18262431727420086,,,
1909572,0.02364388288525003,,,
1909617,0.07057025087786536,0.0,0.06212138378932434,0.0
1909619,0.5507757853026075,0.5513969458595099,0.5421221506543956,0.6020815163230223
1909654,0.12092274224191679,0.1757622719895787,0.25124339810873153,0.7741760557594695
1909664,0.0973278413867926,0.17693523810291018,0.04495423732826534,0.15865707700379628
1909750,0.15955443617263876,0.17709396732965094,0.1310172797849178,0.08117793773146012
1909760,0.06278415948780136,0.028352590943567013,0.16488477511693514,0.03871491650838945
1909798,0.06302306806878592,0.23190924438488855,0.08086848368967596,0.027699223161285206
1909800,0.23101574173866413,0.24676515467835913,0.2692946312293471,0.1715392842005449
1909805,0.1045844555665337,0.052541734752994944,0.07790265828869547,0.06591575276291958
1909816,0.23359232223600618,0.6418350510185433,0.023205893753581976,0.04817191810374916
1909828,0.05852491142731076,0.05832941212749623,0.0673910023180411,0.031781348186283954
1909846,0.6121800358337086,0.3327507209177811,0.36793634446611895,0.3819825365931644
1909850,0.0,,,
1909851,0.14559933138200085,0.14241769402943907,0.11714065313647445,0.13793497992731177
1909879,0.09864192210332787,0.3998155696657036,0.2553464739326178,0.6088112243013516
1909904,0.3189909772087676,0.20373581038155206,0.5758302273126078,0.47093167982471285
1909993,0.010935448006957582,0.008875439036491971,0.006556035964719495,0.012756390251898805
1910000,0.10819243761701547,0.15782787459355,0.05434061739331098,0.03680178158737759
1910078,0.5285901347765222,0.08260722345147048,0.05772227709172014,0.15789246800020174
1910112,0.0,0.0,,
1910146,0.39261925695506256,0.7803321391659173,0.23606387513917912,0.10211250185766685
1910154,0.33243151055076187,0.49211726648178616,0.15515276254307472,0.2114601445041449
1910156,0.0899863618323951,0.0,0.05766040078534916,0.035881348170548076
1910168,1.3495522648710188,0.2754684739537094,0.49419232724811546,0.20211496413903177
1910173,0.5539769870134578,0.6299942212645416,0.5469435428165877,0.6814628216386706
1910174,1.5760300273302508,0.3013653613019194,0.31916434615334055,0.07194243457329555
1910179,0.5102666312628121,0.18151524954572537,0.012636401967654037,0.0785794222175017
1910180,0.014853256429727115,0.08835365185632844,0.15988612500828867,0.05600312342980926
1910183,0.05381702137344322,0.13688724635945815,0.11332524901911249,0.045876464190105985
1910185,0.23218797211809453,0.1502821612631072,0.1294521972654698,0.30473504352450687
1910205,0.02995800744406776,0.24081603328086817,0.09952130945645662,0.11014231997971227
1910210,0.1474135657612039,0.0622556447642928,0.1301023838169365,0.18753940540601857
1910248,0.07289741022698085,0.027066826969235486,0.0497395983295492,0.03178408404436146
1910264,0.0,0.1361011688477078,0.13536374643369065,0.19012139926763094
1910273,0.06795160447760029,0.09578901652511479,0.06756569440526125,0.0851556143491421
1910274,0.012677234368217733,0.0,0.10081469226628653,0.023707074559158967
1910312,0.06841055313510365,0.22188653069070224,,
1910313,0.0,,,
1910318,0.0,0.0,0.0,1.1812856277853068
1910342,0.0,2.2165983144474893e-06,0.0,0.0
1910344,0.0362753116382575,0.0005705636564029695,0.012996189688859116,0.010425053850824017
1910355,0.0,0.0,0.0,0.0
1910364,0.1251429200572448,0.10221902142447177,0.06707889126284165,0.038943775551742575
1910366,1.684809073014,0.22351220746583697,0.17867102080263364,0.16222321906145049
1910370,0.07247545452584314,0.1022675388900295,0.21048171531018628,0.044172355620485076
1910381,0.15832019452814858,0.22296317484194098,0.05165023975585221,0.06887352417571799
1910383,0.17728622186752402,0.24821187150998314,0.21412163511828963,0.17704862616373712
1910386,0.7932092980338445,0.03717342045995592,0.026580087065905693,0.06567721875004051
1910387,1.4012218055598709,0.2058358417561266,0.02728282978959979,0.018977251242300337
1910389,0.07977338250658987,0.13769744278034235,0.1056444397821252,0.045557212564298226
1910391,0.14267045083518576,0.07241763427588359,0.21715359426517775,0.22031949566811201
1910398,0.13914335531929756,0.18865346660650414,0.09849583006904325,0.07336552859555183
1910411,0.7988356757570897,0.43635596606987054,0.11346895214247887,0.06815062183362447
1910417,0.7878037909581213,0.9348837425054696,0.5090948760310858,0.7201058853204219
1910419,1.193145206064817,1.7171735549462537,1.763277802021074,
1910451,0.4000000802993721,,,
1910456,0.28649551645876076,0.575408058148297,0.134895231333432,0.34033568231738975
1910462,0.2740383696164548,,,
1910475,0.13167240902008973,0.11955461245983974,0.032320275020429966,0.032000274387629105
1910482,0.23172054133814224,0.1341016225423992,0.9823275294234901,0.3732255200829434
1910585,0.0,0.0,0.0,0.0
1910624,0.0,1.951899431783307,,
1910636,0.08818151393692718,0.06138648492213053,0.09529765524547916,0.12467713516511178
1910641,0.07882997683815564,0.05882016062237364,0.0940550258396941,0.0359098795417419
1910660,0.046150052166079605,0.2521241741824202,0.09743312571440951,0.10105080461784469
1910663,0.9567148682017877,1.2029669592430707,,
1910666,0.08761419034851407,0.1477145040634139,0.0959229932325586,0.059909871184043964
1910790,0.14476845983900619,0.1800099044285174,0.044279244681287876,0.052553994475816324
1910845,0.06637680178516435,0.09743697406809664,0.041966889736885074,0.08733435600930362
1910852,0.0905400753027747,0.19017166509223962,0.1909391896892498,0.0619493689051725
1910854,0.10689122228884783,0.2500319686512231,0.11147202923249609,0.1632254866217185
1910858,0.3005599263263155,0.5981107833343838,0.355554894655955,0.23971427018092356
1910874,0.7684153098401368,0.7701701865761305,1.0279743993260573,0.8727441065298176
1910876,0.07018744656691461,0.10478428147209667,0.0775276762263268,0.04669298294385081
1910881,0.0,,,
1910934,0.08284950567162376,,,
1910942,0.0,0.0,0.0,0.0
1910961,0.06199426165457267,0.04746638116826413,0.02170076066426321,0.11048567140555782
1910966,0.06616206642400878,0.8227469130116862,0.11957735020929341,0.07895888382042636
1910971,0.22264073399680606,0.1818681275449734,0.17816762630121089,0.1646525779594982
1910984,0.13861965404149665,0.04673672802020834,0.1518002929197967,0.09284840536829128
1911000,0.09570941214364999,0.7692785670593105,0.18233021444236674,0.06884308920931559
1911010,0.02951792949933449,0.01306928077280217,0.17886716421454515,0.1498938868111305
1911013,0.2139550888902645,0.06149661583708181,0.11364256221074923,0.11246959600600731
1911018,0.2563981524345959,0.40347660383563855,0.3739306791533127,0.3023232990031053
1911025,0.2205503641909433,0.25179045839380365,1.4413080843981758,
1911026,0.29255702438229775,0.20647572400574318,0.45796958393212145,0.33837159109119364
1911035,0.1440854499585546,0.1250531949780583,0.10825700647767438,0.08352409143979961
1911040,0.04212968316519431,,,
1911052,0.014820203681887708,,,
1911056,0.24432739693271618,0.43023948970459003,0.30022236022042753,0.3248923820091589
1911067,0.14775695822586074,0.06556459023505054,0.10599973132775183,0.048363498564518305
1911084,0.031732775488359816,0.08724422181059209,,
1911087,0.11150654149730421,0.21737323143058893,0.0974149523207582,0.06882465498970494
1911091,0.23499385754294186,0.3288568603269873,0.23773012388958653,0.2861825606642515
1911097,0.3941040695134532,0.49312908303048075,0.14674419161161162,0.04832915439984585
1911113,0.36323189979988435,0.27417714824354633,0.017546053993531322,0.32809750520230335
1911132,0.0,0.0,0.0,0.0
1911136,0.0,0.0,0.0,0.19705171707460425
1911150,0.23158959822046352,,,
1911159,0.29399590448893714,0.8460123037488253,0.6730127515751022,0.13150876254707852
1911169,0.16146505037914538,0.25442412002488723,0.48163965479016174,0.14979396853404867
1911184,0.0,0.0,0.0,1.7499649738249594
1911222,0.0,,,
1911228,0.20127294293578835,0.43516283833774033,0.08903700917955115,0.07205195551885989
1911244,0.37258950757946824,0.3101562065122961,0.1223208573780284,0.19365163859903492
1911245,0.0,0.0,0.15373980955857447,1.0886468090125931
1911253,0.08222943583135388,0.12088790203618714,0.0646021070652671,0.04087924832006214
1911266,0.050182650094205083,1.9297415221359042,,
1911278,0.24849585605301253,0.23863749290556804,0.10361411938088304,0.19589776587865135
1911284,1.0792594938596156,0.1503508959950642,0.497799925857193,0.39426378124374045
1911286,0.008033091402041271,0.18323487545628364,0.006349391549236729,0.4706409285828803
1911307,0.10980649397878753,0.1445274690524288,0.20548542791856164,0.31006676129389726
1911308,0.2135045161180216,0.4148193979512562,0.3255258660818279,0.23038896894502134
1911316,0.06885617791945674,0.0,0.5710444584039799,0.02076546538372969
1911322,0.15867878714837008,0.1853942893671001,0.18599354553443123,0.21297354582421826
1911328,1.854549867436122,1.8300298930911785,0.24119063036701494,0.19708158218105398
1911342,0.2851265215288588,0.1349170221135741,0.051638157763580536,0.11299478914537371
1911348,0.08702464132985878,0.10082823848506924,0.12167092581844216,0.15847034413708555
1911372,0.28957503051481204,0.46845199613061056,0.11364971998169622,0.373298711429416
1911378,0.14747892174461066,0.165234433671014,0.7424501085846779,0.08821180621814538
1911384,0.09683880646340326,0.062247168993874995,0.12022879394599686,0.1209272566290339
1911400,0.27291325154284535,0.3589686185255549,0.20385512540467574,0.07852421126243454
1911407,0.1325931790407848,0.118271871022024,0.11876910598851614,0.11628740623570394
1911412,0.3392094919184666,0.25252816119815463,0.4212253027946285,0.31586014928462225
1911464,0.5761647208458864,0.6305999735236558,,
1911468,0.09894923499689662,0.15014789084385308,0.03981933931567272,0.05362363843813144
1911470,0.0885186140010955,0.14361000359120976,0.04793885464485879,0.1690881268061025
1911472,0.26029916226663097,0.27366094914360367,0.36813876682433655,0.6302200322148046
1911488,0.18819641280327115,0.39005114845167754,0.0,0.1675138800933769
1911497,0.1505652959247975,0.14944766284882494,0.10215304909658102,0.14330593281524767
1911520,0.11274202096322644,0.0895902201236508,0.133854163561464,0.10199884565568676
1911523,0.9585972151903431,0.742799073207965,0.6375367722227742,0.684621389788411
1911536,0.36123974366458106,,,
1911615,0.08359271025505274,0.1457151564588467,0.10921043494221762,0.20071899457373532
1911616,0.3025595678011141,0.1765155212062302,0.2561362992644111,0.1923775062090913
1911621,0.29875550423068403,0.34648826160376267,0.5811645180630604,0.7436004474876047
1911627,0.014121102671063784,,,
1911695,0.12844087150083455,0.09330492792567084,0.13942520064789893,0.0676725675402022
1911702,0.04429122276824729,0.09559806945721844,0.05650031586267721,0.02261942566423738
1911726,0.27028136835541094,0.20982246952428535,0.31005922619700593,0.2180957804819417
1911735,0.07942189027820735,0.05352922244827434,0.049603132570375026,
1911766,1.1943506346426382,0.20642920889503652,0.36783895340439315,0.07941140507951418
1911807,1.4400972289792624,1.5093781257197023,1.146687938409793,1.300842902100945
1911822,0.615969990718692,0.0,0.3846850350353765,0.13560977723847573
1911832,0.1386436617161454,0.5167841072906653,0.10593212412975372,0.2465816245982782
1911837,0.2604158743411325,0.15323934863983615,,
1911894,0.13160812772741212,0.10127758047961621,,
1911900,0.03281641565135785,0.03329544028645319,0.0374432235021131,0.0559890086779027
1911938,0.2555749630772986,0.13410016336670671,0.11475206892967471,0.13416576507362268
1911965,1.087952751039306,,,
1911968,0.1583663908410613,,,
1911970,0.8824032825261294,0.1821948264751515,0.24204351787750827,1.432588548638533
1912008,0.0,0.0,0.0,0.0
1912040,0.04102697052685553,0.06882032885745125,0.19059038012725232,0.032852673056786436
1912120,0.0,,,
1912128,0.08332130242006322,0.04703082035130131,0.026083182814822067,0.018272611680972994
1912187,0.48371170971774197,0.34945086678715004,0.19627260232324345,0.30495903478736514
1912226,0.1985566479246055,0.6378874803480022,0.19985269939949254,0.29005477213512004
1912273,0.2521823709379625,0.4090729012732917,0.2872288477024535,0.5733225287309877
1912294,0.0,0.0,0.0,0.0
1912295,0.0,,,
1912314,0.18050692250606973,0.15881059389966634,0.066139367613916,0.1396659305468212
1912338,0.1403968130856667,0.12871882292686102,0.14923767252528786,0.06534788594947362
1912339,0.1960460750871419,0.35134306985288977,0.33798561734865573,0.13896405780911122
1912451,1.3799275362856782,1.0081787147696288,0.9118165247757669,1.3633201264128758
1912460,0.08890576094001232,0.045201537089004026,0.029242578328137547,0.047140205349760274
1912547,0.0,,,
1912576,0.5920833903250503,0.36638378759631857,0.6603687941501154,0.43035384673895316
1912584,0.16979524894206313,0.10405067738976599,,
1912612,0.13222077645955616,0.3792377171900714,0.16051178860359863,0.08638679307394777
1912617,0.23998260939751334,7.273007489082714e-05,3.39328724969939e-05,0.42078770434087825
1912628,5.535124803283137e-05,0.0003780886456310566,0.00020057506361371167,0.00019985576955818576
1912675,0.0,,,
1912676,0.0,0.0,1.0336899747007615,1.420517460816901
1912699,0.588615658736608,0.0,0.0,0.188301984466256
1912801,0.05745164135258722,,,
1912835,0.1797438234034007,0.21789131876508525,0.1907123446149061,0.12555432253492255
1913111,0.0,,,
1913221,0.09978687873520274,0.15468620662328328,0.11547712182901261,
1913231,0.41207096660211606,0.15621400320907608,0.2692398836786263,0.37542492305546815
1913243,0.3519526953372655,1.5539795644397967,0.3278019022990343,0.1516401691564053
1913420,0.20632165728912885,0.23842408025026893,0.16474739167455169,0.19190751830829972
1913467,0.03633925195261352,0.015043124364109284,0.033963999690281514,0.039410365176141174
1913494,0.2974685926466722,0.0,0.21896411409904068,0.0
1913506,0.26912775512599024,0.025015075903594343,0.04128985727624877,0.04007464511471397
1913545,0.6972747261760771,,,
1913590,0.4108397896407792,0.24986287614365255,0.23118110504064351,0.10379151147275877
1913599,0.03252501463347152,,,
1913608,0.1046277793406041,0.30588577900047503,0.19826018799887596,0.2403120538521761
1913842,0.11490437660744832,0.17201624258562426,0.10962309445592183,0.09589470023858947
1914099,0.21049901983684657,0.019224233513543812,0.045567124626572114,0.04924708365377387
1914186,0.24150874531624916,0.12578880514412996,0.11835690409777677,1.8503624818761049
1914235,0.35657153441659967,,,
1914472,0.16884472582520518,0.27180023524714336,0.3643994487945157,0.22114940469830863
1914606,0.08525172098538925,0.1230620785627536,1.4781510829086464,0.045579691372678005
1914644,0.05490047628985661,0.0698659695883458,0.08405701353638026,0.04771926756699844
1914668,0.294356780050291,0.0034241412350720242,0.001609450574285762,0.13220252146297393
1914987,0.08918204463704249,0.08874023217043941,0.06328005295871714,0.028470458127360283
1915315,0.2683054190766945,0.05454124790782139,0.15294922329051402,0.2299172843325328
1915450,0.005950647933189748,2.0,0.01831026167641146,0.0388647259096754
1915494,0.06268972896206779,0.019789659691200605,0.017679713376735115,0.03312879773538338
1915565,0.024925480062197438,,,
1915687,0.1094829875068629,0.2385460626294617,0.06572772180190238,0.03816704496662628
1915714,0.14952645845744272,0.1384205449172671,0.1420609931681515,0.12051209048258942
1915765,0.2110870231994803,0.16186369990426383,0.03658784329075744,0.018525968934618456
1915870,1.130881911528181,,,
1916123,1.1950145518576623,1.0173908052688927,0.8179403990935739,0.7222912323987767
1916366,0.9276750955033993,0.3400934228208494,0.982942421965207,0.08867276337572688
1916412,0.15111693189105072,0.12596243789462427,0.1580849917052808,0.12792972652786638
1916464,0.008449077966713283,0.005149185205775519,0.012147147845203874,0.010429267911005928
1916690,0.27496868740597996,0.4354669452737355,0.4471627369192806,0.43500674939041367
1917529,0.33950444295576465,0.2131390070199859,0.011775895842592999,0.002909323710759547
1917618,0.02672174168285541,0.08384442644328945,0.07448016422053261,0.009352402961309823
1917686,0.31254482013605295,0.29862958371980813,0.0663076150580727,0.14932451250315254
1917704,0.10098379518240076,0.22098695244303398,0.1589596990872295,0.20262231430966168
1918613,0.030772537713142104,0.05676875710357587,0.024537278045093893,0.0745732456923473
1918707,0.826017443050374,0.026986075463478042,0.21181589549560018,0.6812790650278131
1919142,0.09889952598575989,0.1708880283187713,0.12080005047605809,0.07104901424335514
1919176,1.4111179480595155,0.14455146789071557,0.39158323015056207,1.1663799770558254
1919701,0.22906561359308727,0.6965772026027476,0.2812361491891155,0.07597033958697895
1919920,0.2114413014887337,0.2159184972121041,0.17425589356870125,0.17494767375474637
1920117,0.41769350741990907,0.3558461779222794,0.6190689774233501,0.26423813837058746
1920405,0.18537888690840995,0.08399850809057008,0.07463408604366838,0.01644214702061727
1921093,0.01877205274659806,0.044436834750318545,0.019001005588281637,0.021079387455150787
1921196,0.5355753643946273,0.3311554645969184,0.3501891279811583,0.44270671683059126
1921304,0.26011054170655873,0.07876279126513262,0.18678206198780373,0.04749136122990684
1921396,0.12156422163037509,0.13447447106223806,0.25497106313122053,0.2211764251930918
1921448,0.06857875151295811,0.13459859513868938,0.21532987160995357,0.1581796619490397
1921487,0.4540132393289754,0.39191996597787593,0.23009252235861916,0.4296389407205863
1922200,0.03811168006510724,0.16042959755160405,0.16547988520770066,0.43277449540221813
1922281,0.09968532937427266,0.27131105928593846,0.3095810207600536,0.234223599883522
1922498,0.3910252676879694,0.22022347437875495,0.18563787536913187,0.215353955914437
1922684,0.2068029929733078,0.10507353095209918,0.2981566317560249,0.07330393333343115
1922875,0.09606287765003939,0.099926288543887,0.12131137557931122,0.07720585456170603
1922884,0.2111007603239988,0.09206920217368611,0.502461579752734,0.38110010655655224
1922962,0.8932171269588719,0.0975553217752518,0.23087905312126575,0.3457814136581945
1923052,0.08472296579886252,0.20428807561215417,0.27616171984705384,0.24625497497622828
1923053,0.06439600264306714,0.04387838191754289,0.0582059429957932,0.04349517983837411
1923173,0.17642960231320448,0.14223274882717046,0.21103470753040804,0.11479228517438883
1923591,0.1622452316742209,0.27945361011983255,0.5199966302762487,0.06865042524063017
1923934,0.687177519241691,0.0,0.0,0.0
1924030,0.3718090005301518,1.0809927794277363,0.24943758764575275,0.6785499532314876
1924152,0.054379685823762625,0.06189356888347424,0.05906384761255818,0.06603498426287517
1924185,0.03254316903786028,,,
1924953,0.20416553900435436,0.3805381897160943,0.5919474381023178,0.5047529529408492
1925074,0.11297385768327167,0.21711128150818193,0.13119248638808143,0.05163442215593362
1925251,0.1543765781350495,0.10101766292229444,0.1958085060251942,0.38815763503277034
1925385,0.265220909683205,0.09631476767321222,0.03749839309769737,0.08982706653218432
1925418,0.0999485681914329,0.3126342130447465,0.15545648323326866,0.11721639006036841
1925582,0.057786622569394284,0.04530566356178127,0.046642569750081686,0.04078657696987799
1925685,0.39999815608867456,1.4557348123668314,0.12308756917107672,0.5447096238495213
1925853,0.23730541471593805,0.16585667448032107,0.19687232545614478,0.07318757626488627
1925991,0.1563337381067947,0.6108160331180547,0.33897420854940724,0.2758556437685605
1926037,0.5060368458789339,0.13758169430745812,0.21911918917614148,0.05823359414303688
1926344,0.5197180742245361,0.8921249748472131,0.7134346016398846,0.5490186161940388
1926349,0.19474764993592095,0.23329592045685657,0.1424554882692642,0.08092456776008493
1926571,0.2254678432244014,0.3062807479905749,0.1981815281527028,0.29596100880724086
1926596,0.3955312144101626,0.5586133171372383,1.0167330648348476,0.3495349817748408
1926723,0.04510364295301429,0.0504699546158836,,
1926959,0.28553208552663967,0.3025348173831268,0.6929053377428126,0.14559209536407178
1927042,0.4133022267124377,0.29774745243298884,0.30422335101876347,0.09226200740824822
1927067,0.12035142656604916,0.16625988412591883,0.27438428082904887,0.10099234406690683
1927120,0.19868632615701734,0.25458001450595796,0.5778670065338777,0.06191264799702873
1927129,0.18538793147388632,0.6707222650347784,0.30991751532131806,0.1574987858651557
1927175,0.19935571851244105,0.2125503739400513,0.06417070609435903,0.044355094373206554
1927285,0.7600475243706661,0.7051505903767639,0.5559092935403179,0.49143018209255646
1927315,0.22284900952218392,,,
1927474,0.05303783140934264,0.03379007128767182,0.11152486903228513,0.04466147104132565
1927543,0.3052242287449007,0.14075736209232637,0.1695853341844939,0.1349426835169446
1927724,0.0724830637639542,0.2055875541368296,0.1134527291230992,0.09548336692717461
1927796,0.08641043435477021,0.09522436169738664,,
1927881,0.8326976938082726,0.8148485282679343,0.829739222601544,0.8533925840588136
1927960,0.09330423810419045,0.2829768249234766,0.021925908285857155,0.021210486268089836
1927961,0.22934118561600006,0.27940502602885203,0.21919784040593626,0.19043390210487965
1928010,0.0,0.0,,
1928041,0.7173326658792831,0.7160690434435628,0.8134516481547576,0.9072862795625242
1928635,0.2675319653267689,0.3454946844558326,0.4562967787563698,0.6265063979791283
1928941,0.26809970406782624,0.18168877721448246,0.359921786244484,0.341864139355234
1928999,0.10869374235174431,0.13312462380476467,0.10985188160094192,0.1395802895661398
1929070,0.2168667166289809,0.354967692422673,0.5250294906399718,0.11411294216039165
1929071,0.029777566536370332,0.0800814345699237,0.06493597540463111,0.02832249490849887
1929139,0.1934549668434258,0.38592961975718987,0.3415413922017093,0.11537516443342766
1929170,0.1986861313128097,0.17967537439050615,0.1874672858210042,0.13973208117081629
1929184,0.02350544082177973,0.3182581727206675,,
1929349,0.13173122044787447,0.30211859191328766,0.06463797518125136,0.019855718794049914
1929509,0.0,0.0,0.0,0.0
1929662,0.10955167855488367,0.132056750427346,0.051819591963227364,0.10286808190510884
1929907,0.30330554640845664,0.14358977310623855,0.14991401701298393,0.025018160737226486
1929977,0.20263571060577068,0.043890327498490506,0.039100238223056784,0.5177766440852811
1930102,0.19688387021281414,0.2632999492067029,0.30741083708595596,0.4145680662000924
1930301,0.3674621036138366,0.38844272456720613,0.1190299477683242,0.28263681229935805
1930346,0.6603588955024591,0.8298036911532657,1.0158546968551285,1.430372150908431
1931041,0.30290885090378417,0.4001119591966868,0.17533100946889785,0.19714294139207428
1931465,0.07551701632478622,1.0787027286685524,0.7500014893796049,0.30080637318443065
1931642,0.3928785171361762,0.5859514730851346,0.2940712817905109,0.16878844484834332
1931750,0.06551196416837334,0.9721123833727634,0.3480799847855581,0.06130300795660599
1932342,0.08173638653835238,1.9146648217057154,1.9098829112434452,0.08714780699840512
1932496,0.17469464845182792,0.20217741637135794,,
1932998,0.14765469569973394,0.10406631003228962,,
1933059,0.2700746998259237,0.5845798190649618,0.18379821307789135,0.37872375404384984
1934500,0.20625791255131998,0.2633856534441964,0.2047728551654786,0.1693864061604522
1935000,0.21318458501080267,0.35105340419922676,0.2904259384687924,0.0837294427650186
1935795,0.0710397351279486,0.3248215759255012,0.053889714536359275,0.23737722287406307
1936249,0.2134517060624459,0.824791636908797,1.2691170103291602,3.4352824593442064e-05
1936420,0.2561811519225546,0.22957227242164577,0.471733748495038,0.1843234474084783
1936603,0.06675854754086168,0.43504527812859073,0.097853513580829,0.051392945933734904
1936987,1.0630177298640753,1.063358810096573,0.009204133008847485,0.012901664952866095
1937021,0.07160293421829624,0.08573079850121149,0.09968241597747013,0.043928256892815286
1938757,0.3920398391668342,0.3700162043705163,0.4618299312784512,0.4524090158473636
1939237,0.16185773432487,0.3558605695078072,0.08116758431127846,0.14634620973474635
1939443,0.1351355690457648,0.4205688889057794,0.08593610001915823,0.06534643092070846
1939480,0.20435790689682112,0.2592617074314048,0.18611252711466944,0.8250650351980677
1940406,0.0426780557687131,0.08659585205615734,0.04812081103194275,0.17870911722591507
1940416,0.1049794069989564,0.2061303866175609,0.1451364502951135,0.09057967475089701
1940646,0.33135050915925474,0.06304570544374095,0.12148307311198156,0.05617740592186519
1940660,0.0638791935474349,0.06886215112006017,0.09681081259705658,0.07920017313983621
1940869,0.18595674288498043,0.39964804974867696,0.2748318035421175,0.18007919380410478
1941030,0.4014096185994325,0.23048061225638586,0.14833728984471836,0.17090219167541912
1941369,0.203043177903302,0.37730294690067817,0.3817157583067401,0.47369906421723507
1941537,0.12716028092156526,,,
1942351,0.5223084334324699,,,
1942361,0.822705753024975,0.048315369000806,0.04632608402254683,0.006770787071240956
1942364,0.1277755454895092,0.19944380694196112,0.1612065125928896,0.13119256054066053
1942401,1.3564701106143648,,,
1942548,0.6857463382719472,0.16407275521967632,0.19259078215805067,0.1682555484580185
1942844,1.0450713939888325,,,
1942932,0.9172980392713636,0.1918053788752389,0.36276590372045636,0.27793442302894167
1943228,0.01683138636012694,0.2150063783336016,0.08514441283184006,0.04216469291394478
1944579,0.17067965491463177,0.47862251259767585,0.19507999556576905,0.42619492374518936
1944780,0.8476818935461095,1.1842315218387238,0.5601062695391531,0.41479352048364637
1945037,0.5302828772297612,0.15487176006787434,0.06251197378689258,0.031194387979108666
1946136,0.0851227047472255,0.35638573787743977,0.0,0.0
1946654,1.199092027181711,0.5823955680147768,0.9578245530339536,1.0100661234769042
1948632,0.5083683784933517,0.08899666723712733,0.12737619651970133,0.09443573507429703
1950607,0.09063904424615706,1.132219045513203,0.4160804452496596,0.21793076078703943
1950962,0.04976007034552702,0.1918922098259864,0.10073944484517201,0.0681728227028874
1951586,0.26358574607336815,0.43457920174824427,0.4061365134585393,0.3278943675293748
1952781,0.3629878906358964,0.7164743067333197,0.3649363399137023,0.3731576334804527
1953154,0.41004780715300915,0.7895119118216031,0.8267255255577288,0.6783857651649806
1954551,0.3560035741102133,0.12773685171945542,0.3406997428242599,0.17566636140179875
1957148,0.07634796369974195,0.07281801448519258,0.03143446837750954,0.039803931340057455
1958250,0.2163154965753174,0.26851627947102774,0.02242781189921224,
1958397,0.04558817241154156,0.09681272560164828,0.060970794451000176,0.061519938126555075
1958491,0.02444444733635386,0.04837145244062971,0.00340088755192835,0.19162723091541883
1961150,0.18602433341552663,,,
1961632,0.26119701175926596,0.3648082253319477,0.1154028796274428,0.42566139554693155
1962933,0.17369699607840455,0.19418379626855742,0.19679121084695408,0.17884130841291274
1964532,0.5642327828792253,0.3747625294499824,0.23829424925594428,0.5159437873969855
1964809,1.0743276587856578,0.5898038614842527,0.09803524771601352,0.1416420208583597
1965479,0.735341669723128,0.23511702315199232,0.0,0.053761924179857624
1965773,0.13176484097830135,0.546080380530108,0.10760267192652098,0.33326952722280867
1965941,0.12690411246506075,0.1069071265282235,0.23304551119660746,0.18035094455234346
1966026,0.10266328700447172,0.1021505524148169,0.08590368977700567,0.12608946607504926
1967966,0.23221414180236524,0.14053368764712965,0.044010088775999795,0.16827365387149137
1971024,0.2080736697827953,0.18593760769341505,,
1972750,0.09361041379443351,0.031229371528484248,0.013274964662268504,0.005749666013053975
1977560,0.3852436213369745,0.24834047283007182,0.09690567543330557,0.08182905127972095
1977723,0.5835382927953288,0.5308021310645018,0.5609012212408038,0.6470394481157804
1978011,0.14604601998365824,0.4069314205076446,0.1259347973582378,0.08985560215234836
1978883,0.1153720069185387,0.07029417151959484,0.06667487965798902,0.12281717216955074
1979028,0.06262661591371077,0.19281194749031405,0.18114826625690392,0.08825434967866734
1983670,0.4554671675242991,0.252732749837513,0.14173673495091244,0.11231628235805269
1986812,0.0,0.07858852519844504,0.0,0.0
1990195,0.19140911891585768,0.18864092465973276,0.18654649685450284,0.0894624424614462
1990951,0.10732682200658736,0.07389818655920143,0.2979943142007837,0.027530580505658694
1992748,0.050192226213124365,0.1419049710656721,0.06313509220560415,0.17045476266119794
1993404,0.11943937994621392,0.30584293627887066,0.04945711869879227,0.36534114190640904
1993607,0.0513913336354058,0.020032081676706892,0.04256107756328152,0.006833953171636375
1994252,0.0554957530725461,0.11647947266083415,0.14513436692023707,0.08851755816006773
1994333,0.1804359204054771,0.09989217351197131,0.02422679561909654,0.05720473569721833
1994335,0.10006950473195667,0.0743858592660916,0.0659218039464487,0.1432628081408354
1994434,0.05944822337000213,0.1889774288218891,0.060232597829012254,0.1041186715930592
1995674,0.3365924585012761,0.30861108083050676,0.1709677358853113,0.02909985135412314
1999606,0.09458081710172966,0.13645475091224082,0.0941821360635125,0.14093846761791282
1999828,0.06794965055861278,0.06757779800699051,0.43009250884338396,0.07422100791585912
2000493,0.015196693932929725,0.014493852499981157,0.03439588361338523,0.059172848205095226
2002628,0.06234195104938486,0.11901737590023803,0.12065095656379939,0.1139812557694041
2002654,0.09132650860961862,0.3293363887309616,0.2618324626527723,0.18874560381523042
2004720,0.09328392264399446,0.1082316810611058,0.07045905182923241,0.09498368024165724
19481,,0.5699804463970278,0.3641738211628581,0.34611902130272443
200648,,0.11210441420504247,0.07892816663948071,0.04029929846256395
714142,,0.1158154480477873,0.11190973722068807,0.16460041426219094
820434,,1.1492142495991422,1.0093021404176548,1.0477758932536592
887602,,0.00044333955763702293,0.08741342181975001,0.07456928775472917
903514,,0.0,0.14139015778747838,0.2781010421900579
922437,,0.0,,
936936,,0.26451965978647,0.260189393994115,0.03565821927768643
1001011,,0.27588487402587836,0.3595794088945906,0.05708988280282546
1005354,,0.1916395552233839,0.4828700942991152,0.2230083607564124
1128122,,0.6189453484445472,0.5746228773787058,0.7090157292780687
1308331,,0.0014147371624563827,0.023260306659637877,0.009137251715544945
1319111,,1.6763244592057849,0.09000433210608492,0.20634723691735565
1334199,,0.12436700045636351,,
1407718,,0.006924294855559452,1.1554326893734064,0.0
1446179,,0.6946491730144931,0.3691712807349706,0.4849069083643059
1472190,,0.27728083168992984,0.16875454126955958,0.1734501345662794
1475483,,0.0,0.0,0.19901588089043742
1492162,,0.0689766200215941,0.07015691949612524,0.09276526733292428
1597298,,0.5497882357646736,0.5061286639572676,0.5777603393127824
1599390,,0.4116095962010278,0.6293512097891107,0.5466875830498731
1631562,,0.23817013644311164,0.23202090655903046,0.19075052775866128
1633624,,1.789558512725665,1.2727272727272727,1.7548059503220124
1637460,,0.5336548758473703,,
1655982,,0.053833671916784155,0.06184006909569862,0.6311447359178336
1661536,,0.05113119777461272,0.022601724398469386,0.29663931551837047
1693946,,0.0,0.0,1.014217618945915
1697539,,0.20900751982162774,0.15198424969455993,0.2332106163586907
1706604,,0.0,0.0,0.0
1722657,,0.0,,
1738654,,1.8798243338486715,1.847989045803587,0.8847913051299088
1796107,,0.0,0.5074062009674208,0.0
1802387,,0.24783485431785726,0.1489964018770405,0.29613590395682254
1802879,,0.11525006534315142,0.052167961348614254,1.875825468232086
1803994,,0.22042255099636968,0.2247585882965156,0.26147266800734376
1811345,,0.32159480255906536,0.749121157003459,0.136127070238428
1812093,,0.013573220502535958,0.025857137110619485,0.015471785707266348
1830175,,0.023378784339356057,0.4147286786023662,0.8473592392160854
1831683,,0.17543192457880982,0.07895427124004234,0.07603565263981041
1839255,,0.3536948606734428,0.3570501698517922,0.1525354291268824
1875995,,0.050809586511202626,0.019064053541113648,0.017793895739629435
1877521,,1.0086734734767853,0.914317191639729,1.1898715741874781
1878581,,1.9491240470206226,,
1887441,,0.10100223654774171,0.3834564319938081,0.26473460367070306
1894302,,0.11168115796273714,0.08112554265136657,0.0458995553834741
1897612,,0.21875186813311756,0.1571789666047262,0.17592900399940817
1908923,,0.013659329365944042,0.019985702853442176,0.00915826244903467
1911876,,1.7813000124338778,1.910717944262512,
1913464,,0.7222156823216185,0.6456313937220316,0.6466437268957806
1913482,,0.6335540657061502,0.03985987851747119,0.8405994782279036
1929008,,0.19353562913648137,0.2679532068429764,0.25284776474626874
1929986,,0.1311770122131182,0.8408530740610475,0.611175107903791
1940823,,0.18763353285469636,0.19635514536804632,0.20647860768584225
1944662,,1.5084473490199513,1.7413274947843647,0.6187611469246301
1945894,,0.049728805685227834,0.1595309243746694,0.013057765600309424
1947591,,0.5101489231994949,0.5604484570688699,0.5465362968429031
1947670,,0.48902470568850276,0.2943277736183581,0.5431589095345886
1949059,,0.06815589908055064,0.43555198223618247,0.10326351179258211
1949824,,1.5397669187196328,0.26211833769381304,0.03975581200993497
1950556,,0.27421685821562497,0.3121870725661806,0.09796360425799495
1951283,,0.23285894928360154,0.4923545654670569,0.1442143652538981
1952532,,0.44230810930197495,0.7350288173652446,0.2640569561970892
1953324,,0.007296059133676443,0.0,0.0
1953787,,0.05331049810748028,0.20067003730289615,0.11414069381117006
1954015,,0.19829942634222342,0.1516579547418242,0.1367005412497935
1954085,,0.34398185647818225,0.89245600646517,0.1930255986255982
1954093,,0.1458282904991182,0.09616174771502865,0.08154045365806327
1954126,,0.010824612105112423,0.879970304357969,0.04153368279700259
1954136,,1.8166102275312506,1.8284549682651894,0.4843946359043625
1961292,,0.24802528843878943,0.06801257409509444,0.12008589768881162
1963212,,0.16098208344547515,,
315189,,,0.11352493381359588,0.04994468869019886
702007,,,0.22766761006039613,0.32390486977107547
706129,,,0.13632903711778932,0.11605268914363734
719739,,,0.1436563936263303,0.08644955097190654
727117,,,0.04465150873866351,0.020567622744271704
872098,,,0.384459923779156,0.24354222180690613
919447,,,0.08727705385841264,0.06827768942382088
934549,,,0.5750023783573162,0.4920777876450592
935570,,,0.3430083069451833,0.372009634845114
1003518,,,0.29306395691386977,0.3707759879161223
1015877,,,0.08800138349317621,0.05264675981829228
1082339,,,0.09869629885881105,0.09396891256887567
1111797,,,0.3873683911087165,0.17623264792717605
1140753,,,0.05937459467360288,0.17387438067116623
1209767,,,0.30320998139165334,0.0
1260786,,,1.5104841857762596,0.3797783278907096
1279887,,,0.0,0.0
1291318,,,0.2092835019837287,0.18766223591651532
1317208,,,0.15112059609601164,0.06974288927038991
1318153,,,0.48317351582678386,0.29247817370193907
1353411,,,2.0,0.25483181683351946
1376772,,,0.896237107196194,0.5544998584349216
1401388,,,0.0,0.0
1406672,,,0.0,0.0
1420995,,,0.146559148618979,0.16304226793424625
1426876,,,1.3800280930129376,1.0985393506381296
1446440,,,1.9709080152858505,1.5850109658535565
1448430,,,0.04268088522723975,0.07806123175598227
1478032,,,1.6589091615458096,1.1581692872407472
1481986,,,1.4448033194583372,1.2408398531880636
1484159,,,0.012453926122643021,0.5499100416574543
1499091,,,0.05242786632784912,1.1058212388357664
1500595,,,0.03210007600766002,0.21903713864913466
1512804,,,0.8292682926829268,0.18867924528301888
1513227,,,0.16460701457045948,0.5819131748431772
1532943,,,0.24923924044169657,0.19313845251440445
1534300,,,1.5881191496705704,1.8059627846496906
1538882,,,0.7392170474966824,0.32524970692296334
1540306,,,0.8458956479615152,1.3338339277069304
1543065,,,1.0213045015046096,0.2542311639852075
1545692,,,0.08548047641413759,0.10130313458244433
1550093,,,0.02770824894602756,0.02386359595392345
1561383,,,0.036958498138437,0.04378177974758284
1561877,,,0.0,0.0
1566531,,,0.07241446928600881,0.13842951441196397
1570271,,,1.5793133956563044,1.563244789691671
1571355,,,0.0,0.0
1588959,,,0.8900635707109116,0.8599274991496711
1589122,,,0.6433325197742579,0.4015795782445045
1594591,,,0.11005132275900278,0.2697005412572878
1595686,,,0.023147813092644843,0.015814366039386313
1599404,,,0.0,0.08850438104219055
1614200,,,1.8155057237999903,1.2253870686368624
1616282,,,0.0,0.0
1616336,,,1.4885414476988381,1.2644953406357549
1616824,,,0.867831980216767,0.5219041953308672
1619779,,,0.09291965657904515,0.04726473394366149
1629996,,,0.31033819546054314,0.23235950494671928
1638580,,,0.8528251080328582,0.6691093686902477
1639943,,,0.5407307524593672,0.3250426643138125
1657676,,,0.3138225042181069,
1660773,,,1.043066287018727,0.0
1661245,,,0.6856985393637248,0.08420264052835033
1666905,,,1.736515472380243,1.1048191603673312
1668527,,,1.3273647573566103,1.176144875616629
1671176,,,0.9534080444267721,0.0
1671817,,,0.0804835962653995,0.18885525310342746
1672355,,,0.6744575500000416,0.812537948882853
1689933,,,0.41597140059528204,0.3456890972465381
1691813,,,0.21776213528453783,0.05325543171496307
1697333,,,0.09005322397354368,
1697452,,,1.6668782419566062,0.0
1697814,,,0.8346689506070677,0.6534244894765229
1698632,,,0.0,0.0
1699092,,,1.4926059844177946,1.7022726425045744
1705594,,,1.2629723215770163,0.8566579982548084
1714217,,,0.0,0.08683126866386713
1715783,,,0.14468634016768184,0.3352596189267818
1727454,,,0.11303068688894956,0.05160014424825993
1727492,,,0.17173699731103337,0.15278017447350725
1730546,,,0.17409848933616823,0.5400366560364043
1737348,,,0.08673609792810676,0.5637492797121856
1739953,,,0.33592256864804004,0.08425726614447224
1750852,,,0.02862193721441474,0.02541036447989094
1755535,,,1.204926173866664,1.5451530097708297
1766159,,,1.4746664240578837,1.4501716456381586
1767062,,,1.7315195266626993,0.3424422080739331
1767564,,,0.0,0.0
1767910,,,0.04856409172768907,0.08722049051000014
1768824,,,0.23202602403836983,0.2175052237837003
1772483,,,0.12048363491403759,0.030313361052588257
1777234,,,0.902880829037787,0.3738989285628559
1780423,,,0.05045036938398007,0.15133850220131506
1784093,,,0.8714336900700285,1.012261044202819
1792167,,,0.09404424389625614,0.1169728576163727
1794528,,,0.0,0.0
1800508,,,0.08664885066262479,0.03017234193580642
1801667,,,0.525382107668937,0.2668592671135844
1801982,,,0.12265529680312989,0.10462536827913632
1803121,,,0.31331936647376163,0.04345674182649998
1806027,,,0.12327751683092641,0.2984579924387174
1806570,,,1.1423391984162947,1.153243408349714
1811052,,,0.04044574310368755,0.19462081404416695
1818160,,,0.3672738279161194,0.8101719380627664
1819257,,,1.4351555538048595,0.3404243431566665
1821561,,,1.4311904408941896,1.3995714114038864
1825309,,,0.7298735198011598,0.8944790713356451
1828180,,,0.10750890619341093,0.26285594016299135
1838428,,,0.0,0.0
1842557,,,0.18885968039200757,0.026666971395133836
1845675,,,0.294010729399236,0.6151018820986788
1845793,,,0.07040294901957908,0.07166604172183204
1848433,,,0.6927589341600685,0.6324112825512307
1850755,,,1.5562395216142737,1.2756058146203266
1851168,,,0.03671222386478293,0.16817754229539017
1852307,,,0.13677821877910917,0.16099065197915932
1854024,,,0.22931672119830226,0.07953341167054806
1859505,,,0.05932886564487112,0.0649199572909686
1863154,,,0.07195053169960039,0.24521917350150962
1870364,,,0.5322778074665009,0.265626655856256
1878063,,,1.9482479363672496,1.7668355810345882
1879167,,,0.6369966909403916,1.1243797576724923
1879345,,,0.022797111581629056,0.07935899488636619
1879713,,,0.7747332767310342,0.5171548779304966
1881335,,,0.03665013104399346,0.023973090109730276
1882053,,,0.8368580989764286,0.18319025814286496
1882673,,,0.038846747453547124,0.11577788962489496
1882903,,,0.5470386521201507,0.13687804823291158
1883367,,,0.006096388826275619,0.0
1887502,,,0.031017241012615854,0.11080399338440768
1889918,,,0.01417117562694281,0.02095427466953897
1890538,,,0.20706910135516826,0.06881810122734303
1891801,,,0.272261369180607,0.1179707910929586
1891834,,,0.9840870577241126,1.433581231202377
1893261,,,0.24143210679360344,0.29362002387502134
1893767,,,0.3471697528172929,0.4037044587765436
1896071,,,0.5900530577831653,1.200878990071375
1896430,,,1.3214773440587437,1.195858338594503
1897652,,,1.777937891962099,1.197720009468855
1897700,,,0.08661366690625846,0.05294042368621793
1899158,,,0.2294635108071006,0.20536242312425512
1900923,,,1.1330020990150749,1.21533282099931
1903898,,,0.78192118417079,0.9170145076726572
1904574,,,0.0006235919164101985,0.06518768797647148
1904893,,,1.5184725286733962,0.8108628730320031
1908450,,,0.06099854235373787,0.312355635005841
1908623,,,0.46654018897411387,0.454475681692523
1908732,,,0.052877425766964754,0.04446924705546891
1909307,,,0.06314747055900617,0.047256659369161416
1910488,,,0.11778690401463361,0.06954909920935001
1911190,,,1.3967322089179057,
1911448,,,0.725994132936241,0.48229874982396986
1911838,,,0.0012407211771561877,0.0
1912297,,,0.30425553910790765,0.05997865079985865
1913905,,,1.2591866301072425,
1914395,,,0.534201038579532,0.04694792832645201
1914558,,,0.35665312498462587,0.1816056208669954
1914617,,,1.9953798185659646,2.0
1915836,,,0.7324402915253851,0.9303338332073918
1916066,,,0.22977756927525012,0.05522586327706435
1916908,,,1.6141750466932558,1.6719108467722554
1918181,,,0.24164960666143256,0.0
1919283,,,0.0,0.0
1919344,,,0.7243103449976299,0.35155146140727955
1919867,,,1.7232881304691354,1.595490099393294
1920938,,,0.5442821498157683,0.5503016621653403
1922235,,,0.8473940884391565,0.512864655685914
1922318,,,0.13462513184280098,1.3922454871073844
1922448,,,0.03654609505575374,0.09383022911220525
1922879,,,1.2557906363144962,1.4201168878767298
1923739,,,0.17957169874434173,0.1728778956909189
1924615,,,0.027117079557796332,0.34499298138168
1926253,,,1.0226310625332948,0.8814311489697776
1927537,,,0.20005085491479413,0.18771630867584005
1927623,,,0.1204168452272189,0.14019514528568283
1927705,,,0.17480229636081393,0.2619310656036357
1927769,,,0.05717212073592338,0.011986963416982768
1928502,,,1.4553612271020584,1.2805243454350217
1929389,,,0.3587220698878062,0.2152214885686507
1930483,,,0.0,0.0
1931232,,,0.39592678682006793,0.16763313656568082
1931870,,,0.15571900778207795,0.15694868977252222
1932645,,,0.2993789132204393,5.4919287153965144e-05
1932952,,,0.363445682908294,0.11790602318990945
1933132,,,1.3744843856251792,1.2393347601904219
1934556,,,1.7577968060162978,
1934657,,,0.09062638159975023,0.22743579487860557
1934957,,,0.48178591222686173,0.07304873444209536
1936191,,,0.1672597389756097,
1936380,,,0.02701735110778281,0.0561262450179884
1936416,,,0.21914071626620807,0.37379382585037363
1936845,,,0.09328068808268991,0.1202891008355539
1936953,,,0.13068598093752495,0.10220240292828188
1937964,,,0.4147904086202363,0.4656117303046471
1938514,,,0.09448527549803344,0.12351577377032195
1938970,,,0.37514284036402124,0.16730107858434679
1939208,,,0.09970590623759262,0.06613128132682204
1939831,,,0.133533911596944,0.09682363505804058
1939970,,,0.4795907856854989,0.18956852968927185
1940678,,,0.08343390692293175,0.07958150345630811
1941346,,,0.2732516863941525,0.17054279934613184
1942341,,,0.2514413431999945,0.4054028695978302
1942379,,,0.6927589341600685,
1943395,,,0.5100975716108797,0.5339602928673768
1943819,,,0.5460747100084034,0.22737705210637293
1944889,,,1.2513147604624304,0.8473103655006788
1945789,,,0.7706741141917947,0.4956664331181289
1946205,,,0.04688878699017855,0.42399255933985186
1946237,,,0.07797149433656723,
1946733,,,0.008479887465831386,0.018669134966271338
1946901,,,0.0,0.0
1948391,,,0.29084690122700085,0.1582079530508845
1948780,,,0.41700020863205933,0.13395734009643237
1948899,,,0.8075486298402199,0.4243367880474129
1949771,,,1.4348839256907986,1.4549191630106986
1950054,,,0.007463488819648589,0.004870742831062837
1950118,,,0.24955896425592403,0.08549151495339737
1950158,,,1.1065397594751782,1.0725545955253868
1950841,,,0.09219650286312965,0.10986091135233404
1950947,,,0.40222316771432376,0.2965645227347736
1950972,,,0.030754632870852453,0.05291884245546641
1951167,,,0.08418462423836129,0.018711960810914408
1951368,,,0.26214154637080866,0.06714296274805837
1954044,,,0.02556162377663476,0.017756160674931656
1954242,,,0.3231614930834697,0.07299321109467198
1954480,,,0.25615366189275385,0.11684108136626888
1954782,,,0.3323176395649549,0.25033232758108387
1954805,,,0.16598483916304121,0.353281057258863
1954961,,,0.0,0.0
1956031,,,0.14493311383810564,0.1733362112341387
1956471,,,0.15666820518886054,0.15186265443264677
1956498,,,0.16227226305501688,0.5170947996269855
1956564,,,1.5428701772246196,0.9593723432714734
1956790,,,0.10436906101824454,0.09630207892462518
1956824,,,0.306842710963065,0.5517363319088966
1957124,,,0.12267015874374251,0.14910761899065048
1957259,,,0.06826270498097123,0.01989584257536827
1957363,,,0.2381849049802811,0.16110089014207554
1957370,,,0.550996091805814,0.1734026778306678
1957394,,,0.27528125056160824,0.29869252562812243
1957726,,,0.022088753198747653,0.04890634154898047
1957840,,,0.032411808033967995,0.029641592383051155
1957867,,,0.8790287551110801,0.5465205069605806
1957886,,,1.1077179991190202,0.39831767413877767
1958029,,,0.3600710007904689,0.32816466518042103
1958384,,,0.7107724712535978,0.3369414400654326
1958984,,,0.19089526571248802,0.22491418335822463
1959415,,,0.09772497907181656,0.06893329759949317
1959730,,,0.8875403582674997,0.7030329525946537
1959790,,,0.3295949995702356,0.3906591236560598
1959989,,,0.2123220443965048,1.1120335396419994
1960144,,,0.8407094129690376,0.7810172666723683
1960212,,,0.044431758896051984,0.01015098215044409
1960657,,,0.08067440600127677,0.09058528878075324
1960749,,,0.3170764177466817,0.32315027126485896
1961210,,,0.07377661198265877,0.04852926127623658
1961278,,,0.388388060885072,0.34085657526248253
1961290,,,0.12883962210786354,0.032685126680938856
1961304,,,0.029567997640936365,0.07475398996837349
1961320,,,1.0234107795205865,0.9613743996807574
1961491,,,0.050551840371112294,0.028114841204484792
1961635,,,0.13630661340967937,0.1298827587791312
1961742,,,0.07600823143489,0.052135984446950716
1961850,,,0.9230923125212909,0.08237989985709858
1961893,,,0.3424430227471037,0.2594988043324023
1961898,,,0.4809189881451681,0.3814962774552189
1961944,,,0.04677257942351486,0.1145148394484804
1962005,,,0.12740097183408766,0.08453496105291679
1962086,,,0.04842779241351892,0.046981091265957904
1962166,,,0.030879872581591545,0.027428674287510772
1962382,,,0.0014734766531277967,0.02924452254365864
1962450,,,0.48087439769109647,0.6767428873822524
1962457,,,0.25058455670109453,0.09851159199575077
1962465,,,0.07168765420854789,0.07007837365635892
1962532,,,0.18042947528645414,0.12685419449153723
1962552,,,0.9175479940420755,0.6607079671468974
1962615,,,0.10441932485954857,0.07379836424665451
1962628,,,0.3796602986123265,0.15275286718826137
1962636,,,0.6615269386443614,0.13102432310488876
1962685,,,0.1445753355698822,0.09986026285487852
1962695,,,0.12699693160344255,0.18092317685473142
1962713,,,0.2613642301917693,0.1314806793823634
1962755,,,0.9167034157352572,0.11234857565706559
1962838,,,0.12431079529493011,0.14228931654720664
1963030,,,0.2474984608953386,0.04361148220574878
1963040,,,0.12109581705478037,0.0697401775569426
1963062,,,0.9738479367315007,0.9089295108134445
1963169,,,0.11518898513347249,0.19178510779698732
1963319,,,0.04489686203699841,0.045494553963004405
1963347,,,0.11577653638224121,0.0913753104247667
1963352,,,0.06480356703258025,0.03292011525957043
1963404,,,0.44655054237122255,0.06131649499821348
1963421,,,0.027853022970305685,0.04211338805133535
1963452,,,0.0372783000548519,0.016955578029456783
1963478,,,1.6436670057217106,1.6609261219585787
1963514,,,0.38184656777194254,0.6168322203756542
1963536,,,0.6167277952718223,0.9336066041068467
1963565,,,0.22728246147828413,1.3290614638132114
1963612,,,0.2917546247594116,0.023076969501331097
1963704,,,0.1385463134745198,
1963728,,,0.11861496518605533,0.1868822591154533
1963732,,,0.2617007180775664,1.1893917117941746
1963787,,,0.15289758663624545,0.27133738727898443
1963794,,,1.5274606991958155,1.5169734100849062
1963807,,,0.31086428232693347,0.12144781426471621
1963839,,,0.08901700561454791,0.09858679711351626
1963860,,,0.7654539662716838,0.8119877913935802
1963863,,,0.7267091082464956,0.12897348735128622
1963865,,,0.04109333102627041,1.195108768128546
1963875,,,0.07896747067742481,0.07319384879258509
1963967,,,0.050597898343706836,0.03609937529286973
1964068,,,0.21107152219110126,0.2239727754770036
1964106,,,0.35289084390137565,0.12027287060373444
1964116,,,0.5930622703695966,0.22299076774795912
1964171,,,0.5700298031641823,0.3894907890428568
1964189,,,0.005463084525288577,0.008021740480970572
1964203,,,0.23965442083208538,0.13754704317827574
1964226,,,0.16480720524051728,1.415947640380502
1964236,,,1.1513959374003935,0.9263309251660158
1964290,,,0.030461546216868744,0.3097928959492526
1964298,,,0.2155136718609197,0.13161847586675463
1964309,,,0.23678081287462338,0.17127631914065258
1964312,,,0.0,0.0
1964344,,,0.3057620945656748,0.03480410911127435
1964358,,,0.33668280169856096,0.11017047953513193
1964382,,,0.088343573817085,0.18391110895827084
1964389,,,0.11072031210636649,0.09087250163947048
1964400,,,0.3336408795250555,0.3109346674288758
1964437,,,0.4531330856186152,0.4478462744159854
1964530,,,0.42455228840872383,0.24400383905189613
1964535,,,0.1059667163660123,0.09518193052939035
1964538,,,0.24743242715667785,0.606467039145612
1964541,,,0.3142282863761186,0.26696388078801486
1964544,,,0.08145214896476441,0.10373904272707275
1964563,,,0.043195966082888074,0.09208349464644905
1964631,,,1.1170658438950607,0.5657493139237558
1964652,,,0.030564474504033507,0.06198825451539316
1964722,,,0.6039357808840966,0.8105439310179903
1964758,,,0.3537287897750788,0.6895627495190736
1964760,,,0.022121481508291456,0.1095977991918288
1964775,,,0.09652935511922549,0.11331049297337448
1964810,,,0.15245304505769594,0.4120770757706487
1964819,,,0.2110065693989366,0.09494788714409123
1964820,,,0.02499571266369471,0.8335916611957332
1964829,,,1.1445390643892994,0.06581006043465645
1964831,,,0.568695217945237,0.509502903509642
1964835,,,0.07383816137463758,0.05734296955488231
1964849,,,0.02544708435330702,0.03673753499887697
1964876,,,0.0,0.0
1964897,,,0.08221957160980589,0.11261700833475105
1964955,,,0.28843890933548333,0.11061967403547485
1964958,,,0.19361347437827603,0.4617885924794287
1964962,,,0.13110942698955402,0.11531160164643932
1965078,,,0.9182892904667123,0.10330090218858444
1965104,,,0.3149186225485504,0.3359319251425206
1965125,,,0.0,0.0
1965150,,,0.01308246715957286,0.04611038372234776
1965176,,,0.13373955672760104,0.11644777164204383
1965191,,,0.7766738380880304,0.5971197914218792
1965201,,,0.3253466004443499,0.6924373594385337
1965207,,,1.6130902156471083,1.5307976266444596
1965208,,,0.0011649439593373059,0.21154205552952404
1965239,,,0.5436456294775666,0.6032695553275645
1965241,,,0.27146008233359104,0.031314412692236004
1965246,,,0.12369065579039587,0.1773236992073064
1965267,,,0.018150827133525886,0.06154269818900353
1965270,,,0.08611000327427201,0.05975141427073922
1965271,,,0.06198725868944918,0.117448870155294
1965275,,,0.035393194069150764,0.07972987461652484
1965292,,,0.5673985336090868,0.16448892758481912
1965304,,,0.4527162719184732,0.0965518232830779
1965307,,,0.1719530802536505,0.8495729320451337
1965328,,,0.0,0.7438623002936894
1965329,,,0.054498970588514196,0.0595385734995802
1965334,,,0.42702993010296314,0.12903398192592297
1965346,,,0.07794950432155853,0.07075539056095458
1965351,,,0.27699458860806997,0.3016004127279286
1965362,,,0.16363631427815653,0.3584660818774472
1965377,,,1.403944534503721,1.394174648596595
1965393,,,0.05471506885148439,0.07258388777002225
1965401,,,0.14079586083856796,0.095498830605533
1965468,,,0.2983042456830303,0.39700862493451783
1965482,,,0.07257510318360681,0.07534414941260735
1965484,,,0.3697620146284782,0.08212154919573109
1965522,,,0.427140420445644,0.11818222237634302
1965552,,,0.501630811971542,0.23879112472813047
1965579,,,0.12180099392815093,0.08000380775026229
1965613,,,0.44058476639153876,0.6673001591342442
1965616,,,0.07896037933398807,0.04462729334189828
1965645,,,0.7964277461962858,0.7467015232139391
1965649,,,0.4518200691594115,0.16793661483237682
1965653,,,0.05574314929121362,0.11313451484797349
1965659,,,0.4008092859104063,0.08569447551163976
1965668,,,0.09864565679154444,0.12985840840864601
1965694,,,0.25656651310881223,0.15433522493171414
1965702,,,0.11104772954407614,0.3325784640881346
1965704,,,0.0,0.0
1965710,,,0.35982906208972043,0.5969969285190069
1965718,,,0.053572148767668665,1.2079919263898629
1965756,,,0.6816054002392798,0.1557225458126699
1965757,,,0.3702653219563571,0.21454226561739845
1965760,,,0.045191175988632426,0.036098282525092756
1965772,,,0.10710075837693128,0.04678859863998989
1965776,,,0.3305472502573346,0.10842532978248204
1965798,,,0.07801497248982829,0.8076511610868428
1965810,,,0.1669886245377398,0.11438244079831203
1965814,,,0.19042699584014078,0.1265486241128401
1965819,,,1.2857895665788803,1.3129440623880995
1965871,,,0.0,0.0
1965896,,,0.22357292485832986,0.26352760725752994
1965909,,,0.07745930604166411,0.0900199950211332
1965915,,,0.028238374190125214,0.02414033008665531
1965962,,,0.697000085356425,
1966007,,,0.026283379785110205,0.2745869314085255
1966011,,,0.07577603972023653,0.047543245485689
1966033,,,0.2168461218237616,0.26557277041467064
1966036,,,0.42252036885683975,0.2775866309347616
1966037,,,0.13098086421147173,0.3222686341187661
1966040,,,0.1442035866997725,0.10122093021739624
1966066,,,0.03315788538826486,0.03280811485382177
1966087,,,0.08220043232524038,0.15281249973994113
1966116,,,0.32556096599876494,0.07175288710729254
1966171,,,1.3182309659077966,0.62290347833879
1966180,,,0.12852783144896113,0.060072618073247736
1966193,,,0.2661574383451668,0.21401421840739604
1966210,,,0.07355911823227304,0.16909535676296933
1966219,,,0.18385832094109975,0.31754463018799395
1966351,,,0.11535729793610262,0.033673080952669666
1966355,,,0.051251957758056424,0.05637442868711396
1966400,,,0.062323119541657424,0.05317461990849182
1966438,,,0.3191676124911782,0.23382034758324596
1966482,,,0.4830904383423531,0.6791493331761196
1966581,,,0.11830395210949178,0.03315847438822193
1966898,,,0.9975656322480737,0.5025741238312121
1967018,,,0.22089581293012087,0.26011047306730095
1967205,,,0.1658080869792005,0.14724421488551015
1967227,,,0.05503927293299193,0.06364516126689099
1967261,,,0.08582829761915362,0.03883562781156644
1967456,,,0.07310129093483106,0.13040690575925776
1967640,,,0.17045872766189119,0.019527561200267364
1967706,,,0.4639189459126348,1.5712902602960237
1967844,,,0.08333258940406418,0.044149221590185715
1968507,,,0.1614860489470711,0.10035858204862833
1968890,,,0.16999058768753736,0.0613829138722299
1970075,,,0.17734498807791368,0.2666221311590992
1970731,,,0.5394415559268759,0.2953069436603841
1971029,,,0.10721492206005714,0.11370756913822784
1971111,,,0.14595291071534966,0.0754048541206795
1971427,,,0.9609072677685386,1.1293686601457795
1971456,,,0.0306236468228103,0.04558790302723438
1971715,,,0.03338991987239086,0.042564935307710675
1972138,,,0.346170785627784,0.11175911892946386
1972322,,,0.2967362283582541,0.34770811991644723
1972517,,,0.08096864791062294,0.174821498083743
1972836,,,0.055138454379880526,0.12054671696204497
1973130,,,0.35120639781982094,0.29658589374700156
1973209,,,0.21339012735665466,0.1742901528312418
1973339,,,0.13126757474010323,0.12490232776598645
1973849,,,0.2387806224173805,0.11911773716280473
1974403,,,0.16394879050637387,0.1542844016181659
1976435,,,0.07829198336335327,0.04744728036757127
1978005,,,0.08334895765304132,0.06267185062800475
1978521,,,0.23418578499756418,0.1900758666858334
1983616,,,0.23355732875231303,0.16876192696588865
1986156,,,0.06830638023883126,0.06275945954787752
1986457,,,0.1737161891163565,0.10724343654886932
1988547,,,0.5167663801322947,0.2501872829039356
1989031,,,0.1030638504535543,0.05258912947081902
1989672,,,0.11910762676596301,0.24185298478314024
1989988,,,0.2947870108727238,0.05664755804808998
1990690,,,0.06582764257125771,0.027147704648090003
1991301,,,0.0012717183515825311,0.6862994972801507
1991334,,,0.4474738183621406,0.25515709645229206
1991463,,,0.5803950963238345,0.4126883835202578
1991983,,,0.09723438716494073,0.036277372401764846
1992825,,,0.4211164915197563,0.35204534327433756
1993325,,,0.21981907188092134,0.04602816411664302
1997453,,,0.5538597592168658,1.5230774718228235
1997586,,,0.09400772901032604,0.07328157464451077
1998101,,,0.07007821271935356,0.02976751866200671
1998182,,,0.42625066504328946,
1999346,,,0.202316639685688,0.12101655522592306
2001766,,,0.6943559036651183,0.6049459438336591
1074266,,,,0.04464092631822642
1129770,,,,0.7661791930696754
1146089,,,,0.278878333933543
1289994,,,,0.0016382257451599336
1328551,,,,0.00538487028409852
1406718,,,,2.0
1511989,,,,2.0
1590214,,,,0.3092643128624998
1633971,,,,0.0
1647273,,,,0.22534928217171218
1653169,,,,1.6662001474640924
1697228,,,,0.7465756937051558
1718732,,,,0.1348676212956806
1722053,,,,1.3353371145638573
1730942,,,,0.36441757054218915
1758811,,,,1.5939765607426732
1767500,,,,0.03243495807702021
1767945,,,,0.049250089447881513
1780948,,,,0.0
1792635,,,,1.6840091266363195
1798150,,,,0.0636467109340372
1809159,,,,0.4145748203871721
1813203,,,,1.3822504573439252
1815183,,,,0.4152921274332852
1835252,,,,0.06524222680675129
1842246,,,,0.2996919045553832
1845003,,,,0.7874050722132172
1847935,,,,0.537109665301687
1860063,,,,0.40561482158801393
1870686,,,,0.20002029584229417
1887409,,,,0.18679880097166543
1899030,,,,0.8872855157803636
1899703,,,,0.10879530428328932
1908219,,,,0.4932844027887841
1909739,,,,0.6053268765133172
1912970,,,,0.43057589572784094
1913043,,,,0.14905722822071757
1940461,,,,1.442200456619768
1943239,,,,0.3602073690542252
1944437,,,,0.08086579277207728
1949877,,,,0.6294544989661637
1965092,,,,0.08812147990409751
1966595,,,,0.3783348468828971
1967054,,,,0.28450999616942985
1967193,,,,0.3098440359002899
1967335,,,,0.4796952858658824
1967732,,,,0.07737390783558036
1968109,,,,0.31745740632767727
1968777,,,,0.0669415662757529
1971230,,,,0.05471309720426994
1971875,,,,0.15075439055540718
1972653,,,,0.2092567377752219
1972835,,,,0.1722293002807361
1973224,,,,0.1659887868154897
1973259,,,,0.23675405984989906
1973323,,,,0.48279576993773415
1973783,,,,0.15282007461892033
1973967,,,,0.09242207133616603
1973981,,,,0.03633269164254117
1974277,,,,0.08441186328392106
1974834,,,,0.7695593841000622
1975417,,,,0.4234456930054784
1975550,,,,0.32579089513507237
1975710,,,,0.04039531182880659
1975730,,,,0.028284679181134382
1976010,,,,0.09078075044581002
1976065,,,,0.03272271582072327
1976256,,,,0.09004314720528821
1977044,,,,0.17962555230349003
1977092,,,,0.5355368093523662
1977128,,,,0.5294815865930346
1977181,,,,0.23471151278167296
1977290,,,,0.30445906688072116
1977402,,,,0.0
1977500,,,,0.2973408645975355
1977602,,,,1.9839323209146906
1977759,,,,0.34581575428980077
1977992,,,,0.20162562253049396
1978879,,,,0.3574502910504429
1978885,,,,0.04822010912580102
1978905,,,,0.021255088443152832
1979372,,,,0.7958720318830322
1979460,,,,1.1082121329204577
1979556,,,,0.03945162653344701
1979884,,,,0.6016128990746649
1984125,,,,0.07879672166547902
1987047,,,,0.0
