CIK,2015-12-31,2016-03-31,2016-06-30,2016-09-30
2230,0.23416768967907273,0.1704604909912139,0.1389191015630562,0.0
3520,0.3923203622980317,0.43357288311343445,0.327039868465673,0.25964493483685697
5272,0.44129708987209426,0.6287632762827282,0.6018244801073513,0.3521782488581986
7195,0.12547553708504583,0.0436052226842104,0.05348217918839656,0.04606859448558626
7789,0.08680696263717869,0.06936857928142046,0.06417811240897432,0.05802403147784033
8565,0.2589699885711922,0.2667661151278637,0.1873598280844985,0.23092397734806572
9015,0.36032863726144326,0.8675004879010519,0.838880490462721,0.43428955829459737
9631,0.5224875356459592,0.5195956190308018,0.2797999235984324,0.3025291338864193
9634,0.1517714351667211,0.13870705692186666,0.11771060792314976,0.16650688354236795
10742,0.1845374817515477,0.0930008362933159,0.06747656095069275,0.0795675939379672
11544,0.47076157855709,0.8077008781637899,0.39223487073757585,0.27699400450934836
14661,0.20407798526968884,0.11977367756525395,0.08107448497699617,0.07509611708035473
16972,0.2741386151640239,0.35677197310584324,0.18684852185666517,0.17511811598693205
18349,0.10990877428654547,0.13669854548392615,0.05317836039592603,0.12423453758700434
18748,0.089503244952131,0.1592378221345709,0.037366582258186336,0.08088890421424934
19475,0.3335713760904421,0.3834085000796155,0.25271429745464574,0.34578220767813217
19481,1.734908359713345,1.655249702106738,1.95917997980827,1.980296079228321
19617,0.1970881395620763,0.2116640140052264,0.16155487528118487,0.18580784161882904
20171,0.4219884489447275,,,
20286,0.03674293376037298,0.06146967830235368,0.0351944006413073,0.04073583738984938
21175,0.1927526294789601,0.20634833714789694,0.19397363312437702,0.12496637027594701
22657,0.14777314279041004,0.09275020337772188,0.08340507168853835,0.05893115188080945
24386,0.1778269293101569,0.15376193141779373,0.15067677937663543,0.15228544558575624
29915,0.3298701277799547,0.12828718957801086,0.1508989539399878,0.09932877798667489
35442,0.14045720232054146,0.23291289712392219,0.06780290297241327,0.06426355445685017
35527,0.12068109470371885,0.09337984521914464,0.10224403613554679,0.09668489523372249
36066,0.21282682005399298,0.3438345193917963,0.16491046550886887,0.2787153092540444
36104,0.1051754920382116,0.07245477456588928,0.06049730065217428,0.05873484952887675
36270,0.12772721094863143,0.1188277788376206,0.0960132383377585,0.11114206080744693
36644,0.14653587462471543,0.19264739577572387,0.12931606516710528,0.12985279176195402
38777,0.18356352539589785,0.1661313335344498,0.1466924593206911,0.18017767695538275
39263,0.16854761706461768,0.10807421437079352,0.11437686193254128,0.09860932780980668
40417,0.12544192398119688,0.16561015544279786,0.08782827237006487,0.1824729038678807
40545,0.8558989282337721,0.20485123403654087,0.18999878477102877,1.974457044642687
40729,0.4871732100351025,0.5954310185043057,0.5569091433488624,0.40908955924996376
44365,0.09536488636417764,0.1312479736137262,0.0934359873427763,0.09745100627597514
45319,0.026288489984196275,0.009636095001130572,0.03041478674246394,0.03312947390233043
47288,0.24041288109837025,0.2569431562351213,0.25616940024992213,0.13250819832321545
49205,0.10962217747593876,0.26530353332312023,0.38457008231398426,0.3369960100431577
50672,0.3926671874034833,0.41000010475347476,0.5442662988786374,0.47946384677399606
51762,0.7572225367708739,0.24201711913529506,0.09131500507360883,0.09193721909490778
51812,0.19278820381403147,0.21875062979110615,0.09406586758788049,0.1750552359421146
51964,0.16022705146439326,0.14103911783797538,0.22104929452007988,0.25292880169613496
53417,0.2593687796437227,0.16383152063580778,0.2014368577872416,0.1868019027841323
59558,0.1154042077156143,0.10933432220214868,0.17286102904829118,0.07850101921165242
59951,0.2720781604535966,0.10320594894226236,0.21186546296245268,0.1959579565177639
60086,0.02053268256393107,0.02263458726042317,0.016879309234766122,0.016535896904459023
61227,0.33761015596705485,0.17393046270096443,0.31340161422519275,0.2825584444871853
62039,0.37267055813381256,0.2553110830495041,0.17937437817022753,0.22573185262886591
65957,0.42308427126096365,0.2765146848455214,0.29483954359002007,0.22839000554281216
67088,0.0,0.0,0.0,0.0
67698,0.25147727744253767,0.27115867025748097,0.2691979503922203,0.34253458629901035
70858,0.1491417086166588,0.16218921193833188,0.12961190919046514,0.11363251609542299
71210,0.14861799373842113,0.0788280630900686,0.058597544185783806,0.05495418298576952
71259,0.2684674964992989,0.3070445556651375,0.3244711701591822,0.2854835333540481
72971,0.15799822947240566,0.1568053436539759,0.13151188055863292,0.14578656486238498
73124,0.11223720522874578,0.04304522575127628,0.05100114380753262,0.03931826670292212
74260,0.15169901998098084,0.24661669734046995,0.06700830166221787,0.2537337694877758
77132,0.14062441075701468,0.05682125516144896,0.3246130715588752,0.2566390618353943
80255,0.19553637683056715,0.17820264403748826,0.15033756948084506,0.17090101605583885
84616,0.1954908812599498,0.21011819451326152,0.0993229222844532,0.11626123672582094
86312,0.13829207349164996,0.04182012870864649,0.006649069106937227,0.023120779905498073
89014,0.2738414044841415,0.04786684322777366,0.034591158898184676,0.0910995697138155
92230,0.15275861191914092,0.1256601124683654,0.3080930946909866,0.0744971843331131
93751,0.335962769397837,0.04586695352805205,0.046492876830222095,0.06112654687141809
96223,0.0,0.09092599239395346,0.24891019973567544,0.41405792486616116
98561,0.49151262401849716,0.7781175486268819,0.022819780039458688,0.003663396328916417
98758,0.1369886486826115,0.3787893998330159,0.4552057150621579,0.46664090662102814
101199,0.008477273858884232,0.006028014509450444,0.004223486775755282,0.01057058678296464
102212,0.12271824719967178,0.21173765676842832,0.03102557711752148,0.06452774398077282
102909,0.07844203025158358,0.06270824003016967,0.04909964458910661,0.04767709741558316
105495,0.08605385147922161,0.058913752157472486,0.04286831488110153,0.20447809645831846
105692,0.38165112847077914,1.7770581007112807,,
108572,0.38015956891548286,0.4367572830904412,0.28483582184481643,0.2760597030583472
200217,0.27731594325282743,0.0933942279101927,0.13519322627303923,0.1401955926837757
200724,0.2333192510991518,0.22381083989205558,0.20851510981450677,0.07270857095770548
201772,0.3840030463836293,0.34486387970976007,0.40050193304593945,0.46723891469838086
216851,0.15390504996754892,0.08096313001877149,0.10572881867351458,0.0
225816,0.02468337868608153,1.7486732039520818,1.7304253122200017,0.7631672303166679
276101,0.17149004711124874,0.05091400461315328,0.17667286896730983,0.09662541761929341
310051,0.12037592663427556,0.15586044586404094,0.1224018409693835,0.1242343272031387
312069,0.5548226880747943,0.4343053577201523,0.4421248631252532,0.4660637579705494
312348,0.2216023106047041,0.14699208700733218,0.11887380835875674,0.13572769519007294
312955,0.1979540766410378,0.23154210873744283,0.16725732766828794,0.32042104828231144
313028,0.08534630816430136,0.14381598421045094,0.13675325851864478,0.2028738088327605
313807,0.22926817471953012,0.23597987794309308,0.22791309579755142,0.2023491073200189
314169,0.4474094828125942,0.3088549844829569,0.23005316978322388,0.3657760991903766
314949,0.29859056401958683,0.30779927820437986,0.2353335498830649,0.2652090683763676
314957,0.053087998756610535,,,
314965,0.20850037190381565,0.1730870021006391,0.14081317191224618,0.11804840504949375
314969,0.06519497754250819,0.03115970357973562,0.029929326533905593,0.059961017581273084
314984,0.33280284978520347,0.2636446345037763,0.19523798723262334,0.22275374011274476
315014,0.3043234091769113,0.24371850389117447,0.18913310558273416,0.12897201763073665
315032,0.06983920646193596,0.001755786762836664,0.008295324586432248,0.0013199132787326986
315038,0.35880924000396064,0.06185702649790942,0.08074812381072805,0.6236042604667482
315054,0.15626502508365359,0.13256130356689486,0.227009575613125,0.20070341327286795
315066,0.2141893518958792,0.16387764130684007,0.13722123058817645,0.1410035961717437
315080,0.21439301057001675,0.44565496831519585,0.10399219292148343,0.2286956800998497
315157,0.001459661749285027,0.0001629921943855779,0.000952405864492448,0.003516976635950323
315189,0.3082340560299502,0.442906725970357,0.26600191950991003,0.20981078585546362
315297,0.26718795424761443,0.1636260797983133,0.09645170856689131,0.11377036818487382
315498,0.10333553911884359,0.15721185331586549,0.13897104494487825,0.04701776282210466
316011,0.011740392339342685,0.0,0.009468930216137409,0.006972185511728784
318989,0.3207209273860173,0.25040384197515947,0.2357368221758534,0.22655839599759395
319902,0.3932136023144593,0.5911698489344008,,
320376,0.027269138078973604,0.0692980606906015,0.1545809304768613,0.17218704362789852
350894,0.5027083824773695,0.21031734513216915,0.212009474410441,0.24971522285905237
351173,0.28743711975106606,0.2049125662586793,0.208355427482551,0.22492961603805167
351262,0.9982814099681604,0.9113660853470867,1.0857792729434401,0.4490483490555097
354204,0.09983650137280438,0.08612712624210181,0.08294842757207606,0.0783205746826141
356264,0.16622521733211065,0.06488235380701526,0.11859229740385827,0.09537730748607653
357301,0.05591201298797102,0.049131800641744584,0.021798631172194258,0.17274850611466286
700529,0.3886408730117111,0.5273800689374384,0.3839069696563028,0.365719731658611
701059,0.12196105677167632,0.30115663799506937,0.05690029834156552,0.4816435723087218
701853,0.0800580124158952,0.12416694374502173,0.03807801380448315,0.04966335082138207
704051,0.09367296631059983,0.0,0.03162504608373623,2.0
707179,0.1468256717765696,0.19390931658709443,0.1578308785780014,0.14542884345450197
710127,0.12392539950936635,0.07597040399005257,1.6872516313258923,1.6890949417639038
711089,0.04418608971894322,0.04649011068184111,0.03999919886141913,0.05650039529238327
712011,0.087734515716212,0.34678514719941567,0.033491006061474524,0.024125067343280165
712050,0.13728998870053497,0.11103218479561287,0.7116165227327843,0.12739971563273705
712534,0.06598405199251908,0.12237715479096826,0.08237165461687233,0.09760228551401597
712537,0.12737171581578036,0.33362660892201856,0.16490453194045782,0.1258596712882177
713676,0.09038921006691818,0.08235943292959454,0.07228244739286178,0.06723805575708806
714142,0.19749987064735122,0.16685162870924306,0.1766832418608818,0.2001006877636521
714364,0.3233395549792771,0.6699622560018604,0.20680581318630978,0.056624859630453946
714562,0.06822775658131182,0.05337798366724936,0.5120023206339328,0.16585277031567003
717538,0.1697639051664257,0.0933281463646667,0.0785453876676906,0.11329381648242225
719245,1.3052575152489991,1.8498746014027403,0.4901719127089706,1.2792895378884912
720672,0.20011787165156159,0.20270660954313482,0.2239250580924717,0.12164019156023789
721204,0.26466417177318446,0.22863045141447247,,
724683,1.546711390221783,0.6652671070546029,0.7399672653780065,1.268633220304449
726854,0.06969137497964745,0.05280254158376598,0.11807185148427658,0.05704591874819874
728014,0.05337278397371176,0.24318208896299906,0.5049803608187344,0.11779798978818402
728079,0.18807878485527266,0.15486777263652876,0.1851430473417258,0.15889159845694387
728083,0.09994840013853606,0.117267128675215,0.12865967059499972,0.0730837459262175
728100,0.3958337934938453,0.46917050769956614,0.3666831659416938,0.36225050172740614
728575,0.11090247416324853,0.15015531979631358,0.2275632826221101,0.45935504727734616
728618,0.15681169055425448,0.06076589007165584,0.09924673216265707,0.08844777254910861
728882,0.41861358620356803,0.15023029621062253,0.09043731219375882,0.23399569141508192
728889,0.7874207822641063,0.7322436842619388,0.26983068614493205,0.21524346800153088
732847,0.1449314485330724,0.22101345439595663,0.07773084578886466,0.13803266189071384
732905,0.201067325419401,0.08794235054987712,0.08433924107118082,0.10111157354077532
733020,0.35266309440917787,0.3940843135945795,0.12355233858065838,0.3299321875575265
733986,0.32651923850180264,0.37040627785656227,0.8478903198216214,0.30412776991741675
740272,0.6495398693062931,0.36120378570121303,0.45316067113012565,0.39011007565145994
740913,0.12967384890023942,0.18343727275109137,0.23698462097921105,0.13383427849944762
740918,0.5961608282815984,,,
741073,0.15236196526738818,0.1289282744598154,0.13376209925677485,0.08793128648623051
743127,0.1651376122878323,0.11469363903104215,0.12321386851724658,0.07900580954029855
748054,0.28692493070625347,0.25163139402858514,0.23434903317590774,0.2228920665857042
750556,0.10780678040183975,0.09312631888047924,0.2050793454433328,0.17507447837862006
750577,0.15754162085389592,0.16261478745506772,0.056962877601598495,0.15471916708099356
750641,1.780437856471097,1.7506815777153382,0.6971708366030045,0.6463996528971638
752365,0.9908327954299441,1.1275360372430556,0.0470927605137352,0.06440474732768815
754811,0.8343393188348807,0.8196636986752571,0.6033394722330704,0.5102367850437426
757657,0.16426472782187174,0.18525069795129598,0.12169778240978593,0.12405425052390076
762152,0.1926175969269521,0.23089347309702554,0.18388128405159823,0.14631924683938635
763212,0.06362632494158955,0.06377471165390745,0.05175389330041636,0.07087863395166853
763848,0.19930105496505876,0.17115957023281786,0.2440319149755862,0.3124214815108798
763910,0.14941749807084162,,,
764038,0.189497437716122,0.1206729374788108,0.08477313840992541,0.10632067760630899
764068,0.0838405912079186,0.039668047252271674,0.05339427813870536,0.03680653593278907
764106,0.0632515831504112,0.04078053943167425,0.14442774557977262,0.06594008030156141
764112,0.19255298606174792,0.14048765642577324,0.1668670787887854,0.16093282197025996
764532,0.06356404343322271,0.14732586996871305,0.0832770570185638,0.21828767572827454
764611,0.048713228837602734,0.04758581291308075,0.027720350520722248,0.026870349001001048
765443,0.1321502160701729,0.15276934369060688,0.1879836593959064,0.1561921986982591
767684,1.3058464837431873,0.3068568014888735,0.2180555451357883,0.2609730007161739
769317,0.2967404201204759,0.24126976722357873,0.5331260875622186,0.19439973990974735
769954,1.4968873371645879,0.07138296895223982,0.022053451811994477,0.017170089516289334
769963,0.3163354348236417,0.3013740285366338,0.3284787144630717,0.2557957963987543
773411,0.14364010026125887,0.11253478144381693,0.07148212509732817,0.4293933987173143
773840,0.27992307780796266,0.5097575282367558,0.33782431421210296,0.5762377210050221
774602,0.18466791657135156,0.14248763044204377,,
775368,0.5665388578628572,0.4352348203785758,0.3611114303781377,0.15438551731220068
776867,0.0,,,
778925,0.13774750311264217,0.023035965956674124,0.05213439491339702,0.3257845617168455
778963,0.2005651351251125,0.15549011388695547,0.1785328073042799,0.08588409476267128
779519,0.6903036553249097,1.7415789318579957,0.8977697607712369,1.3192740950029453
783412,0.0,0.0,0.0,0.0
783827,0.04194363549080907,0.1022949615915019,0.0018968521737830356,0.06627349448462654
788714,0.17629116164498343,0.13073217518516317,0.1637363934542337,0.25070802067316444
790354,0.40936741892969214,0.2037835534842571,0.2889261331805741,0.1502102404949209
790502,0.7485906746692536,0.18957245966305555,0.20049637720201952,0.2856545380343773
791191,0.11639676710505138,0.3546166325888926,0.30563873714067724,0.2802591086539094
791490,0.058866724927988154,0.051315185854096855,0.07140858247832312,0.04317581895699799
794221,0.48564978730563924,,,
796848,0.24683286350013106,0.32545510679823264,0.21709045535293447,0.22644930844521888
799003,0.023801363539796894,0.06320656911619711,0.08339084143035505,0.0864519204074715
799004,0.1281822223387938,0.1820213178706182,0.2468082225453635,0.19272323303849545
801051,0.13079015350667977,0.15490816591424159,0.09008320428950527,0.12813703882485405
801166,0.0,0.0,0.0,0.0
804328,0.10322101826856345,0.05147238570436316,0.030873532385043777,0.32498679718471774
805676,0.032871677475121076,0.08501447050004035,0.05981244435757793,0.09449645877148666
806097,0.20175910642741376,0.199076445046856,0.09752222115229141,0.1975624746272434
807249,0.09995170485117928,0.10853157543850271,0.10558687197477465,0.10617768389340952
807985,0.42980464644575256,0.20162846861566266,0.18103403944270455,0.16690453986314893
808722,0.8040204677517765,0.07708799511181214,0.7096767176848454,1.2396355133267674
809339,0.230155016580802,0.08432608576880163,0.05112515907395648,0.044698963242949245
809443,0.8077682138423024,0.6977294598919775,0.4456768565381523,0.8689273353685116
810265,0.10717027446647323,0.07690086555224804,0.08281830323347095,0.07777691314846016
810384,0.2536914020963313,0.271332660854723,0.30492705281288013,0.32913069553965696
810386,0.3272573568394424,0.661340947718861,0.660041271789896,0.4405328360691352
810672,0.6698505393318842,0.5035937777011491,0.46505592631447723,0.38755197689872983
810716,0.10051688223122299,0.13063949375218306,0.13410631089033132,0.15543074046619895
810958,0.14678282141002527,0.24448998596310076,0.10075419076310346,0.16258764483797628
811360,0.22558494685674949,0.05064263118391011,0.0344820935187715,0.10008095932217449
811454,0.043201608719212164,0.2678869182213336,0.09660047575511695,
812295,0.7292303172379911,0.21988550027108827,0.21191990120516077,0.19113175852030315
813470,0.6818564343340278,0.5719720940054996,0.9851452153839068,0.8482407407725105
813917,0.21586570963590704,0.1854020277260797,0.15805471480051014,0.1389212247671423
813933,0.18047106688682696,0.20327623300752662,0.1881117457382636,0.3637328629360953
814133,0.23128265902595677,0.24287473207953025,0.1958963684037105,0.15609589299038118
814375,0.12060301993158815,0.16064199089976594,0.2016473655678698,0.14158566253765023
815917,0.029978591915185284,0.04285268568442178,0.3753583594463018,0.06564587540503893
816788,0.5067232457138798,0.43736501468274286,0.3992309158900364,0.3138374953396489
819535,0.08605796334545028,0.05307882064549316,0.04028318009623043,0.023613033047196547
820027,0.21778954127964828,0.20425868650105805,0.19320870219257846,0.1745044914614651
820123,0.02475646479689743,0.0389567514145819,0.016670112771569302,0.0501494887672394
820124,0.23436458359220042,0.2496419401292498,0.22286371154321835,0.23142522315937802
820289,0.7348802094611762,0.6979043940536093,0.6957314977730982,0.6625671736668126
820330,0.21874498222669128,0.2923323791052413,0.20823441901877224,0.2831515120309395
820478,0.1441844132705862,0.16944008322336046,0.19318813047892022,0.11922347570159231
820743,0.5646090792023752,0.38612133855633984,0.3755330697688855,0.403814643998742
821197,0.1287464000089231,0.1388524641376512,0.15249333221084702,0.14475903950201777
822581,0.1922203797925864,0.17500251023182853,0.14753685025451066,0.144734014095418
823621,0.43438720563214894,0.4980774554786303,0.2812478545855396,0.35241110245849694
824468,0.31673810154191273,0.3210428608372137,0.28722083399469134,0.2691540211822948
825161,0.17060194003641643,0.20488764854479577,0.033975262273849866,0.03861282866404414
825204,0.18587226934019016,0.164356080429815,0.18066466585629437,0.10550664934535553
825293,0.24718966412367693,0.31968438188463966,0.23797431109051173,0.24157016631030534
826154,0.156825061030229,0.1613186010203643,0.11921955674923929,0.10603631146388164
828405,0.5310965114568778,0.37155667609854376,0.2720142292012893,0.3083448098235466
829108,0.2866747243052596,0.2668545421452392,0.18350525089101527,0.1985267138948367
829407,0.24941504755802274,0.36964609872357207,0.18972542701782213,0.2256523844829755
830588,0.0004025452313925434,0.610730125299698,0.8598465042269989,0.0
831001,0.46972180390487556,0.5410689750963215,0.3884292259796451,0.48272872308515613
831457,0.13681392962139344,0.17068607946279934,0.06036236465445393,0.12587813589474936
831571,0.22799659006733689,0.08329625083060876,0.09569371644789972,0.1355151856304127
833018,0.09222051756150872,,,
836372,0.23812168787149746,0.09227155387838198,0.05939989016541466,0.1814911399314595
837286,0.0476786190726865,0.061968383256123354,0.04910770766991137,0.20675291485019182
837592,0.21707447732037363,0.23212717732845903,0.11299585054170998,0.17511418989139393
842782,0.12903617826467126,0.1531264683660122,0.09027598465053681,0.14150372019675136
842941,0.12941588819445315,0.16653907731898795,0.0358862107299207,0.058314362926071873
844150,1.3283766797792715,0.20500055067286438,0.29860297355718735,0.596436919504244
846222,0.22091388217745805,0.19203122932196975,0.6938449764059581,0.6767853779779947
846633,0.48621373455411565,0.325435417498895,0.19266380248865858,0.5244800570899906
846788,0.6413296966700978,0.11882626411454414,1.8577424424303925,0.6203303909513616
846797,0.29047565451533,0.4077976788266642,0.4540699706135918,0.17767912559011093
849854,0.6426316234319452,1.2316149176671325,0.6300673573752168,0.0
850401,0.17241377329851088,0.2011763311878839,0.11896831234214973,0.14934538123000723
850529,0.09650220134319633,0.06925927032710497,0.052820617271463956,0.07838953324163242
852933,0.42597114916032136,0.5165827418119259,0.3261283718176622,0.7109472759700954
854157,0.1803561363514632,0.15096857742328396,0.13811649848592059,0.12274939141783596
857113,0.09918333837288702,0.0841877989744232,0.11680076402729837,0.047297632064552945
857508,0.23320604260720174,0.20745278121311486,0.14319421759396347,0.1247939566011021
857538,0.1659339729831377,0.1475102021564084,0.1349804662731519,0.13019967379640449
857956,0.9003086431865991,1.2393304033879682,0.8900205179224072,0.8296375970357863
858877,0.0,0.4942501427973095,0.3019736858398084,0.2730287117027176
859139,0.03878538843458658,0.23343541384125077,0.14995891931587696,0.3379056798433943
859804,0.2930195038886127,0.20608457900183264,0.1937122564254081,0.1549369370946685
859872,0.1366199384248245,0.11065556478892814,0.09190413269397235,0.03303652196593401
860176,0.4914112188475904,0.35994841000346156,0.3544863135123564,0.3454460561227455
860189,0.1430800671172868,0.6703508651350838,0.3788245544830028,0.19164074398342257
860486,0.4821843542972211,0.2676122684899265,0.14436138931113013,0.16945404977356446
860561,0.2707792192545124,0.16280625063693036,0.13138028364146756,0.23362518174435906
860580,0.029038286527608433,0.04675445300710843,0.03749857736206836,0.026673020875210892
860585,0.023697773064366587,0.05968925586500471,0.03643056663551828,0.07777320285518324
860643,0.13246748401776345,0.03604563206640024,0.02261521275458812,0.011092091011597145
860644,0.11924646748240958,0.15823142380554225,0.11993717943918385,0.11997791390235885
860645,0.34396047820512027,0.6289778828967094,0.6291101645932347,0.6960660678245185
860656,0.6018025830763912,0.3845007783444304,0.7383059984173764,
860662,0.47072085676572234,0.5945471945861877,0.7356506630140063,0.8167260173499272
860748,0.09235062731391405,0.23270999512268972,0.21476312257782199,0.06900400973615761
860828,0.25365562746579734,0.24378154666711233,0.22685196988998824,0.26222473169360316
860857,0.0965022889902154,0.02040872367098948,0.0801173635909117,0.008240145301089078
860862,0.2687241450230778,0.12396212036312079,0.06831341288067475,0.13293568597686165
861176,0.35077591282873133,0.16092971392227762,0.5113357633888665,0.20615690050063265
861177,0.22498773599722746,0.1318318359091364,0.12076746960164027,0.11902865138820704
861462,0.20144828740400358,0.2696945239599374,0.19097831624871717,0.030907345442204547
861465,0.2731816324667736,0.3833249272293321,,
861787,0.2980789899673635,0.2870374777915247,0.054476060811402986,0.10893172336666665
862469,0.05670997399897701,0.05891626402142949,0.05857821250535198,0.1535247810551695
862853,0.9158027039111576,0.7551630214957048,0.9325239887451564,1.1114923457557562
863748,0.05131734835970043,1.9954273017321031,1.9956789296603565,
866035,0.1683741872819746,0.17790020363720616,0.44230338474542885,
866361,0.17896850960661656,0.18177414590829638,0.17109215708981515,0.2158483939986223
866780,0.0674987049016996,0.1148436372233236,0.09249932088446845,0.09330081206051022
866842,0.2841967067687233,0.29873324608954527,0.23584760747737016,0.2991437485748914
866995,0.23481907947898556,,,
867262,0.21110125994016238,,,
867926,0.037512703226598776,0.0463327946163752,0.03908244046602302,0.030780475623983332
868491,0.6297286855564097,0.7061999700673824,0.660330083762624,0.8361136636571098
868911,0.24810240354942673,0.12209889830873284,0.15474030707740408,0.08065303644759378
869178,0.17557445010941783,0.22350966359011498,0.24749798351235827,0.21036963518113327
869179,0.28835768542204815,0.36992670334586525,0.35251007794252653,0.32884472693862477
869353,0.20354860739276995,0.26713788265972455,0.23290746023669037,0.2095429519575656
869367,0.0313091079759259,0.07070575812458076,0.09120563358102086,0.03702090740285921
869878,0.25472121055916147,0.18197779152357693,0.17442944365278581,0.24538687396330416
872078,0.11340708344081607,0.18287430016922493,0.047093385617556265,0.07854199121216011
872080,0.24368162821246364,0.4195020629070977,0.19775084204148607,0.31438137172691977
872162,0.04759009937199343,0.0359778668366681,0.037152725280944716,0.017038642092296424
872163,0.4936171037807186,0.6876585297037198,0.7232709309930652,0.5042134640705971
872259,0.14811431416114326,0.17185026995722494,0.07365636932675425,0.11393182593133364
872573,1.3649377608971336,1.3219356442917167,1.1366455567457834,1.179089358278816
872732,0.22334831098024352,0.38637202753284877,0.23924853879857402,0.24719814682941593
873630,0.3903300682963376,0.306909294107255,0.24256447686284485,0.21641563259255134
874791,0.06660802815542217,0.17180414672804253,0.2582100617358713,0.10262337761371175
877035,0.797154133518645,1.0312322287562365,0.6772197151088887,0.7682689643878077
877134,0.12207084397120793,0.17293052660832456,0.11960276399673195,0.07624912764632522
877338,0.16889193780100775,0.2501313060885259,0.19876148129401325,0.16709158185935186
878228,0.04675390307084326,0.041314072301165676,0.0587683872284972,0.03842216365358678
878313,0.1307904444760333,0.20712985955461685,0.22023025938958296,0.9684286076964157
881432,0.36530406242311997,0.3668442274954735,0.39515418427183324,0.3743634797707709
882119,0.2824644604233066,0.16564567482381332,0.07195492831848282,0.051569822719146764
883422,2.0,0.146304923574588,2.0,0.45015794960704103
883487,0.28156158349439425,0.4235564421686131,0.16888503842767758,0.3411000372392719
883511,0.10131279819173655,0.23149663451903038,0.08142338709171262,0.22167147761483544
883677,0.21052264667827675,0.29038771185894197,0.2246937593504644,0.27266646593077565
883782,0.08868312996389204,0.04550766030407106,0.11371142262390645,0.12756752887592926
883790,0.2034469156012029,0.16774547882096325,0.10059798917775398,0.17574141092596426
883803,0.10741199550179155,,,
883948,0.16082642267665526,0.07872828077593673,0.07840893675345842,0.053033497353030784
883961,0.17801163594452366,0.19017001755804944,0.7268937697509046,0.7117775827862463
883965,0.2298172562752874,0.22719677794589563,0.2710645208432585,0.14135660258658717
884300,0.22784001144306337,0.3187787096320525,0.2981876980314818,0.27022411859115747
884306,0.2981133294225735,0.17517520384328333,0.14620056118753616,0.8769596302222731
884310,0.07614884449749776,0.09087164136559606,,
884314,0.24655763081184662,0.42477201102167683,0.4380887823846268,0.21880249607964733
884414,0.37758094726866404,0.7032574829415761,0.48653585289152645,0.47725083353742276
884423,0.1257650880036742,0.12052110355489784,0.06974373167217786,0.21816531240716744
884535,0.06721759479217065,0.14293600735256756,0.08642746511198318,0.038438128294661665
884541,0.2038454381793145,0.16100288049211842,0.1365241404569702,0.26392010972486063
884546,0.1046072646419437,0.08170760493030993,0.08356319421015526,0.08056729382209075
884548,0.16350329401201003,0.21839886045268042,0.20754192346799763,0.08151937160211037
884566,0.07601234259910869,0.14305361674083,0.07151245265249054,0.07912883050441433
884589,0.27756852256616776,0.2863383430908649,0.3392011736061831,0.3213476723639695
885062,0.09263550969361732,0.1713231051871458,0.08963240492261622,0.10559001433111706
885118,0.009503216789857398,0.0026661777467950716,0.003059204559272963,0.005801939897284239
885415,0.014601407682364707,0.0563341983143963,0.028927075501026193,0.007553474482970364
886982,0.282316900963643,0.2901664098580363,0.25058422252137763,0.2259675978117853
887211,0.25510752180837803,0.3178524048667566,0.49972823024135343,0.44308097338307606
887402,0.08359201416086383,0.033636815421989305,0.04472696493447673,0.06668412895403876
887777,0.1445642510565701,0.14737567844395044,0.14890399488043868,0.10804308643104764
887793,0.1698068262285219,0.15857303461815797,0.12532664993861173,0.14181894349820753
887813,0.15744642218551533,0.25702331234665954,0.138869721795277,0.15491572270912757
887818,0.10824429252416622,0.15829852903676359,0.12685273068746075,0.09022353566048276
889232,0.0,0.004774667574421508,0.005143279734837703,0.002038154788298125
891287,0.1274521961746714,0.1459525582281237,0.10237786725728512,0.0702061129175039
893738,0.14107862943510077,0.11197679217329283,0.14780583582758397,0.13691855723297072
894135,0.2845692587822343,,,
894205,0.3534146265708942,0.1333127290731553,0.12121028566859939,0.1631264589933214
894300,0.11766955328528794,0.029584003693933752,0.03565673089134002,0.05268403061065824
894309,0.17723764539830927,0.3018150777518509,0.06570020057043029,0.10948069121099602
895213,0.22171215980445058,0.3470371586827437,0.25203532612852614,0.2991269924989145
895421,0.25935112289639367,0.22324979457277952,0.20979641563970278,0.18069707685267553
897070,0.2950643775195399,0.24406631071273976,0.13812759903986843,0.1890629840833468
897293,0.5223737625222562,0.5254016344171168,0.5377767078139035,0.5974561271969185
897378,0.15327217985085412,0.23326914294443532,0.273199205729493,0.1362860820052775
897599,0.2820900758063039,0.22309806992332712,0.39734185785662923,0.4300273640578964
898202,0.5134548556578609,0.4526766841023408,0.3130166934272175,0.41885574201991105
898286,0.1756748967795764,0.24561317582243442,0.19043941939619555,0.15686351049427225
898358,0.1971395208055382,0.22577572114271482,0.17830311488878692,0.1812981236065583
898399,0.11890991756428365,0.0794407475858305,0.12683635423560957,0.22044546225926442
898413,0.05722966254567992,0.04120401529294689,0.047024434263305624,0.0308166242918855
898419,0.17866219637431802,0.19811336660685339,0.14550623693759576,0.1459272239837392
898427,0.37401380618221425,0.25784414068654965,0.238968599004441,0.17330597900981004
898581,0.1368472951465493,0.16686206256055805,0.15110663998938817,0.16003502390181346
899051,0.6105395346954267,0.7014518400427843,0.7775995623904632,0.6256572171634377
899211,0.1337689944358538,0.13901744378517542,0.01285067406036034,0.06355310099986759
900169,0.22839971937025327,0.14184823259272789,0.09228960216377007,0.13037623311792754
900529,0.9399390734332762,0.7551528713374792,0.746279465960375,0.7138837900101802
900973,0.40732322858322384,0.5687888460692235,0.48799460060794597,0.26628173196608534
900974,0.09219949729586592,0.061549160308931,0.044346181440960676,0.05847297666286909
901541,0.12884634604577913,0.11166633442005523,0.10477330183514942,0.0911139536469275
901849,0.5105531063426406,0.6627387680788008,0.256612203426789,0.2521357523801098
902219,0.16577918220650611,0.1909641142282958,0.1316960143453183,0.14830743474113314
902367,0.24530977340505772,0.13820479216662104,0.13204379888213919,0.11389656578963224
902464,0.22386652860372003,0.17643021791628802,0.48269393154973067,0.3329790889946219
902528,0.49350669541637376,0.2167483320964554,0.2872012175810595,0.22535865534810923
902584,0.2793265846206568,0.3422767597464202,0.20509053880955955,0.1548374904945507
902614,0.06876852293238118,0.04975093846213292,0.06634198188731204,0.11513046554045922
903064,0.09094377008255114,0.13648092874732565,0.224805148393765,0.07012385043334121
903514,0.6469235088260883,1.1487602207085479,0.937537357260181,0.5744656999907828
903783,0.16843608090354015,0.16257284972334834,0.0654506146685586,0.05346377171175469
903944,0.418191112798931,0.417265287304839,0.49429896937542217,0.41661053038409696
903947,0.2909457010039335,0.36077182411513,0.1411471328061351,0.27138948299470445
903949,0.19149406113762588,0.25628553935082193,0.15053327350543708,0.3026805463089308
904163,0.07146545217180832,0.01879155761353137,0.02215613554869027,0.03601052670369203
905567,0.223295932722406,0.0792839134740695,0.08135891747922089,0.08300391977189368
905591,0.04751713890692799,0.0734324018325246,0.28879327287743567,0.07774572002046062
905608,0.5054077615579942,0.4576917402128463,0.6099397459708262,0.49365499927741896
905790,0.7592919148851076,0.8334822486102532,0.6517050582954481,0.7015527574598155
906304,0.23983221029072213,0.22906474392932025,0.15763415536541037,0.16605545332430746
908195,0.10655296341961651,0.13444273348670557,0.1469092341337815,0.18843562819254456
908431,0.16309124505599176,0.10757587462761391,0.07161554613191837,0.11469579460928123
908551,0.0033096989356009273,7.929774007934358e-05,0.0001753749178902477,0.0003074724000624065
908733,0.36974874350868614,0.6380743740449663,0.47536954654247887,0.39554166512215566
909151,0.19089308938941454,0.23755842400088054,0.1324642522509128,0.20313890384972758
909661,0.8216795604828752,0.7708042730477762,0.8457828735805117,0.6262701302249487
910886,0.10375634558058654,,,
911088,0.23869476341247897,0.13204601969088045,0.14333485720205397,0.11216751093146837
911270,0.26792796860558066,0.16781510712224507,0.16143513067609985,0.26545985666426336
911274,0.1382386030915524,0.09955609730600953,0.034812187396017914,0.04666034153020634
912160,0.5128465737824216,0.3099624892173296,0.4994954976493604,0.29402589578574306
912938,0.14930115278388426,0.1184976035327345,0.1066355347319583,0.1103650556417341
913414,0.07916451086026478,0.046758630151401616,0.047704583200346366,0.044695227281375656
914208,0.17979957365804114,0.1694501295322428,0.13808467068399918,0.11663290242329732
914933,0.4627039147141776,0.394413009234488,0.12386305246063964,0.2664798266965095
914976,0.05488349540132183,0.10028692878336828,0.08981922645488583,0.17676929491789847
915191,0.04061151896291195,0.02881461040635983,0.03198674921827341,0.0007789425649941064
915287,0.384948199038055,0.49927529658202335,0.5995498267671524,0.5242375852572716
915325,0.12308960617844963,0.1794429924444418,0.08793521742881141,0.10903371137800426
916542,0.38379124217159266,0.3259607577564539,0.4086804671892466,0.35946843006881657
917579,0.38309653463031906,0.3877402403108392,0.2629550461275871,0.36646869241942187
918006,0.5034231164340885,0.3684180538178247,0.5159063717739675,0.28084655254919844
918504,0.01612692401060841,0.06787849533090999,0.11843863426865074,0.006770643408082657
918537,0.3527025285801694,0.19787698962370026,0.13032231319616083,0.14186704137838468
918893,0.4964651867533501,,,0.20120323597533452
919079,0.06464839441367579,0.06437718977254782,0.05255434456990037,0.07473433852680654
919085,0.49446162365992957,0.37510807860848994,0.49265619838421615,1.4744142812854555
919086,0.5496987536701204,0.03533590844000332,0.14564387081446903,
919087,0.1027069472511295,0.09096805529957365,0.059681967596635584,0.06201771212607954
919165,0.5444356227114941,0.5499270565296087,1.0261517953281403,
919185,1.0399531849290113,1.2332548082254269,1.1843692746899286,1.1370577711466392
919192,0.26246578361809764,0.2690965113921756,0.5063681785650391,0.02225209388875206
919219,0.1742240645385521,0.20033895441957827,0.0884983321630079,0.1958397716092768
919468,0.08078305069606136,0.1735978822712968,0.6907263295769853,0.062370115747971126
919489,0.002542619284128888,0.0011057884051720074,0.002686410911737561,0.0012735424021048597
919497,0.1957218816848496,0.10605599995749918,0.09993534095890445,0.18528164192066995
919530,0.1794736719744246,0.24438419579974535,0.13352735226298817,0.14526583940410073
919538,0.39324144938308114,0.27285862417649237,0.26607516803877923,0.1434359353970019
919859,0.1779340761629369,0.5659322005377098,0.6148926481316135,0.3313518298355296
920440,0.40862104735833815,0.5671683993786973,0.502418574276473,0.7890319225763619
920441,0.23753513181330746,0.36388268841767546,0.09278668049481305,0.12734418801410793
921531,0.7158613959353443,0.37609915436969565,0.5856633348273642,0.5646441021830556
921669,0.16448992960604944,0.30735283912298994,0.12684127719466512,0.08528041359270061
922127,0.2621718588658073,0.0828600705274226,0.12350238194762496,0.10477686007053387
922439,0.1122652384180329,0.05277154016274829,0.060796673367659655,0.05455525493489274
922940,0.29262010438147684,0.5448556248492331,0.4097914256262812,0.33275262011824575
923093,0.9127968374558947,1.1377293512915103,1.0157485408702285,1.081982510907033
923116,0.26816034584381804,0.40751360030327544,0.4527541441903051,0.5130953776607836
923338,0.2609823758624735,0.0,1.2211924595884105,0.07183293455525841
923469,0.2697866215262547,0.3971472437792115,0.2473303773612823,0.11624282159164381
924166,0.13324377463002127,0.16111014500826623,0.35987647757784025,0.31041774886360235
924171,0.3142998968137168,0.47566014208833723,0.46286956014326286,0.533808296655796
924181,0.11176827871479113,0.1709731293956463,0.10990334737463839,0.07889151261223032
924223,0.22449397744819766,0.018254321809635286,0.06034848931442418,0.10407460148471374
926688,0.14482113823406972,0.18063582300425296,0.5479170198507884,0.20708086052743935
926834,0.09696833559679892,0.09267591874605499,0.07115338465243055,0.08930556061408161
927952,0.6637365744711502,0.4355245428198567,0.3579912550866937,
927971,0.22794300783035518,0.19501859212822437,0.1960450758868767,0.17109041264081254
928047,0.1841309920769701,0.16809325629260552,0.12955339391813997,0.1597703603971772
928052,0.12587839570155057,0.12138419965832761,0.0775750984786956,0.08749661339147925
928196,0.20632628129690278,0.15867316782776322,0.1368647450403769,0.1137195392231534
928204,0.4899170933917516,0.14190891021351695,0.14732633164407347,0.3177554541935647
928400,0.052366777689753834,0.047210349076009336,0.03222424453288047,0.03245174103746636
928566,0.16476226822878248,0.3083765611295247,0.8611431723543331,0.1304669647147263
928568,0.06093882990589042,0.14804241078842553,0.21458568168676517,0.2836221979518223
928633,0.24372448514635603,0.21149974707567018,0.19193477871017278,0.2648060775846443
928749,0.19363242086896704,0.6577510338598572,0.25000780268864786,0.250755493453137
930441,0.060165734729255585,0.14648378654560487,0.11654438740414773,0.02302375596170962
931097,0.21915817633663412,0.32860784686598676,0.9093605865682363,1.3802402919826011
931588,0.5776017660474712,0.9479634225059759,0.5328069534304958,0.7379095458232894
932024,0.5088686462930252,0.2164378986201751,0.1202996113740205,0.264542227222167
932141,0.26654201077107137,0.12437109084527731,0.10677551516744468,0.09519738900579566
932540,0.8614317035240947,1.1056336057122504,0.7860691451503854,0.7639673846052795
932724,1.2139496287609433,0.7636720551623634,0.8852315915705028,0.7045786799155884
932752,0.20941432686645078,0.3338668718099176,0.1496345640735209,0.25476046726157064
932859,0.18978442188359476,0.1535859168539203,0.11520180967056255,0.11961743685470795
932974,0.14330590412720162,0.04255225956790109,0.04006674324423761,0.07828673844540376
933141,0.23751554839873903,0.15567547665211695,0.19794310047076416,0.17368247938878414
933429,0.3681538435015875,0.15519798324903356,0.11027748868967115,0.08661783892181
933482,0.19133147975383177,0.6271081328166394,0.31554465137034376,0.20841929469585033
934639,0.574304166764374,0.701777350450501,0.8232779307656176,0.4283067393571718
934745,0.46370831555321124,0.04942234691477136,0.06929589656261893,0.08738409494333291
934999,0.09647659189668577,0.08901517096761444,0.18715342359180737,0.10245549683338318
936698,0.03932395566260968,0.037499408007389254,0.022056681346174743,0.050317691391984734
936753,0.11910852674332188,0.18906516553636232,0.1292503978832947,0.11621808579581885
936936,0.1558091532848028,0.15218459115178143,0.11652410200244248,0.13665249210263006
936938,0.1041408265506189,0.07957760020920285,0.05843824066019859,0.06706130017614519
936939,0.16576147609579106,0.1949645809821056,0.43431768840305335,0.16632951486257846
936944,0.2856586802695254,0.2756487450338795,0.3107396479059556,0.329389446953851
937394,0.292179474668607,0.4212426062739902,0.3565769399210004,0.4059787828609056
937522,0.043617967724549046,0.04203754155375863,0.09978883489396212,0.0689722655489013
937567,0.3229530138257523,0.18912397821976,0.2434550550025491,0.2848935181187603
937589,0.10563435846949223,0.03988394056253226,0.03741912368105191,0.03984390054100909
937615,0.12698169751952834,0.12171693931968831,0.10496387961646687,0.06170822775907884
937729,0.052115032075119916,0.12029644522497693,0.044363617983101886,0.043464359062808676
937760,0.11759468262723813,0.10744262272873144,0.11902090485269054,0.20537080904905236
937886,0.4678658591051841,0.51943046601379,0.46752913307035066,0.46290247733339407
938076,0.07967742458534242,0.04540990073848386,0.2099336044885471,0.06366052477464208
938077,1.2363953308249669,0.8407387768654488,0.9056218801110365,1.0317345700769507
938206,0.8461965161161284,0.8457427838614203,0.9824990616710021,0.7169847188984655
938487,0.3856768550668888,0.28848510297933644,0.13820393029468395,0.16507214099851966
938506,0.8574317634353347,0.7444759990572112,0.9479816181893342,1.1673115027154368
938552,0.31371892652056865,0.18432609646392906,0.3040438107482564,0.2871145795713223
938582,1.9915589884126679,0.8008324441482452,0.6591412529902025,1.452989679892823
938592,0.6075567226539506,0.6941866779523364,0.5283754089941429,0.472296247752523
938759,0.030096617376393256,0.048390628910346886,0.0789587269781586,0.07032781394501665
938775,1.1652768363830317,0.0,0.0,0.0
939219,0.0684681557442052,0.045670234080337546,0.020636264645360208,0.021049445995776163
939222,0.1904105021107596,0.17341203724179105,0.1703738681105591,0.15788373942101724
939334,0.3941724526291558,0.850273714176992,0.5447705484868428,0.9646765715767993
939761,0.31976632458145393,0.5363963814488703,0.5008429560669692,
939791,0.19475922744069238,0.27291421309107106,0.2782257461094353,0.36900462864732264
939835,0.1350619995295662,,,
940445,0.12773281561188352,0.12329899567394295,0.1358064490071732,0.14110912077881302
941560,1.0791298083261456,1.1797943522934373,1.4435554536245003,1.3238638678839811
942618,0.2895437308136669,0.40012525266781956,0.30441804195758715,0.2678115931743818
943442,0.0894050146503447,0.11693334019222913,0.08443231238235346,0.05523962816650598
943518,0.44956622240935107,,,
943656,0.27404201012564683,0.26202621475503535,0.24860488716962856,0.25490742340419525
943712,0.012612999435125005,6.467369400439625e-05,,
943719,0.009258456208204998,0.01524357166983224,0.01253862474511808,0.01676222558248293
944234,0.2804819890872575,0.26894749072165947,0.14179023043173922,0.1774406111140804
944361,0.3169139963128687,0.3385340227606579,0.17782514479353687,0.5244808145194898
944388,0.3074304214157725,0.3522797672686029,0.2953781279823262,0.2749162632097926
945444,0.00042635909577503234,0.6577010716068262,0.061051528398667634,0.033166511070549604
945625,0.18669459282458134,0.05667484813222809,0.0914969701314441,0.0830030545258772
945631,0.13793516640762477,0.0853217601385479,0.07322660324655739,0.08469700600923631
947263,0.13412967234164413,0.22387781632225862,0.4398968792295487,0.1432585432005209
947772,0.5340756621069772,0.520083574139638,0.49954749516708863,0.611767302483896
947822,0.48771488103001237,0.045162271603896124,1.136477759993332,0.0366345052248451
947996,0.2700875099399542,0.29125783932804455,0.2762033895350658,0.21607788511354445
948046,0.3419178874679742,0.2742998027573132,0.25286966908260444,0.22660484408970405
948518,0.24298417366669622,0.16246218784817218,0.190042421923089,0.20292114101794997
948669,0.13923415586433777,0.13708074459533512,0.22271757705753567,0.2217313185024655
949012,0.05718887281809667,0.13715064057658424,0.13326185976469745,0.07647850575917702
949509,0.09574457993497086,0.6937705515801428,0.3070911658080944,0.5520816587422733
949615,0.2898704511714634,0.19021983889537722,0.14648524165295207,0.14951190986907162
949623,0.10076096727035981,0.18639184907749523,0.0975334967445121,
949743,0.226247105719177,0.22504257280935377,0.7005130937742086,0.25495897823272595
949853,0.33200691160659224,0.27878126345700066,0.281980806864565,0.24014789365684455
1000097,0.9775430686996625,0.9594253106650824,1.1182979777609339,0.8686918774219025
1000275,0.2250246288996089,0.13134869878934152,0.11669419080319332,0.11618566386598214
1000490,0.15331328279863235,0.14780261688226293,0.19096025161520463,0.16280679647411855
1000742,1.2559367059092754,1.2794759798320876,1.1566635985178304,1.1956015087818737
1001085,0.1707899447385093,0.16084990817999095,0.1770976818597827,0.2924980796036861
1002152,0.041055848526282954,0.10249566135600309,0.19036038408353056,0.17978350388801084
1002672,0.7957043995765364,0.24921181191004652,0.1272581835825165,0.43098831059668324
1002784,0.18613734624288997,0.1568210614964704,0.10210041074638553,0.2995324729008616
1002912,0.45641095562052386,0.2800012038427994,0.07687101229037721,0.2780539592209654
1003279,0.35513556199637114,0.2597393807701859,0.4743273710834845,0.7910986405694965
1003283,0.10835544756004555,0.07605577017086901,0.07164365765927262,0.06458812215099685
1004244,0.029416468455792762,0.18228852382403962,0.1652105970732008,0.03463109234353248
1004248,0.15830593886593802,,,
1005354,0.22437342755648682,,,0.20451892195283786
1005607,0.09256180149094112,0.07172575585483999,0.17968410382115857,0.03340238799493226
1005817,0.12406208831494121,0.11982266572740682,0.13528707571993506,0.25320688472956177
1005846,0.9231326216291166,1.5150124211191978,0.9400367267020401,
1006249,0.13015210936487256,0.0673884102441352,0.08635186531840536,0.07412760110784065
1006364,0.20448429322296807,0.2611094202435082,0.21494154474511076,0.07474738668494756
1006378,0.16249292125305737,0.16667290626006842,0.20277618598081185,0.12877950120379
1006407,0.12312781793029606,0.1666188972521761,0.11573664503469223,0.10886121218241782
1006435,0.1332164218258508,0.02826769195719403,0.038896451406187894,0.023955874273685878
1006438,0.7798228173996398,,,
1007095,0.1335358261532265,0.1255560902707767,,
1007280,0.045657136649510995,0.15431758806291285,0.10307017109493607,0.0817063181838766
1007295,0.17310543382765398,0.08223182279107892,0.07367960006600975,0.03879411450352207
1007399,0.3880662543298845,0.39388842112866745,0.1997493872587428,0.20897885447076484
1007524,0.8270499317548243,0.6406795972125686,0.41718633438775976,0.32646650943766053
1008322,0.26313737220311273,0.827017342878576,0.7283484116061616,0.32769105173088164
1008868,0.06925739489561314,0.17112063178446368,0.07187347736278757,0.09321255003394394
1008871,0.17154628973068084,0.3326714323879663,0.30596982795426486,0.23136614838077502
1008877,0.13126339846276638,0.10847508388506787,0.034550653876616835,0.04716873472099716
1008894,0.2962282063635225,0.4093753731306782,0.395119761893866,0.3462867347657718
1008895,0.09472013138119226,0.12432421247516513,0.08325879843751957,0.08345359720488588
1008929,0.1361683080286512,0.18203937625009334,0.03986634462443597,0.05824382649238344
1008937,0.03274275950679552,0.034377688349252776,0.013911398589638432,0.03700948388749939
1009003,0.07297812942458588,0.0842811680349605,0.038742013934205594,0.10913057615213136
1009005,0.6170532223030218,0.5168594503595993,0.1630138048581988,0.20523811898388652
1009006,0.2711256414434828,0.25540630059901226,0.26975764028745436,0.17997267604334924
1009012,0.9747471838868148,0.5535121464822422,0.431834572740944,1.5439631590068579
1009016,0.20722039665289277,0.1679353706513908,0.12407213804209129,0.11292057945118077
1009022,0.1665951124082917,0.14550350458965342,0.14397285634602763,0.1371484523415044
1009076,0.09282354679854375,0.07465622841239133,0.07897514114462727,0.06536921995761029
1009198,0.08320749328817803,0.028387645939338117,0.03354586044318555,0.2819261712238892
1009207,0.5343937945887073,0.5268650189045642,0.5777650206233844,0.5155661342420337
1009209,0.2631789518444357,0.10276240015911252,0.2523311921054733,0.08551853510639858
1009215,0.4054982270454988,0.34972397259933236,0.4541472376199599,0.44765129949862326
1009254,0.0536494942178182,0.07552602748234802,0.037733130109016244,0.02911808250500007
1009258,0.3956481579894727,0.5136073646240498,0.40809816159163764,0.519439651099034
1009262,0.7050009597584459,0.3716319852530165,0.4305229454071851,0.2858626214321722
1009950,0.2586518747721812,0.6911473187766984,0.23226626436468173,0.19834635432009634
1010232,0.5103956725881148,0.6338579714779985,1.1229437276154028,0.5558058007347908
1010452,0.4849609853237144,,,
1010873,0.20841932219159526,0.24895092656972104,0.1960120010537143,0.19799106522881113
1010911,0.10034369782838104,0.1688136306980198,0.13087947643919398,0.1715257913627854
1011443,0.819491627068631,1.0467917159777196,0.9728651884371996,0.7558541515054205
1011659,0.13154282211107973,0.08540371180231021,0.07463884335246097,0.09406419175147132
1012091,0.07955337004994112,0.02584557858896265,0.1167309197318617,0.07308572406447647
1012622,0.07152359519934134,0.22729979045567789,0.02613194897090856,0.16782431547427493
1013143,0.19755331475622376,0.16360066452840094,0.21975546417470607,0.20806272553387645
1013234,0.08719054057155554,0.041978279160472934,0.07733133180717133,0.0257824240406224
1013536,0.24576606483994626,0.2421050424717311,0.2728710988847184,0.2583791442276651
1013538,0.7430614851344499,0.33434048298431607,0.04884512829691149,0.0009270721309146662
1013701,0.14787544662993926,0.2605886333579168,0.08983001842624415,0.024838965361327705
1014306,0.19681193320612378,0.22146562887897178,0.22536782949576264,0.21828013948315267
1014315,0.09657322176347632,0.17689032770728966,0.10559869074368188,0.17248425666641873
1014736,0.5599740752295294,0.5245923964220292,0.5280173008160545,0.45866427009009764
1014738,0.11571433673936958,0.19711687414984466,0.12986987594769653,0.12006547916927256
1014894,0.42858034874471024,0.5311054815427345,1.0919944316155916,0.44053765526297245
1015079,0.08762780426113476,0.19039769965474748,0.14967415492704533,0.11303894156838676
1015083,0.31011475311070164,0.21439447899256603,0.4476153552521885,0.3395084439028003
1015086,0.15124393030478087,0.13992305307854203,0.1447818612766409,0.09790709514719702
1015247,0.11065706140697164,0.07820593055467559,0.06324742656048368,0.07648717574791339
1015308,0.16850283436189467,0.23296959681718518,0.2221468662283354,0.18743826604193758
1016021,0.13446288341554213,0.04048814698043001,0.09050111763065487,0.0783144240427228
1016150,0.9334154857258138,1.1274618578503082,1.207483732404094,1.0957834107679538
1016287,0.4464541787783435,0.13566732899358513,0.09668762388773028,0.15322607480420491
1016683,0.24456971179739406,0.3486907677461896,0.15712272107740582,0.18609600359779782
1016972,0.1659214183518862,0.15066516512170985,0.10223771679957375,0.12793712250948938
1017115,0.15670170002043984,0.09710936547209117,0.2623794189377686,0.1023191620372529
1017284,0.5705328109823877,0.6172344671163363,0.6980622935113863,0.5679102847009885
1017645,0.23068642931329425,0.039705058090076344,0.6981886811332644,0.9077367712666023
1017918,0.134276404699175,0.2092067693363148,0.1298780492103817,0.10099483004487027
1018331,0.20083115895009096,0.2700102430845184,0.21910543816868894,0.14138119544405445
1018674,0.06914888989601893,0.058206212233783784,0.0687480935215617,0.31334333742230186
1018825,0.12410890326378719,0.6867220422054092,0.08958977781688388,0.349574874726651
1019231,1.200701948970782,0.5041625727503465,0.08430271695608241,0.33263994155552734
1019531,0.514499636299185,0.7695202148183652,0.5206044739757056,0.5645181376110044
1019754,0.09480994215867428,0.1555885494232689,0.08052353359187422,0.09215996599987289
1020066,0.29947093402251845,0.10369490248683937,0.10858423751731362,0.09229017016636057
1020317,0.2728558725442062,0.40088181551779467,0.21128707247882916,0.11569353798256655
1020455,0.02792414886354535,0.029115212998349065,0.374617368144443,0.09142150968034764
1020580,0.05476270021289318,0.14535857674856503,0.10740598909972844,0.07972022967225469
1020585,0.07237022425251068,0.07828724496352489,0.03984237951467485,0.06384433755809862
1020617,0.5173791719144245,0.7625692952745309,0.8910971070626277,0.33015188362418246
1020918,0.2229177745147698,0.7964354686249305,0.1392252082662198,0.18548150231702729
1021008,0.1520892941678447,0.14747416839658317,0.21100770130284222,0.05825146665705558
1021117,0.24510989595365548,0.2271339327802929,0.19420399123726464,0.2088134373063173
1021223,0.13681176835115794,0.19701228740896753,0.11871623971593008,0.25186080435221164
1021249,0.15266145671043876,0.20295107305590665,0.14744992534650275,0.1503574825408132
1021258,0.1865054388603974,0.3404080375545114,0.24248077227555215,0.29267481380459287
1021642,0.36358543887602773,0.30940701552524086,0.3100874892792128,0.2539118194103073
1021926,0.09112386707717174,0.10352494685735583,0.1292102561943898,0.10546039655800724
1021944,0.09554321210178154,0.020628394739804292,0.05991022216949899,0.27047830622390917
1022314,0.12949014963379601,0.2248827546907024,0.18125995325981953,0.055891930342815734
1023279,1.8184513436719667,0.9287750142608693,0.0,0.0
1024716,0.16822669702422718,0.1822331256831008,0.1926993857636601,0.19806412367309492
1025835,0.15191643933621143,0.19253467228271573,0.09368977353965324,0.06260804411507996
1025948,0.3503071213256686,0.3886882103744957,0.16267013196396668,0.037812006775262544
1026013,0.0011926717908183788,0.0,0.0,0.0
1026081,0.17654633523575197,0.1193301981071458,0.08993151894398173,0.1994428340385328
1026200,0.04742728294372936,0.05136052617068769,0.06021266644191086,0.036617738785191395
1026303,1.6371048725014548,1.2286536671624433,1.5814676474753826,1.3716000036597344
1026710,0.3022600519566387,0.22320128980289164,0.2791526302179292,0.22156587750009712
1026720,0.14315077885618258,0.6951568316609541,0.6827031720288388,0.10483509642907925
1027451,0.6724265659988249,0.9933940267776084,0.7541595782127564,0.3675574495768386
1027796,0.16646221088191715,0.20695295243553471,0.08690061825832064,0.1688966102659987
1027799,0.2971608982744512,0.5764972565378396,0.4685923217330889,0.5227326270044345
1027817,0.17804738058168174,0.20618140996914133,0.11435849757484479,0.11961755624264549
1028074,0.10613895715289672,0.11504960970989968,0.3172545778172991,0.38975015603219093
1028874,0.3213183358204863,0.3906124857080346,0.49466020969556085,0.324217728301377
1029160,0.7298732036697279,1.058049860385548,1.0835269087337527,0.6754194705298121
1029311,0.04795670782563524,0.03976685356780881,0.0920732967846415,0.34326003010153944
1029730,0.20770148400387764,0.2583932396199401,0.1781740264626277,0.17398319363567674
1030618,0.05999491535225506,0.06509373654766627,0.16609831504133213,0.0716098001839838
1030815,0.48331118344269386,0.4936536782090929,0.4915413172768441,0.49890507240856624
1031972,0.31879244546191676,0.26804253861146393,0.24427735660275118,0.06186574321697885
1032814,0.16635963051118802,0.15095756433059457,0.058028353212101494,0.10936605131765131
1033225,0.07764061533990924,0.039866324020680896,0.04677535958602002,0.09451358766729683
1033244,0.48565396172872577,0.4267146141968548,0.45503533577256206,0.41368353803966385
1033324,0.23368538422326088,0.42638923731370115,0.11207650139756638,0.10706704836862563
1033427,0.31728177613346,0.33462511837280984,0.4355290551253121,0.36018354946584036
1033475,0.07181599309943926,0.05219500153162406,0.18445584632525827,0.082407146811772
1033505,0.2444946045208626,0.27219791685578776,0.06873106225738011,0.09568718928207577
1033974,0.18278889304153856,0.03810937183093366,0.03300543858247567,0.033779528174803605
1033984,0.13762065801893392,0.1945854421651673,0.2047620252781706,0.1797434852975089
1034012,1.0037977397004683,,,
1034184,0.0683625818016625,0.07771160402042579,0.10568751465858438,0.025634182796395896
1034188,0.06546857212681734,0.12206490057673368,0.09310225270288344,0.09093550925385609
1034196,0.002750119452465287,0.11511896197216172,0.39708024661780594,0.0943177665772716
1034524,0.2895334617717885,0.1634614387417933,0.1551236305333055,0.09386192205714032
1034541,0.356040817680233,0.19397348492329639,0.09685347791359789,0.13494483834731505
1034546,0.1179967957676186,0.1456236152555406,0.6970012353833585,0.6996640606376452
1034549,0.7220734074054657,0.4439251907701061,0.5264567974975952,0.5432147181937238
1034550,0.26821942257745246,0.24988411630640672,0.12464077801663553,0.1833359085909867
1034569,0.0,0.007547009074433501,0.5932439921120247,0.27422111526732695
1034642,0.0812428805714757,0.09575563943876389,0.07604138811893973,0.08259770374648824
1034771,0.18741795239618958,0.2230638011870492,0.5027316824383651,0.08128997655288955
1034886,0.11816182626267366,0.1366690720124407,0.20300316181123287,0.17749402774868273
1035350,0.18841740183360373,0.1374022239306226,0.13085328365422882,0.12997562506647897
1035463,0.04843474783911623,0.031826936276224134,0.033679204494940565,0.04462819734491441
1035674,0.33918980572394014,0.21977515427100955,0.4191958808090453,0.18497742509808737
1035896,0.5876372106412976,0.7977920623171952,0.7458148397136054,1.5468564823508153
1035912,0.13653315647263994,0.06584317306660026,0.08964778070362465,0.05492329753504403
1036248,0.25785275523910434,0.2538615478601152,0.16702423312515668,0.23930841670367553
1036250,0.4389409388335931,0.3226643639933164,0.3552401425125022,0.7387465587992292
1036288,0.5955672637558463,0.081754460443602,0.33261856850061217,0.22567358729672302
1036325,0.3268607284985497,0.15894354001770133,0.13976271772222487,0.19190635784506452
1037389,0.5796857895924249,0.5621469915594717,0.5554288712416865,0.5088680930278435
1037558,0.4817611566708279,0.03838009383816111,0.07704124077290178,0.00469927000777826
1037763,0.13480493805149432,0.15823345188558352,0.11646441529195665,0.09914201689816173
1037766,0.08444217844453045,0.07642241291504075,0.13655098338887853,0.028767835116328497
1037792,0.2435861371758145,0.18182299271257785,0.14727734163868986,0.19746644286159687
1038661,0.07069254123037769,0.730436651601318,0.10935702487279511,0.07087103318135575
1039565,0.08992141730951582,0.12407266898554481,0.47491513578740446,0.3192823292404951
1039765,0.4776296264843565,1.1720960826795626,0.609705257745356,0.4625454872931448
1039807,0.06263173357346329,0.11121317583488341,0.06597672579981434,0.0429771589446385
1040188,0.7309057460874491,0.3119387733005651,0.2967727140437199,0.5255790388458443
1040190,0.289420330074181,0.30560573421790593,0.3389920812042792,0.31796281309891655
1040197,0.2121582385289467,0.14307995644185717,0.1569317970553432,0.07160622685181611
1040198,0.7662463747596496,0.9982677429925001,0.9399151890727576,1.05054753072482
1040210,0.14863233921509245,0.09192300465255768,0.04219253006604217,0.04706061239236454
1040273,0.325834953861581,0.5109828512182518,0.5287875575785077,0.41783686059813735
1040508,0.07612865154925197,0.09536412827743897,0.09641359138015908,0.2019463132490164
1040592,0.3618350989823683,0.20581513592340464,0.026358600917319903,0.19289189061771328
1040762,0.42418412047018816,0.4147303316471536,0.41276407996807185,0.32646073079248894
1041241,0.32109129108378576,0.5712564872199091,0.523677066280063,0.5600129940398708
1041283,0.2485657247050057,0.20518555561791874,0.15971238811428967,0.1616223594562509
1041885,0.09465492553059023,0.08465103271072037,0.0997507667841459,0.09142180432698449
1042046,0.23391411423084865,0.14961073651533824,0.08103397854067536,0.03998468290106537
1042063,0.4772392179476489,0.2116870595000149,0.4261939085241185,0.44692632784744163
1043853,1.7703587954995865,,,
1044330,0.31860191047922964,0.2160704005886785,0.12092721807540321,0.05113107723911938
1044797,0.07180465596920717,0.1592556049609432,0.06836305857156859,0.15820269022238717
1044905,0.1658629602305717,0.14893152264391557,0.08599631944032463,0.08799012039471137
1044924,0.033566437034852986,0.04532404961766311,0.07277360128475449,0.044971313654050514
1044929,0.2074751236651643,0.5342169664644724,0.03975235074808333,0.06355335617387375
1044936,0.23862594244271376,0.29195416030037463,0.2488308402863075,0.397066962805138
1046187,0.18137458795890873,0.05921825557619572,0.08479171600068357,0.06797564076364263
1046192,0.11711694114330078,0.15657602248770341,0.2258960292716215,0.07695905602332297
1047142,0.26634887724342704,0.15819660213363002,0.12455249565533962,0.30982629842392473
1047339,0.022611979771520373,0.014879933174484751,0.01287919728020745,0.020268809508112853
1047859,0.1888792210479716,0.42186339146467233,0.577115772840157,0.31279961438273357
1048445,0.5259837606877785,0.22930899200810315,0.20893947582931027,0.4261243001623439
1048462,1.0136840241984695,0.9283849526392635,0.7376384086649114,0.9526617580551227
1048703,0.2788509119334264,0.25976504705079495,0.33339413471536133,0.2587601523249572
1048921,0.16373016615338737,0.11359187387682845,0.07067200379127217,0.13460017275656053
1049648,0.06077031850993883,0.07642270273378585,0.10999408602916193,0.05971535868457474
1049650,0.1532249119380821,0.1676032123929271,0.19808743343209675,0.15275716576654116
1050068,0.16142941214639864,0.5985306317294065,0.6304424137756205,0.5791840471279102
1050417,0.1650117502886749,0.12849132002031977,0.8084281895059421,0.7216026890915975
1050442,0.04146267739835929,0.06592575130819153,0.016923400158731235,0.06155389999465984
1050463,0.2783969000974995,0.1659686267032897,0.15259392172470812,0.24956704735459556
1050464,0.45913892362741954,0.7425965289811144,0.8249377660997448,0.7549695405058315
1050470,0.13771548093586844,0.13142591532386416,0.10287665115178367,0.11126501999175982
1050477,0.1598037637567187,0.1670987371556739,0.13416201091434665,0.15746269455201672
1050743,0.0962308795170011,0.07466128670833573,0.06353063218748387,0.036836258177367784
1051042,0.39850725780416135,0.2565988553892642,0.2563908918199557,0.35462319864490227
1051359,0.13948584495789745,0.4131450481429657,0.18515179807863982,0.09176927805066336
1052100,0.2382920887062335,0.24993110595280763,0.25170261947031847,0.21143113381050632
1052174,0.7044240932846726,0.3855322602542022,0.13083076789694464,0.37400471334682023
1053013,0.4040426545399946,0.10931718565006122,0.5028725994375426,0.0717724924563012
1053054,0.09542953543381276,0.22415235251537663,0.1283739327687577,0.637840691214239
1053055,0.12049478488775436,0.12200116356315654,0.5836832289554348,0.13131445676283549
1053136,0.21015543214502785,0.09894381931648655,0.13648899790290572,0.37199921898219973
1053321,0.5949910018632452,0.5188823608827478,0.5867409020352133,0.49491652213082904
1053906,0.054502582233932895,0.07459154201666618,0.05575945511590471,0.19831214204800196
1053914,0.14200640861040775,0.097847259410844,0.05532162844133104,0.16314560038180226
1054074,0.36403183961080543,0.3841250236441163,0.23536204009752484,0.2523416824643006
1054233,0.013184257373958995,0.026811745061992874,0.03592948960765856,0.04957577097144125
1054257,0.058980517349680815,0.011597306866999394,0.6083349415516365,0.608176568374548
1054425,0.05372478777247965,0.15312917752619942,0.02878320636070328,0.06862863097370128
1054522,0.47117541842329724,0.3433182043981407,0.28782851381693764,0.3239339105471815
1054554,0.1406196836236839,0.7198887250858383,0.7678563922010236,0.20837496066010686
1054587,1.01169807752907,0.9206427842226205,0.8814664803050538,0.6665616555541071
1054646,0.11818983018536401,0.06178349545936971,0.06856147265993393,0.06807832404458078
1054677,0.0548671544094304,0.2108344574591828,0.10355874531941082,0.8022612328057395
1054880,0.6941590343040625,0.5488928017374727,0.33710483022217647,0.2837770322528723
1055282,1.0819541431930753,0.9725810137028624,1.4356822251281736,0.1260888856296802
1055290,0.08155765223872201,0.07484374545792227,0.18354511814684085,0.7238501686539265
1055544,0.1790219961577371,0.07564058181109969,0.05744191692701121,0.032309445076935346
1055951,0.2213442174633771,0.20471328237603667,0.2794163257440245,0.389330955057215
1055963,0.25945726272447434,0.09443560000735186,0.2658692542640252,0.030740753693072446
1055964,0.14974677313750295,0.24658244993807515,0.10958895592949834,0.14695569653460747
1055966,0.7502706096348694,0.667778407594222,0.330312326151591,0.26141838476448154
1055977,0.1983504224529327,0.5134484217135715,0.5095029961794872,
1055980,0.19753292606124437,0.13570305844570144,0.1331836176074299,0.30799522237379606
1056053,0.12229701120664371,0.12409408173864313,0.09411794779354624,0.08880377512824182
1056288,0.20434508285581846,0.280949622464173,0.20862052269281217,0.22600570747302026
1056466,0.3126868845442403,0.3454447993009526,0.3196483012045859,0.33422538247955225
1056488,0.10292798779885771,0.08718822737751025,0.2498966681575347,0.06811290110887423
1056491,0.3493412976723617,0.8910376015810114,0.42145057495048105,0.543686562389317
1056504,0.21048076209192654,0.3984538580654817,0.3346398642055412,0.221824511288477
1056515,0.20575617813580052,0.12304889217845798,0.10460747589267946,0.08226525278714546
1056516,0.3001724593297962,0.3578965833297717,0.31566119946543325,0.2648889251888828
1056527,0.9862248587761989,0.9842716924692703,0.776907375098228,1.2267016370269368
1056549,0.07521345602071765,0.271193644319506,0.07819759137884284,0.2508324407766493
1056559,0.08916226910536132,0.08819945847585876,0.17921072374962677,0.04774979724812131
1056581,0.18288715535478325,0.21735079139616567,0.9148843258455027,0.1829925863082702
1056593,0.18512231522658174,0.13118861287862496,0.07012744618882572,0.09233574113143117
1056807,0.3877825148872709,0.250482942916425,0.5100883898819065,0.36032903457353826
1056821,0.12779605781473985,0.08147381026859159,0.048578768017907295,0.05576065888267507
1056825,0.261157400705016,0.08144367099042472,0.17148496408885136,0.051568964326325545
1056827,0.057753270454794926,0.0738444281637024,0.02194543975523506,0.0230247861990571
1056831,0.3820357279343304,0.28736572990386605,0.19938171414326625,0.15141134224964922
1056859,0.8050832829500045,0.2128356295649978,0.13398974873749744,0.20730051849161632
1056868,0.42367277533499265,0.19742364938661755,,
1056943,0.0862075596697583,0.04821902870867874,0.032762912566940694,0.058706519676398575
1056958,0.33503910149428445,0.13880574751074057,0.5885553822209336,0.22954552681118512
1056973,0.7576263800181547,0.8117892170285014,0.7617482652386369,0.7003971621893601
1057395,0.1893474665541193,0.08037436725031094,0.46586780726923377,0.05850941735999097
1057439,0.46065471882216835,0.25333867647443475,0.3569222500615466,0.29936067985403125
1058022,0.2528268408675639,0.34093140669151906,0.24200589466108238,0.19613270416504486
1058231,0.1608963310154848,0.19118148120735712,0.02240850528087002,0.048653696158351585
1058470,0.3975862686186162,0.46683459169318775,0.3570630096699638,0.4819857652463344
1058800,0.3243805177324004,0.36657615678449923,0.22709487283330515,0.17272382455972995
1058854,0.3367620384377592,0.29576431573821527,0.35676408066895227,0.26738413464351674
1058949,0.09325247133189124,0.13273769695818546,0.06787566455937384,0.05350765555935805
1059187,0.21491949522781778,0.15476024204813926,0.7168031895687368,0.7264658341098218
1059543,0.21780326953850007,0.2710865031141774,0.13969648090065223,0.12051689958869662
1061165,0.41685543346754483,0.39857984817662717,0.46137981135998674,0.5712027959897454
1061170,0.0,0.07448197160386866,0.23817081179685912,0.17846339364833746
1061186,0.3948902026425098,0.33648232399450906,0.22049310929054794,0.5117132115965595
1061187,0.13365196923438222,0.15053195261015873,0.2979831875933432,0.06500709156272844
1061286,0.14039610064623856,0.18836721454764807,0.16277953102764414,0.11986935112256786
1061304,0.16670469045647637,0.11247868194496509,0.04272619597706896,
1061768,0.42467207123016665,0.3993021858136713,0.15856318414517978,0.493295488555186
1062589,0.32784359146212605,0.25640509234305736,0.2983493820084896,0.26791934080641083
1062842,0.7602279819693121,0.3254486756425064,0.3714019108450099,0.2622414129201253
1062938,0.45077751685540934,0.47654575420601436,0.4000784481918707,0.45107982625738474
1063296,0.4537460042533556,0.2882667758826029,0.6095531956207525,0.23805775199061294
1063497,0.3490689561693725,0.27542270498176213,0.1604964363029887,0.3388848944523321
1063571,0.04505362184724501,0.045125497809714886,0.06568822398582591,0.048989638861842835
1065349,0.2776546138211652,0.11461295835987316,0.17335247995384687,0.1941586977534104
1065350,0.21598205209158552,0.1302495951520467,0.22822948623358721,0.11092977880848529
1066816,0.21365699479564845,0.06869035355590034,0.06804711076438853,0.05454668985562842
1067324,0.13012982664897793,0.13041015932740319,0.03569290930555173,0.0755244034698383
1067532,0.16139423535934438,0.14652482089845326,0.3198618819539802,0.18077573881106818
1067926,0.14061928675812874,0.20267670971154014,0.1924511957869567,0.29977253993925007
1067983,0.016963499850033797,0.07405647212513494,0.06832510403229972,0.033110459757485916
1068809,1.404216876448751,1.4044359774914266,1.7409500879880864,1.3506918013177756
1068829,0.24772464107258982,0.24766645738344661,0.6367095416290603,0.49703195798785227
1068837,0.22997707420680186,0.3209194961438246,0.2720747303498535,0.22940315450166995
1068840,0.08772329384768622,0.03721393509429267,0.07966475992237633,0.09508564225281392
1068855,0.20316242714200947,0.17347943897353676,0.1761170254301996,0.14253110405948524
1070134,0.04849472317583381,0.07079300044950457,0.06925529748774858,0.06314238697038622
1070265,1.1086908928003107,0.6741549490293645,0.09969970663066276,0.044259653266587734
1071341,0.645643898233796,,,
1071483,0.28345619641510944,0.29264478221683077,0.3494893838131152,0.3913733585093234
1071640,0.12686959769649928,0.2843495425367165,0.13652184302815343,1.1708178135716618
1072843,0.07713231066190374,0.11018795506504656,0.19774217783215015,0.42484725200159307
1074027,0.03310645963018823,0.04230231975010395,0.015841242244119626,0.033781859917098214
1074034,0.33974396702046,0.5667611930421463,0.3706142206794581,0.23967477601793247
1074266,0.07780525857661726,0.08612992306447295,0.04916791713665061,0.07218004585012829
1074272,0.16753126929220583,0.1806539433261364,0.11691885488852063,0.16052492618236414
1074273,0.2038312308652593,0.22410941823162714,0.19402646051814137,0.2651622037143242
1075699,0.06957406388912607,0.08592751689305403,0.15725026205573367,0.13411879888281675
1076598,0.2916514714331117,0.1842469862817147,0.2369826655713356,0.13738540159831758
1076809,1.5737572404675635,1.5459188423740955,1.793082995388268,1.3745519844506806
1076964,0.13715454926182777,0.19423099107251285,0.1430718664960654,0.08249581557524974
1077148,0.05090953428363952,0.03980514208104318,0.36366988787129595,0.04519033482947552
1077428,0.6877603442692465,0.9354877065529066,0.1320991204024257,0.04001076093778184
1077583,0.3510955096470596,0.2541376283823983,0.20006973171234513,0.15486043785312573
1078013,0.21529286068625014,0.31977602454047344,0.2084677896683225,0.21980303304438967
1078135,0.06389684111160035,0.05382515351465483,0.0635316428643303,
1078246,0.16459593275598774,0.26820995132910447,0.16280723648658746,0.21691427875303188
1078635,0.39018071246346414,0.033779367879272736,0.010917614565213724,0.02872306693107766
1078658,0.13478422590116923,0.11918752199251433,0.6716198938280452,0.22295694054672296
1078779,0.39176746065507967,,,
1078841,0.0368344698888101,0.11264441415714121,0.166669680335876,0.18291193564382513
1079112,0.0824492356909381,0.19858890499683637,0.08320507006991051,0.0710927104805586
1079114,0.5897614928819329,0.2753048050652921,0.43760035208867837,0.2653077126581669
1079161,0.1314628032296841,0.069305545039152,0.08398242431971596,0.10672081243663946
1079373,0.06801241799705054,0.07814539962040833,0.1544721920122081,0.18306372143104999
1079397,0.15246065535660147,0.3225777722643062,0.3170921021541285,0.24625042972646966
1079398,0.08373420099529821,0.04462774358209237,0.06971121592076732,0.11189713091738426
1079563,0.34774159764943385,0.6813787001641408,0.4946982053599424,0.4174196403997938
1079736,0.14456022506455468,0.13923944278821712,0.0657957639980027,0.10281181561883282
1079738,0.6414708909564052,0.4441212782548065,0.07980254863484723,0.4316141142714655
1079930,0.15032833712969265,0.025240136009479715,0.05699061070032711,0.15133868920019014
1079935,0.33971637082753875,0.4767546035369675,0.3848535197973323,0.222473879276957
1080071,0.1221476954378306,0.03401810052461448,0.06003613237366391,0.6611067264084262
1080107,0.16107647831342034,0.1735850077127542,0.129538122233691,0.23259367513525692
1080114,0.31627718877766986,0.2204423944743184,0.3283630586344643,0.3014315597746232
1080117,0.419545666408896,0.8855358852703835,0.4697682095573378,0.5538592303116308
1080132,0.10388442459733978,0.37445861968378763,,
1080166,0.06912121095166268,0.04693720864953454,0.029998298507994715,0.0348219160551251
1080171,1.0562325809875897,0.5531632170461616,0.35215521057909593,0.8414702038877943
1080173,0.0823286479660443,0.07093615711827848,0.03378164481443276,0.038521994989490396
1080197,0.021265001282762444,0.02030625573669992,0.017253780105250385,0.010381919463819948
1080201,0.22421257382103418,0.16681949053004422,0.16270683328260932,0.28425287814086897
1080298,0.38087520403552605,0.3544115706338969,0.2937279490972698,0.3081907317129212
1080351,0.20118446839235396,0.35826100454660775,0.4283367470169643,0.6410611882013165
1080366,0.06340440297855002,0.11721784775855733,0.09481336148616368,0.023640234629477848
1080369,0.20944139309260243,0.2043675636966993,0.08581881518127779,0.035097693425995904
1080374,0.41975418885357074,0.6060232140117088,0.39023590608500414,0.39326206353428406
1080380,0.42356056296648675,0.21407746917436912,0.20930891468849835,0.12761028970007854
1080381,0.07775306249872634,0.06199371238275961,0.14321277829640539,0.13810900541488388
1080382,0.1411349079417508,0.06219577069025483,0.018032441832601553,0.1075684345992022
1080383,0.21179160222723403,0.18078135768334147,0.2194645594244104,0.3256556457026926
1080386,0.7310873391519523,0.8444641345668311,0.8404954607490718,0.8154876932990719
1080389,0.15126700503029922,0.12717700066830923,0.18688406048703973,0.1748451920117161
1080434,0.17822458638394226,0.17320354773791738,0.09935774571374674,0.09090530997490211
1080493,0.15583226123886473,0.07653284310879141,0.0803926115539547,0.09335224031252956
1080523,0.18124854910657132,0.37292843361807104,0.11018115372717037,0.1526722998122012
1080628,0.5409176119789391,0.6529057233376013,0.26608537386106895,0.3058561274967281
1081019,0.07240934467242528,0.15621479299824612,0.06279856775650297,0.027542204601988814
1081198,0.5164144048222238,0.5122164799318829,0.4761347886581872,0.6821695302763703
1081407,0.14738074424890674,0.14657357292528844,0.15715766846412887,0.1312686587863009
1081668,0.614802479746357,0.4792542355622526,0.7289169912204444,0.39942615273051324
1082020,0.6077756195378915,1.152756127088538,0.7718276623635122,0.06649053810490245
1082045,0.22612135518857787,0.28999131059635597,0.45117754584830533,0.2945515855814402
1082215,0.1343658452617858,0.09376738836014185,0.05583310583194394,0.2608161124927483
1082327,0.32413454845917666,0.33731635873240323,0.3118936788824544,0.15764335953029943
1082339,0.38277730659254444,0.39894685305973754,0.19409865456730535,0.24378612069272115
1082461,0.056722844538184776,0.05594157660570501,0.1488614885303443,0.049736216574319904
1082482,0.06543037140105565,0.10885598873160587,0.05822815350992967,0.08749299030611915
1082491,0.12120915110744919,0.11396982199974832,0.062058496268321384,0.08473014612290183
1082509,0.10085444350264111,0.09134272517152259,0.07036301427018417,0.664710992909547
1082621,0.804379984891382,0.442147584608769,0.8275350201781644,0.13483637498774534
1082849,0.12368360639273575,0.220734927898663,0.15197483593753816,0.04405856986576907
1082917,0.1541141970305668,0.15755864521587679,0.13834424117253713,0.16708608781560189
1082970,0.09183863992109309,0.10251519857640004,0.07668795930623867,0.03798132100498813
1083190,0.3255665395446443,0.28243987756518535,0.22081274209939108,0.2575011829740204
1083323,0.13136583458576864,0.09825249901643097,0.09128101885040486,0.06348896029074298
1083340,0.06537171899766835,0.09178262045752718,0.05587192275901317,0.03919336203847947
1084207,0.12971012423124434,0.10213740011242972,0.07655023903173735,0.1214109815024749
1084208,0.20780953020850723,0.20825931546850907,0.14024326424461048,0.19349154196150706
1084580,1.0448085308443058,1.0395322102933535,0.993102013148475,0.9820786409331635
1084683,0.037354605093726755,0.054710453782018074,0.14020959899474775,0.06300096503704146
1085041,0.035254206559098306,0.08274867650630618,0.05211321938896126,0.14688497841747744
1085163,0.04963538625486971,0.05917509334120113,0.036562634508947485,0.0504988819625279
1085227,0.033959663186463436,0.026753294076597888,0.07508954786613253,0.07912283146179365
1085256,0.4112800485012228,0.4505295290519211,0.349613377989648,
1085338,0.2283517313009298,,,
1085393,0.5567583495522983,0.277960967295876,0.3044251481508856,0.2393061796207553
1085550,0.0,0.0,0.0,0.0
1085601,0.12830573870272877,0.15605031335889957,0.12099949686199031,0.23440898733662957
1085635,0.10283638419553798,0.08129457223174755,0.07057065407991775,0.05826857305412302
1085825,0.11320827028786178,0.05653299492012818,0.10387950430224109,0.10540494199163984
1085867,0.1663431768297307,0.11057738756594322,0.15295496045009113,0.1295648211199982
1085936,0.39103662531544836,0.4791057058107341,0.4250275454572085,0.4731472459336967
1086131,0.17341313882029885,0.1921959528503216,0.3815760425268644,0.2661456296096897
1086137,0.42638598169612585,0.33946334868107597,0.30792223417981557,0.4307432074710404
1086364,0.22876305543192915,0.23104912971784575,0.18980931738543846,0.182430729592493
1086416,1.4001191290327122,0.9368324779272212,0.8592156347525438,0.9129246379140848
1086477,0.048988523737876453,0.0026706676892534046,0.04443000175963045,3.2717030839328605e-06
1086483,0.26380545763163876,0.28693696568727384,0.19739813302761483,0.24132695947185853
1086504,0.2549803633827127,,,
1086555,0.2359233455788618,0.11237506946422081,0.16011947960452375,0.27954471039092116
1086619,0.33414982920015,0.2897263691798432,0.24509741516207467,0.23565811046660312
1086762,0.8274612658894339,0.8562295368107778,0.6398919733677354,0.9051846601303704
1086763,0.4750205549321386,0.22176154756879712,0.14895608919532033,0.1755881356986028
1087912,0.040933211344922234,0.0007587804622103114,0.02764413565001924,0.11248652579448125
1088731,0.3531742425193585,0.2759048383940241,0.23496072650575123,0.24825920945117833
1088859,0.07133813418722772,0.03575280469384997,0.018372989937400327,0.013642750290341975
1088875,0.15055398988244298,0.15240863783805422,0.10182308430111564,0.07337772266421828
1088950,0.2212452580694305,0.19600174913114343,0.0775932359237732,0.06797088877520192
1089212,0.5553106575670839,0.4273485019684556,0.3236648061796651,0.41407916131810557
1089710,0.2505838917558136,0.09369291998279186,0.06197571772658078,0.08818202421980663
1089755,0.7566119031990941,0.13843225729276504,0.11734432408565526,0.6860106638085214
1089877,0.0886897896797429,0.06347789622979166,0.05180799851815645,0.06385642335532354
1089911,0.12641783919521254,0.10683809947543134,0.024922468232222283,0.07299005078251043
1089991,0.08931072003826991,0.12546782605650145,0.14118135232282222,0.09842961474950458
1090413,0.2513469669918753,0.10682027031838973,0.09665175166173037,0.03494996122479274
1091559,0.07251529876911408,0.1717330864893551,0.05803488810375181,0.09955747198541975
1091561,0.5900336159619345,0.44874407977424213,0.4967711221500129,0.32957431139513704
1091860,0.8453693830110584,1.3692037894421607,1.1383423617722026,1.0729504434300006
1091923,0.15479333836995862,0.1201830163603288,0.02953624921292056,0.05569480394539051
1091961,0.1581212802083548,0.08301510661155369,0.0850423089257316,0.1300508633755756
1092203,0.2778699219961523,0.414516713110915,0.3541085577719169,0.43174253256550715
1092290,0.2522666190827456,0.2709225054971845,0.11106817181337889,0.3000934532741759
1092351,0.2871103625352813,0.284669813544002,0.16200726007652558,0.35199924254728265
1092688,0.2795972935547282,,,
1092785,0.09258890711146922,0.1858080748353084,0.1868490201442157,
1092838,0.7819261456414903,0.36579286887377505,0.3153844536420216,0.2977952217323056
1092903,0.019637648408483727,0.054022761700881154,0.1460275851096257,0.01051701695431177
1093060,1.5705865194601853,0.9961217833643068,0.8836694131940943,0.9755139301803454
1093255,0.22542698114794726,0.29444893522937193,0.22697756191794097,0.16320579735162452
1093276,0.15760501163067547,0.004503689859759985,0.38306452547632286,0.16677619447837788
1093589,0.15653292971016697,0.3552776557111694,0.14187810667912584,0.056363529258565644
1093694,0.10310808722936643,0.11726082516568333,0.12062211622808054,0.10627181284432469
1094499,0.10410360448687117,0.10129283915538259,0.16690507163737958,0.14770901154964902
1094749,0.6123274674574369,0.8367272445250528,0.15356987615024453,0.6454544111166368
1095721,0.08023760523835478,0.8012234537880731,0.14560971579160223,0.20287235139299697
1095836,0.0742459195651947,0.09395644686511499,0.054569998572958016,0.04138259188741462
1095952,0.7904028338683426,0.7473237839142752,1.1332922657076392,1.0605456814193264
1096343,0.11255678400559957,0.03464710710948764,0.07808303074831997,0.047295526986687424
1096783,0.22379357257807522,,,0.058138358517688206
1096978,0.502639826489682,0.5288316998798683,0.6959043418246667,0.9881627706358663
1096986,0.03950340180756323,0.0009260602282827594,0.339753640462154,
1097218,0.2725312672675644,0.1678000456743442,0.16583896772246007,0.15367920974176677
1097278,0.30769040285807703,0.4600496578395553,0.4050421782268832,0.43273925851111594
1097362,0.6439384544698398,1.6366106681038108,0.1876294168708661,0.1469885725203331
1097833,0.1283460853963099,0.1918464128578404,0.37120385766824177,0.12366961998909144
1098062,1.344914484256836,,,
1098490,1.3821080542239623,1.404797862529076,1.5380892542754048,1.6245076714462015
1099281,0.23647048047814095,0.3965151531152063,0.2596913602535725,0.14135911117847702
1101250,0.09183806583659818,0.06731806570841213,0.08647041011010703,0.09680802488706156
1102062,0.391829390220264,0.9128315905307063,0.1385672713367046,0.5266021379296385
1102256,0.062034113558925075,0.0367410554982445,0.06946411906229158,0.03499295192721746
1102578,0.11283267916059699,0.10916678044603768,0.09987920604595489,0.1381794154351255
1102598,0.32683508538464984,0.292065207679033,0.19838877120233445,0.2045417739102047
1103245,0.041208929993834666,0.12411807690308364,0.1000322114547174,0.04854066644449674
1103646,0.573813439954357,0.5627281248981088,0.5354674810201031,0.8254873444338103
1103653,1.3090868056069531,0.5203620218066969,0.5578741210820316,
1103738,0.46333767302396456,0.33998381900762775,0.39970595805467934,0.2427014687915027
1103804,0.7040786899669316,0.950061416142918,0.4512369601506757,0.4855610484186156
1103882,1.1536532803537978,0.999091278564672,0.9767022411763945,0.9540645571714323
1103887,0.7681725290538571,0.38952154539821143,0.6031257321589262,0.4983889597875617
1104186,0.6387964955782097,0.821551193156298,0.572692077034775,0.6087155469752353
1104329,0.36253411015788767,0.44592538670118415,0.40159487236060365,0.44927909877193833
1104366,0.03903467820894987,0.049684417571618955,0.0359606635625649,0.016051202678951642
1104883,0.47356447577117594,0.5033639946153543,0.5857001607942226,0.32719434537789505
1105087,0.19954027261645269,0.5392095069007293,0.2989353859901669,0.22538281202821572
1105344,0.021208341210736694,0.15423615146932276,0.07783634471410668,0.05452859307523317
1105467,0.24231697454229423,0.21725694155356817,0.1025403551445594,0.2770902171248302
1105468,0.3775168743132743,0.6378330292526665,0.7924279718726385,0.35053988528292873
1105471,0.132726848293396,0.002439868994467392,0.000873870048377121,0.04518087839466799
1105497,0.14892802081903694,0.19351924378072738,0.20105764533776085,0.08219483406692851
1105837,0.15498358412465726,0.19177683110796515,0.10170554019156088,0.08816821658489629
1105838,0.6562694750157395,0.14197512726509212,0.345337323253461,0.07166418039978321
1105863,0.06691172535316355,0.058021833986722234,0.05545488246478847,0.03480782913079769
1105871,0.09490277044896384,0.046631458274696426,0.034072286279267644,0.2128536502342767
1105876,0.15340331916234157,0.3334595162564573,0.08537723824570015,0.09688789146231883
1105907,0.11952956855776621,0.10592101274121092,0.0813726470324499,0.05562366340659112
1105909,0.22882728934400173,0.23321999909095018,0.08906330060442996,0.13850617709259988
1106129,0.12286593622460723,0.09858804069833664,0.04805521992194782,0.07011648239589062
1106191,0.23703692167583923,0.29182743373117204,0.17411366197865372,0.23104929019920337
1106500,0.7343578844296422,0.4111978381486553,0.34205821639583955,0.10471308171633452
1106505,0.14954700363158455,0.3338477578497146,0.26354360966812146,0.2558690027452794
1106544,0.10199046113311896,0.11355108156143495,0.022691935041059402,0.020329978514951032
1106565,0.0451587207342768,0.10178877884045108,0.024853263185404362,0.02614398283176757
1106590,0.010798152512694744,0.005000339148774678,0.01217667060611815,0.010319625007399576
1106832,0.5291794847853247,0.5883608226905692,0.44721480091828847,0.49746644938509876
1107211,0.17716760663037706,0.22387592899401407,0.3419125200340596,0.18377630207150225
1107261,0.3386787079148574,0.3641506130077455,0.2740327451514415,0.25538113644115806
1107310,0.4822972805673097,0.7217765612999371,0.4228915842367293,0.30532000909216184
1107314,0.10189245645416586,0.051392541720139934,0.11018709551157033,0.33294972690957275
1108829,0.7425170447558256,0.7627879816297356,1.3426308718081967,1.1500277951461857
1108831,0.608619527080701,0.6202851187847187,0.5466649294438469,0.6269802109350204
1108893,0.3820834011456789,0.39474873553873396,0.14965658579201835,0.15186729957956083
1108965,0.05976188316200681,0.06154973283277888,0.04705899710173723,0.06040582919573843
1108969,0.15335928525753484,0.20223937319578575,0.10367549139674338,0.11581984098539796
1109147,0.4650507254653832,0.3918161455841394,0.3642836562289132,0.3360920257315232
1109228,0.06990514233516265,0.052158604797567634,0.10175537808311577,0.06994944429906856
1109426,0.08913422031560704,0.13720863351440843,0.11116753431792095,0.11736498248683025
1109448,0.2203659593047932,0.1832844372673198,0.19847323347716828,0.18571401030820475
1110443,0.20107334226590817,0.8133765083561713,0.05645975718977342,0.3013242544516292
1110806,0.2201444443746109,0.2753665288535097,0.22656099638086663,0.2232720968773684
1111629,1.9401373966059432,1.9089868538641321,1.8969649752481714,1.6633421550516245
1112325,0.1956779265705307,0.10021573646747294,0.10703455622828233,0.11186397031858715
1112520,0.08406807849403942,0.03359454015141368,0.05280556828692688,0.0019689837854023682
1113000,0.13841501407750997,0.20594281049368582,0.3124560971588026,0.09453944480659325
1113629,0.17481633898361895,0.22540209052084362,0.17408405086823728,0.3031183873435211
1114039,0.31301416411439686,0.6588021765820964,0.14856715283441882,0.1787661976180497
1114618,0.1024023854881769,0.10619195921044332,0.0741187844009251,0.09802984334518877
1114702,0.1804427044637307,0.35314182504298247,0.34618612634189444,0.3694199737658914
1114739,0.14848444466171373,0.16020060727959354,0.12236437874449198,0.14149412149622742
1114928,0.11506230352631731,0.6170562586245409,0.08853086331063768,0.046703414438333354
1115055,0.2787965971382113,0.3082325950053479,0.133904755369531,0.04201679046727879
1115373,0.05187024104993407,0.1326092868142085,0.13735415804576875,0.007953231393760038
1115418,0.03650113824257364,0.055939832307844745,0.07750085680640338,0.06626225087683812
1115941,0.15439391680433082,0.14822732838331937,0.08907000126287125,0.09342332897382678
1116247,0.41780073013470087,0.19900821216949974,0.06299605046989444,0.10697688896949108
1116544,0.7709140731302081,0.8803982153423212,0.7528043646116402,0.6944654305417893
1116992,0.3784158036622002,0.5136122072369168,0.44412177865441915,0.3844920717133162
1119032,0.3565158734133014,0.1489285936652954,0.11712388451566734,0.6216688593029416
1119191,0.06007327189957663,0.05332886512812408,0.5258163774976025,0.1167421471896105
1119254,0.1346536222275531,0.14425802097078105,0.14342661738002213,0.09201392360669848
1119376,0.6977267152736923,0.6919711711708235,0.3264107358643187,0.2954164257851845
1120926,0.2852800496180727,0.29399395372712966,0.12416447193698867,0.14951829351544121
1120927,0.5216277231250498,0.1659905140698161,0.0881923863367108,0.14733318156965552
1121330,0.11844103330316627,0.1966545755419416,0.1691466136033141,0.0802311034181493
1121477,0.270861897674805,0.22011003658415507,0.13325248572500825,0.1610082550847883
1121779,2.0,,,2.0
1121908,0.05518665461927872,0.0906396631174872,0.018718699891883395,0.0338356251713882
1121943,0.11889630320083139,0.2569695978813276,0.11885774849165523,0.3659415322802937
1122241,0.13343841734067663,0.2060527159841536,0.06113132073817088,0.035427731805149874
1123274,0.3133286945802596,0.271182287416315,0.25650672532674285,0.21908937328866718
1123320,0.16752690941573117,0.3101302351941,0.1601363626851639,0.024941276854648756
1123570,0.5357634162251608,0.4279445132849251,0.38997527681379696,1.1652562514836933
1123778,0.0917264772307384,0.05410254670384738,0.718221051983324,0.7243876938099594
1123798,0.6533005362613089,0.6060597985263523,0.5891961278312008,0.4507993659607283
1123803,0.018534420755518782,0.03628604568357294,0.14627455140647697,0.0032992651604703575
1123812,0.0834282464144113,0.06076402538493484,0.038229108208422895,0.04972196349394224
1124841,0.035245276348640706,0.0353107134808076,0.1009632034523236,0.6591704577921806
1125243,0.02316459006571866,0.007476570895378428,0.02697638045328,0.003740453191075868
1125725,0.07734208521662919,0.20443810932859535,0.34160387747003795,0.5330231936138102
1125727,0.14318061128062456,0.07882107616032043,0.08985256662860801,0.06631324420916261
1125816,0.3386406873165201,0.5738459468546153,0.3587345278293819,0.2858602542738152
1126328,0.16307176159454653,0.14906101557098744,0.13626668662296537,0.11523791284438568
1126395,0.13245154421363997,0.3257682385138282,0.0745249249204,0.14480358522155298
1126735,1.653727286789116,1.6374729310348433,0.024580637657707585,0.09898068192975591
1127544,0.07201595955575467,0.04584856926217405,0.014169648383861142,0.0320927036054608
1127761,0.22133906693556551,0.5388221970163597,0.24067923438572197,0.1787376828569588
1127799,0.5799919176704829,0.32108384594573514,0.20517605853680448,0.2757981874115971
1127990,0.36965322513894205,0.3234626777494483,0.2982173629748839,0.24744590824523377
1128074,0.8092787666083957,0.8332001029020769,0.707772841542184,0.5683346509068555
1128213,0.06553869567682918,0.09237097271079585,0.05112267827744972,0.22376355235471201
1128239,0.1291135809767627,0.4817694594698355,0.34667934972146375,0.42008743339320104
1128251,0.3463357121243006,0.3135959577338784,0.26470912743440494,0.20327777729534718
1128286,0.128171407060038,0.010496032338455984,0.023542310363450485,0.0323908374149007
1128452,0.012570795622498278,0.0043552712491273455,0.0028522126244707037,0.004518204681717146
1128573,0.36956303151941355,0.20431630939455,0.2073825510377029,0.3036855963600155
1129770,0.8565270871349339,,,0.12683199949780127
1129919,0.19615689607579953,0.2661188917470703,0.18171178621432582,0.22143864020290777
1130787,0.2893336775358164,0.19789822747772637,0.1259764142821942,0.1348638260886579
1131667,1.1864852453944272,1.2290349753660934,1.1686073662883145,1.155037857278452
1131908,0.43123897622049395,0.4450413172557066,0.4575013673708614,0.3425098749683792
1132356,0.6748373024508391,0.7260192477170769,0.07490707805682721,0.14643015584537264
1132556,0.17227654603083345,0.09118935050667236,0.29362526302346637,0.25548443368883333
1132668,0.0073787305536862444,0.9207514574268808,0.5390754968914637,0.4293294393085953
1132699,0.07499875076470112,0.04793968079357143,0.035670078841774824,0.033671828769745345
1132708,0.11845641398319413,0.09419115730828637,0.011374990572624057,0.11095079179625841
1132716,0.979618267958655,0.936896295000299,0.8061124692096593,0.963262182309566
1132897,0.8553710025294856,0.4111931979334216,1.6455342094652634,1.660644640012078
1133014,0.08946698912504808,0.5151330790447874,0.15460614051775,0.1290861089345122
1133197,0.1578205435007249,0.056528476171700696,0.048995619723988575,0.03126394272397436
1133219,0.2502487483698057,0.4439275002047534,0.16686370072944745,0.11986780550147622
1133385,0.16720177643327722,0.1789450057505535,0.09464172133554949,0.06842070813015108
1133521,0.22236689933845918,0.23102141388323894,0.27093580078123414,0.10670332163466706
1133639,0.5784717657798977,0.2171966563219573,0.4539252901983009,0.4465234320317062
1133653,0.11558135566082865,0.23002747688827288,0.15023533885113036,0.18284749805200723
1133939,0.0,0.0,0.0,0.0
1133999,0.09413457214353421,0.12435545792991472,0.12697212713010733,0.14048819619655709
1134007,0.30272482297001185,0.3699180704715775,0.39572958152539844,0.4475201358053177
1134008,0.11250167846414742,0.07710296252991042,0.042621346200852686,0.07781547020802869
1134119,1.2598709767483363,1.266338243818829,1.3043908328419642,1.3187611003893829
1134152,0.19597371037208655,0.16550360869669262,0.0576985346173008,0.04595194502175316
1134283,0.10881775568985375,0.21791878931647682,0.39681689573317575,0.23029108041299082
1134288,0.41789656528074504,0.6313959207727117,0.5355321484326241,0.5240146824386377
1134319,0.09094188677133287,0.1325905293349618,0.01680852515205412,0.18492515427950013
1134621,0.19293395123801654,0.25464783815252856,0.12023010341209682,0.15670987819887425
1134628,0.9307412214939633,1.0405232826344053,1.0796732889368263,0.6630551796113122
1134687,0.17506435946502835,0.2001263699394951,0.3526245060148816,0.14929575138187345
1134813,1.2467575541931546,1.233498140370406,1.292658363135613,1.2349629263547997
1135077,0.03422732475617668,0.033726759719043035,0.03484309988767142,0.03834086425987133
1135121,0.027382806525372574,0.35704116454939755,0.0021890290224636463,0.05047523845188884
1135307,0.11288809270555336,0.13067577248500054,0.09224819272151948,0.22792924858591554
1135439,0.07775789556393986,0.1808024874628659,0.11187383063540313,0.04972182650594628
1135730,0.3833190583564439,0.566299385328558,0.4255074085522989,0.506122403599351
1135778,0.1960697679601572,0.3829315904320297,0.2333971904231661,0.05077883959811268
1136704,0.14689355661488288,0.2619950634367166,0.19552964088284963,0.13448717797073767
1137429,0.11908617076427852,0.08945808706689494,0.09499083301657388,0.12033146260784823
1137521,0.8617082047192379,0.6819437419833277,0.34867435651008666,0.380008916152848
1137774,0.22674084135480668,0.23060999276185973,0.1963622870670242,0.1923896333982504
1137881,0.16569475980343462,0.1091323044988321,0.05827051572908878,0.06013328342265681
1138060,0.18734580273261386,0.27246310346202746,0.1757475959681379,0.23142760993003705
1138486,0.07381736123757646,0.918239067509082,0.12414623264468493,0.15861704907463114
1138897,0.2138326779393801,0.6143267572823004,0.6855894986017977,1.2816485667482795
1138995,0.446252558986363,0.29991412863302525,0.23125644075198498,0.34352889270723863
1138996,0.9544909441217222,0.8762900957750617,0.9218396246505061,0.8331563037426769
1139986,0.528876633416915,0.15410290375152333,0.09101435633511105,0.10015344104733745
1140022,0.14237375434673874,0.07194164685324848,0.19898504471900996,0.3739458363892021
1140042,0.8070639535969014,1.062795153187962,0.7602339392930801,0.4058979786342968
1140315,1.282908932911272,1.21149497543354,1.4090846142636593,1.1499744158503031
1140331,0.10594425028856086,0.036916371894861584,0.0335293396543843,0.03736542377779965
1140334,0.17232768208729893,0.31896205307080744,0.2272281519627025,0.1861442337307375
1140436,0.24794996559357643,0.10079048625057435,0.030558234116545836,0.03679260700527658
1140468,0.388489596678858,0.20949707786501656,0.16177345142213145,0.13411273098480256
1140474,1.0216064317660645,0.8068388932452212,0.9500420662189646,0.5488744229630438
1140753,0.09522149313592716,0.21975061536403082,0.5066061751346427,0.3179443009196785
1140771,0.19155551565407689,0.24095502241707994,0.2185322087431844,0.11094000258580801
1141455,0.6340565866443159,0.6802785986370018,0.3376860516694094,0.4081830058820931
1141781,0.047712348934862356,0.032551929751977994,0.03506939683373715,0.03562376133232408
1141800,0.5370981695653575,,,
1141802,0.18918551392478275,0.2763091368920647,0.19458818145321463,1.320213136012901
1141911,0.2464640107839103,0.0,0.10852617550491221,0.21858811541568868
1142031,0.2619781168551252,0.13741722078851631,0.0982520189042671,0.07220201127864376
1142062,0.14535771715438262,0.29921362266354246,0.386215367687386,0.06069008099079655
1142433,0.8855030453461079,0.679496671769426,1.126820726400906,1.1412445076430102
1142495,0.26738969214311553,0.18953424663398574,0.16181563704457627,0.19032159743015778
1142941,0.37047968974607876,0.39566511567891116,0.5771714533507681,0.17171387034374436
1143261,1.2275076572157535,1.443514900796896,1.1329889950932228,1.1877369603371764
1143892,1.6499828066701383,1.6394356548998177,0.8394779267670291,1.5238492378670776
1144492,0.15688066247373808,0.1495102551213397,0.1742243018315255,0.35451623248083775
1144903,0.1054752436709732,0.03644692468947642,0.028920033549159185,0.02432631302260441
1145020,0.22802163398662378,0.33156627142698236,0.6254125026213657,0.1786372583004864
1145255,0.6288278503005896,0.27185704789448994,0.10868193691726136,0.29857550326473153
1145839,0.6026895563712668,0.7846301610236446,2.0,1.36600341259258
1145935,0.28376387920623897,0.2900489033660031,0.11640998829201757,0.12366384959572621
1156175,0.7254085574366158,0.5183564053764834,0.6391986524278165,0.8677131472040599
1156185,0.053822517266684064,0.0799519227922126,1.3738258568168693,0.5692442615163245
1157436,0.23984723356842974,0.3514485983988613,0.22670780674920643,0.18178567429586678
1157765,0.2517148979221129,0.266260953926289,0.2802400614343979,0.18049496270567927
1158202,0.42112128119108505,0.3201056950957963,0.5012402118600965,0.5140658464221857
1158274,0.06488079002018152,0.10100022214192521,0.06067420638387629,0.06233281675530539
1158583,0.08607311981774957,0.04775114004500034,0.04667162279762494,0.038045604669387195
1158970,0.19584083434694602,0.2210418650611043,0.171738158383293,0.3261091391681665
1159159,0.7384593491469538,0.7771267526022263,1.026246122082567,0.8414670633929808
1159363,0.1875699169116758,0.1877023093291747,0.0911982040169112,0.15244619488004701
1159457,0.2512794565881326,0.15252110916111072,0.16630168862171885,0.2019228459657032
1160099,0.12645906420751643,0.19605985774829562,0.1529937920979956,0.08634613606267695
1160106,0.14029042716325163,0.8036849178013623,0.06696926165307474,0.149665741985032
1160841,0.17320189514199866,0.1858433855442478,0.1412756893186483,0.050993915143345794
1161670,0.17906766564604906,0.10336256519622497,0.06609177988588573,0.10506805696207563
1161722,0.273813314830244,0.22620871742179213,0.3102333329085625,0.21941454410864764
1161822,0.3291626064871794,0.2792319150702567,0.24688059639358872,0.2013719042832545
1161825,0.0741335341708155,0.11449848640220836,0.12566727019498924,0.029732895362671673
1161927,0.377961365321393,0.48062908954632816,0.4446964612421877,0.3849370734312213
1162170,0.10086311042599629,0.11033814037126269,0.07987867827804143,0.04404973535088638
1162781,0.02976495518554183,0.12573074404535808,0.07514217454807444,0.02942466785937304
1162827,0.08055901488784342,0.7244743748495076,0.6789156115977506,0.046497530798882344
1162870,0.39246596187455135,0.165047812940523,0.1392340309032822,0.22928744761941738
1163603,0.0,0.0,0.44260835199993076,
1163648,0.23610440049104506,0.3371955175590138,0.3930390104084322,0.491489738731991
1163653,0.8481057624888361,0.9253188592339219,0.6589051180990962,0.801639878553058
1163744,0.1702137697103068,0.2369158095800765,0.23384875077114092,0.11585605487165637
1163902,0.14911688604853668,0.1707486064383686,0.10452526399038195,0.16624631869998768
1164062,0.24751288965691978,0.1933153641705663,0.2609105109266107,0.24707721542370814
1164478,0.04997511687927395,0.06224148900644525,0.02680914947360847,0.030036236545107904
1164508,0.9816526193116891,0.8954405057354196,0.8139195585373054,0.6467249217516657
1164632,0.25740075453900657,0.15101183095756351,0.06390132298954834,0.09082467244760943
1164688,0.03980693979866413,0.41220872660090657,0.3653670733844682,0.7748351145006602
1164833,0.2425219813132973,0.19213208471911983,0.11835672690212196,0.20760004606892601
1165002,0.47549654986174766,0.27721257438185515,0.45139750380480465,0.466470621380865
1165248,0.4816667607708257,0.39940134145851425,0.15313242831562945,0.9224574189938747
1165408,0.3797669980578256,0.3257497614216446,0.3166515824163755,0.30962927152747893
1165501,1.0636081816456275,1.4900241339458322,1.402710198461709,1.2556372587414522
1165797,0.5245157203890778,0.5799121382792102,0.4720952485218823,0.3919084089398182
1165805,0.13373072518048504,0.155716026764648,0.17605589560829624,0.09638579955154064
1165830,0.13045032924173525,0.0,0.034274554958238314,1.294753783035547
1166134,0.10738977957259564,0.05270270843749898,,
1166147,0.658615279904431,0.9845175125000691,,
1166152,0.25358863675338084,0.27119481365222164,0.3002849712387449,0.20852323384706034
1166308,0.4237939649069734,0.5406145262587498,0.15455767161657108,0.24115311854537314
1166309,0.49155605876355607,0.3709049980309853,0.4210976409886926,0.42842671672471644
1166340,1.671490924489568,1.7862323069538948,1.5950573678522795,1.7064616728334772
1166385,0.17313110253809616,0.29290306236844044,1.2758654054224805,0.1690590162573297
1166402,0.3334018669855738,0.1400163739243309,0.24268094502077975,0.12985603620605995
1166559,0.04992944465346441,0.04059080326803077,0.04343574910640435,0.08071169804418192
1166564,0.10991827419949517,0.04412474903541448,0.23484932839783593,0.07831596764347323
1166573,0.0726879643081651,0.060867640997713635,0.08005430318924879,0.062045876238671645
1166588,0.9758371923607355,0.6833394880260952,0.43093307895772415,0.47046080822297354
1166620,0.2102366614368968,0.21410961634237335,0.20028864092347484,0.07698121999193847
1166716,0.025057920571699276,0.39203634749920463,0.08192238611388918,0.34322307069107366
1166741,0.38372892915334933,0.15454003898390403,0.1806711200812089,0.18908789837596188
1166767,0.2681989945211925,0.24975599022469916,0.2670859619506661,0.21050742863855013
1166850,1.0374057581846459,0.41769361688239287,0.6064357629404823,0.48827225913903716
1166880,0.4032262359405622,0.33664302616197533,0.3920101639506358,0.37982970054651993
1167026,0.3612458213523249,0.2579362355148139,0.16332791395616927,0.22107416257214949
1167167,0.8049905053875136,0.5684887777574762,0.7533187807534165,0.5640887530740778
1167212,0.07097228126172536,0.08934304958604017,0.08714946519173772,0.09130937444748682
1167365,0.7550112755667259,0.7561430156335555,0.6243651428307144,0.7557901755345028
1167376,0.9764953687510121,1.3575022675880162,1.2988106040122585,0.9513779420213564
1167388,0.25433316783059556,0.3681885454643602,0.2515585655097452,0.32377493969872656
1167456,0.8331514651562385,0.810721108860214,0.8022541678930241,0.8565774407819009
1167483,0.3481961340217005,0.5632563094841093,0.7610314361316197,0.39520124836528375
1167487,1.3076030790086672,1.3802624782402297,1.3819833292245927,1.2618066063931306
1167495,0.23025061464384655,0.2582161235021999,0.18349062240587286,0.15584850285283103
1167553,0.15407382767768424,0.06950188439214641,0.12550754092554148,0.09323057122987088
1167557,0.3096751167858469,0.31005768249902116,0.2314876770773559,0.25886133804792794
1167711,0.07020892511139507,0.06726885199714071,0.07054628541311385,0.06612105113988564
1168664,0.40443179028255305,0.5268602166886229,0.3927678702553328,0.6356812110846972
1168889,0.16200221378868115,0.18876612971607265,0.06793324770291925,0.1585289121430976
1169069,0.4613905640289025,0.3276349849651744,0.31826007532823714,0.3258219293104556
1169318,0.19148214586665346,0.010789048587808589,0.23799398650368644,0.5175437921274277
1169347,1.5214776418654652,,,
1169581,0.2871975816773854,0.17038525112061723,0.18201295026132788,0.49178858767493605
1169883,0.24581363712267265,0.30952674875560476,0.47830225812123317,0.2030264886007309
1170152,0.39905335443962153,0.3944971486810268,0.6835266711132773,0.4917233138753047
1171592,0.10512072892601669,0.24210771523727284,0.0767571782757656,0.14880917456927906
1172036,0.05359760935731943,0.06816812595113221,0.0643479257679418,0.030300684294928642
1172779,0.2461641512631829,0.3063992639590086,0.16594469127959643,0.3861508774166151
1172799,0.11841137141735114,,,
1173329,0.41086269815011167,0.6686758057737036,0.0760408457933725,0.24526077533237853
1175130,0.3519684515735755,1.293814072296639,0.3613933497997454,0.4185512273819956
1175399,0.37235279449864706,0.3338123637447798,0.3229397738228992,0.32865380892668955
1175523,0.11429445446791986,0.09043711213363062,0.23330861236560457,0.028975217529302634
1175954,0.31889136835716025,0.19538051226726252,0.22470190051665878,0.16243920460220684
1177018,0.2989661593084524,0.28203745917660844,0.3720960646409003,0.2588256044943718
1177043,0.8145628241133855,0.3422427015442242,0.35592164137034366,0.26717036257876636
1177132,0.0662649553881932,0.04110449108490403,0.03867410482676284,0.05760909321676782
1177206,0.30395517921097187,0.3633549713415117,0.4016126502663393,0.36603816787092314
1177244,0.2600664257014746,0.2797744843581673,0.31331314045781034,0.22524169471076455
1177719,0.4454458582187986,0.4835310123246486,0.37149330667616576,0.34148822544877977
1178653,0.0,0.0,0.045213184267395706,0.16457615194826783
1179232,0.06507032471425576,0.10780463510537049,0.0199735251490464,0.02475818385620079
1179392,0.9440341251409614,0.8776193298073462,0.8251807299400936,0.7731058445214315
1179475,0.8523361214517814,0.8153455892576595,0.5193887101235952,0.8404682289458785
1179791,0.2298812339605651,0.3535945351846525,0.24078934360152277,0.2279965375500111
1181544,0.1162288644772835,0.18932714630593597,0.09227070439009633,0.047670937011110914
1184820,0.06857537916654581,0.06510408797505363,0.11282820662135062,0.06025502801724053
1185072,0.20457846132610027,0.7500355280871198,0.24479273839356727,0.7111359492782743
1190327,0.04860728079821007,0.13024638857192555,0.22435484534947198,0.16610809056621098
1191672,0.2233954823518497,0.36589351167291734,0.34359008593353346,0.27910269158669426
1193586,0.15898165547742096,0.1761376515046566,0.09906150052820985,0.3003376968138902
1197853,0.01864888905977496,0.4270283271868475,0.014640169217537441,0.051572750064077466
1197921,0.012936126301858052,0.007461947539356328,0.03297169420073194,0.020416059664591136
1201001,0.21160690085263392,0.22846688149487054,0.4173604565977307,0.29409451822843957
1206792,0.17714900901407277,0.1560381493971345,0.03907759715736038,0.07026782657043376
1207017,0.3782417893587879,0.24220204718708505,0.24446636962638943,0.22331383093407595
1209324,0.17808694435040195,0.17749248600106157,0.06989137177196106,0.08552008032855724
1211028,0.9992592012402025,0.3081416368649386,0.26965168742177464,0.11594865555907227
1212225,0.833787120131366,,,
1212897,0.6600510829715815,0.6915989118013174,0.44665036683020604,0.39014167190348475
1213206,0.19977617022283178,0.06818111777168792,0.11078992987462477,0.1142848184256679
1213310,0.6726665234590883,0.8464449944980159,0.6756254736510429,0.536614959603708
1213647,1.098917471008985,1.0120568867429787,0.6308313469512017,0.5080073907401152
1214183,0.07447496842899437,0.13035332358890545,0.07054728744410275,0.052849853116196076
1214639,0.3997791478985665,0.14019850113144797,0.1942357955595436,0.3007283501561378
1214717,0.074999451743398,0.055710132449170405,0.04303984847857461,0.06190283116740443
1214816,0.34137650263616653,0.24051109197160675,0.7707121611071485,0.3369414891120464
1214822,0.681953239090584,0.8498570996848753,0.6789499611506752,0.5286358358895262
1215208,0.14127761746120315,0.0927678472935354,0.05836563891058177,0.08177389422726627
1215838,0.2377642480381664,0.2811146384304669,0.1616471349219084,0.18172773145975504
1216093,0.13097378930671916,0.5972579595832518,0.24270988171125044,0.22050866307748518
1217541,0.18766469714668552,0.19634763436875952,0.15428816225603853,0.15289728870974909
1217758,0.2950152653335104,0.2607547835519697,0.11178110162904202,0.1961728443487122
1218179,0.29646108433735263,0.2491596414706523,0.4245735785374258,0.5594983013214374
1218210,0.15940558107237382,0.12085332996913542,0.7671909545613512,0.5862643292772267
1218254,0.143439364147492,0.020074565721532323,0.02534599651564716,0.03901384502710386
1218583,0.29550522246067173,0.34206145084007294,0.3135642858993651,0.22980467118608291
1218663,0.7174084091267899,0.17940396009589318,0.5847311048529491,0.21495333320964857
1218710,1.1193406219206103,1.1464023708405542,1.1537508994844188,0.9960885804948987
1218735,1.2182202185402866,0.5928225302987011,1.3121079534247446,1.7003554050911251
1218749,0.42388188802971566,0.34414844950592566,0.31039774108693935,0.2898570632458395
1218761,0.10782703613278544,0.136988482050523,0.10020124617832567,0.10837613655989928
1218957,0.3520654090623488,0.5092315299735158,0.7467279478659685,0.6430762524660372
1219037,0.5215175509803601,1.81615927778714,1.0576075446231914,1.6770800616425994
1219062,0.18447886281640438,0.10975359811830077,0.19712752481808415,1.0364917498519237
1219573,0.0,0.0,0.0,0.0
1221362,0.2595308619253552,0.35094958182306424,0.3555518593023039,0.23344045160688276
1222765,1.463516506198544,1.4311239812654284,1.560170038438069,1.280815937560579
1222993,0.05250451026939148,0.08291619899846293,0.035056610022022816,0.061601634985910564
1223779,0.07577263891721914,0.06373835989414899,0.08744449909447571,0.07378875726919494
1224014,0.13625301085415942,0.4200706095975634,0.28403257412807104,0.13407312007976155
1224324,0.14052720653748518,0.20524938228140685,0.17033139082892218,0.12159994174763737
1224608,0.07963272512905914,0.5490924747841371,0.4459459055318397,0.9335035081747985
1224890,0.04423510022428201,0.31292487952943604,0.03791149438686089,0.08171231779427392
1224962,0.7810485800051077,0.40437225928256765,0.37215538285850325,0.4441627374846544
1226355,0.48497637534559657,0.5691344933933558,0.3659990005732692,0.3185466336089694
1226886,0.3160803267616986,0.2532076985145578,0.2340429237597046,0.22895395226925544
1227157,0.06901905103010565,0.24918990359157056,0.11517336081475589,
1228242,0.22516007823795733,0.10744445454342141,0.16650829677465495,0.21209103165166354
1228773,0.37282920023037946,0.42623702870186336,0.5155198509965514,0.45235020124215497
1230239,0.7752704674203488,0.6027593402123432,0.2987567585966538,0.23525112846232585
1230765,0.31108651784737235,0.2042576805939478,0.24693414091263924,0.1967891327719926
1230869,0.10151045906773945,0.037128020502306756,0.05708119636104518,0.019293847762558547
1231756,0.0,0.0,0.0,0.07237307102244478
1232395,0.18360190328756099,0.14870730682079353,0.15798617452208663,0.11643282897273607
1232621,0.14672498175457308,0.1559121228449885,0.2717458380495805,0.09107096895496805
1234074,0.27190646710889044,0.465184695675,0.12031632889740192,0.10326833785303617
1236615,0.033662352526517954,0.005672500683697203,0.0,0.0012792681839674186
1238990,0.2375128818732182,0.1574474638396184,0.1435040327689999,0.13636332413761115
1242972,0.25440645401578377,0.18855274901598967,0.2404346005965597,0.12788184649433434
1247497,0.01970720736098093,0.1367318181876951,0.02052304374661222,0.05981807477404481
1251557,0.6672541045558856,0.44435754043690795,0.29403056613117545,0.46092285467118244
1251567,0.1651440597630919,0.3501986430043902,0.08739402802466746,0.19926645181407535
1251962,1.9852457704758455,0.012821153277406164,0.012568452722416678,0.004003439687673276
1252007,0.2177387610618497,0.14336667036365874,0.13745983028479583,0.055942863378233
1253840,0.0,0.18007788237982478,1.3349644573310513,1.1621592733982848
1255435,0.5333531800662287,0.4038476408188623,0.5981792454559615,0.5701918361631759
1255858,0.2639000623981307,0.22090440165521588,0.2280246792713987,0.254398557915324
1256071,0.353666842333558,0.20044108586582543,0.23493988390299755,0.24218572977737005
1257391,0.7379976346502523,0.7115287066161547,0.626476087696939,0.5820424320574187
1259261,0.12501956061071404,0.16893536442534607,0.03384577385146443,0.058797746224082875
1259313,0.021328091873659517,0.037250851299644915,0.10271831237352995,0.8027612400947576
1259513,0.23955312128345232,0.32142615080979803,0.25345134437864825,0.22262215481098344
1259664,0.2449291708445911,0.27694460373546226,0.3058802295156295,0.2801272427462745
1259671,0.11355793606430974,0.08721940686119892,0.05990187354231684,0.15614681877487044
1259887,0.13736852763012222,0.18407593025355698,0.11972208362647217,0.12236845578712127
1259927,0.24843614933809738,0.34015096494744734,0.05475641296609298,0.08928369850162148
1259969,0.11468967987517359,0.08274787148919946,0.06565503860973904,0.11637988192921453
1260101,0.23487597640679572,0.0,0.29978920561063793,1.0180811375639882
1260468,0.2645819561886482,0.11181500425834316,0.28651229014919366,0.1101588993375727
1260824,0.2882170736956042,0.18216341233121078,0.20546165163054836,0.20737662948061103
1260945,0.0021350309863508725,0.0,0.0,0.2778348342792338
1261135,1.9562333045669524,0.0,0.0,0.0
1261239,0.37339320006696125,0.09141061718541499,0.3872514523556366,0.5451464051327259
1262124,0.3177103382085505,0.25554295618880957,0.2544576796568209,0.29961343648018157
1262677,0.1822509531452587,0.09775876738271562,0.06115729237334569,0.04434753859249093
1263048,0.118387834837644,0.12457770940153887,0.02666945684854382,0.3476637316332592
1263508,0.04428906580466817,0.1496517765565574,0.051824215801173565,0.04103331648128956
1263532,0.03680879861092911,0.08196349957134157,0.11226820197126852,0.06721152689596932
1263548,0.13956959739212557,0.06529252157289782,0.03446994172923075,0.05406858941784426
1263567,0.3175192765821101,0.43553175154767715,0.3764802696943026,0.3050195615684382
1265131,0.07125255711752582,0.15671046979209152,0.1279310449734005,0.1933427125508668
1265376,0.18889285522132954,0.024587846502050276,0.020741460378344713,0.007886700795098999
1266227,0.5901008540773517,0.3001404792068902,0.3123949772203315,0.6348600485389719
1269094,0.05381687135777499,0.18297283110811555,0.07006866656427084,0.028588955244693535
1269119,0.0,0.0,0.0,0.0
1269134,0.4272408328204002,0.1714694490662207,0.4713952279154223,0.3824888542549146
1269786,0.6952444221576097,0.25282135948904433,0.3309746384058349,0.3291132288168117
1269932,0.19754913943509533,0.27310873158426163,0.20076931286563773,0.1451786191112961
1269950,0.5750144340824306,0.5774243600341654,0.4476780727247772,0.34405303355519085
1269978,0.10421505377069241,0.1517193884611125,0.07632488133918267,0.04567639708799796
1270341,0.19160611668306232,0.1121129698253406,0.29599181069324626,0.1917919836218051
1270764,0.08607974967961826,0.16163846563668313,0.146697321090891,0.13185441553692662
1271347,0.14563227265788653,0.08940663135448892,1.0148261185373775,0.4953341999931158
1272164,0.33195812246909373,0.4703993611099008,0.19180743554943347,0.20462761459071604
1272345,0.34141343828366555,0.3184366432551678,0.5107568670289794,0.6456162833584344
1272544,0.10227424329971965,0.04990474964436418,0.14382970569618891,0.08254722300921723
1273087,0.7928135464922372,0.8080768450799626,0.7952459621832595,0.8587876903340922
1273960,0.20376769484514784,0.17319764406185809,0.23002996297803616,0.09343133218236106
1274173,0.22430567101767457,0.26743663980792576,0.21950650881500836,0.19006443589591362
1274196,0.0849330088403325,0.13664460066813272,0.15370803712172962,0.09416297258193501
1274413,0.31660853555420393,0.4061051549617504,0.9251458604483067,0.3591157480710969
1274981,0.7215481911608992,1.0585642287377506,1.0764493287915773,0.8497715413081457
1275218,0.7726935990971359,0.7308349452048036,0.7742329473080721,0.8676800565384946
1275431,1.0376823143536948,,,
1275729,0.8243625191135049,0.7796826793718403,0.4689614309358139,0.8271500203080845
1275880,0.04276725037171195,0.04091495516185755,0.04458378545602413,0.02941694196624535
1276144,0.4920938754409313,0.598946553022703,0.7369721039893949,0.5562280091415118
1276151,0.30721110367858045,0.3462912942385098,0.6828306690685123,0.46345791211572956
1276460,0.21736002127442725,0.206319854377064,0.12867851956778478,0.15930647680232388
1276470,0.38637188604452966,0.3155465915920677,0.2471925709972993,0.22109311994435124
1276525,0.4009665758763069,0.5802408971223811,0.2133645812772792,0.22567767507974298
1276673,0.03692985508094225,0.07919149228354426,0.04630905097855181,0.05269459703964479
1276755,0.4234564933616493,0.11707126104766707,0.4059955421926222,0.17746861693792038
1276853,0.12574424711299614,0.08251415009016892,0.018009706785555996,0.012656635994676932
1276918,0.21648069849579438,0.15289950318500847,0.21455190390942386,0.14126293659277517
1277050,0.6194723854296202,0.5618171489833635,0.6993104032075085,0.7065083342619756
1277158,0.10129970321027094,0.35793126401635084,0.23563740504715425,0.15133466099591394
1277275,0.2415759895283533,,,
1277279,0.12162429044188558,0.07706631416706668,0.06834630347638948,0.09708216374983583
1277303,0.09712786445350095,0.11028489393767649,0.09899756529716362,0.08066433767586102
1277403,0.2603493017085496,0.22324403032238055,0.2254010650349863,0.21531591761536364
1277537,0.10590455082425397,0.134457422213615,0.05191401374332066,0.06201615202129737
1277557,0.14763385861777742,0.18376528826111094,0.09317656104299761,0.12842601500546377
1277742,0.1879131450405109,0.016694162758373106,0.0,0.002855173282629318
1277779,0.21537819271330666,0.25781347499254825,0.20765370589828902,0.21746082162122293
1278178,0.08123895023232149,0.1274199351735369,0.0839856947525993,0.10731431205864529
1278235,0.7662381434639608,0.8506553098232553,0.6170110541336025,0.9461604790310282
1278249,0.5822996116854381,0.7975744013385724,0.47006145146221473,0.09303771882036721
1278387,0.04529991266886784,0.23036696725119984,0.028939781025217652,0.02923535227869928
1278430,0.6278031186192945,0.17421760520129087,0.0,0.8023498496418959
1278573,0.5322293229818539,0.0,0.6408447267680817,0.07772738342378958
1278641,0.1016988067221346,0.30004220661094416,0.1479411311569106,0.13027757541720228
1278678,0.13456542014943412,0.18116170094304004,0.1716461697335643,0.08837498735617756
1278793,0.16774124118750067,0.11645619745353734,0.06446983187396939,0.035576180220499166
1278951,0.5972492428759801,0.48428134395503414,0.5482093745567056,1.1018757509140962
1278960,1.0345377099527309,1.488189028174009,1.681201529509183,1.7619415830256917
1279030,0.6519361298921177,0.6776458540324042,0.6813134948972998,0.5800412002255582
1279097,0.48900290151167125,0.4377419022326716,0.2743767698034049,
1279150,0.3731937778883566,0.6999422861430828,0.41220362657623855,0.3037222802089696
1279151,0.7125269448219743,0.9145220779522986,0.7169502571124501,0.9117559417232962
1279342,0.1247296254687571,0.176759563960481,0.15682114249908521,0.11150205382501187
1279396,0.37047583649449106,0.44534937515575634,0.41051630944622486,0.36984381677993744
1279627,0.14240558854944269,0.13025603732262475,0.1021249146638359,0.10674217827104521
1279708,0.18284459516190643,0.15606355493474405,0.31694647006401877,0.0059690862784200875
1279885,0.05922188524731917,0.06265087660506691,0.07203980940094465,0.020591141814273222
1279886,0.0,0.23217046805539077,0.0,0.0
1279888,0.11311975003185548,0.0,0.05035839475162486,0.0
1279891,1.133262451520515,1.119972223004867,1.0130512185129323,0.8906379486727753
1279912,0.1755790177483531,0.2913387314523143,0.1572279163701572,0.1744673890341304
1279913,0.3291381062446634,1.2303339952031906,0.1579236986997976,0.8125986187860361
1279915,0.0,0.09376746307647693,0.2737533516020919,0.05132843990799891
1279926,0.591909857515509,,,
1279936,0.4420379310515729,0.3252324431617071,0.26069528819252197,0.1142386214208072
1280043,0.2299246377500159,0.24884905999581683,0.11320680306438019,0.13834791570824775
1280051,0.5150145737539344,1.0375769266483146,0.36092296468460666,0.5203232795134213
1280054,0.9759340224821126,,,
1280200,1.0658402909515112,1.0811364988776153,1.213705782738301,1.1586862092269483
1280217,0.11758580229635336,0.12645169981595944,0.2356545070900939,0.2363403495275888
1280493,0.2949713740207637,0.44181840044050175,0.36952237709401464,0.5272765631128278
1280511,0.554988469574051,0.3401466140905214,0.18888161460250172,0.8488751982763564
1280577,0.16476778084791377,0.20602964216264508,0.15607196626888606,0.15101038624505952
1280604,0.21390859846600813,0.06767763090366194,0.08897715162250625,0.030219606819003205
1280965,0.21572377869694986,0.18500910878263582,0.1451147066777058,0.09430769382237834
1281011,0.044389820977307766,0.03391007508034673,0.03136817751192944,0.020130661152872986
1281082,0.3273620441031586,0.0,0.564696856354218,0.0
1281084,0.5977375886161967,0.21833508214554212,0.3989908443819862,0.1302224908860107
1281446,0.5207408180372962,0.495969600180467,0.6427419286529555,0.6929914320749412
1281761,0.12097400064819461,0.1207891927809011,0.10555985790381493,0.08710940884377834
1282189,0.41288877912274097,0.15434019394087986,0.3161563759392513,0.13205526668605733
1282197,0.00230629922480897,0.0029211796320937535,0.0004345291553247555,0.3597703056417636
1282550,0.35096967096944154,0.5789024938480699,0.5767234597997135,0.4003651298220494
1283072,0.2868678453961206,0.18340752717336453,0.18511676468029978,0.1362322141076512
1283643,0.0,0.0,0.36627858435416244,0.24302188611245482
1283718,0.7483856319380371,0.6105610340537976,0.3419795809584932,0.38521679678827375
1284208,0.29072904982407205,0.0838072604673213,0.06439318846441938,0.10626039144776525
1284812,0.2501025652743109,0.2948171687469154,0.32421966448172507,0.2490318716070282
1285973,0.05169498947326579,0.12045054445662773,0.13252584307411638,0.055240507671278236
1286295,0.792508388317471,0.4860154398285802,0.7394399714344527,0.32838318464725463
1286313,0.5383527670839793,0.8115638083177408,,
1286478,0.14408183001277453,0.3518266803440126,0.16534266377868048,0.13620357875971437
1286534,0.09640589179645244,0.15550763963329547,0.04210270108709276,0.09859276859797951
1287618,0.09322330235986741,0.05618776773864785,0.056090353927989334,0.2382012597316825
1287978,0.6972366354355133,0.4580275394632071,0.431834822784742,0.46315799344816233
1288125,0.14814869635810776,0.14604369703872494,0.15201054582652743,0.17373160502506124
1288136,0.8525766379676167,1.1119268117467194,1.0858294358374414,1.0067358422993373
1288917,0.1713305553254916,0.20486517509644797,0.08927776420563135,0.0989890004724002
1289442,0.3567089387395888,0.8056069748836149,0.3373510533746228,0.3938502698284245
1289643,0.9573182494336082,1.0320039401702115,0.9538171535098502,1.0521879682162427
1289851,0.22837577065711806,0.10565906400378072,0.24659997783806553,0.2784788988286376
1290162,1.271237277423348,0.6142039199334854,0.2933992144379691,1.1104752346155762
1290668,0.20094739600837794,0.24310315520461032,0.21025588673093698,0.225344496721624
1291274,0.2278142124091581,0.12153089328023955,0.19696175195778445,0.19798575824220743
1291422,0.5216704609170378,0.13377197929809156,0.06856835164745834,0.27310031885330793
1291424,0.22533382189317325,0.34282011472233953,0.3128363617269956,1.9068405807132753
1291628,0.44704004690004384,0.0061523452588903155,0.0,
1292975,0.3843869351250443,1.1384563009042559,0.9242709602920104,1.4754197292433566
1293585,0.19448368563928883,0.17039403915583543,,
1294223,0.9210647047592536,0.855204717821933,0.8707335016377884,0.8777173262219751
1294588,0.06004862989912224,0.4775485841362198,0.9030901129649569,0.26434585128819976
1295044,0.04228951290219539,0.11976561998392621,0.19872188208969188,0.06718637400535789
1295438,0.0,0.0,0.0,0.0
1296434,0.1796886464409814,,,
1297376,0.23609393595529576,0.2127198680124875,0.20332899219959205,0.19002577278276572
1297496,0.10592539270608303,0.07254080607310216,0.05427712746652785,0.07237077013374978
1297731,0.48204347678706366,0.48352934300842115,0.25587741904611455,0.2714403494623196
1298088,0.2240980916698169,0.174292562621596,0.12440518269442269,0.11211011938787162
1299434,0.5661074449866592,0.3304848814930743,0.25051758894401865,0.2096212362495857
1299582,0.1476083741234971,0.15822286596814727,0.13825517794932413,0.09678936756970744
1299910,0.23647776999919748,0.2413969196215664,0.21523640899988805,0.19806680786035902
1300311,0.08153869405633883,0.12111371972312218,0.09262478040320882,0.04797754673640036
1300336,0.2394211338563455,0.15885660026505452,0.23431249643127677,0.2215126505693126
1300714,0.27619100056824364,0.10148088266861274,0.2512606238616009,0.3889024553493382
1300978,0.22064337527084074,0.10967501150737706,0.14726383451289282,0.2787721617161335
1301050,0.6457310603748044,0.7206133743256423,0.7089011985068633,0.9066169132237742
1301396,0.6964791940392709,0.5939830320952589,0.9064955989969147,0.9809186606995212
1301540,0.3167917697570783,0.417620813842827,0.26141000457635644,0.3158762568975213
1301542,1.0572886528348824,0.08062035124834895,,
1301743,0.3441603598977694,0.4101218450384946,0.32079431373800305,0.272263734872886
1302404,0.18220289210557547,0.2465279402470085,0.21425938198549496,0.12376415589985681
1303159,0.48236734584965596,0.5393232518929323,0.18976856521560168,0.09223994941303204
1304096,0.1968118238270708,0.19079774290269982,0.5103085329530715,0.6104284429171609
1304229,0.21271298330122862,0.3342983080994161,0.1949235907464224,0.20435833458605723
1304762,0.15337790428335676,0.16030835735292273,0.1346126025496804,0.09174079338012779
1305227,0.12817535084112266,0.12086370792737818,0.1031090569452523,0.07945628105159602
1305473,0.6593801784260324,0.0,0.33851799524902176,0.334830032512896
1305707,0.20211261686406956,0.15417097560722942,0.24667772843141605,0.1478670440017554
1305841,0.25855579901512077,0.2739942641389572,0.1302046145245995,0.18845942863275386
1306333,0.10447757343431051,0.24713624006876495,0.12640828630947315,0.1126490420687369
1306923,0.19682170728441245,0.049224236644400135,0.2933204074307876,0.10287502027564276
1307203,0.16955892498758748,0.17269472684744142,,
1307493,0.00040528491660115853,0.02002087514525122,0.009060464538894357,0.0028051326168475783
1307748,0.020957898112752043,0.0073131056049550195,0.0,0.0
1307877,0.7771130763354238,0.7934169267142599,0.6107016289761036,0.5992298091662173
1308001,0.7615992258635311,0.564206443581317,0.556172486830336,0.4994006046305215
1308016,0.06318725209329953,0.10165558664489878,0.03850862513944548,0.05421247640334127
1308377,0.03946633697494229,0.06427123276994226,0.07407049128306632,0.04442578981598556
1308523,0.20487219524866787,0.2866819592227459,0.13201257021422105,0.1751436607166873
1308527,0.14562326668925885,0.18269727772434766,0.10772465181548226,0.08936873875281381
1308555,0.29421669091916347,0.3379522109793158,0.4628601081310192,0.516808534325848
1308685,0.15108626942129513,0.13531631360220536,0.15188024136479328,0.11939743513014865
1308757,0.07597194352242558,0.11508998215184257,0.09821838594770653,0.09516353717945185
1308778,0.19323122534071877,0.12038317594508556,0.01870900846704784,0.07621471532682807
1309148,0.154988219793027,0.12044853638129119,0.07043349898070314,0.10083187183002323
1309342,0.31042564609087225,0.22743035181990384,0.09034062865211792,0.3466476437504808
1309469,0.014138623131051893,9.206402703102822e-08,0.0,0.16273164263786352
1310051,0.7848228567348654,0.6741963510458575,0.6239625310702632,0.8665140627324257
1310052,0.0,0.0,0.02165336250139315,0.055804765280835625
1310658,0.17664851350676905,0.28727203738297924,0.5133729077617019,0.18186439776762234
1310929,0.1764043925502093,0.13159691581972568,0.1532047466751394,0.2025672694593118
1312908,0.5386691197316844,0.34012128806482594,0.3408708943354342,0.376597667723019
1312988,0.08616129286308966,0.37916097949158295,0.03300325911484435,0.14530852085310705
1313294,0.06892574746318444,0.12262491541344657,0.09574433579112823,0.04667178860594543
1313345,1.1825927447031281,1.2217899214627255,0.41046202108448077,
1313360,1.4522991363826396,0.7689353113854254,0.7408240650587886,1.1465039507995265
1313473,0.25418498703573195,0.21908908142924027,0.016318166695355414,0.06504339303477051
1313559,0.44149627294103244,0.40980659832435623,0.3327778306379523,0.3365503631453656
1313597,1.0636493542328833,0.8077043944199792,0.8595553836936857,0.4169567438195403
1313756,0.7257324515893899,0.7483399989254943,0.3988205542575749,0.3308300264683146
1313792,0.1479976448552061,0.16155964886579496,0.13390164980119826,0.15914425579237013
1313816,0.24669038826176623,0.2155033185931897,0.25115363293710385,0.20394136790961725
1313871,0.08436512246447891,0.08567949191968255,0.09267597404818864,0.15109974133612752
1313893,0.18245494113937938,0.1821947109585625,0.11875639792916977,0.11829257426228197
1313926,0.3337229950143262,0.2861001344998266,0.277128760979646,0.30607526913363914
1313978,0.2440112400082728,0.16714508815854986,0.06976671552125013,0.05178565264235513
1314150,0.638521838497106,0.9661343219170723,0.8984971693602045,0.44162226277444133
1314273,0.6482677858807359,0.3097805098922581,0.3548016415347854,0.2439151203276665
1314376,0.14735762207661787,0.1712148399113204,0.06336344603411824,0.05996111765066968
1314377,0.16110006178399325,0.08773803646028971,0.08718924490788325,0.08082580369698239
1314404,0.142265194385214,0.31935564608062883,0.11290060953531028,0.04704132170274034
1314440,0.1296371296899455,0.1603326476662727,0.11233377724610173,0.20289077907534345
1314588,0.7928344199102756,0.9735184532302478,0.9528679619191327,0.7704690772497886
1315059,0.24685925043702256,0.15231941608505978,0.3793786757642661,0.09652403097592882
1315269,0.2895498851761115,0.5992083325030757,0.3490807407190039,0.5546056425572757
1315281,1.1327067417705665,1.1045592582092358,1.1338659263892568,1.7132567894945252
1315339,0.10131759531272473,0.07441404383092338,0.09487222115872301,0.14608156121261068
1315421,0.6842396763653767,0.898759777245385,1.0270070502631732,0.4673678326252889
1315478,0.17668269651246102,0.19104230142357423,0.17011269926739664,0.16897026693346354
1315497,0.08827476102404684,0.1322667850346136,0.1307508056106631,0.1212545435555247
1315765,0.07620429139145572,0.06435659622802327,0.014445183832402762,0.005525947775967061
1315785,0.14792882316995387,0.10177763901330358,0.0913697450201619,0.09092295839249365
1315828,0.2888345342017315,0.59869002963993,0.10964089541943282,0.10705714744901752
1315868,0.09059851766546052,0.21836424663568055,0.08232104307776311,0.09836424698338163
1315889,0.31978999092388016,0.3927905951320045,0.3009745092816121,0.0508987206395768
1315926,1.5495290061882403,0.0,0.0,1.7260190470779524
1316393,1.3667801388386944,1.6926758409785292,1.9686151777087153,2.0
1316466,0.2976363049430018,0.17673897686353682,0.26567723423361667,0.5563266213447013
1316507,0.24409286679618097,0.2231086316586213,0.3269479739950011,0.270826523648391
1316539,0.34927958029637207,0.43137734161047436,0.13619662266509303,0.15324020658369142
1316550,0.27232904002642117,0.12365100622069936,0.19362057998860446,1.216004308118073
1316580,0.6444327902482679,0.6237953723870252,0.539817935530769,0.6109608544415541
1316617,0.04090064908788025,0.22354857040541665,0.02333607492253127,0.06774217981261696
1316622,0.3264178296841515,0.11617047061880398,0.07736751866877933,0.37398848980793326
1316729,0.14549216486035074,0.13466431320944236,0.09445037178299219,0.13673432846724465
1316915,0.49470614353709497,0.5317849198460172,0.4216769075786962,0.2748604813988886
1316926,0.20567267568987488,0.218103944882525,0.04686483294634876,0.13157052964841565
1317103,0.35052675456198606,0.22100036784287802,0.04689085765341104,0.1601335547844134
1317195,0.76953506832969,0.8629648921858601,0.74447602325207,0.8680000092133596
1317208,0.06047797131999351,0.12809335909319383,0.07642756651588456,
1317209,0.21942223991394355,0.07249436605057978,0.15963565857226134,0.11996629109859763
1317253,0.05911937331784605,0.2024780766241792,0.24648338599341152,0.053681591479700565
1317267,0.9975597463843995,1.1862737406381092,0.3197180734418859,1.056001471744236
1317348,0.07718910536392792,0.05331904090143393,0.15014576956941497,0.06112105143021904
1317410,0.39002857924883744,0.7081320302128473,0.3802880013348507,0.7903243702986698
1317583,0.8357706128547008,0.774613037371649,0.8616070786714847,0.6763657939436176
1317588,0.18127036846034061,0.17814908699620835,0.5834433182570484,0.2963990484379779
1317601,0.42908129667401057,0.789992516276406,0.3869005730868368,0.3681330186934628
1317679,0.9666814171270361,0.878622383183137,0.37436339088304627,0.43009011383068396
1317724,0.1605580269851223,0.33921093430295507,0.21121381934677125,0.3187849201134062
1317733,0.16642862822704754,0.12974030199241368,0.17843953889799566,0.04584903361246629
1317784,0.13137167215374987,0.2009453372798325,0.10928173581061791,0.030328357654846035
1317802,1.2706028226118975,1.5196007450063014,1.3221514610848186,1.4227560471800473
1317829,0.04081462890997199,0.02254554880396177,0.02590357999675071,0.07930867244582979
1318055,0.11153115532740737,0.19892424592565408,0.17384384814462892,0.16065693435247488
1318259,0.10782367430428541,0.0985413621244474,0.02744400470545403,0.03843185904322873
1318293,0.02824225418141413,0.0358599994449181,1.790849172974983,0.038822012341455464
1318601,0.06732254843471826,0.11648444038609372,0.09852570000314724,0.03789338129405062
1318757,0.8490994980427827,0.8774377173343025,0.788121937697264,0.7777490927961354
1319111,0.2851925922746926,0.3709177316150048,0.33731263292284297,0.3833111562628711
1319691,0.2288485325372598,0.22998753931498456,0.2788485946643086,0.3726986937194907
1319998,0.49720343121331007,0.6883717255650252,0.5553735835934437,0.6966368706425184
1320005,0.33318661857858606,0.3662121888404633,0.517047908803556,0.45763267703105254
1320168,0.31448580747884736,0.2072479494779991,1.4345652031133975,1.3917704651001048
1320769,0.2082195651670871,0.20147346403057598,0.035913055442302125,0.15602149954350053
1321194,0.033763907522804185,0.04889794888257946,0.0729863813051408,0.0457958268325919
1321219,0.03661799281110873,0.08505745741971708,0.19737419764804576,0.07693086445083387
1321220,0.4919761180122032,0.4177477490493246,1.0020935692350406,0.6420472986247102
1321300,0.534718514265233,0.6416741120782344,0.8662708880142218,
1321711,1.5122289435595289,1.7360437082510571,1.9566861884127869,1.919800713438459
1321993,0.26906673991385804,0.23634599916736998,0.41750229804424116,0.37280821192879904
1322590,0.060055122381926174,0.6268428844681024,0.388558371842548,0.6307434201801341
1322613,0.38417186545114085,0.1779338562762898,0.2504262078716085,0.2882985308383591
1322749,0.0,0.0,0.0,0.0
1322853,0.2787396484880849,0.14841827602772262,0.26423791902768173,0.3605128208295984
1322924,0.3044706927018651,0.34607224338971526,0.2881418631918391,0.3954917113607569
1323119,0.06174958454090442,0.12261829932678861,0.06784438777662695,0.08022895542595758
1323255,0.2904279231482655,0.05881973286342187,0.04286842333609552,0.06164964217423594
1323276,0.3179096291226153,0.23341208376741637,0.1322332169159631,0.34540038090762026
1323414,0.2855233415807292,0.020791969779133054,0.04593886957601874,0.014641153989377072
1323510,0.3732946368100422,0.30586826907825404,0.5370019387647009,
1323645,1.0868486430768451,1.3406332125695375,1.2063066252155314,1.0173963539163855
1323953,0.22999109205887797,0.16287692248907287,0.17623820902002119,0.23601642171434417
1324022,0.14701063375802093,0.03567073664021735,0.17603216360933988,0.1002411748378187
1324279,0.10789937348107792,0.09582599738687601,0.050614463454463514,0.054855750603120285
1324659,0.09516540337057883,0.14591701496558482,0.10793803443989025,0.11233445922881395
1324869,0.4370421175257574,0.8592142181591301,0.4187708529804998,0.4547271104629713
1325083,0.05167908240550564,0.02193338410753704,0.017738238859303264,1.409251956358542
1325256,0.2209991891680225,0.2251097843517477,0.2177724781747632,0.1392357851896064
1325312,0.3484638498151254,0.3777543513691585,0.38511863088293424,0.3740053480167579
1325447,0.29553885763745774,0.25815897900324297,0.18028859622267562,0.15476097382637163
1326196,0.1391446654915562,,,
1326234,0.4095227999878404,0.220907988762093,0.25503147733684567,0.21607319991361254
1326389,0.6881140198222643,0.7122973188004067,0.7792311936735103,0.6641285977089695
1326533,0.11914237895143612,0.032972015232743256,0.0,0.0
1326537,0.5835141941800513,0.6003770667072595,0.5671648016074392,0.7244315608168185
1326638,0.31137437641556126,0.28585091162969334,0.380801476026993,0.35195807031805415
1326766,0.18184720308168417,0.04430485843192116,0.01825644866485563,0.2203998324271937
1326918,0.20714850303588378,0.23745877887404757,0.05756811091788941,
1327055,0.11421252403305339,0.14286828882297573,0.10971584377802743,0.07356968464190468
1327944,0.03452656562177692,0.03076246453879783,0.6425677948378135,0.15476973325363236
1328062,0.27937528621584207,0.1503338264873899,0.2074169174992312,0.37407062781508227
1328450,0.524925559221862,0.3467909791815993,0.41719958498868354,0.2506140506827068
1328785,0.4461068240726956,0.27794871261207954,0.1718024250342602,0.21307046599984528
1329375,0.42284930218679456,0.355710084379188,0.3619951979196847,0.2612409509350681
1329883,0.19947412805162124,0.2732990509161279,0.11996690432088253,0.36367736832975206
1329948,0.2970610913348505,0.36607652213720565,1.1714141105666176,1.0017503761109228
1330325,0.31069675841640343,0.578877008489346,0.4033529218160819,0.41106938539099525
1330463,0.17594866184991229,0.12702935184426706,0.20517167118161672,0.2554843321366319
1330709,0.03859428230266606,0.11218796662036602,0.0816697283775628,0.02250285162618182
1331693,0.1452577899153524,0.4621580689488695,0.4156380208675631,0.6230442770925217
1331875,0.07921626401189262,0.0021929283113297847,0.22809654904607485,0.1197272505074825
1331997,0.16741714867631824,0.4651718755997807,0.48509910517652527,0.32462211322454715
1332160,0.8859481004455653,0.7921963724600742,1.234216144450796,1.1104594140579984
1332342,0.11735101649199581,0.06786560186768265,0.06428676430787153,0.04241174760536479
1332632,0.29832974554492214,0.32065365881581187,0.2579358384631949,0.2809678751649537
1332784,0.245303073336719,0.30873443262788897,0.3115450689727379,0.37917803298865305
1332811,0.3013426742250415,0.2853452471991307,0.5236889235117617,0.21014424231646894
1332905,0.4469443592669307,0.46057974677878966,0.3481581279030431,0.4107578085770662
1333709,0.21169581777285024,0.20999304476701217,0.22676547237636716,0.1820170374037647
1333792,0.11567418557624708,0.036385046820618265,0.038798845549073153,0.036055127844318476
1333978,0.1177384354262839,0.13298636716974543,0.09303280793033178,0.07772495827971343
1334199,0.383484882981396,0.40241105730551935,0.15264800876182166,0.2608160549125806
1334429,0.052290312229178244,0.030401783850249352,0.03149732272499668,0.00043218178649974474
1334430,0.0,0.0,2.0,0.011861067695713892
1334952,0.32306594065900596,0.5803196352716804,0.12963250979961594,0.7024560102177094
1335325,0.9987810495787042,0.8941964474648538,0.8989168793391464,0.6859308225587659
1335382,0.12360224666525814,0.09949687843868875,0.12751726762113827,0.15402452500287275
1335644,0.07698628836870794,0.24085842804285595,0.19373285108233482,0.12421026824015399
1335730,0.0,0.0,0.0,0.0
1335851,0.3247881390076102,0.22848421598067087,0.14386527576875519,0.09880065998288584
1335977,1.090285991703646,0.012456671909643391,,
1336098,0.10536311122173782,0.06069719423565273,0.07710917982451243,0.10300118798059807
1336528,0.0363419418151857,0.3051528927190924,0.18101588005520472,0.47216733538263395
1336800,0.2251862625166491,0.252692938614326,0.11055436197489588,0.23575098983756615
1336885,0.4881648690044579,0.5077058695379667,0.15405149177596167,0.2442526268382167
1337263,0.2723362247856596,0.2682065984319605,0.36095074641754094,0.5643782963988335
1339161,0.34627286177128175,0.30894447494329336,0.19693062459535352,0.23168512862537124
1339270,0.10018371344148487,0.09857832418062856,0.08746773531866547,0.11043519461527199
1339908,0.034491841929921815,0.013598645267534995,0.010854484895811622,0.030897418537460974
1340098,0.0,0.0,0.0,1.9433886728119044e-05
1340459,0.1880677916011116,0.11319913085709399,0.05365049007720367,0.0
1340614,0.42626497856617257,0.05717838740752932,1.3258806742723244,0.31553153660498395
1340807,0.420549078773016,0.3054485426140227,0.1846185407989579,0.1489612781100886
1341401,0.2759922520884097,0.3619746020261821,0.3342338051720019,0.22358923676302833
1341748,0.09275601376763777,0.13333417748748808,0.06784518204570034,0.09760647394200692
1342396,0.5589382874923887,0.4479749033924387,0.5389577942805881,0.9823719530204478
1342857,0.13889120597033613,0.11293471952714441,0.09023998631588417,0.0862141289707307
1343781,1.044580418688956,1.0169713983603816,0.9440768686677642,1.0282259869881292
1343916,0.280102392841463,0.3009529489416269,0.21684793931555957,0.16423998167625437
1344114,0.49563448601394006,1.9459302053353233,1.9437315892611482,0.20602204385086828
1344551,0.8131435502231384,0.6481544327990009,0.4328720081534361,0.46877583105813747
1344717,0.1335375345384601,0.22425488832694399,0.692172540052148,0.32167196984674223
1345471,0.08317208438833226,0.1790664691577421,0.049818180313724765,0.01833824395547191
1345576,0.32468197597217735,0.37097361145710284,0.22615497353025793,0.16329256182055885
1345929,0.16723575370078667,0.12017377232480748,0.1538333671430353,0.17337270032633556
1346378,0.07136084616080357,0.05062310844480533,0.02400086587700183,0.027659792342127926
1346543,0.4815534041622626,0.227699826833764,0.42644507044697344,0.974815390830896
1346554,0.5616547850006466,1.6539705279853596,0.41269093312084854,0.004291634673227368
1346824,0.46339277720650107,0.4288003707078507,0.21117463589955943,0.23191928816702717
1347104,0.1301125591628952,0.1520286224551893,0.16022699768633591,0.25180570716991046
1347683,0.09355005492638846,0.2482337910558602,0.04244698959326714,0.06011326967175676
1348183,0.25629736832947697,0.4004480235588012,0.3494853979622116,0.2682387269103086
1348883,0.18610657276273554,0.1416338208276442,0.10528977517974507,0.0868876411165771
1348904,1.7798653897846946,,,
1349138,0.08559724230384663,0.08720016706179812,0.06555421095614218,0.08483315205601416
1349352,0.4719003298282894,0.5226488704367888,0.3606173531266573,0.45938186166094624
1349353,0.412861249313492,0.3340976550462936,0.32296949609093306,0.4344509197024679
1349434,0.3257072468106395,0.4620634145975142,0.6356277030741105,0.6094563248652376
1349654,0.47642775186977787,0.08728258282590141,0.32863625917136613,0.037040689874986155
1349834,1.2733988389126076,,,
1350290,0.6921237206638738,0.7905877499779964,0.6182568566889066,0.5812701938366054
1350312,0.6732548233444262,0.543182758359494,0.5661622256820605,0.589339357192802
1350585,0.0755686044177557,0.1447944868584115,0.1526966335660681,0.059591712949050975
1350660,0.034025379018515545,0.03637392068991499,0.032416723083763595,0.04281936809722083
1350694,0.2416062017586815,0.21159243547483242,0.20066888239204297,0.3476869291866294
1350780,0.03632865227405822,0.27060320575427266,0.05003113891635537,0.09135767356725938
1350879,0.5078747322162435,0.5898002730959223,0.24170024834954873,0.3683094574530668
1351063,0.2232544274854986,0.28145586681392054,0.3868349531842513,0.4429979207995799
1351351,0.6973645131963128,0.9416066326070348,1.2617800913102921,0.9900643627514917
1351407,0.703270399349684,0.9562508199980968,1.0970415735943313,0.8261249499049967
1351431,0.2608384863119369,0.22791456962012457,0.13477720640938418,0.1270874775364837
1351731,0.09816547564933614,0.22878693830308552,0.5620374443174883,0.4009105942009908
1351841,0.5298349832220468,0.3550458701300941,0.3437296285853008,0.3640180083786215
1351903,0.32189546428664684,0.3431552584366136,0.216190394697253,0.24146298331490695
1351904,0.18795468168602203,0.2938370241150834,0.20635023761346244,0.11962127571183825
1351917,0.27912230610739186,0.35450104976055413,0.37805446403274695,0.35249238295615143
1351950,0.3749400067904678,0.3032787303728761,0.22771087626310033,0.2284794952019583
1351991,0.20040048488430665,0.1209352072271333,0.14274019183672385,0.10357143384736721
1352065,1.1646612293334497,,,
1352107,0.44711968269976893,1.4719962946776743,0.36464615112762716,0.3074432551148035
1352122,0.2529695738287593,0.19119615960258005,0.15225561926813472,0.1002869886032927
1352187,0.6429333476798347,0.9510257144136552,0.695878330935716,0.640511944503121
1352261,1.0804047886339976,0.4358897477668483,0.5743723331866855,0.39920022380054493
1352272,0.6137183655792252,0.8282702420612117,0.8057976728687868,0.6124347562135761
1352306,0.6505752988918025,0.5183120967151332,0.49267873950849894,0.3772638627624497
1352342,0.7952137060955734,0.8560600201209496,0.695583598190181,0.6539740017645291
1352428,1.2265330686509122,0.93215999637595,1.1066425662709634,1.3855647275700254
1352449,0.2741009265730932,0.3246912407094541,0.13752786040869072,0.16787177448514354
1352467,0.3234308605173876,0.2303075546941222,0.07862313552519137,0.05229049264081583
1352512,0.14133322725735786,0.1348650553144118,0.12006960317088336,0.098339722116331
1352526,1.7699279648391169,0.08164332817059784,0.026351559801047152,0.03338073982921522
1352543,0.49504142901426024,0.5154878808253875,0.3377117634935846,0.5037471352425625
1352547,0.24219671048596342,0.23525452570824798,0.40282812462278944,0.37731023111524237
1352662,0.4587507326662857,0.37889941786979026,0.4768320364163443,0.38344352951503324
1352675,0.0572249484626083,0.05158721816852063,0.0443685292140888,0.02284713471045356
1352764,0.571735530214543,0.653243328477738,0.6465118408252246,0.32772271140591636
1352776,0.38585917315082324,0.2797890493121232,0.08738952828243132,0.09715124655920819
1352851,0.8713327206697566,1.0865055775230776,0.9382698541984258,0.9650964955075891
1352859,0.27092741766150635,0.18986748020137517,0.17296329803227295,0.306048986732579
1352860,0.19995413025003841,0.2022275606388,0.16745378259837998,0.04887883347110267
1352864,0.16540411187461482,0.12453184367232185,0.21934528242819837,0.1825192454550304
1352871,0.16438732955678992,0.11478508846425906,0.11316061910315511,0.0877970160933674
1352895,0.4039526490463488,0.22268614919399948,0.31885797663978455,0.3468249283286291
1352900,0.16027042992758384,0.09271338956422598,0.3449403521346447,0.05070242667879323
1352924,0.18436531845406548,0.054075497053773944,0.10955204911311311,0.09214452857768306
1353098,0.152500191651159,0.6073292744626329,0.8184673611191947,0.5988523024625018
1353110,0.09397958498367985,0.11269078172956555,0.256194254691312,0.1373987624062672
1353198,0.2662681376490771,0.15228084636138717,0.28571251236132444,0.12687626780850936
1353219,0.4501436842588337,0.44245816532242394,0.4699562205885029,0.4150778466605348
1353254,0.6852387437601958,0.6899186392328142,0.45858253323471443,0.5215834566057327
1353311,0.22087633627987793,0.07850482277687144,0.16839087833722227,0.30216538111129915
1353312,0.5955136199642064,0.5660833636561047,0.5596029963222318,0.5736108670251217
1353315,0.12529148000396292,0.14738125209974245,0.21125949528669097,0.14685824547276036
1353316,0.32798816198757297,0.3522695616819132,0.4484178126053385,0.3224113250791121
1353318,0.06887704373889612,0.21181841413948044,0.10456967028220986,0.08052052901490502
1353323,0.3493218746397329,0.24510713295313863,0.13985962239122363,0.15467931600674886
1353326,0.3338743778382016,0.1714619821470036,0.04689264641761198,0.028998531863694738
1353411,0.030135847698650388,0.5812915553850037,0.2513657682070016,0.27560413459681815
1353570,1.8889989159952154,1.5417789582188963,1.6739882452020327,1.7526852293275028
1354739,0.2921357379766363,0.04268393830331893,0.05168509166764802,0.039647873864013715
1354821,0.43098854266457387,0.45071745106244143,0.28627608060529286,0.4632016345199496
1356202,0.4391416614365303,0.41018998252144706,0.39595161393694017,0.2745937681471272
1356249,0.25739874209917085,0.6637526718354415,1.0557384629884647,0.058070859078746005
1356407,0.28931447036297187,0.47105348164797745,0.038294423205475,0.02700964958960286
1356513,0.061187096012716394,0.09712317986393278,0.029122904811371503,0.21325646926439318
1356643,0.1914521135920723,0.16448555994479125,0.312100227080303,0.25876052831706925
1356783,0.2915571533605881,0.33213651458565613,0.26898732578614265,0.3038796310775612
1357372,0.8118953090452039,1.5164307696775476,0.9905655308168785,1.001325733129399
1357544,0.40133283945425957,0.18900432179453688,0.3822877199538112,0.33841437402224817
1357550,1.4980179405410496,1.2142823289681615,1.1007833299206549,1.0781521716744562
1357867,0.1059992413721813,0.14248404724625555,0.09649229643197539,0.23598669021319696
1357955,0.16922779481044753,0.21709634624837582,0.15681727889637234,0.2377710745537916
1357975,0.1253014291845103,0.3405125489282728,0.13455394438849116,0.11967386062164957
1357993,0.3022777153078049,0.41620311610250166,0.13148136152875467,0.1857647894116248
1358253,0.9335521290706252,0.9234454723222099,1.3542686173837633,1.275424774226512
1358331,0.383510319729855,0.0314767672730425,0.06658188801477065,0.006579428653238079
1358538,0.8765894918469829,0.8399453646940497,0.8910487108306764,1.0256850203958605
1358706,0.2969556540644653,0.31761392911233094,0.16449357791196711,0.00387659919456302
1358828,0.5544996314229536,0.8739058562782673,0.48162241925314003,0.40847072396716466
1359262,0.6287119886435445,0.46765719066124867,0.5228804189288856,0.49948913009652546
1359371,0.020181720579615318,0.8574521177565636,0.07306877518512357,0.09569979220450732
1359894,1.9749657281247353,,,
1360079,0.4724378121731574,0.35505305180267155,0.07918727832878769,0.025021168475757454
1360505,1.9994966506387615,,,
1360533,0.3750481451706977,0.3850200317820713,0.19336415626372025,0.16705701241794024
1360710,0.5775200803522833,0.40940659185213013,0.058133111990717745,0.17608425592123755
1360798,0.0819771604737148,0.6136521804041494,0.14565392421535556,0.08515957082831208
1361181,0.3805293766881588,0.226937818389533,0.0,0.0
1361936,0.9156919718379992,1.0085214400141653,0.7220589640824934,0.8437558979347671
1361974,0.0996239988967276,0.08103000418660002,0.08896383244179278,0.06939288022938352
1362033,0.8321454144751115,0.7787872578333441,0.7681918695024148,0.8088258358183835
1362178,0.7767909588406603,0.3881467877785091,0.31628347352483477,0.2036633624474423
1362255,0.202448214411551,0.17783945109523167,0.31350902657301355,0.22107047487399256
1362535,0.10747791752972567,0.07897708682926463,0.1605936034089415,0.146090230270481
1362890,0.1264969881768848,0.3015386161619011,0.4051169885123762,0.0
1362987,0.061356776167738776,0.041474147323040625,0.035061685398747,0.022940747472630234
1363561,0.4116707974522298,0.1658293479088342,1.497236144598622,0.04904753779922218
1364412,0.12805137621325993,0.06681782601222384,0.045879813653640626,0.0
1364615,0.16133147860648922,0.1379743239721594,0.11687104100510252,0.090934180176078
1364725,0.3777159744176154,0.22453748841975005,0.11549045549585243,0.2643879649778941
1364739,0.19089509371575916,0.34319563309764917,0.19525733779331114,0.1998564391164088
1364742,0.14109147447289302,0.2126849538690301,0.1394474938557008,0.09346449535562189
1365167,0.15125805163538394,0.18515568968941332,0.18184711977048992,0.1042999038505403
1365324,0.6450181887130049,0.6775167629959078,0.6866813658133936,0.6555632193976731
1365474,0.06014266582914364,0.17242130241064452,0.11555335255795264,0.035383568474082555
1365559,0.0945825807826107,0.081185141026257,0.06952408250503438,0.07860557098187275
1365707,0.587933747460818,0.6465670123525646,0.5358371152293846,0.2006372734666115
1366838,0.09548691392245869,0.1366403526746582,0.15783249897495585,0.33198147914431697
1367401,0.363868551763644,0.32794856186100574,0.317583121088404,0.29688250734544713
1367663,0.20705932475250158,1.1257251941431672,0.3292371280408397,0.030813254371034954
1367786,0.10990918476435906,0.14241046517340708,0.07462858780180538,0.10257239629263816
1367787,0.0,0.0,0.3159353279788556,0.0
1368163,0.21943985180166767,0.1450171463146389,0.20649959684172198,0.26242354756876
1368465,0.7493928031465762,0.7841507633696229,0.49975498869199453,0.6651441768397429
1368616,1.0201950509903948,1.1142350818974174,,
1368905,0.6247714393117618,0.5294870847302794,0.37547523452483533,0.3470674469733721
1369702,0.14617183221252766,0.12553226986012267,0.22947904181154957,0.3527463845601356
1369913,0.23958519086053698,0.1439982430695203,0.1851735343165151,0.11563139420072598
1370102,0.48314443816435065,0.4587648905414204,0.19126394742506606,0.19243389475913217
1370400,0.0,0.0,0.0,0.24302188611245482
1370629,0.18360063539191582,0.14339373524840057,0.10846018416340489,0.10621601777215502
1371726,0.1777942856788127,0.4871373509780187,0.06891012857618214,0.061023977155505296
1372130,0.06670196283804232,0.09358151338290488,0.06691189241153753,0.13277033030418275
1372270,1.088367661606021,1.4958479125894044,1.6973204446249324,1.7713667824668502
1372939,1.0664481738417149e-05,,,
1373442,0.6111957523406553,0.2003562349801856,0.17787068099201667,0.35215913291448486
1374022,1.2728572017182753,1.5009919491510921,1.3775536231653898,1.1665232285355434
1374170,0.12068540127700553,,,
1374246,0.0,0.0,0.0,0.0
1374588,0.0,0.0,0.0722859096075673,0.2449386742036435
1374701,0.8266206247121163,0.8173888544989578,0.7639168834964999,1.0020056913966748
1374889,0.22945169081954533,0.1771426273253151,0.06593086636265352,0.059364725418007656
1374998,0.0714703120257058,0.2668609087994483,0.1970287150245635,0.09506745565674865
1375534,0.26219028371363,0.3841797133025207,0.3238731928554074,0.15187294361301965
1375664,0.2935292279689365,0.23660910216724335,0.19165152520127338,0.21621440566468772
1376113,0.3321395060710563,0.2300561352527643,0.1485820099778495,0.1414093737812449
1376192,0.34543427539580385,0.22892751457356694,0.32598123866028805,1.0658750171807687
1376772,0.718612974168055,0.7235224205695461,0.7427881845988287,0.6580797551962488
1377452,0.6530841421036234,0.6958396494318397,1.6471846032094466,
1377581,0.2652417207280148,0.23566703875222164,0.1612724727864562,0.19948563899683738
1377633,0.3938091200576168,0.15963930996320838,0.14446314975555727,0.06198324481003875
1377817,0.6410611474429415,0.3719692090975836,0.5455370775626058,0.38680400784931224
1377929,0.34876876877111596,0.49336910259399347,0.26510708989321474,0.34123741188731216
1378410,0.7459949584093665,0.6938008672924965,0.4953308583678111,0.6699599677876864
1378559,0.12168315225762058,0.10311481491131984,0.1577068409826525,0.20356127627952814
1378946,0.15930660889715723,0.12356386149003372,0.10047936091750218,0.05895847360184252
1379119,0.11853699858506231,0.09967179757112335,0.30272270155237385,0.32132863024673697
1379495,0.39935271557982244,0.34277743325184246,0.5825507407599098,0.5893113477886018
1379995,0.23776092252405356,0.36562288916405045,0.11449734251577308,0.21866713545875857
1380023,0.15702427615175513,0.12872730398936946,0.1833893348188795,0.4328505578234929
1380137,0.0755625165402056,0.12931799381886586,0.06383720793217729,0.11028965684737033
1380393,1.2198439449133889,0.1311875219848517,0.16105547268882575,0.0328797247367404
1380443,0.10732039030388084,0.022747938072788697,0.06077715070895196,0.06309237660665326
1381055,0.16422825025581209,0.9383601900310643,0.13243962610544002,0.16508205333274475
1381296,0.2841171745023079,0.29563965178180657,0.31763965521782916,0.1346789767419856
1381843,0.6908929133029122,0.7776711279091817,0.49844159269593846,0.630005692548152
1381859,0.26727540363831037,0.13826741678647195,0.23616141344852196,0.17128256344681758
1381954,0.1167719017372351,0.22588490799873903,0.274647762751256,0.16411812201789758
1382078,0.12796326865721466,0.2721774058382062,0.19176037007678898,0.17071864922400146
1382303,0.08120179544134465,0.22028873065183666,0.23400369359594453,0.19368948974146338
1382333,0.0020631771912689133,0.006229844975890109,0.11706821396643034,0.0
1382646,0.18130643784422956,0.130244147301953,0.13932684337657722,0.256805471819146
1383161,0.28639299192321693,0.4258512793090936,0.16818017771976615,0.15343974161167487
1383221,0.354992350310086,0.23929974460086761,0.24512818346863183,1.8057590958236847
1383838,0.46717294619731686,0.156138930065268,0.6801087176246804,0.06366024518709212
1384042,0.12253900498067677,0.08624136746402378,0.11568801758418015,0.08180022915238744
1384058,0.42374973477308325,0.5674857140912363,0.5038632011707217,0.5165241571859727
1384484,0.2520400875875327,0.11928119016173007,0.3091801012404019,0.11768532704676672
1384943,0.05980320117639521,0.0740750958729555,0.06093681921410254,0.0633651296953768
1384982,0.9411422432288838,1.0711530354802696,0.9455785049467339,0.4202393398050062
1385011,1.1465154751716737,1.0928448360427994,1.0161844988582776,0.7374158287005597
1385702,0.26935632019194794,0.3776335553457291,0.10021875521044384,0.171187638171521
1385864,0.380314810150538,0.4235534723315006,0.4642370600340907,0.5823896230900357
1385915,0.32042191027143163,0.439707001407827,0.31723782676681184,0.8212080969097965
1385925,0.1639115551839086,0.12323029491131131,0.1263530391926624,0.19471739896835596
1386060,0.22732975989794854,0.2683640000021214,0.263703611011973,0.22024576408170243
1386088,0.23512415419056687,0.05406054170874208,0.023747621287198217,0.015969836071619264
1386462,1.0907806548618812,0.82616400706247,0.835716993994648,0.7989897921505558
1386714,0.23837290627599875,0.2817891488919152,0.2749308828143347,
1386792,0.11441325143783568,0.18152846186578248,0.09749846266904992,0.1904624420940535
1386928,0.6828563528556634,0.6335477024085436,0.5910165534333173,0.6092026410758143
1386929,0.069673893792089,0.01991879247226198,0.042083651675451694,0.16428491550460092
1386935,0.4398342098640713,0.31860842141730494,0.29624879041311225,0.5439425944403503
1387130,0.05198236548398893,0.07306054569486398,0.07452362263143919,0.03354853386524353
1387303,1.127843435511195,0.7671385173755898,0.5613462968143893,0.7399910638678812
1387304,0.2741452765995292,0.16163028626322534,0.09058714022133975,0.033208104793831406
1387322,0.4873176376284897,0.658364947142789,0.4979548078161721,0.5352112256653468
1387366,0.2405071888289893,0.12883504166264875,0.17722702737120688,0.24831523282490428
1387399,0.13046244764640516,0.07146647634113845,0.06973860802170748,0.048301042721700334
1387458,0.09421182578724736,0.21481743820211582,0.06781821179642615,0.09680831786147603
1387508,0.9454882738933343,1.0195812613809072,1.0026442785804783,0.9005844887855924
1387615,0.04147616005088042,0.03585047210560021,0.022878840922729696,0.032228051383523394
1387672,0.4365326072643106,0.16020663053032583,0.14083050650606804,0.10715060508806254
1387723,0.054888113664212174,0.07650892196822753,0.17907797710752527,0.08579869806441537
1387761,0.4643709333065551,0.2734953841970888,0.16520985201909671,0.22244158269518224
1387814,0.47264778012492414,0.528754429895279,0.24369607819107206,0.24780120948983453
1387818,0.06286810068724773,0.5001409695206178,0.30836071573896984,0.55359671430139
1387869,0.32027588989644473,0.39884552907462406,0.48038922308264054,0.5657175059913757
1387921,0.6028026558142594,0.6361738800857863,0.43266270120676514,0.39217439109472796
1387978,0.19358668728725859,0.18907221311461728,0.17983170111095984,0.0710338659357396
1388028,0.0988227620406022,0.05659838921039651,0.01884241753310097,0.010255374706894513
1388076,0.22795979951510445,0.5252709867553746,0.1689213451113813,0.05584104547012277
1388142,0.5412538214948446,0.5375184119633151,0.3620098460358234,0.4849929430551123
1388167,0.2464422964645057,0.2689245613911868,0.18256554068546813,0.30065005296500363
1388168,0.38371286236755703,0.3733274096088823,0.03648526725991326,0.01964617450159295
1388279,0.20501745646302896,0.232355106713859,0.2600793727221288,0.22671405348966325
1388312,0.8658399281560771,1.1244902789340805,1.0459007519111154,1.085223742582139
1388325,0.13966164910820963,0.0962682872743509,0.289869579644995,0.08827880895732519
1388348,0.10319276669118853,0.35046358794435933,0.3621340293280328,
1388382,0.1879631383691485,0.1649642534642858,0.17428704503675263,
1388391,1.204035228424255,1.340820561540392,1.3189078373033538,1.0596155297920753
1388409,0.1627801976953164,0.24553054755688294,0.14008557050436624,0.10092078623740652
1388437,0.32899823133941114,0.029469380113367832,0.24415636049259445,0.09648878135928593
1388443,0.21664335931958345,0.2163382680971535,0.08724711633041149,0.05158244017945394
1388551,0.48263437608146237,0.327589025050147,0.06958205837629461,1.4734020582438754
1388736,0.23987084424902333,0.16458683088517048,0.1429251371609657,0.17994845859274344
1388788,0.12312519205920135,0.0,0.15010189532744939,0.013391239786705181
1388805,0.33226091914983524,0.28151226474956975,0.4570875701909101,0.3792512115429132
1388814,0.2708642403697234,0.40755792787181133,0.12130723043812788,0.1517898422012097
1388829,0.09895381801666756,0.09496429369599801,0.09950849551864357,0.08780946692832747
1388838,0.5633837713391758,0.3421631798558166,0.1406897390856745,0.17522671238164647
1389059,0.10887828524800137,0.10157341652850065,0.06527846493781744,0.07943006323817392
1389082,1.1705888395383692,0.9961961704665522,1.0740000264720084,0.5711409091870191
1389191,0.24243054848973014,0.20195437756232204,0.3524050582892125,0.36295530544171584
1389212,1.1761061070462078,1.2597832352767864,1.56558179094172,0.4621908517227233
1389215,0.08512144343204556,0.14297483003253536,0.05378557581471811,0.07382832783232113
1389223,0.2908522047287627,0.2756696541168752,0.10534872428350793,0.19090642686350245
1389234,1.593568671010353,1.228965932826107,1.2503118529503787,1.249322893149868
1389256,0.10761300306293774,0.09826760705424348,0.17095566708758198,0.20679709227243062
1389279,1.8345303504985546,,,
1389307,0.3267206468090364,0.35085733314144096,0.05601742171471088,0.13478025998424653
1389400,0.07051034275649735,0.10964691562094386,0.18283462668513265,0.29370743273512273
1389403,0.017073773653837446,0.3795248116195169,0.16841886591129712,0.018119667259241332
1389426,0.7628351245726699,1.0472891615290696,0.9205882323827189,0.9701482773522953
1389479,0.19078343969463527,0.10166370138758533,0.1344871114151011,0.09289706589501887
1389507,0.5433064780231059,0.5499185899595186,1.2610800845565198,0.8775412782818679
1389544,0.23729502273732542,0.3136253635017196,0.03979081329469593,0.021984254501749206
1389563,0.04201774978113012,0.0,0.03204372449736822,0.04695118509262004
1389574,0.5897896407678772,0.7051000986187691,0.5653376126899038,0.5379797784189795
1389610,0.7343772265115285,0.7717981302456733,0.7971625862184165,0.561917340048662
1389709,0.12128177530773414,0.09927232570559189,,
1389839,0.40825745740003433,0.14758316162042345,0.17278193773055614,0.6201843862109282
1389875,0.7134686528491829,1.0284844180112975,0.7537023227266537,0.6534084118574601
1389933,0.35791321680052274,0.5417696415976478,0.4173114849406531,0.4729535810663527
1389957,0.9314849486604242,1.2403382419878952,1.1032813091671323,0.8839272055426141
1389974,0.46137546739787944,0.6899619072029285,0.3839119961624443,0.14350212094465803
1390003,0.12863945365270008,0.13595777388040522,0.04193192023200408,0.04890800571837007
1390043,0.3135060804477586,0.40257266954562065,0.19543509239030615,0.0978202460566461
1390063,0.03798280589789968,0.08883468783623646,0.09790462260396048,0.12394452362839252
1390111,1.5949003149648817,,,2.0
1390113,0.6140226965655333,0.9109772146837605,1.1473217382782612,1.2895166663239248
1390202,1.635553771785545,1.5031940345314005,1.4462130037229841,1.6008733772043444
1390205,0.13405962266318444,0.07581006483548683,0.06915023992553636,0.03835091973177627
1390457,1.4512658954605957,1.0852438860589178,1.0851658061344884,1.0210217210909827
1390777,0.1581113383145315,0.10376338910110208,0.08505134876674571,0.07478423166434553
1390965,0.4115924958738208,0.4958913357010118,0.28096511799041374,0.1831958267404081
1391974,0.8763547966491204,0.7005930128153299,0.7122934974660602,0.6807127061034473
1392364,0.5853468318157363,1.0708130211046234,1.1980058719854505,1.0628899993743848
1392910,0.8055261664415583,0.9352836077051401,0.736529528913643,1.1193747330665789
1393369,0.14195571038804622,0.049491515184140855,0.038257962485016415,0.04206575367884085
1393389,0.23910608091368196,0.09669423141978925,0.12904488511123852,0.20674499099805138
1393818,0.3252978478564306,0.18344764435897554,0.2798641887002644,0.31978701818449234
1393825,1.2582984906951564,1.222411359241094,1.3144844024225246,0.8870220457532053
1393944,0.06933038485495131,0.12006721998441383,0.06532416999597919,0.11798155794626393
1394096,0.22799605184686078,0.21304541666896992,0.09665085854408151,0.15812273456863735
1394866,0.06708007810505169,0.23418771680220804,0.05622440900384528,0.06617265799196723
1395055,0.1086023805233136,0.14647990491434085,0.054000044579128506,0.11140363513290119
1395067,0.179856075409887,0.0655096220094478,0.017339079511548373,0.07786097095173783
1396318,0.20715984162387188,0.29969386494467254,0.3568818565788979,0.2636035767466226
1396835,1.0175319018590359,1.0575258634038531,0.9773323632457809,1.10743255360792
1397076,0.11980849672498271,0.18599449634887744,0.20893879629929069,0.1659065709085594
1397144,0.037238046019426756,0.001777390186641114,0.052503177368808066,0.2573837681173345
1397290,0.10047903330315701,0.07900578301282854,0.08844643633838105,0.06001989822267023
1397424,0.8052280329420395,0.7993347508621856,0.7399534407783521,0.9883914296315802
1397545,0.5369658939205002,0.43863801460655677,0.21873939192757097,0.0968507325423457
1398103,0.30458334757551214,0.21470208040418778,0.19553535393727411,0.13459724107144064
1398739,0.22360274246521536,0.20694457680605408,0.2354805198230885,0.24612554098945563
1398825,0.6131860472886185,1.0349120929427837,0.9956796676389597,0.84906336938071
1399069,0.3574799578685936,0.35347610100126425,0.5633072290226459,0.2073436149643591
1399248,0.3474591366576525,0.22359967530954922,0.1922964778976527,0.11325376000420088
1399348,1.2337379747885373,0.0,0.5676905738922475,0.94682593484435
1399360,0.4215753168647424,0.8088336531133873,0.32033794160112466,0.41014551885835976
1399386,0.34379810324667054,0.15071656157824523,0.13336375553829918,0.11733170024135517
1399706,0.19957560328317006,0.24469612020492282,0.15137620909937305,0.29597208066112257
1399770,0.11552641870673919,0.05898410176052911,0.5937408613843654,0.2990308283423422
1399794,0.44436005005023815,0.8021804421748632,0.12573018515201956,0.08303525688046108
1401388,0.3334488016035001,0.4129789590384203,0.26510381426183327,0.3469309687321949
1401561,0.0955632915098822,0.080369913940006,0.07501507963430411,0.04305214643763392
1403438,0.6844358906128831,0.20904194980403568,1.0573411745518593,0.3413241233790213
1404574,0.45052109771197846,0.912860100065075,0.9294440799230813,0.5711825048442516
1404599,0.0,0.13141825449498662,0.010949255939256565,0.03287850271852002
1404652,0.4306558157027426,0.6599135323111711,0.40975651136735425,0.48751876477600514
1404827,0.14789819006202792,0.21614547189164784,0.39021083090117187,
1405555,0.34177266380870797,0.25774119811548646,0.24925995948489624,0.23300260659480054
1405844,0.0,0.5985172180035129,1.124174924676501,
1406026,0.24744578959864655,0.6697277981367573,0.5551784689760851,0.6168030715980849
1406313,0.362114155729717,0.3038668859751124,0.28103086383194836,0.20143994236365018
1406484,0.6889869608161627,0.8317148583544075,0.5435617260057807,0.5012147973551442
1406585,0.13661338820335397,0.29753618089793465,0.3595641115570094,0.18634653732481807
1406857,0.0,0.0,0.0,0.0
1406995,0.15334250689933654,0.27286843750004175,0.22359924708819823,0.2004916590374425
1407382,0.017448141709597395,0.14130893292809346,0.3924840647426159,0.07197763825148949
1407389,0.9032244787284348,,,
1407409,0.28179782660919017,0.224520441556939,0.14206387967510475,0.11588678277891096
1407543,0.22120184318723685,0.20947627730481502,0.1701909463791334,0.29065960890401693
1407620,0.4999539123726148,0.16334859710901908,0.06422812459237175,0.7148849001056212
1407737,0.3748484029560763,0.24845677493487248,0.5859913655915723,0.4062150155538709
1408103,0.4700124670078856,0.436995754653254,0.05978378146400967,0.06278044148147983
1408324,1.9735331741325701,1.9831457917701756,1.7169687820761448,1.6203226029861681
1408700,0.0,0.0,0.0008120741508805658,0.0
1408853,0.1601995678736859,0.0,0.5067606637762831,0.04479744746690544
1409427,0.1379909581876602,0.18770005686025565,0.12361026493617025,0.10737365562691718
1409661,0.16092089734360268,0.3034907566249798,0.17697903224798067,0.08984713740283096
1409728,0.018478458456643265,0.22719055141075065,1.7663167179242933,1.7719943601797665
1409751,0.16969158026871983,0.20720016938599245,0.1591206829842597,0.1031693078255049
1409765,0.15381955839721542,0.1431629793417622,0.0680219354845118,0.08711909164681023
1409775,0.15180590480355927,0.20901431541815255,0.17747486934955617,0.09329382119869185
1409888,0.023328574593383562,0.47936645947718537,0.8156575573028965,0.25080407109710806
1410588,0.1699344968940142,0.26577035786545183,0.10762709257757205,0.14919510084334117
1410830,0.16822770060228598,0.4677334457835543,0.043430723033664693,0.14367268274693418
1410833,0.18056155407340785,0.2644639861671596,0.08926583611885602,0.1109886336304348
1411133,0.27965998181224594,0.30771763693488685,0.3435867250304079,0.2669625189465948
1411268,0.22767074078463198,0.263121670038293,0.02694200781671044,0.01618812607247848
1411512,1.0712811714456976,1.1196513551276952,1.277196012118478,0.954249316970323
1411530,0.21806209912395444,0.21697734293336707,0.2209677724478279,0.4550280456799566
1411784,0.3782364229145438,0.6737266243846017,0.17186242821450026,1.268303143726553
1412031,0.0,0.0,0.0,
1412575,0.2398829787008977,0.3998988148131343,0.26688857891899387,0.24259103709498678
1412741,1.3154094991886507,1.387426305539427,1.2311877164533946,1.1695594617600558
1413654,0.14902716919346207,0.2362743840668592,0.3875232512767265,0.35831619555820526
1415030,0.7148817250774301,0.15501627134745832,1.9298237008853387,0.8354481777709412
1415201,0.14161167705963965,0.5521228645040267,0.20219116491796305,0.30812877519259957
1415293,0.42535974983744806,0.7819057063153336,0.6268788369916464,0.769674160424141
1415996,0.6810358419979039,0.4150260111873686,0.7906927400177539,0.4948481159740312
1416692,0.21684258462870454,0.23964137039540853,0.2654646712110588,0.12485597550793513
1416856,0.03784507302817519,0.027758923485180734,0.033183315052786655,0.0468817009409083
1417889,0.5587278413445913,0.20581754992252835,0.5641433910769619,0.181832913278025
1418204,0.25232169917486774,0.23976786834562627,0.2911075006368055,0.10570408072987227
1418226,0.1449130666163625,0.8063880534355446,0.21606537024209257,0.19989579527288584
1418329,0.19263189083463267,0.3402723237817374,0.20699925290525154,0.2138558247481873
1418333,0.1535563708872852,0.14526082391826742,0.6938698626530868,0.7361269990747631
1418359,0.36614097838819687,0.6221466092957243,0.4204499946472633,0.498290924484829
1418421,0.0916954266290302,0.06247374114495137,0.056103502436856,0.0801199785701399
1418427,0.303603519996565,0.29713027871076775,0.1929900716386077,0.22048332206674898
1418539,0.3597945715834253,0.43430507500995735,0.21638702959287154,0.18834605970513868
1418773,0.4467963167652469,0.22472409090576712,0.1862427428454906,0.1902887476013354
1418814,0.16818425865513872,0.41701945303069926,0.3359050287736817,0.22194590661545188
1418870,0.12660980323020093,0.138351806419953,,
1419099,0.16985103659967998,0.32628007591007124,0.6343203148424433,0.23916148744790477
1419186,0.27876682289236576,0.19091275622883316,0.24246516130872842,0.21734020884004632
1419999,0.1374139009756247,0.11453575434927465,0.19742017560145894,0.3604341250924128
1420192,1.0338285004688716,0.07881809894029039,0.31516219282844726,0.06700640090835022
1420299,0.8504606137716803,0.6868339092505726,0.7486560799200599,0.6608076971686525
1420473,0.32087234661072783,0.1755251457368266,0.16173204948695916,0.12915346091402016
1420816,0.5484578361662984,0.7643967790268528,0.4793738850890214,0.23779922024765593
1421097,0.7336347410679328,0.7346738762670294,0.7161217248690613,0.8327315718409323
1421224,0.1870573879334249,0.1704551368371551,0.06052018498484869,0.07796939790739822
1421306,0.801794893233141,0.47786318865002625,0.537114946546197,0.7511921251204751
1421578,0.21401824829520016,0.2603178910439636,0.24965248386019115,0.22541988335012716
1421669,0.8896520299036443,0.8363496403878287,0.8695096397773024,0.8032485703590823
1422023,0.1737724854882674,0.0027371472990874814,0.06768931940607613,0.0424221807609193
1422219,0.5764391621319718,0.7810177190518167,0.6408481710209618,0.8685409906675133
1422508,0.30071780925918973,0.2791981140256303,0.2318689882203458,0.44489566504663086
1422771,0.5501443328222695,0.25043963542049774,0.2802825214423044,0.18488515172839673
1422848,0.20011169852682234,0.17114487329108072,0.1324512417008378,0.1069780703061458
1422849,0.14595928619443335,0.17148911237918024,0.10659140286476732,0.10251965148158415
1423045,0.04967871732883562,0.07034037186108334,0.038552691033611704,0.1734938395423214
1423053,0.7679856542754725,0.9630533109725018,0.9402437255285974,0.9081638283720476
1423065,0.20254902031601643,0.33741686987582253,0.3049359999225819,0.26489062829984367
1423217,1.7166477278390748,,,
1423296,0.20779063588230914,0.2698922827943404,0.08450207090502683,0.22609610156309445
1423386,0.09017379307514597,0.28278899590839374,0.08908252048844384,0.3639897118370603
1423442,0.425387506701184,0.39554979939105994,0.35699908228562066,0.24182736343020161
1423673,0.030559955013520705,0.699200800025707,0.7349257838579053,0.06793946667527934
1423686,0.6984967215576695,0.7154193930746534,0.6973596349768192,0.5042033037962778
1423875,0.6052548609569511,0.45087316169815184,0.4808427542967744,0.29256961698395023
1423876,0.30759361125797774,0.5624067446900397,0.5375701112421187,0.2702494344084524
1424177,0.1968367336507312,0.04799832443927999,0.10942776555411593,0.09398707877047292
1424196,0.3506823546641694,0.9290056473629852,0.34453128466007926,0.3004256617064452
1424322,0.1422044079400899,0.0972544566105347,0.14820219299163906,0.13122947070706156
1424367,0.39042352701235883,0.24417770751409368,0.2074576510687699,0.2107813507380288
1424381,0.3446090041038321,0.2122541524070367,0.40157654327582765,0.36182114546799937
1424447,0.15269216753851364,0.2684160674999214,0.12298086034454939,0.0376793642235675
1424467,0.8755986591255156,1.0277364524517285,1.1449648118315126,0.891260604327438
1424480,0.150037759346966,0.03626052547497033,0.10176172196271131,0.8952686547582741
1424717,0.15547644419370205,0.14475646144828444,0.11687137294893019,0.13738058720154553
1424874,0.25001707835795395,0.0,0.18585696098780438,0.017768296296381877
1424878,0.4403061631250221,0.5520143177592244,0.865016691911504,0.8533472998242018
1425040,1.7192991356826204,0.4361435464446327,2.0,0.0
1425041,0.04268217080752367,0.286833022632808,0.14927119219706855,0.02700518264969909
1425165,0.40767688322542683,0.4148389533775548,0.4665330291505213,0.29333424873729724
1425294,0.2233072402277701,0.2090883632410729,0.2753197236823752,0.30749563566698834
1425419,0.1550484231373299,0.19224905852357163,0.16009825156527602,0.1500077319599445
1425649,0.4270276191293116,0.3696920681043337,0.3314533058273543,0.47194861963466334
1425738,0.572789318383689,0.5390036217262383,0.5014466055421561,0.6386749141784807
1425845,0.2536446169527596,0.17987739545096942,0.09350666739262013,0.11636822656954757
1425851,1.0988810220064344,1.0395210184606154,1.1399981736195934,1.073902624809735
1425934,1.8404749264013842,1.1262169474552906,1.1608897323595295,0.670668370434445
1425949,0.1049729454214729,0.11050523169339507,0.08842002229485793,0.09803294094419807
1425994,1.4971467979988136,,,
1425999,0.5017232844483194,0.6654566991679438,0.2685761678785423,0.4720990832512246
1426083,0.3892077971823173,0.5921290915819275,0.7380084101460755,0.6724843079821871
1426092,0.1599247640941265,0.07002396108864066,0.11410232696701156,0.049371577791668855
1426196,0.06963680186313358,0.5045140584020931,0.9566856248730616,0.834983781115996
1426266,0.4066602983495844,0.3374949081521161,0.4306937690571283,0.49422107059936643
1426318,0.18939692562317126,0.21043762890184525,0.14085898378995168,0.20230572883874934
1426319,0.20302104056584058,0.294824248324265,0.063344835722657,0.1704821412943437
1426327,0.09408698297468117,0.0828149973372768,0.14916105647525238,0.2197813964667827
1426398,0.08517526919143406,0.05269440838987768,0.04659229250176896,0.09202413346135283
1426449,0.0,0.07013140109568324,0.0,0.037809833572064605
1426588,0.15993525632268132,0.16566938623416327,0.09171547624777354,0.11980378726893963
1426665,0.6352454439363081,0.6565381170349749,0.5715191957379813,0.6121468386547297
1426749,0.8438287965512472,0.34151757604903693,0.40882997192554565,0.13737648717877743
1426754,0.1621139926485331,0.0830541097934963,0.0479736986356322,0.12700450483571146
1426756,0.9522995740397268,1.6743091966099486,1.3137539325531693,0.0
1426763,0.01333470094982627,0.038059146848914066,0.09061860665287737,0.0
1426771,1.1850538665587538,0.22506061238422556,0.026694446896139583,0.08083271917741586
1426774,0.09567727030208194,0.08412836955192075,0.026782542119802112,0.036854182545796345
1426790,1.793584410837832,,,
1426853,0.2224736871837158,0.2125003657500662,0.12839023512859843,0.10609141428838373
1426857,0.27239122822100564,0.0,0.0,0.03164095037186943
1426859,0.5317025425053569,0.18961716881005392,0.2659006879790335,0.3422055712239098
1426876,0.7533614009900825,1.3542906777867185,1.034984652102089,0.44031440725941356
1426940,0.31710843294172864,0.4612486687183613,0.35409189687040604,0.3735916137279684
1427008,0.366809660541194,0.6383256778154446,0.12302074932531336,0.6255820621415562
1427112,0.46540818599739875,0.6756771555808824,0.6164621876113235,0.22361738733605763
1427119,0.40773621000419424,0.40162559818771376,0.6989770366791646,0.22439790362979722
1427147,0.05205196051246389,0.09660626374750188,0.03473500386574145,0.05992811668078848
1427165,0.40868675764449564,0.44049778687064156,0.48084825227674494,0.24032168202718496
1427196,0.23607348825151928,0.7617667359438406,0.6717577509580044,0.02358466543930018
1427202,0.15900245101369476,0.08319736191469075,0.1811795673151799,0.7211528548167442
1427261,0.682067774496803,0.970817921598221,0.9534456667614697,0.75089419340752
1427263,0.22316090563460475,0.3421061757149023,0.2643496839712379,0.41188255123606077
1427271,0.21680321638188849,0.21508759739253397,0.1355142231699587,
1427350,1.0164819594154382,0.5632942417404141,0.39518057388759537,0.08607491092013306
1427351,0.08821124003273717,0.0628407541867405,0.063366521655237,0.060702506925359674
1427372,0.13383032810369144,0.04976627249840882,0.014600714948094727,0.02023661116753326
1427379,1.0585280939532677,1.187361092475176,1.157486806855148,1.213764178860081
1427430,0.6519351964212239,0.7886129547478095,0.8140816825455106,0.8099168389003042
1427514,1.746996902040437,1.7215815375878603,0.3433769471658942,0.4378156342342703
1427684,0.033399537416542724,0.10522731396878918,0.14986623472616528,0.03736738720804289
1427748,0.13084523827827219,0.06831938682391786,0.02932352918395793,0.04876537065235262
1427806,0.12758359637801114,0.15407335693167448,0.20437888123338938,0.2698711947962524
1428242,1.309607721715103,0.0645876894098153,0.0609529084841773,0.07254387635199842
1428350,0.08112016627194203,0.14378801786704867,0.047861689737306944,0.04492440903586839
1428569,0.3444150270176197,0.43652657003422884,0.40401409162875107,0.47420934128529657
1428601,0.10769521211961344,,,
1428793,0.322430293978657,0.4200670303787762,0.42029852976722226,0.279748455037444
1428948,0.16003249148712334,0.17413386537176345,0.14153518125184802,0.1413134915299198
1429074,0.10291791751107356,,,
1429788,0.2600451488098118,0.2724780565586261,0.17437177534046153,0.09527479812261011
1429895,1.3594058122093444,1.3438685975893203,1.2264907947328074,1.23831140036414
1430233,0.1159878928753839,0.11273706384196179,0.0653856557702799,0.0861544564377702
1430308,0.7734327471469244,0.8207006435302735,0.8391496731043688,0.5295108342662312
1430427,0.21978784517449074,0.22768100461976673,0.2721169651712536,0.2194356062395691
1430681,0.047677277768456205,0.031225630266627277,0.043902181199530134,0.034263034421582655
1431256,1.3221404202286837,0.9470368453397158,0.8747661660460728,0.7204512874165336
1431431,0.05431197828760919,0.12298756653012585,0.1866532019321,0.0
1431518,0.09696063612615848,0.48682714352287787,0.190593709187989,0.7986655099531693
1431819,0.0017535804188193599,0.0059318752456974525,0.0,0.07361124190185217
1432354,0.4034135616287593,0.48406431893220825,0.27575911863893937,0.22744703290572757
1432529,0.320853784558589,0.4379762230095592,0.4797217798426024,0.3443373383740348
1432539,0.332360825567779,0.22628507425431998,0.18481413108076453,0.08209085712946323
1433541,0.4606116328240957,0.4695701421321545,0.2920230639185661,0.22452794213091987
1434323,0.1253734772992503,0.03968957852999059,0.06914211242511031,0.06829656908780689
1434641,0.27681589091094705,0.2781814505582883,0.2189625772727312,0.17178820354319996
1434689,0.19330164445655884,0.3643673368390302,0.26317191019669495,0.24451757269006155
1434819,0.15742351547977976,0.18587182236298042,0.1457680215307327,0.1826571116941074
1434845,0.12258149876369054,0.09171887050183251,0.03186063867792886,0.05187940691785584
1434981,0.17415981670546118,0.10179030788211238,0.18513957424468339,0.09753038679425209
1434997,1.0363670114168222,0.8993839904411157,0.7977291944865362,0.8836862929020429
1435346,0.6006585853285736,0.2785175673234053,0.5248251736325065,0.3544932700169061
1436866,0.1003880662508493,0.17170992456158846,0.17366425276199035,0.1874425853998082
1436871,0.10459980363435428,0.08865180782863254,0.07671640829355617,0.0486697768392419
1438129,0.6103769507160296,0.5879140332961134,0.6721593292327019,0.27588811783345774
1438258,0.960536959218873,1.0431530592072298,0.8427414683172398,0.9000726978382748
1438284,0.9662603097028775,0.8966218788944041,0.853168860008126,0.7647234510389349
1438574,0.31992549208696625,0.27710351275103157,0.3229875859178843,0.41588071647643865
1438637,0.1998992700050393,0.18361806469009936,0.15892596361411657,0.31766917291766
1438848,0.23847844181851943,0.26186149266977427,0.27679917016104594,0.28582911556741314
1439289,0.46360209305942834,0.35753723454211456,0.6219211899853332,0.5109994947950727
1439303,0.4494475015057311,0.3542857345526697,0.3618808116951497,0.312424878346628
1439589,0.0,0.0,0.3251001490887123,0.022892240021981904
1439743,0.15806707451394067,0.06090726696841229,0.06256788639870468,0.4475880438818731
1439805,0.07779220747156465,0.410048035041076,0.025655364299203953,1.3057701744063772
1441559,0.7178803051736927,0.6764641705312877,0.5608317930774595,0.36817758340382256
1441646,0.8477404175651885,0.16142682249705542,0.17556903387059922,0.257989617259659
1441689,0.20476397165213983,0.31767032327646383,0.24867783171011865,0.1690923758376735
1441843,0.5194355745981614,0.6797501620181696,0.3477947475434847,0.29360832214542093
1441888,0.2270816480574499,0.1665021245284081,0.24399425726787188,0.21022052622863305
1442056,0.09556477521921161,0.16486290894492608,0.1332355578099859,0.14218035515598912
1442173,0.08452426867783505,0.07532415288336299,0.0756404596235253,0.05629985165767055
1442276,0.7826929457212963,0.8257374904087378,1.0019804446352827,0.911747841245951
1442573,0.38532893599174795,0.24549892501763354,0.10413965378688235,0.13749165343916475
1442641,0.43827499494067423,0.08783502297060754,1.5287859038478036,1.3196564835530702
1442756,0.7999247721358144,0.8511404317409751,1.0095477736178793,0.9383503991651155
1442891,0.2218183387116416,0.11174337121661718,0.1922719034976464,0.22580686475992814
1443077,0.30403392865593437,0.3251571983847111,0.3029006780788562,0.2577480545156087
1443095,0.14306297562439763,0.14365307221063744,0.2795685778253135,0.05667767869031767
1443689,0.5592284680610289,0.7095132848796494,0.8486526563805423,0.5689026643005887
1444043,0.5409428298861575,0.6784373924355331,0.7326792808809082,0.5261860423297403
1444055,0.13224068369351283,0.22561618141406334,0.24127066020800875,0.19601029025408626
1444376,0.6799496843751487,0.8071278101493151,0.6804319227571932,0.558637055416066
1444874,0.2245949577295346,0.11730991633663136,0.06188829856745428,0.08315034331517758
1445065,0.20299877719867637,0.18015746085366657,0.20351137430138141,0.2136190619280045
1445891,0.08192979985906489,0.17363080137564885,0.09521279488896331,0.1020059676928738
1445893,0.7192441978012128,1.2475431419666296,1.121341032394617,0.8830193796588184
1445911,1.2998326082653033,1.4208482663576312,1.3021810786313721,1.3027904090337823
1446114,0.43720696468146364,0.5691914105155449,0.2730010016293909,0.28171339599354706
1446194,0.518682757790211,0.5736894337425639,1.0167418312771221,0.9328149884687467
1446440,0.6162519573693129,0.6619489267941279,0.7780992226112976,0.441647456383315
1447578,0.22305942827988673,0.20642794305873494,0.27193183691878,0.29251870623871
1447884,0.17830841849406412,0.19927171565224508,0.2852285018737662,0.4573049908978169
1448574,1.2096956902812108,1.2176721322372268,1.0268224624508573,0.9642339547972999
1448793,0.4575205544705217,0.713460952376631,0.6848111277205149,0.8791156811920626
1449126,0.29765197668718063,0.3260149467307678,0.3191674558172661,0.25894870640279044
1449434,0.1232835170169971,0.030959429947788657,0.01821862126775389,0.05109526561661149
1449689,0.23491189947507313,0.25395407646999,0.6824555312831435,
1450008,0.36836262714834817,0.41577931506492805,0.29984466855899927,0.5134325131307211
1450144,1.564251768740808,1.5504609832259257,1.648471500934116,1.518933779060113
1450558,0.10628129853498837,0.14722685228857504,0.09059777007302715,0.08979512325342782
1450746,0.15261743806078346,0.22621695823305155,0.004006617685809295,0.12255928136033335
1450935,0.28422893810055166,0.3393015633624821,0.20368792711429315,0.2655144358611419
1451428,0.8763740512638962,1.1684951699780377,1.0114509834118122,0.9996770771606591
1451643,0.09325356989762547,0.3440030410735441,0.2273358271463385,0.34959441542310604
1452208,0.03280641635840303,0.17316440948843728,0.01565303608986106,0.06778175847885236
1452689,0.5017157746624863,0.4239031078300838,0.26226458957144755,0.15681845270670855
1452857,0.01631979404705735,0.1033938669425913,0.3337670247117172,0.004196715685076366
1452929,0.4742194984954761,0.3920457782101078,0.7188310491159254,0.41120114895357884
1453039,1.0684051765562081,0.7413092589358155,0.4710871347847955,0.5206022368082724
1453072,0.8761786577985717,0.9292485570826157,0.9992259830138414,0.9371849764166845
1453381,0.10388260616538549,0.0622266812125088,0.11967917548140893,0.1336939161533523
1453415,0.26260734234339883,0.21876666478757226,0.24704045797233268,0.2985492633435259
1453447,0.24719939205078312,0.0,0.08308066056543066,0.13862021165444255
1453526,0.20186551043340473,0.14644871974924764,0.1886518136302867,0.19330148839964614
1453620,0.059262385263221855,0.01341862374389804,0.003103745476351952,0.017662191941321338
1453885,0.41276786665534165,0.5843466514477209,0.29089801921077363,0.1837875153630382
1454027,1.3115648891806775,1.367462745151202,1.2334360347789337,1.1008129944786889
1454138,0.0060364313509830335,0.15615021440678584,0.006018888774717934,0.2558380186560894
1454288,0.9994787989066736,0.9763022855931779,0.9864348579356658,0.9396623249208182
1454308,0.4060154752792506,0.5974851747688029,0.11733740995092289,0.1761488303671777
1454409,0.6234754879645158,0.46561080295524293,0.41207345004544227,0.5429467231672102
1454423,0.30605657724868707,0.23785073410534904,0.28162541544011593,0.15797452044937085
1454424,0.16269593241927965,0.17701569184832794,0.10757988564119127,0.05806496315305481
1454502,0.27792081742306013,0.20075902222253544,0.4105958630454314,0.07933198366170081
1454759,0.9889169357790814,0.7270064827310002,0.7054955826153602,0.5356107940061112
1454893,0.9369159018969354,1.014375556022898,1.0836699465484143,0.7614480100273847
1454937,0.4787393876862526,0.4270339725643774,0.16746691554353138,0.04003673294706033
1454946,1.3808561786226667,1.494805185100424,1.5656416367643549,1.18468528825817
1454949,0.1831666881195449,0.20535009425241366,0.18373553726685218,0.16331769105851018
1455139,0.9820959102460124,0.5991719342392514,0.6659545908887194,0.6487805794486539
1455176,0.233656210080644,0.24972023830208223,0.14864516176041856,0.13948252242995565
1455251,0.30633561281209065,0.3157902221996064,0.20897405910908143,0.28813318559841583
1455253,0.487491253468105,0.25541294871217674,0.3514473776104069,0.25997825328760715
1455258,0.35641797987181273,0.24464666701957555,0.30649626858509155,0.2045224664062087
1455267,0.20910651214299716,0.1536556663330696,0.10583228874494414,0.1327931656432447
1455288,0.0073956076043575234,0.14288747886483902,0.026789664079409355,0.041879823812258035
1455290,0.005311911698448128,0.12445692729409776,0.019182372628572645,0.03548734318426854
1455452,1.0700870763489765,0.685221788506007,0.3714863785160579,0.35415442721999424
1455468,0.5656434108535324,0.7279090747680164,0.7929936484551662,0.518156547822102
1455495,0.20599229072359693,0.30646609828818655,0.2983308455773614,0.24060906480691774
1455704,0.18685219694147776,0.00017157863491720958,0.31266027440404603,0.0
1455838,0.33192454588854364,0.25172354904879785,0.24507495387172248,0.2570008111967713
1455845,0.13939967773838277,0.09028773858220676,0.1048021818873675,0.1312911970879186
1455915,1.3498574939210775,1.2572491244157389,1.0892674496469812,1.4360209130222075
1455924,0.07771663765625186,0.08724521079575424,0.11894583544326749,0.12518876127449113
1455952,0.15173568024039552,0.27365306346034385,0.12927028613137023,0.19119153834921784
1455969,0.2366337308611842,0.21453823141037784,0.35139235015082226,0.39631069491008986
1456048,0.31261440410064956,0.26301443740706865,0.2709110106578767,0.27059309382985275
1456075,0.25365313215334173,0.15241428865832557,0.1939312684112128,0.09779341521608313
1456114,0.25446705961202964,0.32179790152018656,0.1007549727860988,0.12091958620896534
1456133,0.7443067385234192,0.8572827642346234,0.7456940182440867,0.9183033652763466
1456227,1.0105775192397766,0.7143762022259479,0.9445153333660959,0.9532389951580132
1456228,0.22065810604505243,0.22692661381338777,0.2158133614420639,0.31545587910867073
1456257,1.1560611877003484,,,
1456417,0.0922153748001889,0.20026239032459042,0.1629049227656061,0.13334748554258707
1456511,0.13790684377660054,0.13320696838912433,0.17408288821412696,0.29551726551752794
1456534,0.40052995297307803,0.2686244243590205,0.3079371208020484,0.19312105532668
1456670,0.17508486775982682,0.8582891714890769,0.21313341289231164,0.7142163348335843
1456827,0.10695744767549138,0.08589712752765065,0.2021570964883099,0.022434132171255363
1456927,0.4342882068326155,0.35070222222763947,0.6180075413946474,0.35294117647058826
1457833,0.08458819643988426,0.08497233219604097,0.07804110566914173,0.08968241859560067
1458425,0.3466656483239639,0.32719537340490173,0.31615166471817824,0.1921177588393979
1458461,0.27317581641109245,0.17306105655169599,0.1496626463173473,0.49408723310720143
1459270,0.6287169869372083,0.7799556927540721,0.3868038390331382,0.4625530972459972
1459707,0.45025363664617896,0.07740125884692217,0.08159005748369644,0.46114719772962826
1459754,0.0808231844790618,0.05388168028332965,0.08501364232628644,0.1549819992335122
1460629,0.3907743949741902,0.36287820480705246,0.3759120892386173,0.5027257649849816
1461133,0.30033815050371465,0.547181412691985,0.539328261030507,0.2828289147652373
1461201,0.21478820601575582,0.11063565105178977,0.04496606577191834,0.13448518825996233
1461287,0.09633682222705754,0.07850389562773827,0.07785197608628391,0.06925281403172462
1461539,0.07168281192594707,0.07505536282267422,0.2457556535072741,0.09914019968980346
1461564,0.22971653732214944,0.11391092330362204,0.11571848710956786,0.09696638574811481
1461790,1.340585947924784,1.0685535038654754,1.0838968002777467,0.9060658106468827
1462020,0.08165474417796031,0.06272031132042462,0.04195059860602132,0.05028642168783719
1462160,0.11110351404151858,0.060936749120589655,0.072907506462596,0.04665500658501919
1462245,0.27760018880758686,0.23285229504824734,0.2037735899315263,0.1760705285673345
1462284,0.4111301249901973,0.3339833791191632,0.25772699790899384,0.1638260509675442
1462525,0.31251990378245476,0.05745704234300173,0.10088090517491477,0.034071075266049584
1463217,0.2995637131201895,0.22038630643533574,0.21526835157650084,0.3250735111674471
1463524,0.06206796553035469,0.14238746942002503,0.11423923538989103,0.20559377978715276
1463559,0.3282050421514386,0.4404043877453583,0.40564458486617566,0.3490488098932002
1463698,0.9334801268222428,1.047466005415179,0.7554810819040216,
1463746,0.277701293178882,0.22353692603133463,0.16954547217180918,0.14135952260860116
1463753,0.144141154233799,0.3788228403295972,0.16065107697388234,0.0438849457313748
1464332,0.7347773031338979,0.10977967138460623,0.08636367383365363,0.11804794798409698
1464586,0.1944185488400129,0.18630405744838544,0.11169636573832817,0.12138818391100593
1464811,0.37411613050087467,0.2669525136918411,0.24247751898009978,0.18370527699041952
1465109,0.21647791590364515,0.21774822778091557,0.15345314870654758,0.1476087699659658
1466052,0.03857736359677064,0.09282798250624598,0.02572148369679266,0.04531061330208249
1466153,0.22586441397856044,0.2514204057302501,0.22633764691237793,0.22087825204977962
1466538,1.1136277864691304,1.2640030835749612,1.363376450614472,1.0798980998927945
1466546,0.15924192808440307,0.12130800502130379,0.0879302850376374,0.07618548082457871
1466697,1.496175899646724,1.247152688536796,1.0373912736277213,1.1759755013928295
1466715,0.5739360018660596,0.36128244941127247,0.6623159369613594,0.27956510647893035
1466999,0.0,0.018001116931227024,0.15728787339422318,0.038461098332985305
1467902,0.5903330085509506,0.6928549765276724,0.600046972939077,0.37142861011010103
1468395,0.42003135934994695,0.4651170686782037,0.4690465786582806,0.6191905136794533
1468428,0.3049800634188319,0.28324909028982237,0.31808204754688796,0.34454750169575366
1468685,0.21450405038178672,0.24571497405096804,0.04506955106236967,0.030952138210713125
1468686,1.3296246668921918,1.4930137002458999,,
1469026,0.23632865686599697,0.4179755286891675,0.19721329992548253,0.04581321620415062
1469219,0.18869728678993342,0.2315806237359198,0.20378269514566627,0.16792047140392163
1469528,0.9681273748883925,1.8177260640500164,0.38621257531495784,0.31238425508530643
1469751,0.2763817056004666,0.9672862452802723,0.41493768600197006,0.5035928344233331
1470261,0.49600816118215535,0.2282059462270662,0.12649653402595062,0.3466185772053983
1470414,0.16796362727893985,0.14751420655943417,0.11230036240709232,0.17631374837964545
1470766,0.10584470515926392,0.08861888558539534,0.3497679992214871,0.2497103732179337
1470876,0.4046798649749718,0.4100398429919327,0.24382967359327382,0.17379391472491046
1471474,0.21648774218935934,0.5990049228372493,0.5924213271177081,0.7497462548109904
1472190,0.12938440001428653,0.14924442852931355,0.2524193433062437,0.10814754661144187
1472322,0.3368293162757805,0.24442855952745488,0.2921437909338886,0.48423770506603747
1472850,0.7328652567401367,0.735302495521596,0.8772391672463926,0.5405767365560715
1473033,0.02798980311538122,0.04115909015340476,0.16140022916954216,0.38523454123846435
1473182,0.359304754837771,0.588262955145286,0.44073979839715216,0.35073030754843026
1473429,0.1816130801289312,0.1451794751060541,0.26302341771040033,0.22582546690189356
1473434,0.8641920898869666,1.3397922340056356,0.7472769143710221,0.5651848682053177
1473438,0.6360088474797112,0.14030069902667347,0.28155187043339247,0.14766580153950964
1475150,0.2334306537302489,0.6248609629998917,0.23209962059123052,0.37735573011635215
1475271,0.527463908313861,0.3757812638276783,0.5750590228616543,0.3610472865425231
1475365,0.07084644276921745,0.04816156707744228,0.05876150039686405,0.0463428207488494
1475373,0.3058392404443021,0.6238994403017165,0.3877381587603203,0.3159760146979312
1475597,1.1412273394102002,0.9098558256742622,1.0120896284637941,1.0224138708480919
1475940,0.3228916149804463,0.2881443422063189,0.4983028729793514,0.26018545845974206
1476179,0.09961959926390865,0.3391990237657609,0.43021582341535936,0.43277689918249496
1476225,0.07913130789010094,0.09410621927322564,0.05617254590664423,0.09235151272419306
1476329,0.18627197549230878,0.03925922367966144,0.05018109244194625,0.07430617162835039
1476380,0.2398884160196247,0.754511871906056,0.2910063354849279,0.9218036901982753
1476417,1.1371873741852738,0.8433287490376957,0.5143867925704564,0.37227772531619713
1476804,0.30854289621343295,0.30843149271529535,0.29098526393393126,0.19427402002933372
1476993,0.24311963396269762,0.20652074628652273,0.0058142762999633365,0.07964662765863074
1477024,0.1693282657012474,0.26076467990901797,0.4113484757808506,0.10120293725597435
1477477,1.0299596206026504,0.06651373344414595,0.053911120664088874,0.0
1477836,0.10475779878029141,0.1441653004044574,0.29001292029268266,0.2672529726382313
1477872,0.08221695022410433,0.16159115392204407,0.13904718862758694,0.06472549736947071
1478215,0.1713585098919282,0.25649729594947096,0.2941887303884499,0.20043342407058248
1478417,0.0676941435012197,0.08286107650352857,0.03618549536569616,0.16923465308822674
1478434,0.00023310349450251245,,,
1478735,0.6641046179091549,0.5240943189218218,0.649367743454417,0.6286924185203632
1478775,0.047636327940205794,0.04897089146905434,0.03793402289011612,0.025549255965998764
1478861,1.8161401552012877,0.36861610379465115,0.47249943052996757,0.4475856849721805
1478982,0.17349971781784013,0.0,1.0551459379149428,0.0
1478997,0.12062501819886078,0.21878208839889654,0.52850102438766,0.1261580201617567
1479058,0.20037683530784065,0.0,0.07756485111373429,0.0
1479355,0.7331525395696824,0.231729527652525,0.18761154376562117,0.16077240212519767
1479465,0.36348768760482963,0.5277026678080522,0.42609217804979194,0.053360465242267986
1479844,0.20536785612086275,0.1509829709689667,0.14661694337624767,0.5992872367975194
1480532,0.9859625528976455,1.0310503133008841,0.9903061732756674,0.9082829956741141
1480535,0.27412320182805494,0.33866336246805484,0.1010800032482421,0.30726720637985433
1480751,0.16493542381057125,0.23619361462148045,0.22152507629685556,0.19530716437159024
1480916,0.14902912067886703,0.08747010892691026,0.07113512782609728,0.06869800643011338
1481045,0.20758801191730275,0.2799370341733074,0.2900859911426309,0.21701846451121878
1481447,0.4467719381353282,0.3748791440165152,0.2342252961259142,0.4805157431886139
1481669,0.2699972080828644,0.18569588527989275,0.0962972859880289,0.10835975610007362
1481714,0.09745676801289888,0.05875063641231329,0.029133278522156348,0.024638934916005266
1481882,0.7583268381459095,0.5892430615117679,0.46972147937373326,0.5018163916406179
1481986,1.4102391791966025,0.6919880905039725,0.5389324747673099,0.7793568173993043
1482010,0.5125425964078787,0.4455295965949822,0.5301678579821653,0.4089845316300461
1482012,0.12893213068836348,0.20137654157916315,0.17668577867641908,0.11528133023004208
1482106,0.07371162236543437,0.060128401646920134,0.06660192346531096,0.027828719235667536
1482171,0.261175546224162,0.19212981116841021,0.1464386655759279,0.08944252956421801
1482390,0.3366441531489473,0.3803174065225032,0.3125826676661986,0.34111868479325486
1482416,1.0091884546662009,1.136069961192531,1.0200881352422906,0.8257821532540668
1482611,0.2561261385952297,0.2106090581185199,0.6330216592183864,0.12392294810951149
1482688,0.19402138983387765,0.1602835179557166,0.07086533336654736,0.04699593052977816
1482689,0.24152251206265016,0.21931590401125656,0.08657286605267532,0.09164372718574577
1482799,1.2689662316986476,1.2456864214299033,1.3491001361027677,1.2996291767623738
1482880,0.15548041847075258,0.10470751097811665,0.07858422453766084,0.05023835194985494
1482935,0.13459834161593912,0.11947978695261613,0.04153537385251475,0.021106299309058583
1482970,0.26848054642915414,0.272966590562878,0.1982918735011801,0.07231512644730419
1483060,0.16563399246989866,0.18128330271096835,0.307471695284484,0.398991298376428
1483065,0.07222592586452027,0.011230803013901192,0.07082267432824821,0.08938677307390248
1483066,0.7276673659888974,0.7747409261452682,0.19030075612388486,0.18760678429867023
1483170,0.38355299119490355,0.47476920700184405,0.4385357504196223,0.3926271375673862
1483226,0.0,0.0,0.0,0.0
1483232,1.1171281283996046,1.0053431741167025,0.5447817722792881,1.2622844109148224
1483259,0.06304813854241194,0.0344741732438786,0.029809753784041496,0.03474261380434123
1483260,2.0,0.4115964236841365,2.0,0.1695422125686462
1483276,0.178337242055327,0.3271930868506722,0.5513417524032957,0.26792941845281
1483339,0.3268059290132107,0.2708243728852332,0.2998666442096715,0.2871157470576905
1483394,0.38804008842925,0.4606350565461003,0.27031279628151117,0.1182601239961639
1483467,0.17219181508315667,0.4820938061664826,0.3332555526598312,0.38230658298375314
1483472,0.19404194890421259,0.426833894652389,0.2632914336147005,0.08926960629937387
1483503,1.0680326689723614,0.834926672190982,1.0203061183001352,0.9216817972826228
1483532,0.8162444611473628,0.5153689454023472,0.5205534607368082,0.523971548873339
1483628,0.6444452866279797,0.534150490744887,0.503220208093911,0.48734969511741255
1483738,0.43155658030320493,0.4805941272240021,0.441093218468386,0.6105501264546087
1483796,0.2161291501091059,0.1042120702515354,0.19442057471295066,0.24995723367523737
1483801,0.43689616153743854,1.0099718988636404,0.541911097618814,0.7704298810412239
1483824,0.1719053801195193,0.39067550309698934,0.21170441762262876,0.07955383388269177
1483859,0.2587511281526157,0.39577614560999635,0.2337047214413385,0.23114872028996536
1483864,0.2148450757051857,0.14341317610366391,0.09740248084188924,0.09960246514120148
1483866,0.08601158677052323,0.167926126939535,0.18024405883970626,0.14278578071601383
1483870,0.018025527498644757,0.07114462099054927,0.014801749444126874,0.11377192619979924
1483938,1.8505506185763783,1.886223369197479,1.9102283498270494,1.721370313933601
1483969,0.09698681456068668,0.07759618572110064,0.23482117719010978,0.20141277502251162
1484040,0.33954235951323936,0.5227036101389124,0.24090227468737452,0.3430633488769497
1484043,0.23478739342437827,0.18405407357760079,0.09371862077033154,0.26857061846401514
1484047,0.20158832682504013,0.31300772354999035,0.7187780726929917,0.030291976336000927
1484085,0.13805097983125034,0.047936443678647404,0.01588732006160189,0.01822649974504537
1484148,0.07232390605239197,0.27889024524946776,0.2802992780057085,0.274546103208324
1484150,0.045805977908574366,0.044867792362045376,0.030047765744187684,0.08358143188248356
1484153,1.5364255423534512,1.0031748208595677,0.8856101955201224,1.330782341783466
1484205,0.2791082763365562,0.5369584756975856,0.5446368116696922,0.42296545401625457
1484256,0.23356306371474672,0.4214759255043293,0.16956842537193012,0.7298989861257931
1484265,0.15106669699783049,0.1552311019082532,0.09834951810364038,0.1596882950498375
1484368,0.5975044633784814,0.800295171245361,0.3968523204869013,0.23128641972559616
1484429,0.31712887185325794,0.13877713521344032,0.09745418189866395,0.06280869615865037
1484540,0.7198391739591783,1.2522085117055088,0.6009896873874342,0.6156906451708815
1484721,0.38191180880633,0.22762044179220856,0.18368865162986797,0.2423154478173461
1484836,0.29524650021415977,0.03273627164996214,0.7005807157227418,0.26287912575890154
1484972,1.3192597803092891,1.3268484356353805,1.1219377212521033,1.3568735615654217
1485921,0.3110972751535827,0.8891002867545251,0.4840996696400666,0.4565980718738889
1486066,1.6305524799410336,1.5228839610484146,0.48824981023432584,0.6023155501381279
1486083,0.12388927222781779,0.1003433271861569,0.6483870867037256,0.19754823940711727
1486713,0.12833071206029864,0.0825931059303936,0.04321743073555848,0.019300156226358122
1486946,0.008291807583340357,0.2803722311254712,0.07433160092846837,0.23969873719785423
1487438,0.1454040305166717,0.14108685219438316,0.17584765643651895,0.2563122330141223
1488207,0.0,0.0,0.0,0.0
1488542,1.2598754349284933,1.3176759535750215,1.314521897212212,1.224099785796477
1488921,0.26125298271936254,0.15591900052846433,0.01762078157289221,0.09491068371115607
1489178,1.8026954162473054,,,
1489226,1.9384183778861641,0.5223498064513539,0.0,0.024325213886498175
1489859,0.8476386570442208,0.9474471492627254,0.5713972187565827,0.2945197204116695
1490429,0.23181421994169363,0.1880716248915206,0.21059094906905418,0.08401562390384945
1491072,0.5276750779510019,0.9436812385141693,0.638956366204429,0.94949809450526
1491126,0.25705668634312645,0.16793009923641974,0.03997601705268315,0.09450917967495899
1491617,0.6455020611092298,0.840877914803057,1.0602064558607869,0.3735620850082128
1491685,0.17626177496539377,0.14117549515830083,0.4905603991645109,0.2145167704486131
1491719,0.8070268221617634,0.8812398536552846,1.2083151823521336,1.0136870887518648
1491998,0.064617240886567,0.17460343660423197,0.13199983834662807,0.40054405567314594
1492040,0.3380320600352035,0.18551182523401064,0.15919069986283024,0.19581688756548288
1492133,0.7282607860426528,0.7592697727226345,0.623878671437127,0.0
1492162,0.4642023848873624,0.17424836854729328,0.21494239132779625,0.2666009153707845
1492262,0.44706885304925453,0.30626063128226677,0.22059039292351815,0.2771782687669066
1492375,0.23096696178320317,0.23471485258325456,0.19599132095399752,0.14818300908168774
1492815,0.46421790484199216,0.15383203324222405,0.2276279911237042,0.1698673174384928
1493215,0.45000938870826057,0.42433120748815967,0.26561548108069205,0.6009259653969677
1493921,0.019516675254115788,0.003149544960683965,0.0001183538616997917,0.0
1493936,0.21263295405492016,0.14861139651711455,0.2529304084145765,0.10435359891476984
1494179,0.298684336825887,0.5464366961336921,0.3671558685795641,0.6657349115811577
1494234,0.10898755192563904,0.14709997504434927,0.09475280146568371,1.9092793645351998
1495703,0.02635741610449308,0.07603186832298206,0.02452057692896393,0.017826397400235623
1495741,0.5306186759957954,0.31153458815870466,0.18224856013454302,0.22691159503396904
1496147,0.8860808273467421,0.6551715398075142,0.7143426880419264,0.5916053923597849
1496201,0.6337542137437037,0.6710398386810122,0.7728230281961368,0.7656193325615039
1496228,0.22545036713121963,0.019690597143178334,0.02411145742740582,0.015035362393510108
1496637,0.11719148055075683,0.07322757790275622,0.08721182614166567,0.061269053727459194
1496859,0.2855143573786943,0.06630999378342985,0.42854038199747885,0.5773601438697201
1497637,0.5805666664377848,0.5921329920735666,0.690814090615818,0.835881312879569
1497943,0.13926125846228027,0.1795238165915599,,
1498035,1.1475287051339778,,,
1498602,2.0,,,0.4231213428485637
1498900,0.2886025024363922,0.6784912873082531,0.5396722609476372,
1499066,0.6069329794389093,0.8890120837563601,0.6850068244134973,0.5663160002947831
1499094,0.2944748992271423,0.17520939212997533,0.2640404339479434,0.2540499333653868
1499266,0.2887578253677866,0.32950746817782384,0.22531017905997458,0.36697681063299653
1499882,0.573846729427634,0.6155067251931986,0.3701019171893868,0.24569042875539843
1500544,0.364698050190295,0.0002878556171322924,0.42245866781916247,0.2703748698502652
1500605,0.2648372906241959,0.40363525143965323,0.23030436641081797,0.49052990034279587
1500732,0.00590006551644039,0.0,0.0,0.0
1501436,0.2745971235440548,0.20338063998414774,0.35841498796487714,0.24037630322002018
1501542,0.2102195658875237,0.08039813860542483,0.1445301138989279,0.0701809324446593
1501577,0.13316424615103423,0.22236509069736998,0.07345452760419215,0.14785492181979953
1501902,0.197948194062468,0.18866278267086803,0.26145417153966655,0.13346058245123454
1502149,0.28378213516075135,0.6156149629764032,0.45759120179918855,0.26019709126220103
1502287,1.4979105798335506,0.5285319946152189,0.33243701975790724,0.2690176604257414
1502631,0.7904757340370002,0.697538712355743,0.41062107731023034,1.1649693323420767
1502945,0.012193542116156067,0.04253299720729825,0.18150285090485216,0.0
1502976,0.6354252715414762,0.7076598028904888,0.35259227651468483,0.35773226496934357
1503174,0.27626025174379526,0.8194918321282556,0.38489491683207827,0.31242684426774964
1503269,0.09989992440427878,0.0982671306584763,0.010800884001591782,0.09056460232742412
1504169,0.19664337991578154,0.1959892646380879,0.09151486938946259,0.1281057939952982
1504304,0.4174114362750158,0.5257622515283199,0.2425270161147092,0.3312432801178914
1504404,0.2807570378984586,0.35888831018142925,0.4393367095159323,0.4337585279273393
1504492,0.15894665186237694,0.3071498323386137,0.10417788872790036,0.1546000953103188
1504681,0.3586404251121211,0.6373553597100234,0.6928619616793604,0.46144215666687877
1504744,0.29086173790787356,0.2577621016922069,0.09431308893570635,0.05401345285298808
1504941,0.07580014129130865,0.1377392787380794,0.037782875821719915,0.019465332776963294
1505183,0.26776413317940134,0.13454212380124797,0.24937794529976903,0.16727876086570262
1505207,0.02603080269823969,0.12367408618740196,0.09886986355267859,0.014348285028185663
1505639,0.013116721099602342,0.0,0.0003318525166538505,0.08733801548767756
1505708,0.3273120003861605,0.19969546891736775,0.17754799342158065,0.25947776580940607
1505791,0.2681519026391526,0.195965513262305,0.199603955607219,0.2200118738648254
1505817,0.18338929699466122,0.20124664680017232,0.38704147152764723,0.18285877972673553
1505896,1.5438094048225328,1.609910203723116,1.0319270017758733,0.7378461913317609
1505961,0.34570243250140803,0.5194801148567646,0.3763626605979692,0.3715890323771397
1506071,0.15932607074705407,0.1586626525521241,0.1276934697540114,0.10799545018698443
1506073,0.09288915523050252,0.05064683109430855,0.08164404780959858,0.16408436480737595
1506208,0.5988424260710331,1.1356986507936802,0.8283862450023581,0.6760390172588222
1506294,0.35512834312904873,0.742682907960685,0.2765336505471992,0.5916351584209993
1506321,0.9236797126197478,0.5374329996363987,0.35749882943336664,0.04859639811379539
1506409,0.08173569280322118,0.1292813812528187,0.07361532908937907,0.09050004831169592
1506796,0.06906834823101825,0.06590313541587596,0.099182929070886,0.2030664369522968
1507640,0.2329752943642067,0.26643899845695823,0.3891591809113351,0.2039714300354356
1507683,0.06041726676613275,0.03639291280983255,0.012839055733510511,0.03240201523352074
1507971,0.008679021298655694,0.025876029061107905,0.015627486249747077,1.7013251540711936
1508053,0.0011775409138390983,,,
1508097,0.1949219404962044,0.15879904427654948,0.05441782244787521,0.15799746573452844
1508120,0.06858510512854048,0.0,0.07887797081022789,0.05990290625062578
1508195,0.4217264162680997,0.05270537587919575,0.03888385895839489,0.09839038774127809
1508512,0.13633247051584113,0.15766444424073106,0.0818032481356102,0.09191338349901157
1508612,1.172243224948309,1.3163910669487777,1.2460477674326014,1.1628935417485924
1508755,0.5739890615043414,0.4914515135415373,0.5831912592045749,0.5641093070805142
1508822,0.04888959656678271,0.38609020128654975,0.15770763163815732,0.20476912218326337
1509508,0.09967101098809905,0.10200786667881206,0.03394764750364842,0.06320883619212621
1509510,0.3164958738096134,0.3130084206635529,0.16540691374727867,0.14901447972198248
1509550,0.47461832085903577,0.06702362693214121,0.02120138003537097,0.014080553728622644
1509842,0.8686836726231159,0.8391501859666463,1.1396344594195857,0.84172307438833
1509855,0.4325579280584918,0.733771564070231,1.0836614500568649,
1509873,0.19473085367617715,0.6605906972189618,0.06887855938074695,0.10370276462745846
1509973,0.3058555735397415,0.1464437545932921,0.10838453812826127,0.15937954146350114
1509974,0.10422257829540588,0.12145075434368331,0.0315342914402795,0.02641604599863988
1510099,1.228451288973347,1.4181557773381297,1.3028749786312734,1.4199961579039446
1510201,0.09870439667093722,0.0569020203249287,0.09005903811055206,0.057773707683917014
1510281,0.27397282688452895,0.5352378454221717,0.2786521318468994,0.27614140721951425
1510387,0.7885097997223485,0.9573457492424733,0.7544331183265948,0.6916186238229527
1510434,0.11780042646542536,0.1139531785491267,0.14780072971746683,0.09741994914489113
1510481,0.2121292551649363,0.23634436492589153,0.19248332149549496,0.17210872263648247
1510589,0.13964755514631025,0.10184371792935407,0.10006669984383794,0.22366069621659693
1510668,0.4347357477112535,0.4271229721571489,0.16294041332807918,0.12977952695178988
1510669,0.8876416199609445,1.005062163507077,0.6556862539311044,0.5581813428589344
1510677,0.5559499585295179,0.5657700129552135,0.5196858320333129,0.2969790523619278
1510769,0.28195673185505943,0.19429206711444175,0.2137130909284697,0.09544343118098433
1510809,0.9937520455047305,1.066715992146469,0.9534287933505854,0.9842633310357927
1510848,0.15003014837130302,0.08714705046141576,0.08835723597353974,0.12385231571845852
1510870,0.2553149670684754,0.12925245279530614,0.12574308645068552,0.11216198214350818
1510912,0.286140793826078,0.2061425020038179,0.14001047949144219,0.3055340286891237
1510940,0.8502167736046368,0.8321194975818565,0.5415196641861095,0.5701842086784237
1510974,0.0,6.216729018709232e-05,9.193173272586003e-05,0.0
1510989,0.7968863076489096,0.8243910864754941,1.0235727157710173,0.9023570616000751
1511037,0.16690026234336386,0.07573739499740699,0.4502895161191652,0.1533431128328966
1511098,0.1934817721992054,0.03429099362226879,0.15223045325675938,0.03989516290424203
1511137,0.6961222108125639,1.931702122390837,1.7639868862038388,0.13973199329261915
1511144,0.17417922899029967,0.2202085834251633,0.22713020306551762,0.21898853886128256
1511229,0.29697207962530336,0.43732354284648534,0.2434073067906827,0.32282371093046586
1511381,0.41237591894567605,0.4385950395736342,0.532860142749443,0.40854901765540375
1511506,0.18943382622806432,0.10864670890926083,0.10568870722637351,0.06816171593776668
1511550,0.05830036433060174,0.03852867748474846,0.02499854742007711,0.09224947635883674
1511566,0.898602947480079,1.2734375751089153,0.9443869900225362,0.9625030545267033
1511697,0.10578099708811357,0.20130708487327606,0.10036992516245895,0.09111221275567342
1511702,0.07488329292695232,0.34580405515342383,0.6496780622070445,0.22003597815109788
1511739,1.8617286882397137,0.9120272426931922,0.7412060642074043,0.756508227945233
1511794,0.727913870285443,0.7202595490259668,0.7545275042830916,0.7754202294852304
1511826,1.418002014397738,1.3821580461055496,1.2377830413919735,1.181603265657613
1511847,0.13688109304727522,0.06401105836351442,0.10544344656684881,0.032259304075198475
1511857,0.23354239112379327,0.24970223589982876,0.16465180421623415,0.2319852268675413
1511881,0.08088266671536021,0.21567543323241553,0.38840565468853244,0.2820631721580323
1511888,0.14515568479905616,0.17074812535449702,0.18324736196642777,0.11161727907481524
1511901,0.41953840058493014,0.3931529566544649,0.27271545083837034,0.32101324040512186
1511915,0.2623458136133583,0.14769988619446658,0.06192915721011765,0.14011230091047197
1511985,0.13991318247381498,0.12770842367095456,0.13774237954474067,0.27691794893082167
1512020,0.5342108205467074,0.8141348713214054,0.49628015989668334,0.5740087532205795
1512022,0.04395777549082688,0.03492835133910802,0.04752674146360598,0.08507730338746419
1512024,0.274613683491927,0.5940877220207839,0.2511435651276994,0.3080892197595102
1512026,0.30889179264258126,0.5800014481633056,0.31223979758539794,0.08558146261857205
1512135,0.5135722381358245,0.7978416746379035,0.8352315025768129,0.33836725208146856
1512145,0.7782808639194276,0.39529736065663007,0.7518449265399106,0.5024780193201241
1512162,0.8237128626279602,0.9401073114600493,0.9926845412355624,1.0542193093578633
1512171,0.3455291909102767,0.2607482697260669,0.22230810407254434,0.1304857744178108
1512173,1.4056376424961563,1.0390144057122868,1.0036419499001956,1.1490902659226823
1512237,0.3656732759888878,0.3190790098138029,0.2205625967574589,0.3449500882835969
1512251,0.2063128817641557,0.158101061812332,0.10612487939772926,0.11023607612018596
1512367,0.5262752790185434,1.1778122920063465,1.1114311535026484,1.2462235209525605
1512370,0.24260694681750833,1.2473435954925611,0.811154879005498,0.8341986809486107
1512384,0.27767445452533435,0.15893657879926174,0.7108477734645324,0.11041449303186744
1512397,0.11885734214875283,0.12947647850453117,0.5914912709716236,0.21693316775248891
1512404,0.18567472699849746,0.9612771843254755,0.3655144751114979,0.11993625443824953
1512415,0.34348806613218186,0.3837002239872677,0.5338540085204717,0.9762820924852876
1512419,1.3125519227354192,1.1216399041025453,1.1161879380760007,1.273378642102694
1512440,0.17689742563617827,0.24245689631760337,0.0877226932191606,0.19403969372982185
1512444,0.13992837702311378,0.5069438929495544,0.6358268877261176,0.2978217560981822
1512538,1.2871030447266512,0.9072003788631289,1.2412585459942298,1.855465409197279
1512545,0.19691755079330858,0.3047781790026218,0.2072076711183678,0.13404565189381468
1512566,0.9057221881024073,1.4356563631388304,0.802238941237478,0.8298923989720115
1512575,0.08277911977829076,0.07068864890401301,0.05039336008175306,0.03395163237165378
1512581,0.0775087237681412,0.242373449568002,0.11189499137535337,0.12736235543339203
1512590,0.4302535367678122,0.5217766247032564,0.32262411141611697,0.14643018560397686
1512596,0.5636509178408424,0.8196774407371248,0.876501688052811,0.6162445825564865
1512597,0.4699181227109767,0.9663110955073015,1.0490077294500182,0.7978727543975598
1512601,0.2845554929213609,0.41295521900663756,0.07124058681708396,1.6180033636216764
1512607,0.5020156326439217,0.1993670662409413,1.8951446326587729,0.0
1512611,0.06134608422987048,0.1618752082337235,0.11418934486629334,0.1559939384044234
1512647,0.3240353134986926,0.2881989319442408,0.22414725848331818,0.18503479548374058
1512652,0.055780384534643464,0.05800237522783901,0.07522779447622832,0.07055994960353999
1512675,0.5269958383016217,0.1878076739647073,0.0691113487302081,0.07743856123043295
1512690,0.7246372239580076,0.7666218164496426,0.5945131508521003,0.5852922326146446
1512716,0.3826395096424738,0.21855762994373104,0.536429166902056,0.2529025740910989
1512734,0.9629081488391594,0.11111189062135177,0.8305644421170858,0.586167284064639
1512746,0.11140405515209445,0.29818814214231487,0.126986835598602,0.10611160573990817
1512754,1.467265420717162,1.1815380159181024,1.170569970492182,0.935067116089722
1512779,0.10217068187442221,0.23412583025670258,0.07766058030400579,0.01065436488197329
1512805,0.7365118811226963,0.7784922339410708,0.7466266110511564,0.8076885808230266
1512808,1.1736570718528072,1.0809184554252873,1.253891005133696,1.4517402113376976
1512814,0.40490554594919137,0.3558961925020348,0.14455838853208616,0.1569249281489253
1512848,0.14293670980988946,0.2359574823076942,0.07652702607194548,0.06535386016371578
1512857,0.602389370077954,0.46877988645938584,1.4594011197241292,1.694645491178646
1512858,0.14456055984860966,0.14019618155914235,0.14545365592783638,0.08925913961421371
1512865,0.5193815786629151,1.872146186923245,1.8443435317574608,0.4768199335433955
1512901,0.2945269765719852,0.11663587268154048,0.2168044317863183,0.23084615569746011
1512910,1.0392921894308214,0.3231233596568621,1.4174198538085823,1.1689820706466938
1512914,0.26202395795201294,0.26434522557618173,1.6371494306224967,0.10566100452599311
1512920,0.7605480022130992,0.515867620777964,0.8674790617272058,0.5305343325301455
1512944,0.19797178112709088,0.2310432221421413,0.001676920500620467,0.044085941706199526
1512978,0.13479126636220398,0.1706903904084173,0.16009738722289474,0.08674879898861867
1512991,1.5097064654106847,1.4140095276875457,1.4569970964974877,1.4389445874150106
1512998,0.3387108965408783,0.7796303330575715,0.8800997753891204,0.13208503757020695
1513006,0.9485474679365938,1.2872665619551076,1.1062103144851188,1.1928424862780584
1513013,0.5693185257509686,,,
1513038,0.04765272012882138,0.1738277726445257,0.024887473929225308,0.051498850430782984
1513122,0.18296847881407893,0.23929069100806857,0.09542599665727104,0.046680701515385996
1513125,0.19872470969583045,0.27606802909596334,0.24881808513542727,0.14067844708284974
1513126,0.3844381601677692,0.16824739140719303,0.12969433258048443,0.19002974156498512
1513137,0.723694977920925,0.32320323463787926,0.16537512373404148,0.1661768287381648
1513193,0.1577086318409928,0.33378120159416697,0.31306980276801494,0.26327326252424677
1513211,0.1909005390680506,0.2806556705851388,0.19190302196045875,0.2233574694540602
1513227,0.3096114661238039,1.179597674787518,0.6713087071893603,0.7714442811650378
1513271,0.8309560798471587,0.6229672637621883,,
1513300,0.28121338656988276,1.1335513092819312,0.34592894581298234,0.3617351857524989
1513857,0.5853847628480682,0.0,0.45498945663639406,0.4155292831583441
1513865,0.18426395305207463,0.09687829038133347,0.0817245615240966,0.07705555656484422
1514133,0.14336892231070933,0.0,0.003987644983090532,0.5474855435245579
1514334,0.39216357946706054,0.43550764981597423,0.33092964012030873,0.4183436617749661
1515070,2.0,1.9742600679053657,0.7404439699123889,1.0360774837851459
1516450,0.07055960259874426,,,0.01848450014765318
1517137,0.22954478070007622,0.5359052278180745,0.38053397752302115,0.5464974341965795
1517429,0.13771172124621922,0.29922237504684357,0.1931716133727881,0.6535713325204245
1517642,0.19779669885098178,0.10070418122803385,0.13456151538417377,0.5930297564607069
1517857,0.4035938892724589,0.7234317558674628,0.861262429688084,0.22576087958384589
1518195,0.08526851625378098,0.024924131013203923,0.05063489790412788,0.044897099437347335
1518235,0.09155067072029152,0.1274172457664052,0.04794065942190711,0.10204083523547504
1518320,0.14749551328310717,0.3780953277833321,0.02966525399342196,0.11035550882151067
1518364,0.695373996036106,0.39525904965783837,0.17732912888124822,0.11107188276768508
1518934,0.26362185721345455,0.20376754337019143,0.25504065627349665,0.2000502538256061
1518999,0.6411419447959982,1.082101609665604,1.4687267239847597,0.2705192268615215
1519113,0.145418340214329,0.13446204176291676,0.11109377327354453,0.10322122587892842
1519319,0.04429149595735711,0.09330067666446337,0.05419470332926019,0.08028970743070316
1519418,0.16094431821379274,0.18466011605705315,0.32670935844051063,0.13805931947617744
1519611,0.15509662858599815,0.45570282421428177,0.1582987747410412,0.11824104627291408
1519676,0.14836513979077184,0.37982286720773756,0.08244151908068273,0.11866382633079765
1519921,0.08692955325337505,0.3370850360808925,0.04366833445067113,0.2544471035934483
1520354,0.3377036785321481,0.26038551910232594,0.2669798252397142,0.24318737268188634
1520478,0.5990067327148348,0.5408313749333866,0.6335689397133486,0.39233075675375484
1520601,0.2422993005088946,0.4025167073911943,0.4526093634845813,0.5425186388149452
1520710,0.18824020893534477,0.12558224492106937,0.32252889939732443,0.265864471995839
1520770,1.519071885245628,1.4873822900540206,1.5833012569713527,1.614265481643462
1521001,1.1047692787962426,1.2915168982859617,1.0570019262654016,1.1261519459687805
1521019,0.31784876786685035,0.31777867787718483,0.31427824153405565,0.2817011762596192
1521079,0.3848291069952591,0.38813768750143374,0.16592006080753413,0.2515938215942555
1521422,0.2056323868154574,0.2859595997310611,0.18394518845100202,0.145577015512018
1521951,0.4789087115668761,0.7584002264333275,0.25736197873603817,0.11350372597195352
1523557,0.40751626765548465,0.5725787283947396,0.43552993737447826,0.3808843458497866
1523609,0.39558370045824676,0.07829715428999896,0.07248148295626958,
1523705,0.3982170587586436,0.23153858864643967,0.5733792065808492,1.0465164026084248
1523847,0.6723801410890096,0.6169061716801052,0.46364312144163283,0.3790186491793735
1524362,0.8643409612191352,1.0087645988151732,0.8259895530442612,0.7655503544248328
1524408,0.1315232886715606,0.17579331469756296,0.11781023815193715,0.08480475727877937
1524493,0.546059371600599,0.9431354581772178,0.6928036676819974,0.7463401699719785
1524566,0.32178143662617714,0.3518909745100821,0.18532157520579448,0.21177626111403022
1525092,0.3563177750588957,0.6558149634147398,0.44085212670201185,0.3704187295233887
1525109,0.13224607956128157,0.36218800484443425,0.06486749161964733,0.4329732674621346
1525212,0.3016223568682416,0.5350848154255049,0.25652143501234026,0.357594493132016
1525234,1.0677313182660315,1.0806139482932324,1.2705155514870565,1.3235793913746314
1525362,0.5301273035002498,0.53938545127234,1.113936502719136,0.7579501769955933
1525865,0.12544488863756104,0.14857012210856507,0.08429861008296897,0.1321857506673899
1525947,0.5243057780246477,0.897403028648867,0.23620601740535313,0.5237073003803833
1526201,0.04738429387149748,0.03623461861614018,0.39125940981591883,0.0
1526297,0.07254416164951777,0.014851096314310815,0.0,0.026041161856928566
1526411,0.11430479272151962,0.10306900788093622,0.05316890270654011,0.06695384323059511
1526528,0.22121691092615922,0.26303709327858,0.22114432064873474,0.20298901617042028
1527166,0.8117024711284822,0.03578186022007156,0.32960190925873434,0.6421817858390865
1527198,0.25587679300051414,0.14524943749315614,0.13779889052365094,0.11271483262326948
1527488,0.6493708824696082,0.4874197750232121,0.44034528412831037,0.3515182690379207
1527570,0.1555094775629187,0.8938905500311629,0.5615248010077962,0.7914900692421346
1527641,0.5051311254704085,0.24353228952248768,0.1509542106086364,0.1465087823099014
1527781,0.018294949065284758,0.04163398984710066,0.2921473825003906,0.4024607246058645
1527913,2.0,0.802652394936614,,
1527914,0.05600340965436484,0.004294844662837691,0.007127237878770185,1.893676343746773
1528147,0.3160660847102763,0.2539550935505829,0.17031781986648892,0.11345585291471444
1528214,0.07329354005081547,0.9190069792770238,0.2439122341394696,0.22181267968883123
1528593,0.35424153180128576,0.21888869310529757,0.7748027255979613,0.6513947232230035
1529389,0.3362705798036053,0.33257409538707866,0.5093976393340558,0.3554232223182588
1529426,1.4951913796881544,1.9524267683641239,0.9742843152869474,
1529541,1.3891324323052412,0.0,0.0,0.4607396180252069
1529832,0.5123929277565684,0.6188567536921771,0.6150348932601204,0.37015728391346386
1529872,0.6989518587687011,0.43275590296218375,0.6921878903804053,0.5330410614425963
1531064,0.10510130050404677,0.08651981360763518,0.21114328989419492,0.09799930284584348
1531593,1.4832027890613146,1.900748339945458,1.529858411977647,1.597321474401037
1531611,0.541297131300097,0.44466052755804397,0.22926434242114885,0.2519995525999616
1531612,0.22662538027814103,0.28713192300664175,0.5551772253802092,0.3282205719887477
1531721,0.4972461807008836,0.4949719390252747,0.511771445836502,0.5676575611394905
1531741,0.45064079384840444,0.3788650985084852,0.2153477458796679,0.027099937058946578
1531809,0.059360405675862725,0.02949901138203905,0.036777199393996506,0.03391554971936831
1531879,1.5046910672906162,1.8693684521520633,2.0,1.5747177220341022
1531987,0.472627164866274,0.36152528638580517,0.3036926985418447,0.36489509457520714
1532262,0.1993446138454578,0.11881081168126403,0.0757857800547141,0.016482603913623762
1532292,0.2361427592991725,0.506670888098518,0.35137581075809793,0.34314076076657724
1532351,1.221269988888205,1.5083902299205787,1.2948804719543892,1.5757052215474245
1532472,0.48606663826714747,0.2491627264209293,0.31100087637176554,0.3775926306392398
1532516,0.3646450997574757,0.381396518032386,0.21942775788894295,0.12505934922884565
1532520,0.3618095747532582,0.1695361859371413,0.18415961306970574,0.3755148349191565
1532618,0.4847091061129509,1.3106293409061989,0.05358356493568951,0.019760381552033347
1533327,1.3443774123253678,1.423168019006347,1.5554966689774694,1.8214016299046099
1533421,0.9771338425233237,1.4331324534381786,1.1067564507132484,1.3492584475026022
1533497,0.6056110224862609,0.4029315797977895,0.2528618985329805,0.1166578899925562
1533626,0.9176350662486229,1.3324591225030737,1.3179762021753458,1.567961857201932
1533892,0.15870280588653085,0.1749992123077493,0.20831638551882356,0.15743801370068253
1533950,0.8191118762212692,0.9985220644530888,0.8541230359527001,0.6073687873271117
1533954,0.5448626467019898,,,
1533964,1.4049943661272386,1.4299752681556623,1.4430578138504868,1.2998271503886771
1534017,0.9174631840938352,1.204398005318608,1.141205404791565,0.5774954634750996
1534259,0.6359671031814285,0.11432438280005443,0.32321951652753345,0.2986156653078446
1534378,1.0820942642897842,0.7148368767355243,0.13450607175510582,0.5620396514665563
1534380,0.06894851268693618,0.14518798451002357,0.15377717772227797,0.27094447941571614
1534400,0.24776528850230972,0.26925194946446945,0.21161120573438688,0.1868316776549736
1534408,0.9244902493160784,,,
1534417,0.7111182641616693,0.8512976279358037,0.687851990601688,0.5248616017382001
1534468,0.18109589134290238,0.16520532278834593,0.15315105495912745,0.4190965144706118
1534469,0.0960794567448168,0.2132445085335888,0.08790510433747073,0.030626325519897375
1534491,0.7185621880454373,0.6371769705649396,0.406107396977965,1.9746091966573436
1534498,1.169537973969842,0.19082971193733475,0.17852349571439738,1.1282664838434247
1534522,0.31198057749696145,0.4136897559610761,0.0,0.0
1534561,0.13564135528033489,0.3521487954399556,0.21842636145235061,0.5511594132859005
1534646,0.46623193256374856,0.28977435322369144,0.6176802512000941,0.3854397177151268
1534843,0.6687679754051666,0.5982970632717857,0.6005284372344522,0.07635815834127772
1534866,0.2535249330929729,0.1972626072263573,0.09363181447190284,0.07841703062933034
1535061,1.2801241707861741,1.1982796287638198,0.9823729337630419,1.0654091581692007
1535106,0.23772678655419885,0.2528105827079535,0.5648971147577279,0.22848768533905162
1535110,1.610111208863269,1.7367090365692888,1.7831743823972783,1.7014333151599625
1535172,0.7256839186010212,0.07472107822297663,0.3846614963807078,0.23207263076237344
1535176,0.9769032850084802,0.814495606037092,1.0426529559528581,0.9373057858086298
1535227,0.958077085006087,1.0316666791401636,1.1105179174034627,1.0668130361028318
1535249,0.4376133760231466,0.4850191055045991,0.36777354446455796,0.3777620982534173
1535264,0.2556363399387496,0.20332045055830375,0.18739772672935084,0.2695002899920188
1535279,0.8667706483813619,1.0030972973606593,1.0067827756959529,0.5272491843939029
1535323,0.24851342734485837,0.19916209331339238,0.21167470494257073,0.25755245305150687
1535385,0.46980367124185235,0.6001920996262207,0.6834616904378149,0.7089889062005771
1535387,1.4542204659398823,1.4435454978809428,1.5144795130008903,1.4968758202165198
1535392,0.48056291806910684,0.41087079851954184,0.4852220964360829,0.29336147130289364
1535452,0.2231266057112819,0.229807257189506,0.19988387392327747,0.1647426986693933
1535472,0.5067545242458524,0.30800580810790934,0.354382049870737,0.3848503548654437
1535477,0.06325328484862396,0.04034110931818863,0.03886401876907937,0.12391391980528275
1535578,1.091604085117457,0.9672094354988043,0.6329310650685338,0.7109294670740128
1535588,1.2132689818801135,1.2008007165621226,1.1681225423357053,1.1550318583588377
1535602,0.20442811322700333,0.2049475906904094,0.22097880170565481,0.15370685974613071
1535610,1.0244096884749332,1.2752889903470865,0.8883012501985649,0.6826090008084535
1535630,0.8338219911063176,0.6235079450147663,0.4627616706235829,0.9328968219002294
1535631,0.14238558791924977,0.23389242047486156,0.17098399824699395,0.12771398536192632
1535660,1.0361732388945624,0.5319817900434985,0.6534945740112086,0.9123130106165819
1535679,0.49202634917849664,0.7021551408124134,0.26783588597824753,0.2012803514044038
1535782,0.19989950097873455,0.16087910904265054,0.12726049140725504,0.19284151978555422
1535784,1.2722201169872662,,,0.3006707075057082
1535847,0.2657879668356482,0.42259369265969854,0.689965901090686,0.4190786568922418
1535859,0.47017707581681306,0.04258360964186443,0.0,0.5180998190125007
1535862,1.4622175374740638,1.3888063046876373,1.3103177993567567,1.6351960242316297
1535865,0.3942257718721933,0.4337186818002429,0.2729140689037603,0.27362927439178314
1535943,1.720942179636838,2.0,1.8873112893982162,1.5496755363374926
1536006,0.630623997917176,0.819820735659837,0.25376216331577595,0.2178197458891943
1536054,0.0,0.39725067427527966,0.0,0.34026245511488296
1536063,0.4849101869198095,1.017910571989273,0.838941892640269,0.528213607544891
1536071,0.33291382396384184,,,
1536078,0.1398381156491621,0.15113037934277715,0.6213697605625371,0.02139418000285346
1536105,0.30762721479952004,0.0565557196468461,0.2388421186142565,0.10585613863002308
1536114,0.4474625500760575,0.6673786042249091,1.7754337943147935,0.32310884635169496
1536186,1.2475327651617074,1.0758587949124192,1.0573249249826495,1.0831270880886583
1536244,0.08631192777489663,0.018843130730931777,0.432427962603824,0.16927990107876023
1536340,1.95804450290587,0.4304965603524473,0.13307437732216726,1.5344165552324054
1536411,0.920964637900564,1.1716933493818729,1.282522367748036,1.0264721165188389
1536430,0.2667767155072676,0.23531255408965795,0.255566835738415,0.3295428269684524
1536442,0.6712641585295007,1.3657847602626072,0.132803854248915,0.630559979821491
1536444,0.25050272390734557,0.24149198511379089,0.7083401561218222,0.7022588400137012
1536446,0.19793432273322806,0.06975640666744148,1.5647725049754921,0.2916256706071934
1536520,0.6434777848917258,0.8071105839298097,0.8001417258708631,0.995131690745226
1536550,0.3072093340339682,0.4622959666728613,0.49237900036130466,0.33144606776821
1536558,0.3619642534484556,0.37604946867707356,0.26708718641933776,0.3373075252846487
1536562,1.1401565657847978,1.4141025986470048,0.7547645232855212,0.7585612752718965
1536727,1.2084017368664524,,,
1536755,1.202447340806778,1.2797940040298668,0.9522302359829108,0.5590272408663465
1536799,0.378961571999809,0.33859987957163395,0.44567388611234426,0.21826852421290757
1536890,1.0160278635619278,1.1696583273909107,0.7718662847105527,1.026134546923225
1536924,0.054987425724215146,0.031244059048293152,0.026949117415165962,0.030708463662171576
1537014,0.5852192683801544,0.5526482597620225,0.4275088796196569,0.3513569063874645
1537055,0.9663372932421291,1.0772109115844528,0.9036187385507669,0.9300365705980561
1537191,0.09765640361683005,0.07410942469475312,0.0637803144920454,0.07642361169184793
1537319,0.14256519603425066,0.07501362807582569,0.0688510043564839,0.09957680952248207
1537345,0.5836136294314478,0.3073536339846574,0.11631239016854318,0.0
1537430,0.29170395705024643,0.0,0.007939336848873794,0.08421357650188267
1537530,0.3576752979401239,0.21799328513464494,0.9933956770850925,0.530664007515199
1537558,0.7490267410170499,0.6854470801003952,0.5539675467710915,0.7007365578924585
1537607,0.12040299839898068,0.47106039008735284,0.37072595909841505,0.29486259891274036
1537621,0.10007508122077854,0.18306034202192684,0.0950655971957459,0.1213869936032632
1537703,0.19024895842175477,0.2594336864956615,0.1555330677372037,0.14161173135973526
1537720,0.17268521598872147,0.12128373776495506,0.09976402626286475,0.15311269294107044
1537783,0.14945780399523298,0.20630368320197284,0.09891696747169021,0.12541659749484554
1538037,0.15430980895786497,0.13579991119858406,0.20119369004331228,0.2528932635606519
1538449,0.1905781318472373,0.1512715963729252,0.4423599669501949,0.4351994210531004
1538642,0.6879853491166309,0.0,0.23434973508102858,1.1689807503749754
1538653,0.08872873096308376,0.055445306660003676,0.0,0.12491525206058679
1538773,0.3337811343311868,0.2818728470845188,0.9567290046161326,0.7152519094412703
1538846,0.17919074976824126,0.13274414869300977,0.10412724011440354,0.11186417208600292
1538900,0.2539801565557592,0.20635088343548327,0.3362016802859024,0.17285166380924075
1539041,0.6228774656992953,0.616712774522689,0.6384984035240963,0.5247829696102935
1539066,0.06880979255884306,0.17718446392342027,0.025810749521751532,
1539338,0.16556992424067077,0.16338122726995155,0.08360867733506872,0.1514953250704634
1539436,0.27009494585627747,0.5339437360706233,0.33842297263743853,0.49659778458183784
1539919,0.9302455427155548,1.259808147288324,1.0913857382446954,1.0292682078999107
1539947,0.4674871661621906,0.29342429625428956,0.3003599253942883,0.19648698866710274
1539948,0.22680591289425142,0.39001224569913123,0.32120528465281767,0.35945374469958113
1539994,0.7005471241655694,0.31265682246462767,0.15195251116552844,0.24087560503455582
1540141,0.1778286404390341,0.05086247278507764,0.04486314981695287,0.037405241686422536
1540142,0.1519779601116033,0.14622719523756605,0.14959141063266354,0.08344545773078114
1540235,0.12900619053943785,0.1314990385850802,0.08558154485498165,0.12836873935395404
1540306,0.4830028809013755,0.11956193981764904,0.185531101012168,0.9962703484793749
1540425,0.06294291667796026,0.09724399782176574,0.07671298079241314,0.11526868732116863
1540531,0.20758998770960907,0.44589617467882126,0.27880583499525347,0.21794432296233032
1540569,0.27235933767355447,0.4842648171379004,0.265026857045643,0.12453555650337289
1540656,0.0,0.0,0.0,0.0
1540726,1.344085535277484,0.13212936327703692,0.7097896775232151,0.4223481766587324
1540796,0.25450868311022057,,,
1540826,0.138293779791352,0.14662487692395587,0.16356674547734182,0.110541188067123
1540866,0.08678385785572791,0.22070594601330534,0.334635475853897,0.2929593462389349
1540867,0.058226972935945184,0.208011931873861,0.25356414204237127,
1540880,0.04836198806691397,0.1618324991606465,0.11880228761147243,0.04563880758547091
1540944,0.048580981388558105,0.08683831798687881,0.06252642261962339,0.02984754925043402
1540945,0.2659350563716983,0.27350532628558466,0.1273531018262582,0.0692997718747356
1540951,0.5110678523163252,0.4856797108585345,0.4348413460310146,0.5694651814616318
1541055,0.470420242506619,0.40288828938700455,0.36282877182078366,0.21121253240763063
1541211,0.5016368339905847,0.33679349138389764,0.39952514580197857,0.397972370326466
1541349,0.6956893493485703,0.7707488884062074,0.8312986027815793,1.0345851877505665
1541353,0.480273885146178,0.4605495408451172,0.20979455154624316,0.147425147880633
1541399,0.09665380269913408,0.10759233102765162,0.03369632705906006,0.03942137957474656
1541448,0.1115691534086907,0.21481916598840142,0.32336085896523414,0.16091964762006586
1541457,0.027523106128062646,0.06725568052866995,0.030296877287348655,0.048790275173839416
1541496,0.2277165724361027,0.12364621934626667,0.485081925887792,0.11463211582720029
1541536,0.046756087316992746,0.05511306454839514,0.07094394050937416,0.06714908355592726
1541596,0.1296779884707756,0.17307309155399522,0.13519197885686218,0.03532471607450187
1541597,0.24557001605229828,0.35037952681572954,,
1541617,0.15439877243848543,0.3293507594298928,0.07865781922253763,0.06323480162306191
1541625,0.3292962321604381,0.7830059112943744,0.4735026498109966,0.6466096050687193
1541666,0.6300281961928094,1.0868020209131404,0.18969107812280214,0.36646771704643033
1541743,0.4701821465526185,0.29708650244948354,0.23068180927833964,0.32871895642827365
1541787,0.07661655719363705,0.07863236597573266,0.050558796371730906,0.08599462428296814
1541895,0.18721719079582838,0.23797707264986379,,
1541897,0.13782628442465086,0.09064100561704105,0.1010851476107974,0.07018404444177039
1541901,1.3000657291449336,1.4575611978344554,1.3062170807459437,1.121336634434542
1541996,0.3984787943483691,0.37445808693897586,0.49441262618932835,0.620507237977019
1542108,0.05614886449459499,0.14965916048487116,0.11221947754013215,0.3172300494434997
1542143,0.12654074419329278,0.22612095553269254,0.11422105906228394,0.0632819632532252
1542161,2.0,1.0551614108050047,2.0,1.4982118959426352
1542162,0.5017179829686922,0.6109259890525848,0.23406518699190884,0.3494606296603
1542164,0.01605855175920792,0.20772561936419642,0.12438088019895845,0.3612797619283988
1542165,0.386174740981536,0.40154105813121704,0.351375357755502,0.23665663887835006
1542166,0.20885491985844495,0.11668549987303563,0.08132952404212901,0.08306814253785127
1542179,0.8645599344851789,1.0839997995539725,0.793846597471501,0.1474606793192593
1542265,0.4479066119551906,0.29002720987100694,0.3835686043694854,0.5305138240344
1542266,0.24585270847145885,0.2579942651701376,0.2701634246658705,0.2136904584426397
1542280,0.11955290435183882,0.40872252097884854,0.0,0.10039173504176357
1542284,0.17476622799865948,0.031517374543221975,0.07679020816875227,0.06367669231173056
1542287,0.0741886074158427,0.1536629480176196,0.05982522990289224,0.03181960455383785
1542294,0.00829699734232719,0.015548167276972185,0.006950166836920699,0.028193422357390398
1542300,0.3970896833090937,0.09206898009611954,0.062182065606504855,0.05460313272160045
1542302,0.095847821632588,0.30403298994467953,0.08470483003414762,0.23073123517190272
1542317,0.21849317373067514,0.2711736306217611,0.2293963028793961,0.36468986917439217
1542324,0.03434127920066679,0.04203615211098725,0.0747360575682422,0.025106319372887945
1542339,0.0,0.12588703200833135,0.009533390311555602,0.0
1542352,0.3328308970674674,0.5209494618322569,0.1020865155010756,0.5179970709175652
1542383,0.2622423230030922,0.25311080626828125,0.20448729871281787,0.1242598304863894
1542420,1.0119227010341438,1.0850720866510761,0.916027905635553,0.7882476665058831
1542421,0.10235550226302347,0.2706072263313789,0.20312334084117714,0.11994378331100697
1542550,1.6617538527248326,1.2914209282934197,,
1542606,0.03714787411747444,0.06109914667217862,0.015571131571421742,0.01898464115045737
1542631,0.1477603528216285,0.2136204529830327,0.3873905805344839,
1542662,0.04324002406912568,0.02033568105046442,0.05366611392874801,0.053404808794950916
1542927,0.20349134460360846,0.1624986934836895,0.3511925741117115,0.268182993125781
1542943,0.403611617933592,0.603259809210875,0.44127055614980865,0.47931758616273057
1542952,1.9852612372787948,2.0,1.3354387307276865,1.4722808313887301
1543065,1.1460416031619594,1.6926228549337805,1.7804708830973945,1.7653279108380495
1543100,0.0993875912349406,0.1947484181636639,0.11945277117847533,0.14951547271407295
1543170,0.08221916149844405,0.15004103241299588,0.015391325219153526,0.033034903432597455
1543536,0.03557372434332386,0.36778926256433875,0.12131197819432771,0.15562041454241568
1543568,1.2383909707433636,1.0425359594990897,0.6835525915268424,
1543830,0.24081379274905043,0.3029610931564576,0.28846363936714237,0.30625562667528294
1543991,0.3761889412804829,0.26638334495318655,0.19982675142380246,0.1227867836201988
1544224,0.10912816607206664,0.17625224866604372,0.027628990970675088,0.06504859630534741
1544341,0.6307206339281809,0.9769123701436849,0.8918225785824917,0.5110481338332665
1544554,0.5731344021676299,1.0813375900860283,0.875506894274666,0.6100403884420785
1544676,1.40675098173291,0.9798982391030673,1.7614223276191947,1.477180203589359
1544731,0.43491260114341784,0.06338110954723432,0.0,0.0
1544744,0.41075302993478263,0.2093109435216542,1.6855220783062006,1.2622808354784356
1544773,0.3814416563825996,0.9636086655603988,0.6362895969977684,0.8156865182970255
1544806,0.28189167796756165,0.6340307824879369,0.23296438295368754,0.5080840618124819
1544825,0.6642741261798659,0.768575987928619,0.916660434248594,1.2707074749206064
1545065,1.8990617116572135,,,
1545812,0.13210111814312614,0.12457597669309539,0.06611676601093092,0.11334088310478897
1546017,0.0891793125133769,,,
1546190,0.17569164792014405,0.04042132020448352,0.20536059804352258,0.07789219803503734
1546283,1.0208589344775996,1.1493440686919751,1.3361796481070174,1.4230945525338508
1546408,0.19812764170078512,0.1898809750287465,0.23949972740047232,0.44048724775918857
1546592,0.11574849508675358,0.1755621079382237,0.09040068658964728,0.0844210396802787
1546790,0.5342184395412852,0.23627655135472259,0.1258430585853198,0.22466036448429685
1546925,2.0,,,
1546967,0.1284912595310302,0.07728891616279121,0.059599296261739834,0.07427981063360381
1546989,0.146265902850931,0.8742280730000316,0.735953283946236,0.7257581887116664
1547007,0.3877387472732367,0.5723379216937535,0.46871086998677275,0.39944797711148744
1547135,1.0301903735759976,1.921588827042457,,
1547926,0.2072510387316987,0.05402715819910372,0.07434335175713004,1.4084585679588264
1548179,0.041839117559036514,1.841547955991254,0.7302699321403443,0.241294768128132
1548392,0.06005470683449113,0.02790041816115839,0.05572753503890534,0.016260774007156743
1548468,0.5676365924872332,0.6198579442435111,0.5466458137582789,0.5035993573016264
1548577,0.19356486089962566,0.3580456269427659,0.7861663524861812,0.1458687070363093
1548836,0.22245529526682825,0.14722152802357508,0.4774734427398522,0.4167912244423222
1548882,0.06411085799865988,0.06166805590366855,0.021123407674536455,0.004251446162436359
1548916,1.0705591753795205,1.2521762856721916,1.1013317952389488,0.6038789121038917
1548997,1.144593657943694,0.05790091815964346,0.44889697223078917,0.3752536013729643
1549042,0.06501689299609997,0.09000409910995959,0.2127079948613285,0.17760686398629388
1549230,1.099108774752673,1.367148862521098,1.1854675209876504,1.0463659879847629
1549275,0.6148043581764802,0.5861140826909285,0.7243124723947185,1.0045055357516022
1549358,0.2847278405911874,0.4429613987170804,1.1109368716098056,1.1084268092717606
1549408,1.1817742480061262,1.2330411872479867,1.116841133256065,1.1414997193705376
1549449,0.0,0.011523968380687666,0.8177550981504971,0.13409561052184324
1549553,0.5304259883521439,0.4978430089502792,0.6218491003251527,0.602215010742566
1549575,0.37294052304272857,0.23842388412907498,0.13614456080333576,0.17176105472093178
1549641,0.7475774575607826,0.8080521628482505,1.1161972400339117,0.7347661691159629
1549738,0.31945378986196504,0.3736744854686013,0.6356200959789593,0.2191251585672426
1550057,0.20553419824597424,0.23806941723699923,0.17573365567166635,0.10405395485647459
1550075,0.11259383631085425,0.10928740870581682,0.030694460590237303,0.06364215718722446
1550172,1.201955091482818,0.8769146213629114,0.00861993532600936,0.8178680519487436
1550188,0.8100765851320058,1.2172278132170058,1.0205076331518421,1.1176505399322834
1550191,0.46128819890169565,0.4444272670235063,0.29941695964337034,0.05007715905294382
1550224,0.11392138667999892,0.0,1.2388565301728316,0.03445170181399814
1550228,0.33970844095219416,0.3312305923672037,0.08832873510123808,0.024488769661501174
1550304,0.7817079589381208,0.0,0.000274631985598938,0.0
1550660,0.10975081408753312,0.17432370030491476,0.27667841976136864,0.05297477522349345
1551727,0.7941356661406916,0.42360348533689474,0.3737535924930354,0.2910888924708603
1551787,1.3155828609888698,1.1335585082027286,1.0170558800414764,1.1428598928489182
1551969,0.11708249964630038,0.17812283000438292,0.21769172962841732,0.08743129448752354
1552187,1.119901030757019,1.0467428012991484,,
1552426,0.03719347368441865,0.1700843345790298,0.03150444862333393,0.04921285233560321
1552981,0.34784589821472395,0.5315830375976437,0.1995709720229257,0.203605181415601
1552999,0.5782647384116636,1.614675773261759,0.06003954367539752,0.14565828000532346
1553562,0.3425195402636288,0.17240817551830995,0.2253745349032012,0.21283625061738484
1553656,0.0386061147451787,0.09006568619012395,0.03384843857015191,0.03334395390485258
1553733,0.20087457762127797,0.4333306064155439,0.38426626321280655,0.2805854264985857
1553936,0.56849536549719,0.47127893484750316,0.9183382658610711,0.2283752597856605
1554026,0.36306527085958956,0.0,1.8238965794582602,0.0816876565333632
1554308,1.2760412040659692,0.16895556556070093,0.20400068904650312,0.009586489569115049
1554656,0.07312696293823906,0.17831993361552242,0.17830438831931975,0.1955001620212612
1554815,1.6040937839597424,1.9433002899299854,1.9381879261278663,0.8653896744451827
1554871,0.9151274632921845,0.747959468074935,0.6963313099655595,0.6146679051043303
1554913,0.0,0.49520357929174774,,
1554972,0.27164413962533895,0.3975992618964201,0.1323279847958485,0.19683366615859524
1555170,0.6765940410587369,0.3897165261883392,0.2292146003514386,0.06673884626583351
1555283,0.4123382066398674,0.3369939196208831,0.29254602527812046,0.02262061933938225
1555433,0.027233710818038253,0.011540313129626717,0.3035289208975142,0.013371111179452345
1555486,0.22738405282298554,0.28357297597836345,0.19016126535261926,0.1666356654897578
1555496,0.05995633805688039,0.3888631882448266,1.501041712799667,0.002863069703648877
1555829,1.111174183680427,1.219289406987877,0.7207189160711455,0.6166524942682082
1555900,1.5135290584632568,1.521880132157151,,
1555909,0.4189793876248422,1.2815525071595284,0.6925115239554893,0.7422460232398345
1556168,0.10296027576080716,0.3743613084341646,0.14778220298583913,0.2625901185200692
1556218,0.08411680153030399,0.025150235088197578,0.256019777358517,0.07836212704056915
1556245,0.32528494856708434,0.3971929185114916,0.2392350604388307,0.25434349342944884
1556785,0.17072403129567384,0.2341851764434232,0.23623834434627658,0.25290803717152444
1556915,0.3439046015291755,0.34584390614905697,0.2182381289430223,0.42637723540114814
1556921,1.6365609368723921,1.6337343680314764,1.3222257610120447,1.619848915018597
1556970,0.4306564226037311,0.58703489161465,0.39354515433349946,0.5773614047028774
1557406,0.05421517507149088,0.12901414976924264,0.13091785852290377,0.08445089519852422
1557485,0.35728998535295237,0.19523111793072734,0.2827315338520208,0.16483925586516163
1557513,0.2383450313266935,0.27567984011275215,0.04143988820234927,0.016432392602088338
1557543,0.6204156039229288,0.3923497468406894,0.5067372533939649,0.4580192099898303
1558313,1.0063775732280091,1.159697947479967,1.14768651520417,1.175471442652433
1558481,0.08167303707763016,0.04748738114939614,0.12324747782779012,0.1368432019606008
1558858,0.18311888221202316,0.6597604286399018,0.3820473756880163,0.4078035355969752
1558971,0.9707098417231642,0.5956398842104507,0.4799005967831106,0.4601653398542389
1559020,1.9383258451750351,1.9645428759737358,1.9277086060957271,1.8468057883916305
1559673,0.3079288071058405,0.4069260981058776,0.4196947098982807,0.22767193370475727
1559706,0.7682384027052082,0.38450406973279233,0.9862475929876571,0.4791473291030713
1559771,0.7787411369919183,0.5970324748281914,0.06989372637515631,0.9021139382814652
1559789,0.3200687619046148,0.4220628201644248,0.25230364382299497,0.17604285869738956
1559832,0.25251544839748885,0.7187012653390068,0.25883586891532095,0.15633868389155825
1559968,0.10276749030516937,0.1297372809007482,0.10641448253887989,0.09182785850026097
1559972,0.7563485633074295,0.8665928972226589,0.8071568605504148,0.6121176763166172
1560009,0.0007511858225380584,0.0,0.507082369373516,1.3462716279216913
1560123,0.0,0.0,0.0,0.0
1560717,0.9580873391344584,0.5318346503378271,0.576743422902768,1.424943746840944
1560808,0.13052833571821612,0.16296636430208364,0.10497485406186957,0.1010432166359111
1560812,0.9922250315728572,0.7412513566563472,0.8388042356870952,0.6355037421735057
1561089,0.4755369624074958,0.7220495555992362,0.5952598752834252,0.5104550666293066
1561509,0.5343110897856629,0.492093113073122,0.8419875128832496,0.6241754814464292
1561784,0.3674539474636647,0.5095560409271409,0.22947244493372493,0.3042314733888056
1561790,0.22446284360432275,0.21586009712679147,0.21334155507697297,0.957564977508172
1562230,0.2063032500510076,0.15331325129566659,0.14877468221854234,0.08830784811935437
1562453,0.27695271390018317,0.13623599412311863,0.13881522302582341,0.25861892999509967
1562668,0.5159647348240021,0.7925507712159219,0.5819192833733933,0.574927316483211
1562855,0.3499520181157741,0.2534174560331613,0.07920332695140098,0.12977648204896525
1563223,0.29966300953646263,0.851234222790106,0.565792894822582,0.5615264910440948
1563525,0.3189953964078026,0.24627748554591306,0.10040917633508073,0.19189992398903885
1563592,1.2839003236654603,1.5373094313571445,1.621386773882963,1.3366915978495768
1563690,0.12354045551229108,0.13094266510023295,0.15618818968666356,0.03704869294632504
1564220,1.8871445546062084,1.9934213805691525,1.9006176979175726,1.9973558539793264
1564579,0.8758575333004431,0.7313529925718976,0.6091815773803178,0.5699342065040391
1564702,1.671528609995186,0.9692507541441409,0.8084548390966045,0.5427128438261037
1564721,0.1685378572304903,,,
1564770,0.45305827267863114,0.4050974149579374,0.25036642878642557,0.25640067772372016
1565061,0.8444567180167564,1.4085073603565819,1.0948133214335114,0.9284760936071982
1565432,0.08133662136504277,0.10751935042328453,0.022542081386713035,0.01368117528640062
1565772,1.0702929739670424,1.4243383782511903,0.9661792327695915,0.5462699794340048
1565854,1.0933958864151057,1.0391363789227914,0.8210250044996539,0.7412095307729313
1566030,0.19223190555059028,0.06178330927925854,0.049008487270425914,0.0757693907992028
1566113,0.0384071723712731,0.08295932431323061,0.08372123162898547,0.042960342705541936
1566414,0.12881979019236828,0.176158649512485,0.09537743540106774,0.5492820910241273
1566493,0.1709606084604684,0.8938268785760088,0.8468370468378075,0.10514311009730389
1566494,0.6572517516888731,0.7079833643671154,0.5095068611148337,0.45128822742827773
1566601,0.736938505702524,0.31553903995844207,0.2053544237934119,0.26537156765902004
1566653,1.534021977602652,0.4289772063886895,0.646628578619854,0.32312237937671595
1566691,0.43957023491051833,0.40077457905047714,0.33271312740779685,0.3822271320428601
1566728,0.4013682247630982,0.28371627856144394,1.1358473705562917,0.12940380980472982
1566887,0.6516764309313892,0.6759592528110647,1.3178729981503552,1.5295031956327751
1566968,0.13353399059602852,0.44155169917714,0.9810078483003628,0.034311335054113906
1567103,0.32780378384231607,,,
1567163,0.3574967691898478,0.6396345487833952,0.40440659108247573,0.23409295820671594
1567195,0.8039103799719869,0.49118896553622315,0.8882836569800288,0.7321982402081465
1567397,0.49602170110884775,0.5810532163612716,0.3890281215640276,0.5981040209379761
1567443,0.0,0.0,0.0,0.0
1567634,0.2029114820483417,0.22319915920796127,0.11553945347381844,0.11443688289238557
1567641,0.3708476285047836,0.4490673996213058,0.41384408436943226,0.32063217935851274
1567738,0.055572532038208354,0.07319025411611148,0.040037098738371454,0.045579597561820354
1567752,0.8027845318701847,0.6784653890283392,0.7299484705630805,0.743471153680771
1567755,0.2045707497552094,0.2853145411137612,0.27066076498199876,0.16763764374517265
1567784,0.17779553621609506,0.17312343804191896,0.13883172209488812,0.12311675985843391
1567889,0.15349903780982907,0.1525655545806744,0.12056313696513554,0.08505887591523653
1567890,0.18588458464567395,0.178989015790944,0.1324352625157869,0.107248122790676
1567912,0.14641258241889105,0.09330604661088389,0.11423526608156885,0.03983496239856569
1567992,1.7421716939762897,1.5054064663993811,1.035223522797606,0.8386560915791437
1567993,0.057245720860432635,0.06458672060658664,0.05823463518697367,0.036549903227419855
1568049,0.3784612144646256,0.5234614145421906,0.46489732899438524,0.11464296241816177
1568068,0.6901867250618131,0.23048284509251155,0.12873213796478808,0.18310183325418358
1568132,0.5208072300316758,0.44205231343487195,0.4534040216117383,0.36594298852120855
1568190,0.026123792859363986,0.10127690577226982,0.8995744724840843,0.9271672663429318
1568219,0.13405117664996244,0.2422141899883024,0.2455663200867963,0.11455924269467957
1568235,0.1678805183253746,0.18548887339669784,0.058235823459027884,0.09964943379410923
1568280,0.4366248398733171,0.4941687540925493,0.7166913439514097,0.4803956771428583
1568289,0.13909493296970438,0.1565126229892427,0.14773301760505622,0.09571313861425464
1568298,0.26512132421034984,0.12045080321639798,0.07702056041124392,0.12447412140598758
1568303,0.09689145534965062,0.05232147628544472,0.01969467472933973,0.05745946947388516
1568338,0.13963163449356575,0.1666627813617526,0.4352361210357567,0.5044777324473961
1568389,1.7265933924431036,1.1832966290444158,1.3056042825949274,0.4686245598977219
1568540,0.1180481908322351,0.15086343426146995,0.12630131053385182,0.10413789577256613
1568541,0.08059735057594465,0.12324619682259909,0.1191402425103124,0.5010200446832836
1568542,0.0,0.0,1.0184870153048426,2.0
1568555,0.6093180567064945,0.8145855290363193,0.5988222809904631,0.7227350348189387
1568621,0.3366830683713643,0.010629218500336306,0.049292758104133624,0.02233925927949018
1568679,0.5546126733381691,0.41019687653254744,1.5555038002907133,1.6537288760005588
1568680,0.4889143898486077,0.16762742656752147,1.113839594856334,1.3491462166177448
1568717,0.9494794412172276,1.0961157823508816,0.08089377839466108,1.1083214633136826
1568787,0.5741541933565099,0.4668309963121224,0.33103750532937387,0.09621182076021455
1568788,0.6127087189534175,0.9124703668056857,1.0016095645155516,0.7765396161497666
1568814,0.01978111228985612,0.0,0.021606388255953103,0.0
1568820,0.18629677882559537,0.2720009836220562,0.21080204057348378,0.2340612398664807
1568839,0.2651751852541761,0.34256480891909075,0.11019796550753426,0.3209857675458458
1568887,0.09360979992066315,0.24253367991880845,0.44083014875412824,0.5616772163024002
1568891,0.14666173128729806,0.5178508855473839,0.08590101119027622,0.05426061545361591
1568894,1.5189273905475456,,,
1568939,1.1451867544390173,0.7675079052867625,1.0034294010417584,0.6844863626661185
1568990,0.0560449525668364,0.20079832852194865,0.21851983988039372,0.4416922539680141
1569036,0.27136042090383095,0.04012186020571652,0.014944862099781018,0.07335526895228481
1569049,0.38262170527550265,0.5001808212528257,0.7053172491182841,0.6802557395956744
1569064,1.0422153449928406,0.7875404866592524,1.1158081550992176,0.7495649241183183
1569067,0.18901804967855576,0.15696663044351836,0.15620376916983283,0.12065409214445579
1569071,0.23994720454685056,0.23074757221146153,0.06172678827691352,0.18504535936203703
1569099,0.13228263786432884,0.14560691895209732,0.035584983517786696,0.056896010291347415
1569100,0.1693962719893146,0.08136908778385535,0.30043236723571537,0.19962543123372892
1569102,0.2307692692921038,0.2904936478934926,0.17457063869230938,0.15093333246214238
1569117,0.09657766041018546,0.2939040583783977,0.1377120097612765,0.23942248098003346
1569118,0.15960796494732396,0.09850863272842435,0.44687247632080596,1.709816911203232
1569119,0.14980318267387294,0.280274181965663,0.17168404298509252,0.13802462831939988
1569137,0.37472541394023684,0.24205748555451484,0.22992468687830922,0.22210357706959324
1569141,0.09604223975840134,0.11368814128865996,0.035725156924202084,0.037332596051718445
1569143,0.33433008633423156,0.24646170081653324,,
1569147,0.17833947441035108,0.5014070652210226,0.14551187131000146,0.0254321007116055
1569148,0.11864388190788085,0.12719227091189877,0.06731324052397196,0.06336084216248747
1569173,0.08287498627779089,0.05666835178998881,0.11632371739283763,0.06598790164244539
1569174,0.028507815633937103,0.23751806483043153,0.14736723895340098,0.06489401780794049
1569175,1.304637581450015,1.1699951660007595,1.2136942133119195,0.7851837874669052
1569205,0.13438643868255176,0.17972294769458141,0.2436277332328716,0.4450016601794399
1569241,0.5002839240569639,0.4145286720213907,1.0184771401248631,0.5843638707926323
1569258,0.9751175776214727,0.19400369912777263,0.2425148282421314,1.7958885107835576
1569292,0.23578505167789318,0.12052630179531913,0.13737673169338674,0.06843128950958918
1569356,1.122838842045495,0.9161726376144997,0.9932851751023593,0.74258647875793
1569391,1.031563851572869,1.0485578961204336,1.0674935329379585,1.0032715684719948
1569395,0.3134136936244248,0.5261329885606383,0.3357763399519341,0.3626067601643433
1569411,0.09727377740515912,0.18602395883454428,0.16215302241193133,0.0022757662874887275
1569453,0.21701899847823683,0.2273240597463978,0.10859040495601567,0.05079527821528971
1569454,1.4009002017322914,1.5380837369784002,0.436206302966056,0.22540162079097872
1569502,0.7573116722662512,0.9335048263838098,0.3967211305531517,0.4655470111649916
1569515,0.01605289776345858,0.06634474070963678,1.5836967965107536,0.0432806247328956
1569519,0.568753194204646,0.4457282076925069,0.49715184925566164,0.2616315385147657
1569532,0.7389149692226449,0.8065911803375108,0.5507011850094061,0.41908315108913113
1569537,1.0035476277043647,0.6233376188828538,0.6443886030697886,0.6260338666641223
1569606,0.5577273431466226,0.09885856131662855,0.10608995678015913,0.059771439877265416
1569608,0.49771870887641495,0.4294599930873844,0.4583724300289463,0.23475151441751088
1569633,0.008832025530591509,0.0,0.8098534372642501,
1569638,0.16820177835299435,0.12738195631243637,0.2820259329225819,0.17898973332067292
1569639,0.0,0.0,0.0030590598737269526,0.0
1569650,0.0480476218369528,0.0625570282689052,0.06905295243479316,0.01985835489429273
1569655,0.13741054500537545,0.17986914625796355,0.1294197499566505,0.0813486237772707
1569656,0.021875448659602052,1.8796923896229456,0.24775447889858151,1.2702205367428288
1569667,0.4325622920771786,0.14180890881156336,1.287229941896259,0.11576829290326886
1569688,0.5852023192353148,0.9727804880879334,1.0181099389161663,1.2569381858989355
1569709,0.16485811818081894,0.03643335033768877,0.18917403555110412,0.07835711488217383
1569740,0.06497401300594331,0.5357800788652866,0.1373319811271257,0.0588582873458137
1569758,0.34463282566518183,0.3361833205288174,0.3053752348224508,0.302041385931499
1569765,0.14619214712788467,0.07042329415277908,0.12167151123607058,0.33050786655782716
1569766,1.5220260679460493,0.09487194082316289,0.12889110361089703,0.18863980196018404
1569785,1.3295770262366566,,,
1569833,0.34336765188591994,0.7674886514604508,0.600744707653505,0.41859257731943356
1569853,0.5399413602386582,0.9290865135935743,1.7418582863777992,2.0
1569855,0.1839951270390835,0.42717381800038706,0.4676150034505174,0.33207267060829726
1569857,0.3463369581282103,0.5305197225840657,0.30229224970875795,0.39422255673633255
1569863,0.10179260353323749,0.11923510496265703,0.17135539425309665,0.03253240574645988
1569886,1.0659738527042766,0.7673070456143335,0.5910112472235209,0.802051161467893
1570251,0.08442371506361393,0.09934515805484116,0.09292934836318037,0.022692966468794536
1570253,0.1780937642398537,0.09403693961719543,0.0740376732708573,0.10980751078771916
1570284,0.508510800090351,,,
1570296,0.1337488221628064,0.211854663315439,0.07836716810473893,0.10856811163955392
1570396,0.2914188406056271,0.25706300392563314,0.29984942704575773,0.10875269029047464
1570598,0.32544919384908744,0.5402424875234028,0.3286443675619624,0.48520990642776646
1571076,0.08911684273577278,0.11991693565131342,0.1395097292327891,0.11436191847028018
1571089,0.5493623172365018,0.6069562402038131,0.41521167463077546,2.0
1571207,1.4706622058712853,,,
1571556,0.1340927538074449,0.27267058862946314,0.06398758771956431,0.05778933447223165
1571626,0.4086704780569059,0.10199025753492066,0.13771740436210922,
1571669,0.24645100401217027,0.2834807314687887,0.2057048517654658,0.1961140006550068
1571902,0.20220216782479622,0.25451248654405334,0.061050505126057475,0.10730287207213646
1572748,1.068050796871677,1.3517896368071733,1.2485246969804482,1.0668505062310696
1573311,0.1369464145648558,0.4836931159669216,0.1931554227706638,0.21116235392399435
1573485,0.20524635423539783,0.33599295252364303,0.18897202820639433,0.3185857765412328
1573575,0.13860429298426988,0.34793755274570076,,
1573767,0.6843625319803089,0.46320721534034137,0.5639514493115689,0.6365511145405026
1573876,0.586448360057319,0.4212206472790871,0.7471251052768901,0.43093056442611893
1573913,0.3069928893639573,0.3627169141225713,0.7160575211082897,0.2149664679543353
1574010,0.088921405963099,0.11540467003029818,0.06656413340249699,0.05295376190830925
1574408,0.6057254552487777,0.4559552720855028,0.03970291999648588,0.42429840334034147
1574661,0.9323329076285117,0.502825889042751,0.577165916130829,0.5476201164445832
1574717,0.8180219945274326,0.7150726535967746,0.9246987734133436,0.3036070866010271
1574758,0.16120362847879313,0.7143744677227969,0.6092474718487664,0.08018089202862853
1574886,0.50896116806759,0.3495341920345809,0.2951139130829221,0.44854009651642823
1574947,0.241110488139705,0.1455653232773275,0.09815235988913047,0.1381172701946451
1575129,1.362097662541221,1.467667071990548,1.3828434796393416,1.370911702920588
1575151,0.18304756447097023,0.07879655480934498,0.0833802069034832,0.05202955238166586
1575239,0.34450249647571424,1.8046403390666865,1.8719301568124924,0.2134049091178987
1575301,0.012968339293721673,0.027887190650425726,0.04244561205998381,1.5470411930390227
1575581,0.16895079541146368,0.16812072032663478,0.19790379875191969,0.20473906381394938
1575662,0.0700349328171263,0.13561259923051236,0.051122624604111225,0.1332115932675258
1575677,0.2581585494338087,0.3087962294555683,0.31711609087023107,0.30075688968628334
1575766,0.673347690968767,,,
1576053,0.2932840575116574,0.4202665333434291,0.2374992224964553,0.2195945328420055
1576089,1.9578449405897844,0.0,0.0,0.37605944908921524
1576102,0.10816094289389334,0.1440827787751505,0.057659583787853214,0.04979687414329404
1576151,0.10577970549308119,0.237879772953435,0.22030534942149305,0.26303568250106096
1576160,0.3563213444036019,0.45379943719886334,0.3102679698896884,0.2666590337308158
1576277,1.213049415822488,,,
1576332,0.0,,,
1576422,0.31802546080535343,0.2137152928450116,0.11469986280429544,0.1446354456995451
1576707,0.32326933315717793,0.22530726956942643,0.04936472710363249,0.13306591302241938
1576762,0.20539965396031698,0.33444857857210547,0.13229548724569737,0.09705292941736762
1576953,0.0,,,
1577001,0.8192107469456194,0.4323276974573183,0.6662771617246437,0.07902485128371185
1577133,0.37113558258570534,0.18128430200727544,0.3344228211321604,0.16686122158106417
1577216,0.01593047161603288,0.042922301760916416,0.06327060385521091,0.0464313726763829
1577524,0.29275125389774287,0.10524443586133878,0.38732695636027564,0.13555242932681255
1577773,0.5967989821856149,0.6850134393290359,0.4117629681851072,0.3529023387062085
1577774,0.24303716623230173,0.36346235554990763,0.14813516252297218,0.11730139970889773
1577806,0.12856369428174635,0.2619634777836985,0.053259781567119954,0.017794954228303114
1577920,0.433122489791768,0.1469200246411201,0.08466282956051983,0.13900025318937173
1578177,0.6975681024563933,0.5559697160982884,0.7024535947620743,0.637714100214957
1578370,0.15049738226710926,0.4745584484948499,0.1037274130218991,0.05811775918500396
1578621,1.6123536024637968,1.505439172553334,1.5600819548228313,1.304908435927121
1578964,1.3269918500199043,1.54130215554684,0.5107292721419145,0.27942864824009817
1578985,0.37229293817668396,0.5457072562654827,0.23321383727404713,0.2228818226719439
1579111,0.8514774057136323,0.48323419507739257,0.252939320082347,0.32708660888194274
1579254,0.23525193401945746,0.10401360973420927,0.2304814112163847,0.051629809978898676
1579668,0.5156576837386292,0.294294664902067,0.36725319455213185,0.4305144216375456
1579853,0.7117137092704972,0.8679544492229005,1.1007207305357531,0.820485239110879
1580144,0.22231454367312029,0.2815658111110502,0.6128837156974272,0.7060344436058242
1580162,1.3282450820136131,1.410960636432159,1.1925656380519218,1.4538106930743002
1580212,0.29035030743014895,0.34809244640319986,0.20478285703958754,0.012685281363303203
1580415,1.1227141175401782,0.7191703171296651,0.3424536042941378,0.16123492241946438
1580572,0.5515827812093375,0.46690482969305,0.7330220094597654,0.4799396044789229
1580830,0.23588633116476873,0.42096643578972537,0.3472240282142346,0.23997579767581262
1581298,0.06958451823944904,0.062149839888953826,0.03043229329005031,0.023087424642268324
1581465,0.2772980599911324,0.1577723371005672,0.3816862434212188,0.22273530605513897
1581641,0.9302505072881011,1.4214068674877598,1.184522600234891,0.4949460098718766
1581655,1.5750178644426747,1.5128618385044879,1.6850458572597753,1.7465608786171414
1581793,0.8095081625737263,0.9992274446723793,0.055420074615379365,0.042421214485799386
1581811,0.37341205427985635,0.3580464312615171,0.702623619629915,0.2940512803212563
1581833,0.05544593452296323,0.0434919503089304,0.0429268358230543,0.03185540890355072
1582090,0.5380843715394281,0.4698077843383712,0.6233985687044433,0.3496380255441568
1582151,0.07760721775426412,0.2036574801290428,0.08802359068447313,0.0855382348183857
1582202,0.0954104078901521,0.3139185926091359,0.09840502004883885,0.0388516746784293
1582271,0.5081108465185384,0.8159191702566699,0.9049690627295102,0.5655513331018006
1582384,0.07495960374249724,0.07146896934757861,0.09673318802442284,0.14436075789968486
1582633,0.2460346923686334,0.1687104823124916,0.23621926248848535,0.21547838497871233
1582635,0.9494722248012581,1.0348065456406672,0.9111577339793162,0.7335935031672376
1582732,0.11536547524404712,0.13700591646330948,0.17897196419482878,0.5178783924735108
1582813,0.135037457800334,0.2241603145919117,0.10802201479871033,0.05003794000720297
1582844,0.7930767231559289,0.6318233716033024,0.6294662214871785,0.5697190107589598
1582968,0.3724022740027387,0.9438709090512525,0.4809671217778428,0.4402751936444153
1583000,0.06213845829617256,0.05382299310980536,0.03794329488880396,0.06567016637863399
1583092,0.25251281136855225,0.4874427851565954,0.7331756872183974,0.843833755375356
1583104,0.07227851477963647,0.29052480027422406,0.19408257146354801,0.20942938908152045
1583119,0.43786582807256086,0.12847353147611656,0.16905991241895765,0.10158335796684882
1583672,1.2151347917816226,0.6480827657742418,1.2524484713214523,1.5134904319738371
1583728,0.5253004997871016,0.4328368395005436,0.46794253730905505,0.6840778769046003
1583751,0.13831350087979657,0.5226342022310329,0.5157405607029706,0.03782739466783794
1583825,0.0,,,
1583864,1.622218218340756,0.10518381057482051,0.052872984807112736,1.7591345753209227
1583977,0.23746269161735245,0.28060564994018444,0.3809837944529132,0.4023466747075125
1584086,0.17430567295306867,0.24546644721851188,0.1305750434322839,0.22231735574039954
1584087,0.48448260533434573,0.5922162225885698,0.464598627718047,0.498955112922141
1584246,0.9967106752812447,0.8534460039430032,0.7375444660658109,0.7355127867684823
1584362,0.06617742313185816,0.21245312561223123,0.07099207358585725,0.08349245707483077
1584639,1.3630216152966965,1.1122827958232073,1.100735040719667,0.9395392489260478
1584686,0.16636852704893676,0.20837549235715433,0.1362802610157169,0.21759033363903682
1584691,0.3396792794721302,0.2791692902992579,0.4196856647585475,0.1773959825321636
1584728,0.5478783705991735,0.6330339080146066,2.0,
1584801,0.19626652971912148,0.3374726759120753,0.14585199811793362,0.06818905061023031
1585045,0.2242759895180744,0.5088894282625755,0.32502967408659134,0.1592859115331729
1585047,0.08626627326406763,0.11538838258957035,0.07975373256484447,1.8518587405970017
1585550,0.0016447757380866636,0.12142375961529463,0.031019950684114263,0.08421789236551262
1585740,0.9966668970648597,1.520537814493039,1.806514483964194,1.6798311211192032
1585822,0.6038672008353471,0.6995277889282473,0.6529343595166486,0.8426197675017991
1585828,0.041457287213048276,0.08653777453200891,0.01835255243538981,0.06802343169242352
1585859,0.40184994358745546,0.5272587555578426,0.36550041894827734,0.42065033622385356
1586052,0.17180496793962324,0.5289540139331848,0.23399743938076373,0.06530710401744916
1586444,1.1859138681384618,1.3564814665699192,1.287503474713731,1.248086032205203
1586560,1.51480113607752,1.5386315688673733,,
1586678,0.2124712271304061,0.6173763661750071,0.25464936256925536,1.492679989895406
1586986,1.0466827597357096,0.7489482295612448,0.8812769781213132,0.8723246404404341
1587114,0.6502892835872782,0.5588827593695675,0.7068021373547423,0.748467117235594
1587143,0.5350414023294043,0.0,0.0,0.0015156226725404032
1587192,0.7800722998267506,0.6882925388047564,0.09422542665894429,0.09796966149449454
1587381,0.3504690103925673,0.23317401225765702,0.292592738295518,0.25635690418878615
1587643,0.1545235971897121,0.322045491857042,0.3453833536800035,0.24575547841502507
1587836,0.17162857573734192,0.2153065898534187,0.06646788474362882,0.0960786438807072
1587973,0.3046863099041566,0.2585031223447714,0.28087554583445556,0.3018887965905639
1588115,1.632801596310916,1.8532540638226163,1.4661162207121168,1.483982836313478
1588225,0.1680391659123932,0.03981528416747718,0.015178004771869584,0.0255714964580967
1588456,0.07040894270719449,0.15133070713912147,0.1787300143455357,0.10757256435537613
1588539,0.2970830983980156,0.6098778805137929,0.2691061089631753,0.3098632131899978
1588871,0.4738005005010629,0.13099681366709007,0.15603454940348138,0.1465039366627177
1588873,0.07860701158845435,0.16108934233405212,0.3143614952709988,0.06303456550184962
1589248,1.1397095721243364,1.287044432940734,1.6620920234207066,
1589278,1.8133151509461356,0.08969456974558902,,
1589282,0.3209500910791038,0.30306602201311006,0.22390519234797918,0.3282957835256772
1589350,0.38238173559942606,0.18191334639606155,0.3179232670315287,0.07380270142618765
1589358,1.650277432336096,,,
1589570,0.7142756022995713,0.4780113984236916,0.6162780395879459,0.326104418200541
1589661,0.24473051722130612,0.1481478230060488,0.06899635540953805,0.2583798364328709
1590073,0.08496245537051209,0.08417184461656635,0.04881523598009232,0.05703897702228797
1590144,0.7832789926620929,0.8103313531544538,0.6598265847718356,0.858744488753725
1590228,1.2407414548692153,1.320714260371384,0.8438895323433437,1.0109582380177118
1590346,1.2987492774729723,1.2941066660845701,1.291642020888161,1.1253572736161117
1590491,0.3952840793986354,1.9629155893109833,0.37906092376387984,0.1774621036021342
1590531,0.33394687689314634,0.44838524508867916,0.6777632034338245,0.11987752466664947
1590569,1.0387417655218092,1.032328354039601,0.9763202499971718,1.004585611617185
1590656,1.4667694104869755,1.3299476092187605,,
1590721,1.0266852165409983,0.963865914570333,0.7531244214665087,0.4539576108793492
1590784,0.3886703994961343,0.3149908552391715,0.29790633187491744,
1591048,0.0,,,
1591122,0.14265197217260658,0.06788907586836306,0.13061766144840792,0.10228058358540386
1591271,0.3149035466250856,0.32904106636683944,0.11699868243402618,0.057901258381081025
1591377,0.35090883586318466,0.1875209470726021,0.19804866149543265,0.7366337784900006
1591379,0.7270687136202757,0.29794171690260207,0.1213179945902249,0.24438911309045042
1591442,0.0,0.0,0.0,0.0
1591505,0.10121847441863585,0.08991145510767837,0.1051204166720139,0.08735077974260652
1591546,0.3865709057359648,0.18699291020084358,0.16449317364499313,0.1414088314099827
1591590,0.35355000218245597,0.1286688844531356,0.5638459570091352,0.16947873865460308
1591625,0.9870663682397005,,,
1591744,1.0107911473663274,1.1764588483032887,1.1873333007941311,1.1053366058775056
1591765,0.0,0.04200138743321851,0.0,
1591902,1.354449693293539,1.399496962339236,1.196954883719605,1.2394030741435886
1591925,0.1801814136255163,0.20067283190835808,0.3340888679039634,0.07133263311923195
1592162,0.35642448042179853,0.40855426052988164,0.2540549401962083,0.5855032317762029
1592179,0.9670868590860602,1.4988080431736213,1.0652160314925243,0.7455033707078889
1592405,0.3520430815253444,0.2874312526733592,0.3411416554038157,0.29084002349511606
1592476,0.7947211210287741,0.7284279787098394,0.6393645058707443,0.6730096961989145
1592579,0.6630180462624912,0.2333375893296692,0.3271823418792387,0.32957560544332937
1592613,0.20070224250696625,0.19550942860242984,0.38136733056704364,0.11855517291674683
1592615,0.1331920903139523,0.10669138047333673,0.0873589102427237,0.06839312203152191
1592616,0.05629360155727437,0.07465496629279265,0.059640569314606,0.058375813013955724
1592643,0.36933296200571686,0.4668119390781533,0.1695346056165051,0.22512642366650734
1592746,0.18919426180315166,0.33823636639426635,0.07110794325713343,0.1480951310973514
1593038,0.26631886265049676,0.6507919705160159,0.2015361318165791,0.16196394466908792
1593051,0.1334025808822568,0.10217289917869439,0.10697342074413131,0.11967034892448368
1593191,1.1275272453136846,1.482956721093463,1.24289526250848,1.2192074980645893
1593365,0.28465368944928404,0.7939321029525432,0.6297629975148357,0.7492593814593158
1593380,0.485380167304258,0.5162429552971319,0.6513476610607023,0.5036544664523283
1593404,0.46299378644260436,0.9499428187913845,0.8328298761346528,0.6916610839541715
1593410,0.6194962991086882,0.6154456590629291,0.4948448622283531,0.3858288069170314
1593688,0.33430609561126917,0.17227561373268874,0.020826611410886604,0.04519860764418128
1593921,1.437344806000612,1.5819988086700771,1.6296276888109593,1.522115295612272
1594061,0.22096776579890115,0.7332159599903083,0.3655993079738893,0.0027210386716864047
1594197,1.6946923730443073,1.9783625797260678,1.0928511796932296,0.6358800814104307
1594467,1.1166551871542694,0.5174462397467962,0.6549805317908828,0.016357066609500377
1594540,0.10126526202124299,0.17282068460355482,0.07836890857906728,0.08508474130904291
1594585,1.1233983527857754,0.7230639934089045,0.8327026270346145,0.9802398559920734
1594591,1.1852611167207132,1.9695653418775545,2.0,2.0
1594912,0.26997556474315393,0.10987528239232226,0.30491145992523694,0.3209673354896798
1595077,0.6342454204102423,0.9530701376331807,1.0663625313864487,0.7483138418092857
1595082,0.8914371364486441,1.210818253708404,1.1180299993644138,0.9915658753619051
1595124,0.46721186780046775,0.623824159545924,1.7309528654879556,0.7070794191165999
1595509,0.6005305089388375,0.40484792306548517,0.6211783476059498,0.10402891488413163
1595533,0.30348533281488405,0.3051334452257909,0.37968791902539806,0.21573364741759873
1595686,0.437306988255754,0.2207274239180973,0.03707202534927721,0.052177910822229924
1595725,0.38121715602080725,0.1682475056282492,0.19664852551730835,0.20430150006318676
1595849,0.425735997620836,0.3796551602976563,0.27774358244019876,0.3017141629757039
1595851,1.233030016933609,1.2806716982054651,1.2667453727747853,0.8909053149872153
1595852,0.43947110948210266,0.5486676674586364,0.4816762168508668,0.4823129566044404
1595853,0.38822807821463196,0.28650474564029144,0.40699675930428314,0.2916738452517884
1595855,0.39073537304677036,0.5138893648334734,0.47371021785368406,0.3655669279561177
1595880,1.210644632757912,1.4777939291180069,1.162526486989913,1.131500754001506
1595888,1.1329706207424033,0.9070184978451542,1.0774128471143307,0.9456657915432667
1595961,0.5124996398964896,0.7579301283572644,1.0492869597851808,0.6176759992356007
1596053,0.7951346321658875,1.0249742309454852,1.4497070125030238,1.2097347440046244
1596055,0.11006547248577285,0.13185447865688502,0.1376725842830325,0.044274549018459106
1596076,0.3296366383540391,0.49900897707696207,0.6851428457010265,0.2765788163429328
1596077,0.3788914722384284,0.2807553396835394,0.3152407661852375,0.38194318845210556
1596355,0.1310555067095898,0.11559933353406812,0.42777386101447695,0.07254038170916627
1596452,0.5896177936820031,0.6703602939898616,0.7441964961717726,0.7288433957280062
1596461,0.1151499933203342,0.641936255200058,0.04174445468098236,0.42579470988035106
1596510,0.3976907016913979,0.5297410449525981,0.3598219153267292,0.6734811065243494
1596800,0.19824747345773946,0.2504863818543025,0.25864443450607,0.23149948375770837
1596882,1.4162296714749367,1.572036518381805,,
1596901,0.03315096792334398,0.08368816966409949,0.036876924789035107,0.019034090885128977
1596906,0.0866636533898112,0.23632214372111635,0.16563781035218783,0.10548614224380641
1596920,0.09488308300954795,0.20857120070085763,0.061828998476767386,0.1960142574930386
1596957,0.24685441004908723,0.5495056552155279,0.33625583692130073,0.19560585170399875
1597089,0.09020388648162822,0.09679335992144293,0.1741508003001996,0.12382517732285916
1597099,0.1254989039709322,0.17268319718766767,0.1532759361930729,0.07383413136522947
1597200,0.12198070403763377,0.09283266880616081,0.2903778629473637,0.13856409589807717
1597245,0.667182003715968,0.5992930453467668,0.5066605005587447,0.49734161275112987
1597298,0.8351077465987758,0.680790625903742,1.042786185982699,0.6374050079408935
1597409,0.22966793944224467,0.19612374566819155,0.1366130678646519,0.13503143365043438
1597549,0.8521805204383319,0.8778280345726058,0.7974499884707803,0.8720118288311619
1597690,0.31794650302463645,0.22516053531740982,0.1865762703133147,0.20673372829952846
1597691,0.0635523028347963,0.11066046131355974,0.06357558702026771,0.11139175542443129
1597694,1.3561011469064232,0.19928392192981928,0.3226567387392273,0.8975607298127927
1597823,0.8926157483598234,0.5753203147368602,0.49809295447484353,1.8356132320973437
1597843,0.2297857332442594,0.08128879614108607,0.10706239896911106,0.11811834641797797
1597858,0.605423808615884,0.6175730145831938,0.5636601578944755,0.564824771276279
1597864,0.3286881710461206,0.5725788110661878,0.38930315381454544,0.27456739181205175
1597878,0.11621714328370311,0.0742395849539942,0.04280515492959738,0.05495601224588565
1598011,0.2136963705294876,0.11912939269979196,0.12348230609680072,0.05713305907868527
1598013,0.37782916501158165,0.459740388861072,0.3130643532922049,0.1794850314540213
1598102,0.07629895452234398,0.5751343033610931,0.2976840088930667,0.07460298790052924
1598147,0.22300428013147375,0.23347959126631718,0.38329188474788545,0.3668364982350908
1598177,0.10081684446305203,0.07105589819597699,0.04509616154885406,0.09272308801111713
1598180,0.18706758352210467,0.14093337015882013,0.10525961592372293,0.08161699515910065
1598186,0.22462400874127592,0.32345102996863057,0.18234769408867454,0.31222274687459856
1598203,0.0,0.0,0.0,0.0
1598244,0.11778019033318603,0.03814215094508566,0.03893105948114859,0.04102763725933697
1598245,1.0621396286166935,0.9494410189368917,1.092014093848725,0.9385106333236259
1598304,0.5959906597549112,0.6023973075607978,0.29504677360058446,0.12717258426780625
1598340,0.20160344832913157,0.44670944391592937,0.21056583269990028,0.37175901927911326
1598348,0.2053954924041185,0.5078892369125491,0.19599590792337276,0.13873555579781593
1598352,0.18202057086776696,0.07313482393935786,0.06914219976545526,0.04871271629388025
1598379,0.05218760830209776,0.024236217376174776,0.07525368141525741,0.14107262039366006
1598381,0.34128691360820834,0.07616801502956971,0.1027932473811987,0.05925930272716139
1598416,0.23297085125518516,0.3210670011110815,0.34331703088186566,0.34286950082344264
1598550,0.1729499303687899,0.2943397884053267,0.2058626533567461,0.15413198246312393
1598558,1.3079739224888294,1.5409044903168754,1.449108489418134,1.0878668260320756
1598611,0.8214630348989205,0.01795331895424642,1.0279983542621092,0.842149077838234
1598697,0.08334585340980347,0.02496103096854936,0.03545953568831837,0.0225589023490291
1598803,0.7713126030970613,0.9361513998319061,0.6328417770894995,0.6261800307835634
1598806,0.0047309861234733136,0.001054886421878865,0.036463145253223174,0.05678523783691854
1598841,1.4175765307510797,1.076345894585178,0.873509158976213,1.25137795737465
1598843,0.37622276406486227,0.5434534468137754,0.21464619354777098,0.115086361038291
1598894,0.9659339976520385,1.1866813690138274,0.687038668458903,1.03598690057437
1598898,0.10076077047617589,0.21817129017068945,0.129185876045353,0.09184553759075695
1599016,0.04153750956124019,0.03905461499835893,0.10645261478596023,0.4577864031135959
1599054,0.5551161439536039,0.21238127987175057,0.06950866845386275,0.29976800525613134
1599084,0.09159041125216885,0.07000286002574149,0.10804548626107015,0.08328331100278157
1599170,0.151534881649629,0.7459971003764733,0.7732721875797445,0.2750410653143545
1599210,0.4787145932879779,0.5613695066632517,0.32554461488268666,0.20922074748116903
1599212,0.1152813863975296,0.21889027291387517,0.3646625661205106,0.07644394720312185
1599217,0.6683713481720261,0.2776297131603231,0.1994676116496019,0.03255000510944296
1599273,0.2107657580531536,0.08847792514485937,0.06073711061691297,0.08605385371846296
1599275,0.07060011024610305,0.0,0.11824603799784837,0.1720476493373902
1599325,0.0,0.03525073166412428,0.22020194285787867,0.0
1599329,0.8636299568216249,0.8623690179858331,0.48088670280345874,0.401961415880158
1599330,0.12024345348669133,0.09622857850943636,0.07700411960678129,0.04599880775057179
1599350,0.32066343681582105,0.2992522205048483,,
1599371,0.2277319190079254,0.27735157877584005,0.306632412106606,0.19113844857014262
1599383,0.2574742372824107,0.8801888320968498,0.2062660793267377,0.13933104442783967
1599390,1.7203977525253686,1.6144588101130048,1.0866021609949725,1.1929883924999802
1599405,0.13375041946604826,0.17667931932816908,0.10727073943193571,0.16742578329207033
1599425,0.47674752296425604,0.868366757130621,0.7186931939896402,0.7662416819270886
1599444,0.2614730094802616,0.246756053478139,0.25967199194762275,0.27314495334363736
1599466,0.060241279806729255,0.22949042158822283,0.5364345131091971,0.4186100375584467
1599468,0.13225618598854072,0.09384586720644672,0.1444655049713768,0.1209816119616382
1599469,0.42322598983077386,0.16916324064319221,0.28658687726567,0.21978208836336213
1599471,0.5726741087625522,0.5937779655291169,0.27956780400724146,0.38412666806038587
1599479,0.05795770927955379,1.1442956895556142,,
1599511,0.11927638670721472,0.2310281108149533,0.18380682897338793,0.06999127760919181
1599562,0.850606924689193,,,0.8073358904841894
1599576,0.43934604326421717,0.2376509558072062,0.2613269003345969,0.3107816815829081
1599579,0.47924603166036056,1.1320255168829507,0.8527523666997139,0.34550650613533707
1599584,0.7390363702352373,0.87966144414765,0.36893684108196256,0.5888932642364982
1599603,0.15665441961342444,0.08644815688028272,0.0875888869383686,0.23207969642392628
1599620,0.07942865103481726,0.41367788868317634,0.15079044051474857,0.010962795118138073
1599623,0.1110303113798999,0.12445070734534773,0.06299469632072273,0.05309148956515469
1599633,0.35273751753129773,,,
1599637,0.3405098521945486,0.2693675201598478,0.5663418100541345,0.45970112184233536
1599670,0.023691447436921666,0.051428462965597395,0.10099418406074981,0.008224728202115835
1599719,0.22978865568699258,0.10303437976136331,0.19575229977952216,0.171250443182284
1599731,1.2050583630622005,1.1509606300627557,0.9715118459599023,0.8328838904463807
1599746,0.1600275981543666,0.11190730772461197,0.03908232275554026,0.11511251932888103
1599747,0.3333010675396953,0.27245784478831603,0.3869775047317608,0.4019026731194002
1599749,0.9100638506837256,0.5769042928225853,0.11040656599185078,0.5250535153891993
1599760,0.1520341620717114,0.2279420608532954,0.1705004265516849,0.10589625133710352
1599762,0.7184662006877601,1.3824495126670566,1.4890669354456159,
1599793,0.9766694386599851,0.970579203088575,0.7657109025583856,0.781886402902834
1599813,0.11507201431680461,0.20307476687789816,0.13840174852090434,0.08476028499932062
1599814,0.4274804271035668,0.35012267517317885,0.2634575918640958,0.25688937984508514
1599822,1.892812887670871,1.6547588426370625,1.6468951800600258,1.5750237835761476
1599852,0.18314717394512736,0.24067514073904445,0.11749162574313304,0.06286937011708069
1599858,0.31278896424857894,0.10528240564502973,0.08331700333116639,0.0
1599863,0.2202477452700321,0.1181625503066267,0.20436717854952688,0.29436737863004864
1599868,0.06724841419476155,0.20942269008544945,0.05947587675407788,0.08328123960790625
1599882,0.3799029563861488,0.45691301843381016,0.4131363680824451,0.45527559200517703
1599883,0.42047568482033726,0.3950221835173442,0.5155148638490411,0.5821326230920215
1599886,1.232557770707423,0.8664910967531171,1.1318118884456505,0.9426632757573294
1599892,0.4639680657210477,0.5597962388199126,,
1599900,0.2730458979683667,0.44376997119190814,0.24164063428190252,0.7682234809152435
1599923,0.0652889257886409,0.015486889429967033,0.01178641216993391,0.006820883786839459
1599950,0.165860751262862,0.13970215107013173,0.13189213724367638,0.13228900448246209
1599955,0.08739655319862934,0.09270794911295346,0.12039811126524647,0.037897612753434465
1600004,0.33234996472197337,0.15378172119467698,0.31108038487523604,0.19478816561235962
1600011,0.5252623597536966,0.2761562865791693,1.3200199213451862,
1600025,0.22110715427574804,0.2838736489743361,1.7726513420194228,0.03452199459729044
1600026,0.47007557751000695,0.0,0.8870615460620401,
1600035,0.10878294654212271,0.07315011218194044,0.09853544940498575,0.07536518398417481
1600083,0.0,0.0,0.0,1.2445452379800297
1600085,0.11888883372837171,0.08383055971396172,0.057885373382464765,0.07876977432190983
1600133,0.8657422389961432,0.6804954118597993,0.2484210220537873,0.5284767968272535
1600136,0.8096219564237782,0.9383664683782553,1.0621523551078085,1.201804698619017
1600141,0.3893698443740949,0.5081384733393022,,
1600145,0.2757303388776905,0.3625909605156214,0.30265659448105725,0.47208390131142286
1600151,0.6292411368719423,0.5777391416620854,0.5964988160041617,0.4004067860623128
1600152,0.45057474789607677,0.11711340501799287,0.5044703405926411,0.4042639000282671
1600175,0.5064778246617975,0.382848339164893,0.7133541132726884,0.46199925297336647
1600285,0.29654537188302266,0.6864364036436966,0.5073613030781615,0.5548218145908761
1600307,0.308585401101153,0.25658549859258684,0.29564331478574873,0.19558249703432637
1600327,0.12767178511117686,0.11043398558458004,0.08502893621644568,0.07831051046716021
1600403,0.12074938401126294,0.2800667025907538,0.04695075522833368,0.03639089011426076
1600566,0.14260810087806497,0.1956782241227103,0.07607765831299433,0.13203002345894999
1600581,1.591447896760991,1.7699100535416565,1.7572892455760065,1.532516393571292
1600583,1.4732848281208293,0.3579276336644937,0.2258517316345894,0.3408316548756248
1600636,0.3774130962913185,0.0,1.2934284360467723,
1600745,0.9254389889326005,1.3381425505136841,1.2401203959553402,1.14899337419352
1600746,0.12548444513331058,0.14379954989789073,0.11049665423836838,0.4832130326751109
1600999,0.20076261307060708,0.12791424675540308,0.19211332033420667,0.2368427127758148
1601086,1.1102287992822222,0.8962371132805064,0.9650615840847422,0.9075967806584215
1601160,0.38878589716950085,0.4144388882309597,0.6035932015782118,0.4773724373750892
1601348,0.7762508448080091,0.57327034320324,0.4015842853351885,0.37542771700525773
1601407,0.07861569565156806,0.39283725944370573,0.10704238956818904,0.13699712663371685
1601489,0.37698623696781275,1.1574435597940156,1.1040874320960914,0.5867635748648794
1601539,0.15106482991565326,0.1661492558707788,0.07093465431777403,0.12484819185856096
1601622,0.0269965053057302,0.09292326905747418,0.002657248913772537,0.060025202135633615
1601742,0.021863625866805386,0.03459967069878742,0.0234754364699377,0.09294680820546035
1601904,0.44478022285532787,0.7644489036358078,0.7805355343538265,0.4752626046347985
1602189,0.5819783623358059,0.6519924320878772,0.5726071943200512,0.4041432255206978
1602198,0.47967208510325454,0.5180027327362785,0.3287533533788,0.041653976546958245
1602237,0.16162251389353338,0.45039988821966326,0.2920146550932528,0.5315819473173069
1602476,0.25077482119878897,0.31467087392031295,0.15949358500410354,0.11749313770558026
1602603,0.10203502824191102,0.05505442975397163,0.07111598301870857,0.1828432722919944
1602905,0.3669350807526315,0.11485905722167378,0.08205992242134431,0.06456742539268279
1602987,0.8464364108406518,1.0769824757971638,1.1825276963547229,0.9782981343279787
1602999,0.06700821844280444,0.07422760471566242,0.44615559441661573,0.5540274703258707
1603001,0.38224681575770947,0.4190890039421226,0.0,0.6596382736441408
1603142,0.19996109502637247,0.3436315797892106,0.19328522975459123,0.17920532718823307
1603464,1.139484145271581,1.1658127756905503,1.1261675084952703,1.0699333772205912
1603465,1.0432077265886686,1.0372501658678663,1.0265532886640714,0.9817924480824602
1603466,1.0649314271932497,1.0392586592114925,1.0281458564473447,1.0099565334314664
1603470,0.010560028396740393,0.013727324966736416,0.055360315228651695,0.034392891337299475
1603837,1.1125004124371776,0.20741945983143126,0.4769167768951886,0.18492856710162858
1603937,0.15850979875386426,0.11178212924267229,0.06598020538134848,0.049121437592821955
1604350,0.25226232069324417,0.2825295954741314,0.40243296969260467,0.039691677488974376
1604723,0.25108556295436296,0.24837603939025446,0.18590369943621918,0.07809389419422574
1604831,0.6967112593867804,0.8212183906518858,1.1444965070335984,1.0080146765454512
1604903,0.9738622575943905,0.6247657343686509,0.6734053073624395,1.9577226832912378
1605070,0.21196519488266555,0.16231918694730849,0.21696077147434548,0.22121574291969912
1605522,0.2452465866067907,0.3336788854353394,0.10366539147601736,0.11436749183353855
1605826,0.5671632393030389,0.8133127132818883,0.7273350456252375,0.7908457871748418
1605911,0.23234311175181394,0.18276685079713764,0.11108855918244828,0.2566240435468121
1605949,0.08790151264387296,0.23903799048930446,0.017674373760305468,0.18003718772998661
1606134,0.4534404917946707,0.8361155871407956,0.5273633047388249,0.45304931933176135
1606152,0.16491639152596516,0.18982313978806206,0.1859135951802346,0.08429095809547932
1606430,0.5068946045928752,0.36861372290629585,0.40817666551832144,0.3601387545809502
1606477,0.30690018450446005,0.17701066382557168,0.0736613082546942,0.1773120402287905
1606507,0.05613385037603142,1.2509297313165824,1.2870203144797252,0.45696705126861675
1606588,0.03691475289039192,1.0415454439604448,0.07130190012920147,0.09211467360792873
1606609,0.5669314834648881,0.09754351016689466,1.2013414904648654,1.1792549352480843
1606716,0.22046396432699922,0.5336885947800728,0.18544997817942743,0.48187448900424656
1606779,0.36315862693635736,0.3880929627484009,0.19525964838868448,0.2694679983949582
1606810,0.2515401510705165,0.25369282722425945,0.20638386731243638,0.0771382542879756
1607147,1.3634243425637969,1.2598519529889558,1.0382631306730616,0.9317045966405322
1607231,0.2923506264727058,0.1132252837903685,0.1740119601197126,0.09213804743842384
1607239,0.1331305122551594,0.14678051162950084,0.18377919244034874,0.11478801823411137
1607278,0.5768237549926469,0.798170718349945,0.6323165326366458,0.4572089687585778
1607355,0.1511346725783933,0.15861517559143182,0.1678493726055192,0.10023040501122842
1607597,0.2841611818832699,0.42001560199703586,0.659855248309655,0.28877814729094786
1607636,0.1331171569099348,0.08083704675223423,0.05884311324535662,0.10522097918227269
1607825,0.1761126879111883,0.08068603003775858,0.15455082992392755,0.13507958807203202
1607841,0.561539511126165,0.0,0.7239854539861477,0.014126068465537796
1607866,0.25878433956851776,0.24287630778717495,0.19860218231085316,0.10108267103413081
1607925,0.5593282855391718,1.6724516157385627,0.7846129822127944,0.2891185588621665
1607978,0.13618471526594528,0.1322576670446422,0.17198290610741993,0.06783798990551189
1608046,0.15187518596000107,0.04320770016667831,0.15660853097644623,0.09337612758357436
1608057,0.7192572834911417,0.1514819019882417,0.0542100930971032,0.11598634184579955
1608062,0.057984937087344805,0.11492677226435156,0.02424251792330956,0.019559588955229107
1608108,0.9886618131584628,0.6528209146472712,0.2564670035740487,0.4189725165360492
1608126,0.3972890698661088,0.058804349348843626,0.16024332861827095,0.0
1608179,0.7281251954708527,0.2875301911353542,0.3787848957686664,0.27821169835173776
1608485,0.26671388759524267,0.35041368057055905,0.31569950231101346,0.09692347393637074
1608531,0.3302793830718702,0.11879174524367733,0.09879381893394698,0.0434507730619196
1608904,0.2568895147669006,0.15738200370331698,0.09269424454188077,0.1848727442587837
1609074,0.8669701988685025,0.7072289652268051,0.7965532498053448,0.523797021710509
1609098,0.1693146116190494,0.5045190488853518,0.24199583881999687,0.3484634798247854
1609251,0.15943358358289889,0.021154752632099844,0.32608760350549226,0.13029851473070073
1609674,0.09443712494613726,0.20751337401585576,0.10875029156096783,0.10655567249265872
1610520,0.2684620424443361,0.25303591963292166,0.1680710703041904,0.14481802374180902
1610769,0.4066503623023905,0.9979678052048151,0.33001573707167914,0.3463280949688604
1610880,1.2839376935281006,1.3946291037007912,1.83931879928043,1.7629349393047289
1610920,1.3942730260006648,0.0,0.0,0.0
1611457,1.10949007599129,1.091723384334181,1.145659078045514,1.140166948303169
1611518,0.0883317954031831,0.13268932800258496,0.060159571287583855,0.027083581285877813
1611519,0.585324129068737,0.4428842324040324,0.28612258336623064,0.43594592171740437
1611613,0.9320552520766644,0.7292463047778318,0.7719333885211251,0.6631368888919967
1611848,0.16044950101155073,0.18358052449311718,0.2523807333031679,0.28613860223362614
1612041,0.31296799425512417,0.33033792829858405,0.3902636801238937,0.3949207753782982
1612063,0.6228580568613334,0.5713668668999398,0.6195161965561361,0.569968750702867
1612389,0.283628988235143,0.5010609816473411,0.26671173934080217,0.33002291759521324
1612865,0.6460912085994126,0.40296209456018883,0.44414526651780467,0.23572127997732048
1613331,0.1275800386215718,0.6413366290003681,0.04776882643770358,0.06289189634408801
1613634,0.08489137043466383,0.12911851217743736,0.08210243102535938,0.07833038794322474
1613715,0.6949815541714714,0.8302724702444069,0.7730194679495007,0.6247630319413778
1614200,0.5699203179703275,0.6197404441161908,0.7454402659918583,0.5912219354977803
1614704,0.26432447169669765,0.38333236411243343,0.2102307488608536,0.6307578822595615
1614775,0.3097864693551152,,,
1614986,0.4996481894123415,0.8981972161079871,1.5047743019561173,0.36987505736705284
1615135,0.17629196589100005,1.0604430872778001,1.1553124793462706,1.127429350495668
1615305,0.26952578658338583,0.13708160723144241,0.32328262026045823,0.2465008262817817
1615359,0.16993570969100166,0.19084975575781615,0.10872799664075723,0.1762532707009509
1615420,0.0,0.006754498384080372,0.17826667994454373,0.15329972633049388
1615423,0.37526148838160867,0.262621703173998,0.2816554502745446,0.18804192533125197
1615963,0.4831022585872921,0.5994121758643615,1.0077082801609298,0.8248065425279836
1616004,0.11090869465742624,0.1492432780744664,0.3327135657941488,0.21879073140246752
1616024,2.0,0.0,0.0,0.38328424002455974
1616026,0.17872191551506636,0.10673110722004064,0.172460359409272,0.13544949719077432
1616034,0.9212796560558962,0.32347230668444915,0.6334882652168429,0.32527596552847055
1616168,0.21709644446181164,0.25915442788098575,0.16176354532770632,0.27305597609623056
1616328,0.31153171661075935,0.11408928422164281,0.03921575016184019,0.41280658344690974
1616416,1.2662567473501107,1.513399480004203,1.3367129083196005,1.1158852022472914
1616525,0.27135817316065464,0.36579225429767903,0.5193704576035391,0.46572837495970915
1616584,0.9767884826142194,1.2823952499283757,1.3501532623004782,
1616654,0.250012131366838,0.2465083131591387,0.16546290373811195,0.5834207563515462
1616664,0.12015571607712391,0.1445893541657596,0.08596266547136198,0.09850130958114753
1616667,1.713843837889053,0.14005098500830868,0.39399255981595827,0.15716211701432573
1616882,1.1941402686435783,0.3689357523252656,1.1390386401791763,0.827439619104384
1617516,0.9128931493160176,0.993620311146107,0.8346764733267472,0.7041651738345631
1618205,0.07244113916840857,0.027171784283162047,0.014256160915414819,0.03771122248178326
1618234,0.8400655711271273,1.7721430851748734,,
1618824,0.07783797675144845,0.15378463052108884,0.09461372143737524,0.5555481484245324
1619390,1.4826153447671961,1.4308739432623383,1.2659898294151817,1.4585640077768232
1619495,0.6791855739618099,0.7605831712062284,1.2397000329474066,1.0483355666949512
1619724,0.06339201182803353,0.23739530306379347,0.17396547760146056,0.13815445823328684
1620067,0.8766805058755559,,,
1620081,0.0790422319797907,0.03525989859696001,0.008348607143447609,0.015510783088113565
1620220,1.1683423370932335,1.1675112555116016,1.1442908013172646,1.1946140736441688
1620275,0.33288855471541023,0.06593355544275335,0.2586456030888839,0.032957257959798154
1620916,0.06924647030778106,0.07652016067403859,0.12417368360736962,0.10591773365654893
1620943,0.35504124307994217,0.14269732821875522,0.2328385805485888,0.10534942921872088
1621872,0.7112902539104633,1.6570765701738994,1.613307412927405,1.1771685473244602
1621915,0.2109963074430817,0.15686717045403187,0.07852589719248575,0.18620069022300562
1622093,0.38388676625335216,0.5736250988189443,0.9772756268029429,0.6739499279552148
1622346,1.5691446829365279,1.245437633661659,1.388710943915802,0.5333660182133845
1622431,0.6941590343040625,1.970532860539369,0.16976435258257788,0.0221070044263316
1622757,0.6825470097546247,0.14261235141361372,0.49749758515325826,0.7657895417851157
1622820,0.3786669336837471,0.0138997301741143,0.010178933314866837,0.00372358369086911
1623580,0.0,0.07754212275082777,0.0,0.0
1623624,1.497330691014443,1.482993682329972,2.0,2.0
1623716,0.3503950749258213,0.0,0.021959247699986206,0.0
1623883,1.0810513099961412,1.0681270142608421,1.0507132762635691,1.1269153285393247
1624049,0.33353267058605357,0.42196658172324464,0.382153288471795,0.3760625856163375
1624510,0.5061694355031435,0.10456618772643844,0.18148694904781457,0.25476920714571866
1624723,0.6518786149861566,,,
1624729,0.30323505100163894,0.30713204090381124,0.4559696852802828,0.4246912485799706
1624741,0.2810261893674337,1.1315342107369106,0.610307227297944,
1624758,0.26132969919745197,0.21671998622743405,0.19897799155929605,0.20402025430846532
1624809,0.4485064287381868,0.04476431247909488,0.046087890305117486,0.030723936898938254
1625244,0.35424726132739287,0.20747267149146695,0.04595058287895535,0.1679718166313345
1625246,0.10628088820750511,0.17430962952693252,0.08058302726040095,0.0523478054918488
1625292,0.30251831814275,0.16657841668230933,0.19119849057934463,0.10667738327898237
1625959,0.10007751622977215,0.0735656397543707,0.2533885864041087,0.05608244199029612
1625986,0.2803475173652896,0.32603049043008486,0.1481060094618904,0.1111026635310137
1626116,0.1433655018389429,0.14673789782076616,0.11724517645157156,0.09865642905819476
1626379,0.22165873568678807,0.12582053911270777,0.13730418331952782,0.06060278390649584
1626473,0.576240633994448,1.174953485687376,,
1626494,0.5073105597692121,0.5738884473185402,0.09088043244697297,0.29573605787253693
1626691,0.39624140618886655,0.7541102826717909,0.1965159611702414,0.24132399240802446
1626982,0.4892175088782048,0.91227275771085,0.6367144539184922,0.3495076213044829
1627417,0.15088549833830675,0.311109109184357,0.10002270816182385,0.12198649825871263
1627436,0.30336833644393024,0.24952966622770206,0.09748546611196754,0.26242908249163166
1627608,1.462478726780178,,,
1628110,0.8250734859198162,0.8184332146010118,0.8195677631023861,0.8555287297230808
1628121,1.2271270195871742,,,
1628676,0.9011745378696527,1.977762051612618,,
1628896,0.38539734173054474,0.16633524981706146,0.5926625978965434,0.08296203373380452
1629649,0.22027909090720113,0.314644948589822,0.4511927213350514,0.8681886237569949
1629680,0.5358927474395895,0.5464551685356572,0.29315512098960306,0.31235571406776563
1629984,0.3251300788844748,0.5902967026534992,0.36172156411847517,0.35686609579490014
1629996,0.568360747398391,0.5260570487173339,2.0,0.4361177301433267
1630363,0.17519409166641126,0.10304414108863882,0.05456247304963576,0.052682749577649526
1630365,0.06164056878460128,0.6419894129778638,0.6990952645044375,0.06277238521203492
1630413,0.5249437486203798,0.7672087234723759,0.7074841982236746,0.47036290010838794
1630629,0.25171853355731894,0.2940489557249498,0.28638558495652505,0.2575729667967448
1630691,0.0,0.0617030968191802,0.0007848477850558522,0.0
1630939,0.10891033034681687,0.1412639617122007,0.1015147212466734,0.06798168497831507
1631014,0.1232938697849034,0.11625549057569426,0.7273894525829231,0.1958674105957825
1631052,0.10389267944928277,0.18512717328174821,0.25507309183507926,0.23553669339410604
1631054,0.08216467965705647,0.11319450041360368,0.058543277446840895,0.02629118395054074
1631084,0.3158163481164712,0.5185693844802783,0.1170865266076742,0.5903348248681177
1631185,0.042630482588584005,0.045709275819326496,0.04692288823829023,0.034634048154228374
1631190,1.3127475700649829,,,
1631208,0.22022450767116478,0.615793598661202,0.8273240938516739,0.3440668237244996
1631273,1.5113755551746846,1.7762462644141896,1.7529582485342436,1.5869131926345135
1631353,0.024919486504970438,0.09285033897112115,0.07168389702782499,0.042061318358086255
1631408,0.13422733091528,0.04058844698504042,0.04293034936594319,0.05725626297907095
1631507,0.17502008348848394,0.3460959757356197,0.20848839619490367,0.19017120961207648
1631614,0.6770673802159375,0.2456432260735698,0.16185059899105728,0.04525837574598246
1631615,0.14191109521912385,1.5569683010381625,0.09800959323306142,0.17603986353115522
1631639,0.09774248339330296,0.0857166571949894,0.35691930311743364,0.1451021797383921
1631664,0.007506300993741662,0.2744350583953672,0.0,0.007077553914349854
1631738,0.4825945749730363,0.4215402038391951,0.3823877438560275,0.11070456578295843
1631773,0.6252343527832182,0.6474560344792702,0.7634237370356183,0.7110173712981236
1631775,0.07775432334205348,0.062134091647650755,0.07131573534718456,0.056171149344028226
1631864,0.1813113955331218,0.2071471163043511,0.18566830878458557,0.08160020960093026
1631930,0.09461914999738423,0.055483801264109144,0.024774637609931007,0.03168385235924321
1631941,0.2562716499966183,0.2934219450746614,0.24041226798417303,0.0800368820338193
1632078,0.2512283929960516,0.42194082735874183,0.19422977797177018,0.2653634459646295
1632096,0.23061937233427987,0.15393105205746788,0.12256223629125974,0.2883224053816679
1632097,0.4491449015814949,0.3682116885338119,0.15374447915600423,0.16309988169219258
1632098,0.40684678273864083,0.41690843329866617,0.1388095900398755,0.1590889689414148
1632105,0.06435271122149057,0.25323393281403606,0.06415343007131204,0.044200052089113824
1632108,0.12360981559088197,0.37251288252350945,0.14806271345060928,0.12091311466551107
1632118,0.004882290220801079,0.46620536004910273,0.007143674599018557,0.02529120955161457
1632187,0.11008759061470182,0.07448487352641683,0.04882719869919383,0.06434178862546577
1632248,0.1861289918264889,0.5863757317420243,0.12233377158320204,0.13831974250234522
1632253,0.19259379468337878,0.10195727713861505,0.12380240664166153,0.07529872326493943
1632283,0.5026295674995849,0.15606595811728766,0.23691758970871243,0.33227657033117913
1632341,1.4809064464406279,1.1240362945391236,0.5665751410732157,0.9806433630656761
1632407,0.038464355959351035,0.061464108153656376,0.12660460072033625,0.05558412579350901
1632422,0.001511809091771509,0.002048091671720872,0.013551709556291551,0.13083025402525442
1632512,0.06051731976315472,0.07270910214116397,0.07430054373749057,0.024739611917494485
1632554,0.29566160760588006,0.28390905758741186,0.30230522378959745,0.8493887816529554
1632560,0.38276993033668877,0.7646116714531259,0.547242651512364,0.293788393127591
1632574,0.21813463097115834,0.21312013183076434,0.38371289043330786,0.08319020762385462
1632665,0.056752530228226704,0.2161508806312725,0.14914998008986344,
1632715,0.10809112485478672,0.1604142325340892,0.2492619905180244,0.1229309574379965
1632801,0.22647943039746307,0.09101786227450133,0.19875882079781595,0.23890858695720266
1632802,0.12181645676959155,0.04543702369087091,0.0487222124897338,0.05955607777225689
1632813,0.7809218147915576,1.1546983039928511,1.9997877139630644,1.9997073684097615
1632833,0.0,0.7883962421156384,,
1632866,0.19574310883230236,0.18374722900913207,0.41857219731472994,0.2083250569416479
1632899,0.0,0.0003969269652428475,0.00016571166138948742,0.23259344574442534
1632932,0.18094868511477455,0.15623644876484277,0.23483221740317667,0.09677402767036669
1632966,0.053506822567174796,0.0810982570328576,0.1116831558074429,0.10042801919098152
1632972,0.3442910330048549,0.28730830369460725,0.2103053963305539,0.5033835530919396
1633002,0.27082804037452846,0.29038630762954976,0.2862353796229889,
1633024,0.12493339740857459,0.1514205401284463,0.16329203320017696,0.12768992401943477
1633037,0.10658556337525846,0.2347353893529491,0.08210465565965917,0.2144493957593144
1633050,0.277703007065362,0.13483092596441829,0.19888288754030475,0.15671395307974864
1633055,0.6735896575160014,0.44513918687281306,0.6497841452043398,0.5886910826563889
1633172,0.2984171664518969,0.421073184642838,0.2174151383346616,0.4328293428119477
1633207,0.7912456462611281,0.6419564958047629,0.628880201000503,0.36126873889428496
1633227,0.08799793740535033,0.649905611831258,0.40993789740770437,0.7780784709973899
1633275,0.8210813836847135,0.7429958418938556,0.629065611960647,0.6404409898866352
1633288,0.07581443279206627,0.21727104427518007,0.18056211967489463,0.11482346257181249
1633313,0.35091161548468486,0.6946724518853977,0.6005928923731173,0.40553981645578424
1633343,0.4347394201750833,0.3846479889037638,0.3323790349554558,0.18127836602437142
1633362,0.41390872299700465,0.45443817142146303,0.7171812152324768,0.26563048705571346
1633366,0.257133793879666,0.3487088420390734,0.12276289951439924,0.11943089365928966
1633387,1.482825033694323,0.6328933084446525,0.2716139030436225,0.6390219091051261
1633389,0.6590230711667375,0.34746913220555437,0.3715907284574594,0.31373141887029615
1633391,0.0,0.0,0.0,0.0
1633445,1.3257840044033835,1.3260478133622233,1.3173907161675307,1.4160490887455746
1633446,0.006936465015358309,2.0,0.3439114617117533,0.40367911425517955
1633448,0.0734613277560071,0.04723021055900336,0.06894519715464778,0.05317066963813683
1633516,0.40233403752824426,0.512740905564639,0.6813652220176183,0.9724529289652497
1633517,0.5014386407303755,0.33253006584485967,0.29215601295443505,0.5573211651164207
1633603,0.15682100661051085,0.2730057798554141,0.5352288458186084,0.1347004581962698
1633624,2.0,1.9935892322491064,2.0,
1633625,1.122847306101513,0.9743275866296878,0.1155920043095842,1.1467990936505659
1633648,0.10197936822466407,0.2783088209680184,0.1863756584403944,0.03999579093600954
1633673,0.3393108681435824,0.3844697156926456,0.18211347081219223,0.1651956871455895
1633674,0.046177997527859296,0.10585430548083831,0.08695835723701606,0.05434684677701188
1633676,0.36252267050207737,0.6126005684506829,0.7245411833571498,0.580594640781856
1633677,0.11754900625215091,0.13946941247607997,1.1226720981481793,1.018546637828867
1633680,0.7667047139593511,1.093174729183202,1.0306440975889268,0.5396094506550423
1633693,0.48667067540905645,0.578853247547625,0.49243790179347524,1.4680149937355602
1633695,0.6935633849651852,0.28489882258469357,0.026290195918273442,0.03305965273012717
1633703,0.5658726656437644,0.5007356581522154,0.2734445823500392,0.17551892891401663
1633709,0.6426743860552288,0.1951376985027674,0.46730155978302046,0.9539536800595827
1633716,1.2009064202450412,1.5790292730100592,1.561039121409556,1.1050243169036404
1633861,0.05609995621541593,0.6568678745094818,0.05587785194220549,0.3422737343028939
1633862,0.097028758205092,0.09267081636095356,0.050003520758595196,0.03826133585071174
1633869,0.12905492602813695,0.21501958217905448,0.3716044816742603,0.2144529969166244
1633896,0.09089982384227539,0.49256794986040703,0.6772710387517468,0.12319362349837212
1633901,0.1845475422303141,0.21946100682295488,0.18544066889083005,0.15887679735506766
1633903,0.2616822728008621,0.2610822663555181,0.1366391462720067,0.7216341933436312
1633909,0.28069125930812244,0.45682019232323695,0.5828039438963933,
1633910,0.3025989175928211,0.3219160381476048,1.3493129292028085,1.5403544685531723
1633911,0.20705961581332197,0.06776359848836741,0.10643626729987059,0.1374646802144052
1633969,0.3352492222163964,0.5681485363232878,0.2570800785483407,0.21212267583209474
1634035,0.779723873595738,0.11928692468659001,0.10566822806459529,0.1350995890049994
1634047,1.2555279863725075,0.8192997901480912,0.748327880697011,0.6409358233608394
1634083,0.15565871478446025,0.2970949969688158,0.28640914889228397,0.06151220670090135
1634140,0.5408321985602186,0.0,0.0,0.013611432195976369
1634155,0.12025776815549855,0.108875981386558,0.10265254297238403,0.12354218701594419
1634208,0.16190998888344887,0.22839210316966557,0.17281027288452375,0.12506562943749902
1634212,0.07667697328734356,0.11291735182972355,0.019914342691798072,0.06323364272578583
1634222,0.31464709895602067,0.23104318013059055,0.5305193292195286,0.2865275044554405
1634255,0.4170330050742284,0.17571811223715617,0.3273993914201558,0.2760389086154976
1634553,0.6983708364881266,0.25628632447693533,0.18596660794162737,0.14113606943569953
1634557,0.1665069153884931,0.2161658505167397,0.20371814704660435,0.09648025404556576
1634865,0.3519181732958797,0.22918094251674562,0.31645249803277903,0.3192504486326469
1635236,0.07989934484522258,0.15314611595315103,0.11972888800984918,0.059770959036058204
1635342,0.16491821384013675,0.042926305442907396,0.22688201920188522,0.14889438938481506
1635523,0.0731919693841704,0.04040981557480622,0.5618030057992621,0.4504851755261002
1635999,0.5471945059247274,0.5576947905913663,0.4667521442213126,0.4818392708704836
1637246,0.5064439396827368,0.4725490370522738,0.26113466786274164,0.274731045739854
1637359,0.042787918273106386,0.03357680733420451,0.05335050247698342,0.014118945684508765
1637541,0.787835061712696,0.686708896317627,0.4359151007218219,0.4634852868350095
1638049,0.2797217034970826,0.41637702817852035,0.41022361712209315,0.4492605636385622
1638555,0.8171824668931189,0.7423495475932886,0.7816593906549638,0.7793986083916188
1639666,0.1974248800954986,0.19905968242219618,0.07074162336152647,0.057663077936381216
1639753,0.17138703736683286,0.3097046612859752,0.05917610727148561,0.18915458418417097
1639754,0.18803816772091644,0.3164222571033823,0.06245319473362042,0.22534038465977646
1639966,0.33596358730900433,0.1782642853478341,,
1640250,0.19633992622427643,0.08536702253504652,0.23224095429944838,0.25689283885684305
1640335,0.33128727620241194,0.28912414192371033,0.31974966095911966,0.0900286045244352
1640420,0.6149015675907951,1.3347140495323204,0.16597215963918074,
1640445,0.2139103997921397,0.6299501238456879,0.5970667817566596,0.937659904593698
1640485,0.41817581356750566,0.0394992446828992,0.11857825030862101,0.06765285608349081
1640680,0.06539923797082164,0.33355024496175795,0.18324907264814116,0.07383740862572291
1640801,0.05005973917726835,0.07216954646152099,0.030658866865843605,1.9719251075628583
1641438,0.3821302202851554,0.20568909263214855,0.2580219287307923,0.25089300756236455
1641440,0.427462419095214,0.11418854313750416,0.14822794051118968,0.18584595745286367
1641652,0.19178999039111488,0.0957341383538009,0.25255581414931566,0.10200316628702386
1641864,0.05862605095324465,0.2202788681965916,0.0527715597315899,0.09547802681855609
1641891,0.4218232778950159,0.4919481482823741,0.4816979531397709,0.7797197825447442
1641992,0.6345994636442859,0.3757883284674675,0.3876905486529762,0.36723725283523206
1642044,1.334557869702957,1.5782238311931556,1.6542895200556134,1.470696732883631
1642140,0.2123214652786253,0.10662012792232166,0.05538802763687376,0.1435950108589498
1642160,0.3027039986609151,0.1589736395072303,0.10432801759496899,0.09892376006577003
1642216,0.26656622656297985,0.6399965585515008,0.26960275160825287,0.20883227670374313
1642246,0.5153096139611574,0.53759380538942,0.48146791282538765,0.19308051871358423
1642274,0.17987828199485334,,,
1642305,0.08295983181301493,0.16309445261888206,0.10493580800673662,0.07479612364142599
1642343,0.2358420520316041,,,
1642351,0.1898984837139496,0.23037020766819724,0.08156559014369368,0.02329471391523525
1642570,0.16765503144937324,0.10056738336746936,0.0787934069922716,0.08170731170105319
1642575,1.4659695774641726,1.1936092807943932,1.2086015577087965,1.2503476179228639
1644956,0.34877349026197635,0.31791108412470376,0.2611011216741862,0.2402318202157961
1645382,0.2254373053878646,0.2929221273813396,0.23179072481543786,0.12211188857460278
1645890,0.29041868771632373,0.08189236057635772,0.09354067639096258,0.048488890687634977
1646821,0.24719718617736652,0.2243397704613751,0.07780497734287463,0.05381915613189187
1647251,0.08226862589988138,0.18670028047503118,1.4125707604303446,0.08747671336590078
1648101,0.0840854211657233,0.09650477259653636,0.09225538310669058,0.11325067343898661
1648711,0.19020905352463574,0.23715458091872185,0.17926610091001313,0.1654122278845758
1648901,0.2034015991026828,0.21057350033630648,0.11152090068177038,0.07174010227302685
1649147,0.04767497835817551,0.4384477175454274,0.4948998352550467,0.4196492284284307
1649591,0.8037474584348616,0.42984114544262914,0.4423683016967406,0.2227589341563961
1649592,0.21606155111279715,0.30460338604757203,0.1950961282100266,0.261480017248616
1649647,0.25217477421551693,0.3148219839747727,0.23353203733583142,0.30216290061228174
1649776,0.38432868063456227,0.5408716110701823,,
1649888,0.07915583214170406,0.08833172664031401,0.1293799068920182,0.0691872812861455
1649910,0.25262145723062834,0.1287975882227741,0.26027557615817654,0.2723382816647257
1650092,0.1331936632559258,0.11247162763615205,0.14385414366379365,0.12377361013707694
1650135,0.07387040830973715,0.1629329540059388,0.1948804780120726,0.14810358113625458
1650142,0.42870388423316563,0.3364709056908317,0.442313872503824,0.19026537358988518
1650162,0.32648649956004305,0.3396259924479743,0.5372605994902468,0.3415421231616231
1650290,0.49926378571517777,0.4175645488895572,0.24331240960037795,0.2778198514915607
1650318,0.0,0.0,0.005312509943856429,0.0
1650654,0.5312357344286365,0.5614048602313267,0.13286556445672917,0.14036407253953712
1650717,0.3667496149543627,0.2883481541672137,0.2646789363211608,0.09994792380870009
1651424,1.7186747581409825,1.6073631014446828,1.7002815532610889,1.5966986033732056
1652103,0.296278287322218,0.32334657155878965,0.4626205103725157,0.101580108643305
1652253,0.0,0.0,0.0,0.0
1652391,0.08932830940917535,0.09589371872939328,1.1782048153535682,0.9466536109245138
1653168,0.5558402201592508,0.599735977700936,0.39057829623180457,0.36845676080129713
1653857,0.4956693797832646,0.21133516851805978,1.234832068760138,0.6613587752377823
1653866,0.1433206554818063,0.16399204415130547,0.06683195250251506,0.04446891826087364
1654599,0.12318064733429375,0.28379779557180546,1.7754253347358548,1.7782069596860222
1654913,0.8036673535095635,0.9645356279488851,0.6791189962395227,0.5202129164497605
1655006,0.732804036946004,0.2004889372374047,0.10831666711062048,0.20594228903534992
1655543,1.1270023153120863,1.0988364360676102,1.3041490383504601,0.753286431514232
1656735,0.09416884583563642,0.19797146885220884,0.31513394323500027,0.1624227042120539
1657111,0.4200174370612321,0.2454182812016001,0.1597756017077504,0.09263566939673608
1657134,0.9803766232679086,0.8662504187664549,0.9537988953140795,0.6072947846945094
1657428,0.12202737156924251,0.3171182100561018,0.4291004411611525,0.1114755662479597
1657660,0.21277020127689636,0.11317438658445966,0.1641233060090326,0.13831044185288258
1658354,1.0174946078336102,0.5531272653708376,0.36627869170968336,0.6063747921606693
1658652,0.4179527360758105,0.2640282873614963,0.5280381405162696,0.6209459159724267
1659047,0.8543423732336227,0.7873160545590681,0.18935745221746086,0.20884807634147573
1659346,0.1899791803449562,0.4481686868460411,0.3136895958197275,1.479274538208745
1659420,1.2671522302857703,1.4069386025107338,1.5983680114100713,1.4251223017838943
1661562,0.5674095843768316,0.3387037197578713,0.2788611450296098,0.3496524253170514
1661568,1.7779304236986089,0.18708116793399468,0.10383750659301028,0.06547052205795859
1661571,0.4185354683277656,0.3559356008090505,0.4344641478803101,0.05329776186902541
1662449,0.31531726162217166,0.12520278279393598,0.10478823065495169,0.08696539515353108
1664385,0.32245371944696416,0.2768320740109604,0.20291429960752108,0.3088021054866751
1666624,0.24447644477626418,0.048037100158223336,0.05739732229645972,0.04286199720444938
1666733,0.3585647233256818,0.5133026697856372,0.12495584834224967,0.19207346259278127
1666786,0.30860153095382037,0.2510292613067986,0.24353130179352747,0.1791700924193762
1672681,0.022647355780849924,0.03229826256732778,0.024711489308050765,0.012332854951025889
1674581,0.155396986262867,0.15506480429593458,0.08945375872087331,0.1335760605189984
1677443,0.173343103158407,0.4639476531622209,0.32039034601303185,0.3804199384179268
1679807,0.21623932080134617,0.06919275926873399,0.11231929919872063,0.07351039174116755
1681596,0.17568798651964743,0.26687049457562223,0.16866715062903484,0.37422095183173787
1682196,0.449906615174937,0.3933564108143133,0.38772486883287244,0.30201883030279736
1682501,0.48797966287521843,0.33062544114759085,0.19527408479322056,0.3905476169311019
1683754,0.05763469240961646,0.04344023319735148,0.04575696516286629,0.01962571458521316
1686409,0.0697016337884949,0.11483989052620877,0.10731004518850933,0.16337828044895747
1694287,0.0744443095916077,0.0874066019464095,0.06293532008617281,0.06865403063109267
1697815,0.4523434767847937,0.6783340644611627,0.5757151666149509,0.6410339478821423
752832,,0.20224621747129704,0.3027743683457315,0.1539645354484055
759944,,0.1545075582572293,0.14374699795604043,0.09714440663608964
805867,,0.15111997696038543,0.14048168330453392,0.26119859405831447
842766,,0.18738388801782105,0.20164084561782014,0.06710215917677323
873687,,0.0,0.0,0.133284799038509
887762,,0.2566824487311817,0.17176882965966064,0.1947674291393226
934866,,0.2346378360774845,0.0653792045919785,0.04157085043595496
1012036,,0.0,0.04411578356272248,0.0
1014358,,0.3821441995192467,0.21905789749027313,0.29611974159589943
1030818,,0.0,0.0,0.1046895146912104
1032165,,0.0010612510835279396,0.3656395135662394,0.22226815824553775
1034369,,0.49635767992752,0.41342418347021553,0.35689277908505546
1093219,,0.5781455934730193,0.6080062811429165,0.7100273834967641
1109767,,0.18173656144947156,0.13495282074719747,0.081890935651891
1112289,,0.2948632273989698,0.28361526816804217,0.24653802314607626
1171473,,0.2578358827337438,0.08850108637762899,0.07375770957305386
1174850,,0.2925445258623277,0.13319851847531541,0.17970373664896683
1203547,,0.5418197810843176,1.939023709910116,0.0
1218275,,0.1472121646812753,0.18864608056790255,0.32147919011773446
1266014,,0.27736151576563034,0.20028140142075657,0.12396055853693537
1279329,,0.617655800244581,0.9945845339541358,1.2363862320401207
1280190,,1.187407162899937,0.48332789436391116,0.1286148395501107
1317346,,1.436545512961979,1.5734209920210263,1.3940268744719633
1317904,,0.9552547848073129,1.3800945836960372,1.1605672077938487
1317947,,0.4721586871837654,,
1318103,,0.12426019923517195,0.09404514566169388,0.04029117506525002
1332638,,0.0,0.018144781932565187,0.18277851615508806
1353394,,0.22395118601440464,1.8562010180071307,0.4361742924237895
1353651,,0.1319554720538083,0.09676302434721976,0.01435976515488993
1362948,,0.0,0.5261391584348583,0.0
1365341,,0.0,0.0,0.0
1398318,,0.8145642638365972,0.19470542969000013,0.4254015295577116
1399486,,0.0,0.0,0.2661875081488897
1413877,,0.020580784515425058,0.0,2.0
1415912,,0.38810820621166336,0.7053249743567171,0.4439290415929816
1418948,,0.5990782508528871,0.4110007720377653,0.4393321981033429
1423080,,0.05130456342857647,0.015448254741214125,0.025699461310092517
1426755,,0.05071470544595929,0.09481537295410598,0.15035578924874007
1429390,,0.2773461351309744,0.29171320654035904,0.27195986442880804
1440771,,0.40519866627048384,0.8183080630601902,1.104083721258231
1447228,,0.1989034996141005,0.12484940632235779,0.12114844098804815
1464790,,0.19891459795752225,0.19191549536437227,0.3113358631473719
1465837,,0.8840851718726633,0.6281751772853732,0.5391319753294116
1473116,,0.0538498708360137,0.0,0.0
1475896,,0.385967184723453,0.13589434621468685,0.09692417760513956
1476534,,1.7457734966412273,1.5772257721874083,1.5832438091087309
1483238,,1.0495413561774722,0.32409069122776896,0.5366959123405006
1484165,,1.0523731224751787,0.7414596331634866,0.9110963746994097
1486180,,0.4014056595200335,0.5661289907387038,0.4919476680167402
1511291,,0.44855639752624354,0.4196860109478176,0.3090628763681562
1519462,,0.0,0.0,0.0
1528436,,1.4444344698040776,1.1620534006698162,1.40152458146143
1533457,,1.5227272852364515,1.4832717039401668,1.5702077864140467
1534261,,0.5547934132118252,0.4709765304058442,0.45990266416656805
1534270,,0.9186327421297511,0.8923409629403328,0.7793986328337106
1534653,,0.39024758463011416,0.2447186378104936,0.24780392251222494
1535293,,0.6785303660065009,1.2877655834887345,0.49258966215312555
1535315,,1.9425846124718948,2.0,
1535677,,0.05459454187788836,0.20051208968244,0.1005262244960978
1535764,,1.010789476929484,1.1217572873003165,1.0347619492435651
1536262,,0.1264619282442774,0.374245632319735,0.1955657875179501
1536630,,0.4081597405787318,0.31375027640259523,0.5411525231278114
1541539,,0.019451024880833764,0.0,0.001014566611726051
1547927,,0.5323258820296234,0.14052737768490625,0.15673803559078434
1549497,,0.0,0.0,0.0
1550599,,0.5638518063514806,1.5103017650166446,0.0
1551867,,0.2300161671884232,0.09312739944486038,0.068076440922012
1554664,,0.7183273760144832,0.5181850272310045,0.32971078525487807
1557017,,1.2689942594223018,2.0,1.0535082204978072
1557689,,0.28860196321383835,0.2616967176436049,0.2623828747667394
1559495,,0.0056508997937335095,0.003689879628262052,0.006257114797975141
1563530,,0.1810715542249352,0.1129405792163275,0.11476323076237005
1567390,,0.1796423282021455,0.13599293059522713,0.18120291101583735
1568552,,0.9459301103681148,1.4310555165216348,1.464991455105927
1568890,,0.0896792727629209,0.1048840880501894,0.1350484133831784
1569139,,0.8235662689857857,0.8147913275668576,0.9812949766584471
1569452,,0.6490677532564787,0.25778186147657,0.34699934003431404
1569884,,0.7952882665243174,0.7852912743903849,0.8009911225823121
1571222,,0.058141120570346524,0.0,0.6361581164999757
1575578,,0.0,0.0,0.3007853214532014
1577552,,0.0,0.0,0.30092375573265184
1578258,,0.3149686215347024,0.5111998772578678,0.27458637882568215
1578684,,0.670821692878004,0.19290739920921318,0.10020221030989974
1581594,,0.03564189839829826,9.221094605438507e-07,0.19582960765509497
1587281,,1.0737494515179975,0.5834732294442572,0.41071045693358016
1588959,,0.8654361086270688,0.9737434571699896,0.7693361835172107
1589943,,0.12789456631165663,0.08633331767660307,0.03677199986607269
1589989,,0.1999255847745694,0.25171494686174994,0.495734088849404
1591307,,0.5151980421622002,0.7920542043231713,0.5617100283396128
1592450,,0.9280294000569483,0.5806635766979393,0.46411676373450683
1592614,,0.2577263504352764,0.12910413216856786,0.09115281801301868
1593324,,0.4009599359827228,0.31635616827341256,0.2495140489214554
1594107,,0.34351224019913906,0.08432816928932371,0.020492499265395772
1594954,,1.3676925496688996,0.9082307398415069,0.9698883492980428
1595907,,1.0459303833411215,0.8467928513074793,0.7106183433959634
1595932,,0.6988456524299346,0.34221076319259935,0.2934218955970668
1596953,,0.9945370329100054,0.913401567123685,1.1204057024015677
1598490,,0.26571407391045343,0.10567525077119339,0.1813607635126189
1599171,,1.2646495586026094,0.6015277310648297,0.7566085855951383
1599795,,0.5979743120336045,0.7686534041940274,0.6134955435665638
1599974,,0.9986759240247783,0.9918268871114788,0.7183088995387117
1600189,,0.007267646725491706,0.21837604071487438,0.0052519806871049665
1602263,,0.6538219719803703,0.10340567868386608,0.19238333439784328
1603276,,0.01764471833409682,0.029411385650286413,0.01113757472310261
1603328,,1.632646767578669,1.650813888330905,0.5755418994850446
1603905,,0.06690852329195235,,
1603935,,0.4363107473190928,0.395907879392624,1.6432789813598454
1604406,,1.0211065328125444,1.6118060949746122,1.6720021125071336
1604873,,0.03284892124142643,0.0,0.0
1607863,,0.8138734973874993,0.5200944083524652,0.282064354850658
1608376,,0.24571068448774896,0.5087933237999953,0.24788563558361634
1616009,,0.14589978468838244,,
1616628,,0.19400701051927258,0.803121010708336,0.1946873332956978
1616768,,2.0,,
1618376,,0.7626937432886473,0.31911045866441123,0.4382447553514838
1618832,,0.29237960412769975,0.19521530325666592,0.1812113339149778
1618872,,0.9068169617963533,0.5319112009292768,0.8615899676120838
1620822,,0.6997089479133239,0.8883555853666483,1.1781493953107445
1621157,,0.582220515854031,0.32773739931633983,1.3445252013673206
1621602,,0.9140397386208536,0.5503371964547139,0.9852888552853405
1621855,,1.054113243958988,1.0095738177123712,0.7632210683554495
1622852,,0.05565573815971423,0.2357436690930037,0.05351753897208247
1623707,,1.1268064240986484,0.2074846111440788,0.8957557735522902
1625800,,0.45551935136563876,0.868296010483764,0.9904449032690437
1626757,,0.112214413393056,0.11275530390427378,0.19654938746177905
1628622,,0.43742456434798616,0.7034522623129198,0.16568337115367057
1629290,,0.517319920011048,0.3626160772697445,0.41839278858917744
1630064,,0.020121897067442683,0.23213861959795673,0.025131544805223942
1630243,,0.31178798282266723,0.1879318942292572,0.20441085195679773
1630409,,0.47902753927535086,0.5976178301131176,0.6535822030322291
1630806,,0.8720314133923821,0.6534567113853864,0.38939931360210106
1631260,,0.9692193905196508,1.277602214721338,1.3219777884656065
1631543,,0.4134436058482437,0.8419551303066782,0.19542064969457823
1632368,,0.5555141366610544,0.31195168424984443,0.2926370375566789
1632548,,0.8318165550942735,0.9956824628334625,0.9911758203544269
1632551,,1.5509954654752118,1.5848121388583216,1.5588089288748554
1632929,,0.5508650111637616,0.36778297850933256,0.3626735415941364
1633570,,1.4361837329858913,1.604891312982987,1.4581742423468846
1634785,,0.0,0.37141696367594373,0.3320495739171242
1635152,,0.5191621917201394,0.0,
1635409,,0.5027734493052656,0.12844295456299604,0.44902658720493027
1635663,,1.983380502927919,0.31427123121663414,0.306188480655812
1636191,,0.5618929799874167,0.5128311399256906,0.30017408242203447
1636441,,0.724658964554686,0.5324576669357136,0.7057161251986394
1636974,,0.5774333303263262,0.12181029041520389,0.453773610950694
1637187,,0.7209981460150733,0.8071427041498946,0.6934116333419514
1637643,,0.17798471002307648,0.13585385449067647,0.2058651537536455
1638853,,0.9180615291447942,0.7562852334068849,0.6754059441710006
1638901,,1.8189253211878298,,
1638902,,1.733096351908511,1.2181653848651102,1.486830844775087
1639592,,0.04429286441954201,0.0,
1639668,,0.2656172227138601,1.2021363623346173,0.10020358122610358
1640023,,0.6666662199300913,,
1640095,,0.4140554812597109,1.550360309555396,0.8119826297818713
1640361,,0.5822261858677318,0.26068626636723824,0.43565002815298
1640638,,0.19081582573826333,0.06213977751880022,0.2877694272061892
1641042,,1.0099332101407965,1.294475629214049,0.7072672683164808
1641173,,1.0456302926760457,1.005508222923125,0.4876576157339504
1641391,,0.9650129589437103,0.9015563016468311,0.9157430902428623
1641604,,1.1364137592449148,0.7734827165336372,0.5208218503136615
1641643,,0.1323515459021768,0.056493806332927034,0.22055338753493317
1641865,,0.8298482801253647,0.1352291614794471,0.4266202642751073
1641866,,0.27788691478876043,0.17654203441205352,0.15129234106891423
1643354,,0.36720898656107775,0.6457873698005663,0.3322776538904597
1643569,,0.3597858750393893,0.7212604815727439,0.3850835951552363
1643792,,1.4186183485611026,1.1895057869052665,0.6461362952108481
1644187,,0.8834724799240339,0.992420351426997,0.9221654647355216
1644795,,0.24830044012718078,0.7357786110665534,0.5510641438895445
1645157,,0.6029547514454356,0.5236676022084665,0.3938735333133596
1645754,,0.26735588017139916,0.16870133483638963,0.18138590224408735
1645889,,1.3734088692561768,1.1331372598957214,0.5928880893370982
1646343,,0.9797571565404496,1.0086359299763878,0.6965106727891988
1647565,,0.4991066965348532,0.6051973676873774,0.24954860002940138
1647781,,1.1074077968774374,1.0465613876122548,1.0097390159838462
1648946,,0.6911422187299504,,
1649107,,0.6942673932702851,0.6810533316175161,0.06118394200057884
1649337,,0.6894798871860904,0.6119627208110826,0.11375295547535512
1649339,,0.9924487258214914,0.7740141500282656,1.141724118197025
1649761,,0.0,0.1872915818352414,0.1604475983142531
1650300,,0.1472149799599723,0.08793161028962926,0.09514759337974686
1650669,,0.856559436938394,0.50729288711373,0.6329412719106605
1650781,,0.8189549943774117,1.0046548844435195,0.16778264102933438
1651646,,0.17660056919875985,0.15724811812164752,0.3572734616713273
1651960,,0.08102955605160721,0.3676663082904813,0.3512498614503751
1652027,,0.0,0.0,0.0
1652062,,1.4909690984743034,1.5536189817448347,1.1830104839701479
1652355,,0.7961263048299928,0.8048688027114917,0.8326507322801681
1652522,,0.2736317609806845,0.45050984918469683,0.13471439898596999
1653169,,1.551603013784948,1.6320258649472204,1.8412929837529932
1653199,,0.7012251510450573,0.14879742543733887,0.1440916035109753
1653202,,0.19390183169106034,0.17634219512371768,0.05729937261431204
1653253,,1.819242947496711,0.13796973349703867,0.01901350361428303
1653926,,0.043756017923172456,0.03234625105319772,0.15540161136469915
1654111,,0.21642083176597512,0.45859642599351275,0.10606426672555665
1654175,,0.3178657975923825,0.4379181271311611,0.24589097599421347
1654198,,0.12281283234124829,0.15065661701304023,0.03786297608250735
1654586,,0.0,0.14029235625364764,0.0
1654648,,0.5357310910149286,0.5326934137287529,0.4266705399597018
1654710,,0.5418835708406476,0.47085645869499304,0.342885585328672
1654847,,0.09225679872447745,0.053474434142268816,0.04724510873184845
1655095,,0.39673129767191007,0.4647114255819744,0.5808627120049554
1656532,,0.9846334742864634,0.8336112544970932,0.6340842889599125
1656666,,0.7690580500248319,0.013425008021109824,0.008562841444924833
1658363,,0.49394679796056207,0.20797989956940663,0.6571275619591592
1658535,,0.4754131434058664,0.3593997834107352,0.6246394630013842
1659189,,0.5169647957460751,0.11653495464704076,0.29264204301916175
1659815,,0.677695203583842,0.46339828054543264,0.5488997112120741
1659997,,0.20603894063608627,0.2746172555136225,0.16740593968893966
1660071,,0.6050835099574252,0.7605701290803482,0.22430001162007487
1660086,,0.48214124625209204,0.17358606288583256,0.168243055964753
1660389,,1.0373815969194946,1.02334122650003,1.1040109398351121
1661144,,0.14690096125055122,0.09113673121951658,0.0948322608704989
1661163,,1.4567231389375455,1.1926638574009532,1.2144766935785682
1661191,,1.3649866838467057,0.7672625763363865,1.0578689659588094
1661222,,0.32026948204490624,0.2182860292498133,0.36902432298771637
1661462,,0.7521663273256413,0.7779375900357974,1.0506360807737485
1661532,,0.20217820854068133,0.3289396118203113,0.47684377332777717
1661535,,0.4823341092482259,0.04828309301602375,0.14578597293720816
1661536,,0.05508601586752653,0.04977806837419967,0.06974825815864592
1662212,,0.1470137120132969,0.09404416265686275,0.11885792765312801
1662807,,0.1762819495727748,0.2704954037310051,0.11891893806043288
1662906,,0.5323766903297852,0.5736243421423884,0.4726106313002069
1662918,,0.20494403161548835,0.10121557284002147,0.09558256249612837
1663138,,0.3161349304557584,0.103896944601993,0.04147975683184889
1663368,,0.9357133270539484,0.6795565629851922,0.4542903566192158
1663649,,0.2630481441827468,0.07548510748561348,0.058548150333696
1663896,,1.039522796547062,1.0619575886089498,0.9742443110419999
1663897,,0.10866494153071603,0.10928266098923249,0.057662754754430175
1663900,,0.6837892504624441,0.5140225651833545,0.8112148186609601
1664017,,0.09089573772236045,0.15273523742699166,0.11344765021479163
1664147,,0.6216832699086756,0.12023975117076248,0.057017471799042
1664214,,0.9197284445020739,0.1148439977376536,0.09237648887526112
1664324,,0.062193041783677856,0.09404792107879466,0.0702245996840132
1664492,,0.42442987881044614,0.25871207509561006,0.43525946144430583
1664503,,0.7673280462920131,0.47521117057240075,0.08944655493101392
1664713,,0.4949803474778792,0.23914661952244146,0.2414640241562624
1664771,,0.20449182543233654,0.11392106894993785,0.129715769298841
1664772,,0.568546775571338,0.13352213949716119,0.14141172389833995
1664847,,0.3462437234754307,0.08744757960167898,0.039290237781495645
1665012,,0.9744429839151799,0.8134851745283995,0.38037308017949156
1665054,,0.39386450841334003,0.517904837250889,0.49093879433045207
1665055,,0.03945895028886869,0.01592514103559218,
1665077,,1.5419645675215772,1.5413674320254038,1.1046604809283453
1665199,,0.1322244995264106,0.4768765182314125,0.12836227911328274
1665302,,0.10765089082296517,0.14329279939688608,0.09342641192449645
1665337,,0.3406951431797076,0.13967507011924657,0.0836167032969932
1665359,,0.5541138363391629,0.03902692151183293,0.12370229745965397
1665445,,1.0072366053939403,0.4833680903910505,0.3697655092825419
1665446,,0.05179798182388847,0.025436199512192743,0.03210045480300299
1665518,,0.07340995108237729,0.041603206701451914,0.06335350734729017
1665586,,1.5705411481547003,1.5446909821388253,
1665589,,0.08525897854879232,0.0714600071598646,0.10032752786906579
1665590,,0.48261800166539687,0.6151204873811463,0.8675702406896494
1665633,,0.08077592448200713,0.09245153504161371,0.1178740999436109
1665642,,0.1421251666596225,0.08243389910638442,0.09712112142144266
1665727,,1.115472732874398,1.123940713699413,1.085207240870709
1665883,,0.030465331543025758,0.030199419808023407,0.16696449038828712
1665887,,0.32888952761612383,0.49026841580366687,0.36629348883787377
1665925,,1.0691130174110979,1.0269455197546746,1.2833384948933457
1665976,,0.032620606219994894,0.3174561812241167,0.05601843775521432
1665979,,0.4362386682278643,0.2805390295381098,0.21748782890191595
1666024,,0.22501978601250067,0.260787685938087,0.0904134270558687
1666179,,0.170672236853555,0.18099167471123156,0.12249133805017515
1666239,,0.5771737263334727,0.4612380940547574,0.22599580821283535
1666256,,0.933716193212268,1.0528604791004776,0.7260509343151864
1666363,,0.3731465405569147,0.28366589888683613,0.2609738647952291
1666370,,0.4426334245992582,0.2107360683654987,0.2401576221182146
1666470,,0.10809838874404312,1.6285258857019196e-06,0.11064205339074876
1666472,,0.750098301911369,0.6810363290624092,0.8086037912773639
1666501,,0.0,,
1666504,,0.4756235867529942,0.0434559228479566,0.053930478228404584
1666572,,0.9629633092849106,0.33333375411471594,
1666580,,0.5976942511992495,0.5303137025301381,0.18386793919581546
1666610,,0.4706064570130555,0.6038481114462914,0.46790046482246783
1666612,,0.12990082126116803,0.1033529930409258,0.0984388307706361
1666659,,1.078002468947156,0.8758599905971822,1.4076642673666686
1666664,,0.2695374820179971,0.4681754573656658,0.2296565253408076
1666736,,0.20754595621946517,0.21420741521668824,0.265715887254681
1666737,,0.766053185068825,0.48620703360838663,0.4461166458586153
1666738,,0.42921164346222285,0.3797400933236285,0.14081679609584558
1666741,,0.20289026242930044,0.18238469575857671,0.3834598884317866
1666746,,0.9992525881244252,0.48812414457954884,0.6890878258245138
1666788,,0.33063799336571575,0.5963060704646567,0.4459577651863709
1666789,,0.27500561895312203,0.20270515952476026,0.202249056373272
1666791,,1.3581344469874876,1.6832389203490035,1.5691849525397141
1666860,,0.0407349729239834,1.1177174857251235,0.0
1666868,,1.4215203877357119,1.3068907835684356,1.194532014884057
1666910,,0.47148748615214897,0.03357484802900368,0.2791973074900441
1667019,,0.14994687832630268,0.0984362345432839,0.05829747553677175
1667074,,0.464882684685778,0.461741331182489,0.3462136881661255
1667082,,0.0,0.28338619630317596,0.017921101384147844
1667132,,0.7601125345075209,0.11522479375002002,0.08329482546329625
1667134,,0.7441165082486597,0.45383830044145396,0.1451023895975673
1667140,,0.25595109541807026,0.1082771877070491,0.14945721841332885
1667146,,0.45945140891769043,0.27442998405205143,0.21342780622162552
1667163,,0.3125643904589735,0.5688051014275493,0.18284106456377852
1667164,,0.2174444619219658,0.1820954435028312,0.12982356732221184
1667391,,0.6612920691504203,0.7406693643326937,0.8787845487221482
1667553,,0.5710791931305181,0.1293293975352555,0.02885930476606698
1667654,,0.45882803761832175,0.3852148958163583,0.810570095410789
1667694,,0.7598337354590031,0.28758021091810065,0.3221613248499558
1668016,,0.4426256175753173,0.3402059493417701,1.5840370405874444
1668155,,0.03810447726632183,0.07059693357311994,0.1572586124574593
1668188,,0.33692948885185325,0.18861395179306095,0.12887495866131154
1668189,,0.05920111362367139,0.03716624629073766,0.059138109073229216
1668256,,0.4924448751797037,0.5243078218710436,0.3581909684046169
1669733,,0.14845992469808045,0.20496664283983382,0.05115214994260602
1670053,,0.17291684987842362,0.19663069362595456,0.11023421742341188
1670104,,0.2906235471045941,0.6806503116624161,0.6229628325660408
1670903,,0.03323691568557196,0.1338088404998362,0.05510680846711535
1671716,,0.23213045086082798,0.4605483056386002,0.3750039507149531
1673642,,0.0,0.0,0.0
1673815,,0.005503007886176298,0.19111987914890524,0.07971247018626092
1673907,,0.25548597099168513,0.5868220424344431,0.8237840922964287
1673922,,0.15078793625253772,0.39030056853280565,0.11458670732443793
1674343,,0.2667805162095124,0.21334137897222633,0.1235063373453234
1674672,,0.7515535503478341,0.4662520899923317,0.6360694036383463
1675088,,0.0,0.0,0.0
1681373,,0.1357011401276275,0.08740144045783381,0.13270740101686945
1689874,,0.4661042691451935,0.16965772115610925,0.20442348578647287
1698448,,0.24962645283303403,0.9408326139490487,0.5392432743347473
320335,,,0.023163613967706605,0.0670216598953509
896159,,,0.5038856824704203,0.1018332277597099
936941,,,1.0311950892553188,0.45773717962537164
944804,,,0.05567607391971375,0.05880727231169469
1053994,,,0.6558987577446252,0.5223865866418065
1143565,,,0.8190627240533993,1.1298975157508202
1199406,,,0.3384274881578115,0.8653972737050762
1216800,,,1.5269849438461738,1.6625403626827076
1307878,,,0.43745712880612514,0.5295933900836928
1415345,,,0.15322293034540393,0.21195946949787622
1522955,,,2.0,0.831246645017302
1532842,,,1.9998269792922203,1.9998995431974733
1533119,,,0.9910693573863456,0.11432649615823998
1533551,,,0.5376005453731716,0.0
1534949,,,2.0,2.0
1536080,,,1.423489353221372,1.589949896698142
1576497,,,1.9922515797939082,1.9598942993774804
1598039,,,0.8978381977445394,0.5999325046422629
1604488,,,1.9598538899710916,
1605913,,,1.7164293094500085,1.6353476270191738
1630360,,,0.09931195829779225,0.07707215390321044
1632549,,,0.2991191710368644,0.31437993491542116
1632612,,,0.8322393065673197,0.6865798587504982
1633883,,,1.0453959123229781,0.17399898985877713
1656456,,,0.5574894651454618,0.432383503258058
1660203,,,0.43952614410757956,0.40932461555109395
1661149,,,0.39271250844650535,0.33116894105927625
1663865,,,0.40215638071980303,0.22669211649593385
1665198,,,0.18315280025970537,0.06894347438100534
1665241,,,1.631001607286215,1.366853397000994
1665594,,,0.04346740361543144,0.11186617324480112
1666551,,,0.5858534145306805,1.370021801948442
1666940,,,0.08348502814012634,0.029599070265801882
1667232,,,0.2665911382852912,0.28090185924600464
1670627,,,0.5758849299391983,0.3684016082293153
1671623,,,0.4198610523243634,0.15607877425216046
1672067,,,0.0968116357790216,0.04991319047762883
1672070,,,0.10207874144312352,0.4492796902731897
1672512,,,0.008617360262442307,0.02794848613806533
1672594,,,0.06773548937342085,0.1176811827292819
1673633,,,0.2823634582699674,0.08586345220853521
1673693,,,0.600845546831162,0.046943721311484894
1673954,,,1.4097789821833573,0.7271554970991803
1673995,,,0.28037674695412934,0.23918633859893199
1674350,,,0.3116251783278614,0.4608948415200432
1674486,,,0.030691931957068607,0.0856940214486481
1674546,,,0.3745641784823589,0.1886110697882394
1674599,,,1.0942555163198204,0.5468432606773835
1674623,,,0.675485468689439,0.3377152077771208
1674712,,,0.1751828990902417,0.3486636477698678
49096,,,,0.43926496295259515
919458,,,,0.1299088270007503
927337,,,,0.9122649989751048
1132597,,,,0.5361964432427837
1181100,,,,0.16080402010050251
1311016,,,,0.18732051700627647
1567745,,,,1.4526497528826179
1575283,,,,0.524255064563841
1594320,,,,0.2877867924542764
1599904,,,,0.01953165592092801
1639943,,,,1.9966045705506394
1655265,,,,0.0
1663224,,,,0.1878061537126812
1667102,,,,0.08730825616530341
1669662,,,,0.15094022100454624
1672472,,,,0.8735845142507384
1676603,,,,0.4346496382271345
1677560,,,,0.013142027763627443
1678434,,,,0.2565598202317837
1678953,,,,0.05606013769261913
1679118,,,,0.10356351584185282
1679542,,,,0.1336673877897762
1680365,,,,0.697950415009818
1681115,,,,0.22421827552780743
1681372,,,,0.07242884138734
1682146,,,,0.192223196229225
1682266,,,,0.1621378728834613
1682677,,,,0.16133576971224403
1683046,,,,1.7116763725258892
1683059,,,,0.08461028396171134
1683182,,,,0.020632681023001635
1689646,,,,0.43220988776547953
1690531,,,,0.09957897755067466
