iso3,year,log_gdp_pc,log_pop,receipts_pct_gdp,log_receipts_per_arrival,arrivals_per_capita,air_pax_per_capita,receipts_growth_pre,capex_pct_gdp,is_integrated_resort
ARE,1995,10.20370974456665,14.705318495829054,0.9613102298378587,,,1.4583133100200356,,,0.0
ARE,1996,10.251435077215191,14.770084640728017,1.0099058116645612,,,1.5643502912729004,,,0.0
ARE,1997,10.239343619009677,14.851328581173806,1.0324854045988798,,,1.6754394993983837,0.12653548592784247,,0.0
ARE,1998,10.122199003818185,14.927506550636092,1.135126514773662,,,1.731240509126861,0.10119029047969796,,0.0
ARE,1999,10.160291692564662,14.999079308173172,1.0574880420191266,,,1.7882069522772288,0.08364672507257787,,0.0
ARE,2000,10.304460201317317,15.06643612518559,1.0188095071479637,,,1.9730748588480282,0.08089348821223333,,0.0
ARE,2001,10.230816994188961,15.130198814647764,1.1615342620413673,,,2.061409822241439,0.09893143959047919,,0.0
ARE,2002,10.231120157575905,15.190952746694137,1.2129369994116757,,,2.4431210773483594,0.11728261131317516,,0.0
ARE,2003,10.297540152664181,15.248797516216648,1.156446120687069,,,2.7692210081105184,0.11784303875673743,,0.0
ARE,2004,10.415612972803766,15.303676931985729,1.0776310385155121,,,3.2319784726325573,0.09899795656411,,0.0
ARE,2005,10.564093819863109,15.355553375173157,1.7816659908085237,,,,0.21518144423621877,,0.0
ARE,2006,10.699701188146388,15.426766816205157,2.2384646175022236,,,,0.3439787992331869,,0.0
ARE,2007,10.733233749204656,15.542666615060494,2.3542535157328,,,,0.4019072704309504,,0.0
ARE,2008,10.820861099326494,15.656482959125732,2.2702302000344883,,,,0.36412684728197997,,0.0
ARE,2009,10.540145499317067,15.71867096272601,2.8996555264225066,,,4.73555335290078,0.2017391770894168,,0.0
ARE,2010,10.70985815892374,15.742651083134474,2.7871260710816803,,,6.542824423139541,0.1281808401679701,,0.0
ARE,2011,10.857495735050453,15.776244292768602,2.4951133705979367,,,7.086019077224924,0.1012195194591623,,0.0
ARE,2012,10.880715801573084,15.815834214190641,2.7811046663796417,,,8.110557863310111,0.10690116511901664,,0.0
ARE,2013,10.882701023522033,15.855825412070285,3.024417676985562,,,8.858909446744722,0.12855511957636062,,0.0
ARE,2014,10.872849382733195,15.90235463316085,3.581952562811602,,,9.381321282868289,0.14443545125389717,,0.0
ARE,2015,10.712423467812927,15.95619264938505,6.698664704523393,7.1890651376572885,2.2707186172472325,9.916662169437489,0.23766141112710565,,0.0
ARE,2016,10.662448540969862,16.005497338863854,7.507495010286819,7.223704955710702,2.338419457207786,10.270019289106607,0.2654178339896859,,0.0
ARE,2017,10.685872517758185,16.037235317453195,7.3644207777367425,7.216948191536587,2.3641405256838035,10.333283097831831,0.23817821232775033,,0.0
ARE,2018,10.760778484296502,16.05053400477963,7.8557971108724605,7.312397252634641,2.470604334085363,10.245148742855902,0.1792148225990889,,0.0
ARE,2019,10.735061185345117,16.061079168222147,8.852495914527184,7.326066373040368,2.6765377361436875,9.951021338088895,0.10013474400392788,,0.0
ARG,1995,8.90349128390783,17.372857192404194,0.9882504769277425,7.0157335971820425,0.06526942385547542,0.18938398096151643,,,0.0
ARG,1996,8.944186589018486,17.385431714196653,1.0931481656698196,7.0371177027777,0.07360520460318051,0.22281483704092098,,,0.0
ARG,1997,9.005378907676848,17.39757819379001,1.076627318948709,7.039430753639637,0.07688928646547433,0.23923027704261438,0.10613051069629442,,0.0
ARG,1998,9.014202868324318,17.409333450110164,1.1215988051443686,7.015006436528581,0.08280899549829186,0.23221984743569793,0.08793966665066044,,0.0
ARG,1999,8.949695203744362,17.420863881826893,1.1198386021592603,6.999042067428301,0.07876138187578302,0.24981599243064528,0.055803997483513966,,0.0
ARG,2000,8.940762084871594,17.432195162583913,1.1241934703535756,7.00153298729857,0.07816953970851387,0.23957733200508713,0.014963934944554325,,0.0
ARG,2001,8.873674627361462,17.443174629859705,1.0256916021500073,6.958361314360544,0.0696348753781579,0.1543866316986192,-0.031741643447761446,,0.0
ARG,2002,7.851544297592585,17.45386876169324,1.7559657047795763,6.411014395097886,0.07415325463499257,0.1489088072477917,-0.14812462120298875,,0.0
ARG,2003,8.10786395256351,17.464200161462887,1.807394545761674,6.646325469261591,0.07794550331480495,0.15709753535537763,-0.12611775077593065,,0.0
ARG,2004,8.352795083460858,17.474340926667512,1.6154703224347353,6.645680240836257,0.08906140460526553,0.17506952560387856,-0.05447878613763315,,0.0
ARG,2005,8.53063315373026,17.484615503886683,1.6146960384027365,6.732679186395581,0.09748375880544427,0.17692514295344272,0.0742688139680446,,0.0
ARG,2006,8.677504334796176,17.49489797994014,1.688186378787881,6.846741173226991,0.10531997093037562,0.1668743579185513,0.19856951298578487,,0.0
ARG,2007,8.87978580854331,17.50480899929081,1.749379579737581,7.005414139231589,0.11400222451776022,0.17584590737636624,0.1949106097590228,,0.0
ARG,2008,9.098750523777706,17.51493788713855,1.4584103957809786,7.022792230814457,0.11626713814722824,0.1520697480129946,0.18180072974933809,,0.0
ARG,2009,9.00580207333754,17.5255356342118,1.3379323184492058,6.941308580610768,0.10544652601793898,0.13938491141965562,0.09511137622841695,,0.0
ARG,2010,9.236020916968927,17.536099267427428,1.3230965956628435,6.714491723324199,0.16469399589146608,0.2185836953785356,0.059068299815083235,,0.0
ARG,2011,9.449694474010554,17.546746668402406,1.142677957479388,6.806579804211362,0.16062530523121368,0.20586398225604122,0.043297905296258675,,0.0
ARG,2012,9.468829251187326,17.55702328204735,1.0375792795005958,6.770721641563712,0.15409712520985563,0.22237398088274102,0.045076751954555405,,0.0
ARG,2013,9.469906554177479,17.566952871944164,0.9418049325841094,6.682882122163238,0.15287986566298256,0.2806619961764205,0.031952631491346396,,0.0
ARG,2014,9.411904302087885,17.577270307731148,1.072542084542767,6.669317415303627,0.16653468241069053,0.28174722977748895,-0.01386911310484642,,0.0
ARG,2015,9.52366288803301,17.58774289660472,0.914839266468353,6.682445356958911,0.15677250313338,0.32764862037897174,-0.021837038708086353,,0.0
ARG,2016,9.44935430502304,17.59743200786053,0.9803915929932896,6.7089824015994655,0.15188957764378583,0.34342247172588497,-0.0026023045845981587,,0.0
ARG,2017,9.58414286362856,17.606244503810657,0.9058021772901181,6.767024308168436,0.15152782997922684,0.3781821916799277,0.019687829182589666,,0.0
ARG,2018,9.371846779892266,17.614474198615387,1.14305880690265,6.761758150213499,0.15545892608113934,0.4049849017628129,0.019069931499727844,,0.0
ARG,2019,9.205928131021869,17.621583207146163,1.2627450268859115,6.638773682310122,0.16451923373037858,0.4327302110255458,0.016984648470030096,,0.0
AUS,1995,9.92716378671199,16.706153501308563,2.8123930978515883,7.931337029044176,0.20694387222310037,1.6013101335515556,,,0.0
AUS,1996,10.001332629975833,16.718292051140782,2.9559970104966697,7.956063653296881,0.2285351576785591,1.650232345905986,,,0.0
AUS,1997,10.072533666642173,16.729112450336746,2.689528058428831,7.907538776192508,0.2343804661522419,1.6801518663833763,0.06182940353077626,,0.0
AUS,1998,9.976553997102842,16.73907979751476,2.5399543416128365,7.799902803350821,0.22394094794896532,1.6222256473489518,-0.007116825692786932,,0.0
AUS,1999,9.940284387097984,16.75001955554418,2.922522005339397,7.847145617008738,0.2370262292725639,1.6786762082437288,0.003511490973645692,,0.0
AUS,2000,9.99465264431981,16.761464284058956,2.7809895496374915,7.762701194657689,0.25913349668570834,1.7120136622368556,-0.007733481966306499,,0.0
AUS,2001,9.890080630567544,16.77430396497169,2.97954394777387,7.755259048975751,0.2519364632426723,1.7368569297132028,0.006142983500419063,,0.0
AUS,2002,9.92010354019407,16.785679352333634,3.0642954626262933,7.827798515208082,0.24831740719899914,2.001598392630805,0.03490453008278749,,0.0
AUS,2003,10.075657330922722,16.797181279665555,3.1975348190800084,8.05723585250381,0.2406603769423019,2.0986250158906334,0.05916125599925692,,0.0
AUS,2004,10.33805990771196,16.80787326088613,2.9289699597097996,8.148364147826822,0.26163009748492955,2.086847546461542,0.11623843765441891,,0.0
AUS,2005,10.44973458326878,16.82004616819137,2.829890191815993,8.184771659406008,0.27254014552523675,2.2132957959133748,0.15027110385113965,,0.0
AUS,2006,10.50940945180179,16.833540676501258,2.722125136596197,8.213132846019136,0.2705006697483141,2.2958218697346617,0.13123247737263205,,0.0
AUS,2007,10.624450455450342,16.851790644454184,2.9213045709844416,8.39699760935447,0.27098628926528434,2.339625570312348,0.11498842891973986,,0.0
AUS,2008,10.815995272272549,16.87182975850661,2.5687604615990938,8.490304291199907,0.26288049728368584,2.4230761357169275,0.10595817713000173,,0.0
AUS,2009,10.667904831130674,16.892438090134338,2.8879702069118105,8.497287826602303,0.253092744937419,2.306277303993384,0.09086418292853544,,0.0
AUS,2010,10.865017272594814,16.907995152754747,2.695202093912741,8.587672579826599,0.2628025463251898,2.752432875282263,0.09128706619584186,,0.0
AUS,2011,11.04770063109858,16.921890425910927,2.445935194138931,8.690492479613905,0.2583255953529862,2.8361791526170963,0.07647315366840104,,0.0
AUS,2012,11.131686132470646,16.939348625917663,2.198517137265347,8.641058488319464,0.2653357066333707,2.9188367897282705,0.06982604938234474,,0.0
AUS,2013,11.134248511532245,16.956560140317556,2.0766699526079284,8.531864429623294,0.28026478060546967,2.9487017734984096,0.049568715205143124,,0.0
AUS,2014,11.047984298610727,16.97147580520884,2.4233103124725663,8.549209117818801,0.29485826314085134,2.9018635565885784,0.023777366224081574,,0.0
AUS,2015,10.950286434437995,16.98586797173483,2.671642392231487,8.490087278501278,0.3127729914286596,2.929936204638941,0.015543518071220319,,0.0
AUS,2016,10.821465741066891,17.001487376715872,3.223785301611766,8.460315019724408,0.34182265261901923,2.994779029988417,0.036665650623140776,,0.0
AUS,2017,10.898913769332923,17.017955654689374,3.304178532753293,8.514921753755925,0.3584413319980801,3.0195002656898087,0.06698808099586984,,0.0
AUS,2018,10.9579768093651,17.032915621793506,3.302317679045535,8.540645210579957,0.37038434646631463,3.031160637555831,0.07550542421384136,,0.0
AUS,2019,10.918623273223073,17.04769052889935,3.429256882443357,8.530270212042463,0.3736358797175082,3.033397455305199,0.07516267733437587,,0.0
AUT,1995,10.315831196893782,15.888465859394945,6.051375603851549,6.7405635480696136,2.160593778929222,0.5366445411194727,,,0.0
AUT,1996,10.297080637068554,15.889816057732432,5.9249192897137855,6.706889518660302,2.147250093824401,0.5928621587314111,,,0.0
AUT,1997,10.187603989256937,15.890949223815662,5.797619971198454,6.603089932650847,2.089221177451271,0.6468214709236562,-0.08429098920430889,,0.0
AUT,1998,10.211430393298334,15.892046507496673,5.847934740054323,6.595176946341842,2.1753113940960453,0.7360731241606115,-0.05351146967398464,,0.0
AUT,1999,10.206503021354347,15.893992139029322,5.710145409980385,6.561745519174669,2.185471960345952,0.757802111125625,-0.042018434682221086,,0.0
AUT,2000,10.10590979141086,15.896396805553787,5.801767347084709,6.450417181600488,2.244505006886294,0.8290357964972142,-0.04044502002912616,,0.0
AUT,2001,10.103587466249586,15.900224799498618,5.858694851051621,6.450736290165729,2.260549323433006,0.8144910910358526,-0.023761942819866277,,0.0
AUT,2002,10.178648899894384,15.90514460414117,5.795038934861309,6.4963621517896115,2.302783843071672,0.874830687666366,-0.012854005533582225,,0.0
AUT,2003,10.376926398604366,15.910015943089439,5.801062048482922,6.675766771615277,2.349095718816764,0.8499471090226429,0.048481392582310434,,0.0
AUT,2004,10.508192805721654,15.916220074362782,5.765507930062348,6.791693430789551,2.370788131032361,0.9323793075007899,0.1104918136684585,,0.0
AUT,2005,10.54947420884318,15.923032746845779,5.8833775004562865,6.830627824641639,2.424941014209216,0.9769150525612528,0.12813081055708225,,0.0
AUT,2006,10.606144566693517,15.927980724596765,,,2.451309713409979,1.062461896701042,0.13428495555391,,0.0
AUT,2007,10.74984845178438,15.931222189949619,,,2.5041326687631478,1.101913486212443,0.0998273016205129,,0.0
AUT,2008,10.850916387173912,15.934352604326234,,,2.6359443061680254,1.098441914771094,,,0.0
AUT,2009,10.775981968134055,15.936972136225297,,,2.5595317357364684,1.0212645489093495,,,0.0
AUT,2010,10.749594833222146,15.939376079220304,,,2.630986139136648,1.6134331188592588,,,0.0
AUT,2011,10.841870354660255,15.94274688763862,,,2.742252023828945,1.6788430661381568,,,0.0
AUT,2012,10.7841595194626,15.94730626236181,,,2.864890365837876,1.7222842886749938,,,0.0
AUT,2013,10.825866803255078,15.95320013490874,,,2.9261223966585153,1.773321683719106,,,0.0
AUT,2014,10.8457378455288,15.961015551233999,,,2.9592729345700084,1.7797630943527276,,,0.0
AUT,2015,10.690016418660566,15.972225476257695,5.380637594548634,6.638656325061028,3.0925524538110145,1.703014417139831,,,0.0
AUT,2016,10.715783488887993,15.983039439244974,5.325291625373401,6.61409303141704,3.218732816675648,1.6853992849447867,,,0.0
AUT,2017,10.76138071065254,15.989985650281024,5.404335359762015,6.63485368181014,3.3486534798374916,1.8381947916048598,0.046759531364569895,,0.0
AUT,2018,10.843379081364967,15.994856369528714,5.615111391294861,6.714982097483945,3.485767411219316,1.463206184341398,0.07232217421922868,,0.0
AUT,2019,10.817495575722523,15.999303105918763,5.852134824030208,6.70082014298193,3.5905728880440364,5.233898728817377,0.0669519332359041,,0.0
BEL,1995,10.254631152112417,16.131684009621324,,,0.548495971760744,0.49334055848530667,,,0.0
BEL,1996,10.221561399764235,16.133637941383707,,,0.5739104390557622,0.5093812056096915,,,0.0
BEL,1997,10.119442852177762,16.13605786023354,,,0.5929530229358001,0.6749763904119781,,,0.0
BEL,1998,10.140078019213412,16.13819313674025,,,0.6056057194113735,0.8574334157142678,,,0.0
BEL,1999,10.136692395147424,16.140485027770545,,,0.6227986551304029,0.9744564544050073,,,0.0
BEL,2000,10.047539692219944,16.142910207332758,,,0.6298744055602975,1.0474936227289355,,,0.0
BEL,2001,10.043904552629174,16.146349718908994,3.507554523898826,7.160102445142708,0.6272255960927695,0.8252514686625376,,,0.0
BEL,2002,10.126878729073042,16.15083240785721,2.940589115707606,7.0305521792125125,0.6503570915295344,0.2266393813478167,,,0.0
BEL,2003,10.330557886723884,16.1550188229379,2.7816680285904933,7.187332849621979,0.6447488674248875,0.2798840377238804,0.03172705917822327,,0.0
BEL,2004,10.475297482883088,16.159346705419193,2.7325563310405534,7.315602049424789,0.6438836760326633,0.31326543351267716,0.07364315750226744,,0.0
BEL,2005,10.513516712793885,16.164847262500082,2.8209965149092757,7.385675466305724,0.6438826803193589,0.3187929284942851,0.08241223117514913,,0.0
BEL,2006,10.563726828862878,16.17144284464989,2.847451264190151,7.4157176223381125,0.6631615332560103,0.3451999903678039,0.10573724976048701,,0.0
BEL,2007,10.699172491117817,16.17878615295755,2.6265487478724756,7.4706304760243665,0.6630151425317862,0.38379532642555314,0.08117160252729683,,0.0
BEL,2008,10.785257188227966,16.18668592141235,,,0.6690026202680436,0.5488888720821238,0.06773826654044406,,0.0
BEL,2009,10.712712760796757,16.194731917138547,2.622189505350544,7.531647526678857,0.6312234908131742,0.4500257629954468,0.03810735030849821,,0.0
BEL,2010,10.696421099611392,16.203868311054865,2.633128179569294,7.47564653929989,0.6595331357120213,0.6909758047203289,0.020156096552366165,,0.0
BEL,2011,10.773961123913315,16.216878340071904,2.6771793837213576,7.54081979118928,0.6789111041373898,0.7826006969936576,0.027728284019904337,,0.0
BEL,2012,10.711617650259736,16.22307997586528,2.749519468908828,7.502571849812514,0.680656008337856,0.8560568584506829,0.03311496080993699,,0.0
BEL,2013,10.757149292085947,16.227793377304945,2.773150630967577,7.545105766270271,0.6885670537869978,0.8532192615611206,0.03446066507111958,,0.0
BEL,2014,10.7788683421922,16.232232670189696,2.834452899230632,7.567053371699158,0.703627432709103,0.939884505895545,0.03982994758633929,,0.0
BEL,2015,10.618733852262814,16.238027132606476,1.9466656237744049,6.9793380513091225,0.7410728002245127,1.0176384196265524,-0.07986223902975383,,0.0
BEL,2016,10.641955787562523,16.24309013263099,1.852103439466884,7.068320690859044,0.6601995760108484,1.107126890164359,-0.1371559550329387,,0.0
BEL,2017,10.692747407539397,16.24694241281471,1.923703601945063,7.04681696845959,0.7371326182897855,1.20234321140858,-0.13735513372493352,,0.0
BEL,2018,10.76821569143367,16.251494259767462,1.9016328804754394,7.0313819861641855,0.798018456900615,1.1936135945450157,-0.07099909916203125,,0.0
BEL,2019,10.75185532779159,16.256898873038445,1.9713956861424724,7.032187819093343,0.8132140538150471,1.2428594183295645,0.049028898246176664,,0.0
BGR,1995,7.72283987322691,15.944464265012698,3.4856068520991474,4.41519920948833,0.9522883888505767,0.10262825647237882,,,0.0
BGR,1996,7.2931994447062145,15.93930696621633,4.399951912451958,4.3748803265873,0.8144376075742817,0.0858800601614813,,,0.0
BGR,1997,7.216326921750471,15.933218992670952,4.5684670182117335,4.227422893636936,0.9074757328741776,0.08682556494966115,-0.12361134071429092,,0.0
BGR,1998,7.506889277829272,15.926545965660289,7.650436628419614,5.391195723024345,0.6346295035380595,0.10024481680886485,0.16113785919228044,,0.0
BGR,1999,7.415171251954506,15.920939483412495,8.681756101318843,5.456078158599395,0.6157875455020227,0.08948162770576268,0.19168744615246958,,0.0
BGR,2000,7.391011484120314,15.916000519246161,10.296927800929415,5.624461886434544,0.6024352975677868,0.06551220708694995,0.2678126060049376,,0.0
BGR,2001,7.479298216266156,15.896094197202334,8.897242289271468,5.51042849705867,0.6372717576988896,0.02921199299500496,0.19554799542315707,,0.0
BGR,2002,7.64639656749357,15.874387209399332,8.485796857551483,5.5223593098012085,0.7098233658846616,0.008012850571782307,0.044575846673134835,,0.0
BGR,2003,7.9082523525473,15.866466073022977,9.699216183837924,5.794942332120475,0.8026672061509439,0.039992144381837576,0.11191778877478206,,0.0
BGR,2004,8.12854404316292,15.858918103510241,10.688449801531732,5.992609694670857,0.9047721482571927,0.0617190152471342,0.1921166244871813,,0.0
BGR,2005,8.268738247395854,15.851388329055306,10.254373262365242,6.041744557079533,0.9507803397113869,0.0853512716850251,0.247084238992257,,0.0
BGR,2006,8.417014332870654,15.843793269899995,9.647407053530129,6.0920463606278,0.9865778575565233,0.1063608288464367,0.21377057448657624,,0.0
BGR,2007,8.680819568262539,15.836440447060081,9.409562505291126,6.293714467112475,1.023943526453023,0.11334535311738189,0.15953168821617184,,0.0
BGR,2008,8.891741865498807,15.829421219614622,8.90545427488263,6.343205270509493,1.1388629335149891,0.14327490960700887,0.14135579579442706,,0.0
BGR,2009,8.852039891062805,15.82297840598915,8.213128269881178,6.296632251441695,1.0575673693787433,0.10721621483299691,0.10461728887393953,,0.0
BGR,2010,8.832631294098634,15.816395651522791,7.51011331877475,6.119465088785546,1.1322950311394655,0.10842123809038322,0.02973271391583552,,0.0
BGR,2011,8.968266542923393,15.809983362317642,7.44917451194366,6.2008562205258455,1.1857119061642323,0.12694969522318547,-0.018781620884458405,,0.0
BGR,2012,8.913595695741964,15.804191156353998,7.320465500712886,6.105443506690563,1.2136786110052604,0.13318873763189362,-0.03931315378200466,,0.0
BGR,2013,8.961414732148791,15.784021237260607,7.9000946703032255,6.173296427894437,1.2837979861745907,0.14151107436377489,0.010630033629966461,,0.0
BGR,2014,8.995910358912711,15.771876143665825,7.914677431292754,6.17415801900332,1.3301624695415555,0.14987434919726553,0.03684134659567988,,0.0
BGR,2015,8.891377567758278,15.75916459247748,7.027978263073781,5.947919805231612,1.3340062784346152,0.1522714402814915,-0.024377911021067077,,0.0
BGR,2016,8.964810463609352,15.746182188315798,7.691144955963518,5.969150280922639,1.5381181029277187,0.15844371574173366,-0.012666639021901816,,0.0
BGR,2017,9.070748794421885,15.732943040140535,7.880593404690503,5.996754085748912,1.704424860967965,0.16654285726044424,0.002612552905632981,,0.0
BGR,2018,9.195215333074866,15.719228428851277,7.656510665260593,6.014206879369012,1.8429998936043075,0.15238798724086167,0.049464315148067685,,0.0
BGR,2019,9.245152346427433,15.705111243643566,7.052857779593047,5.95313572418392,1.897010696831031,0.12586708290474777,0.08054482936941554,,0.0
BHR,1995,9.384371976692565,13.233688270746187,8.915710056284997,5.547514067705482,4.135063224776741,1.919020038326722,,,0.0
BHR,1996,9.400281179983544,13.26002224029209,8.489274195499016,5.6912970754172045,3.464670124365624,2.091873013217333,,,0.0
BHR,1997,9.413662062487576,13.286376689755635,8.006196948510501,5.404062423644941,4.413399760657936,1.976863600485474,-0.012810265162674028,,0.0
BHR,1998,9.360916187598217,13.312722545880751,8.8888142480657,5.373730805837911,4.791333935143393,1.995562477473456,0.0138819437236819,,0.0
BHR,1999,9.402888910422638,13.339068647393193,10.427086629038342,5.477840295386356,5.281897102847233,2.104707168726016,0.06203041036541777,,0.0
BHR,2000,9.562016701507352,13.365438175193898,9.42303346881282,5.396935118070194,6.068239065720174,2.1682873732319923,0.10491198693839934,,0.0
BHR,2001,9.515855043430276,13.401987068137947,9.870550065924947,5.307843408192097,6.635254553042721,1.8902854308681478,0.11664657079175775,,0.0
BHR,2002,9.510553912576082,13.47379881909258,10.26735714523337,5.317588155599819,6.7989298475975755,1.767233408345331,0.1030813215694053,,0.0
BHR,2003,9.580939801924757,13.546999540860071,10.889573572390903,5.517323551596285,6.336026537016181,2.4204707024173433,0.10014717663929673,,0.0
BHR,2004,9.678088291342844,13.621611439094252,11.437123568599997,5.581223627322303,6.879589579734406,2.773380225095024,0.1440252048124478,,0.0
BHR,2005,9.796245589385586,13.697652269476468,10.038372883162577,5.537021153224065,7.102659475125503,,0.16090722673466332,,0.0
BHR,2006,9.866163735121756,13.775130132604673,9.651570398071787,5.5013673990363685,7.589356367604308,,0.14747520158511307,,0.0
BHR,2007,9.947906474580243,13.854053156634507,8.531983433041876,5.466755167740699,7.536839877032026,,0.10319229946040025,,0.0
BHR,2008,10.056187149109963,13.913993879842272,7.49487447374139,5.4083592951768455,7.821505469888427,,0.0641140921325416,,0.0
BHR,2009,9.87638939526007,13.979680873173779,8.165411947217137,5.353637077378923,7.519422274835266,4.425870342790952,0.03873150066469968,,0.0
BHR,2010,9.99055151234288,14.021339472365815,8.069093813405031,5.198352797562597,9.728597208237726,4.907422857807989,0.0393231285351515,,0.0
BHR,2011,10.127941715596766,13.99367347960937,5.903455927851555,5.569600104835346,5.633378520861576,4.678581145592844,0.0018275027614897965,,0.0
BHR,2012,10.182583115817264,14.005274352478658,5.481268471922686,5.3813516068013625,6.6685194927226945,4.848603431538855,-0.024923711511624445,,0.0
BHR,2013,10.203212818045428,14.04120365641932,5.543511850141184,5.321190302421435,7.311734603903156,3.6918937336766704,-0.020860368253587325,,0.0
BHR,2014,10.183079358032531,14.08901408826268,5.501469658043497,5.209634621781887,7.950937270360774,3.9340069163721454,-0.01857553557850018,,0.0
BHR,2015,10.07466622038898,14.130556306683907,8.692230446913676,5.6779430482283875,7.056735570179856,3.87774260356325,0.10289126510032887,,0.0
BHR,2016,10.077440920190279,14.168787936709439,11.866719411269774,5.981024334518221,7.134799814009156,3.6665889363543265,0.20721526900909523,,0.0
BHR,2017,10.117984604438432,14.221719389441638,11.772670117470796,5.953473954485884,7.5770293568251885,3.4577501005918263,0.24397380673889835,,0.0
BHR,2018,10.178251797525215,14.223034212477819,9.689653410908768,5.763014287538755,8.013486874713507,3.9099449068619263,0.18283045540075768,,0.0
BHR,2019,10.213166309019025,14.210087268705758,9.543398211467649,5.854997054538759,7.45472975340959,4.340715050183453,0.05752802262388883,,0.0
BHS,1995,9.339138576878499,12.616395933548695,39.54505686789152,6.037029828311149,10.744341722478199,3.107864698916278,,,0.0
BHS,1996,9.374480747982997,12.632215814624065,39.04128567470213,6.0221652359723565,11.153630153982787,3.1916491438870533,,,0.0
BHS,1997,9.921699369586236,12.647239461837351,22.535042227542338,6.026115479371098,11.083807220235185,2.2633996346139003,0.025517574488247874,,0.0
BHS,1998,9.983566359020896,12.661495489898376,19.975941064388387,6.010546554991831,10.616169046954669,2.222800030440628,0.0032539822934317896,,0.0
BHS,1999,10.087519866767071,12.674869296670801,20.796812023108146,6.082329054114135,11.413767857478083,5.379614159579994,0.029670151137214162,,0.0
BHS,2000,10.124231327032236,12.68798940579867,21.70502707247102,6.03304743190653,12.981919804838885,5.7455895749378545,0.0550075254894498,,0.0
BHS,2001,10.141398478128488,12.7002687623246,20.017240073432614,5.986551709954483,12.759428494735172,4.958848326602325,0.055867574717758474,,0.0
BHS,2002,10.195471095156009,12.711726920893673,19.963608357466818,5.997461057694056,13.286531931703728,4.653826436760812,0.056410947299861645,,0.0
BHS,2003,10.182221892360904,12.723728887416963,19.954701699757273,5.953983721300968,13.68818120601398,4.771338247650602,0.021579781963628263,,0.0
BHS,2004,10.190555439793428,12.736059514480216,20.949080592670143,5.93779137733035,14.727089722233668,2.648757144286631,0.021904459318088952,,0.0
BHS,2005,10.261246545226614,12.74808874933591,21.156544193896018,6.076372506797613,13.896723990531965,2.9660302302453663,0.051364751181899135,,0.0
BHS,2006,10.281402842510598,12.761034764784249,20.320145565418375,6.079233053030573,13.580193756727665,2.9663638320775028,0.046775168803650756,,0.0
BHS,2007,10.310679467480664,12.775169064210813,20.70003409195788,6.169029463790235,13.021673544012181,3.0838696530761265,0.05184772985359487,,0.0
BHS,2008,10.288490819129906,12.788623404748092,20.473114193425804,6.19530602857543,12.269630291522395,3.0405338992516473,0.03097333737756003,,0.0
BHS,2009,10.222410740533752,12.801634560239066,20.286597021025933,6.077533607274837,12.802844464044542,2.698497836333067,-0.0012381340847728239,,0.0
BHS,2010,10.220962638774374,12.814418731897533,21.385215179441666,6.018220426185893,14.300175792836578,2.6339372697141052,0.0006083406247523015,,0.0
BHS,2011,10.206950856717635,12.825920373150478,21.41910242342696,5.955852204994441,15.032456440040997,2.8411277970225624,-0.003580454917186415,,0.0
BHS,2012,10.259483115138643,12.835931190187132,21.762247677325472,5.973201138646877,15.82021418545872,2.792217378323643,0.02218772058156766,,0.0
BHS,2013,10.227118476142115,12.845167465820529,22.004143079434478,5.926221285204518,16.231564336474445,1.5226057057207623,0.03365317932868415,,0.0
BHS,2014,10.279771590058496,12.853955688177228,20.971173613667172,5.912476135789352,16.531606233880375,2.5934305930970236,0.022395213590821327,,0.0
BHS,2015,10.332649832174202,12.861896910978396,21.575319321484084,6.035161984728266,15.861070310837533,2.33563602580538,0.03391698523333488,,0.0
BHS,2016,10.329295544450424,12.868902361136783,26.016547567945192,6.201271353784085,16.144618675187797,2.415832807205164,0.06652594213831087,,0.0
BHS,2017,10.369592597636371,12.875144835232174,23.708714619704505,6.175726310877985,15.713791822989359,2.3598089555296617,0.07741814372083802,,0.0
BHS,2018,10.393365354323315,12.880844529672403,29.29980029955067,6.340712401203099,16.86201514067382,4.660849573801567,0.10943123311105296,,0.0
BHS,2019,10.423481131460248,12.885817920399928,31.257061083076,6.349862144358161,18.369544561981378,4.703986824602521,0.11657550514605539,,0.0
BRA,1995,8.467319606207473,18.90147020269733,0.1410312475992232,6.3006982408925,0.0123102550551914,0.1248714927775746,,,0.0
BRA,1996,8.552392467887495,18.916611278613633,0.08748552151450173,5.631461813076575,0.016236045154207686,0.1340509031927391,,,0.0
BRA,1997,8.575348188155223,18.931476321266967,0.11605444159288048,5.885128897291949,0.017100513802037694,0.14584638210039658,-0.02844368720102608,,0.0
BRA,1998,8.538150249246321,18.946353531077243,0.16185974124063618,5.670439018601076,0.028481968705835917,0.16606264655718292,0.10807948271970033,,0.0
BRA,1999,8.158679880183076,18.96091880779317,0.2865042692679141,5.818303954878694,0.02975386908517829,0.16432676790839618,0.15499185610999433,,0.0
BRA,2000,8.233914241553018,18.974670920624963,0.3004051127030099,5.9151244311703195,0.030531274869154267,0.17979595959923336,0.24629482985837647,,0.0
BRA,2001,8.06346892573438,18.98770447094096,0.3292953374721292,5.9567173660927795,0.027072985996584493,0.19447158281727664,0.15169721809334363,,0.0
BRA,2002,7.957156380963462,19.000118677200774,0.4201686657479926,6.338449364118282,0.02120406792732404,0.20105791324498742,0.09241709580002215,,0.0
BRA,2003,8.036122793882669,19.01192081674905,0.478831675945821,6.471953180609324,0.022881953788662476,0.1792246608576659,0.09682953995580093,,0.0
BRA,2004,8.206262468096886,19.023219958452252,0.5063579184716358,6.560925035594859,0.026243307771764,0.19304101489057,0.14572824979582286,,0.0
BRA,2005,8.48214237215386,19.03417901970491,0.4674564617797199,6.656600812310786,0.02901107310643689,0.2039207333665746,0.20897932792326834,,0.0
BRA,2006,8.688478187012755,19.044762403957908,0.41322592306884764,6.815966895151526,0.026878738358631974,0.21936435389400913,0.196284244658618,,0.0
BRA,2007,8.910544058412217,19.054886086021476,0.37820808899734365,6.957814226520815,0.026655731417147242,0.2401826188084029,0.1663472768053186,,0.0
BRA,2008,9.094742271216118,19.06446593238043,0.36023125203604306,7.098130129362499,0.02652766492430512,0.3086833945884257,0.14157034842944433,,0.0
BRA,2009,9.068622328495866,19.0734222547752,0.3380331157033087,7.067719928674815,0.025000006377552647,0.3537359190600793,0.08918410180774679,,0.0
BRA,2010,9.34165649889954,19.081831087026657,0.24999572794554134,6.975365033323509,0.026644029962138376,0.3852675313316059,0.04397064645045745,,0.0
BRA,2011,9.502758040494353,19.08996922586903,0.2434869883443327,7.066863280996823,0.027820915074703176,0.44990901848989384,0.027280918568832035,,0.0
BRA,2012,9.4352201233821,19.098085210702852,0.26865671369029065,7.06188079429639,0.02883539283239905,0.48128016913133764,0.028417301376276072,,0.0
BRA,2013,9.430189800731833,19.106190327178084,0.27434270485376666,7.062225388752525,0.029287836651602905,0.4816226332129136,0.05529478279906073,,0.0
BRA,2014,9.415319461333581,19.11425346895543,0.3015011466609961,7.048936188452371,0.03213632165673164,0.50180455441848,0.06497980973291248,,0.0
BRA,2015,9.097865343318203,19.12217068669136,0.3470179580602363,6.8994749768949175,0.03126804693392354,0.5059580504788256,0.007485058712007131,,0.0
BRA,2016,9.086621991284124,19.129790413396325,0.36826997832019864,6.917785758215708,0.03221661628057428,0.46325780289448015,-0.008436770107458713,,0.0
BRA,2017,9.218359064350107,19.1370728799965,0.29924667704051294,6.842862569564495,0.03218802692841833,0.470904185320379,-0.030123407097836008,,0.0
BRA,2018,9.137840821689387,19.143907275710756,0.3299018295081421,6.861860782386653,0.0321240502051017,0.4954215416991059,-0.03283194332666817,,0.0
BRA,2019,9.108289181878517,19.15042721917157,0.32707193604546136,6.8715333704412584,0.030623440957511752,0.4960946629030379,-0.008571753992956488,,0.0
BRB,1995,9.043160456787447,12.476248626627266,28.326898407714747,6.51834187988448,3.537641343464141,,,,0.0
BRB,1996,9.106287761569186,12.477183165138188,28.134507782919677,6.543738928185037,3.648716658278812,,,,0.0
BRB,1997,9.161315163932082,12.47759484778243,26.817333333333327,6.517328048238514,3.7729808835635232,,0.032368772958406566,,0.0
BRB,1998,9.281205437414066,12.477762521763632,25.487352629721123,6.557647814807637,3.8828514380648995,,0.040927887946923744,,0.0
BRB,1999,9.327617392236293,12.478071120821616,24.865996294424832,6.652965214410575,3.6073854264676193,,0.03886202526850049,,0.0
BRB,2000,9.365177129013762,12.476340211853106,25.98463801274718,6.603234642167527,4.113514689215952,,0.04483414642264592,,0.0
BRB,2001,9.362161144150097,12.477720605903999,23.833688001309543,6.5558996214793535,3.943983995427265,,0.026791921722945488,,0.0
BRB,2002,9.372497696359837,12.484264831108186,22.37244487365202,6.5231293063822635,3.865257355724821,,-0.007332342738469322,,0.0
BRB,2003,9.398971870985248,12.490409127730858,26.172300981461287,6.647224195596307,4.101198001324423,,0.013535545735615172,,0.0
BRB,2004,9.46392517312821,12.496119419869315,24.473798809696618,6.495590638426586,4.762474840814372,,0.0260350530335721,,0.0
BRB,2005,9.562012236855645,12.501373124090042,23.694200811624558,6.702674433042433,4.134630413909626,,0.0628322903443543,,0.0
BRB,2006,9.656281852999609,12.506184645360484,25.324119084630787,6.876416308789417,4.08145124850927,,0.09337953997732598,,0.0
BRB,2007,9.754722987385618,12.510936266190713,25.621459679152814,6.913615488302232,4.390168381940963,,0.09465898351943522,,0.0
BRB,2008,9.773703017212824,12.516178905983086,25.112670931075133,6.939852628957015,4.271874564562142,,0.09916873509211185,,0.0
BRB,2009,9.698608064971237,12.521332189751941,24.08878139780124,6.837771572635822,4.209789036308519,,0.0465172290498149,,0.0
BRB,2010,9.889552823253979,12.525409622835566,19.17592079073687,6.768118642039132,4.348884440294576,,-0.015861493976400354,,0.0
BRB,2011,9.910772856469046,12.528659641112098,17.68778243660905,6.720196781424723,4.298559783297542,,-0.05382024106059902,,0.0
BRB,2012,9.894007524126168,12.531548933401737,17.260547046336733,6.80165586003424,3.802295098541912,,-0.05679290892466824,,0.0
BRB,2013,9.922529646747162,12.534170630061896,17.455646271716887,6.8196480114718705,3.885977706949021,,-0.02652840613766152,,0.0
BRB,2014,9.924452141361911,12.53662740838735,16.00731481515685,6.737409913234898,3.8764424389613,,-0.026492813751253407,,0.0
BRB,2015,9.924733975897922,12.538931217867246,17.088861103991484,6.716744682087302,4.225957919638697,,-0.006028368049461719,,0.0
BRB,2016,9.918938047360017,12.541108136240386,18.85885624347308,6.771775904718974,4.388443408035823,,0.02318265604180105,,0.0
BRB,2017,9.946104398221374,12.543155410027023,,,4.800639609381413,,0.030996282223128092,,0.0
BRB,2018,9.970127931663168,12.545080949327078,,,4.830590892412481,,0.08145173546842699,,0.0
BRB,2019,9.995585105170548,12.54684633192318,,,3.4351918693346892,,,,0.0
BRN,1995,10.182756451081596,12.581748424827586,,,1.7101941997630454,3.1463452325761088,,,0.0
BRN,1996,10.153944113754248,12.605774511349226,,,2.806125869999598,2.87284260215371,,,0.0
BRN,1997,10.147311679119772,12.629184463843233,,,2.1058423205530867,2.8715436184462617,,,0.0
BRN,1998,9.785224508611378,12.651991680429976,,,3.0859356243097458,2.806792899787122,,,0.0
BRN,1999,9.891020223639849,12.674233953744222,,,3.0274473953620884,2.529656148348053,,,0.0
BRN,2000,9.909979297223941,12.695952428780698,,,3.0144842291008014,2.6454764355562093,,,0.0
BRN,2001,9.81399093871259,12.716933268683679,2.5425859494823717,5.217778504064024,2.519911803086892,3.022520211792587,,,0.0
BRN,2002,9.832060950020757,12.736992030679291,1.7842810874291748,4.842798670223669,2.6198254037794877,3.045569084296043,,,0.0
BRN,2003,9.93682078160585,12.756033401864455,1.7299770215615253,4.8779106784416735,2.7233099755652166,2.7583120093931117,-0.11157177565710619,,0.0
BRN,2004,10.103284467708868,12.77397117948078,2.0999680451713725,,,3.0590658834663698,0.055810948993243056,,0.0
BRN,2005,10.288282850451417,12.790843656805148,1.810906710261223,5.456840593787904,2.270726298075316,2.7235230527477183,0.08888058348082524,,0.0
BRN,2006,10.453768463584346,12.806728918400797,1.7715049044025408,5.5907727177524755,2.2925276213929027,2.8560012943457385,0.18005083287269946,,0.0
BRN,2007,10.49729298687962,12.823614964926072,1.734659682444757,5.582286740175655,2.3646908780094535,2.742254086978561,0.14746627965105433,,0.0
BRN,2008,10.649145789577139,12.842101705556031,1.519484260494498,,,2.847469381380809,0.07796464153007925,,0.0
BRN,2009,10.34001413193378,12.860873930172632,2.132141660245906,,,2.5961028907500157,0.0647413352245458,,0.0
BRN,2010,10.461317619469442,12.879863699097841,,,,3.2199004924400763,0.04149639180814759,,0.0
BRN,2011,10.744684571123354,12.897691158272615,,,,3.2873589407820445,0.04314790672641777,,0.0
BRN,2012,10.757234510925263,12.913016709859948,0.4829790988908472,,,2.5746565834149084,-0.2641091202106628,,0.0
BRN,2013,10.692014556551271,12.926839856924493,0.5305582748443594,,,2.771834767340626,-0.26523160606509594,,0.0
BRN,2014,10.621973683711252,12.940241800613041,0.46204781947253304,,,2.546245950809838,-0.07617036229100904,,0.0
BRN,2015,10.3295761527187,12.953262836540999,1.1368648490943913,,,2.72375725938628,0.12110316901882782,,0.0
BRN,2016,10.19104326556965,12.965859263756226,1.2631284167915242,3.5212486127299854,9.956404187443283,2.7331791263997904,0.13221338403648203,,0.0
BRN,2017,10.240830212301512,12.977966309412354,1.4594124961119221,3.7138206851779407,9.97291876553936,2.7085878938563495,0.18239685293209645,,0.0
BRN,2018,10.34135915280298,12.989540305290165,1.4004664476454234,3.738290863848018,10.326397295630525,2.81961353098376,0.19408695851820176,,0.0
BRN,2019,10.32307161958089,13.00060244037872,,,10.050149091894822,3.2107007319056655,0.09761108891430723,,0.0
BWA,1995,8.057118330855616,14.220199364828584,3.72045898339205,5.623040710680167,0.4243292795209082,0.06665172173606719,,,0.0
BWA,1996,8.057145804075224,14.244636201538945,2.165950052435946,5.075554840195571,0.42710724689012536,0.06771212450697109,,,0.0
BWA,1997,8.069086015164052,14.267662667764384,2.808616326018399,5.2166393355337695,0.4867368967564235,0.07406035919274208,-0.11086205232999014,,0.0
BWA,1998,8.000079974440153,14.28981679271339,3.7365763683066557,5.249261209558842,0.5849776494975727,0.07698056940728695,0.03455049726284613,,0.0
BWA,1999,8.113724876489268,14.311423741952646,4.3579234781991545,5.4382048398144205,0.6327660769173147,0.08775899103347935,0.11453845694699574,,0.0
BWA,2000,8.146364788498854,14.332744802581823,3.921684066520155,5.157980986627163,0.7785942617722141,0.09771715685514688,0.2069682996201106,,0.0
BWA,2001,8.072801552791177,14.353321189164884,4.280815445691531,5.087332540242108,0.8474210017906222,0.09900750706378843,0.12592154591726262,,0.0
BWA,2002,8.044706761555897,14.372129287775842,5.957126359832638,5.385328743537666,0.8511184613612278,0.10261622925291286,0.11698373821157979,,0.0
BWA,2003,8.349986413246745,14.389725542836299,6.110563519185088,5.664059122638354,0.8965296643194709,0.10634576310893061,0.16609668145689901,,0.0
BWA,2004,8.508494038738244,14.407259363211413,6.497372014809172,5.820084648566897,0.9556505119121532,0.11783829308755352,0.2552505556416452,,0.0
BWA,2005,8.59249930209457,14.425209279524665,5.676028557021276,5.8121077123195555,0.9152785756873965,0.12500129084715988,0.23331151599301733,,0.0
BWA,2006,8.573872873511586,14.443861050731172,5.444010204671647,5.795654128528083,0.875959447665424,0.113942479018584,0.12258806656111254,,0.0
BWA,2007,8.617784989129651,14.463242398225077,5.188662291974631,5.631330314825362,1.0281493155351007,0.11909997954165993,0.028064339199896437,,0.0
BWA,2008,8.613062115665285,14.4833245458062,4.759185023513467,5.383923485841379,1.2020697754324425,0.1211208377564783,-0.028783324834368785,,0.0
BWA,2009,8.533643909950154,14.503983330481779,6.558310506510442,,,0.11730454976784234,0.02730130047703625,,0.0
BWA,2010,8.7348388024414,14.525077690234616,3.482555066735455,,,0.14273445965321127,-0.02182773423662212,,0.0
BWA,2011,8.893899769239772,14.544765438198166,3.099139916288634,,,0.20055802501705156,-0.04642073099181836,,0.0
BWA,2012,8.794148707027762,14.561542840313866,3.7073614358707707,,,0.1968731263087436,-0.03294726990869421,,0.0
BWA,2013,8.804912092565065,14.576635027815442,3.3927190966232277,,,0.12659330063970267,-0.04720336675938306,,0.0
BWA,2014,8.870995004655121,14.591179217657663,3.4214412397679714,,,0.09483785779661923,0.04024957158235232,,0.0
BWA,2015,8.722776084536147,14.605454540031442,3.94878357386668,5.7741398537485,0.7534245642732426,0.1028238443443005,0.02899208640753841,,0.0
BWA,2016,8.817158506522029,14.619651557293428,3.3482208305988728,5.68689615155581,0.7660723043383318,0.11383512262526535,0.0056913797524490665,,0.0
BWA,2017,8.868548975195397,14.633856322026672,3.3654440514945874,5.721484046543992,0.7830604827093628,0.09867576752059229,0.017857587298740187,,0.0
BWA,2018,8.91031029594084,14.648046132878132,3.430025604374924,5.765927443995605,0.7959494437270267,0.11022247004424696,0.021170312344959898,,0.0
BWA,2019,8.877952322767554,14.662272417585871,4.259260651720745,,,0.10910374973789526,0.07210492407110039,,0.0
CAN,1995,9.93690466853746,17.193176944597063,1.5142886483145557,5.394877237091178,1.4216284852071908,0.6924743922074952,,,0.0
CAN,1996,9.966320198575012,17.203630062428246,1.5973473368115232,5.450477903862978,1.4608470629969694,0.7718957016797378,,,0.0
CAN,1997,9.994314379155902,17.2135679483429,1.5862892768299781,5.440249130003171,1.5072586898097997,0.8018973349381868,0.06212621264203477,,0.0
CAN,1998,9.953446686286803,17.221867041876138,1.7427463324182546,5.437561748971506,1.5938890484892925,0.8175479543758545,0.05882308670625029,,0.0
CAN,1999,10.013028407574318,17.229995468113298,1.7723685213112157,5.501717813817456,1.6135830569798921,0.8092420827197903,0.06331078944177086,,0.0
CAN,2000,10.097037585729149,17.239308283647823,1.750196733820768,5.590988207976128,1.5850364322439128,1.3611530180315086,0.06616197881893804,,0.0
CAN,2001,10.078368841175534,17.250170278195487,1.715874481776442,5.59451084765924,1.5198485019191121,1.3040231805345146,0.05636624090503126,,0.0
CAN,2002,10.09642175686831,17.26101821102844,1.6754078491131288,5.648467147669834,1.4316692208879442,0.7437380336149529,0.03385625895118274,,0.0
CAN,2003,10.250684562117497,17.270010479128427,1.366323297820113,5.751066336797429,1.2294555723715674,1.134058978535203,0.001237807289824744,,0.0
CAN,2004,10.378029783231764,17.279332348769906,1.4741533624061776,5.965185853053435,1.2162320277022245,1.2743527646477215,0.026310026745601435,,0.0
CAN,2005,10.501883493244543,17.28880321146661,1.3545946109448277,6.085554654688661,1.1214930546208057,1.4027924184588327,0.062340329430877264,,0.0
CAN,2006,10.609176975137109,17.298938805381106,1.2762155386461613,6.223077670702237,1.0251389932201747,1.4346105775124662,0.0818407031077669,,0.0
CAN,2007,10.706835403789789,17.308645347114272,1.2228860591001867,6.382459638359368,0.9235034594969255,1.5842296087498982,0.0874320881122184,,0.0
CAN,2008,10.75172137710787,17.319484058606214,1.1712863388057293,6.49917974845958,0.8232247925831446,1.6157330138527348,0.04902296041309562,,0.0
CAN,2009,10.618272959742951,17.330931135453866,1.1333977370863135,6.447102032224881,0.7343428287346065,1.5635863250830677,0.003776340527857869,,0.0
CAN,2010,10.769764968040738,17.342044655751035,1.1401372128027891,6.5788651693974805,0.7534280372859982,1.8607772667032476,0.0039616370099420095,,0.0
CAN,2011,10.86329980843319,17.351798728260746,1.1149055745074314,6.681675161337796,0.7299524936806225,1.92427230526689,0.022799785219087453,,0.0
CAN,2012,10.871804026620232,17.36263619348411,,,0.7293438167024574,2.0299772117613015,0.04522148857307151,,0.0
CAN,2013,10.871188467089112,17.373170003289644,,,0.717397045100663,2.038902603393627,0.12472209405119195,,0.0
CAN,2014,10.83881383735796,17.38318423175861,,,0.7212832983942628,2.1315252672385947,,,0.0
CAN,2015,10.682680262531703,17.390787233211,,,0.7717515031299418,2.2470082620962772,,,0.0
CAN,2016,10.652875722287135,17.4021026306137,,,0.8347086604526629,2.365121179941637,,,0.0
CAN,2017,10.717296588263514,17.414056988158855,,,0.8504839571405997,2.501130480646161,,,0.0
CAN,2018,10.748050629459296,17.42838924972679,,,0.8435875317147803,2.4682366663052138,,,0.0
CAN,2019,10.744040636274951,17.443006375720604,,,0.8620759549258948,2.4815453143460418,,,0.0
CHE,1995,10.837008457775903,15.76721630860037,3.1701577856604475,7.3991594294087895,0.9865514544248309,1.4002894887956245,,,0.0
CHE,1996,10.796260030755398,15.771632672667433,3.1209677072503537,7.378779932124992,0.9516604565990512,1.48027743801127,,,0.0
CHE,1997,10.64922709479503,15.77404158476899,3.3580013875907317,7.262467792860319,0.9929599856451757,1.7607230227061834,-0.06169573812217877,,0.0
CHE,1998,10.672800079248047,15.77701294242639,3.3195643630740355,7.256970316568359,1.010548381076177,2.0110967635588235,-0.039649981118928326,,0.0
CHE,1999,10.651616855304455,15.781782141739246,3.0257234373120987,7.152196827975281,1.0014010375992914,2.2688998348402176,-0.04913030695194074,,0.0
CHE,2000,10.578931369311794,15.787401687913247,3.20833243287539,7.054591200496685,1.0886313811462573,2.4036041340432197,-0.04419683420051399,,0.0
CHE,2001,10.59996942174949,15.793729400293433,3.2368332632949333,7.138728593851176,1.0311411544410163,2.3395801630295714,-0.02502029428200636,,0.0
CHE,2002,10.671144839923953,15.801294091751814,2.9299435609717377,7.19986840506464,0.94279105962824,1.8251133566230728,-0.017670390274318847,,0.0
CHE,2003,10.81872555083099,15.808713287785537,2.844524107003182,7.375746931501253,0.8897668769904786,1.378674835989258,0.027990853593868437,,0.0
CHE,2004,10.921425008745167,15.815587547387867,2.7424562253797258,,,1.2568046416428438,0.053210461177984315,,0.0
CHE,2005,10.952210305539193,15.8219935627903,2.8065229528054156,7.407368744170473,0.9720167027133505,1.2992429187931074,0.06741562477868683,,0.0
CHE,2006,11.000603612503868,15.828269147523763,2.890727242143272,7.407531914413996,1.0506506337442314,1.422666474610813,0.08192331420460519,,0.0
CHE,2007,11.09865354142182,15.837206057301994,2.992822484309694,7.477466044631742,1.1187748779418991,1.6286936091706696,0.08629981573902548,,0.0
CHE,2008,11.227208629120906,15.849912238040572,3.1348314470096743,7.646323527519988,1.1255708434262701,1.8767477697470145,0.11735858479954012,,0.0
CHE,2009,11.195309201174043,15.86240708435331,3.0200853973028483,7.626788287990381,1.0710461010835592,1.898440965460119,0.1043017786767912,,0.0
CHE,2010,11.263901462858895,15.872822664929897,2.9316412976874617,7.636593091361126,1.102632631254881,2.8303030744510895,0.07747362631482453,,0.0
CHE,2011,11.428569429872612,15.883941454356219,2.8613991661487255,7.799082679646971,1.0785605071939,3.1426711598683483,0.0656080474582886,,0.0
CHE,2012,11.376756992339098,15.894559647644897,2.803337090673991,7.733645542466069,1.0711703004466377,3.29958299931268,0.03656819960378712,,0.0
CHE,2013,11.394718760889281,15.906058445223021,2.815449736845713,7.721667303441916,1.1084950501560942,3.399955447572647,0.04356362529657254,,0.0
CHE,2014,11.413233833625027,15.918259484957348,2.881667388911372,7.754553841496587,1.1183774026704527,3.4099842354947683,0.0327229282685952,,0.0
CHE,2015,11.353520060500575,15.929642856482122,2.8518873216743064,7.6799112761783395,1.1234671706110164,3.2613463543641235,0.0022379837791788757,,0.0
CHE,2016,11.331792135869636,15.940563168220848,2.83234750608447,7.550782340041559,1.24227637771221,3.0883642819625816,0.0017912718327114164,,0.0
CHE,2017,11.333921382605585,15.949894727108234,2.886676364021856,7.513327488276394,1.317227964561563,3.162929019006512,-0.0060355853116771385,,0.0
CHE,2018,11.373690273475026,15.95726106685996,2.874589914072349,7.5053105499147925,1.3759158237836475,3.3893444803460144,0.0006775925036539121,,0.0
CHE,2019,11.360624392917453,15.964394203544403,2.8866702618892695,7.494817738949642,1.378147419093021,3.538036542247017,0.018135691768326013,,0.0
CHL,1995,8.533355529747373,16.491545771536636,1.606601409741431,,,0.22008096297605192,,,0.0
CHL,1996,8.581763784657701,16.5056714282507,1.5384791778954354,,,0.24581842624897465,,,0.0
CHL,1997,8.655555620998927,16.519046183689326,1.6339828253831044,,,0.3087239494914225,0.08329998338966682,,0.0
CHL,1998,8.597818653496402,16.532044602611325,1.7453345690673705,,,0.34041964729965013,0.07107542957185445,,0.0
CHL,1999,8.503815267736327,16.54462487792919,1.6446435762983789,,,0.33863790105992353,0.02624629528477378,,0.0
CHL,2000,8.527735912645484,16.556585070523898,1.5049830885898843,,,0.333784689848542,-0.01699123549811361,,0.0
CHL,2001,8.425866034541322,16.568142014702005,1.6542148909724885,,,0.338923372700158,-0.053028234080519,,0.0
CHL,2002,8.396346134041393,16.579179933329215,1.7377308460933165,,,0.31446276861569217,-0.0366035886958251,,0.0
CHL,2003,8.4708144901252,16.589645084832224,1.7112771017674018,,,0.3274176723608577,0.013847492237170656,,0.0
CHL,2004,8.719414024520908,16.599738901224576,1.5856516467964636,,,0.33753285441532577,0.06744564259024521,,0.0
CHL,2005,8.920031293294631,16.609663712453198,1.314862619019291,,,0.36326996427500574,0.08642274327348431,,0.0
CHL,2006,9.139773750611521,16.6194280563793,1.2044706348576826,,,0.36444230018483637,0.10399991881783244,,0.0
CHL,2007,9.24439524768095,16.629216091261643,1.2893420640285125,,,0.431330597859915,0.12251813669508885,,0.0
CHL,2008,9.27642946010548,16.6392074699608,1.379140939301097,6.504576808496858,0.2205001868283296,0.4763908021075851,0.12382148965039193,,0.0
CHL,2009,9.220172053882786,16.649296150020074,1.3855100052776952,6.4782126274982765,0.21499458163094995,0.4760400972831375,0.1076074391259656,,0.0
CHL,2010,9.444057463664139,16.659341686256464,1.088222456021528,6.490784501644623,0.20859689255816619,0.5394782423663083,0.055319865223894024,,0.0
CHL,2011,9.581034086978912,16.669207727467665,1.0832095311227143,6.532488178465462,0.2283910802189235,0.6310499719452995,0.03557006876720763,,0.0
CHL,2012,9.631803952522096,16.67880335682004,1.1826617629228704,6.576771704616914,0.25098294040927516,0.7359306138624894,0.06171881482558135,,0.0
CHL,2013,9.660367584428585,16.688340803649076,1.1431351627122717,6.567326380573928,0.25199290371699995,0.7805890380768797,0.08643232138039351,,0.0
CHL,2014,9.58394850722071,16.698308988250883,1.233621487291614,6.545257222383328,0.2575542866611118,0.8031648221484371,0.07608465754632902,,0.0
CHL,2015,9.505538153004627,16.708524655138525,1.4072984089080764,6.432672250534731,0.3040289234733102,0.831508965861159,0.04649655306166913,,0.0
CHL,2016,9.52148396138076,16.72061880950501,1.501534838541743,6.324012868432578,0.36743410505626445,0.8957266680027575,0.041368291963701155,,0.0
CHL,2017,9.6077671674219,16.73645829208297,1.4901091876263923,6.29148651842719,0.41063926959338254,0.9518346700887145,0.06775626211864676,,0.0
CHL,2018,9.658831818775822,16.754312150568744,1.3219198997152561,6.38402428354308,0.34949098857890126,1.0330274541764808,0.058737516689731,,0.0
CHL,2019,9.581692496681738,16.770303330094343,1.1781892123506075,6.40317049779194,0.28289782382763307,1.1041796890301276,-0.003588172637581266,,0.0
CHN,1995,6.417843230374998,20.909625064698353,,,0.03850006847296978,0.03947736449614269,,,0.0
CHN,1996,6.569954503179752,20.920106479839568,,,0.041992525974292635,0.0425198965134902,,,0.0
CHN,1997,6.667902335734217,20.930340980081557,1.3046709808912433,5.390199246263462,0.046816657520882876,0.042499034611710666,,,0.0
CHN,1998,6.7275459082687235,20.93993648414454,1.2755341346246818,5.339473279286633,0.051112175757990555,0.04286375695990531,,,0.0
CHN,1999,6.781224029875666,20.94859499807447,1.3594322048087626,5.3285443914675135,0.05810965607251334,0.044584928177148396,0.08634597058905058,,0.0
CHN,2000,6.876470487184391,20.95647456400401,1.4151526353340165,5.3353259538257065,0.06608666727385766,0.04901758372305755,0.10740034608838159,,0.0
CHN,2001,6.971111203388879,20.963738370382394,1.4026189504205293,5.363727571290196,0.06998702677202501,0.05712989188976687,0.10873281112327433,,0.0
CHN,2002,7.059239186187986,20.970438366059984,1.4593692830456761,5.402972890529282,0.07646672914714152,0.06534817088409872,0.12299735662687183,,0.0
CHN,2003,7.1754686377216155,20.976666975421317,1.1109307696375226,5.318545165737263,0.07114405464141571,0.06678100124185035,0.06683947792426607,,0.0
CHN,2004,7.333628884507647,20.98260630357244,1.3988029553730152,5.539474837797083,0.08412939066026272,0.09242445383176127,0.09274822288106747,,0.0
CHN,2005,7.483044715755225,20.98848755346801,,,0.09226827846470101,0.10487038858037002,0.09856357676439628,,0.0
CHN,2006,7.6635283574671105,20.99407129714174,,,0.09530136840017696,0.12052703314976125,0.12208506518015838,,0.0
CHN,2007,7.913786928808854,20.999294015805663,,,0.10006411788585498,0.13932409276985472,,,0.0
CHN,2008,8.167193921400939,21.004417885122038,,,0.09815914332411081,0.14418940780807077,,,0.0
CHN,2009,8.268281626069202,21.009391699130887,,,0.09500473235881796,0.1720641339783363,,,0.0
CHN,2010,8.440149178531815,21.01422129601767,,,0.09999364583372268,0.1990670738316744,,,0.0
CHN,2011,8.64888093451629,21.019685871966473,,,0.10068362533316977,0.21721379592352616,,,0.0
CHN,2012,8.764843179807412,21.026469326554942,,,0.09777431527333683,0.23517816849925047,,,0.0
CHN,2013,8.874452890423676,21.033130056331842,,,0.0946847216924386,0.2587917725418855,,,0.0
CHN,2014,8.959448622548953,21.03943332022726,,,0.09366772119604042,0.2849261469829283,,,0.0
CHN,2015,9.008876710627593,21.045247881693836,,,0.09698085313002769,0.31610740872262405,,,0.0
CHN,2016,9.018558437778537,21.050978390754533,,,0.10215810749464976,0.35160973706396503,,,0.0
CHN,2017,9.102719139166226,21.05703084088936,,,0.10976819472645688,0.39480632209222793,,,0.0
CHN,2018,9.218870270223324,21.061707561423983,,,0.11306709629587385,0.43588342268100033,,,0.0
CHN,2019,9.244055665042037,21.06525497032569,,,0.1154598311483969,0.4685714174086926,,,0.0
COL,1995,7.856964508044994,17.393588666356276,0.9588434617423549,6.428074833463545,0.040022721063530775,0.21961665215552098,,,0.0
COL,1996,7.887824453432262,17.41180161236763,1.4018098683953208,7.50305911392746,0.02059636486501496,0.22878420151856368,,,0.0
COL,1997,7.963210012796103,17.42969741906701,1.2328952395464923,7.45866383795163,0.020419626558434385,0.2475381352015801,0.1968734811511439,,0.0
COL,1998,7.865138689862744,17.447612363973082,1.2352232866475068,7.29812114083118,0.02177700060316735,0.2458102096029693,0.09113136985520143,,0.0
COL,1999,7.714779707759222,17.464995721861303,1.4283035916503286,7.437165750311916,0.018853272211631595,0.22413810185723454,0.054208686356640355,,0.0
COL,2000,7.845810442124553,17.481375549356354,1.3146423175590198,7.5267944873883605,0.018086497664590584,0.21920563999928985,-0.013928904324074055,,0.0
COL,2001,7.81318356365622,17.497095018195374,1.51017343861174,7.54007953126219,0.019844236843283566,0.2418677536741932,0.031720860682881026,,0.0
COL,2002,7.79520598569153,17.51247424642019,1.2629432178886606,7.5344458115229385,0.016391946569693797,0.2337241113878647,0.0220484835686225,,0.0
COL,2003,7.745843224117564,17.527555337007097,1.2583870126504986,7.486015674800791,0.016317585552331582,0.22333070794455606,-0.012569261556861378,,0.0
COL,2004,7.943985636424233,17.54224370956042,1.310930326406445,7.510639047166075,0.02021992976896251,0.21252816738520033,0.00931577986543708,,0.0
COL,2005,8.147886258428821,17.55624635167605,1.2987590121544674,7.564043888075232,0.023285635442797485,0.2369965926302934,0.07019187406698642,,0.0
COL,2006,8.24008267257333,17.569500650775314,1.464835068251385,7.0306144676703815,0.049096902763115596,0.24867852969018073,0.17627142227765374,,0.0
COL,2007,8.470086100993976,17.582169560738237,1.2684894648214944,7.001881145072364,0.055070646549744195,0.2690064390330011,0.20080658605514615,,0.0
COL,2008,8.620081186310895,17.59420347621888,1.223071850199559,7.060838872695391,0.05815971952435267,0.2819707977420226,0.16419083692717962,,0.0
COL,2009,8.566168657337228,17.60585261322832,1.3249097572122936,7.058502665677688,0.05983527883070526,0.27365955027406885,0.1199971903187027,,0.0
COL,2010,8.763786959626445,17.617212296864682,1.2122226073411033,7.621557739330349,0.037987982263967164,0.37814758404807575,0.09275408006203278,,0.0
COL,2011,8.90936960389555,17.62792566963131,1.1466830825263359,7.396522762556565,0.052055238473752784,0.41468614315081653,0.09259771615838268,,0.0
COL,2012,9.00068030633393,17.637954747896842,1.1893998772410497,7.501867190792602,0.05324197471290567,0.481506481988999,0.10136704776984011,,0.0
COL,2013,9.021489854600407,17.647441841184357,1.2612089748814228,7.526735200022481,0.05622775590974299,0.5834954223889693,0.11339028139592848,,0.0
COL,2014,9.010328245586578,17.65636895682362,1.296031055717436,7.45240568943977,0.061547806206187855,0.6158036039998687,0.09319316204977782,,0.0
COL,2015,8.740099099350715,17.66501838059125,1.7993653451789011,7.35666131645501,0.07176930607107439,0.6580745685432002,0.0750685282209865,,0.0
COL,2016,8.692799334152474,17.67492386608452,1.991722553259967,7.334489192589818,0.07747033613398611,0.6801085604995473,0.05808273158599597,,0.0
COL,2017,8.776403612810219,17.689438638701436,1.8915122027732552,7.2823408577141935,0.08426987652343876,0.6753411589908708,0.053515212113435594,,0.0
COL,2018,8.827170104063562,17.707830017187547,1.9913331788151536,7.322201240630539,0.08968991298528194,0.687494233746355,0.07062687952630711,,0.0
COL,2019,8.77532473350093,17.725691567959988,2.1001034805404935,7.311379511786738,0.09078707545495976,0.7420023669559089,0.06679842551042121,,0.0
CRI,1995,8.094150270317742,15.078273643909364,6.589746372224817,6.71630123862491,0.2613731254115778,0.2462112211669235,,,0.0
CRI,1996,8.079297041276536,15.101711894691956,6.8245505592223825,6.742730082508302,0.2597393267169806,0.25363268935480476,,,0.0
CRI,1997,8.133815191134245,15.12430570315796,6.817495931113431,6.744016163981007,0.27365723580257884,0.26784911085711444,0.05983717898154772,,0.0
CRI,1998,8.193526732143052,15.145985079542003,7.585359410031163,6.790614710421415,0.30849853998505883,0.309159419462319,0.09994568077814706,,0.0
CRI,1999,8.213642285094862,15.166721893881352,8.8110261785746,6.899035445689142,0.32805977886129856,0.27324505495842805,0.1261055016422997,,0.0
CRI,2000,8.246107005410183,15.18611725868665,10.850141142829552,7.150425252646702,0.32455172879665206,0.2229281828988666,0.18084888174042532,,0.0
CRI,2001,8.290325182863981,15.204039171282828,9.263794672506702,7.022165630159881,0.32926351982203805,0.18406204921142635,0.1536400499897425,,0.0
CRI,2002,8.310837566419599,15.220554295828235,8.619430882933045,6.975798886077655,0.32755069368366946,0.1656513413016889,0.08034682481380777,,0.0
CRI,2003,8.336426074894513,15.235912582850624,9.107351907470104,6.945984748043021,0.365807928125749,0.1811848600941726,0.03191136813880853,,0.0
CRI,2004,8.396383216251424,15.25061365450972,9.43011233503317,6.89867977709927,0.421658835859715,0.21461553809238781,0.02099475908959576,,0.0
CRI,2005,8.455957413867742,15.26507075570225,10.019638881070982,6.932460341849216,0.45972533816447797,0.22369474613023438,0.08156881860770185,,0.0
CRI,2006,8.567239026473445,15.279076097308,9.095095114919758,6.905338067266137,0.47924949205570494,0.21825244021530357,0.09814335212527751,,0.0
CRI,2007,8.72220731233725,15.292615901754287,9.127868033550357,6.971696314971166,0.5255410195952376,0.23219096270348163,0.1052614958204778,,0.0
CRI,2008,8.844659657056912,15.306177546941482,9.126106120987403,7.062083847273797,0.5425607244593311,0.23055227231368253,0.11427230144723736,,0.0
CRI,2009,8.829474937779946,15.319541509217528,7.207508607862182,6.866644517494816,0.5131349433784813,0.2072498478262657,0.05050550553380582,,0.0
CRI,2010,9.019880372411336,15.331947262864734,6.44208469527837,6.879710360300513,0.5476340671849326,0.37267516476803364,0.021924330224513965,,0.0
CRI,2011,9.135227859385596,15.343702188720139,6.1876479611469115,6.954167320746602,0.5479591126186133,0.39687228302678856,0.0003362957405553146,,0.0
CRI,2012,9.222960315992161,15.355369855968943,5.871062470854574,6.994733872848515,0.545033441725376,0.37953182406675995,0.015012424622621978,,0.0
CRI,2013,9.287601384736782,15.36650271063707,6.223789235531219,7.090644641223352,0.5599910265731751,0.31784335814808146,0.08503724094541312,,0.0
CRI,2014,9.29757236274382,15.377252697164666,6.030789267066751,7.03579152846162,0.5789660379780744,0.29942906816465037,0.06950441672368157,,0.0
CRI,2015,9.368600648303646,15.38787734921593,6.038065229454134,7.069515038009688,0.6016972053769605,0.31671024595488867,0.06294902491235099,,0.0
CRI,2016,9.400219147265027,15.397987877884749,6.416637624913794,7.0720204980592785,0.6583113451043128,0.3231160152521123,0.06895495767100854,,0.0
CRI,2017,9.418743030458435,15.407431337369328,6.209923370020611,7.058850493131049,0.6576192960278044,0.37101858939745097,0.05250781299448341,,0.0
CRI,2018,9.443039778895605,15.416476282553363,6.509741779014313,7.114280984330653,0.6682375190053366,0.3933280729546748,0.06199870909396665,,0.0
CRI,2019,9.468994596763809,15.424859066401956,6.612769483062403,7.148450373381014,0.6732601894609378,0.40666555590069753,0.053230374278386706,,0.0
CYP,1995,9.35132570009674,13.667816489290368,20.31628239330205,6.797621436871432,2.611583468085476,1.4128979535061639,,,0.0
CYP,1996,9.339035011090013,13.688006677620757,19.024567943407998,6.815406655734719,2.3730815981097138,1.3792045803087618,,,0.0
CYP,1997,9.272134155643103,13.707444162491184,19.379934786997758,6.737409453821847,2.4443830439587866,1.423958964668972,-0.0433741413233264,,0.0
CYP,1998,9.324223546978471,13.726185233133823,18.717679234323516,6.701806903044698,2.577229407313777,1.4722026618613786,-0.018101903660280173,,0.0
CYP,1999,9.330175895268809,13.744265867320253,20.146872649400443,6.709796186963382,2.768369711586991,1.435407212365528,0.010095637500721821,,0.0
CYP,2000,9.262676205181307,13.761758453706085,21.400287154751727,6.598318124984708,3.0728093307037176,1.473171483231979,0.0363806509825487,,0.0
CYP,2001,9.285891286866244,13.77897830765396,21.186972672862975,6.653419243930292,2.9467072284045566,1.5593661415975282,0.04568407905753631,,0.0
CYP,2002,9.36187592013323,13.796776159908024,19.07142167937839,6.771873574289424,2.5421829149005544,1.7370190740136942,0.029469680831039114,,0.0
CYP,2003,9.58557280431753,13.815100473891293,15.982314765596604,6.869362037948888,2.4169909662961815,1.8837533388689363,0.02083345012559157,,0.0
CYP,2004,9.741931888171994,13.833227678769433,14.733942142863379,6.93718086125773,2.43448360555078,1.9778990544025543,0.04088487495101809,,0.0
CYP,2005,9.786407308067172,13.851023444076397,14.343518859783458,6.902850534193901,2.564298060803879,1.8535097683638775,0.05234160493102422,,0.0
CYP,2006,9.854129745329505,13.86849951390485,13.41125107204276,6.93143895643914,2.4933185890225698,1.8438019836535415,0.05523332803380789,,0.0
CYP,2007,10.014313335323326,13.885702443679621,12.962724263389108,7.058959975265224,2.4899460620444964,1.9312211829061614,0.06332850404653918,,0.0
CYP,2008,10.151353892581206,13.902629095878634,11.560038285503477,7.1134924175828305,2.4114915684869103,1.935063875654659,0.06338122587740855,,0.0
CYP,2009,10.063910404727807,13.919303746005614,9.505458637609077,6.951509678657446,2.1363457310493965,1.75229837448428,0.005151678311992569,,0.0
CYP,2010,10.03784444224744,13.935793577167159,8.282964865582954,6.771070230762512,2.1723401689637316,1.40415369173695,-0.06887817693240379,,0.0
CYP,2011,10.09036775250406,13.952218275722862,9.416981676344676,6.898958129113961,2.2904631777080193,1.10172238295393,-0.07676841731188055,,0.0
CYP,2012,9.975464828688123,13.968572359464355,10.392282473219588,6.89553672300124,2.261032077480893,1.1034660291728913,-0.03828527581027643,,0.0
CYP,2013,9.915319054992494,13.984320408061135,12.2288630690169,7.017295926130509,2.2181021120960898,1.0230704581065044,0.053397778608866985,,0.0
CYP,2014,9.86920257383928,13.999331822966823,12.589387133209614,7.041482117713018,2.128472184662852,0.5727803521548077,0.0745436928117588,,0.0
CYP,2015,9.700498105733987,14.013953136653168,12.685871582799873,6.811808471143215,2.2796190576153217,0.01919226044729734,0.005596690357749523,,0.0
CYP,2016,9.74170764846762,14.028290188908962,13.636502646593506,6.77239628913859,2.6561863436778563,0.18159471414067602,0.004679650435285154,,0.0
CYP,2017,9.814366615467051,14.042068274378272,14.267919308145983,6.772011917948761,2.9897749696039546,0.5673030236590859,0.020337959972393092,,0.0
CYP,2018,9.916748632950616,14.055107605077792,13.392088455974521,6.753563180139403,3.1666662731942172,0.31588597797970785,0.058977194321966665,,0.0
CYP,2019,9.921328963990165,14.06756882064288,12.387074977318953,6.669745886350423,3.199730156349214,0.3073326436983502,0.06849947647680317,,0.0
CZE,1995,8.676807990954298,16.150296881239864,,,,0.12438932211692694,,,0.0
CZE,1996,8.790755512399974,16.149133068247515,,,,0.13510106065384223,,,0.0
CZE,1997,8.711012993227559,16.148055440754774,,,,0.14050675403874427,,,0.0
CZE,1998,8.7836408548062,16.1471079932382,,,,0.15550242836547695,,,0.0
CZE,1999,8.760550439678452,16.146086233895247,,,,0.18014636527529546,,,0.0
CZE,2000,8.709947063290947,16.14328209281446,,,,0.21737711411426727,,,0.0
CZE,2001,8.805236440906985,16.1395248957711,,,,0.2511409612097169,,,0.0
CZE,2002,8.99977490706329,16.137595879595455,4.0867777076879515,,,0.2754551474190824,,,0.0
CZE,2003,9.19547612230064,16.137309673688264,4.051339211498547,5.310034802171361,1.9725332494669903,0.3326932181073608,,,0.0
CZE,2004,9.374375298516519,16.13761402217129,4.104108353679702,5.333275427573445,2.334781228507985,0.4137919198799737,0.18942511525413863,,0.0
CZE,2005,9.506175985914878,16.13899728197176,4.205029866263962,5.452069650347057,2.423511558270827,0.4608879099217958,0.18011257307561798,,0.0
CZE,2006,9.632929937105505,16.14170523826408,4.289657259595053,5.587213744059001,2.4516293490368355,0.4806764004549315,0.17210501970548897,,0.0
CZE,2007,9.82296344840931,16.147540660317933,4.105962515450662,5.843208064530772,2.1968519136352214,0.47282914133530535,0.1609086194303277,,0.0
CZE,2008,10.033405747625574,16.155834786347864,3.9017993919105596,6.045796697752045,2.1040765833802215,0.47906299354919973,0.15548907003620335,,0.0
CZE,2009,9.894316707779321,16.161532080862045,3.9444971429512816,5.859680147495395,2.229523428714998,0.4833771482322374,0.10132675590683285,,0.0
CZE,2010,9.911477324516751,16.16444569760385,3.82064257149601,5.907303866414289,2.0947241897156976,0.49121497058068186,0.041622523136666346,,0.0
CZE,2011,10.001027430118922,16.166513174277203,3.8586285153139,5.969972637574248,2.173190621115219,0.46710888856876964,0.01354795192880225,,0.0
CZE,2012,9.904189076486473,16.167912430834612,3.8856601833825244,5.760279037014477,2.4498645914648622,0.34201841251628684,-0.015288576039803204,,0.0
CZE,2013,9.916428234558763,16.168244130295115,3.6577976247444015,5.690067915716741,2.5044054405288354,0.49329863256343376,-0.008022059216460774,,0.0
CZE,2014,9.905406526029457,16.16929690611039,3.610048650168532,5.635777745542144,2.5810075430292225,0.47599333304640695,-0.025215275281149373,,0.0
CZE,2015,9.794319729778334,16.171262793595115,3.5778553974547087,5.431755862005434,2.807114961143305,0.3203118814336237,-0.06259823762415628,,0.0
CZE,2016,9.839160671497721,16.173183277753544,3.553177520064923,5.377680950619827,3.0776053601192923,0.3831658895442619,-0.04396038551918977,,0.0
CZE,2017,9.948135704318435,16.175839704389034,3.4730437870124087,5.401557541291606,3.275397902182258,0.5144842038813197,-0.010329205052208934,,0.0
CZE,2018,10.07348063255074,16.17918397701203,3.2870044055880383,5.431024690814454,3.4118763551361777,0.8326764772066189,0.02970938242439729,,0.0
CZE,2019,10.088418992342877,16.18312186565405,3.1024842928243044,5.366700766105607,3.4859869919704796,0.5103288552053201,0.04892508961585627,,0.0
DEU,1995,10.365561227007598,18.218295870125615,0.9275938113509439,7.390217183241386,0.18177466061231065,0.4245950971577419,,,0.0
DEU,1996,10.32874839591791,18.22119061912017,0.9567631185962565,7.363434506810051,0.18561962241001267,0.48975746528732994,,,0.0
DEU,1997,10.205329765797662,18.222653751935788,1.1042050041175704,7.3440794220232295,0.19305228510968842,0.5583547005939713,0.009206694326787002,,0.0
DEU,1998,10.218150254441172,18.22280518844434,1.1480761208716745,7.354335476562096,0.20123783634528883,0.6006274803178829,0.023241145099107997,,0.0
DEU,1999,10.202313263765346,18.223451534223393,1.1440129871634568,7.299612600790579,0.20847684945341757,0.665683778792226,0.017652605700422087,,0.0
DEU,2000,10.082714993745883,18.224805850227323,1.2680856495175143,7.180804658884381,0.23090441304154158,0.7050456366765587,0.011177724831914659,,0.0
DEU,2001,10.080728062110056,18.226488103840698,1.229771539312135,7.210744268811846,0.21689151508031124,0.6847530826530808,-0.0060142926916263665,,0.0
DEU,2002,10.145907875295809,18.228169387034765,1.270815509073415,7.304407294953803,0.21783643888762913,0.7502825454628551,0.0023123622161698165,,0.0
DEU,2003,10.33237950504517,18.22872302007064,1.1886541026751816,7.400947126749492,0.22292583377823993,0.8807639153021894,0.04159411306379326,,0.0
DEU,2004,10.450647108856282,18.228505922794138,1.2767511533171931,7.500232058669645,0.24403675105973052,0.9949512617270826,0.09767645620735159,,0.0
DEU,2005,10.465512902419162,18.227938140175787,1.4003627359385395,7.5414486636692795,0.26070268808237795,1.1008789172791826,0.1342011161805207,,0.0
DEU,2006,10.518141563712831,18.22681016519934,1.4955805101864188,7.566853128326867,0.2861133213908426,1.2096577697915147,0.13637183000674433,,0.0
DEU,2007,10.653745464215234,18.22547297947333,1.4155912063950111,7.610641539393202,0.296852765064199,1.2897341212518767,0.12096774704288649,,0.0
DEU,2008,10.744605602785109,18.223571551026374,1.4022906352206717,7.671378450777681,0.30305651691045987,1.3145957433225295,0.09622083582044602,,0.0
DEU,2009,10.656597650446685,18.22103771692474,1.3654845041465797,7.581285199044598,0.2957181657898843,1.2624398357911946,0.047674273660263465,,0.0
DEU,2010,10.654832096152019,18.219505732455367,1.4166331591522563,7.510743639832576,0.32863791780884904,1.1901979480124663,0.011268839732983694,,0.0
DEU,2011,10.771238588826478,18.200968586167797,1.3982984186413052,7.541309280300963,0.35346005616718723,1.3334512421034332,0.007773176067490084,,0.0
DEU,2012,10.708131740149913,18.20284586417347,1.43545782503495,7.436976315467405,0.378124821924421,1.3177170039824646,0.005067302223185521,,0.0
DEU,2013,10.762293977856173,18.205574866320283,1.4574639654992636,7.47247091783855,0.3911558478605251,1.352365346081538,0.03606847312389298,,0.0
DEU,2014,10.798750729250589,18.209743639911967,1.4810318901539865,7.4840754351391094,0.40748309820022843,1.3873750327978267,0.03943286361420455,,0.0
DEU,2015,10.643750994955074,18.21840066635147,1.4793438507428636,7.278579011656208,0.42809953273737844,1.4350313786429456,0.0021346091661836653,,0.0
DEU,2016,10.667767205180603,18.22647285173721,1.4768768031354165,7.292408109500935,0.431761683968444,1.4173099385492194,-0.006740004832855462,,0.0
DEU,2017,10.726652268871366,18.230210097336165,1.4806054131432183,7.305572576245723,0.4531013597613908,1.3811374987929033,-0.010757044295764118,,0.0
DEU,2018,10.797863268279755,18.233215364356088,1.4658359993624939,7.332317916997751,0.46897814678353794,1.324349153045924,0.012010497320627422,,0.0
DEU,2019,10.771768010581992,18.235470563098215,1.474079566150767,7.296697263732455,0.47612937423027474,1.319410791096844,0.04123787916997159,,0.0
DNK,1995,10.472235743626156,15.470566561239536,1.9967705332874675,,,1.087119148587345,,,0.0
DNK,1996,10.480718361158914,15.476225824658881,1.8241833148983841,,,1.119497844795646,,,0.0
DNK,1997,10.397570162397692,15.480381474352196,1.8217358115375288,,,1.1800209309722571,-0.07829601053211732,,0.0
DNK,1998,10.414707751344018,15.484013099588203,1.829519147137497,,,1.1211075560794153,-0.04750134226457341,,0.0
DNK,1999,10.41709644265258,15.48732196205007,2.0788393874895283,,,1.0837876439903122,-0.0051513134044125055,,0.0
DNK,2000,10.332735109039133,15.490664298238363,2.2378167383147796,,,1.1091851923434195,0.030013383686167572,,0.0
DNK,2001,10.334245988610062,15.494247455027917,2.4278028206813307,,,1.190959215926452,0.06016034593720683,,0.0
DNK,2002,10.412025429162613,15.497442326281327,2.679706906756307,,,1.176062713602537,0.08640542644549817,,0.0
DNK,2003,10.609528684930766,15.500162430721643,2.4132273599806986,5.519802267622969,3.917764601691768,1.0919128463870453,0.09751309832025612,,0.0
DNK,2004,10.749893231433708,15.502746753542171,2.2429803676515934,5.546270752467931,4.08065614671267,1.189503865558533,0.11382667384778031,,0.0
DNK,2005,10.798060300454608,15.505501570876264,1.9962278895224943,5.281010971165646,4.968601875620914,,0.07239525326521239,,0.0
DNK,2006,10.861288275136683,15.508788022465463,1.9626929437808318,5.3302493529351365,4.9539548508884605,,0.030260229082435686,,0.0
DNK,2007,10.979030045458158,15.513222683008678,1.8668814376330323,5.394906383120122,4.969020979456326,,0.023568022296684532,,0.0
DNK,2008,11.076227640374215,15.519098158911268,1.7693980909141829,5.4542740598269805,4.891127363900786,,0.03327403482858173,,0.0
DNK,2009,10.975289419584382,15.524448949532061,1.7410621662696568,5.353732597036877,4.8108895465314285,,0.024039648900935972,,0.0
DNK,2010,10.969999159393712,15.528890921077156,1.7695293823884364,5.363136431943304,4.818227717769743,,-0.0011868495711009786,,0.0
DNK,2011,11.031816202201393,15.533008299629106,1.8488851761518952,5.507925850189464,4.6334559538948605,,0.0029409009636061968,,0.0
DNK,2012,10.975820454990158,15.536771022055307,1.8773376396861507,5.4483255922864435,4.721749089522588,,0.007813536469087268,,0.0
DNK,2013,11.024800129931409,15.540940035662826,1.8831735045649853,5.500269485318991,4.722408036286103,,0.03617720293822835,,0.0
DNK,2014,11.043248997796365,15.546010568492928,2.1588141105533665,5.603436479998997,4.9738857707352295,,0.05977210184134059,,0.0
DNK,2015,10.879819458138822,15.553074806989798,2.2153446029742168,5.467980413572994,4.9633297046898885,,0.031416227661578235,,0.0
DNK,2016,10.905972972085362,15.560878733431151,2.400523930225187,5.565239641089445,5.009069467406656,,0.04297889242551456,,0.0
DNK,2017,10.959914965244344,15.567312242468525,2.5656598899175274,5.623327570293927,5.331501583700204,,0.05252088422248313,,0.0
DNK,2018,11.023939061611191,15.572270631727315,2.5604192597858337,5.688152810837124,5.316350561201981,,0.05962648816826359,,0.0
DNK,2019,10.992121326420905,15.575851940886242,,,5.691537353153933,,0.1051139631824558,,0.0
DOM,1995,7.654049503135653,15.88086775426584,9.442597722845745,6.768353183260827,0.22895203733718386,0.008544500175263672,,,0.0
DOM,1996,7.72791635359571,15.899055419500607,9.76338587948263,6.773452146044993,0.2535823328429331,0.0036724000092619173,,,0.0
DOM,1997,7.803391746644599,15.916478485512506,10.485851073281347,6.740151633038217,0.30364280839991986,0.004110555343367166,0.14487434078250594,,0.0
DOM,1998,7.866283159687365,15.93301372785636,9.934378861054919,6.680625257826356,0.32513625760225606,0.00403111200210051,0.11097356138571932,,0.0
DOM,1999,7.871269112291543,15.949228141215173,11.216728454195021,6.741538001483762,0.34713802927893794,0.0012313217955323857,0.1105197508579792,,0.0
DOM,2000,7.948547347705058,15.965432697250883,11.766748180993387,6.807688470580418,0.3682350926528886,,0.11152997067360104,,0.0
DOM,2001,7.984767174203525,15.981162249486978,10.928908948615268,6.808489064315772,0.3543462981648646,,0.08588470772591172,,0.0
DOM,2002,8.027999662685266,15.996180527473536,10.059902190123296,6.794295780672135,0.34544948253181257,,0.059431615134654336,,0.0
DOM,2003,7.776225298094607,16.01057948021133,14.614659017735962,6.745236349484363,0.4097712630085673,,0.04153326166791764,,0.0
DOM,2004,7.804533520861813,16.024322409459,14.120353463948526,6.693022634904836,0.42910997736162054,,0.030592004076751778,,0.0
DOM,2005,8.26315530377498,16.03743143352093,9.832978919603958,6.784114881279323,0.4315431249359081,,0.060171110294291806,,0.0
DOM,2006,8.307741157909012,16.049943461713294,10.340595486533955,6.821936000226325,0.45690144385352477,,0.08395477146059527,,0.0
DOM,2007,8.444546278205335,16.062123850461266,9.243620191550542,6.8363047999667526,0.4616283710768727,,0.07408366578742935,,0.0
DOM,2008,8.52189912791417,16.07447077369631,8.662665452270305,6.840684560898144,0.4653650373493309,,0.07021134056471148,,0.0
DOM,2009,8.51196994799959,16.087148179962483,8.396272287233018,6.804595256232366,0.46300952062682144,,0.03427848696244027,,0.0
DOM,2010,8.608609382019452,16.09994950094579,7.735908017880032,6.834574488777017,0.4560000203662358,0.0019517982113353377,0.011764157334933856,,0.0
DOM,2011,8.670173496523594,16.112642911759615,7.577449051190979,6.849585205681618,0.46794463613684856,0.0028386462745765193,0.015381794773946212,,0.0
DOM,2012,8.701815374742651,16.125112078161767,7.739222953604065,6.863108731995296,0.48667328473485344,0.002824318689674135,0.031675980673313474,,0.0
DOM,2013,8.722025191892458,16.137293487562335,8.080834896358077,6.896151254585577,0.5016758661830147,0.001962362930607162,0.056261282181395346,,0.0
DOM,2014,8.779011409860257,16.149160890768336,8.401188336357446,6.917393047675513,0.5405443133885148,0.0015634682005613285,0.0745048289253166,,0.0
DOM,2015,8.824818042218277,16.160659711200566,8.618116502262389,6.905631962545359,0.5873598886958282,0.0013860313379356769,0.08460193161854974,,0.0
DOM,2016,8.876326991264788,16.17177195372465,8.89442994983494,6.900490067990725,0.6415244189650123,0.0011280935380322858,0.09111213067833539,,0.0
DOM,2017,8.910952144496719,16.18265070320925,9.085588766872126,6.892285357210005,0.683988692811922,,0.08799356694383817,,0.0
DOM,2018,8.972461565044354,16.193393550581742,8.895845445586259,6.909078730736981,0.700330447271962,,0.07507360717821535,,0.0
DOM,2019,9.009816094639277,16.203726684044828,,,0.69303930597667,0.010441669819001081,0.07030536819927953,,0.0
ECU,1995,7.653498222014951,16.265697562908926,1.2892460599357896,6.573553190895463,0.03796207829954737,0.14416099234253113,,,0.0
ECU,1996,7.666619007204547,16.284537625243225,1.3081537159442178,6.5043124162547405,0.04182559404620289,0.16300128270799555,,,0.0
ECU,1997,7.758233505326376,16.30300776602345,1.1895439571987618,6.450897378948904,0.043969280683347454,0.14883061246049517,0.030778946499717463,,0.0
ECU,1998,7.733690457125959,16.32113314334563,1.1793339122349753,6.470478343238958,0.041710254290524086,0.15662159673709905,0.015459792426922192,,0.0
ECU,1999,7.362202499382362,16.3389000686313,1.9190367422187893,6.590025224170665,0.04153704715697756,0.11119579786212506,0.03593450972447556,,0.0
ECU,2000,7.231456467246612,16.356262268781123,2.571345614846194,6.5782760778518945,0.0494120751132892,0.10390862911359465,0.07428640257072452,,0.0
ECU,2001,7.490698900174365,16.373570081087152,1.8938857541524419,6.526944732437913,0.04964858714527595,0.09952349749123598,0.08485514421449096,,0.0
ECU,2002,7.630052709209915,16.391055278109818,1.6596315906178993,6.488283307153601,0.05198473612456608,0.09012448327324517,0.07658341894918905,,0.0
ECU,2003,7.747433678677548,16.40869640989775,1.3176078132593199,6.284389095524613,0.056908658835656316,0.11376115682665354,0.015359952215187534,,0.0
ECU,2004,7.857948432563202,16.426219925546448,1.3183710718473307,6.339555747355323,0.06018208497636916,0.13434809097503134,-0.0014117310525129767,,0.0
ECU,2005,7.975573616909486,16.443518712503842,1.2115539845738887,6.341138295587731,0.06211107004879258,0.14523908175860706,0.024905465543740492,,0.0
ECU,2006,8.084460715734055,16.460701254258446,1.0768041032014306,6.371642335501497,0.05970411605571466,0.14982275828614686,0.03619598889490945,,0.0
ECU,2007,8.154478584722467,16.477780171574512,1.2557994211486854,6.504422367843813,0.0653928986103695,0.18359974018710465,0.09147605576579246,,0.0
ECU,2008,8.341590811895545,16.49483214945299,1.2185260845871693,6.60839667686852,0.06895273218168778,0.2008082632405369,0.11960342975535596,,0.0
ECU,2009,8.307302262727573,16.511889851536495,1.1215579444924666,6.545753302617867,0.06529090809265967,0.19536874321881748,0.10607349120055716,,0.0
ECU,2010,8.41633576393151,16.528660732067813,1.1533157335787245,6.621027860540806,0.06944492808271309,0.3195862886395195,0.10108358916860105,,0.0
ECU,2011,8.547468560636604,16.545076101834354,1.074865210130198,6.612154115431409,0.07444754667929687,0.3075848348063747,0.06629902044721447,,0.0
ECU,2012,8.636589845718136,16.560997445893292,1.1842473717003037,6.705423526181297,0.08168405813593126,0.30557070550056853,0.08960886208383734,,0.0
ECU,2013,8.717565894045311,16.57597153550499,1.295428883988327,6.821276951045641,0.08629018503551056,0.32627818285522836,0.15159939977792297,,0.0
ECU,2014,8.764959076637384,16.590292124163373,1.4476557002382664,6.776833205627741,0.10570545011064461,0.35391606575664775,0.16627576322174634,,0.0
ECU,2015,8.695533446764424,16.60460143014731,1.6016943519072475,6.834106169774107,0.10303558447027507,0.3490555430039852,0.15714159264062316,,0.0
ECU,2016,8.685692613228005,16.619182344924365,1.7702207768365599,7.004860011932395,0.09506130181636156,0.30897807040582936,0.12373866505352105,,0.0
ECU,2017,8.737664767859222,16.63447695332237,1.9317015056723008,7.018747745918761,0.10775965587079199,0.30557171718353016,0.1107109920116418,,0.0
ECU,2018,8.748926761306318,16.651634192425885,2.1204149898695057,6.801298392202538,0.14868430228674112,0.3146864253930031,0.11132981946506142,,0.0
ECU,2019,8.733119988887674,16.6685277403886,2.126476462888943,6.989693721820573,0.12156848022271714,0.2784297666075491,0.104602790489378,,0.0
EGY,1995,6.820372870660759,17.999888096986368,4.910300980392161,6.84892445112127,0.04772086635016649,0.059360919355208694,,,0.0
EGY,1996,6.916691607090893,18.020621716621132,5.2979668700959,6.824005331524665,0.05812492107781506,0.06388967197731911,,,0.0
EGY,1997,7.044208903753514,18.041347310049513,5.158307634449044,6.928987499087911,0.05788249721547341,0.06453584257831234,0.15728427731818329,,0.0
EGY,1998,7.100705647798923,18.063195386002604,3.4681614474599853,6.7473119214368955,0.04938286149348357,0.05568653944150814,0.010931661463290965,,0.0
EGY,1999,7.145440183767653,18.085501027666744,4.807591352405724,6.81246594532284,0.06707125299251461,0.06459785198055384,0.0581971593359313,,0.0
EGY,2000,7.219709932208252,18.107110225519722,4.6645311673037355,6.740288336261962,0.07533870535976463,0.06187053663324708,0.05993147014699254,,0.0
EGY,2001,7.166372083111059,18.128348261754244,4.260242542514636,6.786928674886471,0.062262205893961704,0.058794959210016914,0.04950451952377719,,0.0
EGY,2002,7.018248561063976,18.14938549772884,4.854011612562684,6.679639835109944,0.06810150539872979,0.05937485887333693,0.062273685329401474,,0.0
EGY,2003,6.93855172562078,18.17034003002916,5.858874251497008,6.657102445167969,0.07763294230341307,0.05370100794892482,0.0032055715000744557,,0.0
EGY,2004,6.898972512297281,18.19098380351487,8.032243972800334,6.660381742501108,0.10196603833870196,0.058146183691390275,0.07460283280726046,,0.0
EGY,2005,7.0080884651946524,18.211205898787064,8.036998328690803,6.72997728788861,0.10613925322058898,0.06027232412560515,0.15445878886796754,,0.0
EGY,2006,7.169333851821895,18.230735033017112,7.570786789703721,6.797280603646699,0.10983017821569745,0.06031726350837734,0.17803534490396622,,0.0
EGY,2007,7.344552184516521,18.249610354724826,7.917181793770167,6.836383135048799,0.13160295207812167,0.06916593618188285,0.1823642856905167,,0.0
EGY,2008,7.5476155701575065,18.268284396051246,7.434059184812945,6.849115441145088,0.14947920037397402,0.07790153656582094,0.1656951304404764,,0.0
EGY,2009,7.678622307960791,18.28716804829591,6.215800230282099,6.843599581814021,0.14326589276570784,0.07103718609329773,0.13766757084208195,,0.0
EGY,2010,7.8059154190820585,18.30634756070619,6.225578484999171,6.830294486353329,0.16515301256763862,0.1067099234284235,0.11628139132350448,,0.0
EGY,2011,7.859661714116599,18.327392168328604,3.9548340748304245,6.854348073474658,0.10807629152074034,0.08461852298880687,-0.008345328849337363,,0.0
EGY,2012,8.005055943581185,18.349839747877603,3.8775900161222863,6.844302998518991,0.12378570298960184,0.09747829079569058,-0.04546172556480847,,0.0
EGY,2013,8.014840119179507,18.372892384309168,2.339182433885184,6.56935811395134,0.09927249852945269,0.11112331224495431,-0.1341521517371614,,0.0
EGY,2014,8.049871090906263,18.395656779971183,2.6109685446009423,6.694258307189847,0.10128305472153855,0.10538454794590112,-0.1395819012694016,,0.0
EGY,2015,8.103791147239484,18.41664603545174,2.0940193952289374,6.605821183823155,0.093657117877704,0.1115446835920581,-0.0909800353255779,,0.0
EGY,2016,8.092737531895827,18.43699286494445,0.994460028050491,6.417280527144819,0.053116452662325196,0.11653312897944819,-0.23498804270244875,,0.0
EGY,2017,7.781181654214872,18.456974649333173,3.477171695068252,6.948403597061165,0.07996446769427308,0.11329755768823495,-0.03873909889127667,,0.0
EGY,2018,7.8179084771923195,18.475946032516482,4.8379855128370055,7.0208069245825415,0.10735971980267538,0.11720064895761811,0.11550606065606814,,0.0
EGY,2019,7.993953808190948,18.493495776333862,4.473469621157975,6.997985789586381,0.12111220388340434,0.12279406626070431,0.2798360577664546,,0.0
ESP,1995,9.646070248391338,17.49746735568952,4.456258019940944,6.257115290574856,1.3206105621153936,0.6486171475466374,,,0.0
ESP,1996,9.686613157873971,17.501632513671648,4.632298106539374,6.2918858177080565,1.3807271082379549,0.6958962896127066,,,0.0
ESP,1997,9.597123504531421,17.505823708843668,4.8579053550198354,6.129068186416751,1.5581394983082897,0.7568066905209423,0.02285377625308982,,0.0
ESP,1998,9.640975042807774,17.50996218365481,5.105930567230481,6.140151997457295,1.6922442047510078,0.7854635457090529,0.039273460752422905,,0.0
ESP,1999,9.661922061147695,17.514015413910037,,,1.783747814110401,0.8309481731379316,0.039273460752422905,,0.0
ESP,2000,9.598541789971566,17.518486784055394,,,1.83840095697422,0.9788973853787323,0.030020589556125188,,0.0
ESP,2001,9.640057917661892,17.52542746489874,,,1.8497732654446668,1.015162074742355,,,0.0
ESP,2002,9.747480814141165,17.53955341894632,,,1.9143137219218258,0.9746345768604695,,,0.0
ESP,2003,9.976831741250598,17.557637963628153,,,1.9514244039931596,1.0075659591807034,,,0.0
ESP,2004,10.123627669431565,17.574892626662635,,,2.0031967367703594,1.0609958390700132,,,0.0
ESP,2005,10.183047467376044,17.59178611713384,,,2.1204194748352094,1.1420711057425288,,,0.0
ESP,2006,10.25490774286739,17.60868964269645,,,2.165716357782775,1.1965241414689927,,,0.0
ESP,2007,10.3936618661744,17.62720045578097,,,2.1869111553164613,1.3413504155931606,,,0.0
ESP,2008,10.48019215784807,17.643153760771607,,,2.1253813533006167,1.2014969021484174,,,0.0
ESP,2009,10.382197572418523,17.65201112057734,,,1.9821648089403119,1.063115316270023,,,0.0
ESP,2010,10.330673128371389,17.65661520362785,,,2.0126716470614174,1.1346336061915696,,,0.0
ESP,2011,10.367995543181518,17.660168587592565,,,2.121978541375137,1.1282220391564612,,,0.0
ESP,2012,10.256129910046855,17.66081784721818,,,2.0979600327581767,1.0281384939921498,,,0.0
ESP,2013,10.282911396493372,17.657201159418005,,,2.2150580129081505,1.0311675538149494,,,0.0
ESP,2014,10.299163755580006,17.654118062194566,,,2.306119449299261,1.1422406745067926,,,0.0
ESP,2015,10.165176266554537,17.653290569816026,,,2.36597482033582,1.3046324091245538,,,0.0
ESP,2016,10.194499304756778,17.65406222854216,,,2.4874220639789293,1.4351601126338702,,,0.0
ESP,2017,10.253487256138127,17.656493569407864,,,2.6135662462182663,1.5373948878998949,,,0.0
ESP,2018,10.328834411872554,17.661009306652936,,,2.6603388212618735,1.725165320490391,,,0.0
ESP,2019,10.301811374547725,17.668176284407693,,,2.67771676352777,1.8726649489974225,,,0.0
EST,1995,8.05018977812357,14.177813435334286,10.037817501724534,5.366520410966047,1.4694069609935447,0.11735765685623478,,,0.0
EST,1996,8.125905004905094,14.163059788959016,11.805218520803159,5.443189689837092,1.726483723440478,0.10553873497627145,,,0.0
EST,1997,8.211469965361186,14.151650596556689,11.58229102020949,5.429506445904894,1.8706213135077008,0.16469756026108673,0.13911746678018488,,0.0
EST,1998,8.317129361801843,14.1420450065108,11.772832531211577,5.436478794023581,2.098609391727915,0.21455016607077415,0.12269093633594075,,0.0
EST,1999,8.328677273677508,14.144989829269953,12.194036796000368,5.396737791258804,2.2880875587306977,0.21722805493136457,0.10479648907773687,,0.0
EST,2000,8.311547904613604,14.149826900887252,11.55351774121811,5.290735829095639,2.3693883613639373,0.1987100792062907,0.046373286530955224,,0.0
EST,2001,8.412424978073629,14.1434572696427,10.5756304067576,5.321271702617121,2.3268965467558522,0.20010445820411132,0.018706929786613813,,0.0
EST,2002,8.583576841931535,14.137122931678464,9.999837696693708,5.423010244698122,2.3583571972305797,0.22049153586834377,0.013641987313125626,,0.0
EST,2003,8.882586999986096,14.13084670719787,8.940327640794894,5.566041382218351,2.464398272440761,0.2885235496673281,0.05736874668610241,,0.0
EST,2004,9.095610862648735,14.124868502093916,9.145090417121567,,,0.3739723312905948,0.13402349030623134,,0.0
EST,2005,9.250967606894239,14.119145946847318,8.710448654182017,,,0.42649738886530975,0.16508324368789892,,0.0
EST,2006,9.444738757178467,14.113249391248916,7.993810847309097,,,0.4441034741351787,0.15574051298863303,,0.0
EST,2007,9.72588071204665,14.108687505898017,6.307275448975858,,,0.4858154071068413,0.11474913603112391,,0.0
EST,2008,9.809501348512889,14.106006168702605,6.749391446689517,6.06193664444656,2.86293368434436,0.5127418498380812,0.09241618214829046,,0.0
EST,2009,9.596449313791453,14.104078487928401,,,2.8729538446551746,0.2963863276171493,0.09105852970158992,,0.0
EST,2010,9.593130610774658,14.101797908243109,,,3.2813233444112733,0.43734970822069136,0.09415205769290225,,0.0
EST,2011,9.773125163251732,14.098762080006669,,,3.6965917077922223,0.4632476520578347,,,0.0
EST,2012,9.773846513917091,14.09518263589223,,,3.7854503226742957,0.6914052813344865,,,0.0
EST,2013,9.868398442029909,14.091623717865975,7.944667776031346,5.864905973960683,4.352817191541408,0.4761680034173067,,,0.0
EST,2014,9.932161978354893,14.089001156114996,8.419670996909707,5.972505808985186,4.415215911208821,0.45862256522218714,,,0.0
EST,2015,9.782570874036642,14.089656681410414,8.120334433480151,5.806153977099648,4.3302187079740335,0.3895288682514233,-0.03296212418554667,,0.0
EST,2016,9.83447898372083,14.089947803665954,7.78061902177418,5.773336167199857,4.515918193632722,0.2829281268287493,-0.03545163588182341,,0.0
EST,2017,9.945182238934963,14.091158509980621,7.732222808928355,5.8454176393438315,4.664547314981813,0.009946226764557638,-0.007724323420402612,,0.0
EST,2018,10.069770175776512,14.094638901360426,7.449724113002559,5.954660933619985,4.563619488084891,0.04750612151346052,0.01568426092954738,,0.0
EST,2019,10.086694140130202,14.098354445250802,7.2473433127261595,5.936222349953481,4.599449241765381,0.0006458672784192907,0.05946926934513641,,0.0
ETH,1995,4.9164976332752,17.867944599408542,2.2532829548966617,7.449176023326331,0.0017901420008417143,0.01303327656729322,,,0.0
ETH,1996,4.992657720569187,17.900942772941782,1.9403700212509267,7.352205833803255,0.001832929794500824,0.012494191168019378,,,0.0
ETH,1997,4.965425433476062,17.93299431546648,1.7833735089302198,7.029527151199753,0.002263676305753228,0.012577246121821711,-0.059951963612761006,,0.0
ETH,1998,4.839966347415996,17.964398922610652,1.8968526160705244,7.213136928533319,0.001767578457284036,0.012466162709005895,-0.053636026688461416,,0.0
ETH,1999,4.793595009069049,17.99564376522165,2.229831372053936,7.333307145657039,0.0017590940304746368,0.01317637911174654,-0.012324939127534407,,0.0
ETH,2000,4.806225192552016,18.026326095467873,2.487154870932672,7.318110372384493,0.002017460108509092,0.014012373023508424,0.048866127386613556,,0.0
ETH,2001,4.774551749821209,18.05666120869907,2.648418973609775,7.295038068007111,0.002129871444125658,0.014787179359726682,0.09556279731736943,,0.0
ETH,2002,4.696780927783857,18.087101556426024,3.324497939491511,7.422419679055293,0.002177690711717764,0.0153999586545875,0.1295290840703771,,0.0
ETH,2003,4.760467275289196,18.117311779733367,3.896243363887698,7.5319095880551306,0.0024379453846869914,0.015133261548482952,0.15347647580343918,,0.0
ETH,2004,4.891625099824363,18.147259251026522,4.520694250150569,7.819688705487336,0.002418595656628084,0.018445643232481487,0.20403345071256673,,0.0
ETH,2005,5.064134721038455,18.176919475746686,4.29799214804577,7.761326685666579,0.0028966100347503883,0.021275613465638228,0.23504014995450043,,0.0
ETH,2006,5.243574642984936,18.206292378897388,4.181701313161742,7.568567078899146,0.004089042493701326,0.021316376776270764,0.2252178358312328,,0.0
ETH,2007,5.468677064707162,18.235593971471076,4.008602405392598,7.699255238042504,0.00430789580624779,0.02755824723367809,0.2042878841259082,,0.0
ETH,2008,5.757040342545449,18.264537540367424,4.374344484561691,8.036374105245441,0.004477245469530252,0.031738374837983335,0.22930807839547568,,0.0
ETH,2009,5.909643438073419,18.29293414140522,3.4497227751500303,7.871161974065438,0.0048518517188667586,0.033111399560829015,0.2100087929358576,,0.0
ETH,2010,5.800967903562082,18.321285887202098,4.790572740648988,8.027510004224055,0.0051690709215748785,0.03696793609844314,0.19647948964149187,,0.0
ETH,2011,5.837803162749173,18.34972133295063,6.252980358581863,8.248075774125713,0.005614601915599114,0.047674923468465635,0.2047307233210475,,0.0
ETH,2012,6.113905676726076,18.37776037229459,4.571616300429906,8.106690289278117,0.006231812983563766,0.05220444919970222,0.1608107867385833,,0.0
ETH,2013,6.18216720313197,18.4049450954749,4.6927195678779015,8.096636807107615,0.006918007320105067,0.05761451605577564,0.170713535445514,,0.0
ETH,2014,6.309893872624317,18.431775073654595,3.7887350802644075,7.9143851779385965,0.007615045787687974,0.06205354445273089,0.08821366603557337,,0.0
ETH,2015,6.393443775288031,18.45862309226847,3.6696852874150085,7.877674539423766,0.008318319360594668,0.0681137397310516,0.03253484301899832,,0.0
ETH,2016,6.4640453577018855,18.485701917344596,3.122267686752766,7.805739393714624,0.008161684793634284,0.07723253329644114,0.017259613076351953,,0.0
ETH,2017,6.545850151556607,18.512954327050984,3.2802520989016046,7.895394091653758,0.008507613187661233,0.08723155801816965,0.024180603626875907,,0.0
ETH,2018,6.6062474324985425,18.539921845003473,4.257366641542827,8.33783543610026,0.007535671151192794,0.10208432581110627,0.1136789843523843,,0.0
ETH,2019,6.676419824488205,18.566834242829625,3.84278168047981,8.37702476249573,0.007015883536955384,0.10913687239670868,0.13810688407036445,,0.0
FIN,1995,10.175279327335096,15.44627738330824,1.7775562191480268,7.200064068415044,0.34829153117101525,1.0203825920799405,,,0.0
FIN,1996,10.156449200913308,15.449557762444515,1.8243533345754441,7.24190463418721,0.33641827328833057,1.0922861280344722,,,0.0
FIN,1997,10.113841295134291,15.45253153574878,1.8586993969159624,7.160160814845377,0.3564316753358814,1.1678001336618782,-0.005273198000711687,,0.0
FIN,1998,10.165851285060992,15.455186265373142,1.769523461567199,6.798774164075966,0.5130495830210858,1.313884278212585,-0.003612789843139552,,0.0
FIN,1999,10.172766809249206,15.457507427864332,1.653427392563327,6.81472448798627,0.47507740819138766,1.2083305423664894,-0.014282800601080937,,0.0
FIN,2000,10.099708830251155,15.459583493018465,1.6154919423536296,6.619827536464018,0.5243219506785758,1.3191397410730517,-0.03897266639263641,,0.0
FIN,2001,10.125238254156448,15.461860366437328,1.5951244735548709,6.594507365417248,0.5447177413758807,1.2909687109194896,-0.041721485102418396,,0.0
FIN,2002,10.203199077410677,15.464284176939662,1.5944604106604259,6.657285214622557,0.5528210409649045,1.233628517335891,-0.01945325789824821,,0.0
FIN,2003,10.401838258653255,15.466668749340345,1.5610717514062706,6.937302883078094,0.498943605369178,1.1862438888520153,0.04565968615344147,,0.0
FIN,2004,10.539220994845463,15.469572252955532,1.5076601163811607,6.954867308842662,0.5432108966575698,1.3483519669972601,0.10206697461431916,,0.0
FIN,2005,10.572594835877489,15.4729947388984,1.4981008767707906,6.884884254699574,0.5985403240809928,1.348659079056121,0.10768082820242135,,0.0
FIN,2006,10.62653373902748,15.476832510261453,1.6194867837661917,6.948399479920272,0.6408712963335705,1.4426012880468673,0.1038822015820923,,0.0
FIN,2007,10.788762716188637,15.481086808582457,1.6722561217219076,7.105165608258529,0.66537839023431,1.5672380084406057,0.11064106373357277,,0.0
FIN,2008,10.892461161759318,15.485742301427535,1.7063433075464989,7.21567494510913,0.6743329458224387,1.4899097545657685,0.13206434568105863,,0.0
FIN,2009,10.76802908676937,15.490524765362364,1.606433412721658,7.081372198682311,0.6411467892743615,1.39041849859268,0.08926455864084275,,0.0
FIN,2010,10.747342892134961,15.495099710717023,1.8025125138941778,7.110751729507048,0.6842735662324606,1.6194672414425588,0.04408442662899041,,0.0
FIN,2011,10.840763041323228,15.499735297792014,2.0408762950284074,7.200018920153802,0.7779859665584811,1.7645824115783315,0.045877680929071116,,0.0
FIN,2012,10.769572274170551,15.504493392658846,2.104540386877943,7.156226103451176,0.7805730765827892,1.982247132943915,0.05325205873683707,,0.0
FIN,2013,10.813579401374737,15.5091006303867,2.1363976562216465,7.632572946003058,0.514251590190205,1.9245035642764845,0.08850002350565589,,0.0
FIN,2014,10.821252718529616,15.513236232461892,1.9778517972399916,7.591151669379859,0.5000446762727977,2.012774484428488,0.03976757336461319,,0.0
FIN,2015,10.658678246085698,15.516530071320078,1.7199036852617704,7.332858480428545,0.47850810589446435,2.379007984442464,-0.06744645135785951,,0.0
FIN,2016,10.679395042685613,15.519404285336954,1.6823170679387898,7.27260752571393,0.5075243348728905,2.502906209175363,-0.0962707271024346,,0.0
FIN,2017,10.738243175594526,15.52175099065401,2.052424366987743,7.401453937955327,0.577319617574771,2.2166252073721173,-0.050309932846307956,,0.0
FIN,2018,10.812839259033646,15.523077401061927,2.103923635918524,7.488417091000092,0.5845318442034076,2.4231308896251944,0.03879800765234549,,0.0
FIN,2019,10.786390685687188,15.524179317966839,2.2260936583438524,7.499250021620314,0.5958411375241189,2.646068372136657,0.11474327225402767,,0.0
FJI,1995,7.810654129833519,13.590798276836617,18.72809834349854,6.653134068791244,0.5959341267436707,0.6190954320898008,,,0.0
FJI,1996,7.88168364906945,13.59709207590733,17.56943626138189,6.551615237436474,0.6643534559442839,0.5966740027544543,,,0.0
FJI,1997,7.853108917756926,13.607426786759813,18.46694558589611,6.559143846024987,0.6735300238013443,0.6364674027475592,0.022520362712151965,,0.0
FJI,1998,7.606136916204622,13.619809493405008,18.691625909575308,6.428490460128364,0.6068654850424076,0.6277834937452722,-0.05007845293780413,,0.0
FJI,1999,7.752746426010933,13.631380967662365,18.848827377362955,6.508703385708686,0.6539813519140977,0.6609539472102406,-0.021271310143285406,,0.0
FJI,2000,7.598760523049384,13.642238728582123,17.339805587436675,6.5080340120532245,0.5161081639035853,0.6969160753422784,-0.05578050763684139,,0.0
FJI,2001,7.573015926801793,13.6525162213608,19.12298107389686,6.563178540548985,0.5249553905621025,0.7211980753205053,-0.046020832148208866,,0.0
FJI,2002,7.666956054806322,13.66241648639652,20.9460640526789,6.724999788573215,0.5372653543096023,0.8332857447535047,0.029044741138438114,,0.0
FJI,2003,7.884418665255535,13.671970387064281,21.56060093552234,7.002863866204386,0.5206132847581515,1.1220312922060383,0.08906764317011025,,0.0
FJI,2004,8.038250839847327,13.681254331282434,21.712812426754184,7.044206381709994,0.5867108281886533,0.9569436597488924,0.18576410745922836,,0.0
FJI,2005,8.124947698737177,13.6903769479075,24.224904999999996,7.185331615452982,0.6199150251762564,0.986617995215208,0.20786502459227307,,0.0
FJI,2006,8.147608415636645,13.699386769994785,22.234463075276526,,,1.0472042364648206,0.1530079942237549,,0.0
FJI,2007,8.232904535579541,13.707738247376895,21.371603463171628,7.194514416435317,0.6036764116226644,1.0698504842776821,0.09021293940597239,,0.0
FJI,2008,8.268711912719679,13.71391959527265,27.0209980891205,7.325373773140582,0.6940454882062079,1.0473091070501517,0.09636761737854727,,0.0
FJI,2009,8.05963428568171,13.718161200449595,23.966909203262947,7.036315658884639,0.6668584573634951,1.2638246371683757,0.02341345152498455,,0.0
FJI,2010,8.145881516620681,13.721660212083705,26.272490458487734,7.083552709699148,0.7600895851250907,1.3828896365299934,0.03266146364647789,,0.0
FJI,2011,8.32835514098602,13.724479111311755,25.268481589899505,7.170957590848352,0.8039527310843833,1.3978322630393136,0.04161907547191248,,0.0
FJI,2012,8.375952935996727,13.726589722755433,24.899118888061057,7.196448985308763,0.8099086475509281,1.3392113412193334,0.040418109621008114,,0.0
FJI,2013,8.427803083949389,13.728155849315803,23.05506868650412,7.135828143689011,0.839197164408437,1.2680018158960749,0.08600609378463808,,0.0
FJI,2014,8.574207873101425,13.72950049767153,22.46194084576377,7.242030114975522,0.8511473051542909,1.355540903567517,0.05703856927285642,,0.0
FJI,2015,8.536511597309282,13.730582101098685,23.36368814754606,7.138008136698671,0.9460274467709874,1.4554844553211594,0.03699249392127513,,0.0
FJI,2016,8.587426143486585,13.731222016146772,23.305278084914143,7.084349145032768,1.0476888831832334,1.526128033456416,0.04243380412214961,,0.0
FJI,2017,8.670231506153632,13.730779125379572,23.21858890914624,7.09864116056429,1.1178121792548428,1.695630736678498,0.055603580661207276,,0.0
FJI,2018,8.713650991514301,13.729059024233159,24.545701494270382,7.166185685386063,1.1535358381124752,1.8210340391199111,0.05831191745069866,,0.0
FJI,2019,8.67284105489467,13.726568955651398,25.164141516051675,7.23563995912731,1.0591333032389367,1.858448856103242,0.05890253590814396,,0.0
FRA,1995,10.195851716803077,17.902180646604286,1.9617991775267587,,,0.6049650180595672,,,0.0
FRA,1996,10.194575137744197,17.905755126688046,2.0068932648699764,5.37724968370325,2.481202086456947,0.690368043218968,,,0.0
FRA,1997,10.092842682752341,17.909322745166605,,,2.62724830912506,0.7237301933332317,,,0.0
FRA,1998,10.121393534884719,17.91302814747334,,,,0.7016434636296873,,,0.0
FRA,1999,10.109538462421648,17.918186748908575,2.9962017763191002,,,0.8187549413667181,0.09316100937150855,,0.0
FRA,2000,10.014160659182105,17.925050106104244,2.8440238114479306,,,0.8631396543663361,0.06130259366632888,,0.0
FRA,2001,10.01376671931585,17.932340045595225,2.7602629719704925,,,0.8225707400239719,-0.08181895174387144,,0.0
FRA,2002,10.091814900986117,17.939610375621637,2.7547732092343185,,,0.7976727938015803,-0.0263928611396377,,0.0
FRA,2003,10.29145113891676,17.94666676398911,2.538068876517946,,,0.7591795996954531,0.014923131971287518,,0.0
FRA,2004,10.423617602228447,17.953993019014383,2.5153186912994943,5.630822206701814,3.034433408601205,0.7741243850744187,0.08392476566900271,,0.0
FRA,2005,10.454390402304018,17.961511870182598,2.3778521328682514,5.6365922475607215,2.941223301603362,0.8305867153995734,0.08965840723040693,,0.0
FRA,2006,10.503190872626895,17.968475255930883,2.356266711663535,5.640814122694504,3.0473886044622502,0.9358013258927186,0.06805468717899359,,0.0
FRA,2007,10.633115898624695,17.974657512756817,2.4056628193958165,5.800576459403421,3.0198124276265217,0.9614846644377757,0.0660889395462803,,0.0
FRA,2008,10.724694078119368,17.980237718888297,2.3245159089233534,5.862118488965998,3.006922737040194,0.9509055641934688,0.0700365930353204,,0.0
FRA,2009,10.638929764159013,17.98537122902155,2.181642389437028,5.724282829434852,2.9729500169040373,0.9012752919972289,0.046425718683090623,,0.0
FRA,2010,10.61385611934683,17.99030099273188,2.1229446951256326,5.690172637071513,2.9192228346197195,0.9359982871139993,-0.002478659979410125,,0.0
FRA,2011,10.690347822033576,17.99512766684195,2.3039577382831316,5.818277369789807,3.008761902779625,0.9823159476414655,-0.01224723365666911,,0.0
FRA,2012,10.617994516053532,17.9999648160363,2.3844513903989095,5.780397690485423,3.0083619033691105,0.9851671535276837,-0.000730548353797289,,0.0
FRA,2013,10.661232147292912,18.00513396616647,2.3456029697220586,5.778100087486572,3.097218258293305,0.9685932431943474,0.035902643341059456,,0.0
FRA,2014,10.672392409943663,18.009882444628186,2.3556951383460896,5.7876502536478815,3.1155566301379203,0.9566021068231819,0.03631036632363553,,0.0
FRA,2015,10.510598309049094,18.013438137028768,2.7202231371564913,5.789377056523736,3.0549553563163894,0.977328201699963,0.0061475248939537154,,0.0
FRA,2016,10.519327456288199,18.01607682491442,2.5727333210595367,5.746279565846811,3.0430082657985187,0.9795971632680148,-0.0007268735486118061,,0.0
FRA,2017,10.563263109278207,18.018978846077932,2.615698890114814,5.789050945724587,3.0974317530614326,1.0208980032583153,-0.0009008216193926444,,0.0
FRA,2018,10.631475112939684,18.022563791896093,2.60708287798996,5.835013245224236,3.1566887261729546,1.0451124854947296,0.016534315209643678,,0.0
FRA,2019,10.606790113654695,18.025889383186374,2.5993891790040973,5.783344555789724,3.233457047269599,1.0579859971929324,0.025830891459983008,,0.0
GBR,1995,10.054172908461284,17.876281618144805,2.0441122513074372,7.066163719896845,0.40567724072601696,1.0287796952137944,,,0.0
GBR,1996,10.106566467012502,17.878827881986954,2.0473770507952516,7.0558984299295195,0.43259961197896746,1.1038656831757554,,,0.0
GBR,1997,10.200258377598153,17.881403415219758,1.9424370213418567,7.085657915638056,0.43752285141641656,1.076242768097936,0.05009352959866398,,0.0
GBR,1998,10.254015977689185,17.88431747607408,1.906165152911234,7.114505726747579,0.44018222740619173,1.059039627189163,0.04576777064835049,,0.0
GBR,1999,10.270142756252376,17.887651534895927,,,0.43273573404362387,1.1202374487806972,0.04576777064835049,,0.0
GBR,2000,10.253576520299173,17.891224543770143,,,0.4280510083166088,1.1960099037375107,0.040736534354067544,,0.0
GBR,2001,10.240455129440038,17.895074303465783,,,0.38625044492380733,1.189650101752085,,,0.0
GBR,2002,10.314228776791804,17.899307674262147,,,0.4072731163243605,1.2191445516213537,,,0.0
GBR,2003,10.450358833418164,17.903964085398176,,,0.41435044377410335,1.2806666061221565,,,0.0
GBR,2004,10.609166180751743,17.90965351653239,,,0.4626766012248636,1.4345352117230965,,,0.0
GBR,2005,10.65112874929957,17.916519629593125,,,0.49618214576708947,1.5496855973372452,,,0.0
GBR,2006,10.707620520232185,17.923870116377337,,,0.5376287536472736,1.6031179772418673,,,0.0
GBR,2007,10.832281392120352,17.93165677750175,,,0.5345186477588155,1.657187301821194,,,0.0
GBR,2008,10.771688339483076,17.93952710372494,,,0.5159286582368225,1.6942022986233192,,,0.0
GBR,2009,10.571557192521722,17.947091012320875,,,0.4989380385177211,1.645321869790853,,,0.0
GBR,2010,10.59107737084605,17.954929898787338,,,0.48430397395165387,1.617358599520603,,,0.0
GBR,2011,10.652446081050094,17.962744964409705,,,0.5040562729523366,1.764158164550187,,,0.0
GBR,2012,10.661680774786669,17.969867790092547,,,0.5057368429313619,1.8116168411368052,,,0.0
GBR,2013,10.682988186430784,17.976547569953286,,,0.5233558888646356,1.849229255667467,,,0.0
GBR,2014,10.773671120131155,17.984019043155772,,,0.5468515452111607,1.9328939793664557,,,0.0
GBR,2015,10.720091425900469,17.991235394457203,,,0.5652741714935394,2.020572372363145,,,0.0
GBR,2016,10.627613338313234,17.999177713146427,,,0.5964241075511386,2.1915939700637135,,,0.0
GBR,2017,10.619326615977826,18.004619696630797,,,0.6227639318416106,2.2915388242071435,,,0.0
GBR,2018,10.685202145763926,18.00950435749883,,,0.6077058850151613,2.495038393651847,,,0.0
GBR,2019,10.67268527645626,18.014635467579136,,,0.6132106621840667,2.1371274539232754,,,0.0
GHA,1995,5.917649109560628,16.671924268336024,0.4640814272998179,4.6529608498244395,0.016437710245354665,0.010684511659480533,,,0.0
GHA,1996,5.964276447368785,16.695280818044075,0.4615612019014526,4.653179405174452,0.017125036517034835,0.011072318692325474,,,0.0
GHA,1997,5.934475948117248,16.71907041378566,0.5078762027576628,4.6792781581418135,0.017819000405615276,0.0115467122628387,0.07707533991363036,,0.0
GHA,1998,5.992381125692773,16.743394090978097,4.0630471785383895,6.772580500613884,0.018621539470493314,0.01122643385318821,0.7037103117921895,,0.0
GHA,1999,5.999029178320863,16.767806171738034,4.210875470121184,6.770002041668059,0.01947794511752146,0.01588000833844042,0.7016547399941665,,0.0
GHA,2000,5.536337456207612,16.79293053013453,7.164573538348221,6.796529643871913,0.020318695945075765,0.016007211252870652,0.7052476878800142,,0.0
GHA,2001,5.574213341882645,16.819561584547177,7.036856952984836,6.7475116633214975,0.021768160757520093,0.014932016149694336,0.4898523552223647,,0.0
GHA,2002,5.695285291254728,16.847062961544907,6.211283021570956,6.67577361451021,0.023300253726738097,0.012331767826430766,0.06024451906336346,,0.0
GHA,2003,5.881647648232441,16.874062923877492,5.777754123858599,6.722038133187044,0.0249334345383476,0.011321516638371993,0.06807385936352191,,0.0
GHA,2004,6.006678489261436,16.90054856612203,5.573434390760757,6.7424120587226,0.026705324758241358,0.0044102197619586125,0.08184330396104186,,0.0
GHA,2005,6.170890058555885,16.926776138431624,8.06919337492598,7.611337336834662,0.019109609781768257,,0.19380891321200658,,0.0
GHA,2006,6.809525972993112,16.9527728620778,4.357186314780435,7.512609852396404,0.021570523328672885,,0.24068133219941962,,0.0
GHA,2007,6.956664117299283,16.97854715025489,3.9875396814682085,7.430435402282676,0.02482840169511577,,0.22262069723057892,,0.0
GHA,2008,7.075519399061394,17.00392494854116,3.382220572340705,7.236832247717193,0.028783569250009876,,0.14781425842055745,,0.0
GHA,2009,6.95435666947206,17.028877798402146,3.259277230589374,6.963459751346723,0.032297423960682574,,0.0021891891048145596,,0.0
GHA,2010,7.141951537551206,17.05320794080219,2.192706231486605,6.6311112391983125,0.03654564014634743,0.006635171061118638,-0.06613044808525928,,0.0
GHA,2011,7.31816529551182,17.07725765534751,2.026099410269814,6.878086848319924,0.031461859795222764,0.01883814434525927,-0.07513813626810303,,0.0
GHA,2012,7.341986151567391,17.101456746150973,2.7961047650923385,7.153022172633197,0.03377687393572923,0.025857149386970684,0.028418224362009782,,0.0
GHA,2013,7.738399162955045,17.125549539245963,1.6071101874613267,6.923723682160868,0.03629566183222327,0.014473424619478873,0.0838667056622718,,0.0
GHA,2014,7.575537639805811,17.149199394553204,1.8782508024914577,7.126769102576014,0.029420583538908918,0.014533554300340722,0.09864148759157203,,0.0
GHA,2015,7.4516903812515745,17.172270667859696,1.8427565804974189,6.923242314183299,0.03125863794301017,0.013606637675935254,0.015078419980000035,,0.0
GHA,2016,7.556156062847892,17.19503278825081,1.6956343653255515,,,0.012246454323848334,-0.04880115371287062,,0.0
GHA,2017,7.607026979528982,17.21698636752845,1.5218908153490454,,,0.02271670748752164,-0.026467115009643293,,0.0
GHA,2018,7.694083856988852,17.23773808119246,1.4808349192727577,,,0.0152630829094395,-0.005255667959219323,,0.0
GHA,2019,7.690129733579404,17.25781613318783,2.1798722542685587,,,0.019109506094975373,0.1029159226152327,,0.0
GRC,1995,9.455564854582347,16.17278769803692,3.0983604092177255,5.967180271599707,1.014187164302581,0.5686340654220783,,,0.0
GRC,1996,9.505434374458464,16.177194403345528,2.6378394968741063,5.951364281447012,0.9220647010029409,0.6028957092225322,,,0.0
GRC,1997,9.473928310885967,16.182127074793783,2.734097798202676,5.881454866130104,0.993128485106684,0.6622857581829689,-0.048684364746808484,,0.0
GRC,1998,9.474469607003375,16.18766919382301,,,1.0600242954882086,0.5973037287688485,-0.048684364746808484,,0.0
GRC,1999,9.452701315747658,16.191503906939197,6.445643964592398,6.5527561359700295,1.171376487242069,0.6124219430799861,0.19879995724088287,,0.0
GRC,2000,9.362048162066982,16.19559432532158,7.366402477108657,6.526250826309605,1.2555285083725345,0.7345525665456947,0.2649718789063183,,0.0
GRC,2001,9.405656900724013,16.200793169961198,6.981421323585459,6.4426720766757235,1.3513000946775457,0.7761213912701485,0.229923204957511,,0.0
GRC,2002,9.531132867212063,16.20445883458268,6.663392203244429,6.508971115018693,1.3683700142964306,0.6952127779599051,0.03689625274579704,,0.0
GRC,2003,9.799271495056361,16.206845266335883,5.510573252607537,6.598491520474382,1.3529378929673768,0.6880384184947571,0.04879997461746406,,0.0
GRC,2004,9.973445204705637,16.20931940176411,5.453664544906936,6.800352371301527,1.302402223759603,0.8468128342665786,0.08120437009510226,,0.0
GRC,2005,10.001255236369955,16.21225189250464,5.552674359301627,6.73839986818545,1.450582007577102,0.8602847793373339,0.10030004109713353,,0.0
GRC,2006,10.10299488825425,16.215255210514304,5.389607138266028,6.732260631861851,1.5683695326886722,0.8603450594454157,0.0956005784141933,,0.0
GRC,2007,10.255578695544225,16.217802786333664,4.990977908492553,,,0.9237677460043573,0.08601260678445684,,0.0
GRC,2008,10.363940503566726,16.220457364700927,5.014789762954586,,,0.8523992175009553,0.07887005077896667,,0.0
GRC,2009,10.289615473894747,16.223087628714396,4.907152460907565,,,0.7918537443491803,0.05452870176866931,,0.0
GRC,2010,10.19065882458394,16.224376433041076,4.674822926907861,,,0.9308821239435964,-0.006860851843309845,,0.0
GRC,2011,10.146621425335269,16.222896920267054,5.744133848898211,,,0.8617108016396755,-0.016619455735809297,,0.0
GRC,2012,9.981575090998373,16.217489390761617,6.140064479210107,,,0.7954066732869483,-0.03514787334472942,,0.0
GRC,2013,9.979213802755734,16.210238182695036,7.369493647126267,6.764803588895323,1.83416443149156,0.7989920121008159,0.022348129306532273,,0.0
GRC,2014,9.974631974355948,16.203577049794717,8.331780698188798,6.6882820602158475,2.228340038153162,1.023853575878917,0.0751222872680664,,0.0
GRC,2015,9.79705589807022,16.196988436185933,9.018469884385933,6.510166705125289,2.413296585870118,1.0384599851971414,0.04356295786143995,,0.0
GRC,2016,9.793630422114854,16.192829305903164,8.705976370531616,6.395051698071173,2.604962466955414,1.1775349061351408,0.027965749661093043,,0.0
GRC,2017,9.832635436560315,16.190851473655563,9.551299807939847,6.452933717949309,2.804453763798994,1.288077217367436,0.0038909582800751965,,0.0
GRC,2018,9.897137509816563,16.188822671272973,10.123822806109448,6.481483774367673,3.081371806752371,1.4093077251068074,0.029197573189706817,,0.0
GRC,2019,9.869690833311722,16.187769277345733,11.096176111233133,6.516872348560417,3.171640155342747,1.5039514066114497,0.0791865358427799,,0.0
GTM,1995,7.259159602238614,16.14891540543815,1.4738590189264411,5.9497540585266115,0.05459131371717782,0.02908950997362939,,,0.0
GTM,1996,7.3005132371555215,16.17480919919357,1.409903142997486,6.052089168924417,0.049132963815650854,0.02834594066287549,,,0.0
GTM,1997,7.401513775490725,16.200390037084784,1.5177043397044852,6.15006957728462,0.053049645442326286,0.04682368010916438,0.11157177565710441,,0.0
GTM,1998,7.462330465448982,16.225976039069113,1.6962704535612831,6.248614466407387,0.05709594407829326,0.045461298869886334,0.1462597286724236,,0.0
GTM,1999,7.380036164216903,16.251136360717695,2.0416616618732752,6.119054875719599,0.07204784397045776,,0.1495849828708348,,0.0
GTM,2000,7.407903576265314,16.274893566619983,2.5817918621824516,6.401760582485812,0.07061282356231949,,0.19507085894299614,,0.0
GTM,2001,7.338034381440447,16.297865788983152,3.194745795458477,6.557050502029909,0.06976109623338538,,0.1971152304059789,,0.0
GTM,2002,7.420180727164565,16.32078462650412,3.164710824592712,6.5956445108453945,0.07218144324509479,,0.18050482379551588,,0.0
GTM,2003,7.451559299529909,16.34330442822457,2.994018664603439,6.598632875292487,0.07025475812324633,,0.13548336302123865,,0.0
GTM,2004,7.518016297870501,16.365533842999678,2.6720619023889154,6.278511900401672,0.0922903802035729,,0.05643120406058237,,0.0
GTM,2005,7.623869738994797,16.387177990845878,2.953323014199338,6.398701134864528,0.10055297258197035,,0.056651556462273336,,0.0
GTM,2006,7.707567687616888,16.408333878659867,3.089673123476458,6.416488569013744,0.11236241682132707,,0.09043781196946235,,0.0
GTM,2007,7.807435106181166,16.429399518978073,3.1428881328394174,6.473943778329819,0.11924957735254219,,0.13585593872252383,,0.0
GTM,2008,7.924093997409977,16.449926705364902,2.8524517694124287,6.462105772634312,0.12306986622484943,,0.1399596145875787,,0.0
GTM,2009,7.867736078369999,16.46985128490819,2.9259702382398847,6.71974254560717,0.09222255729985858,,0.08127022961386884,,0.0
GTM,2010,7.939251363539996,16.489666931498903,2.5894509559337546,6.634705561004304,0.09544753861211555,0.021647556929215443,0.03020312961667564,,0.0
GTM,2011,8.061166218016941,16.50960557013072,2.298404045252735,6.621838290729168,0.09694346843719422,0.02204863629136231,1.8453894042025353e-05,,0.0
GTM,2012,8.097614836319718,16.52951943749493,2.2381771549038807,6.612668258523779,0.09880946850512805,0.019086854770405497,0.0012966164626185162,,0.0
GTM,2013,8.144434747990546,16.54905545640493,2.1901478388269657,6.640703221086575,0.0985225708646012,0.005086260215136642,0.018492339194264316,,0.0
GTM,2014,8.21315003108768,16.56800657959068,2.0127166287097507,6.506650997466395,0.1108934125550601,0.004449000349132509,0.027502810467768413,,0.0
GTM,2015,8.267065144732472,16.58633165637714,1.8806463648954992,6.441070532928455,0.11676872085908219,0.005830860163477462,0.021189704476744,,0.0
GTM,2016,8.308972204575175,16.6047572624002,1.8207992347997388,6.447317462485807,0.11715705437906761,0.006873910488568275,0.01679710245403534,,0.0
GTM,2017,8.372166885066648,16.622944871550697,1.6992822472227842,6.353220878372531,0.12796247464215324,0.009387375427474642,0.012807995237866975,,0.0
GTM,2018,8.378608120822065,16.63960509888172,1.6843415601158083,6.240941580124613,0.14282589280281568,0.008654738587359314,0.01581973107093333,,0.0
GTM,2019,8.414495437576539,16.654811394407012,1.5902071691280593,6.172483132333286,0.1496743151216136,0.006276381925119226,0.012290053956032665,,0.0
HKG,1995,10.064644718516478,15.63295401812346,,,1.6568931628790955,,,,0.0
HKG,1996,10.119336650295038,15.67734009607157,,,2.0160049724186155,,,,0.0
HKG,1997,10.215743694991486,15.685665224619703,,,1.737167337000909,0.9180034826560646,,,0.0
HKG,1998,10.1584731611682,15.694013312693091,4.344364938145713,6.5822268765636585,1.5526384155752861,1.8726408606751532,,,0.0
HKG,1999,10.130291062016799,15.70356457083641,4.429682311698924,6.474225220500246,1.7146749413456444,1.9060924846741845,,,0.0
HKG,2000,10.156452895676816,15.712380511594946,4.775472098039544,6.442167949826013,1.9593398349587396,2.1572352588147035,0.05548009117514496,,0.0
HKG,2001,10.135804027294927,15.71975013827633,4.676976150179169,6.358306213569648,2.0441445869264108,2.094676436858645,0.03406623903664219,,0.0
HKG,2002,10.113174416673973,15.72417860654915,5.9206895899381955,6.38777280399363,2.4563692709182843,2.318502987796741,0.06649022184250519,,0.0
HKG,2003,10.084857548908689,15.722204565284429,5.579185688514628,6.362199925916759,2.3083437332857906,1.9351029595293279,0.059132259425544474,,0.0
HKG,2004,10.123750975148857,15.7300037509075,7.02189014153166,6.299691985140905,3.215301835335741,2.6376967642072677,0.08688208285940532,,0.0
HKG,2005,10.190530835661257,15.734372464968558,7.483643502097897,6.365959980455925,3.4284917513062876,2.969164562907298,0.12658154652913822,,0.0
HKG,2006,10.247931330268898,15.74079516979732,8.030053703559584,6.422371213018064,3.6824605153782213,3.1786262414140087,0.13237416587456713,,0.0
HKG,2007,10.32855759434367,15.74939150251949,8.618744492159946,6.472985693916191,4.072842415742521,3.489389413414687,0.16806977058654127,,0.0
HKG,2008,10.358235694138266,15.755373890388988,9.22843644420132,6.530590952078836,4.240851993446205,3.650761160136825,0.1360489568298771,,0.0
HKG,2009,10.331937747499367,15.757527423732437,9.479658474185536,6.53046245592547,4.2437758145938504,3.438077960073428,0.10659622788705114,,0.0
HKG,2010,10.390536840843868,15.764871887695818,11.899999309588516,6.62691440192703,5.1294097548475275,4.035717661797785,0.12267836500936298,,0.0
HKG,2011,10.467166159873836,15.771597320614005,13.346954710173009,6.673584089072706,5.92807851122801,4.283850472311783,0.14923742659671363,,0.0
HKG,2012,10.511370815568016,15.782636900586374,14.125636904282093,6.637386213525003,6.799205605516007,4.51005329683259,0.17036379935447704,,0.0
HKG,2013,10.555911111720032,15.786656725944958,15.38863988065316,6.661010850268248,7.563693602083885,4.825878198609815,0.17852198998289417,,0.0
HKG,2014,10.604488162805215,15.793680435450318,15.903383187913283,6.635788689308019,8.415381423334948,5.247081125942319,0.1311652463713699,,0.0
HKG,2015,10.655661890799847,15.802192414561189,13.733993080457662,6.574303363625535,8.134077599330709,5.742070275533855,0.07180545492595414,,0.0
HKG,2016,10.685885639577464,15.808386078014513,11.792670495198356,6.5040889228138346,7.7222419104217215,5.954199901861898,0.004103256466850169,,0.0
HKG,2017,10.739878212046195,15.816071216790663,11.184584662945069,6.481257138561185,7.908889249580696,6.165164881242222,-0.041437358254880506,,0.0
HKG,2018,10.790093352124664,15.82407352276034,11.69736397913685,6.4761880417124935,8.741647210369536,6.320186512089741,-0.028958256921267987,,0.0
HKG,2019,10.786407650980697,15.831466357473571,9.0055886439191,6.371241698294285,7.447222259220288,6.189462299710971,-0.04122374376703455,,0.0
HRV,1995,8.502895634502943,15.345911756543332,,,3.4848258561091594,0.00013941467912546022,,,0.0
HRV,1996,8.575414717066828,15.332196355953206,,,4.187973176783378,0.1595752734690528,,,0.0
HRV,1997,8.58127815235603,15.327318000802459,,,5.217291595000574,0.169176082488776,,,0.0
HRV,1998,8.65041173631885,15.326703688859368,,,5.62626664916204,0.20299483576724878,,,0.0
HRV,1999,8.569598695480419,15.322383377237117,10.91393558653456,4.486659519593589,6.474099060917693,0.20520334521341038,,,0.0
HRV,2000,8.507864847405566,15.31251902865066,12.970953974546218,4.345408238244922,8.3311289165325,0.23991216350192981,,,0.0
HRV,2001,8.587629638980934,15.27404232138388,15.012742312470898,4.457791279447288,9.333102616450393,0.2895589911904293,0.14427437440121516,,0.0
HRV,2002,8.735454594283155,15.274631034295927,14.769617132558235,4.550589033304363,9.701374235444684,0.31518948327055113,0.14493806540846635,,0.0
HRV,2003,9.010668028268555,15.27491573352706,18.47932317296272,5.023686466284403,9.958872045097376,0.3676163888126572,0.21599887046395203,,0.0
HRV,2004,9.18183057400756,15.275194776312215,16.60049723485864,5.039692710173803,10.447892951726061,0.40491567160711794,0.2398388064278741,,0.0
HRV,2005,9.253730113444343,15.276482104205444,16.939634753047198,5.115733549065456,10.617276216925417,0.4869905768831443,0.21423943104670684,,0.0
HRV,2006,9.350209503587621,15.27671733544301,16.73132406178781,5.157905767315534,11.071964638743317,0.49824188808624315,0.1640735525012417,,0.0
HRV,2007,9.529216915908151,15.276498808840353,16.22012351948593,5.2148459207377105,12.12723164518167,0.3585244083998555,0.09572158670530762,,0.0
HRV,2008,9.6733268408701,15.276380014261793,16.96286484802922,5.421660384756295,11.911720175742888,0.4066642612429389,0.12606508232690034,,0.0
HRV,2009,9.580145496281666,15.275329739094865,14.924067641068106,5.275504305728762,11.050174197089508,0.3900409762098272,0.07336880506266148,,0.0
HRV,2010,9.527320092714133,15.273061526386682,14.07203408263274,5.131947565004494,11.40887739449419,0.36718724354994275,-0.0032794856192964517,,0.0
HRV,2011,9.595030619864286,15.269608884101823,15.261773872817006,5.257907209269525,11.67330355261455,0.4234242126494701,-0.034011758519464405,,0.0
HRV,2012,9.511010359247837,15.264866099491112,15.486338487642614,5.241077916693769,11.075334337315462,0.4395862047597766,-0.049825702279805026,,0.0
HRV,2013,9.556415661942227,15.258639308211553,16.233096234077497,5.30306355787603,11.418490940551102,0.4054637756671001,0.015857702290900732,,0.0
HRV,2014,9.560065205365872,15.250975487081362,16.909056768743863,5.283094993703334,12.178223618727921,0.4179528836409385,0.04007543909062079,,0.0
HRV,2015,9.416042708105973,15.239034468493696,16.092386870730547,4.989929971548855,13.454166641576695,0.42937959522848934,-0.01900792213891478,,0.0
HRV,2016,9.458776338376113,15.228171008679245,17.502106883067743,5.075291022319346,14.022124407729786,0.4566578367402694,-0.010181581830811127,,0.0
HRV,2017,9.539762807454808,15.212103456633077,18.74970239282555,5.180800172185967,14.657766465985732,0.5091800949520798,0.007225261621263001,,0.0
HRV,2018,9.646040822346537,15.198994724182652,18.40168052549937,5.2820943689790845,14.457571560190786,0.524867158463438,0.0486795603561351,,0.0
HRV,2019,9.652698839592427,15.18907169457196,19.480288755327273,5.295798410498909,15.197536834802337,0.5339029571655369,0.09637092935359881,,0.0
HUN,1995,8.413923246569604,16.150462642465264,6.307751107319093,4.31578772203666,3.7990253621732673,0.1269149425910534,,,0.0
HUN,1996,8.421125373057809,16.148744926378974,7.663274215207121,4.500933176680002,3.863066685106095,0.15162097897459065,,,0.0
HUN,1997,8.43512744967658,16.146730337015615,8.067754828012303,4.629656883587941,3.626164983850131,0.15885547096609431,0.13178395871873327,,0.0
HUN,1998,8.466273141684276,16.144403543646952,7.559791748351091,4.697599486973669,3.2750957720056455,0.1703782275872078,0.07454890668516612,,0.0
HUN,1999,8.476779341893819,16.1415709375421,7.367748048230009,4.834302090059762,2.8134716088744063,0.1898407135314866,0.04458052569479456,,0.0
HUN,2000,8.440294351700663,16.138973288459212,8.056949978077691,4.806596687550471,3.049758930859759,0.21521175606120124,0.006471551493405769,,0.0
HUN,2001,8.571861072650734,16.13667949662613,7.78995296971456,4.917116266481349,3.0114131173107324,0.19861299685028116,0.0215567129309683,,0.0
HUN,2002,8.803581168377747,16.133831982854158,5.579830048375196,4.778344517312694,3.1243453827532277,0.20659917185504156,0.019201529198573652,,0.0
HUN,2003,9.037187749575352,16.13096765017287,4.835047913805961,4.876175708923452,3.101025593234528,0.22319338505789793,0.024793687143533562,,0.0
HUN,2004,9.239051190717333,16.12875325638632,3.8542383367985407,4.771879651021759,3.357426517832037,0.2519241336773012,0.008502133883881413,,0.0
HUN,2005,9.324758169065877,16.12676446795395,4.20961466973715,4.879900025005619,3.5860778135166176,0.2711605407519432,0.03154431092529002,,0.0
HUN,2006,9.348230055293756,16.125207303107437,4.323375647239468,4.870873351721097,3.8046462397866425,0.2573300355363769,0.07066520856912391,,0.0
HUN,2007,9.542130626660903,16.123658151526826,4.01646187302126,4.962276738946536,3.916056238302747,0.3116191881683967,0.08447834463487922,,0.0
HUN,2008,9.665397370500393,16.121907177852076,4.760843428582662,5.249381820925861,3.940352581561533,0.30997377215887967,0.14287994794061448,,0.0
HUN,2009,9.476634073600291,16.12035808971257,5.361315795419331,5.151161823574588,4.053219457927794,0.29462118302045864,0.11848712151155887,,0.0
HUN,2010,9.487202372060642,16.118097950955676,5.000047868495954,5.107590495653789,3.990390822101109,1.2477034479071798,0.07745593378156705,,0.0
HUN,2011,9.561803999610937,16.115264346596206,5.108218697919728,5.1662790067157935,4.142110990403167,1.3768481161473434,0.03704762894434417,,0.0
HUN,2012,9.468863379701634,16.110099970530726,4.786321391587024,4.94979067027022,4.3914728111736245,1.2388212321716083,-0.0374290297988221,,0.0
HUN,2013,9.52802741036204,16.10528737406514,4.917946238885222,5.030215640597218,4.417317432030479,1.4106062211338826,-0.01700139108527381,,0.0
HUN,2014,9.57167955325056,16.10125849829261,5.302252617807578,5.092095550183744,4.676479435958653,1.6761920374964483,0.017093068827426096,,0.0
HUN,2015,9.455866846819688,16.09766383576494,5.532395160406317,4.96510797769187,4.93429362134489,2.0457530321997233,0.010880916879536785,,0.0
HUN,2016,9.48917294241958,16.093777855615187,5.799963925490441,4.951907466794516,5.41919341212971,2.192674201350341,0.043009974075573255,,0.0
HUN,2017,9.598060078716426,16.090390996721485,5.8938808843182535,5.03504296859216,5.6505992337013495,2.679854825185293,0.04720525982650976,,0.0
HUN,2018,9.717462569588667,16.088354124023635,5.967067926552936,5.116706535677824,5.9407864292069075,3.2169531070682864,0.07002193478331549,,0.0
HUN,2019,9.741724799142768,16.087102692806642,6.199348667564876,5.115230006886445,6.332966952262362,4.105631314194048,0.10295102685324445,,0.0
IDN,1995,6.918918875566013,19.113268052813396,,,0.021632107815225798,0.07993073843326218,,,0.0
IDN,1996,7.0201204022134185,19.12972267107747,,,0.02477309196159523,0.08434268345478513,,,0.0
IDN,1997,6.951395776181138,19.1459857492795,,,0.02510457070469934,0.0612493423970275,,,0.0
IDN,1998,6.120028813192011,19.161792929283727,,,0.021951439298589462,0.06011434536185151,,,0.0
IDN,1999,6.488093272121638,19.176824638926515,,,0.022196696647042494,0.037777575841671227,,,0.0
IDN,2000,6.638189608962425,19.191149039702886,,,0.023436004227921806,0.04589256952322587,,,0.0
IDN,2001,6.596199952495202,19.205029228983566,,,0.023519166331405585,0.05684131105919946,,,0.0
IDN,2002,6.781060933046636,19.218586486532395,2.9627833448327445,7.04907959354551,0.022662137451109298,0.054543356692115005,,,0.0
IDN,2003,6.9500583366990485,19.23182430629768,1.9001376598185256,6.906411192758283,0.019849098153314915,0.054304262048833596,,,0.0
IDN,2004,7.027172573595571,19.24453442024509,2.0347545476046913,6.889740190466326,0.023345229806805083,0.11749635296046493,-0.051847187629586955,,0.0
IDN,2005,7.1214256824195346,19.257372486362165,1.781937455858311,6.925980823083975,0.021665717726710925,0.11623568333314203,-0.022955828644870023,,0.0
IDN,2006,7.351360791581559,19.27062503658946,1.3413042993084483,6.911648327644512,0.020820541160359064,0.12766519383244193,-0.02076060573304943,,0.0
IDN,2007,7.508359317358647,19.283833689830768,1.3490916686889927,6.96510538450174,0.023225958495465267,0.12826127669533605,0.04691772485761447,,0.0
IDN,2008,7.6613175719805735,19.296807194132423,1.5973231294875612,7.175755024889763,0.02595792152632179,0.12394384123182488,0.1023868655991457,,0.0
IDN,2009,7.704579998126534,19.30947705663923,1.1217982578304566,6.8639573765444615,0.026001148227809596,0.11274250408358641,0.08558069044705655,,0.0
IDN,2010,8.028025819848873,19.322082470652692,1.0088808028911032,6.9919305183651685,0.028432191164752825,0.24110060279492457,0.09240086338087963,,0.0
IDN,2011,8.182968466153389,19.33484935371735,1.0121290819374174,7.074487542132781,0.03066500588736045,0.28425160946405015,0.08089947383017773,,0.0
IDN,2012,8.197613775535693,19.347707735380563,1.0309739825375968,7.070218264597827,0.03183239791367995,0.31423135457387413,0.06996269546261864,,0.0
IDN,2013,8.179368837713596,19.360111535537463,1.1289564391197529,7.065114361736631,0.03440263876759883,0.31940812202526075,0.1280443657937372,,0.0
IDN,2014,8.14353719189644,19.371865144657846,1.2984742257746011,7.111485316474888,0.03644582353054312,0.32917465888839026,0.09661848366680097,,0.0
IDN,2015,8.098102484191292,19.383088542833974,1.4002370601567047,7.054673177387267,0.03975183290155275,0.3441382331849241,0.07766840469306971,,0.0
IDN,2016,8.16663363448735,19.393833424836224,1.3484606971837183,6.994752187018523,0.04352912516419595,0.37514635010345,0.07242690968267773,,0.0
IDN,2017,8.242462424035638,19.404056718813333,1.4465073714403103,6.953079941772762,0.052516085688267704,0.40544035153040886,0.07926325581572798,,0.0
IDN,2018,8.258669460684752,19.413754152908577,1.7188419171950495,7.032750978517674,0.058566000693323655,0.4265727484930775,0.10728027752147398,,0.0
IDN,2019,8.320435589311186,19.42311020250093,1.6446253342692525,7.041123685704579,0.0591105603487719,0.33514389685519524,0.12010952203164216,,0.0
IND,1995,5.927395263522714,20.68275738076787,,,0.0022118064051589222,0.01485013485000439,,,0.0
IND,1996,5.994078015705835,20.702734971709337,,,0.0023354601515592375,0.013672445168739231,,,0.0
IND,1997,6.031233466227932,20.72239922354547,,,0.002376058231930711,0.01605370633046429,,,0.0
IND,1998,6.024973943371503,20.74175886198974,,,0.002315775858341978,0.016218284423767625,,,0.0
IND,1999,6.091146953503289,20.760779153904945,,,0.002390616708827517,0.015416106636369033,,,0.0
IND,2000,6.093005771156922,20.779573136524686,0.768154227284499,7.213951204220546,0.0025039635857791896,0.016352312376295256,,,0.0
IND,2001,6.110042601129341,20.798279218735953,0.6884473965170791,7.183342428538194,0.00235365372850595,0.015644085066166824,,,0.0
IND,2002,6.150922395342948,20.816392161145746,0.6408524312129866,7.2328979982514685,0.002172010909835873,0.016065062769019815,-0.04322783352795234,,0.0
IND,2003,6.299212325381948,20.833735981587672,0.7503693998982164,7.422242569234091,0.002440896008834704,0.017420337244328656,0.06981865022930904,,0.0
IND,2004,6.436565068443289,20.850771686266757,0.8893711810710719,7.509014245724163,0.0030431565380893825,0.02106888451727368,0.1433317177659436,,0.0
IND,2005,6.565952171054346,20.867085900952766,0.9335874673113458,7.577800186692099,0.0033940247369167063,0.024144827835137682,0.2306361652717584,,0.0
IND,2006,6.686694998225906,20.882727153205458,0.9481421154202514,7.603260818768681,0.0037915253125580597,0.03435034456115073,0.25061843690864977,,0.0
IND,2007,6.92940627255353,20.89778706764467,0.9232895178808561,7.700995288194406,0.004268163556138333,0.04358654166598019,0.21493196648014887,,0.0
IND,2008,6.900246745287388,20.912174785819346,1.0394570462878876,7.765945174921988,0.004373594317431538,0.04129204109052047,0.17451112400638208,,0.0
IND,2009,6.998463747119229,20.926634959014873,,,0.004216969088016454,0.04442698759590048,0.16916174043788637,,0.0
IND,2010,7.206020692819629,20.941180995203176,,,0.004645022626165771,0.051769367289064526,0.16747438140346382,,0.0
IND,2011,7.276183770962892,20.955349271357615,,,0.005002279712267729,0.05867066915011261,,,0.0
IND,2012,7.264955481588601,20.969089833017946,1.0034812205783976,7.933108998043591,0.005144389748689929,0.056427049086139124,,,0.0
IND,2013,7.267416542013345,20.982416876068694,1.0255711436440669,7.913074105295435,0.00537725058802122,0.05833257412209066,,,0.0
IND,2014,7.3485128568082665,20.995029778781227,1.0178868359654683,7.367444201850222,0.009987981266375604,0.06303461147333163,0.061875447338588074,,0.0
IND,2015,7.367707410176631,21.00695833511966,1.0207320219028633,7.387944736256908,0.010002827523141068,0.07449249629730852,0.05591841775248518,,0.0
IND,2016,7.442790820785551,21.01887463175987,1.0071043822826735,7.369099353436257,0.010841223139504287,0.08897529113066752,0.05825511505916055,,0.0
IND,2017,7.575638333608507,21.03049859319457,1.0514150709133712,7.491982749789071,0.01143155621408746,0.10278502805191955,0.0869854896044128,,0.0
IND,2018,7.5838857692925234,21.041471583864862,1.0782004662993476,7.422178853279042,0.012674415392353606,0.11932823333495293,0.09398468569827792,,0.0
IND,2019,7.621405153982032,21.05187172337467,1.1165513521764328,7.477258388480153,0.012896766791364306,0.12058708478350327,0.10085778095999309,,0.0
IRL,1995,9.86049948864461,15.098897226129056,3.9019375498607705,6.327830304052763,1.33505466159357,1.825101188996689,,,0.0
IRL,1996,9.944432629709466,15.106809939599,3.987726922724456,6.348154008284232,1.4540166212601477,2.110454679162394,,,0.0
IRL,1997,10.023539741201391,15.116838086951185,3.839160824953295,6.344508421272132,1.5206151265142531,2.4396523732836606,0.08238084175185101,,0.0
IRL,1998,10.098019868941945,15.1272688553123,,,1.633314443197073,2.8015221283940295,0.08238084175185101,,0.0
IRL,1999,10.178772133475317,15.138541850877248,3.4410595548843044,6.27564604396424,1.7052902615488605,3.182285222113857,0.054685454383856226,,0.0
IRL,2000,10.178637697571322,15.151872277535919,3.509713468778894,6.27134846254158,1.7465692764640985,3.6747391840688493,0.03706226469635787,,0.0
IRL,2001,10.249995331446137,15.167793792439848,3.465126122900715,6.390930268734205,1.6431972848059473,3.99634658245744,0.04166063069454132,,0.0
IRL,2002,10.395296537467102,15.184645281012877,3.287815204036352,6.481381311174739,1.6470211831441268,5.017565343581691,0.07257087960122846,,0.0
IRL,2003,10.626279201201125,15.200934790632179,3.161459656852392,6.645952654518177,1.6924720275459582,7.222195754757701,0.10344295366233532,,0.0
IRL,2004,10.77382234872603,15.219217928811268,3.1254483178909354,6.772764047091869,1.708243842779654,8.537252147404761,0.14108569460054418,,0.0
IRL,2005,10.838266746796547,15.241004958946831,3.1994979780528543,6.8292001683193035,1.76277682663632,10.306113059068048,0.152590785404335,,0.0
IRL,2006,10.902816412589882,15.267965015382789,3.3026012652212793,6.865244570297548,1.8721960056542613,11.87240636738518,0.14546713062272687,,0.0
IRL,2007,11.025106764895098,15.296874615429205,3.4286228917313304,7.0133558042415,1.894091806620774,13.66216194712274,0.13846583201282137,,0.0
IRL,2008,11.024401085580001,15.317261695540926,3.6202909932217917,7.124850172798723,1.7877093976582032,15.468667196490333,0.13030728030786562,,0.0
IRL,2009,10.861555162715955,15.32741832830016,3.5801422974132717,7.0711432145655015,1.585094948047295,17.142398809359754,0.07069461747504562,,0.0
IRL,2010,10.79187182912164,15.33286717214095,3.69137948548525,7.045186402868535,1.5644205076362536,18.592400039033762,0.0040730738206413266,,0.0
IRL,2011,10.870734748752769,15.337227896533534,3.9555827554846594,7.130321992922267,1.6659083108519408,19.640760630085957,-0.013957693368139701,,0.0
IRL,2012,10.80640609001531,15.341465334566513,4.078497025223298,7.111371661746665,1.6414709928160098,20.140564094309706,-0.003051989562030499,,0.0
IRL,2013,10.869284589515651,15.34673089615507,4.184432052026813,7.115281138529561,1.7864032651818325,20.201503693053528,0.0488881598192787,,0.0
IRL,2014,10.954563305539118,15.354040909920927,4.165627821962091,7.138562569215123,1.8921193540214782,21.136675726854655,0.06737598548986376,,0.0
IRL,2015,11.070539158679278,15.363489362995674,3.7987246781099846,7.093778345048256,2.0263902881289644,24.65542283776734,0.05530779260902925,,0.0
IRL,2016,11.06866064668071,15.376329911503914,4.141357470075856,7.132798015800328,2.1206360564399938,28.148835476855464,0.07461358803186932,,0.0
IRL,2017,11.186660621746835,15.389827900159315,4.103282937725135,7.231768721006077,2.1415054961786204,31.889439030377353,0.08123218097498501,,0.0
IRL,2018,11.299783138220054,15.4043420081134,3.8597169275820997,7.242892978371881,2.2306963913187814,34.21761539658254,0.0858077520704196,,0.0
IRL,2019,11.312370715854257,15.420228549073858,3.6364369169638895,7.209492077959712,2.2005620063756215,34.19337938484737,0.06985241630020234,,0.0
ISL,1995,10.22428649884595,12.496755211994193,4.191171587524399,7.289238422403816,0.7888794173508606,4.101425217222247,,,0.0
ISL,1996,10.260585638297005,12.502154342160287,4.059029685393154,7.2435866953315005,0.8292552321170923,4.607758556575288,,,0.0
ISL,1997,10.25631693610966,12.510346313074875,4.069053758585544,7.249976493430272,0.8224897465403794,4.921660617863149,0.00802585450525406,,0.0
ISL,1998,10.358351044487224,12.521054903506846,4.306685790656679,7.285385588096857,0.9304973234518167,5.811776812006699,0.05630475302249742,,0.0
ISL,1999,10.39923268234493,12.53314729136642,4.172319111056806,7.209571862368823,1.013047036386775,4.867672984090475,0.05895506181090369,,0.0
ISL,2000,10.389105484200574,12.546839219699402,4.223116698159129,7.070579040062825,1.1664088476378442,5.0917231201436675,0.06164466301228764,,0.0
ISL,2001,10.282204708623219,12.560132172245083,4.601483963652897,7.0597325173974115,1.1545155947334438,4.765257853513377,0.04342275217364637,,0.0
ISL,2002,10.396639279192843,12.569058136019713,4.407298201417173,7.1834611603872025,1.0955645287507434,4.169822935904258,0.02266330683753175,,0.0
ISL,2003,10.595239019780204,12.575983112224474,4.202448097544081,7.241761423108157,1.201985348213083,3.9160371786502535,0.05645158931259928,,0.0
ISL,2004,10.774981887928273,12.584762473801348,3.9960059293401122,7.228227174256909,1.386634893896752,4.563264789060306,0.09752168205528093,,0.0
ISL,2005,10.964463298311118,12.600591393579396,3.70339901612883,7.2999233589468115,1.4457392816461883,5.152523809202855,0.1307260461574707,,0.0
ISL,2006,10.97116187077452,12.624065617882234,3.972464406133172,7.294172192119607,1.5702049496020172,5.056774265756364,0.1318726142582424,,0.0
ISL,2007,11.163126991292632,12.6493664727763,3.861547136259539,7.360920343865043,1.729970535937811,5.522091627456141,0.1342918465427317,,0.0
ISL,2008,10.959354817937792,12.667962194482293,4.827947154126996,7.35909199939562,1.7674078648074754,4.484433578859155,0.12026529640089514,,0.0
ISL,2009,10.633057891747063,12.671374614272,,,1.7676664604912418,4.284631976866489,0.11712451128965569,,0.0
ISL,2010,10.686851685776368,12.66993558426906,,,1.7576350218996921,5.821314993208643,0.11356211095518454,,0.0
ISL,2011,10.784253773564156,12.672990267951304,,,1.968565642887146,6.7411680992056775,,,0.0
ISL,2012,10.749248237388331,12.678311275300475,,,2.385287918282842,7.483755097968296,,,0.0
ISL,2013,10.823239009310038,12.687770134304166,,,2.7798025722439803,8.038923413350465,,,0.0
ISL,2014,10.917637302905414,12.698895181856445,,,3.3660571924272875,9.273098969126965,,,0.0
ISL,2015,10.887543402130701,12.709314585722742,,,4.198721339721597,12.49937276121095,,,0.0
ISL,2016,11.04857129767277,12.723195400681126,,,5.637388616112021,17.02495535700977,,,0.0
ISL,2017,11.197891010195512,12.746651227445513,,,6.852067559697146,21.090888177053,,,0.0
ISL,2018,11.23365941339099,12.773432655137803,,,7.053733687532072,22.169761823034154,,,0.0
ISL,2019,11.14614700102435,12.79542197772042,,,6.1071158160987125,12.913185767813115,,,0.0
ISR,1995,9.852927847021714,15.528407178766605,3.311129021270609,7.229724204365607,0.45626690712353474,0.622795311091073,,,0.0
ISR,1996,9.914077430106076,15.55457223819188,3.047318858211807,7.303569446443661,0.4146170063246662,0.6490864371047084,,,0.0
ISR,1997,9.926099256214835,15.579556188624814,3.1326089556741,7.396108046896069,0.3932488005483208,0.6431802604523646,0.03444869165177167,,0.0
ISR,1998,9.912230491272519,15.602424975529129,2.9866689166503457,7.399676054146208,0.36844749623178696,0.6194104840060292,0.015517954714372806,,0.0
ISR,1999,9.893884365029608,15.627889314395064,3.956177421334089,7.5340229307025375,0.4189387755102041,0.6584816326530613,0.06627577286111937,,0.0
ISR,2000,9.984617546133617,15.65431263352564,3.380253127554382,7.453372776532306,0.42486881857211,0.7064663698521227,0.0797468239938457,,0.0
ISR,2001,9.949835430692824,15.67788380652032,2.1158112417099884,7.7584459475376475,0.1893151110420873,0.6161111973908993,-0.029266156704736444,,0.0
ISR,2002,9.855281397864642,15.698024390460793,1.9374526536692804,7.942383123589546,0.13121765229618537,0.5644045662100456,-0.1308163048872167,,0.0
ISR,2003,9.88451022379156,15.716079588049604,1.8837758615672624,,,0.5497823519739301,-0.19685688014518413,,0.0
ISR,2004,9.930619600483999,15.733755824465105,2.0782499256560385,7.5658964877928225,0.22114848712411952,0.7297592891760905,-0.10652479176219565,,0.0
ISR,2005,9.964664841612564,15.751384801076405,2.545029446393914,7.579271439415788,0.2764750869395824,0.63382173417411,0.07272903910047646,,0.0
ISR,2006,10.021259662434987,15.769062859812223,2.3540306309552905,7.6192714255144605,0.2600053872435743,0.6177114138678991,0.12798672711325168,,0.0
ISR,2007,10.153814333652635,15.78682386850402,2.3448230981456692,7.541870400658801,0.319494157462988,0.6493802314730993,0.13685102643844474,,0.0
ISR,2008,10.316623798795124,15.80458965956372,2.4444170916658123,7.484457519666551,0.4151160245183888,0.6243215028458844,0.13808934242804832,,0.0
ISR,2009,10.256595001243982,15.82849173294384,2.3166151842213676,7.496555217858884,0.366036122688896,0.6152415304050444,0.09185726398329734,,0.0
ISR,2010,10.35452898955106,15.846759257042624,2.355321341805751,7.400651085108573,0.4517550763418857,0.6669812162233065,0.09553734635435376,,0.0
ISR,2011,10.44803974366019,15.865240035658584,2.1984067499362063,7.467795893806994,0.43292384557933505,0.6633532926420974,0.06592742899360467,,0.0
ISR,2012,10.412372494412955,15.883701548871256,2.3494131421552935,7.471097879948563,0.4449781935402313,0.6803590164970609,0.04462577284659126,,0.0
ISR,2013,10.518149330495294,15.902362077819124,2.214428294037355,7.530698200868834,0.4392332030522985,0.6905966871394007,0.06728977773958142,,0.0
ISR,2014,10.55230046303586,15.921557515805082,2.1044812544316973,7.618283595381759,0.3957057828304344,0.7165217814671909,0.04344161292800379,,0.0
ISR,2015,10.49510397493118,15.94137040556129,2.181011108290573,7.661281085879809,0.37099795945155783,0.7555038722688273,0.029818794347097465,,0.0
ISR,2016,10.533994572122165,15.960973895186108,2.060520278615388,7.675568675104421,0.3592323894219518,0.8034720336999766,0.013613202323182704,,0.0
ISR,2017,10.62165064786627,15.980361151930218,2.127261759380184,7.58472256586505,0.44334523085398186,0.8026681050807386,0.028268344306935235,,0.0
ISR,2018,10.651818155476327,15.999627380582242,2.1434444694451193,7.514077481633423,0.49410095915702257,0.8335629531228892,0.05324497438647526,,0.0
ISR,2019,10.694030640853509,16.018717206978042,2.118946727184503,7.452731149286688,0.5417495029821073,0.7807000220896841,0.06907407063311695,,0.0
ITA,1995,9.938477205684531,17.85582656205756,2.582961581123627,6.302471802990459,0.9799750733156144,0.4163266809692433,,,0.0
ITA,1996,10.048580205822462,17.85610760613763,2.4250509331751733,6.278770326046386,1.0517886818040874,0.4544208988344606,,,0.0
ITA,1997,9.993510473327628,17.85663667564024,2.523317136210337,6.294632237643793,1.0194695158611373,0.4954072017669352,0.016240550393270325,,0.0
ITA,1998,10.015260732441934,17.85692441579901,2.4623451356434334,6.2836089472216665,1.0279800931854404,0.4825913076313064,0.007535799902654361,,0.0
ITA,1999,10.001067838336493,17.857092624243567,2.356166406456323,6.208186421387555,1.0457633792432492,0.4968873864413961,-0.007332909065950588,,0.0
ITA,2000,9.912942887810507,17.85754566055495,2.497431062143713,6.126677087770662,1.1011534732785095,0.5341940800646158,-0.02701034774312703,,0.0
ITA,2001,9.931610304334434,17.858157902127378,2.2971883040959082,6.0905554497522125,1.0699057572039488,0.5446247494229293,-0.039608298188172596,,0.0
ITA,2002,10.019108093371198,17.860136445084052,2.2011376692887517,6.095538068899157,1.1133507785905943,0.4947401309207049,-0.030390317908963384,,0.0
ITA,2003,10.224758041301303,17.865540645160873,2.060924971991644,6.249225500396252,1.0980295469008758,0.6332105871052104,0.017898216521676245,,0.0
ITA,2004,10.352911815021281,17.872986740791998,2.090292201597664,6.473836862000562,1.0112716846919907,0.6211866536554782,0.07469019681625966,,0.0
ITA,2005,10.375449383055823,17.878823274548928,2.0570705039054142,6.473446628558968,1.0182805338630112,0.6209012231435171,0.10031864092671369,,0.0
ITA,2006,10.420408423466537,17.882824067658635,2.1273753297065925,6.442451752962109,1.1361842111233793,0.628582506386445,0.09419071265417393,,0.0
ITA,2007,10.54075661432657,17.888908037250598,2.075748012419324,6.486946288333422,1.1959749573521945,0.6438591116958168,0.07879843384388821,,0.0
ITA,2008,10.617137594536134,17.896620950264115,,,1.1943521275145652,0.5180110830756779,0.06729173490949378,,0.0
ITA,2009,10.521361827943437,17.90241843647352,,,1.2037856348135638,0.5573713030547967,0.09221534270619713,,0.0
ITA,2010,10.487290251657043,17.90684069804439,,,1.2241010680697655,0.5457286462234572,,,0.0
ITA,2011,10.556655463643741,17.910302370155193,,,1.2638679420094754,0.5651366945181373,,,0.0
ITA,2012,10.458934518544362,17.91303750103654,,,1.2675098756468695,0.5162372222614361,,,0.0
ITA,2013,10.482952874237286,17.915035230219583,,,1.2727565419283349,0.46170577464078105,,,0.0
ITA,2014,10.492061390931298,17.915186002417567,,,1.2880154073790946,0.4508226171818576,,,0.0
ITA,2015,10.330057804498121,17.913674566804808,2.244194783213188,6.236110104375298,1.3459825944400599,0.47491460387296247,,,0.0
ITA,2016,10.35429464189032,17.91177366194095,2.2480392393297888,6.213677432929239,1.4127037339610302,0.48440377572915266,,,0.0
ITA,2017,10.399527880336425,17.90989265281535,2.3706553216801187,6.252863503539035,1.4987937452747606,0.43811690601212766,0.060253900065541544,,0.0
ITA,2018,10.464882796805185,17.90780670695311,2.4578990752614307,6.316261152078259,1.5569961331789262,0.4549934105993329,0.07562121583157833,,0.0
ITA,2019,10.428594374550325,17.905329578686892,2.5703023027954552,6.299198632602266,1.5971951753284133,0.46477026827183227,0.06476063950103743,,0.0
JAM,1995,7.8750620212589135,14.731861688014423,18.228753129163998,6.528485162513315,0.7007576742364762,0.4505327878196157,,,0.0
JAM,1996,7.98238115539936,14.741538924806104,16.47305658570711,6.505579647524371,0.7213415288716848,0.5499387394467655,,,0.0
JAM,1997,8.100742870608764,14.7507596392637,15.357066577224543,6.518440560986544,0.7472973269990989,0.5495225774849991,0.03657717116410275,,0.0
JAM,1998,8.137247728063013,14.75931372785955,15.704669149240905,6.588511346321102,0.7389864172817753,0.5657779631837667,0.04792189184570859,,0.0
JAM,1999,8.140772617807508,14.767089279963997,16.72094410142312,6.60421707862005,0.7772815995088415,0.6447614579532357,0.05540734703817911,,0.0
JAM,2000,8.14702549344055,14.774027482011538,17.512367672550766,6.561278001491011,0.8551184013043815,0.7370595277445657,0.06580740053083751,,0.0
JAM,2001,8.161532095328207,14.780363999570634,16.248441796733694,6.559212373540035,0.8066596479275477,0.7415488398694865,0.04270705454858721,,0.0
JAM,2002,8.210843428083635,14.786506118320332,15.248467457364178,6.5445564527395526,0.8070221149054069,0.7634709449316285,0.014798719582461928,,0.0
JAM,2003,8.174620508357423,14.792566325325815,17.18939170152981,6.481331015209647,0.9346452244070762,0.6918734799781527,0.011177881180893223,,0.0
JAM,2004,8.244744612865304,14.798422016680323,17.032502051678144,6.535336486163904,0.9411632628240512,0.7513457886218413,0.027024556154804813,,0.0
JAM,2005,8.339128102677662,14.803960450005311,15.857535435314011,6.524788520346254,0.9731804131346234,0.5856890005679056,0.05101419882003313,,0.0
JAM,2006,8.393216299428417,14.809120785240669,17.55212544776725,6.542899941284772,1.1166367021008765,0.5651940341388717,0.07866212672763631,,0.0
JAM,2007,8.458819336376106,14.81386042469399,16.734897903869825,6.61170495685984,1.0612425381384036,0.5962727540717813,0.07466155602589168,,0.0
JAM,2008,8.52313569030631,14.81821198645572,16.207855585476473,6.655691056859401,1.0489298823943778,0.6031827445714485,0.06805499941124929,,0.0
JAM,2009,8.395789453923229,14.822371161203463,17.078562380962662,6.622612660098945,1.005847654087786,0.504202601758498,0.03578341155616407,,0.0
JAM,2010,8.478447660450913,14.826590606744496,15.84654204658125,6.606325656524764,1.030354715619188,0.0,-0.003323648289676839,,0.0
JAM,2011,8.562670531224546,14.830920207184585,14.261324135852158,6.506506165443722,1.114655565272013,0.0,-0.013692211629147622,,0.0
JAM,2012,8.583136974520833,14.83523474991678,,,1.1924557157439502,0.0,-0.021510017915102254,,0.0
JAM,2013,8.541732233993164,14.839286865955009,,,1.1761379781563086,0.016622558498854217,-0.002421312237894213,,0.0
JAM,2014,8.51220341407704,14.842894979402118,,,1.2542286368603621,0.027290926994515255,,,0.0
JAM,2015,8.582851182445014,14.846034565879837,,,1.317379200395071,0.03312573549509123,,,0.0
JAM,2016,8.575895125306593,14.848664791742095,,,1.3655217328638054,0.04866481726315565,,,0.0
JAM,2017,8.631492015224202,14.850744185929901,,,1.5185931775532324,0.05374243011843322,,,0.0
JAM,2018,8.695657924625895,14.852281839485848,,,1.5315076041710622,0.06416491063959856,,,0.0
JAM,2019,8.704616539273971,14.853406699794329,,,1.499324719447761,,,,0.0
JOR,1995,7.255387521803536,15.374096341840762,14.462816297961695,5.693455712469327,0.6895904459842562,0.2672504932560285,,,0.0
JOR,1996,7.251468551548836,15.407296792151806,14.810530173466892,5.781585975825307,0.6440691490877587,0.2644673320147965,,,0.0
JOR,1997,7.269530352051931,15.434162886968682,14.670488388842385,5.847824494836939,0.607972003166686,0.268197297615969,0.04423314807797141,,0.0
JOR,1998,7.3344036321081685,15.457277025563473,13.687600270954409,5.752600340040333,0.6657263620668422,0.22978984114738848,0.03567458470561924,,0.0
JOR,1999,7.342512167231409,15.478762943941161,12.466365540037732,5.750836941296066,0.6123442227378894,0.23731892160705204,0.014055631317512151,,0.0
JOR,2000,7.359219376635892,15.499488991846304,11.05097771183757,5.847294756278403,0.5012117257555071,0.23798219584569733,-0.023097474308757526,,0.0
JOR,2001,7.397741997245756,15.52005753907212,9.848688215974986,5.674575181711303,0.5517473150055265,0.21423544443664488,-0.05157303491209149,,0.0
JOR,2002,7.442063482379333,15.54114197675548,13.086340889019718,5.5914368424491165,0.8327893582447214,0.23142516487519912,0.015403538288296303,,0.0
JOR,2003,7.4819366185427265,15.563288184494885,12.41708744310874,5.617561299209072,0.8011385920999375,0.23571656970567562,0.07335251410355674,,0.0
JOR,2004,7.570487794069512,15.58741776866454,14.204711465967948,5.670356051258664,0.949837140417279,0.2822539582639486,0.14596645249604556,,0.0
JOR,2005,7.643900066214434,15.612189075478822,13.972517253742007,5.711716079808934,0.9647426929904155,0.2881067973643966,0.1632792164742643,,0.0
JOR,2006,7.759031470625984,15.676076147909107,16.11212694606295,5.911028740222556,1.02265763093495,0.3183972109280762,0.16486938786556954,,0.0
JOR,2007,7.826525332732709,15.736429146177212,16.09543907083332,6.044555887084104,0.9563179897196915,0.3290079559387728,0.19575847209372732,,0.0
JOR,2008,8.207900653061115,15.759971943783038,13.796399156876069,6.211504696298194,1.0157562391038684,0.3369571033264443,0.20099108517706163,,0.0
JOR,2009,8.254618313795666,15.781468822388387,12.642696334196057,6.194506202637597,0.9920533516070914,0.325375296513335,0.17375710529268354,,0.0
JOR,2010,8.328219839995185,15.802979755563065,14.535088961049226,6.297940188927996,1.1070237629132786,0.4216826865470534,0.14178472296220904,,0.0
JOR,2011,8.381013266436383,15.827800032836134,13.330150539338154,6.459328430929149,0.9107772500596223,0.43675461928426246,0.11301876325879157,,0.0
JOR,2012,8.432470705052733,15.841963553339202,14.698448874851785,6.698726093803402,0.8321990656015116,0.45318287146109454,0.09654669141279122,,0.0
JOR,2013,8.463586177478076,15.893927700126044,13.584745578944313,6.86142080931679,0.674315414695221,0.41228600433268614,0.09410001228457965,,0.0
JOR,2014,8.436114277650214,15.989319789990201,13.612893989976344,6.9429825268423695,0.6059117054588925,0.3653208533948458,0.0624992162963494,,0.0
JOR,2015,8.398774219626276,16.071499622910746,11.718625803681244,6.940283461317789,0.5038382965089947,0.3211348378775343,0.03394985526233043,,0.0
JOR,2016,8.381618569155604,16.11873214835087,11.314190561404747,7.062108285567799,0.4233304654926208,0.3179258765943724,-0.010654356591931346,,0.0
JOR,2017,8.400512438695115,16.14124815135525,12.186065955704404,7.1029544962789695,0.4460522955033434,0.33042821215791013,0.004114168264523243,,0.0
JOR,2018,8.419354666601569,16.163289451194576,13.114553538276208,7.141970992546155,0.4704507782509898,0.32342821936196475,0.035043076618816116,,0.0
JOR,2019,8.42459387031603,16.183123833442203,13.908227629278311,7.140367015759487,0.5023477095109011,0.3259444835034391,0.08474480651912017,,0.0
JPN,1995,10.71324989507888,18.647593184074196,0.08677843861741966,7.288298550422425,0.026659334353481254,0.7316134276970161,,,0.0
JPN,1996,10.594876152074319,18.649862031398804,0.11500681354797156,7.316602724125179,0.03051122402729073,0.7626891862878409,,,0.0
JPN,1997,10.500427507638351,18.65224474357472,0.13483178078864236,7.288903079439595,0.033461053333016015,0.7536082883140167,0.11624945874678083,,0.0
JPN,1998,10.399253931177723,18.65496203967703,0.1364701197119843,7.229436316776813,0.032484177215189876,0.8045981012658228,0.050533180021900034,,0.0
JPN,1999,10.519449022994625,18.656787903418433,0.12188142827534026,7.1606457517185085,0.03504671052112042,0.8370343438810401,0.02907607644361505,,0.0
JPN,2000,10.590439014151112,18.658460659199566,0.11839642834270772,7.134884988936504,0.03750305495770362,0.8603022003579228,-0.0010997243273958902,,0.0
JPN,2001,10.460533366735874,18.660870185074774,0.12953972682121645,7.094189629555727,0.03753077098522206,0.8480087849688162,-0.00900014843964705,,0.0
JPN,2002,10.413790535273971,18.663195456945832,0.14293631144640379,7.054818485409773,0.04110792891051042,0.8555678214131586,0.01442325384870884,,0.0
JPN,2003,10.485945647995875,18.66533526643363,0.2509066966257635,7.696962375666147,0.0408086565715091,0.8142043173241047,0.14105998368488812,,0.0
JPN,2004,10.563015145280676,18.665671889016355,0.2902568689501848,7.756518341096669,0.048042829971587576,0.7963353449018088,0.2444001082952479,,0.0
JPN,2005,10.549508424394011,18.66576580998193,0.3190139741101911,7.7457951965842415,0.05265588191558467,0.8004743959991547,0.28503041423853437,,0.0
JPN,2006,10.50107126824526,18.66639954587611,0.24719996392669882,7.356711301193667,0.05736230387786068,0.804396569524614,0.15807135743400344,,0.0
JPN,2007,10.49487753748967,18.667548634353373,0.2686029385327277,7.3053221802506485,0.06521042804353092,0.780012171779908,-0.006318825007040729,,0.0
JPN,2008,10.603963018771745,18.668032888299354,0.2670634382814912,7.408664818704053,0.06521009190788908,0.7576151659729977,-0.030479111897377464,,0.0
JPN,2009,10.637732968809884,18.66790794198706,0.23491756450284448,7.52098860954542,0.05302740400009372,0.678629932759065,-0.02494533962453893,,0.0
JPN,2010,10.722785722034383,18.668087547402255,0.26423115564837535,7.48622110040666,0.06723666744748966,0.8559148978351526,0.05892735485525513,,0.0
JPN,2011,10.802063859040675,18.666235282538146,0.19958841596929164,7.60851132248977,0.04864940977681819,0.7023915420900706,0.012600758823009173,,0.0
JPN,2012,10.812283932432166,18.664638175779704,0.2557231038741671,7.569362154860673,0.06548668406083256,0.7749638326712581,0.03227513095180008,,0.0
JPN,2013,10.630291797045853,18.663195456945832,0.3198795492813621,7.3946574847958875,0.08132135430970222,0.8440739142375142,0.0646432155525158,,0.0
JPN,2014,10.57573911016069,18.66186851472436,0.41698730550505875,7.346002994932105,0.105385147239071,0.8685612369967629,0.09028069523469676,,0.0
JPN,2015,10.481915130021001,18.660807264786893,0.6017282959210754,7.231597332848362,0.15523709896886134,0.8976490667841216,0.18055899319832847,,0.0
JPN,2016,10.601994565078419,18.66029589063476,0.6546704563095378,7.238308910204371,0.1891702603166609,0.9262803361767761,0.19319068376886223,,0.0
JPN,2017,10.588599122035406,18.6594771476743,0.7339479941260909,7.161494935454162,0.2259632044860284,0.9757899379390732,0.20459243862054563,,0.0
JPN,2018,10.612642868604274,18.658208346993412,0.878413269503891,7.2804027780883676,0.24596446680493017,0.9966605972667987,0.18605960183704723,,0.0
JPN,2019,10.63163659691,18.65680369721463,0.9380727844801434,7.341821591521928,0.2517590201606216,1.028431388342691,0.14820248140044257,,0.0
KEN,1995,5.8291363117076065,17.09648759865309,8.677561459655065,6.69202769312201,0.036614131152494435,0.027832754317563532,,,0.0
KEN,1996,6.087971916542179,17.124015400808617,6.832219794388951,6.709960691697272,0.03668052444446102,0.028474034229768047,,,0.0
KEN,1997,6.145737679319215,17.15134305047418,8.2114924496925,6.980935176823305,0.035620534622590294,0.029738342441657052,0.15812547968699064,,0.0
KEN,1998,6.190076114736486,17.17893881507512,8.606499925600142,7.212901412752673,0.03094704500202281,0.039407288624499735,0.15744830499642504,,0.0
KEN,1999,6.072402013676069,17.20778182008974,9.390501068646442,7.130692410644463,0.03258960425928975,0.045665804606051213,0.12549317598083504,,0.0
KEN,2000,6.027377789708821,17.23791121953753,3.9353500387714977,6.178276169174802,0.03384145555461642,0.05074420199922396,-0.08794291381130499,,0.0
KEN,2001,6.017864122678037,17.269274140191722,4.1275195864425305,6.290152233396365,0.03143662531306166,0.04485199959391723,-0.22818448426930296,,0.0
KEN,2002,5.998778697390905,17.300736784396506,3.901812182276331,6.239276344837686,0.030677471347670817,0.04903010768558614,-0.2536219710028849,,0.0
KEN,2003,6.093340527638838,17.331589674280117,4.153103203620477,6.291827654392049,0.03405421389249679,0.04986773087768971,-0.13165251949884116,,0.0
KEN,2004,6.139157523565561,17.36263792192203,4.964170649808644,6.3751412220969454,0.03920669953480574,0.057772209651848254,0.10814768063019571,,0.0
KEN,2005,6.260453573979811,17.393360234257283,5.171338474703764,6.484898428162103,0.04131690699008316,0.06772681920380784,0.1627346002235434,,0.0
KEN,2006,6.550797967515461,17.42383072099844,4.572997379488418,6.6034883821827846,0.043382821724946515,0.07276033540855509,0.2115841281259357,,0.0
KEN,2007,6.733641671988711,17.454052813117308,4.737438992929553,6.7253236445833595,0.04777009486373153,0.07512456045663057,0.2179566193056683,,0.0
KEN,2008,6.819518811587653,17.484349306943752,3.8946762177927354,7.057979485801214,0.030683804264263207,0.07347141283308921,0.15651197761615876,,0.0
KEN,2009,6.954608170181377,17.514560392976016,2.6542475642942644,6.625872910496269,0.03687307330458537,0.07297700894587777,0.046544994372213114,,0.0
KEN,2010,6.9953253366415975,17.543576277522792,3.5678406684400588,6.914568560216184,0.0386792170028357,0.09710870569171288,0.033426782051437696,,0.0
KEN,2011,6.999554756272704,17.57107765189249,3.934330548317675,6.919208908420013,0.042634836646716544,0.10544575052912968,0.05417474456709677,,0.0
KEN,2012,7.158518169861563,17.597158396072984,3.5533991066856743,7.065822467294699,0.038985330556070945,0.10602961192515555,0.12152484524849001,,0.0
KEN,2013,7.223207311067557,17.62187947131192,2.9657163638544213,7.09281431353268,0.03378769559269075,0.10039613627920249,0.11864702698527836,,0.0
KEN,2014,7.301698034030998,17.645269590534987,2.555436253328082,7.16440524218619,0.02931504422011559,0.09659916233190581,0.014048905709451987,,0.0
KEN,2015,7.305940350326721,17.667539919967243,2.2760836113154,7.208894240794529,0.025080419803329583,0.09704005175273483,-0.04272638797817976,,0.0
KEN,2016,7.348668675089778,17.689617488428517,1.9675160910943073,7.001707685326002,0.02783566083427173,0.10070726051874829,-0.07533151962129772,,0.0
KEN,2017,7.419071465787415,17.711358773927564,1.9064682094293368,6.984128257766711,0.029452556849837448,0.10385788655525538,-0.048317798991892855,,0.0
KEN,2018,7.515591139521756,17.731667148346524,1.9348615416602475,6.781043612581453,0.04033293533523053,0.11762010353320099,0.0023953100102357184,,0.0
KEN,2019,7.580907938995519,17.751305303329204,1.7553570931907112,6.756852937239362,0.04001732169983505,0.12533554164890154,0.03901340708238728,,0.0
KHM,1995,5.8391440966807515,16.11994364236987,2.0632303423810687,5.776807609671091,0.02195938173161104,,,,0.0
KHM,1996,5.782765762829189,16.195174277773575,3.3364742582872413,6.1092475827643655,0.024071243474147023,,,,0.0
KHM,1997,5.695718110263439,16.264010970244094,2.875054163584266,6.1138033993002265,0.01892665635466376,,0.16621998654663805,,0.0
KHM,1998,5.555981963277642,16.305253245249848,4.134051586552366,6.108085467584188,0.02380128399219351,,0.16243434972979073,,0.0
KHM,1999,5.658623298016953,16.322319834387883,6.8235272817278005,6.480311264155198,0.030002288489776922,,0.253355656216527,,0.0
KHM,2000,5.691799928256443,16.338221533687207,9.339042202219124,6.6071140618878506,0.03739266859760482,,0.30482600376746055,,0.0
KHM,2001,5.791491060611077,16.353838220274646,10.348156438840741,6.563983739879313,0.04779403283995145,,0.39164061502565384,,0.0
KHM,2002,5.858353856359711,16.36926214607543,11.308026214647603,6.471975047115256,0.06122016693424884,0.009711758807166664,0.3326089219963727,,0.0
KHM,2003,5.957626244979708,16.384372865227267,8.73839478007499,6.444292267394393,0.0537124909048892,0.012605578375489082,0.160571550372887,,0.0
KHM,2004,6.096272812243989,16.399110370931293,11.439163817699601,6.458204562716698,0.07965431687514077,0.01224124521668277,0.13639897817455662,,0.0
KHM,2005,6.2649158250270895,16.41368651629651,13.146915145961621,6.48204440743279,0.10580985388864607,0.012561013667329354,0.18246009528658505,,0.0
KHM,2006,6.417145021753059,16.428445946843336,13.280592548998158,6.480585736288196,0.12464231322056088,0.01878139703210522,0.23025958049666784,,0.0
KHM,2007,6.5953600637339935,16.44320139014996,11.542354290032705,6.363284766073422,0.14557386808189993,0.022235740082373858,0.24491868297560834,,0.0
KHM,2008,6.764212799130408,16.458380538750696,10.51394806714702,6.400843554537283,0.15120811010568985,0.015034070922936592,0.1515535277196097,,0.0
KHM,2009,6.775079447339283,16.474147100564853,11.701284207069298,6.517210681803108,0.1514343890546978,0.012853221412906665,0.10516726939758705,,0.0
KHM,2010,6.858853455719271,16.48970927510291,12.10109012749044,6.501691905824719,0.17295685747044665,0.019152493074983006,0.10442675220381119,,0.0
KHM,2011,6.99299816065027,16.50489319933731,14.083784902084806,6.663750247132277,0.19575368019635683,0.03396017424404215,0.1583223738156807,,0.0
KHM,2012,7.08406096869351,16.519893041204913,14.938403599335354,6.610729090701248,0.2398112824383401,0.03403717739885842,0.18991768014900218,,0.0
KHM,2013,7.174464013533902,16.534844062502962,14.615945027089507,6.533277742312806,0.27751761874326314,0.0405481143042808,0.18310230351924767,,0.0
KHM,2014,7.266522807228275,16.54966843502292,14.608829997359987,6.5723927972190195,0.2924639008748067,0.06957166086501768,0.1560423865183612,,0.0
KHM,2015,7.344279748653595,16.56427081132144,14.143194772772649,6.573709415706608,0.3056342114710952,0.07065622897564662,0.10196653425839095,,0.0
KHM,2016,7.423685187958437,16.57885688807812,13.266032835429344,6.555233141307416,0.3161585998387793,0.06606995620900606,0.07260821846868168,,0.0
KHM,2017,7.510076863232533,16.59267454768711,13.70774559284633,6.576908034941658,0.34852674348605883,0.08120865988791898,0.07485141833477442,,0.0
KHM,2018,7.619073253998369,16.605111375427903,14.577975380413392,6.65830517024691,0.38102501566559066,0.08670356032576564,0.09746865242926646,,0.0
KHM,2019,7.707906298889182,16.61773720552888,14.479892033656421,6.688988762804828,0.4011211734217147,0.08673486821575951,0.11971881643073487,,0.0
KOR,1995,9.472836980509037,17.624237382195933,1.1376691000251888,7.4828196187567855,0.0832280120872887,0.6507707594734623,,,0.0
KOR,1996,9.537118461353996,17.63376517641446,1.0060252774690202,7.452210973493677,0.08092313705613885,0.7249408293492491,,,0.0
KOR,1997,9.458893494910933,17.643142314503663,1.0721271068435083,7.387973956718164,0.08504234055322785,0.7726449168922204,-0.027187724005484526,,0.0
KOR,1998,9.057589529002422,17.650360964679567,2.0798031440933675,7.572624013764859,0.09181942304001665,0.5856782915745439,0.06372931723864994,,0.0
KOR,1999,9.31131646379171,17.65746891061018,1.6166467360052106,7.489443270273059,0.09996422524926005,0.6622136537102377,0.07095000638163321,,0.0
KOR,2000,9.45016793428793,17.665830719253158,1.427143607175384,7.379143706186552,0.11321450462027713,0.7303286022278155,0.08670246012225355,,0.0
KOR,2001,9.391117638790929,17.67350313700076,1.3949067865063882,7.338353604500816,0.10865489087181543,0.711636548271186,0.04829857505863302,,0.0
KOR,2002,9.520977630545483,17.67928270976891,1.1718202088990342,7.261602214406194,0.1122264587634613,0.7310737118996734,-0.02145013458959717,,0.0
KOR,2003,9.629810180009104,17.684465924298767,0.961131292303078,7.295175103882738,0.0992434487944103,0.6968250866057258,-0.04618702421612717,,0.0
KOR,2004,9.748097864982716,17.688429238665744,0.9987232235352482,7.253612207384814,0.12100031614400236,0.7177555319013132,-0.019566474622527606,,0.0
KOR,2005,9.911805238986608,17.69054921650692,0.8522853013764906,7.226254290043928,0.12499854465831908,0.7033026201068845,0.01665751749531985,,0.0
KOR,2006,10.02613455957687,17.695801215911906,0.7703787843447077,7.22311731452921,0.1270688900426134,0.7193204706722525,0.03723770701765829,,0.0
KOR,2007,10.129765602002621,17.70085355624111,0.7578761387443511,7.2689330970447035,0.13244696298169006,0.7529287971453571,0.05833173081766461,,0.0
KOR,2008,10.010201215263656,17.70844672305962,1.231242004537259,7.57577440170207,0.14047581324915848,0.7354575426277127,0.10937070313821522,,0.0
KOR,2009,9.900347774275755,17.713593551334977,1.3490457629636776,7.43622931455805,0.15855492337069757,0.6929647184874371,0.140724517555811,,0.0
KOR,2010,10.088773962000671,17.71857580217899,1.2000871717792243,7.394538794605688,0.17754328843588196,0.7464159987368959,0.14173172664129546,,0.0
KOR,2011,10.172569199224405,17.726265519764812,1.3257557876647947,7.4782646262437416,0.19614856731043848,0.7992478306171151,0.13179397542375035,,0.0
KOR,2012,10.188687086414555,17.731522656370817,1.402710148177606,7.427392949796754,0.22191300042253112,0.7962090449889684,0.09313677361489389,,0.0
KOR,2013,10.25588091242894,17.736074842592465,1.3562006769266914,7.376495380352046,0.2414488852650404,1.0813266315403751,0.10354801658488064,,0.0
KOR,2014,10.330945412269772,17.7423563412068,1.4387126203428924,7.362986909832899,0.2798607884708233,1.1486308881930534,0.10104384879523032,,0.0
KOR,2015,10.314662682547034,17.74762922618088,1.2156217817513546,7.254228726912896,0.25937496318480935,1.2955643960582768,0.033189490040487615,,0.0
KOR,2016,10.336310427732107,17.75159774441469,1.3250161874355773,7.101303836702768,0.336640757511602,1.5006410563920518,0.01823385241120725,,0.0
KOR,2017,10.413222117631602,17.754407424597705,1.0041534655348556,7.160626516535369,0.25964765991670363,1.6124591431187207,-0.031745464407732626,,0.0
KOR,2018,10.47344824192606,17.75874261487384,1.2664920696899726,7.316841026499595,0.2975086312784605,1.7089750873208285,-0.002299053901086623,,0.0
KOR,2019,10.429012933431594,17.76222136455961,1.4537598443747466,7.282334455768869,0.3381253778869364,1.7856543387708355,0.07147887079687258,,0.0
KWT,1995,9.69079950163207,14.335204541324964,1.1292169733420423,5.3601234677954634,0.8581557204731691,1.1601456545385018,,,0.0
KWT,1996,9.809237083383628,14.363774152896784,1.23521970283484,5.51569351962633,0.9044956613105882,1.2330038618786,,,0.0
KWT,1997,9.739637712006687,14.396430925932446,1.304769396200595,5.487938225823603,0.916269830836899,1.1824803390757757,0.12728323183364232,,0.0
KWT,1998,9.551583421380558,14.427611444092584,1.7576517548852193,5.5554759060986525,0.9559171979426363,1.2149853982699146,0.1204770053417608,,0.0
KWT,1999,9.671153550759632,14.4573802334857,1.1353689869897614,5.201413560908434,0.9915632911059299,1.1210349310274048,0.037483944484675645,,0.0
KWT,2000,9.86767109117025,14.485751891217616,1.0445735028478087,5.311603203259686,0.9945214351599139,1.0807352910330899,-0.012106034283289801,,0.0
KWT,2001,9.76274346032899,14.512710016942401,0.819729457943925,4.927477486422616,1.0318103341382316,1.038071909013451,-0.07969867010857108,,0.0
KWT,2002,9.826215087306203,14.538203919326891,0.83910681622088,4.928479436083023,1.1242860346781076,1.1161393299138727,-0.08871625536839822,,0.0
KWT,2003,10.029708452418447,14.562142105757552,0.6851234720197374,4.83673322829383,1.2332449081251502,1.0360726505428506,-0.029162417086108405,,0.0
KWT,2004,10.223840669223971,14.58437726856354,0.6695930169495394,4.869345133980164,1.416572413920976,1.15719550182634,0.015722398953729667,,0.0
KWT,2005,10.494674382379204,14.62055146620037,0.5111472797246664,4.77814092514212,1.5531199201712456,1.0878156535174546,0.0953042573773029,,0.0
KWT,2006,10.667713633553724,14.676175677128972,0.5002100748231223,4.869761337578022,1.6488119377536492,1.111275564725489,0.11547548881463143,,0.0
KWT,2007,10.730059535707142,14.734951123898533,0.4623408408684933,4.772807631167432,1.7871618617585243,1.0605617398232057,0.12037562386180944,,0.0
KWT,2008,10.925672058680455,14.79060628065949,0.41389678897924737,4.858266059585652,1.786211997264863,0.9519295502298579,0.11034433173509725,,0.0
KWT,2009,10.54289371210014,14.843515815948287,0.6228254667794706,4.86535500898265,1.8200783835643488,0.9290255283163845,0.11205619937077457,,0.0
KWT,2010,10.576744533579511,14.895066420858585,0.4973303357753007,4.702433491413299,1.769399178900934,1.5502906190586851,0.04636587259564706,,0.0
KWT,2011,10.8030309551128,14.957442200154103,0.41807531418547317,4.749585797044597,1.7792310682983414,1.1883021151715358,0.0328813878268587,,0.0
KWT,2012,10.861979600829699,15.020615421269575,0.448153102425688,4.913752924257197,1.7167554311231668,1.0431301464830787,0.04671288161164462,,0.0
KWT,2013,10.812774694982545,15.070512161702048,0.3554037399699176,4.600817797397395,1.7723137060827105,0.9250140542167782,0.017839539869232368,,0.0
KWT,2014,10.700291378270618,15.114577882478034,0.3781114638237867,4.545521650144712,1.7807476303071899,0.9631670574782126,0.00983922895541447,,0.0
KWT,2015,10.305018687695517,15.159568904475215,0.8124933325198748,4.898813420919621,1.810109806200115,0.9787254073073045,0.04994494504683082,,0.0
KWT,2016,10.215509336543535,15.202828395153803,0.7595514685449665,4.76889320955067,1.761945767534045,1.0164429124576433,0.05348257549360973,,0.0
KWT,2017,10.276692988400733,15.239777738557288,0.5327807667935165,4.463719225206467,1.7827521437793095,1.379544489618303,0.0377086430154975,,0.0
KWT,2018,10.375612753895627,15.27957928678796,0.6628376607390343,4.682279225017696,1.9678432941715247,1.495275718946274,0.043321315605888346,,0.0
KWT,2019,10.364320312126084,15.306686420032761,0.8505116158809951,4.940724646899311,1.9280483423511519,1.6624884407142582,0.060495533029688534,,0.0
LAO,1995,5.879857233531729,15.410729660536749,2.9486208968958127,5.01256022250584,0.07019097015484006,0.0252565774112069,,,0.0
LAO,1996,5.917123145551628,15.434042593225884,3.3623822696327994,5.051953443426987,0.07987033655338291,0.024674582880635666,,,0.0
LAO,1997,5.826274973471127,15.454897681857215,3.4916763583499884,4.880902089069214,0.08986782054619061,0.02416532107559553,0.07981507279594169,,0.0
LAO,1998,5.496856547429232,15.473408294297181,7.577072268104447,5.267858159063328,0.0952695614132363,0.02364590514276525,0.18381409175476443,,0.0
LAO,1999,5.606997333317223,15.490883016639295,5.912966730070852,4.942107647088502,0.11496439474054745,0.03692341798507485,0.14377834074560134,,0.0
LAO,2000,5.764406632902222,15.507672871423607,,,0.1356971519432495,0.038821353318559466,0.13974748239159993,,0.0
LAO,2001,5.769308025518275,15.524156860480309,6.106459132074045,5.07665639519405,0.12206867648939179,0.03818666799964213,0.11695081016137619,,0.0
LAO,2002,5.74732338444814,15.540219731967479,6.256481668520582,5.007005526045677,0.1311735092246523,0.03913782646564564,0.047932270544877656,,0.0
LAO,2003,5.872391600299787,15.555616141483751,3.8056181066562256,4.796362137495699,0.11161918902341107,0.03837383477727496,-0.007519366944364744,,0.0
LAO,2004,6.014439339441134,15.570195515965843,5.155514576180115,4.914952605440538,0.15480074290519658,0.046994738158435016,0.0008994508888381603,,0.0
LAO,2005,6.144317614681367,15.585283927855095,5.227451276556164,4.872090266991443,0.18655689738331377,0.04999418181000398,0.06649674852122196,,0.0
LAO,2006,6.361979187138428,15.601117807707132,4.630929316854811,4.880429738441316,0.20374966460960559,0.0547910517842769,0.136842610728905,,0.0
LAO,2007,6.547248737660441,15.616599042957034,4.4990084834858965,4.762131830421,0.2681533546579096,0.05421288073978623,0.20775900711141732,,0.0
LAO,2008,6.786431781380214,15.63179498345274,5.140979277777584,5.082630115910281,0.2824863810502216,0.05259434549108964,0.19457165587725597,,0.0
LAO,2009,6.840581152039933,15.646753846755724,4.643482233085821,4.904979619050218,0.32171021663850635,0.04848019159061029,0.1838164169175009,,0.0
LAO,2010,7.026352295721667,15.661473133966593,5.398378596370974,5.031766075726329,0.3967355594097686,0.07006068964733318,0.21112337868271283,,0.0
LAO,2011,7.216376864545979,15.675954628946826,4.71994356718253,5.021346204673767,0.42386397763043854,0.08289108220689355,0.1871300772719632,,0.0
LAO,2012,7.354723798758718,15.690228173150253,4.522779846272121,4.930425739004296,0.5108162659852511,0.1346760000374686,0.14185456517361317,,0.0
LAO,2013,7.502472176610016,15.704303720892927,5.1154725607810985,5.08890551156886,0.5715897652307346,0.22333111745874729,0.18126469388218816,,0.0
LAO,2014,7.591376788555533,15.71809140516305,4.837624289137429,5.0399365398762335,0.6204525260578126,0.19544836384923436,0.14188530756736242,,0.0
LAO,2015,7.65964926806367,15.732675052655107,5.025515712781029,5.0420192091192035,0.6886569351972942,0.17366210674035473,0.14572612814276376,,0.0
LAO,2016,7.742064100296889,15.748306808788456,4.505891106871173,5.13074844822912,0.6135651303945315,0.1766154247871049,0.10511623141244045,,0.0
LAO,2017,7.796646281190664,15.76400978104443,3.8368814618895954,5.131639159916876,0.5512851184222844,0.17042119522432345,0.024240523936069635,,0.0
LAO,2018,7.841928184312481,15.779547561244168,4.591646344875149,5.293288018143035,0.5872577964925867,0.14161162001642807,0.04181084638402481,,0.0
LAO,2019,7.859150884918688,15.794805191705837,5.197282906104255,5.31467214574155,0.6619564730804368,0.13530757833082516,0.0740437099142948,,0.0
LBN,1995,7.992519673144364,15.191940172068595,6.058643128211583,7.363772666253133,0.11361527595256941,0.1943578653961954,,,0.0
LBN,1996,8.129484768353842,15.210462583120304,5.222707445599145,7.430304366444187,0.10508624879516384,0.19198067999229698,,,0.0
LBN,1997,8.251679332655648,15.228545433291837,6.348453608247433,7.491151595582963,0.13581913175551097,0.20857242652562247,0.17124515447338773,,0.0
LBN,1998,8.324786214256537,15.246128216882013,7.079418608742227,7.567874890551629,0.15091068981013234,0.17123938812053052,0.19619542485141608,,0.0
LBN,1999,8.315551491500912,15.263670417753197,3.86980517865996,6.907755278982137,0.15815656654079158,0.16906067454598137,0.04281036506354319,,0.0
LBN,2000,8.29075299699302,15.280925663418547,4.298866256725595,6.907755278982137,0.17138871051938634,0.1861260607852467,-0.03218765483906658,,0.0
LBN,2001,8.296436613391002,15.297550912998632,4.7422764685984875,6.907755278982137,0.19014438706036776,0.18534238938571776,-0.08539386479286507,,0.0
LBN,2002,8.364240788908816,15.311444665758875,,,0.2141815040380831,0.1958443411275088,-0.10352002973410421,,0.0
LBN,2003,8.397895082758097,15.325240394008269,33.76999174236161,8.806153973529293,0.22450518262259175,0.20665370605907668,0.5919372839327001,,0.0
LBN,2004,8.433960204938828,15.341410110044027,28.029528416919113,8.442651755883384,0.27786964000226994,0.23628268691679719,0.6249400989538803,,0.0
LBN,2005,8.434289304519282,15.356905576111592,27.766230483122122,8.563306425762246,0.24405375862055678,0.23040772819775718,0.5009640913030247,,0.0
LBN,2006,8.441445718545868,15.37389430531187,24.778966970092085,8.543559367826422,0.22373596546173377,0.203913337778586,-0.06457319901681338,,0.0
LBN,2007,8.541936163636395,15.393275743391449,23.34521738830267,8.64806618637415,0.2099453398946929,0.22175739732186542,-0.03975016831425151,,0.0
LBN,2008,8.684747129751624,15.409906708177804,21.6938019846583,8.463567649702128,0.27064044533651793,0.21679132098931367,0.00966917733918784,,0.0
LBN,2009,8.86656119597533,15.42340467936598,20.217752323289513,8.263909052604195,0.3693697898378038,0.2620806856657079,0.05093682028523681,,0.0
LBN,2010,8.939293892942757,15.433172162954348,20.877170447857893,8.216636467249462,0.43004882879137235,0.3755704891289686,0.09824970415792826,,0.0
LBN,2011,8.966351377636391,15.443970400873217,17.02351430591242,8.320435608517611,0.32476324661206196,0.3982735546563789,0.05580684877402895,,0.0
LBN,2012,9.036818074628346,15.471019130542755,16.723160431883134,8.592064310910107,0.26089902825616695,0.4103848126970351,0.025429320192804993,,0.0
LBN,2013,9.007290985556688,15.563568195474259,14.99996701779959,8.616064882215042,0.22181843760424944,0.3902681252128517,-0.01217299555153275,,0.0
LBN,2014,8.932957260059496,15.663491242739862,14.211393333256876,8.526010294826385,0.21348702298254763,0.38120053757765493,-0.02872697813192495,,0.0
LBN,2015,8.950806398438399,15.683068201102348,14.194059659197661,8.448623719836817,0.23453183012541273,0.4003568035629062,0.0009422240026580653,,0.0
LBN,2016,8.998261887411076,15.659713826162264,14.415225701433787,8.382035561815885,0.2669593519593361,0.4186672275765215,0.0011048731307134573,,0.0
LBN,2017,9.060471776737248,15.633608114514598,15.248639758346963,8.378927167830147,0.301454774965715,0.46744613098948595,0.035509423050300984,,0.0
LBN,2018,9.124187171598292,15.604619684802355,15.835627381032563,8.395405201616462,0.3282020294048297,0.49830843938765257,0.061302537617183364,,0.0
LBN,2019,9.094467017901259,15.572435971904751,16.891460107980723,8.41240643215719,0.3341045118950525,0.5460879571545478,0.05788344979617257,,0.0
LKA,1995,6.609131234625535,16.681365782211707,2.816642506723854,6.787251153211393,0.02357084930438666,0.06579910758714895,,,0.0
LKA,1996,6.654400390308289,16.700591566719947,2.029107127978667,6.797089711094618,0.01759283347271698,0.06538390522701513,,,0.0
LKA,1997,6.717847929951963,16.719577002991517,2.32574875992955,6.817898949860276,0.02104317138128692,0.06750802818908166,-0.02228781229435306,,0.0
LKA,1998,6.742330458344523,16.738457223117617,2.3412610782466508,6.804836766979863,0.021993973651219564,0.0652021835014761,0.02351835404856182,,0.0
LKA,1999,6.720649953624236,16.757036403336933,2.6349398668852455,6.791583847220095,0.02454508327407763,0.07503405564322872,0.05098978246439003,,0.0
LKA,2000,6.757164785851569,16.775255692723814,2.337929257750251,6.77068633643917,0.023065295935003345,0.09099476941286745,0.08032762877297692,,0.0
LKA,2001,6.689031977238852,16.791058593417944,2.2032090425025443,6.773143778241806,0.020254727948391973,0.08766832979921493,0.0027285808544732504,,0.0
LKA,2002,6.72735509305883,16.801482958526847,3.592046198048535,7.169951207450578,0.023074104936788062,0.08789401180020834,0.07756241567657796,,0.0
LKA,2003,6.852646562623722,16.808815938995483,3.754945491498339,7.103423619163772,0.029220829830467563,0.0981181334495751,0.15018530851529946,,0.0
LKA,2004,6.935974039424463,16.815613516145543,3.910460910227042,7.07875503135372,0.03390150294173944,0.1201183018085033,0.21816441843809145,,0.0
LKA,2005,7.096075431208479,16.822010847777566,2.986995990675081,6.993644950862567,0.0330917421808022,0.13937994484116062,0.17923806432820513,,0.0
LKA,2006,7.236265467598948,16.82870993949355,2.593092136605547,6.96965970985513,0.033853483009949045,0.15235698610842716,0.04483509705245474,,0.0
LKA,2007,7.3643155189724405,16.83557171943225,2.318375470284079,7.144321850628487,0.028888554349886752,0.156484516686434,0.0015019003362017002,,0.0
LKA,2008,7.5876068478226175,16.842226734326303,1.9723029610613487,7.330808780191189,0.02549761800864767,0.1430729515935963,0.0015984785373028387,,0.0
LKA,2009,7.6141441005161115,16.848366877045493,1.7924118844917964,7.245289086828309,0.025919672622008547,0.11648016627132743,0.01586462840587082,,0.0
LKA,2010,7.940356835190759,16.854258689758684,1.7804746524657453,7.217387877684129,0.036687424436956995,0.14408304365614755,0.07126572945894623,,0.0
LKA,2011,8.078675035599595,16.860463760038268,2.0973152541539624,7.283408820666145,0.04645617450157665,0.17446740090269677,0.15405458976293113,,0.0
LKA,2012,8.110059529258649,16.868070040515946,2.4926463776540593,7.345924792149193,0.0535205010917143,0.21806968322004275,0.2198601880585745,,0.0
LKA,2013,8.226688959864575,16.84007321318614,3.2555515436420492,7.479313604360812,0.06873937333009474,0.23285855720184603,0.292208054064859,,0.0
LKA,2014,8.28703604484823,16.849405292612612,3.9718348461339392,7.585163635871368,0.08013283280392723,0.22890225238232745,0.2855674989081294,,0.0
LKA,2015,8.308375490128183,16.858603402878103,4.6750334152398665,7.59889341818326,0.0950405340963281,0.23422651406771577,0.2683031647742343,,0.0
LKA,2016,8.330668869906576,16.869936177857483,5.217032952748638,7.658048060671822,0.10222075533971427,0.2491670988731199,0.23842100640662203,,0.0
LKA,2017,8.389107126132103,16.881375053698644,5.386282703365797,7.723615985415458,0.1047872092481238,0.2518797837132336,0.17512919489272213,,0.0
LKA,2018,8.37989722660113,16.89143937351254,5.937532081541309,7.707293780508643,0.11633594831564374,0.2714525149976927,0.13190437968542917,,0.0
LKA,2019,8.314329536276839,16.897558132970186,5.239402009590946,7.740857429338458,0.09296885749667477,0.25604026968765764,0.05178559592540175,,0.0
LTU,1995,7.688314059034732,15.10449579271672,1.2876820034721075,3.669461368256835,0.7164306762389153,0.057837999593287816,,,0.0
LTU,1996,7.7581948246895305,15.096892358634976,4.0924261203852605,4.591638958950121,0.9709538476232732,0.059417821959216605,,,0.0
LTU,1997,7.9530240565038675,15.08951405505431,3.923970599857727,4.680088202738558,1.0354847940092926,0.06623522399281483,0.6819943018027974,,0.0
LTU,1998,8.064839280853336,15.082269692988309,4.464458981286389,4.766989080455528,1.2078332508295224,0.07294332368550581,0.4938227364219799,,0.0
LTU,1999,8.047993004659114,15.075174800647591,5.361956655043296,4.888013448570923,1.2638192993776243,0.07082382063867423,0.3892718259283665,,0.0
LTU,2000,8.101870561981501,15.068140946242702,3.7227194807510444,4.654751360598228,1.1692978726322576,0.0811067524380375,0.08333361838287309,,0.0
LTU,2001,8.169769005152439,15.059900859012261,3.46634265674991,4.618195829005248,1.208648796911852,0.0876021156972218,-0.0032535555314652242,,0.0
LTU,2002,8.330413129808509,15.051873201904776,3.8929324097809763,4.934723964385901,1.161464473389568,0.08825416409265344,-0.013334279612324806,,0.0
LTU,2003,8.61386141990514,15.043750420930708,3.721583456846374,5.260471224057922,1.0643552832575889,0.09641302021279492,0.05955117208375889,,0.0
LTU,2004,8.815009964449706,15.032520508182385,3.667035880266457,,,0.13262453454542764,0.18238875534612653,,0.0
LTU,2005,8.969164140787102,15.01623649692304,,,,0.15211579857265312,0.22527447410958104,,0.0
LTU,2006,9.128056115323004,15.000272713740031,,,,0.13139723460194153,0.20273255405408186,,0.0
LTU,2007,9.416957818606248,14.988393234167441,,,1.3155720278006273,0.13108835036366237,,,0.0
LTU,2008,9.612836714075684,14.978108402412788,,,1.3942082357403203,0.19068259922438374,,,0.0
LTU,2009,9.380451948193972,14.967004944869064,,,1.264971943611528,0.1949194983363453,,,0.0
LTU,2010,9.378319787650277,14.946035510670518,,,1.3150239468023899,0.026297250298810377,,,0.0
LTU,2011,9.565342954809575,14.923450871682235,,,1.4873939728180734,0.022933409068017562,,,0.0
LTU,2012,9.56718827540853,14.910495944032245,,,1.6656970452026487,0.19838354790459728,,,0.0
LTU,2013,9.65736481924992,14.901122034455133,,,1.7776276910088644,0.3409803292528493,,,0.0
LTU,2014,9.7078475811785,14.892985348792818,,,1.776149347706854,0.43404875235466606,,,0.0
LTU,2015,9.56590097441499,14.884044666204003,,,1.7340470590417603,0.4685314084769756,,,0.0
LTU,2016,9.611413870001767,14.872371601047618,,,1.8496346432884712,0.36353627066806843,,,0.0
LTU,2017,9.729143154911057,14.860243404026887,,,1.9664825537115336,0.3761532857320258,,,0.0
LTU,2018,9.865122513103076,14.851963714723997,,,2.16905505107832,0.009233470488081725,,,0.0
LTU,2019,9.883733438185496,14.849082510717947,,,2.187764243679229,0.014565173852553228,,,0.0
LUX,1995,10.84021501719394,12.920553144026512,,,1.8794738452126032,1.3941878250229427,,,0.0
LUX,1996,10.828626208303806,12.934164583437498,,,1.7478423562073753,1.5428812843261512,,,0.0
LUX,1997,10.750249002126946,12.946699608274441,,,1.854809870067946,1.3346048396709977,,,0.0
LUX,1998,10.767334566746296,12.959138316301363,,,1.85778196373911,1.6515187190958323,,,0.0
LUX,1999,10.837076784258745,12.972644529154387,,,2.0047621813113423,1.957604971252686,,,0.0
LUX,2000,10.79260519947521,12.986085359111701,,,1.9527847811139125,1.9959454503781802,,,0.0
LUX,2001,10.788084925085064,12.997989922564571,,,1.8934375176943548,2.006346186512655,,,0.0
LUX,2002,10.87815533388732,13.008466530724217,10.558214363564227,7.945012924253981,1.9835266431332996,1.843521039950692,,,0.0
LUX,2003,11.092691656311036,13.02061853952068,10.284061122453567,8.165940986918265,1.9197130394349358,1.8907136372694462,,,0.0
LUX,2004,11.245632998970706,13.034831865167812,10.905509867904694,8.379160959518313,1.9166330128030211,1.8682587672862616,0.21310349194575906,,0.0
LUX,2005,11.302058799432407,13.050132411801899,10.007349901390466,8.325849678829226,1.9627739391776557,1.8297782688892805,0.14617825599414758,,0.0
LUX,2006,11.416291389901327,13.066082930979347,8.899991398680273,8.34425478760636,1.9211360938733109,1.9628975302399092,0.10614027896168779,,0.0
LUX,2007,11.585016521569186,13.081526799444402,8.434229832457643,8.468085690248667,1.9041944361688607,2.164754486002921,0.07085642090622457,,0.0
LUX,2008,11.698758664839886,13.099401765766983,8.35765208121924,8.631905509386092,1.7947406118899007,2.168930727514581,0.06465405994883149,,0.0
LUX,2009,11.602946654995023,13.117919518071346,8.346293727024227,8.588057588742572,1.7015446489735486,1.3690342980776764,0.06272587834914808,,0.0
LUX,2010,11.616257847764778,13.136173576106584,8.038924692178124,8.632959010974853,1.5879184066373018,1.5522543509950626,0.03804462660633305,,0.0
LUX,2011,11.687089314663037,13.158400181139255,8.68447803469272,8.721020953431156,1.6861291760152948,1.5148153649968072,0.03317589214028942,,0.0
LUX,2012,11.631460895470683,13.182415600137544,9.02530344200341,8.644521172079786,1.7892591713658264,1.4712343628165576,0.03494843555242646,,0.0
LUX,2013,11.695248194512322,13.205527362665064,8.63300175237503,8.69225743695242,1.739178445229682,2.86327296819788,0.060455003038403635,,0.0
LUX,2014,11.725442408715772,13.22909714971347,8.768281753318998,8.667703893697064,1.8658359682124823,3.074897675614171,0.06272483734184427,,0.0
LUX,2015,11.566106096767554,13.252696661527155,10.291055381121913,8.64321942645101,1.9136101572320419,3.2144647860618956,0.039787394592354274,,0.0
LUX,2016,11.579642488474478,13.274249781407077,9.010415678507853,8.579000281605563,1.810953001130557,3.171274230516792,0.017043974529303084,,0.0
LUX,2017,11.60999059301737,13.298559545584688,8.327223311475878,8.562426093659655,1.754044699632422,3.1878202892329157,-0.012998219903931485,,0.0
LUX,2018,11.669303031391737,13.317847920724564,7.936907243118937,8.620153973433611,1.6744798091948352,3.4527543383501933,-0.02560092371473246,,0.0
LUX,2019,11.632454966308753,13.3374763699232,8.079054790401345,8.59834368695093,1.6790295499523389,3.410344499444356,-0.01753421323793951,,0.0
LVA,1995,7.721691463355,14.725805752470219,0.6597471923541304,3.1204990986558965,0.6571280486234515,0.06961613742306008,,,0.0
LVA,1996,7.7664895570838635,14.714542001511985,3.9831258316442777,4.882801922586371,0.7121863632996938,0.11228126721964886,,,0.0
LVA,1997,7.86706453663174,14.70457437862441,3.7010898962957124,4.8487335763110435,0.7571363803208664,0.09416935110288299,0.9243338007499666,,0.0
LVA,1998,7.970325791867852,14.695145189253187,3.183200523868889,4.821579705120957,0.7419028646662121,0.09506149121645929,0.5392446211306527,,0.0
LVA,1999,8.027443222863567,14.687005577214466,2.088967375699048,4.477702894549235,0.7270500258943594,0.08207549774480628,0.2799299688846908,,0.0
LVA,2000,8.095043353423018,14.677366223143542,2.216137119938441,4.515159435650265,0.7949145741378218,0.11758822411353509,-0.10189940601684064,,0.0
LVA,2001,8.161836890435312,14.664451353708055,1.8679291693883617,4.307246619484114,0.8818357244017337,0.1092740365484753,-0.11134780905622713,,0.0
LVA,2002,8.294951572697359,14.65283297146862,2.173200808757037,4.471700984352115,0.9942978296430613,0.11470612806919656,-0.019874494762640894,,0.0
LVA,2003,8.49996156164349,14.643168963456244,2.4101019264290793,4.676273876200734,1.1031685500807489,0.1484937422283218,0.12991722302201544,,0.0
LVA,2004,8.717638295376604,14.632255833900501,2.480641166995286,4.697656368690236,1.3817195891339487,0.26231992795792713,0.19521528401922444,,0.0
LVA,2005,8.893406250591184,14.621450119331383,2.7350325198244683,4.767689115485866,1.693318605198591,0.46101860863793487,0.26741876003621207,,0.0
LVA,2006,9.128233759320208,14.612277389756501,3.043808987734564,4.8962879500307315,2.0956951473545513,0.635434242549779,0.27574705005005706,,0.0
LVA,2007,9.500841886955643,14.604115634690672,2.9911117163265994,5.129534008709197,2.3673775464988127,0.6112333405292399,0.295081581875834,,0.0
LVA,2008,9.65998873676117,14.59360623924693,,,2.5242017487537445,0.6300446144392056,0.3159195521638051,,0.0
LVA,2009,9.392331230176826,14.577095989571017,,,2.2071571283891207,0.6078661081614386,0.3398014777260947,,0.0
LVA,2010,9.322634519663787,14.556282938672206,,,2.403751033941899,1.5055867426599063,,,0.0
LVA,2011,9.465182109462873,14.538075268651406,,,2.6887293302112094,1.601872400421613,,,0.0
LVA,2012,9.49772364927767,14.52567167711848,,,2.7375254323436984,1.4199754315817725,,,0.0
LVA,2013,9.580832425465626,14.51496132908557,,,2.8927079612073054,1.3687049939706268,,,0.0
LVA,2014,9.628117019849828,14.505543895543228,,,3.132739687689025,1.3224177763159513,,,0.0
LVA,2015,9.497170229950957,14.49735763213377,,,3.459876906863977,1.2780447498314815,,,0.0
LVA,2016,9.535211769916003,14.488218778811504,,,3.46867652920052,1.4509208042512083,,,0.0
LVA,2017,9.62459975242453,14.47935662307858,,,3.977864824677384,1.7716707650104415,,,0.0
LVA,2018,9.755693272097357,14.471565239116659,,,4.034404781301533,2.1060693014745944,,,0.0
LVA,2019,9.75817128512259,14.464612847715298,,,4.358817068672008,2.600247044918493,,,0.0
MAC,1995,9.753543221652617,12.922203662480495,45.88322755512806,6.033214903136968,18.939653066210603,,,,0.0
MAC,1996,9.757857655593606,12.93627473404113,42.98517507958166,5.936166317227168,19.63623223319682,,,,0.0
MAC,1997,9.765127278527856,12.941560666579644,39.57305738686358,6.018245569785624,16.774502755811167,,-0.058505029442248,,0.0
MAC,1998,9.686263408439778,12.953471240922035,38.958851977651136,5.942962152724708,16.455126687189203,,-0.06689687995041531,,0.0
MAC,1999,9.636823099503859,12.965475621867185,39.681267296078296,5.85508885845054,17.41693963500234,,-0.059008418027236685,,0.0
MAC,2000,9.66341451292142,12.9729348639124,47.313645225964294,5.85740287389022,21.27728750580585,3.5582652113330235,-0.0025337655579829033,,0.0
MAC,2001,9.668443644949612,12.980569371786443,54.589667404557964,5.898073916920535,23.68979027425674,3.9325466697395712,0.0718949806518637,,0.0
MAC,2002,9.73002618661337,12.990887014615943,60.0676145288754,5.950664233039548,26.302463503649633,3.9416149635036497,0.13939664522640313,,0.0
MAC,2003,9.830373692484372,13.002678534458349,63.36037042496257,6.085680588857609,26.798917944093777,2.731733543733093,0.1720661683678692,,0.0
MAC,2004,10.060798919377765,13.027393139813102,69.81887599376947,6.099625073579148,36.66813283483616,3.9591752804046623,0.20149298784870878,,0.0
MAC,2005,10.15351513719246,13.06790719160827,59.05400376225446,5.950082341898222,39.51636747624076,4.309723336853221,0.18197464886469347,,0.0
MAC,2006,10.302726240552573,13.120160953849128,57.02530402473647,5.954750009899611,44.093004610142316,4.581579474844658,0.16179803636893197,,0.0
MAC,2007,10.474473694183194,13.163313363733282,60.726741682131944,6.027542498965781,51.839124592052215,4.594536379343444,0.16568466180287195,,0.0
MAC,2008,10.568454159625375,13.200619875370096,65.38730210093738,6.396144451895399,42.41353800628814,3.4513427039023488,0.167490785183805,,0.0
MAC,2009,10.605452765452254,13.190022025878143,70.32108953398661,6.548114115519148,40.65981308411215,2.6678953271028036,0.19803635560754884,,0.0
MAC,2010,10.870399628394125,13.193753373491,80.32807380716406,6.8121165853792816,46.48975791433892,2.4762029795158287,0.22721550832625112,,0.0
MAC,2011,11.113145094517321,13.216946019890276,84.4476096905862,7.0132657726791745,50.94978165938865,2.415815138282387,0.2544972534086757,,0.0
MAC,2012,11.239251781885336,13.249700625865524,84.71905784896944,7.172483442574486,49.44884662792745,2.7502201091741503,0.2675457656477601,,0.0
MAC,2013,11.374902070467698,13.291092980678817,84.86373595901142,7.307920776430392,49.54384186517993,2.985470518668694,0.25950115677215174,,0.0
MAC,2014,11.389121670349866,13.340212940257429,79.03077336718809,7.227678577361555,50.70934534341322,3.3436673636802317,0.16386189625631253,,0.0
MAC,2015,11.154863281747343,13.373744470129779,70.35952035535844,6.936793976147572,47.77570384196609,3.540886607559496,0.020288573907607698,,0.0
MAC,2016,11.1405808997132,13.388566418178986,69.28742629841132,6.914357025847718,47.43295019157088,4.273672030651341,-0.06465804987836954,,0.0
MAC,2017,11.258948765345309,13.382263068843658,72.75777751781094,7.023017243264226,50.29457125231339,4.282564774830352,-0.06891497004567881,,0.0
MAC,2018,11.33365868759378,13.39832705690191,75.31003889888524,7.054858826164628,54.33904993170436,4.7924176658066475,0.005497631848669471,,0.0
MAC,2019,11.313042970991498,13.418013619505286,74.8130328207369,6.95144986294517,58.63988095238095,5.446296130952381,0.08138341025059645,,0.0
MAR,1995,7.298750793093371,17.08885293909476,3.7637439295439985,6.2800092561027805,0.10424467892847228,0.0813350925127964,,,0.0
MAR,1996,7.384001488605301,17.104214899737183,4.302438336405356,6.477295516875368,0.10653493736055292,0.08583970513098892,,,0.0
MAR,1997,7.271393459086857,17.119217741975675,4.212237020869153,6.2438364519325775,0.11769964117226785,0.09695246121414658,0.05779357319286049,,0.0
MAR,1998,7.428556351874831,17.134110371073458,4.159353680828586,6.383473543394307,0.11827679507030138,0.1090449056479179,0.07062322607249776,,0.0
MAR,1999,7.408997175938089,17.148685275907102,4.705355618770813,6.2776472083331445,0.14585841835883662,0.1210289483647284,0.08273598847818739,,0.0
MAR,2000,7.322147270929387,17.162724538917185,5.300174030987055,6.237230486984809,0.15684240838589705,0.1291651413701405,0.06882050598665082,,0.0
MAR,2001,7.327223868975128,17.176394253395625,6.766826002564971,6.469783162711368,0.15950223641500608,0.1277367205278233,0.13386754462118092,,0.0
MAR,2002,7.385438843307977,17.18961563507704,6.706007417385316,6.507901917296574,0.16127738538979638,0.1044297270696197,0.12893300865528373,,0.0
MAR,2003,7.581896240875944,17.202318743237026,6.551855440474795,6.629653405995806,0.16979234845542562,0.08921838877172432,0.14406056902371595,,0.0
MAR,2004,7.699507916285251,17.21514064539556,6.866911716138457,6.674617781069468,0.19136635914284164,0.10030217990053623,0.16258161385243106,,0.0
MAR,2005,7.726659292484519,17.228575375553174,7.880596264836439,6.794446340065659,0.20017692781218774,0.11505920783563053,0.1571280743519395,,0.0
MAR,2006,7.810380336282843,17.24208903060831,9.092847065235182,6.925742164431375,0.220238562202591,0.13354994079199697,0.19194733742252162,,0.0
MAR,2007,7.933080237708011,17.25549484074816,9.553995818859986,6.983503621281958,0.2469340227947583,0.14825478152896313,0.19817369771313514,,0.0
MAR,2008,8.077619133694954,17.26888180120087,8.72593433660731,6.986888627222623,0.25972286251232213,0.15589512840715408,0.1768771217726915,,0.0
MAR,2009,8.05771154771895,17.28220781101873,7.888887121410695,6.825863501094947,0.270396179574533,0.15393578638645616,0.10243154444533609,,0.0
MAR,2010,8.041316852866382,17.29573523964036,8.105857624896686,6.731485920264515,0.30036637798804794,0.2200524372181293,0.02992031223210532,,0.0
MAR,2011,8.115113189789861,17.3093657565393,8.267576130191918,6.835391178192484,0.2972722777072408,0.22795827375278663,0.009941010133130136,,0.0
MAR,2012,8.07278391216885,17.322725469403203,7.940159953868951,6.761323123840288,0.2947063101717658,0.19678007051150673,0.004073052095472107,,0.0
MAR,2013,8.139002404416145,17.335603570933483,7.085752980647604,6.675121480350375,0.3062960637211832,0.19259768629121046,0.009243911874099097,,0.0
MAR,2014,8.155612275354803,17.347875958348336,7.613477662478731,6.760685841402544,0.30717928897656993,0.20397178406059036,0.010341026179045087,,0.0
MAR,2015,8.067917656564783,17.35958352234221,7.032633894774132,6.602014457149772,0.30461527685778045,0.2035383396265582,-0.025155019687931456,,0.0
MAR,2016,8.066415852187315,17.371528594969963,7.100287491421087,6.609307082985697,0.3048528304901484,0.22095582968865696,-0.01933558010886216,,0.0
MAR,2017,8.11498910159705,17.38353202861185,7.664886158265134,6.668670785239395,0.3255620487410961,0.24452113490140265,0.006962877363855568,,0.0
MAR,2018,8.175567073825496,17.39456844962001,7.4759810012575105,6.636301870904463,0.348467735275013,0.2269244269492876,0.025395348008901662,,0.0
MAR,2019,8.177589279149261,17.40487068121338,7.717173007075101,6.6319283053736875,0.36201808637830524,0.25906430158125326,0.06794423236166872,,0.0
MDV,1995,7.348979621068248,12.455464671623952,,,1.227357207703907,0.6179646131486972,,,0.0
MDV,1996,7.448184063736192,12.477423333943701,,,1.2921817287790598,0.7886501465616149,,,0.0
MDV,1997,7.548783693022592,12.497648377840463,,,1.3671663423070746,0.7056221914257005,,,0.0
MDV,1998,7.591046288659317,12.516211907044623,,,1.452022748356391,0.906414200489141,,,0.0
MDV,1999,7.661084666004364,12.533259044759243,,,1.5500410941127276,0.9411993713321702,,,0.0
MDV,2000,7.70247135381923,12.549729723537123,,,1.6559167999319195,1.1173289742889663,,,0.0
MDV,2001,8.017614860737758,12.56642531832587,,,1.6075768829746797,0.1960337137815718,,,0.0
MDV,2002,8.031408110470432,12.583193147295853,,,1.6631460550861408,0.19855563480741797,,,0.0
MDV,2003,8.174301872809806,12.599772142827687,,,1.9022499839792777,0.2031022864100428,,,0.0
MDV,2004,8.311462390864097,12.616236696294804,,,2.0470251780779196,0.2517310135926453,,,0.0
MDV,2005,8.241838942198642,12.632741359889362,,,1.289042486187665,0.2674192064067043,,,0.0
MDV,2006,8.520974703297478,12.656673629976064,,,1.9181076370634473,0.29764760985308314,,,0.0
MDV,2007,8.658363336474594,12.689976098086108,,,2.0833397538823775,0.285019985885065,,,0.0
MDV,2008,8.818398334970265,12.725372263375544,,,2.0317101466519913,0.270981943659458,,,0.0
MDV,2009,8.814929300633485,12.760747676574425,,,1.883569018735195,0.24534634986720263,,,0.0
MDV,2010,8.878162344609095,12.79605689397578,,,2.195170624625823,,,,0.0
MDV,2011,8.91254337046979,12.831139038528136,70.86343936031484,7.6552523024121815,2.4914765276685027,,,,0.0
MDV,2012,8.917484543616194,12.865709577155878,70.40486964592442,7.659683309709649,2.4766169102782185,,,,0.0
MDV,2013,9.016279997608008,12.899394810779405,73.50510500652923,7.674565888456654,2.812007898617742,,0.1042963117029636,,0.0
MDV,2014,9.09818730192274,12.932695703846179,76.02736255361464,7.754816003963914,2.913323195129794,2.477397797427475,0.12481909260129279,,0.0
MDV,2015,9.174185236364064,12.967238222930842,65.16519030825349,7.68740722524371,2.8821405382175573,3.0678984664396456,0.09523434622477503,,0.0
MDV,2016,9.205107448816928,13.002020067039968,59.864724446051575,7.626997570324934,2.9009176464219006,3.179965170942099,0.06288360014978416,,0.0
MDV,2017,9.260047145056234,13.035250904395578,57.53228332404417,7.597659797720378,3.0330338848799987,3.241968460811675,0.0206467866733707,,0.0
MDV,2018,9.343408993775302,13.067059947898976,56.51009462126595,7.629466341033389,3.1367641867769747,2.5182532253493877,0.019511922388016245,,0.0
MDV,2019,9.37078029609233,13.097519303344248,55.37805626873231,7.529410872857796,3.491678814756495,2.5050420726262836,0.04739415372610978,,0.0
MEX,1995,8.338993960694559,18.32485743752109,1.8010957412985145,4.383681281655718,0.9403884145547245,0.16474131146907708,,,0.0
MEX,1996,8.449849229873374,18.342207741979298,1.7426499007380982,4.422605220587334,0.9777323760640333,0.15875901604260306,,,0.0
MEX,1997,8.62467553353732,18.359030921171964,1.5634745135297876,4.4782512109058485,0.9882344947986044,0.18364473878749504,0.08918521425520076,,0.0
MEX,1998,8.671234165805162,18.375424400975326,1.4901488123205873,4.468726822030312,0.9962203078841179,0.1853764539133538,0.06630169916841452,,0.0
MEX,1999,8.779553121951915,18.391413681250704,1.288714178472253,4.400071692465148,1.0283506456890645,0.21171755460730982,0.044280097880187344,,0.0
MEX,2000,8.92585679727368,18.406840934072825,1.2307608055910482,4.459300086370136,1.0714566140020185,0.2118538712969637,0.037972749720233165,,0.0
MEX,2001,8.981274920158816,18.42167124324594,1.1544289381921404,4.5135466828401825,1.0061828828249493,0.20152852724478568,0.03266655102891462,,0.0
MEX,2002,8.985073816660112,18.436048295923484,1.1776734967502642,4.557283231267451,0.9862565936885566,0.1931947595863042,0.04001970680145206,,0.0
MEX,2003,8.913829392549532,18.450030932202516,1.313826715679908,4.6907545009473735,0.8965947896995796,0.20063608413852152,0.04687179354639,,0.0
MEX,2004,8.968226465484447,18.46368401535751,1.4166659685054948,4.761894018770736,0.9507239444332364,0.20276887979459304,0.05700252646748929,,0.0
MEX,2005,9.067826923245077,18.477169804936775,1.3950951036745278,4.821133111568698,0.9748089394892261,0.20657165973181896,0.08583684033527597,,0.0
MEX,2006,9.160376273129032,18.4907072970064,1.3064252173518471,4.915785597193128,0.910933897588172,0.1980632531479157,0.09085852423361658,,0.0
MEX,2007,9.223684216853796,18.504786202848813,1.2749969769530836,5.011895426042889,0.8603314236921275,0.1926236385118699,0.08073811864834254,,0.0
MEX,2008,9.261391648642624,18.519387766131466,1.267784954141896,5.065329720937296,0.8421164175482608,0.1705648692383864,0.05691228706657725,,0.0
MEX,2009,9.038788928514343,18.534006938184838,1.3293939588622612,4.959001601583108,0.7861091011110644,0.14043044803656252,0.005879196481835436,,0.0
MEX,2010,9.182845918157112,18.548404385442133,1.142366845094665,5.037525937470474,0.7212655401401263,0.27519793261795855,-0.0221946276089934,,0.0
MEX,2011,9.274675222677269,18.562557873827334,1.0136583477764103,5.102917473423988,0.657147668817845,0.2563175881913483,-0.03949285033038628,,0.0
MEX,2012,9.282115165863992,18.57612950661971,1.0612612035900861,5.156481587027917,0.6569951834905736,0.28171471971692974,-0.02074159729574383,,0.0
MEX,2013,9.325168009352467,18.589102587422236,1.07809317125602,5.210793694465235,0.6599428935612752,0.3040849697600393,0.03172410148323159,,0.0
MEX,2014,9.340611975416126,18.60120285771938,1.2169956816455672,5.322551816015294,0.6765663478944033,0.3303482583575817,0.06863604957849709,,0.0
MEX,2015,9.212461980907625,18.611898495334945,1.5436483474796836,5.3704386246557,0.719644342117346,0.3879232547202,0.10359176865591238,,0.0
MEX,2016,9.115801532054997,18.621589737382937,1.8538373504504946,5.381639935021157,0.7758850861288232,0.4360958514069918,0.11429372838096477,,0.0
MEX,2017,9.174638390218778,18.630942131347936,1.8868392361784054,5.421163941395572,0.805096872848284,0.47437443242023786,0.11184870921809456,,0.0
MEX,2018,9.218783999711805,18.640408154897795,1.8946108837993993,5.508012969963591,0.7746176879967877,0.5183247691802326,0.09019855110284389,,0.0
MEX,2019,9.246629422710537,18.64990959819611,1.9819704806707392,5.581062008649266,0.7745204387726747,0.5561082990223626,0.07877994605792864,,0.0
MLT,1995,9.193023665968829,12.841111255111457,21.917314314395924,6.524259966432032,3.1609431427670573,2.824182142393467,,,0.0
MLT,1996,9.216506330465677,12.84767650044736,20.405242083605398,6.5432902439273315,2.9560021584343454,2.730945894368329,,,0.0
MLT,1997,9.199601804832277,12.855244427312762,20.834303451314597,6.45726914658347,3.2341408235825817,2.7542444832819997,-0.01498239435096771,,0.0
MLT,1998,9.250341131108696,12.861743790102143,20.3984345333486,6.4246954448390765,3.441590295026824,3.0091853605234538,0.0029866082327046684,,0.0
MLT,1999,9.269468393799844,12.867672397841941,20.453041750495828,6.39669187136055,3.6173363813219535,3.667132809395786,0.011528951776938712,,0.0
MLT,2000,9.244595485103726,12.87412507015095,18.108358883722303,6.267270318417084,3.555617080292345,3.4989733059548254,-0.006593558074064631,,0.0
MLT,2001,9.245485738397097,12.881636135132803,17.29361272323137,6.192829928252811,3.6613167509693967,3.4095051752038024,-0.034042480622863636,,0.0
MLT,2002,9.32823028971957,12.889091204344075,16.99165775511349,6.2352961902816535,3.745242683139337,3.533079609767431,-0.03328114701455007,,0.0
MLT,2003,9.517382232383081,12.89566852768799,16.038195709088644,6.353909847508051,3.7934477723529914,3.2844408427876823,0.010045272427255725,,0.0
MLT,2004,9.62984850012373,12.902384812233276,15.546821773908851,6.499133934692535,3.5587188612099645,3.4022722968190835,0.07325554468276536,,0.0
MLT,2005,9.66974705010982,12.908759181415304,14.452777116256494,6.433970926896495,3.6747772599632524,3.397101284191029,0.07699129761397679,,0.0
MLT,2006,9.720381918308117,12.912402550886933,14.311452759132557,6.453795820935362,3.7527016491162275,3.689374500379958,0.05489701079264329,,0.0
MLT,2007,9.875302785598727,12.915890101710632,14.984044129000617,6.533431096023439,4.236287998741161,4.1177137321623505,0.06380648922102736,,0.0
MLT,2008,10.017068109096575,12.922396656316284,,,4.475070777934383,4.1728276242797016,0.07107195274487452,,0.0
MLT,2009,9.964655220757662,12.929935725626605,,,3.898399183469624,4.83154212234864,0.12439299096377354,,0.0
MLT,2010,9.996367841941511,12.93484755373312,,,4.3786850917232,4.100835207040636,,,0.0
MLT,2011,10.065477671185267,12.939084562585071,,,4.602803962831637,4.0208831810276076,,,0.0
MLT,2012,10.037944561044863,12.948076654704094,,,4.778252878379536,3.6547587303703564,,,0.0
MLT,2013,10.143116570305917,12.959397289122435,,,4.738589016266095,3.774402674136673,,,0.0
MLT,2014,10.21919458263073,12.979603244945778,,,4.987531172069826,3.663747661373855,,,0.0
MLT,2015,10.14759655758867,13.0040752141925,,,5.36445905182117,3.563653144838143,,,0.0
MLT,2016,10.183354079089833,13.02696419363927,,,5.702907558772731,3.302106687495187,,,0.0
MLT,2017,10.319472505101963,13.054311491622858,,,6.302637945134509,3.3720932721908947,,,0.0
MLT,2018,10.415780522655798,13.089639752390214,,,6.679024515243758,5.32523666933249,,,0.0
MLT,2019,10.386589669161703,13.130156928633994,,,6.983362174347902,4.72822199114131,,,0.0
MMR,1995,4.821437996604344,17.567490108553883,3.195205336109231,6.769795834841882,0.0045534200432819005,0.007851128889060803,,,0.0
MMR,1996,4.955103328028289,17.580305599510602,3.511031414303392,6.083987916005127,0.011354456948765445,0.007751154794616411,,,0.0
MMR,1997,4.682499402783988,17.593059967033334,3.875239731078533,5.920797304029038,0.011233436343868345,0.0076529215010671305,0.039793718959174385,,0.0
MMR,1998,4.9832697867923805,17.60554202690649,3.034308599457314,6.016259205721198,0.010800357803652794,0.007528617615433286,0.028349595763609514,,0.0
MMR,1999,5.244337075147102,17.617444641978317,2.615816821286388,6.235086629765733,0.009712482822301933,0.011985427078187763,0.04530339650012714,,0.0
MMR,2000,5.281270799016578,17.62861538458057,2.189764752084286,6.15006957728462,0.009185080047420625,0.009661997665267465,-0.0002085710096970672,,0.0
MMR,2001,4.952481048385397,17.639164297616237,2.0377317877817944,5.627242397533867,0.010377718588126025,0.0087001549163983,-0.06584835611768725,,0.0
MMR,2002,4.987696809613615,17.649196881295993,2.0066003838012874,5.6321460416355995,0.010533680600159372,0.025656368887158606,-0.12507950062748385,,0.0
MMR,2003,5.412951845865236,17.658551948984964,0.6687614838224024,4.764333407638894,0.012792713133457869,0.023939901933675376,-0.2668708952473537,,0.0
MMR,2004,5.413914955469222,17.667120324233096,0.9179213593322167,4.99478223900091,0.013958299145769088,0.02957893186590889,-0.203088384065774,,0.0
MMR,2005,5.532144417745576,17.67494184747298,0.6924183780704399,4.834356051758264,0.013912789785229739,0.03169637064852467,-0.12658665368122116,,0.0
MMR,2006,5.715365422952567,17.682225165832765,0.40682490256876547,4.539572903502278,0.013184016326416154,0.03392048594191478,-0.14998895179134272,,0.0
MMR,2007,6.038767369363657,17.689313244078317,0.4806149299236124,4.908786090524874,0.01487790878441397,0.034553028866904076,0.01552579383103847,,0.0
MMR,2008,6.489877178310144,17.694820126318632,0.25107842812618275,4.69536845390624,0.015106179392431118,0.03384782307659227,-0.022949831695222044,,0.0
MMR,2009,6.63126756298449,17.700377328074175,0.2032179900329435,4.58798536123399,0.015680082261451747,0.031387825585451216,0.010178420224758256,,0.0
MMR,2010,6.918234354613278,17.70782832415387,0.1836869317645287,4.7440533936845615,0.01615522659724706,0.018851986752224638,0.06094212602551927,,0.0
MMR,2011,7.101370312912031,17.715862116268003,0.5568771097283278,6.014481916994731,0.016511593931341717,0.031155030512049618,0.26016929007896045,,0.0
MMR,2012,7.092295951720548,17.724277187149717,0.9176179819021962,6.252593211607247,0.021249082467026902,0.033377020053880775,0.5349436166545665,,0.0
MMR,2013,7.089322898278753,17.732772973679367,1.5994761455505495,6.156182622269088,0.040666373035823135,0.031278091182523615,0.6906265133858142,,0.0
MMR,2014,7.16472070590783,17.741074154412857,2.5743394223046683,6.305452862931437,0.06079125231045234,0.03802105117605324,0.689964545369208,,0.0
MMR,2015,7.061962861873272,17.749080863939174,3.6891460506967113,6.1522462282368275,0.09162431969774505,0.04101667096765303,0.489002279947557,,0.0
MMR,2016,7.114116499598661,17.75700878932603,3.6162073200833573,6.668748698375828,0.05645131973747864,0.05323528397402377,0.3676570779396311,,0.0
MMR,2017,7.1489920902452955,17.764731809660706,3.009702483735932,6.358541202860133,0.06634558461173998,0.060681005149288356,0.1752749422618546,,0.0
MMR,2018,7.168744061914511,17.77197613809496,2.4609303004091205,6.15334965144985,0.06793279806777773,0.06519307335119973,-0.012112995760857715,,0.0
MMR,2019,7.262621267229978,17.779000389722434,3.331774409822201,6.351056862906795,0.0829016126738253,0.0703194094084554,-0.005791553389605042,,0.0
MNG,1995,6.481078632688001,14.615242754175831,2.272469029411877,5.722131613324398,0.04854052572086052,0.29731072004027065,,,0.0
MNG,1996,6.389537424807191,14.63065720585921,1.4861938472914578,5.640807675494813,0.031422783819656235,0.2927629788267972,,,0.0
MNG,1997,6.244745383693296,14.644826275824022,2.11696806984845,5.7199118565860845,0.03578051707210647,0.10481073415512163,-0.1388158682991385,,0.0
MNG,1998,6.181832945379666,14.658718207690091,4.179857656937774,5.474699151954207,0.0847746092729652,0.10314961341487187,0.1284063672044951,,0.0
MNG,1999,6.106266183557351,14.672820840629125,4.066545369521634,5.593781579441872,0.06788828812468363,0.09534061463510257,0.13838004366102333,,0.0
MNG,2000,6.165475732445457,14.686091955036824,3.7822276905429915,5.606360361648733,0.06615587076827482,0.10631709011308886,0.20732599751045022,,0.0
MNG,2001,6.262356736682213,14.698348327186817,3.864359607696638,5.542080205064982,0.07941264423011303,0.10559317315968435,0.1256941460468351,,0.0
MNG,2002,6.346073481502696,14.711201360781656,10.239476875484284,6.411014395097886,0.09595647577588977,0.11020131668617782,0.23560142395167638,,0.0
MNG,2003,6.466406072542987,14.723919913222629,9.653372735916484,6.621697902257358,0.08264882634634937,0.11888529713664149,0.37531494880064853,,0.0
MNG,2004,6.677278092181649,14.735160441565569,10.290819523063048,6.510453481513133,0.12159087103713426,0.1236471520627393,0.42687520311926974,,0.0
MNG,2005,6.902642339287147,14.746259070621269,8.044473332339946,6.377416840992565,0.13601917988713957,0.11640560840590647,0.32029367107408185,,0.0
MNG,2006,7.192852861357701,14.758313903757747,7.64486657128667,6.461008511900669,0.15892999601116872,0.13555715870562426,0.14796049307537232,,0.0
MNG,2007,7.394915806703436,14.771733288429775,8.240850635209211,6.642529782233614,0.174875569306455,0.14632204008686128,0.18777490677618758,,0.0
MNG,2008,7.662668446669658,14.787501240638022,4.837089142377313,6.362954576831855,0.1774363735485875,0.13788962700906968,0.11074501174758175,,0.0
MNG,2009,7.440339009729503,14.805466163838663,5.5193773726186075,6.299107362122301,0.17279083205288515,0.09558603032572001,0.04816486783447758,,0.0
MNG,2010,7.872919529275217,14.82296543214969,4.005851882569936,6.248150519190799,0.2033869588428049,0.14284118071059096,-0.012480228784839653,,0.0
MNG,2011,8.22578204515027,14.840231210050794,1.8924479780849806,5.750012467087205,0.22502823619853735,0.17824573002035518,-0.10865779730889287,,0.0
MNG,2012,8.373066441495912,14.859210731502754,1.7489954579314249,5.842242938740372,0.21974113508269344,0.2206109319583478,-0.07205138363262051,,0.0
MNG,2013,8.375662600155552,14.87988020230846,1.8756771605463396,6.127420183344011,0.17764679057789018,0.20209098896140787,-0.043143781941211046,,0.0
MNG,2014,8.325121801008672,14.901750962851791,2.101989053931527,6.230294694589891,0.17076635281880914,0.23058654867364153,-0.004714071419383359,,0.0
MNG,2015,8.252946686819637,14.92303765802194,2.4010548963545477,6.392637803134606,0.15428509506869156,0.17487108770000898,0.08744541629343168,,0.0
MNG,2016,8.194201753014276,14.943311353785948,3.3895726185976,6.690433390048145,0.15248363795528183,0.17412692595575838,0.13011763307052887,,0.0
MNG,2017,8.201376927961308,14.962569142161962,4.024093084700927,6.74621085012994,0.1724402389774008,0.19142295589245445,0.1731926292299466,,0.0
MNG,2018,8.320604635742102,14.981217161445079,3.9914722966879577,6.779465737769216,0.18639799587867173,0.2089527767846595,0.1936803364945355,,0.0
MNG,2019,8.377366850691756,14.999588668756065,4.25865627677103,6.8562140814408155,0.19493994656136032,0.22781135076857445,0.18757983600742315,,0.0
MUS,1995,8.20193887317483,13.931030590515135,15.043684127273893,7.251069047420066,0.3893244908268201,0.6020720615578147,,,0.0
MUS,1996,8.281963128227549,13.941258235926753,15.731375893117244,7.233505065243883,0.44885519878376995,0.6321891787978088,,,0.0
MUS,1997,8.21493518791941,13.953779212026172,15.693647529930733,7.084685987141215,0.48594250202911476,0.7000881315075365,0.039021353503436274,,0.0
MUS,1998,8.200184308053531,13.964293428273493,15.90226175971597,7.056711141932292,0.49895684411088737,0.7303383858099776,0.020412599869701963,,0.0
MUS,1999,8.228362793410518,13.977005913789204,16.310052015412115,7.0872951928142145,0.5105222898286091,0.7004365816448518,0.02585057487402942,,0.0
MUS,2000,8.289535324016747,13.986832675449849,15.488429455868324,6.984388505003053,0.5712489878866568,0.7996516897764124,0.015034532080591845,,0.0
MUS,2001,8.270923518175792,13.99473315126053,17.537271476390245,7.102346928367906,0.5642458707651258,0.8378273775440175,0.05015515128739771,,0.0
MUS,2002,8.312149968956847,14.001675552612639,16.895974149043873,7.0641199075853045,0.5885668604482239,0.8545974210975901,0.05527584004343602,,0.0
MUS,2003,8.488436812779224,14.008912170268426,16.285335582563977,7.19404942615907,0.5942128122501793,0.8594023257538921,0.0705367072001298,,0.0
MUS,2004,8.605315418188086,14.01518321009228,17.338044046514554,7.355178407266258,0.6052401181651478,0.8916407248794639,0.10715100147456091,,0.0
MUS,2005,8.585604779277125,14.02110420669158,18.080602068788558,7.326768435127608,0.6366761272505524,0.9328176419535373,0.1075628006961999,,0.0
MUS,2006,8.662889649463988,14.02576824195113,18.24114351347411,7.386088433480703,0.6539729464277032,0.8561583668018373,0.11168079474953423,,0.0
MUS,2007,8.806480283059923,14.030323505958158,20.09066811009344,7.485728557327721,0.7526439340771036,1.030918096528803,0.1217826162998282,,0.0
MUS,2008,9.004604405218982,14.033939814432175,18.000063739619577,7.538697982163372,0.7796669295028378,1.0101477267886323,0.12465460333948215,,0.0
MUS,2009,8.912858622238518,14.036595191160503,15.003536750526022,7.353592842380689,0.7134674598714636,0.8758654801195098,0.0648964210778054,,0.0
MUS,2010,9.001244772929729,14.038974058089403,15.62389697053147,7.413337052242117,0.7645553422904671,1.0120425463851568,0.02140462740175373,,0.0
MUS,2011,9.140372988996926,14.040575462297062,15.482476463218243,7.517122699787092,0.7848904985931058,1.0551635095384557,0.0027297035151104153,,0.0
MUS,2012,9.150752259028154,14.043348672552208,15.02663402791641,7.499373798003734,0.7835131007530962,1.0462575305641773,0.02129287976177636,,0.0
MUS,2013,9.197978139443622,14.045770328819618,12.811030858211566,7.358485697416298,0.8062421411249421,1.0469645976295687,0.03875352973330948,,0.0
MUS,2014,9.258209307791265,14.047580549798164,12.992715987105644,7.386523206221461,0.8444285161527678,1.073881548483676,0.0035714407100865485,,0.0
MUS,2015,9.172694970877131,14.048904593101044,13.813277293974439,7.2661323509914,0.9296219194396296,1.1612569375213302,-0.018060134780063918,,0.0
MUS,2016,9.21980767108093,14.04959167542676,14.297269401365572,7.2410527359921915,1.034225996184363,1.2610641212204659,0.010426027160810846,,0.0
MUS,2017,9.304441039642835,14.050493348090528,14.427638336679319,7.287858939160492,1.083891288312711,1.3237506591497896,0.05193392249126703,,0.0
MUS,2018,9.37744236842386,14.051038702631908,14.447567039353823,7.319952855932572,1.1307095498732989,1.3790476596840808,0.06345069695914382,,0.0
MUS,2019,9.356019844226376,14.051361033274834,13.820194566502003,7.2635836022974205,1.1200764622013688,1.3640509168750026,0.05421031018927138,,0.0
MYS,1995,8.380948311087112,16.82763764901701,5.686241476493778,6.515193575709881,0.36737727206168397,0.7583544390403844,,,0.0
MYS,1996,8.484084905540861,16.85286867886225,5.683384673592594,6.688387163880094,0.34234869139874574,0.7250617227640345,,,0.0
MYS,1997,8.450746482970846,16.8777427715655,4.924737841338547,6.6757576400290235,0.2905701359396662,0.7294241396742714,-0.01193757173930976,,0.0
MYS,1998,8.099951951379667,16.90230367749647,4.485398615323238,6.36842416221822,0.25339264726752936,0.6232975252836882,-0.1482397564817571,,0.0
MYS,1999,8.168434208788932,16.926156465487434,5.562966312457606,6.319262274654571,0.35350177359296736,0.667895937029527,-0.08432441176799337,,0.0
MYS,2000,8.314716782037923,16.949604489605004,6.261879175423187,6.353578595176431,0.44505755357845084,0.7210434374779039,-0.0063436014701526485,,0.0
MYS,2001,8.279899862274945,16.973639618556952,8.220171933098678,6.391959726074471,0.5430038197715278,0.6846377482313802,0.14704592187123708,,0.0
MYS,2002,8.339030567316401,16.99782517326236,8.016220744077092,6.410479728031164,0.5514785886944317,0.6755021485965944,0.23798881056030224,,0.0
MYS,2003,8.404096595005072,17.021487630453276,6.169558873746603,6.465848989180544,0.4285725515346641,0.6768585652232155,0.11885000545424056,,0.0
MYS,2004,8.504968476858114,17.044604875746785,7.361153300931524,6.371257450710705,0.621734242206407,0.7612439150973054,0.07790577035442255,,0.0
MYS,2005,8.622558430975074,17.067282174234148,7.2379858618266555,6.449333038600837,0.6359713131303905,0.7883971986297762,0.0745573090902596,,0.0
MYS,2006,8.725573558076276,17.08955270933892,7.547992834928528,6.550844206572135,0.6642085109763987,0.6750482788020808,0.1260142257899318,,0.0
MYS,2007,8.877511734099274,17.11128775552181,9.273076684401945,6.751998070897916,0.7768241282840987,0.7898898708363673,0.2232024265226446,,0.0
MYS,2008,9.032626769537991,17.132240923004943,8.038157027153735,6.734983479299441,0.799853203070766,0.8132325723350827,0.19532862388520583,,0.0
MYS,2009,8.880645717695472,17.152161525124374,8.519339950789567,6.591271398702178,0.8407533030127384,0.8450312390021354,0.14245846444708832,,0.0
MYS,2010,9.093732963736763,17.17086558638999,7.693193348826554,6.68244271717922,0.8576630414754778,1.1948381426669756,0.08962845224866171,,0.0
MYS,2011,9.231818737429077,17.188378387214307,7.161564187541739,6.760874915069408,0.8474716051233592,1.3105602407415133,0.04018886487050146,,0.0
MYS,2012,9.268663469575522,17.205405338534526,6.904588974951917,6.765379369100139,0.8439181007369121,1.3203458300280848,0.05281545206230227,,0.0
MYS,2013,9.27927304628104,17.222499966739033,7.20219967985911,6.808404280295369,0.8522162843071737,1.5906217435347538,0.07033473468717019,,0.0
MYS,2014,9.3068598869163,17.239647374021196,7.237933751670902,6.793269821799964,0.8938258257056906,1.6182454489305935,0.05290510113985505,,0.0
MYS,2015,9.17457637603625,17.256979318585756,6.369226658392072,6.615045230315138,0.8235253210423222,1.6119535624057761,-0.0092195615447217,,0.0
MYS,2016,9.156573926934232,17.27465242406155,6.533313124765988,6.6006636701067505,0.8416881136129534,1.6929187250518525,-0.03893548144952881,,0.0
MYS,2017,9.196499838766826,17.292299030463333,6.364907917602096,6.662823354840676,0.8019620935376839,1.8145810047854403,-0.04908242364372768,,0.0
MYS,2018,9.296683375236041,17.309316503654056,6.069029252221134,6.736903768264729,0.7849055301231349,1.837739134191955,-0.01767240940140482,,0.0
MYS,2019,9.298368809948006,17.325281168988454,6.079231760880614,6.745873940089448,0.7805183854976747,1.9025716527301129,0.039204712762736446,,0.0
NAM,1995,7.8173047532126,14.286869518333702,,,0.26276862005904494,0.14018487426427906,,,0.0
NAM,1996,7.7929260864787375,14.313921234203036,,,0.34019742385500784,0.14385491065868905,,,0.0
NAM,1997,7.8077723573975595,14.33980348908172,,,0.36110400742571913,0.1269783763816668,,,0.0
NAM,1998,7.712106189929934,14.365217414189573,,,0.3930180147684743,0.12333032269606896,,,0.0
NAM,1999,7.6860646557966525,14.39008138827701,,,0.390684813056754,0.12052682777442512,,,0.0
NAM,2000,7.676323382493304,14.413603375995864,3.6968744813253553,5.252487244007082,0.41734322273646285,0.1358960809876793,,,0.0
NAM,2001,7.557780564959723,14.43449868814295,7.027720560939968,5.8781358618009785,0.3769423299774696,0.11590276611051518,,,0.0
NAM,2002,7.479906825160471,14.452071513893975,7.285387503418369,5.721562558509064,0.4227580331962941,0.11746694391974476,0.26021724143631353,,0.0
NAM,2003,7.8513682918812675,14.466514037601414,7.774377601836825,6.250492347214581,0.385404888957498,0.1385449739864738,0.2889611047711167,,0.0
NAM,2004,8.132458210322655,14.47927115145279,6.445554887180712,6.068538270648872,0.5077025583883688,0.14567613519923464,0.2581985279015996,,0.0
NAM,2005,8.212235551937244,14.491807568433666,4.994222954863636,6.047129114666166,0.43527297615863464,0.20303246953343415,0.12976377089032204,,0.0
NAM,2006,8.298336307125775,14.504593490646403,5.923682313105185,6.200988191706921,0.4824568449631706,0.20128993196404618,0.12716874154488772,,0.0
NAM,2007,8.384585517592642,14.517914759786896,6.120230415575273,6.2465356929476314,0.5191717031606063,0.21338601010601407,0.07975365547573787,,0.0
NAM,2008,8.343978573301026,14.53191322137719,5.634665813386545,6.108114204661486,0.52709842818174,0.22088648283193035,0.0661194156356931,,0.0
NAM,2009,8.367047686503293,14.54662478154601,5.671872326216739,6.133200823786859,0.5295095682378981,0.21895461332804467,0.06966751527732314,,0.0
NAM,2010,8.597521950540811,14.562108927980592,4.120225766059585,6.046900952511326,0.5280093809350695,0.23028081662291078,-0.007760673061261514,,0.0
NAM,2011,8.671593857293708,14.57926763525421,4.120300167455246,6.095103891945035,0.5418564290123816,0.251997204524012,-0.012391582365090059,,0.0
NAM,2012,8.689909903983747,14.601534961086841,3.1896817251632807,5.811549730344592,0.567287599776548,0.28812290456718914,-0.02893314994620546,,0.0
NAM,2013,8.58422010982982,14.627554820067646,2.9643020126051964,5.594815026429568,0.5891211041203849,0.2264142902045187,-0.08257232773782448,,0.0
NAM,2014,8.590131943317662,14.65368362807447,4.438929389323928,5.956573147329365,0.6180424273800148,0.22585839346163877,-0.0050991079180573,,0.0
NAM,2015,8.470962116800253,14.680213215165335,4.763937592256709,5.89413620314742,0.626711030619551,0.23304637156214464,0.037378753416934175,,0.0
NAM,2016,8.388379285162829,14.707186004258247,2.751347552835303,5.248075472145418,0.6358608288821026,0.22905461720645143,-0.027358645006420445,,0.0
NAM,2017,8.545578630435498,14.734538739601579,3.481928342262152,5.648965329514919,0.6306712040953338,0.24854907726938916,-0.016799847801204137,,0.0
NAM,2018,8.577084958235249,14.762263373319001,3.5667250372546886,5.6962291060914545,0.635930171064828,0.23392181124087086,-0.043101153266395895,,0.0
NAM,2019,8.462086536853178,14.79025659568361,3.595938272704536,5.610086174564687,0.6229027494497252,0.08020316212751283,0.014313644940204285,,0.0
NLD,1995,10.285383546708506,16.55370230410182,2.342553025161196,7.386524002631563,0.42525373235510744,1.0594406910767742,,,0.0
NLD,1996,10.277242624920063,16.558316261577897,2.547119895742832,7.4658066654165145,0.4236824859061184,1.1019801167998604,,,0.0
NLD,1997,10.19410132828597,16.56346393159907,2.814329383758051,7.31224214232352,0.5022852988184349,1.146006091994888,0.05098102084935796,,0.0
NLD,1998,10.237251905038868,16.569630336905867,2.7183445910864927,7.15492069581705,0.5928487995543957,1.1889763483760865,0.03715014356161959,,0.0
NLD,1999,10.251279290254706,16.576285268776598,2.780615774722685,7.139651180115742,0.6244589582349909,1.2484878657391738,0.0356202660210041,,0.0
NLD,2000,10.174474906967658,16.58343297240444,2.7020278693658284,7.028344641248593,0.6281116344572385,1.3122787944099508,0.0020724257375899667,,0.0
NLD,2001,10.20195053172933,16.59098137298179,2.5771252193707417,7.067633883783128,0.5920412210258142,1.2509506935607104,-0.01603605719198633,,0.0
NLD,2002,10.290331460156299,16.597364289644478,2.4698758624132164,7.10994076763335,0.5941570490526028,1.4199806067634577,-0.014071391698902858,,0.0
NLD,2003,10.488402054030509,16.602082433632358,2.5072299103481983,7.371846134878909,0.5658446295791597,1.4455775306986582,0.03588053000174938,,0.0
NLD,2004,10.611802652277348,16.605557187752847,2.4946127022246696,7.444269262015902,0.5924414033626179,1.5720441850979552,0.10292223724729439,,0.0
NLD,2005,10.649355167633711,16.60789381923223,,,0.6134853541707568,1.6012810887931201,0.139346007276664,,0.0
NLD,2006,10.717159412358239,16.609499955920807,,,0.6569762416126023,1.6795718440746206,0.16981484328483454,,0.0
NLD,2007,10.860935575581353,16.61167517193275,,,0.6719694957103343,1.7615660796049444,,,0.0
NLD,2008,10.972442763655584,16.615568096547744,,,0.6143895206454398,1.799949080583473,,,0.0
NLD,2009,10.881287712940686,16.620710941996023,,,0.6001674007893826,1.7609112986337647,,,0.0
NLD,2010,10.845557795934337,16.625840173001556,,,0.6549950004194905,1.6237759170611121,,,0.0
NLD,2011,10.909651397447256,16.630504460823566,,,0.6769274490725914,1.7947249502624203,,,0.0
NLD,2012,10.829212525681811,16.634205011171268,2.0900117706776875,7.3220285133646925,0.6971069227134028,1.8903190574803392,,,0.0
NLD,2013,10.870514858847491,16.637153219105684,2.197971171794455,7.326405911057228,0.7606921793012701,1.990858780588359,,,0.0
NLD,2014,10.886637052063445,16.64075150083295,2.181671360772138,7.253113285436545,0.825674082099457,2.0134196200796346,0.05344629024255987,,0.0
NLD,2015,10.73190428550867,16.645183701723305,2.263376493936349,7.064748206572301,0.8858954081432365,2.10672994204283,-0.0007647578829072188,,0.0
NLD,2016,10.753820712079664,16.650505490519393,2.4363621559342934,7.112370942202858,0.9294015365776579,2.3533749289649033,0.008723284116556939,,0.0
NLD,2017,10.810004309045267,16.656417524181034,2.5753166131847727,7.105572975483808,1.046272272687367,2.4962176241657374,0.02217353908053248,,0.0
NLD,2018,10.895907071956978,16.66225685827024,2.5726831443545866,7.149640091827446,1.0898566496112032,2.5776777382760905,0.06097155956368923,,0.0
NLD,2019,10.888462588946103,16.66880757401829,2.5539696015841997,7.072076712955516,1.1605157812042912,2.672746884814499,0.08102277174580372,,0.0
NOR,1995,10.4533039063135,15.287795441846052,1.8069462829560858,6.8542665940311505,0.6606741078146736,2.682956259703651,,,0.0
NOR,1996,10.520633432116815,15.292864258673672,1.705376064908724,6.916457291835605,0.6267494663728141,2.9048901978757162,,,0.0
NOR,1997,10.50023801538556,15.298286458033965,1.6061137616624255,6.857668938351258,0.6133720092155626,3.123384705698344,-0.030197855144869834,,0.0
NOR,1998,10.449175300345141,15.304240561467433,1.6638776484574518,6.661386480844329,0.7347458988722463,3.2250064538491117,-0.028545429887526553,,0.0
NOR,1999,10.495472314264715,15.31108815580156,1.7048488649470155,6.749043587827316,0.7223359128696593,3.3639382928353827,-0.00701180652335367,,0.0
NOR,2000,10.545128014821024,15.317578604013486,1.4775496182494503,6.6997193248669475,0.6911651766757583,3.380631610074178,-0.012068833121558242,,0.0
NOR,2001,10.557328596654243,15.322639073119058,1.3710389921569743,6.652201483517173,0.6808084894359481,3.224852456415961,-0.016308582424419526,,0.0
NOR,2002,10.670077758427263,15.328031981169563,1.3211508384544592,6.7209879818031135,0.6855202737497739,3.018669905571841,-0.011640788252711332,,0.0
NOR,2003,10.823931568043035,15.333897308089432,1.3041428826730261,6.818210034541864,0.7161235132331695,2.805293267803687,0.019019721577733507,,0.0
NOR,2004,10.965687723744649,15.339806617486335,1.32912761526954,6.880654863675496,0.7900851715299299,2.6736634646584974,0.09016893330993518,,0.0
NOR,2005,11.117782325535176,15.346617347128209,1.3624804740652736,7.01172885001317,0.8271164415131992,,0.14697443532833782,,0.0
NOR,2006,11.225879746007744,15.354671274519818,1.2262228707993637,6.960165885062377,0.8732636910903716,,0.13660850525149187,,0.0
NOR,2007,11.369057851599703,15.3650186196726,1.3050074169142443,7.103240893328876,0.9294665091578039,,0.1348293067095888,,0.0
NOR,2008,11.502890584228231,15.377481949826118,1.20789657529616,7.179086317465963,0.9116624848056253,,0.11850503534237689,,0.0
NOR,2009,11.313739213878524,15.390093222719885,1.2508072242717918,7.0376849331176485,0.900030359974867,,0.05925933244548567,,0.0
NOR,2010,11.40779094886117,15.402549884515507,1.203956616064564,7.013556226270073,0.974995766223545,,0.03502653993660125,,0.0
NOR,2011,11.54776369471172,15.415521778422436,1.280055015100436,7.187497390131592,1.0020011758321274,,0.03465078034186746,,0.0
NOR,2012,11.558165878573988,15.428656188309334,1.291986368412954,7.3098357911140885,0.9042411059876981,,0.06300667877832603,,0.0
NOR,2013,11.574332259572731,15.440747604202349,1.3283783609183817,7.314335991724204,0.940620987029943,,0.09898832263308535,,0.0
NOR,2014,11.517017284058396,15.452024970975842,1.454550194949465,7.34304911780244,0.9450614650068364,,0.07844198879968615,,0.0
NOR,2015,11.254426103737782,15.461975818345426,1.5898402992039036,7.080204223720808,1.0332252953442032,,0.004042996573261348,,0.0
NOR,2016,11.201256673441987,15.470785516499024,1.639776045740041,6.96085063994709,1.1385955423984515,,-0.027180540495639605,,0.0
NOR,2017,11.274302918837817,15.478862248317874,1.5793657833838923,6.9566063741776665,1.1847712550085578,,-0.035483760630323144,,0.0
NOR,2018,11.357196112225761,15.485463156760364,1.6014470330088866,7.154527448689792,1.0708000653624794,,-0.003019111853930667,,0.0
NOR,2019,11.281362917139093,15.492213770492821,1.6594189408722197,7.08797676973197,1.0993108317738416,,0.034698242133814006,,0.0
NPL,1995,5.287473793591043,16.91764755679941,5.271404129120569,6.460089816383596,0.01631795173833162,0.032217840250309285,,,0.0
NPL,1996,5.2924094865180065,16.9397179250805,5.241530173193043,6.399464510819334,0.017324878675281735,0.033198688832075406,,,0.0
NPL,1997,5.355807054126225,16.960501407351607,4.08645232128279,6.166054873005201,0.01817440825397211,0.03251582519371787,-0.07171623180361664,,0.0
NPL,1998,5.323376966941701,16.98015644387995,5.1068158021572545,6.281299472920864,0.019594299190675207,0.031823844547613875,0.0035318890419965498,,0.0
NPL,1999,5.340642237170014,16.998767453859966,4.549389537943375,6.142998566044069,0.020393614162519447,0.024149023599763883,0.0019337868805713754,,0.0
NPL,2000,5.410888127127099,17.016080202500817,3.985983746521632,6.1569424565723825,0.018902891649480585,0.026208696316042335,-0.002755972714210131,,0.0
NPL,2001,5.483946424793072,17.032254030985353,3.179594637621039,6.271150748695886,0.014470824012813212,0.02570042395906673,-0.022641997637337142,,0.0
NPL,2002,5.476009067753154,17.047459792191155,2.214555450839387,6.188823981266477,0.010857128441132314,0.013918601778729275,-0.1412626467935752,,0.0
NPL,2003,5.507076786842106,17.06156402225759,3.6648129841476855,6.531446755165429,0.013157506485911075,0.013872566357626164,-0.04652011936414517,,0.0
NPL,2004,5.633316196969349,17.074247506263927,3.574404796282805,6.515193575709881,0.014798212345199168,0.017092550249347957,0.05376837460177306,,0.0
NPL,2005,5.733419488529661,17.085439052272164,1.967957136943259,6.056003068245553,0.014253429318080213,0.018254499959672297,0.03086426054390081,,0.0
NPL,2006,5.830214801379075,17.095121116233464,1.7360121788638767,6.0133585317427185,0.014454878850987703,0.01919005624792376,-0.005475154563768925,,0.0
NPL,2007,5.954410880130782,17.10348295027615,2.2662081785918837,6.095875845798476,0.019672626589059213,0.019718392509738884,-0.04872683382844336,,0.0
NPL,2008,6.141644622848703,17.11097835587135,2.813771691076402,6.559615237493242,0.01852535437428263,0.01927759491400475,0.0991720151959413,,0.0
NPL,2009,6.159261867653847,17.11773567924948,3.415017474946177,6.757843966338937,0.01876860645121165,0.017826275202604346,0.2828873447267675,,0.0
NPL,2010,6.3720877886282645,17.123932783931608,2.3621078259586503,6.440732277874539,0.022054021600213473,0.03357254814872033,0.23864750782600302,,0.0
NPL,2011,6.6663442081738244,17.12840460114112,1.9236231303648326,6.334803680483959,0.0267982362973809,0.032810221005272186,0.12143409484322873,,0.0
NPL,2012,6.669755591153829,17.130965393693746,1.7462942376098973,6.1569367701178015,0.029162973628209857,0.028213783176585076,0.008591540345378946,,0.0
NPL,2013,6.6886903928686285,17.132963801213393,2.0756057511676995,6.356873171015469,0.02892352720892022,0.023310623169354575,0.009609616227877638,,0.0
NPL,2014,6.711077431928294,17.1359450004262,2.24797070823409,6.472091923724774,0.02854833178365279,0.018702698756918906,0.07058987584206733,,0.0
NPL,2015,6.77484499111767,17.141396181674768,2.0894222402961766,6.850487724623663,0.019372023685335943,0.018342035828611717,0.07071723777609265,,0.0
NPL,2016,6.776799372312271,17.146123158866864,2.0306547739662597,6.494290128206896,0.02693570222520379,0.0226893764088034,0.06473492709518389,,0.0
NPL,2017,6.941464436250716,17.14811705875899,2.4575800846325775,6.629953315130063,0.0335579358842077,0.08723744260254217,0.08479333306786216,,0.0
NPL,2018,7.072590191637625,17.150557061561976,2.234871376960212,6.447085616526877,0.04177396694101562,0.1611771768554844,0.1076191086850475,,0.0
NPL,2019,7.092692534405111,17.162394791822408,2.343052027519509,6.506042520492523,0.04212702554622246,0.05841019433193365,0.13028759702092324,,0.0
NZL,1995,9.764249633463761,15.11662822167657,3.626481566149884,7.405579790983154,0.38356835629117436,2.0897805847443784,,,0.0
NZL,1996,9.841316149663179,15.132454840949372,3.6398197841762223,7.420410490294558,0.4096998928188639,2.5715434083601285,,,0.0
NZL,1997,9.768480044115625,15.14557842381436,3.346190239946571,7.297737075419955,0.39589559146325337,2.4952794012641157,-0.023629921521123975,,0.0
NZL,1998,9.598214703628244,15.154451222700695,3.30267378728025,7.131302789098043,0.3892529488859764,2.2686500655307995,-0.0809051624024999,,0.0
NZL,1999,9.63705959163908,15.159706068062826,3.801759796518557,7.237179892873771,0.41902427576855883,2.494224400928268,-0.03921289444298744,,0.0
NZL,2000,9.52084277258589,15.16558170892664,4.317480619831608,7.147877543663751,0.463229385385074,2.7947517951110767,-0.022286847602918058,,0.0
NZL,2001,9.5384100361428,15.17147456927633,4.343595002796943,7.1113266636081365,0.4919469140574668,2.9550374951681486,0.0315110273476936,,0.0
NZL,2002,9.733540365948633,15.188846317919772,4.741269187237855,7.3426130113073205,0.5179181967835887,2.8581547423072053,0.11089437076213607,,0.0
NZL,2003,9.994867663910165,15.20858190336319,4.795419302154988,7.606589678662672,0.5224473579658323,3.044158969010727,0.1607357008779026,,0.0
NZL,2004,10.143300784785103,15.223444094187647,4.90639496891153,7.689020051071696,0.5710091743119267,2.7658473394495413,0.22088993753764222,,0.0
NZL,2005,10.231029513784735,15.234731829284446,5.65375930574394,7.916200521311068,0.5723408887491231,2.891200803115702,0.2517582941165003,,0.0
NZL,2006,10.190716767534648,15.246921677887288,5.511982744587313,7.844670381025752,0.5756822635377336,2.9589936911532764,0.1758713921041924,,0.0
NZL,2007,10.388379232026278,15.25624575476241,5.240947003583803,7.982319689468609,0.5812301718831384,2.970255693924902,0.12473114740763336,,0.0
NZL,2008,10.352163473192187,15.264732768786637,5.21668907138079,7.938610914642637,0.5828912155500259,3.040261045119489,0.07259948363130383,,0.0
NZL,2009,10.249794326235328,15.274730049098721,4.914376934964655,7.790576620341625,0.5747687444800819,2.8132096871659,-0.0038589039462536335,,0.0
NZL,2010,10.427088255299848,15.285847309658937,4.440801378406161,7.854870369056667,0.5815156181763854,3.0558726181993703,-0.0066022707558961,,0.0
NZL,2011,10.556485168641277,15.293472107609988,4.330434695985199,7.932915837408877,0.5969434306569343,3.1357263245822535,-0.0035992728888977867,,0.0
NZL,2012,10.597678000743695,15.298954315582971,4.046274397026037,7.928287018980459,0.5839250470724349,3.1617599290348224,0.0250275266047435,,0.0
NZL,2013,10.66860550044931,15.306637795564919,3.893298722000537,7.916870715965588,0.6100718128812949,3.249376645999617,0.05262799403108822,,0.0
NZL,2014,10.70548687956093,15.323247915572034,4.2604219913213015,8.008700746496826,0.631905236355585,3.0153242552946526,0.05675400774110564,,0.0
NZL,2015,10.56226920111397,15.343608254658527,5.312453035516476,8.014536940971478,0.6788302165140799,3.1208135549095326,0.07042860267997497,,0.0
NZL,2016,10.598840312692452,15.366068575660085,5.171437084446074,7.9363315486269705,0.7411807131796101,3.2456691627245924,0.0868692319169913,,0.0
NZL,2017,10.666910367828692,15.386955802888279,5.1287278980359865,7.953513287213892,0.7734336047864384,3.3803230430447067,0.08384039572819155,,0.0
NZL,2018,10.673691383376484,15.404868204564183,5.1769700527343625,7.951949882732186,0.7872505407501122,3.519783282483104,0.06021457397747589,,0.0
NZL,2019,10.665980465221713,15.418990758424128,,,0.7822465444741766,3.573950155725006,0.05212094964381393,,0.0
OMN,1995,8.911166223454156,14.567175672242522,,,,0.6851595451698822,,,0.0
OMN,1996,8.995660994245904,14.584194617875056,,,,0.7511616068423302,,,0.0
OMN,1997,9.016105003236978,14.599740814883903,,,,0.766140812153082,,,0.0
OMN,1998,8.88447578023373,14.614138296976622,2.106678554060625,,,0.8320851081827627,,,0.0
OMN,1999,8.976570775408165,14.627732828008336,1.9626788396750607,,,0.8580461971610926,,,0.0
OMN,2000,9.185417106852599,14.640620213540908,1.693654484273497,,,0.9282280465056564,0.05459964598249556,,0.0
OMN,2001,9.170763810114957,14.652852017479887,2.4227989833803725,6.197104196893321,0.4739814484959638,0.8570952425681224,0.1468750027000844,,0.0
OMN,2002,9.197167033531167,14.664438517588927,2.3368193760077545,6.183555375080607,0.47579520268362185,0.9000569071600332,0.13632647565302847,,0.0
OMN,2003,9.255652359363667,14.675779359368304,2.207516219598112,6.111998616136256,0.5118885047609861,1.1749846433448572,0.12468420259838844,,0.0
OMN,2004,9.375926904559753,14.692986030477648,2.11776808379996,6.057135156402955,0.5850747311338349,1.3585576639591888,0.09474599097575158,,0.0
OMN,2005,9.577401240470033,14.715591416864351,1.765854355278192,6.344727682892378,0.44759700170989375,,0.041505532456848473,,0.0
OMN,2006,9.73689306493936,14.737701847259386,1.7591395813354018,6.293038843877918,0.5507407164401075,,0.07963743901044537,,0.0
OMN,2007,9.841221315669841,14.759484158859728,1.8736908704197295,6.500450243951965,0.5291470538570541,,0.12307759848920519,,0.0
OMN,2008,10.187793152672048,14.781173760624926,1.5829883866929466,6.575818197526315,0.5863251462291107,,0.15849997619002992,,0.0
OMN,2009,9.93575714449421,14.803064275997485,1.9691962799161422,6.535812862912616,0.5900190675985293,0.8793228488236309,0.1498500861778492,,0.0
OMN,2010,10.06773762486724,14.82981544696247,1.6493957583033219,6.571816233522583,0.5439816409822713,1.1832866355315752,0.09049159288319793,,0.0
OMN,2011,10.13412326400229,14.939388628263327,1.9549010329621659,6.9917110231458,0.4527485542435345,1.2336845574391007,0.10001522761659772,,0.0
OMN,2012,10.11221967128863,15.08164261771859,1.9711964461582872,6.912992416352342,0.48321082031379947,1.2490134210818622,0.1215847806790773,,0.0
OMN,2013,10.062967863926605,15.159396510624475,2.099270106765682,6.889386880098804,0.5015763268493573,1.3027757802537512,0.15695552756983808,,0.0
OMN,2014,10.050210006649246,15.202414483262165,2.126234470916987,6.786539391534516,0.5559110332474774,1.262181384900557,0.1438132559805929,,0.0
OMN,2015,9.842053955046863,15.246992171985228,2.8547546118694296,6.74884766886424,0.6294064725638278,1.521133505141706,0.09228351791085103,,0.0
OMN,2016,9.747429456599995,15.29503953730911,3.0933568733340246,6.585709197260784,0.7303780087668136,1.7558795201960793,0.07725236883676238,,0.0
OMN,2017,9.788080414875,15.327863837182381,3.2514313560248844,6.718106756615357,0.7004017282159194,1.9912809020856896,0.08269197668679489,,0.0
OMN,2018,9.898563527609,15.341105233186255,3.1407827421555234,6.7872696433254855,0.7051080313805698,2.270230586855629,0.09113350715170476,,0.0
OMN,2019,9.861633067643593,15.339660915863616,3.494174439003646,6.777234588822999,0.7636279602835051,2.4481389672204097,0.08411331549405929,,0.0
PAK,1995,6.110469678692409,18.71768611655623,0.9598247113223382,7.339331531093987,0.0028086912767019885,0.03969765612409535,,,0.0
PAK,1996,6.124676742804148,18.74679301526024,0.931772607707012,7.377081171841375,0.0026631621281428164,0.038792673275793055,,,0.0
PAK,1997,6.082289553269655,18.77507571873561,0.9898557331183139,7.4073177104694174,0.002630991746936705,0.041271490536947106,0.03000900486312652,,0.0
PAK,1998,6.050802925122697,18.80268857546169,0.8940062950580656,7.167066654304702,0.0029278808484351697,0.03695067529490176,-0.009074053988463504,,0.0
PAK,1999,6.036077563548242,18.829907946500512,0.7812765850831358,7.037808407230335,0.0028691855233092534,0.03885355396147947,-0.039533770512744225,,0.0
PAK,2000,6.46511518433422,18.858155544854753,0.5538534399373097,6.896924848207767,0.003596352915909708,0.03417853071963661,-0.03647851964590813,,0.0
PAK,2001,6.4133597832417095,18.886117127943965,0.5486608746129502,6.97166860472579,0.0031393052844233505,0.03774605866971047,-0.03049675516813579,,0.0
PAK,2002,6.396825225970148,18.910625158842134,0.5739185504130253,7.028657051851175,0.003051049031221783,0.025370324292631898,0.010150981895975164,,0.0
PAK,2003,6.5109155451997855,18.934164320230884,0.5517392908605092,7.12086865593641,0.0029980208036074485,0.027060638435531494,0.04822485638344389,,0.0
PAK,2004,6.6488579194024755,18.9588452319918,0.5785984452024778,7.073740416456398,0.003783146316686711,0.02976003292738461,0.08074801032205343,,0.0
PAK,2005,6.718553944121282,18.982882967035955,0.5702143063172604,6.944659835917588,0.004548221094977731,0.03057301681088631,0.1189357444371673,,0.0
PAK,2006,6.803364920330677,19.006703019902005,0.5677346846233624,6.930871333035625,0.004997698999274777,0.03180512825136356,0.12728622212701096,,0.0
PAK,2007,6.905843567022233,19.03312333242494,0.4952729939923603,6.989993377219109,0.004553012570959853,0.02948153691340578,0.09552513125995325,,0.0
PAK,2008,6.972646780614299,19.059894901737014,0.487626963844889,7.088455432907702,0.004343028244148035,0.02958197487710668,0.0604187877241273,,0.0
PAK,2009,6.8708714223026695,19.085307732828046,0.5071053902974899,7.013115794639964,0.00439867911216073,0.0272834785705151,0.03452678926656105,,0.0
PAK,2010,6.894978574531212,19.11001590298185,0.5073468143633161,7.003366105178464,0.004552320509744257,0.03306637980455709,0.020575630243181563,,0.0
PAK,2011,7.031507254657713,19.132384997015315,0.4887535063058961,6.8780328113240214,0.005698269559218236,0.038972753046848094,0.04354459696397193,,0.0
PAK,2012,7.093707532575812,19.151446995143782,0.4054265324123367,6.956249628920747,0.0046516751267202255,0.03839753817881752,0.022685618854217538,,0.0
PAK,2013,7.1110503556757525,19.167719236627267,0.36264209352861704,,,0.037114480723587966,-0.000951916333706393,,0.0
PAK,2014,7.144102010241038,19.182722477166124,0.3577870595898306,,,0.035798477690215456,-0.023841818107382905,,0.0
PAK,2015,7.230179450828166,19.196747488525045,0.3050370207826704,,,0.03897000593439533,-0.04601126133883149,,0.0
PAK,2016,7.261710656621782,19.20976912790664,0.2518891686609854,,,0.04373763726386729,-0.05240763611108257,,0.0
PAK,2017,7.325961931186192,19.223910126941952,0.25500763139204247,,,0.0325195502975947,-0.03683344069789456,,0.0
PAK,2018,7.358409246570279,19.24014727527098,0.2372741274070989,,,0.030320674196038466,-0.03341742402119437,,0.0
PAK,2019,7.237358916273658,19.257065987737946,0.30912144519613827,,,0.03215056042307703,0.022890176591481293,,0.0
PAN,1995,8.164481064719673,14.817816404056401,3.8855989019297503,6.793562911456482,0.153052404482637,0.24268165430196542,,,0.0
PAN,1996,8.104154766726772,14.838043137009517,4.696926827957757,6.882611097181112,0.1593395071697383,0.2477495542630152,,,0.0
PAN,1997,8.17356891831331,14.858150200080683,4.682441769909702,6.840037104927186,0.17767155087170106,0.27221819758557053,0.11798211987163576,,0.0
PAN,1998,8.244817034672682,14.878120469076869,4.464788999652862,6.835245563616145,0.18279741554171963,0.29714082726715446,0.09251870924297875,,0.0
PAN,1999,8.281557297229583,14.897933164781515,4.339360344668017,6.815323834523168,0.1880194672985024,0.3159065824429793,0.07453387582768337,,0.0
PAN,2000,8.287803444825563,14.917573220573479,5.247985270877518,6.953365790234189,0.1993111143517622,0.3711873859981949,0.08199077317192227,,0.0
PAN,2001,8.291991700920143,14.937037293857507,5.427283811025307,6.804954427448655,0.24010135730567836,0.36315802676429704,0.0933919343254761,,0.0
PAN,2002,8.316443557587071,14.956333955885864,5.546506114011339,6.788408521349571,0.2556446335078534,0.334844299635962,0.10068228784544964,,0.0
PAN,2003,8.35811874368972,14.975470971363336,5.910262803805151,6.798298686102307,0.2812082361095828,0.4439362632284649,0.10488500033501644,,0.0
PAN,2004,8.443453175088093,14.994520875787149,5.980051897843972,6.801730532147448,0.30881332941677647,0.46158149949787075,0.09161770024206853,,0.0
PAN,2005,8.520735129796615,15.013372529123258,6.665099967145509,6.9426532188334145,0.32296758310982165,0.542089920211915,0.1261507236684377,,0.0
PAN,2006,8.617720113906431,15.031912993374595,7.6367699271395875,7.067183015910239,0.35999744001820433,0.6010952811002233,0.17140368434630454,,0.0
PAN,2007,8.751129063998889,15.050252111861823,8.3158996437231,7.142594870059538,0.41541939031095365,0.7194962021707699,0.2074745468881698,,0.0
PAN,2008,8.902127715773384,15.068458652179961,8.5843157087379,7.24558713511939,0.4499167011364753,0.7891276129448034,0.2276797574629704,,0.0
PAN,2009,8.96148485428317,15.08650096421609,8.204031234258178,7.285963670530992,0.4382247576788228,1.7809543929226421,0.1881153023976747,,0.0
PAN,2010,9.027794495646724,15.104339543512978,8.669905647709184,7.32550461066217,0.4756740668065762,1.5224208750066044,0.14518292092128676,,0.0
PAN,2011,9.175986572068865,15.122086429679538,10.171560801879115,7.501842744036278,0.5425740590577243,1.7273782447484625,0.156770518249035,,0.0
PAN,2012,9.311524752162141,15.139731623446337,11.022842968047769,7.695297028111985,0.5548970328171319,1.9997524183010547,0.19264631598975654,,0.0
PAN,2013,9.415183283752768,15.157155034615757,11.542189808148422,7.808300537265626,0.5756367622235892,3.0471669234201815,0.2290705888602414,,0.0
PAN,2014,9.48897153048198,15.174459672619356,11.178929887612632,7.821700529174679,0.5922251246820163,3.0350478670495704,0.197161865290699,,0.0
PAN,2015,9.552699166644704,15.191763421575443,10.317780817273354,7.720381405852146,0.6446912716680534,3.079079099048367,0.11475610546379258,,0.0
PAN,2016,9.60456663761834,15.209050109192637,10.513570481877965,7.878922621082126,0.5904564955923006,3.2972981961665746,0.06900989039701422,,0.0
PAN,2017,9.661073878391194,15.22618211608261,10.612848257654175,7.905572901265102,0.614096103966446,2.9217438572701098,0.05507697304839816,,0.0
PAN,2018,9.689757513994707,15.242913272599768,10.605131066347399,7.962250824681193,0.5967091025130402,3.030740715858978,0.06040836410651203,,0.0
PAN,2019,9.70977577042962,15.258823045306487,10.106193681974583,7.9471786962599165,0.5889437268283467,2.9512735258696012,0.05345571359120491,,0.0
PER,1995,7.691444158716544,17.007998012256905,0.9772513574416077,,,0.10301484020707449,,,0.0
PER,1996,7.7083733177914295,17.026804553264355,1.3990338923056507,,,0.09380855099503364,,,0.0
PER,1997,7.740956536522039,17.045292573537708,1.5667047545269688,,,0.10779790115171839,0.2793964277532961,,0.0
PER,1998,7.67619255752073,17.063482748069422,1.706261178699274,,,0.10779741080293627,0.19569110029706707,,0.0
PER,1999,7.558273611602741,17.080754721510456,1.8151993712432073,,,0.07255645885376681,0.13206057556118403,,0.0
PER,2000,7.5732297704964795,17.096359027422515,1.6639369490098785,,,0.05997624437413009,0.021563091168061987,,0.0
PER,2001,7.565053874171637,17.110035489684968,1.466457181677231,,,0.0834053135071422,-0.04497743207093485,,0.0
PER,2002,7.604580784336898,17.121965555262427,1.526172576819882,,,0.07643676389703292,-0.042662582617825254,,0.0
PER,2003,7.663614849618224,17.13261919666907,1.7418390208332313,,,0.0807211547002972,0.020243784604031135,,0.0
PER,2004,7.782078140394699,17.14242215679353,1.8451758615394738,6.6156188561809754,0.0592413020304687,0.11579441329389178,0.10098360139986404,,0.0
PER,2005,7.903474181300901,17.15132212630486,1.8905976095617523,6.609352024812417,0.06896507548793325,0.15416516317108392,0.1655266545001833,,0.0
PER,2006,8.0486476873794,17.159237394725707,2.0024098170330484,6.680900313634286,0.07862453733060905,0.14891282600629963,0.1846367949978994,,0.0
PER,2007,8.183422309143387,17.166491223415314,1.9643542398488454,6.707900244250363,0.08590746409683128,0.18482505458418666,0.17129647235054718,,0.0
PER,2008,8.342264506996235,17.17307091022189,1.987547140925219,6.8333790384988635,0.08987068892725213,0.21534180058449723,0.16637114407990977,,0.0
PER,2009,8.338350589145588,17.17924180097333,2.0194832707319605,6.813563459033425,0.09277840381763926,0.2022089911582285,0.13574898173383368,,0.0
PER,2010,8.531513157570886,17.185768169954812,1.6776518232465756,6.7328687006757,0.10135453738100082,0.2443106872933422,0.08602369156774543,,0.0
PER,2011,8.676136585495904,17.193237518189417,1.6383159884071217,6.74874284542789,0.11257815718941037,0.2938027261594922,0.07083714935234404,,0.0
PER,2012,8.7825343328647,17.20160668752648,1.5956395819188376,6.7382019427931255,0.12324720445086873,0.34093843751116987,0.06409668491134894,,0.0
PER,2013,8.816823635470955,17.210620079486812,1.9465586773027967,6.884034762331924,0.13448289265256907,0.4110259258182873,0.11628846198220585,,0.0
PER,2014,8.80494537695133,17.220561372275743,1.945850370061098,6.868849631896878,0.13487924920272815,0.4079143304918816,0.12435226060806279,,0.0
PER,2015,8.737406293698061,17.231846110468872,2.181209210212833,6.851174057987599,0.1438393044757302,0.45563872399663796,0.10119678292465828,,0.0
PER,2016,8.735048544819483,17.245181816980168,2.234519206754073,6.8121907217651545,0.15285182696810334,0.48861250649328686,0.07213066204731504,,0.0
PER,2017,8.815246338461701,17.259915470490913,2.1037118663234398,6.790347773766909,0.15936337905527845,0.5137856824964963,0.03437674100628385,,0.0
PER,2018,8.850588014151068,17.27804082820979,2.023836710689626,6.729511577700012,0.1687902130769528,0.5567358102105789,0.035456948798941214,,0.0
PER,2019,8.858938364061396,17.295189521684925,2.05959372020935,6.792977202582918,0.16256127288774122,0.5799992683972287,0.03043770975431741,,0.0
PHL,1995,7.089944922200819,18.071779024358353,1.3479934416793806,6.474346540812015,0.024948173712886153,0.10177153863013491,,,0.0
PHL,1996,7.178616033554681,18.094815442374582,1.6387019445310798,6.629303293919776,0.028383337459929835,0.1006105506614038,,,0.0
PHL,1997,7.149348424032851,18.118342593968485,2.493987715943511,6.962035560868964,0.030077605092004592,0.101132733702518,0.36061642299447527,,0.0
PHL,1998,6.890472736206978,18.143490426714223,1.9210009159353152,6.501126161896077,0.02835428110853866,0.08881790540262394,0.1093643321757611,,0.0
PHL,1999,7.004369299101849,18.16905099882147,3.096677607757943,7.107881460409598,0.027921659924805466,0.06461465659245631,0.16062916192672674,,0.0
PHL,2000,6.957300140276537,18.192843657715443,2.789537353059434,7.0661996536840945,0.025017143713581737,0.07229211051845681,0.09395434547946557,,0.0
PHL,2001,6.8768120489593265,18.21490411090397,2.548110168096402,7.02026878197123,0.022075763529040157,0.078823903071649,0.018019842113330853,,0.0
PHL,2002,6.922554028523124,18.23518080946315,2.393622974078435,6.950789000687361,0.02326984293722768,0.0776346244380372,0.04107848811811081,,0.0
PHL,2003,6.9346212542389765,18.255001944968345,2.0921633461175992,6.861609753109326,0.0225062988426959,0.07621136730958322,-0.08973331550892354,,0.0
PHL,2004,7.002729157004795,18.2744346206399,2.5157365191429997,6.950060241454198,0.026517890536185033,0.08551429382591282,-0.005182664588693697,,0.0
PHL,2005,7.1069832679151625,18.2930287423576,2.6652398105802173,6.995306604213378,0.029801412611953272,0.09153827120585241,0.08756622746629254,,0.0
PHL,2006,7.262731324867289,18.309849580439753,3.1734485963287042,7.261859210533828,0.03176217413523152,0.09277989139548515,0.18461979099487777,,0.0
PHL,2007,7.445800329712744,18.32719592116979,3.5408292919428375,7.487858339176012,0.03394997258528734,0.09682275250742288,0.2746741178624287,,0.0
PHL,2008,7.580338633636123,18.34486926781313,1.8130801238730054,6.9556500045165475,0.033862250758758754,0.10257261950615591,0.12980624397046867,,0.0
PHL,2009,7.530721615229423,18.362884773975512,1.6570558574695409,6.873705132951625,0.03196507891941717,0.1110449889679687,-0.017047918476545833,,0.0
PHL,2010,7.679211554079195,18.38336431649561,1.6513981276005583,6.885056416187474,0.03653835424297746,0.23433703258219507,-0.09651116515830545,,0.0
PHL,2011,7.776501019729807,18.403011701743914,1.730448544371214,6.941886571944615,0.0398682468945567,0.26795920767729303,-0.05749645631246345,,0.0
PHL,2012,7.868872690411541,18.422434325529075,1.8948494767762811,7.057449518925553,0.0426551351192495,0.28490722723543754,0.11496673199219173,,0.0
PHL,2013,7.9306663802037045,18.441231483499642,1.9721536512449167,7.086831527030959,0.045857837217041175,0.2502135264729721,0.1670998662230648,,0.0
PHL,2014,7.96096497234975,18.45765981187992,2.0367512392793894,7.133832656082042,0.04657544253175355,0.3363049936911621,0.14546959490155978,,0.0
PHL,2015,7.975859623618139,18.47244735031013,2.0930286885569203,7.0870878554077,0.050905400161833786,0.3515560739172618,0.11175858806071268,,0.0
PHL,2016,8.00142056479806,18.4858664212642,1.9737812365105059,6.960313066003558,0.05590443439089027,0.37669380388021745,0.060947844881633274,,0.0
PHL,2017,8.018994593351032,18.49874943993083,2.5417015564639494,7.139650634251291,0.06123768775407085,0.36387446087180436,0.08363648272887332,,0.0
PHL,2018,8.06101684036853,18.511118043262734,2.8009880281445105,7.211799686138911,0.06548194588847148,0.3935504960581705,0.1207911295674009,,0.0
PHL,2019,8.131762888846076,18.523279596727264,3.0398855092154125,7.234635949307227,0.07455461065666331,0.4311811622618874,0.15947554365370314,,0.0
POL,1995,8.216347407644355,17.468633240545905,4.8495319434379995,4.43349165936625,2.1309497152973034,0.042940797665023844,,,0.0
POL,1996,8.33411421689058,17.469393982369553,5.449807273599526,4.607466293326011,2.263829804861542,0.04675545516988368,,,0.0
POL,1997,8.32772817715106,17.4700485360638,5.6618772351475055,4.635596369708782,2.2721286552067985,0.05169515074647487,0.13383468772641827,,0.0
POL,1998,8.419257411878851,17.470406069077423,4.747200053843223,4.5424961588198185,2.2913611943011545,0.057224542197842974,0.058251063539356454,,0.0
POL,1999,8.392876509887731,17.47032304154917,3.8065790883974175,4.289288381953595,2.3051571469843033,0.05537208986455372,-0.01797347454020439,,0.0
POL,2000,8.41640907792436,17.459879687565387,3.543148327255737,4.2836946780182865,2.2090441348538654,0.06118669333394043,-0.10471697358362561,,0.0
POL,2001,8.520236137030846,17.459603816318104,2.6696457936725237,4.4231904177280175,1.6061200045722561,0.06981483199311778,-0.14454069315057866,,0.0
POL,2002,8.560913724728092,17.459140626945604,2.489302867470173,4.584760298363626,1.3270865011905197,0.07444132627144225,-0.12684675303780146,,0.0
POL,2003,8.651866322820595,17.45846569992914,2.1655259199695065,4.508573931126233,1.364496446367542,0.08512651758677038,-0.08431177779713508,,0.0
POL,2004,8.811611596639862,17.457880572577867,2.544595229900814,4.656972088374981,1.6216447539381025,0.09148482767713205,0.004552813038925052,,0.0
POL,2005,8.992672218591713,17.457441083044543,2.332573949781182,4.7080976292744285,1.6927878084481918,0.09311250006386668,0.09420065183873091,,0.0
POL,2006,9.112601326001501,17.45680737730162,2.3570557516245465,4.829986299243244,1.7072060034083294,0.09506716176995379,0.14036202462371747,,0.0
POL,2007,9.330124015600191,17.456264327093578,2.729482655557701,5.177018384958372,1.7368055453540032,0.11200399469472641,0.20383685325002254,,0.0
POL,2008,9.550275211666849,17.456400700890406,2.407899610436609,5.3714893635053285,1.5720342774028446,0.12156285203397524,0.1857348747056939,,0.0
POL,2009,9.354986254268589,17.457078333160617,2.2427287943683125,5.213060494361,1.4112120007120015,0.1121596909047308,0.11039532978825406,,0.0
POL,2010,9.438887837221879,17.45422224194527,2.065417230256998,5.131473625329747,1.5335361540479913,0.10774923629426376,0.021249819938879,,0.0
POL,2011,9.537315290134856,17.45475993903405,2.173161250819249,5.240892615974563,1.595896094540522,0.1168772103128989,-0.03114730078755379,,0.0
POL,2012,9.479406814535595,17.454757548274017,2.3494994931705633,5.157189303741835,1.7704781452219789,0.12897247302061068,-0.0045627914345061525,,0.0
POL,2013,9.519434245383211,17.454153948099272,2.362500263407272,5.131665509224154,1.9008840017543547,0.13151813804186602,0.05970258763577263,,0.0
POL,2014,9.565373862866483,17.453405485806353,2.340933438312229,5.147967364590235,1.9401903122811943,0.13255762795313922,0.05668240912114264,,0.0
POL,2015,9.444425606744863,17.452739074796696,2.3255711320516963,4.967041079804348,2.046600242212926,0.11711774726183669,0.002670682586009221,,0.0
POL,2016,9.430600739265603,17.45230922348795,2.519124682522672,4.998181708452882,2.119457877460223,0.14477614970963854,-0.005526880859497751,,0.0
POL,2017,9.540603480296337,17.452434024473796,2.6355300097253864,5.112960325749719,2.2068303881102707,0.19424742064650935,0.019511859873864522,,0.0
POL,2018,9.65875069652118,17.452432023145967,2.6183256824054135,5.199317844629057,2.263240705995431,0.2443080731275387,0.06297688238982921,,0.0
POL,2019,9.67247071641793,17.452187752074973,2.607005660069952,5.179008001417006,2.331460359708393,0.2693372333679481,0.09503571967858662,,0.0
PRT,1995,9.374274057503406,16.120709831010178,4.779803630873179,6.386253585313186,0.948616900401509,0.45781163227136645,,,0.0
PRT,1996,9.407968467144256,16.124469792883577,4.543746167459976,6.3502954387017825,0.9668176843176309,0.4774966476863695,,,0.0
PRT,1997,9.356646689004334,16.12893439893329,4.6275511340849445,6.277289311875218,1.006234359817022,0.6213685123628236,-0.020887224689172257,,0.0
PRT,1998,9.409126178197615,16.133988291267116,5.1554572914135255,6.338129397451614,1.1116911524147763,0.6912366651194524,0.03427796402098267,,0.0
PRT,1999,9.431505308734803,16.13964459569147,4.743846952033638,6.253557639482049,1.1384024080264417,0.7182837683311952,0.027421011539144047,,0.0
PRT,2000,9.35239291212776,16.14667319522466,5.083251292574244,6.211378950511694,1.1756190391780366,0.6532003524233185,0.026804360801754256,,0.0
PRT,2001,9.370311080338118,16.153725501597897,5.151141804364199,6.243846868865327,1.1741123615976574,0.6417707625467517,0.023313904758892078,,0.0
PRT,2002,9.467822957371347,16.159202180994505,4.928203663765579,6.346527921781864,1.1175059846169217,0.6521900823551237,0.01129154779847461,,0.0
PRT,2003,9.667624837898016,16.162956295143065,4.6524105366635675,6.487098915851597,1.1193422279624061,0.7257279764134026,0.05769191273276739,,0.0
PRT,2004,9.801685038194522,16.165347585039182,4.700549281513032,6.729504755041571,1.0147978879155304,0.8634672855735115,0.09841012538512821,,0.0
PRT,2005,9.840554542537392,16.16720290770573,4.581912483028287,6.747207753695732,1.0103462425725935,0.9653752667011319,0.10259502065117339,,0.0
PRT,2006,9.89542786281424,16.169006232120505,5.0235573733784955,6.8346831385166205,1.0722002667100539,0.8972316667249557,0.10750527729604187,,0.0
PRT,2007,10.035000630928186,16.17096927596538,5.382622609299673,7.5533085448136585,0.6438417128238321,0.9788556614629434,0.1206218469931617,,0.0
PRT,2008,10.124590677863301,16.172411188763913,5.345529089066266,7.612114860528065,0.6593941359384295,1.0580443953534782,0.12763725028974376,,0.0
PRT,2009,10.04980255978076,16.173364497356285,5.05052233150386,7.559604734548144,0.6092779625608675,0.9371252394082008,0.09202595623488392,,0.0
PRT,2010,10.02357615494345,16.17382359772347,5.4453068022401645,7.561042110248874,0.6389800531537582,0.9862929048882353,0.03806759616385982,,0.0
PRT,2011,10.053911692071283,16.172352748937715,6.075539412915475,7.626923833291915,0.6880377663020623,1.0432939997499422,0.02016706240876509,,0.0
PRT,2012,9.932727246703589,16.168298531060238,6.732346786383707,7.571965881378566,0.7135626548525114,1.0782927449993551,0.025725083553641427,,0.0
PRT,2013,9.983983355897294,16.162810378950716,7.093781476142628,7.468631188896081,0.877569199300584,1.134231940477915,0.06425028320052632,,0.0
PRT,2014,10.004268423181669,16.157418474282796,7.639562634150295,7.423257006159238,1.0092238657937045,1.2148220056759589,0.0681223866178989,,0.0
PRT,2015,9.863487163188942,16.153277063262863,8.042161763016317,7.219228681457007,1.131773893143862,1.2267634452575942,0.03289315481823145,,0.0
PRT,2016,9.902501110494695,16.150122473092885,8.408406843968201,7.168984544753734,1.2937932402378123,1.2692054546377243,0.03432619384522404,,0.0
PRT,2017,9.973124815946106,16.147683578989298,9.773479895846302,7.243356959781864,1.4982087900352417,1.5472680407366777,0.05757657368531817,,0.0
PRT,2018,10.066504812416667,16.14608253877783,10.064731575871773,7.3167973258408425,1.5739284480030868,1.6888619814695354,0.09522138072415061,,0.0
PRT,2019,10.05806797845231,16.146319873724327,10.24171778059817,7.260453106360021,1.6802020325554576,2.1434294435209367,0.11985592576163029,,0.0
QAT,1995,9.66918884346011,13.150610640342432,,,,2.0852573761726534,,,0.0
QAT,1996,9.748282552426225,13.17877962701964,,,,2.2689166173615694,,,0.0
QAT,1997,9.929291812833362,13.218582235144872,,,,2.1155313351498637,,,0.0
QAT,1998,9.77936546436267,13.271713983861584,,,,2.0790987701105865,,,0.0
QAT,1999,9.915104053105038,13.32530422140102,,,,3.7962448979591836,,,0.0
QAT,2000,10.223219845616185,13.376988541368918,,,,4.1442133121650135,,,0.0
QAT,2001,10.16087016710459,13.426791941334722,,,,4.097969539403326,,,0.0
QAT,2002,10.211951895475925,13.474715993528322,,,,5.020382308898278,,,0.0
QAT,2003,10.360990588452857,13.520712560599582,,,,4.275790203066544,,,0.0
QAT,2004,10.622192845131712,13.558463730834966,,,,5.758291393605851,,,0.0
QAT,2005,10.895806972690806,13.623633088524063,,,,7.31885322167946,,,0.0
QAT,2006,11.044240091465467,13.787965656462621,,,,7.268324097402323,,,0.0
QAT,2007,11.096714546538633,14.004969085883001,,,,7.346637210976382,,,0.0
QAT,2008,11.299499685179144,14.17104144772252,,,,6.799509859573436,,,0.0
QAT,2009,11.01511042126842,14.291063138265395,,,0.921124517761481,6.346702691212584,,,0.0
QAT,2010,11.256577881217074,14.295979237057773,,,1.0514388631595615,7.663918081779678,,,0.0
QAT,2011,11.54501998444587,14.300871286006027,2.660105910902531,7.68232785395845,1.266032357989883,8.966307044543782,,,0.0
QAT,2012,11.5942324084688,14.359251287027659,3.864403283510815,8.041320392897207,1.3492503068325246,9.97839748078015,,,0.0
QAT,2013,11.549228544933332,14.46597255100406,4.253057035151424,8.082042167321763,1.3629537482793492,9.77723533285397,0.31929095705333843,,0.0
QAT,2014,11.47044199731602,14.581789698819001,5.128389180176701,8.222890684600634,1.3193942590780972,9.957065544476691,0.2745846439235663,,0.0
QAT,2015,11.141648640520387,14.667607029436331,7.500311198138382,8.32476977919906,1.2543947534651536,10.77526543393912,0.23816182784878953,,0.0
QAT,2016,11.022778515186888,14.722604327132201,8.299491805202127,8.36316730525416,1.1860581249220363,12.598979941569077,0.14739333622729234,,0.0
QAT,2017,11.055322322017526,14.749963356464288,9.78093473281996,8.851446656326234,0.8861584872457597,11.764060695571564,0.14203170433665768,,0.0
QAT,2018,11.17099625291626,14.763584412560483,8.312108347364807,9.033326310753875,0.7048382359437276,11.30644343818464,0.09920618475879124,,0.0
QAT,2019,11.110076452126204,14.785780633563377,8.87162643027394,8.898865508200114,0.8096922032685567,12.488662603741222,0.06997469183462854,,0.0
ROU,1995,7.408560398966014,16.937182290707888,1.8407614642735146,4.840543514628735,0.2400341734602877,0.05487943848314272,,,0.0
ROU,1996,7.3981806107331645,16.93430099585258,1.8138956944773725,4.8576580103180795,0.23011623323467292,0.04037755154913099,,,0.0
ROU,1997,7.363492982226727,16.931422016337166,1.6950003411751347,4.763114675663181,0.22829675545484704,0.044125253647050645,-0.06666203714323693,,0.0
ROU,1998,7.524321029784744,16.929352213917756,0.8418055107450618,4.285732737893596,0.21464105227164965,0.04032461582317309,-0.212872565830121,,0.0
ROU,1999,7.377700299062506,16.927782427757514,0.8511074621234117,4.070321709978251,0.23246665634272634,0.04362309785849438,-0.2269803827041706,,0.0
ROU,2000,7.4145301389343,16.92648802735945,1.057611947606807,4.315459715274917,0.23455005132787454,0.054275434388789255,-0.17401857009489596,,0.0
ROU,2001,7.509441010415504,16.912533727495877,1.0372540927188862,4.44091052899915,0.223116152787122,0.051387427327978484,-0.06125278677780273,,0.0
ROU,2002,7.659103014785498,16.89422717755886,0.8683287417540378,4.424099411095789,0.2206116234070313,0.044153939238202385,0.05756424652539884,,0.0
ROU,2003,7.893350504244405,16.88701455458484,0.9047443595584767,4.5377081223010345,0.25933602746152995,0.05818550252740225,0.10871063620351293,,0.0
ROU,2004,8.1590859549474,16.881316691859514,0.8096177050557797,4.521459142027118,0.30766723532273454,0.06236233056625502,0.1086066307665913,,0.0
ROU,2005,8.437717749556667,16.87514138229348,1.344785268451474,5.423853187195553,0.2738783429492509,0.08010033919356689,0.2718147877101149,,0.0
ROU,2006,8.658264063379919,16.86921735669319,1.3726837540035028,5.625661244444878,0.2848479929941643,0.09660702017952454,0.3793039066734405,,0.0
ROU,2007,9.031254107076725,16.85444512687342,1.1873615046215436,5.592678714593735,0.3697747764184253,0.1438430584291075,0.3769380949941382,,0.0
ROU,2008,9.252935780882725,16.837781300442764,1.225293880274473,5.691444582085444,0.43149546873763717,0.15841059505912855,0.3377715903545312,,0.0
ROU,2009,9.053505766749065,16.829450412894975,0.9694990729293106,5.40644632376047,0.3719162800987672,0.16045288257702092,0.09354224879214712,,0.0
ROU,2010,9.035931914675594,16.823510821059088,0.9590487327631286,5.382312284307294,0.37032882760007707,0.18438666399366105,-0.025869212055618717,,0.0
ROU,2011,9.165413665447108,16.81859215893043,1.0465986748065104,5.579276059906005,0.37776346557255064,0.18162074275315562,-0.053203141873077085,,0.0
ROU,2012,9.09716648486657,16.814140379568443,1.0629904282690041,5.480176845242572,0.39570177238199056,0.17914576377995153,-0.04654387249875036,,0.0
ROU,2013,9.158802217734205,16.810427148939663,1.215498931184834,5.661889532348862,0.40127718134981355,0.15448310780194632,0.07795707787660007,,0.0
ROU,2014,9.21351244318853,16.80668139396204,1.1956600563607689,5.644992227152185,0.4240297807336077,0.15408747982505783,0.08973583727654529,,0.0
ROU,2015,9.102422977129411,16.801980871683394,1.2530558256657882,5.475966143133984,0.4708912405246448,0.1834208939050898,0.04273746675504029,,0.0
ROU,2016,9.148947836627244,16.796244263229596,1.3351988032373692,5.4889514691775565,0.5188743000995774,0.18713267869123892,0.04893637504143626,,0.0
ROU,2017,9.28061076581981,16.79046419307813,1.690718152660941,5.784402326047501,0.5577701242781877,0.22580598063732102,0.08990687541344897,,0.0
ROU,2018,9.426752060499064,16.784589260004093,1.604275240249928,5.802035883291101,0.6018290055905395,0.25204080113094557,0.14364816484901083,,0.0
ROU,2019,9.465727305331441,16.77932111178473,1.6954545484567627,5.801702188409969,0.6615338044548404,0.2906458448966242,0.17357615441678043,,0.0
RUS,1995,7.888251926811825,18.815258715008092,,,0.06935093796671825,0.17876771228178895,,,0.0
RUS,1996,7.880021421486056,18.81380419954211,,,0.10939515313191986,0.14927835274765452,,,0.0
RUS,1997,7.914826683911723,18.81215078300458,,,0.11806076043718002,0.1380451621924514,,,0.0
RUS,1998,7.514724467643525,18.810495921571096,,,0.1096222256123459,0.10309215938069374,,,0.0
RUS,1999,7.1935034092814085,18.807403139656053,,,0.12784042819180053,0.12634873010301628,,,0.0
RUS,2000,7.479635018610516,18.803196989753555,,,0.14440281122238702,0.12065669697215703,,,0.0
RUS,2001,7.64986047234714,18.7989560845057,1.5414116383609349,5.388372651334189,0.14793478856409212,0.139071710195071,,,0.0
RUS,2002,7.773817234923628,18.794355841924887,1.5277715710262678,5.422462964978736,0.16041264830711596,0.14377991646168445,,,0.0
RUS,2003,7.998040638088607,18.789818035244682,1.3661055519919874,5.56469375114328,0.1556945397155471,0.157091525063862,0.10915375032770136,,0.0
RUS,2004,8.319318874932286,18.785791220531397,1.2287301042210779,5.796463230923335,0.15315062855755568,0.18011665463386575,0.13965677240212707,,0.0
RUS,2005,8.579877841008175,18.78197669258398,1.021575499846925,5.862382500040751,0.15469052022684635,0.18480026597767174,0.13224787853163705,,0.0
RUS,2006,8.842199923042633,18.7787022398829,0.9818855536945658,6.069048004126917,0.1571901926601883,0.2015870127653662,0.15046546353297074,,0.0
RUS,2007,9.11616584134967,18.776991419553443,0.9560642258583782,6.296016484172428,0.16042142580412072,0.2323995133675675,0.1788339089922971,,0.0
RUS,2008,9.361797539377053,18.776551926961808,0.9525856336409443,6.5046315736205855,0.1658652624547361,0.26579579744390675,0.20223922946236747,,0.0
RUS,2009,9.055185399259663,18.776852997563484,1.0116584040756613,6.362412236955522,0.14944810723856625,0.24094099627084986,0.1408010129845536,,0.0
RUS,2010,9.275658949080768,18.77730196244791,0.8681785613488875,6.387188000582388,0.15597537962129476,0.3070052665509402,0.06133650917177178,,0.0
RUS,2011,9.568387609915446,18.77848241789238,0.8290146816066124,6.522519750925235,0.17432746931255844,0.3534921203557352,0.04440799259849974,,0.0
RUS,2012,9.6422430106593,18.780998174973107,0.809493826968993,6.452708267731107,0.19652186635833765,0.4095952092436878,0.05599649677053833,,0.0
RUS,2013,9.676677779301473,18.783973209714905,0.8810583915917788,6.486083952605057,0.2141223419905136,0.4455480528517248,0.12810725065386705,,0.0
RUS,2014,9.566388986657772,18.786969884039504,0.9445710544818446,6.3968474006175535,0.22477554216362028,0.5004946677321984,0.09441299260527317,,0.0
RUS,2015,9.151299566634428,18.789763404817126,0.9670826778789532,5.968552938237512,0.23319160007476733,0.5312897234275306,-0.04190824088438418,,0.0
RUS,2016,9.083016458094535,18.792350915390923,1.0042400587342777,6.2573508388016394,0.16943710691260092,0.5341383463528647,-0.10910210999255376,,0.0
RUS,2017,9.290503175476854,18.794264740678653,0.948926824564041,6.417490368689183,0.1678673876544583,0.6151258358440027,-0.10200866123984689,,0.0
RUS,2018,9.3412421527304,18.794986096844053,1.1304335204940774,6.6373961246192765,0.16885364380193507,0.6831403360921359,0.004974254048596194,,0.0
RUS,2019,9.362225576147885,18.795365568981588,1.0179462099403027,6.559335961147833,0.1678820728779523,0.7484045582715623,0.09148040652360301,,0.0
SAU,1995,9.28604144332039,16.4024656194444,,,0.33094430872483727,0.8671824471593382,,,0.0
SAU,1996,9.347621378156875,16.442423658318802,,,,0.8463807665803702,,,0.0
SAU,1997,9.354037656364815,16.480997179422435,,,,0.8165736726747369,,,0.0
SAU,1998,9.19381022862267,16.518359589738647,,,,0.7918545440898903,,,0.0
SAU,1999,9.254566799078514,16.554547344129855,,,,0.7968226627650138,,,0.0
SAU,2000,9.368587993651362,16.599145668582498,,,,0.7767775957579195,,,0.0
SAU,2001,9.287793081586702,16.65115605957305,,,,0.753209082565238,,,0.0
SAU,2002,9.267292786273666,16.700920582349703,,,,0.7573205381524445,,,0.0
SAU,2003,9.348990427799134,16.748663296979522,1.5838172002486186,,,0.735716209180643,,,0.0
SAU,2004,9.484519024668787,16.794578753818545,,,0.5634617691977623,0.7596862245468614,,,0.0
SAU,2005,9.678827062390875,16.838852648342375,,,0.5066661348869085,0.7749576967581052,,,0.0
SAU,2006,9.77358468524766,16.881661406207247,,,0.5108311869289847,0.7843201014914668,,,0.0
SAU,2007,9.83070986316016,16.923155917122347,1.6604781993126898,6.23915775033284,0.6025934991163616,0.7663156358729423,,,0.0
SAU,2008,10.013260320217416,16.963443482703507,1.3033939416325764,5.946470015129601,0.7607821013482681,0.7174635970466522,,,0.0
SAU,2009,9.782358427985107,17.002592429300343,1.5716694311227823,6.227216912462798,0.5499706949318873,0.7229519424135797,-0.01194108470363986,,0.0
SAU,2010,10.000087361441192,16.992667611327914,1.42671213028416,6.360576228616768,0.5431952399665584,0.8475760793414531,0.025688229543547436,,0.0
SAU,2011,10.208275600274247,17.038054327690542,1.3688168908801563,6.381106169590145,0.6287296198405643,0.9220411936664578,0.07050627672312046,,0.0
SAU,2012,10.265816795054077,17.080080750441095,1.1171381403373764,6.0479341226212835,0.758420475388669,1.0140930856715544,0.07531721459357428,,0.0
SAU,2013,10.235143409175432,17.13419566285358,1.1289295582598675,6.077501401714173,0.7216187776399106,1.0227374713672934,0.061557960573069795,,0.0
SAU,2014,10.232988583524266,17.158699976786604,1.1767723956441842,5.997854345206753,0.8128078739429303,1.1398898163156646,0.03430051168046653,,0.0
SAU,2015,10.054325105243391,17.210568531972225,1.6127441253022723,6.238681659170111,0.7322820052412797,1.1212539469074416,0.0462904423578145,,0.0
SAU,2016,10.010893451696957,17.24801918602287,1.9495720748778038,6.466714837606915,0.674771157049522,1.1337021233759634,0.11919314460661248,,0.0
SAU,2017,10.08285854041292,17.248767011645107,2.026262812312484,6.693600071312622,0.6006645822408014,1.210658560099789,0.1466477958343443,,0.0
SAU,2018,10.28739072716928,17.22322932906668,1.9145808631247259,6.873245138330616,0.5818597329916224,1.316971715821561,0.15062974608411323,,0.0
SAU,2019,10.294407165395244,17.21883231487594,2.2330093737868775,6.885682187308134,0.6749645977875252,1.5361161442038647,0.13811139670183117,,0.0
SGP,1995,10.123219318405187,15.075250842563749,8.667326934927805,6.972057328278462,2.0249646333415234,3.058386054669789,,,0.0
SGP,1996,10.174768334784375,15.115894027247652,7.686948531859547,6.922727656129685,1.9865399116899647,3.225729996207812,,,0.0
SGP,1997,10.180204680356189,15.149468449199258,6.318178902279261,6.778620194208755,1.8961875513364197,3.4195390035610815,-0.09246322220089809,,0.0
SGP,1998,9.991007182071638,15.183440571966987,5.369294563718111,6.603162899968654,1.5894223206126075,3.394544680922578,-0.1665741022430957,,0.0
SGP,1999,9.989510988673285,15.191432056477026,5.89777007093896,6.594944549859083,1.7576375007799232,3.8604873339205596,-0.12800684124859743,,0.0
SGP,2000,10.079658522837383,15.208752478802452,5.351982912763443,6.505146573750918,1.9094378764846183,4.147172202199317,-0.09462030275172957,,0.0
SGP,2001,9.985055626411079,15.235726037235088,5.168508830498193,6.424853079193031,1.8177810987498344,3.9568875102343832,-0.0508742685240243,,0.0
SGP,2002,10.006036801983383,15.244852435292856,4.817460975110759,6.37865882623343,1.8120427687113112,4.132442198781115,-0.015616754709051151,,0.0
SGP,2003,10.074511531576862,15.230107106873662,3.934604815836547,6.441043109584984,1.489005853467437,3.4442202416335466,-0.07049184404006822,,0.0
SGP,2004,10.225863762970647,15.242626273604214,4.630821185704077,6.460800105963796,1.9989612793352187,4.078951650529056,-0.01182445577303426,,0.0
SGP,2005,10.307662404664361,15.266131386489933,4.858074102471302,6.542884028000849,2.0964601400640728,4.1596359571865476,0.07602279772186193,,0.0
SGP,2006,10.427282297212072,15.297425278050687,5.070401394316016,6.650076972403217,2.215449070913228,4.4454127299144695,0.15299893926571642,,0.0
SGP,2007,10.582355417697789,15.33908530668678,5.010453605752319,6.781599908395874,2.2414248880758594,4.504935166485457,0.20639794856837845,,0.0
SGP,2008,10.596849011359577,15.392300477517042,5.48246396859768,6.955905045329637,2.0903435056771547,4.349758523584348,0.17574910345766134,,0.0
SGP,2009,10.569438378068318,15.422459976664621,4.751473869002417,6.859300698279334,1.9414252182374072,3.6946773510883952,0.11344112329688265,,0.0
SGP,2010,10.762926053725788,15.44017830545726,5.912230262330941,7.104827497565419,2.2932075201133326,4.896816526415872,0.12813858977254605,,0.0
SGP,2011,10.894727247608571,15.461027330017862,6.417964163487902,7.216157349578518,2.540855082327486,5.114105853301858,0.16532000944668718,,0.0
SGP,2012,10.924994785238486,15.485561233320963,6.36918094587285,7.167473406697654,2.7286911825966125,5.484951308363299,0.180714788740854,,0.0
SGP,2013,10.950234906163725,15.50175431430685,6.252431091721021,7.119061313867198,2.8834104255438158,5.8766973467364005,0.1751112150387552,,0.0
SGP,2014,10.960666588923075,15.514738716086773,6.085492629488706,7.1462686790708965,2.7597370543742246,6.1508621672285475,0.06724750383448921,,0.0
SGP,2015,10.92675841129577,15.526602485461757,5.395155352264914,6.994815894821229,2.751850857506465,6.067820210363068,-0.013270040555700646,,0.0
SGP,2016,10.954379699540622,15.539576846455615,5.905987906403254,7.051778292753384,2.925302682243789,6.307926316542254,-0.013030452923872459,,0.0
SGP,2017,11.025753419067144,15.54046280115554,5.768933169752683,7.040116690458473,3.1048136995962228,6.787824782667496,0.005609791104246043,,0.0
SGP,2018,11.112937667625118,15.545159844142681,5.401395890084235,7.0058711150997635,3.2823308166668914,7.165071197564818,0.030672498823348347,,0.0
SGP,2019,11.098450393430989,15.556602677211574,,,3.3515856475129873,7.548032118135153,0.06664580277512364,,0.0
SVK,1995,8.239339515617663,15.494847411280448,3.1025167484050074,,,0.007665051783858967,,,0.0
SVK,1996,8.311181787361988,15.496964155244767,3.1145887077766132,,,0.011650064084657628,,,0.0
SVK,1997,8.316712029463424,15.498810455156821,2.5196660504485573,,,0.014990829958848593,-0.06337585281957203,,0.0
SVK,1998,8.354762229763221,15.500151671141674,2.151738278465711,,,0.019905330027774705,-0.09402261284317462,,0.0
SVK,1999,8.257691657359914,15.501172202752135,2.2341353594365914,,,0.020496588226137043,-0.093041795970327,,0.0
SVK,2000,8.250025927896633,15.499818437874191,2.138022323029126,,,0.010595280511884084,-0.10459655695644124,,0.0
SVK,2001,8.28762102791956,15.49798831516423,3.035888453456491,,,0.00801525674458952,0.02014649073194654,,0.0
SVK,2002,8.4351993007552,15.497624789654543,2.995783789642799,,,0.015403078941965203,0.11510754493661146,,0.0
SVK,2003,8.745626995532334,15.49696657458422,2.5946542344979977,,,0.03539340459085855,0.17869617384186043,,0.0
SVK,2004,8.986789333346382,15.496762957381623,2.1670953673200373,,,0.11843686479483571,0.1794362177892747,,0.0
SVK,2005,9.114622501780142,15.496861048723355,2.6257690667132163,,,0.13250783063676028,0.15883978756627393,,0.0
SVK,2006,9.271358161911557,15.496907019911712,2.8978580189871823,,,0.1451239834924421,0.19852246358317913,,0.0
SVK,2007,9.570124930655071,15.497198803923645,3.053774353149789,,,0.49849589422288676,0.2550607446698351,,0.0
SVK,2008,9.79667284914584,15.498056356918841,3.2021349928344307,,,0.5001508579382972,0.30100585864030016,,0.0
SVK,2009,9.71635963048325,15.499388930129118,2.8440957156319437,,,0.6387962585813249,0.1994582638577551,,0.0
SVK,2010,9.735036277925133,15.500320842861019,2.5616778040241113,,,0.013884262202889476,0.07648567243723256,,0.0
SVK,2011,9.823872505952082,15.501610207488255,2.5224385521445516,,,0.006457302778016532,-0.014851387483247436,,0.0
SVK,2012,9.770925353258123,15.503312046041517,2.49671694184481,,,0.008342180484094639,-0.05489507683534924,,0.0
SVK,2013,9.815354483866392,15.50438662613644,2.725596089053151,5.369400821910314,2.3244201926592067,0.011824007604842287,0.013606355847949558,,0.0
SVK,2014,9.840064621677827,15.505357080352276,2.597502813128541,5.432086702478282,2.1326349058593754,0.005357718925879864,0.03196247804578398,,0.0
SVK,2015,9.707598943240708,15.506307419138757,2.780937832775021,5.112239432919607,2.7537883487981953,0.0020461665168025156,0.00827296974066094,,0.0
SVK,2016,9.719328924157436,15.507596642438328,3.1124382750568826,5.0865613091790305,3.199529792859171,0.002380497304447707,0.026050222464792227,,0.0
SVK,2017,9.778237765223588,15.509148432395202,3.1507177487652265,5.2795786933686495,2.832385160257919,0.001457007165717513,0.028753620540683755,,0.0
SVK,2018,9.881925334928216,15.510533513991314,3.112229547927116,5.379330003965148,2.808820124804219,,0.06539738694766335,,0.0
SVK,2019,9.873340614246928,15.511886794719723,3.1650503372207823,,,,0.0766869789140003,,0.0
SVN,1995,9.281552397026466,14.503580873023912,5.279064510399792,7.340176197078829,0.36786285751043285,0.18629338972557027,,,0.0
SVN,1996,9.286999510565458,14.502955511686451,5.96161297954399,7.338538195074592,0.4183789024392697,0.1976236882916262,,,0.0
SVN,1997,9.253086217062565,14.501610968256228,5.910200058034843,7.13704009831843,0.49044389704505037,0.20332776758397467,0.041247345460410756,,0.0
SVN,1998,9.31754019472525,14.499429791688877,5.1453772358019085,7.057656556854857,0.493028715264058,0.23208178725684778,-0.0025359740362340235,,0.0
SVN,1999,9.341499387157837,14.500144100134015,4.471538244352547,7.041993435364965,0.4457790922545883,0.28012475763283234,-0.03392398530732273,,0.0
SVN,2000,9.22382128584335,14.50310484973452,5.0398848596406465,6.837450931897375,0.5480347423859623,0.31570169815352517,-0.06539743615088263,,0.0
SVN,2001,9.247214640821904,14.504679837154995,5.123647622044271,6.767049495102272,0.6119293595574431,0.3461918817706294,-0.040199085653191344,,0.0
SVN,2002,9.362127957154554,14.505918991578229,4.962395741263445,6.785353297469459,0.6527853679814292,0.3612445037176678,0.007611894926160545,,0.0
SVN,2003,9.596396666682503,14.5065219593708,4.860259032575409,6.946331490691002,0.6879677792570449,0.38000674438915427,0.08148950100301455,,0.0
SVN,2004,9.747057681063202,14.507162621393418,5.050275372261013,7.048184110345,0.7506214284140506,0.3830678032981274,0.13569566745294956,,0.0
SVN,2005,9.79644281886327,14.508894710444157,5.268730746036017,7.104970728114826,0.7773157761610499,0.37873573962970775,0.15664593444988562,,0.0
SVN,2006,9.88139556466906,14.512085855809866,5.285227982989956,7.157143852069829,0.8057331124917035,0.42889467568370215,0.14600398390871092,,0.0
SVN,2007,10.074291350543026,14.517677933965235,5.14617018225852,7.249354271349696,0.8676383291000247,0.46846523649214467,0.12771575175524816,,0.0
SVN,2008,10.220557651113996,14.519259342401579,5.323429189959466,7.31933038573188,0.9686758527612703,0.546022987004506,0.13396382516568614,,0.0
SVN,2009,10.106501444029787,14.528298097753687,5.636757394072419,7.3423958762242325,0.8942627455729336,0.46741799772414055,0.1147500485436094,,0.0
SVN,2010,10.057488582699959,14.532658892600047,5.875322979763678,7.222875895888939,1.0002035553355662,0.4782832816634718,0.0738909108184771,,0.0
SVN,2011,10.124253418762565,14.534736219623344,5.953218647000187,7.217552361513684,1.0892211435555472,0.47383604104161886,0.03743730196117632,,0.0
SVN,2012,10.018695800090759,14.536836462682349,6.049768743664095,7.06903237756712,1.1554770438259756,0.39696980155641837,-0.003395157885987743,,0.0
SVN,2013,10.053499631535798,14.538193724971505,6.196328319795572,7.077879110653158,1.2145908183342047,0.4160289093974474,0.009772731044248672,,0.0
SVN,2014,10.086353469726404,14.539177244190956,6.1638551784071645,7.039603012056378,1.297296773004588,0.44470896904916635,0.013937786040862932,,0.0
SVN,2015,9.937757320976354,14.539929151081072,6.073594696400643,6.755037501025841,1.4644800586955078,0.5066117252418306,-0.023388827740112462,,0.0
SVN,2016,9.973379116459535,14.540661123153487,6.136504440549448,6.684722077166389,1.6450028619272634,0.4888806135662132,-0.01885267570221707,,0.0
SVN,2017,10.056340721215134,14.541312713545977,6.344542188499637,6.640525810192593,1.9313894583205091,0.5260749675278795,-0.00567413989368859,,0.0
SVN,2018,10.161536678113812,14.544938557497325,6.290852399695693,6.637620791374461,2.133667390908118,0.5278775096509272,0.036628862624281666,,0.0
SVN,2019,10.158678795236376,14.551901597960658,6.219819891237602,6.569652649065966,2.2515005614386236,0.4164175188004127,0.07306447721044265,,0.0
SWE,1995,10.31738458857671,15.993318853363334,1.643884120903898,7.549836981535515,0.2616988743209849,1.076024202727582,,,0.0
SWE,1996,10.404936688418621,15.994910324169162,1.5530077933858866,7.553941429567076,0.2687479399950096,1.1174077858630893,,,0.0
SWE,1997,10.319700844073333,15.995482946203392,1.5004681261623838,7.429823994322308,0.2699506288787033,1.2804454682772968,-0.04340215810827708,,0.0
SWE,1998,10.328930661694967,15.996038067425516,1.844678534329959,7.571520478044598,0.29070246958131385,1.3419653023497753,0.026944587461015246,,0.0
SWE,1999,10.340737819936203,15.996817338934218,1.8019209645766592,7.552141196689107,0.2929596876180447,1.4583183278515814,0.033451959475221574,,0.0
SWE,2000,10.29663001714714,15.998423093779971,1.8352737387261162,7.139223540182378,0.43146449170090223,1.505201750790032,0.03298598888655206,,0.0
SWE,2001,10.213150665686182,16.001107799059515,2.1443493730397516,7.143477612503207,0.46178265190041323,1.475211893938372,0.04772404318625938,,0.0
SWE,2002,10.30754425819407,16.00436217973655,2.12101564975703,7.190102754851229,0.47910589607256415,1.3917398826974872,0.030374166460220307,,0.0
SWE,2003,10.52654059399309,16.00808310916454,1.9600539125863885,7.335769605051518,0.47643345576452667,1.2933387838154171,0.0723929184609073,,0.0
SWE,2004,10.663311704941265,16.012016099078117,1.9987234685522173,7.404712727514967,0.5199292691602442,1.292476225411354,0.11616805486249149,,0.0
SWE,2005,10.677717078761079,16.01601552670619,1.9474661263416324,7.353821181640787,0.540778676995986,,0.1070369147412343,,0.0
SWE,2006,10.747882121535373,16.02164036577101,2.299017090302195,7.6276096592439515,0.520786013553211,,0.12290713780126125,,0.0
SWE,2007,10.888712862068804,16.029055890917263,2.426089914813253,7.730105489884415,0.5710480393069943,,0.14270755385159362,,0.0
SWE,2008,10.929836914134562,16.036846223824966,2.279766524277296,7.85384989938542,0.4940541585314042,,0.12896272330833333,,0.0
SWE,2009,10.751663081327038,16.045365267954335,2.2493061262554024,7.5979382829965045,0.526858320925438,,0.06835288450569159,,0.0
SWE,2010,10.869379089617276,16.053890514241985,2.166206101257099,7.630182117686321,0.5526690513648462,4.388198772334686,-0.000791402822920162,,0.0
SWE,2011,11.008404615279803,16.06144201557864,,,1.2241231095118714,4.895669089055353,-0.05065142193383565,,0.0
SWE,2012,10.963871036010374,16.068839648302987,,,1.2996652931169634,5.167665541872816,-0.0472546366017248,,0.0
SWE,2013,11.016068307668107,16.07731313482545,,,1.1437048474857086,5.408714280967449,,,0.0
SWE,2014,10.995133271732174,16.08723533211137,,,1.0851774577639899,5.960058518313014,,,0.0
SWE,2015,10.843263636106572,16.097809878966537,,,0.661483515059312,5.983830493675699,,,0.0
SWE,2016,10.853280927309283,16.110374418817567,,,0.6834568080390322,5.61039767370732,,,0.0
SWE,2017,10.882005824760643,16.12384886941319,,,0.7013533315476365,5.152824135304122,,,0.0
SWE,2018,10.897081034549574,16.135465321012795,,,0.7311885528894037,5.058754046843634,,,0.0
SWE,2019,10.852225905760992,16.145602543647346,,,0.7409362511719411,4.957527853161534,,,0.0
SYC,1995,8.879147739533067,11.229288533227056,41.4252468827438,7.475214244378586,1.6864973972166153,4.169765218315096,,,0.0
SYC,1996,8.854284670404967,11.243960463491252,34.002780379248335,7.155934908457672,1.8582252640119346,4.883730060065169,,,0.0
SYC,1997,8.955022033301049,11.255694999974276,32.55605162656416,7.268099951809832,1.7589467013282634,4.9703177744150855,-0.06932324664564682,,0.0
SYC,1998,9.013049058537947,11.275251861871693,29.507759173426656,7.262188907077856,1.699515511249778,4.674935951094539,-0.04091249999382747,,0.0
SYC,1999,9.017148276507774,11.294893825542195,30.47498975845947,7.34848852592776,1.6167143390125607,4.3178709115781615,-0.015848996793783245,,0.0
SYC,2000,8.995122207371132,11.303820411209857,34.392500351587074,7.382213258577253,1.725604269637993,4.854309696663421,0.04594555690927109,,0.0
SYC,2001,9.006177865084183,11.304695156388314,33.38045082544438,7.378664295342685,1.699465530405655,5.171880002955592,0.04141532600657989,,0.0
SYC,2002,9.089772496683354,11.335269009649409,33.28236157582905,7.511868837171685,1.6124601364021833,6.189255043416982,0.0604124821279239,,0.0
SYC,2003,9.112758921621296,11.32395384544237,34.36118422730175,7.616527777445163,1.5341684686099468,4.990227226054288,0.05826717094643783,,0.0
SYC,2004,9.289860324824879,11.320250496096783,28.66702098670258,7.616650816510221,1.5277356774780237,5.60030312215823,0.04129509679541492,,0.0
SYC,2005,9.37603376288855,11.324883578241367,27.507942534931924,7.597191880145547,1.6292934900673441,6.0203722030461755,0.04288864640197616,,0.0
SYC,2006,9.455870964396455,11.345689545594315,29.867548519046792,7.668127765389869,1.784869976359338,6.4452127659574465,0.05782797678695815,,0.0
SYC,2007,9.446937233814916,11.35079469542275,36.75826234005835,7.747505933733958,2.0109839709289337,6.756376936013077,0.10893841314088241,,0.0
SYC,2008,9.329494700491745,11.37315752257707,41.64976370667821,7.76573085888852,1.9895119370716223,6.740259441556649,0.13188822915018364,,0.0
SYC,2009,9.184724243135872,11.377082832057821,41.01531735505219,7.581043650892479,2.0389928749799537,6.467273018854956,0.07543359363826774,,0.0
SYC,2010,9.299705180881093,11.405006122750734,35.85921638657745,7.519113026533605,2.127659574468085,4.597460176005347,0.004561541569882621,,0.0
SYC,2011,9.401794577739084,11.378719559198565,35.88566311977075,7.5008190009851,2.4016193776374926,4.503996980821354,-0.023012191587416096,,0.0
SYC,2012,9.420370757673082,11.388529361099849,39.379191572201236,7.593933790225989,2.4461230082783145,2.6725479315538543,0.018547881956571644,,0.0
SYC,2013,9.603820084496508,11.4069981220295,36.30470851960793,7.6217800445636374,2.634826401627589,3.8292365673881865,0.08518517123583287,,0.0
SYC,2014,9.628273445470741,11.422552079120651,34.664721193031866,7.607158997156388,2.61605315294607,4.4580172725183065,0.08663858430115283,,0.0
SYC,2015,9.637769506651793,11.444850029652843,33.71955247674912,7.397412478310649,3.1685203224183516,5.325426305141352,0.05941011530420255,,0.0
SYC,2016,9.7151677182446,11.458226377447845,32.196091961688225,7.324171218277053,3.5172217117145665,5.9984367903503495,0.032413476763063186,,0.0
SYC,2017,9.768833540932778,11.470466715029657,34.91764661972823,7.333946517607418,3.985684922216542,6.609955865321411,0.042774504020005114,,0.0
SYC,2018,9.822290189334442,11.480009634208571,34.24285328012348,7.318965171047194,4.185527376449433,4.704336413054712,0.06700545717109527,,0.0
SYC,2019,9.859614652188395,11.488888887141988,33.07129422261775,7.2751205408580315,4.384122919334187,4.241618437900128,0.068348213750647,,0.0
THA,1995,7.960102018975106,17.89471156653122,5.468489630203234,7.194105913104121,0.1176346527591553,0.21610460360303163,,,0.0
THA,1996,8.02442256024655,17.908521965263457,5.66393670727227,7.266209423301945,0.12089439690852133,0.23495135118680782,,,0.0
THA,1997,7.813244269463639,17.92185918227326,6.027415422084764,7.12368891436694,0.12011609663723674,0.23443223587995268,-0.011197147156892129,,0.0
THA,1998,7.521698954017826,17.93491563257299,6.997104237642309,6.921808811537106,0.12748154622128474,0.24406303826738227,-0.0590757182468419,,0.0
THA,1999,7.617388271304503,17.947456622484,7.433534848572811,6.992490727741876,0.1388624862182875,0.2560312202548601,-0.023089204180967826,,0.0
THA,2000,7.603886475505859,17.958769324281583,7.860451905688947,6.944245952585162,0.15202876024188428,0.27603069555736853,-0.004570297448770688,,0.0
THA,2001,7.544297358598846,17.9689278089657,7.795739574230197,6.830324375183351,0.15919588935569906,0.2774878458188204,0.02931505150104883,,0.0
THA,2002,7.644800596815536,17.97854807781477,7.73486972884324,6.862123920767027,0.1691862892601312,0.28182505278766273,0.0529908844739424,,0.0
THA,2003,7.761123255819223,17.987867552861108,6.866271181736909,6.944179599643618,0.15542292347220052,0.2562505312698373,0.02541186305246086,,0.0
THA,2004,7.879125947982279,17.996828325614146,7.550217339618964,7.014103634077176,0.17932212265263453,0.3108013107672553,0.0654870904073018,,0.0
THA,2005,7.961266930822616,18.005429204558766,6.392933522894949,6.953052418425339,0.1752113305851698,0.2863278964855034,0.07386169765906736,,0.0
THA,2006,8.111124031440792,18.01372983759245,7.496450098254359,7.092341187669806,0.20763827951540512,0.3019844748398724,0.10866696605472903,,0.0
THA,2007,8.273471396551493,18.02173027939786,7.843916625561445,7.262596407553061,0.21555117690733955,0.3158117279690498,0.16004087459414934,,0.0
THA,2008,8.36849248846574,18.029411841191756,7.725228087173621,7.341789896524416,0.21567637777261492,0.29566968742748984,0.16227806858755045,,0.0
THA,2009,8.327348978953271,18.036797268007714,7.03239348363496,7.24427799388508,0.20771837440040586,0.287998002967657,0.12886801870332115,,0.0
THA,2010,8.511952058289356,18.043503441391152,6.976155817487636,7.308692077465554,0.23237282738660753,0.41966980282007815,0.06770735367090204,,0.0
THA,2011,8.589257686846684,18.04972152087369,8.339384366439411,7.382816300839677,0.2786665416169279,0.46285732910467553,0.08656151428819854,,0.0
THA,2012,8.652690056196338,18.055917434341204,8.694321764178738,7.3435916124159455,0.32193629313674854,0.5241145514041746,0.1303059151423213,,0.0
THA,2013,8.702523957211223,18.06179069132801,9.936154182202031,7.360897200236684,0.3800838523937408,0.6160652926989281,0.18649667685029278,,0.0
THA,2014,8.665819708247515,18.06709198996938,9.43955678329841,7.345893184694224,0.35333642368594775,0.6629026033845784,0.12602604949299162,,0.0
THA,2015,8.646263987300964,18.071701752909977,11.176531381913458,7.312473748322896,0.42419425525328996,0.8002126570872925,0.0850169700702665,,0.0
THA,2016,8.671385668570716,18.076214413537947,11.723015196955359,7.3063106180966075,0.45907526097892315,0.8797885391811703,0.07470401569974108,,0.0
THA,2017,8.76609677766532,18.080444048639286,12.502716801313522,7.37968515364603,0.5001673196839688,0.9936017874714129,0.08553175761034595,,0.0
THA,2018,8.86781858377543,18.083473343164187,12.112972913094161,7.382628769355959,0.5348850838388026,1.0655256469607974,0.11762013242408287,,0.0
THA,2019,8.936652795236208,18.08551944168111,11.833411425721586,7.385641254091125,0.5580918983962352,1.0674215028770548,0.09590495169143587,,0.0
TUN,1995,7.584857428446703,16.030494063465095,10.193625306419266,6.100580139554197,0.44971989654695893,0.1549350536793091,,,0.0
TUN,1996,7.653214109563444,16.04492606914786,9.674704373685513,6.189851133696916,0.4179921914539802,0.14752918736723233,,,0.0
TUN,1997,7.697148976395824,16.05848045699812,8.9558525066032,6.077282781590711,0.4524867666461103,0.18885988831654332,0.005411308229074763,,0.0
TUN,1998,7.734129765182501,16.071178766105064,9.081363407511812,6.0394671427030975,0.494462864822258,0.1948296875168668,0.020353826417609966,,0.0
TUN,1999,7.77320131811238,16.083086209937747,9.23149255212046,6.082967065528838,0.5004161677090104,0.19911012500772837,0.032746645266349,,0.0
TUN,2000,7.695778299290392,16.09430846584475,9.206684552243388,5.968364674922843,0.5179757980979904,0.1953803071909849,0.021569501809575085,,0.0
TUN,2001,7.712318520630858,16.10497768544358,9.340232256255819,5.946957937192062,0.5458132013844019,0.19515512007130528,0.020586502251538973,,0.0
TUN,2002,7.749655331917048,16.1152430862615,7.91215251419401,5.890460859832635,0.5078466010430712,0.17944384579474634,-0.018375010329902963,,0.0
TUN,2003,7.910540836581116,16.125233317104755,7.048178366673081,5.935880728594888,0.5077627935571911,0.17072943094028853,-0.02574481198910412,,0.0
TUN,2004,8.028591888959925,16.13457541069873,7.798899916320135,6.00504316275924,0.5899964421188211,0.19083276551831796,0.03511828644043043,,0.0
TUN,2005,8.054149628423271,16.14332197475806,8.676201667024905,6.08452012757543,0.6219118924999258,0.19469596328672148,0.08967079289572197,,0.0
TUN,2006,8.108493658902677,16.15215015760246,8.723941181741484,6.126569129101848,0.6330698280852972,0.1985849197934356,0.13563453588484045,,0.0
TUN,2007,8.223336556690532,16.161318153951264,8.667530074501895,6.212239130775956,0.6475955739782653,0.19677625352648448,0.13209553948584835,,0.0
TUN,2008,8.355861810666822,16.170938069832697,8.713884989470477,6.318009248968777,0.6687132770886974,0.21575061642558999,0.11353183843121464,,0.0
TUN,2009,8.313874405508011,16.18113439173737,8.10940041447104,6.113612942728607,0.73206586508412,0.21397354779473726,0.07249572688294918,,0.0
TUN,2010,8.364475766069239,16.191901720401148,7.524981780905185,6.0962180824740315,0.7271051961827906,0.2544713997239452,0.03395760585121295,,0.0
TUN,2011,8.394041507789005,16.202991333109825,5.255247754888762,6.087075286112867,0.5278322180665412,0.2896728677254749,-0.069306891056846,,0.0
TUN,2012,8.36573471009488,16.21428244642284,6.195123982174786,6.03733165900349,0.635715205037909,0.3252520465674031,-0.09076485905502274,,0.0
TUN,2013,8.382471023417434,16.226174957352864,5.880607472830893,5.964652920044729,0.6598834738413017,0.4172387915623594,-0.058627955521287946,,0.0
TUN,2014,8.402675084868743,16.238035292800305,6.051104631543428,6.051341585186924,0.6353394555824723,0.41053687824898566,-0.01432632599491015,,0.0
TUN,2015,8.29777960932586,16.24932249013828,4.082613928166573,5.85438141694285,0.4699943800634681,0.3066224391927779,-0.05676693463204572,,0.0
TUN,2016,8.255257756555087,16.26034788129522,3.8458007323147294,5.69723886635742,0.4965011587629245,0.3128067460316772,-0.15088509229610877,,0.0
TUN,2017,8.193961996499317,16.27085948384348,4.226401288090068,5.53218034349513,0.6052960139557982,0.34024021977429636,-0.15266311389023315,,0.0
TUN,2018,8.196465384322503,16.280683268097043,5.434973018661681,5.633187439044045,0.7053665483717924,0.3632819611620878,-0.05895632157425723,,0.0
TUN,2019,8.168733589827553,16.289952728914347,6.402479105760548,5.650900803942084,0.7940156366091313,0.36507750978709114,0.10304798225488554,,0.0
TUR,1995,8.254786320549492,17.926786030006937,,,0.12662126883688016,0.12698177976148367,,,0.0
TUR,1996,8.304337068294092,17.941856470956637,,,0.13904507381575937,0.13662219645567747,,,0.0
TUR,1997,8.342214933284154,17.95630868361337,,,0.15415342531329387,0.14923559852370372,,,0.0
TUR,1998,8.373560116800485,17.970234739443114,,,0.1530257223953984,0.15610569258982235,,,0.0
TUR,1999,8.287472467480137,17.983599929976055,,,0.11591232544663518,0.1563244989625096,,,0.0
TUR,2000,8.34269214184035,17.99642969484731,,,0.15938627175839268,0.18628524233675375,,,0.0
TUR,2001,8.023626331570943,18.008872480503793,,,0.17539403048628724,0.160070760222548,,,0.0
TUR,2002,8.186210023407128,18.020931195867533,,,0.19770675968151255,0.1593895460761077,,,0.0
TUR,2003,8.444544362343008,18.032540637535835,,,0.20683535566614622,0.15841323817039607,,,0.0
TUR,2004,8.696109861760146,18.04369546299754,,,0.2553773389343054,0.20812495024063596,,,0.0
TUR,2005,8.899983736190196,18.054381881167984,4.084088066575891,6.890326164036587,0.3047040961187737,0.24439544594234172,,,0.0
TUR,2006,8.985956365875012,18.064653433111182,3.4193478914402053,6.872687384008223,0.28295954382353067,0.27641257094743005,,,0.0
TUR,2007,9.186756172777589,18.06626199574594,3.1612813244202607,6.679546560509519,0.3879095264137096,0.32633824296754166,0.02126575755792892,,0.0
TUR,2008,9.297747395292035,18.07891802939951,3.410556642957991,6.744431258849286,0.4382444000829931,0.358965371655262,0.0850166518996442,,0.0
TUR,2009,9.113490727264272,18.092721056556655,4.026796679979403,6.720294594881293,0.4408710445809189,0.4350331262673828,0.07989190721675073,,0.0
TUR,2010,9.277902748617477,18.107915365932982,3.363126422099199,6.681591746466997,0.45113522093621805,0.6243356122290635,0.08324463424645856,,0.0
TUR,2011,9.339053287269795,18.1225931075779,3.5894656414347317,6.714313897060184,0.49538132930687073,0.7207988038418331,0.06664564846415182,,0.0
TUR,2012,9.373883320564675,18.135340287776028,3.565459746032819,6.729777977653268,0.501690523471062,0.8426952456405967,0.0494418112343741,,0.0
TUR,2013,9.444270102871743,18.14818443524283,3.947752790596669,6.859521895132114,0.5234700428735636,0.9772308144488856,0.09146636085471052,,0.0
TUR,2014,9.40996029825468,18.16167532424485,4.2477082816905085,6.868585493015961,0.5393364069734291,1.0957862080692407,0.10646034884901319,,0.0
TUR,2015,9.311510571049386,18.175016481947893,4.118965395553549,6.765099627183474,0.5256302669858871,1.2350619218765428,0.05624572719858314,,0.0
TUR,2016,9.30422811486081,18.188470741298378,3.043689896777158,6.7541059779570585,0.3898561368164333,1.266007077729874,-0.041296636919635074,,0.0
TUR,2017,9.283255068039434,18.201438298420424,3.7034313632034923,6.736476033608882,0.4727770445465548,1.343714365068398,-0.07555415939020449,,0.0
TUR,2018,9.178242523564544,18.21497432828527,4.666794442608325,6.681913623117777,0.5664486400982399,1.419966417431558,-0.027682783379769305,,0.0
TUR,2019,9.147957794988077,18.229271297096247,5.337994736297277,6.685031953581763,0.6266329730499505,1.3457523446514048,0.06278200350975957,,0.0
TZA,1995,5.526131166810829,17.229410157131507,,,0.009709218132461842,0.007780539547505016,,,0.0
TZA,1996,5.719789387510596,17.24774661718592,,,0.010534560435125172,0.007238470973828339,,,0.0
TZA,1997,5.86746625414446,17.267974051977884,3.0739730715077034,6.859381694697921,0.011400309879423039,0.006897187477050939,,,0.0
TZA,1998,5.9281687733082435,17.294300201254067,3.3188775796595453,6.731226042892687,0.014867155794035976,0.006792007688478676,,,0.0
TZA,1999,5.944131182639353,17.32107786481148,3.675910856893494,6.613137996018113,0.018828642238680516,0.005705649163236521,0.15429940525147856,,0.0
TZA,2000,5.966918278934913,17.34949310806159,2.849286841977677,6.6339485530239735,0.014623408270468489,0.005635382857028105,0.04601211635900242,,0.0
TZA,2001,5.954176010075613,17.376508315537052,4.615161165467247,7.083707387490612,0.014915493501546764,0.004959302152640956,0.11446243450338614,,0.0
TZA,2002,5.969148009763171,17.402393387744016,4.522404406826653,7.013289692562322,0.015918583670179794,0.0037227338193549157,0.12100002662639717,,0.0
TZA,2003,6.016470798111069,17.428845951550713,4.299382233488004,7.034754969743444,0.015529978723120296,0.0040318628789156406,0.1190661266827437,,0.0
TZA,2004,6.0810816673098955,17.45597856118785,4.570246175324853,7.175514648318291,0.015297955363977456,0.006378617625322792,0.14300513414769966,,0.0
TZA,2005,6.151635626066142,17.483729955294407,4.539182307913394,7.216822067896781,0.015644908656703132,0.006564812951718025,0.07522048088106281,,0.0
TZA,2006,6.135759061301381,17.51173551767426,5.295421183835491,7.333712907480419,0.01598217064779063,0.004711365224315473,0.11118281738438576,,0.0
TZA,2007,6.268295361889343,17.539648848892206,5.5579864252971785,7.4323932770357395,0.01735226537082491,0.006053961635613433,0.1496493807550891,,0.0
TZA,2008,6.486927648199523,17.56667743890312,4.626478685368648,7.426085142906265,0.018087545977602263,0.004761581714082972,0.14326152770942144,,0.0
TZA,2009,6.512933211315185,17.591346808411675,4.054342674052152,7.420260164267848,0.016363393100359256,0.015665336250998134,0.0982976269718101,,0.0
TZA,2010,6.572612901655959,17.61679166067658,3.995265292709979,7.398456384570177,0.01749388853350006,0.01676600424929457,0.05012433858030611,,0.0
TZA,2011,6.623979440946827,17.644790163797932,3.990519691324221,7.373573895986545,0.018857526326616657,0.019877137081026338,0.024813537458720704,,0.0
TZA,2012,6.729777129887313,17.6735896011921,4.423663441894816,7.395474774757877,0.02273386433898915,0.021746061578666768,0.07584900723600044,,0.0
TZA,2013,6.840509235782494,17.70373517486451,4.247641928268492,7.478260466716828,0.022447917554205984,0.02404431714581774,0.12888999865879924,,0.0
TZA,2014,6.9004841298751405,17.73453920646942,4.095087125999675,7.4931023232548855,0.022640829534572863,0.022341205046632957,0.12785108917427834,,0.0
TZA,2015,6.815024378862514,17.76715731070114,4.057880064379593,7.433768416457252,0.021856573894192884,0.025236115395174737,0.08147790118509483,,0.0
TZA,2016,6.829536557076092,17.801230263842672,4.317479658739963,7.422777691374741,0.023855523370210244,0.021917057726632164,0.03984414234037707,,0.0
TZA,2017,6.864086281494451,17.834644566053505,4.251534320278032,7.442409282567064,0.023844224441893314,0.021951744105292645,0.03594320763301902,,0.0
TZA,2018,6.900180463687231,17.86620177742996,4.324279726596953,7.400489957099088,0.026219966190868298,0.029569471114903084,0.05348014083224797,,0.0
TZA,2019,6.938569962050999,17.89600787136854,4.300574383019247,7.44934065445586,0.025804863755473584,0.025316362644419572,0.07581572887676806,,0.0
UKR,1995,6.838610735119212,17.760301560170774,,,0.11858968508970748,0.019457844037976648,,,0.0
UKR,1996,6.768316296604024,17.751759901440053,1.0054123725757191,4.195250727530547,0.13176874316181228,0.022472915130056042,,,0.0
UKR,1997,6.895166181176061,17.743148709925944,0.9511175129866647,3.4767480970206583,0.29029147977868697,0.023423370029486943,,,0.0
UKR,1998,6.723034983474741,17.73509948945408,1.2869329661867783,3.8045589523657894,0.2382505773998674,0.02116724283422633,0.09246116924700765,,0.0
UKR,1999,6.448747725032344,17.727062372399377,1.5927479845448567,3.823604401684209,0.21990359218420613,0.018210578639385442,0.04695898930749252,,0.0
UKR,2000,6.482027730148909,17.718627219395284,1.7389916305187145,3.8744603131150086,0.23591178259390364,0.0191840410552285,0.05100464706608143,,0.0
UKR,2001,6.685224920976906,17.70950919605438,1.9308269918314174,4.157398020603527,0.24186032683217037,0.020079111154644294,0.09725346302452671,,0.0
UKR,2002,6.805735722738587,17.700722969963284,2.2772688008781135,4.359856632980323,0.26281254287806255,0.023006400049337183,0.16494900241083316,,0.0
UKR,2003,6.981453240524936,17.693255444272392,2.3149236004398706,4.374678284769322,0.31379400442958494,0.03420526437098304,0.23211040627135837,,0.0
UKR,2004,7.244954412461625,17.6862845402084,4.360299431678339,5.060851756419379,0.387311191004943,0.04585486882972766,0.37610414736155384,,0.0
UKR,2005,7.536542661471543,17.678039827774633,3.9691226410102205,5.152558661577717,0.4305718315028199,0.052808251310544736,0.41552342432899747,,0.0
UKR,2006,7.76916487469803,17.67157030800717,3.5911953247507005,5.220582331565219,0.4592766458396672,0.059265427255668274,0.3858611724593331,,0.0
UKR,2007,8.058430985093404,17.666993395509653,3.5768586590973745,5.314920606069655,0.5558955504515477,0.03688726709363944,0.32870885175978337,,0.0
UKR,2008,8.298491412613334,17.661803399196867,3.573433650545655,5.45182856032181,0.6157092686917273,0.07382206115336291,0.20668658991412273,,0.0
UKR,2009,7.865989035681122,17.657620218399682,3.5778880725458975,5.198273326696549,0.5154671126598599,0.07352088574807537,0.09251102514198876,,0.0
UKR,2010,8.019491855653879,17.654016250611257,3.3255630535836285,5.271673776812813,0.5190717763644023,0.08515698175755672,0.011032626252805499,,0.0
UKR,2011,8.204315843735891,17.650822115905207,3.1925102231136315,5.395164057294526,0.5298237428541548,0.11828781865965196,-0.032660235777571246,,0.0
UKR,2012,8.281810649623612,17.64870799470462,3.2794471132810967,5.476199892637901,0.542327843099779,0.12612206339065787,-0.0013693011252307486,,0.0
UKR,2013,8.32600775886629,17.646904033572444,3.1134052514781647,5.428890497337694,0.5642059914448811,0.11314068975564515,0.08635401825137592,,0.0
UKR,2014,7.973844977738073,17.643551339337606,1.695830966119802,5.142628244279163,0.2877162330947408,0.09796338584167276,-0.13664724593673866,,0.0
UKR,2015,7.59500077791184,17.639464813035094,1.8257523130491462,4.848906387775963,0.28448246338705235,0.10091821547437828,-0.3331599809058446,,0.0
UKR,2016,7.623897251017883,17.63578732918257,1.8456257876460942,4.831947726329445,0.3010730775867995,0.12619265187025702,-0.3763552154446508,,0.0
UKR,2017,7.810756260305515,17.63181620270121,1.8012230371588551,4.930775481190152,0.3208686249754903,0.14953758845318413,-0.2428247189846914,,0.0
UKR,2018,7.970826744370221,17.6268046829113,1.7335022800874753,5.0639021893194585,0.3172383707484899,0.1737454524171531,0.019899273381098582,,0.0
UKR,2019,8.138231496284266,17.621227222805405,1.6863455994647485,5.243216302025766,0.30495496431315133,0.169149295140308,0.11664018886211061,,0.0
URY,1995,8.707893931684595,14.975355910761229,3.7569315847865106,5.808223872602264,0.6825649643824622,0.14946197451590248,,,0.0
URY,1996,8.763808825698998,14.980635667556907,4.3381921820728255,5.976741996998715,0.7042332590218581,0.1571893545380941,,,0.0
URY,1997,8.914127808284265,14.985930198196389,3.596200991544414,5.857875151525292,0.7641130564677378,0.1687687790168288,0.08654180790450994,,0.0
URY,1998,8.96659758489344,14.990861640851273,,,0.7174433824800573,0.17185917858289496,0.08654180790450994,,0.0
URY,1999,8.905250316594765,14.99540017646162,,,0.6985216724569493,0.182359331472043,0.08654180790450994,,0.0
URY,2000,8.85190688093699,14.999139624620215,3.623494651180412,5.913116139730839,0.6845863365629724,0.19656659745282448,-0.017307114992018174,,0.0
URY,2001,8.761356048774118,15.001599698605057,3.349480742608909,5.792145413945456,0.6523629373557495,0.1705926027051683,-0.04322214728390181,,0.0
URY,2002,8.330806118349505,15.003008493857468,3.0059128166152966,5.710651981552719,0.4129475212016834,0.16013122825658985,-0.35204476949044405,,0.0
URY,2003,8.208252968486875,15.003715500369946,3.4784374871724797,5.6270866503363735,0.459589916572849,0.14137692895190945,-0.25771665043052605,,0.0
URY,2004,8.335350077202506,15.00431327618648,4.31817736927907,5.755342970114145,0.5698798835751541,0.171831729791042,-0.11851867703564523,,0.0
URY,2005,8.572487260197912,15.005111885558708,4.0258349905729585,5.898889278170302,0.5834247121908374,0.17848413659990303,0.03652416757441088,,0.0
URY,2006,8.699736881508716,15.006247959491935,3.601564494106204,5.965640538151101,0.5544905526848104,0.1729329571066294,0.16176943698325488,,0.0
URY,2007,8.884894684010847,15.007963158831615,3.8995245439501725,6.2369462650693865,0.5508090216144743,0.1829948412107116,0.17751780381252652,,0.0
URY,2008,9.151011258384603,15.010092505902012,3.8400233374087427,6.272751491410969,0.682882837594714,0.18552730516868116,0.16915518844714156,,0.0
URY,2009,9.198409049111728,15.012486239422465,4.463696213002681,6.451979093863834,0.6957512648443804,0.1702768896685922,0.19923109794995142,,0.0
URY,2010,9.444705341802985,15.015047538554926,3.978511630846806,6.423769568611807,0.816011667640979,,0.21597749696333715,,0.0
URY,2011,9.624584668160605,15.017528953677303,4.769338987891912,6.606833459968087,0.9751038903459004,,0.22352961861663304,,0.0
URY,2012,9.696438418548222,15.020103469983686,4.9158926576343065,6.739346004745477,0.9459132500110181,,0.2102314954264955,,0.0
URY,2013,9.816581232422317,15.023077993853944,4.044825869966483,6.640226560378316,0.9691101374839067,,0.15288051150556575,,0.0
URY,2014,9.815881144553341,15.02635986485908,3.8067400845413117,6.596746379661413,0.9519314823852453,,0.07094834751286996,,0.0
URY,2015,9.748347314592769,15.029834701837554,4.072445635285237,6.5720739650438365,0.975648282060334,,-0.017379225637242257,,0.0
URY,2016,9.741542483097849,15.033174114778898,4.168349296619503,6.491772498496293,1.0747842071824112,,-0.026822908203951456,,0.0
URY,2017,9.861866416465803,15.035879606209265,4.498043579578178,6.5411096877274675,1.245116481399394,,0.03518041661001625,,0.0
URY,2018,9.865263247126736,15.037677048876358,4.144184731305869,6.52923790928374,1.1648137859276118,,0.05102271692932625,,0.0
URY,2019,9.815515807508541,15.038463887046799,3.752672374950964,6.508734876316614,1.024371203865765,,0.011045404568499251,,0.0
USA,1995,10.264334431386372,19.40005143377778,1.2270429303371093,7.069641263517777,0.2994314212965397,2.0035905932897196,,,0.0
USA,1996,10.30787583835171,19.411685549977598,1.2658795444934439,7.118751297861047,0.3071931817338174,2.119839343118258,,,0.0
USA,1997,10.356444521085402,19.423725152947725,1.247990102537414,7.167921991598169,0.3026696545476551,2.1659865398651053,0.06635549747956482,,0.0
USA,1998,10.39981881659594,19.435382298211984,1.159628402515465,7.248243370831209,0.27103830287035896,2.132181806317835,0.038929857514224155,,0.0
USA,1999,10.449160338659905,19.44686569868489,1.1336938017512301,7.272780925337323,0.27163130733944957,2.273382339449541,0.03330005084843286,,0.0
USA,2000,10.500398306596004,19.45799338865284,1.1541952396226223,7.320017668069436,0.27765214977554187,2.357959062094915,0.03127361230964283,,0.0
USA,2001,10.522278048406191,19.46789080247508,0.996547982886674,7.3037024154979715,0.24906221802301237,2.1833530813909183,0.00885080052322067,,0.0
USA,2002,10.54528202720749,19.47716877733218,0.891335322150719,7.321094037775853,0.22402071017471686,2.0805215591806663,-0.01865653285158686,,0.0
USA,2003,10.583810411641036,19.485763594460593,0.8276036643113706,7.331216264813621,0.21399621636682373,2.030268886166584,-0.04766869872675343,,0.0
USA,2004,10.63884714929022,19.495018434150026,0.8775336009997711,7.368848070343622,0.23089063094753157,2.3159096253784317,-0.03034967278661931,,0.0
USA,2005,10.694745524954705,19.504235565821638,0.8948557184924808,7.397733916298386,0.24189504157091357,2.4382648569937015,0.02981642187221567,,0.0
USA,2006,10.742940168927207,19.513878104993,0.8760397588722821,6.493335370039926,0.6139086199609846,2.431567728996448,0.06416516997737638,,0.0
USA,2007,10.780002147211277,19.523388657420725,0.9313104643646625,6.645054390055986,0.5819416976940242,2.4708672033439085,0.0824999162474068,,0.0
USA,2008,10.790762558871267,19.53284731029355,1.0094474816352381,6.743537188888239,0.5777918000516985,2.3077720358318454,0.08039148160156948,,0.0
USA,2009,10.762042176218221,19.54161382328158,0.9470255939553257,6.750202310173503,0.5232167421899182,2.214753794834722,0.05312155927722095,,0.0
USA,2010,10.792255610753031,19.5500751219399,1.0752961116078965,6.90495363812905,0.5245197814130598,2.3288549003159167,0.05979032929096739,,0.0
USA,2011,10.820275785277747,19.557999065271545,1.1470389363099316,7.102500598807109,0.4722667920305314,2.343500715581342,0.06483746324017794,,0.0
USA,2012,10.853375408273077,19.56598289428526,1.2004021171443038,7.035993797211207,0.5460023623246436,2.3436441802615207,0.08042355914321711,,0.0
USA,2013,10.883642571243472,19.573548495119628,1.2624192990295475,7.080424652307696,0.5661352291882111,2.346414056033405,0.10690764623112017,,0.0
USA,2014,10.91787356437094,19.581508733097717,1.2650173459567389,7.130256155642595,0.5585188315509271,2.389011555435054,0.08138450361340226,,0.0
USA,2015,10.948162172702753,19.589487780231543,1.2603102516592084,7.172943051744173,0.5495842790121723,2.4803744383409505,0.06395517123864777,,0.0
USA,2016,10.967795246322572,19.597344035088433,1.215368558206039,7.1732268531887735,0.54034123519431,2.5405596254997715,0.03951303530418286,,0.0
USA,2017,11.002894842987072,19.60427309761435,1.191906915434154,7.20131105194433,0.5336410161803176,2.6006754769896467,0.021072130089945774,,0.0
USA,2018,11.048914501990415,19.610137428365576,1.1714657011860083,7.26480740354056,0.5154023677904653,2.7060699012801517,0.01793935389134802,,0.0
USA,2019,11.085643438086125,19.61528851391572,1.1116397404603218,7.277249121513161,0.5011049591769705,2.8063700706606807,0.013264147064998255,,0.0
VNM,1995,5.662275040514044,18.092870047654426,,,0.018750883068049746,0.03178351015975863,,,0.0
VNM,1996,5.820234941914567,18.108110815518128,,,0.021966621752420534,0.02880812404681162,,,0.0
VNM,1997,5.89065998201049,18.122637027936605,,,0.02311830689819157,0.03404830828892748,,,0.0
VNM,1998,5.8898495870107785,18.136986177487685,,,0.020186014120116877,0.03059110758269028,,,0.0
VNM,1999,5.929574398335697,18.150019026635935,,,0.023359018466103703,0.03408162065761483,,,0.0
VNM,2000,6.0014885981524575,18.16131412505262,,,0.02773673036907958,0.03730064014429529,,,0.0
VNM,2001,6.038361676762685,18.171826499792406,,,0.029883533353569487,0.043955419873198655,,,0.0
VNM,2002,6.098372803485918,18.18207100538021,,,0.03336201349348725,0.05126341234189351,,,0.0
VNM,2003,6.2088255903999965,18.192069484428036,3.539598082658044,6.356747865583315,0.03052896797496177,0.049888531561290764,,,0.0
VNM,2004,6.337625914606657,18.201765378747666,3.742197406148691,6.364063933945243,0.03644557508708943,0.06285499972360861,,,0.0
VNM,2005,6.566316191948593,18.211049402659444,3.9907514689918253,6.494494548891517,0.04287917544911805,0.06725609151592536,0.2482184431569472,,0.0
VNM,2006,6.6942608313709275,18.224275236297636,4.294001073886198,6.678873834939879,0.04360583793449162,0.06430529675111436,0.24348211448509752,,0.0
VNM,2007,6.830485755686895,18.241953220874873,4.844058422209726,6.787545560474105,0.050565937342597976,0.08602358807114982,0.24872579499406022,,0.0
VNM,2008,7.059473251657148,18.260227773009454,3.9644789105762404,6.832775277124147,0.04973244274534918,0.1173002943042922,0.21648690666852097,,0.0
VNM,2009,7.111650573888763,18.275192645392497,2.8769606132855796,6.701941349789907,0.043337950727699366,0.12807774340273675,0.08857853669690385,,0.0
VNM,2010,7.428429341939104,18.286636671358494,3.023073731922761,6.781271131873018,0.05774388225864612,0.1643999086526086,0.06845559544321844,,0.0
VNM,2011,7.576058919459158,18.298155011970415,3.308322009813369,6.855884218083719,0.06797914109677732,0.18701020831220883,0.09651910376681769,,0.0
VNM,2012,7.689424962620858,18.309864886048462,3.502212201979023,6.90804729241683,0.07650511411215927,0.18965460690622546,0.1738295885834525,,0.0
VNM,2013,7.766212370634286,18.321667861597806,3.392466573326527,6.864299514501644,0.08360097717309103,0.22555603160072774,0.21630643125905102,,0.0
VNM,2014,7.8424298457105515,18.33381020795327,3.1741072400815598,6.847019525768586,0.08588608468507566,0.25988353995259444,0.12586351314583552,,0.0
VNM,2015,7.85460192878403,18.346207748262582,3.0719933762443334,6.830038665464011,0.08558200297524583,0.3225998842919254,0.058354436614752106,,0.0
VNM,2016,7.9139088126161665,18.358806584914355,3.3061579958669345,6.743937193752742,0.1065211440109165,0.3973321862993,0.04453338668024394,,0.0
VNM,2017,7.991629467194555,18.371248632278718,3.159724919400474,6.533751043371977,0.13576812804214194,0.4475111875007335,0.05450868855067377,,0.0
VNM,2018,8.077853782339812,18.382327771802938,3.250496426963265,6.477597558283601,0.16103939886355312,0.4888921625092237,0.0805672382971526,,0.0
VNM,2019,8.143488417802306,18.39201143879097,3.538046873835817,6.487522324034616,0.18532777814458914,0.5477509281928079,0.11223638286780542,,0.0
ZAF,1995,8.257290756818108,17.61193310917138,1.5453958526738163,6.339670769156682,0.10516022858115817,0.14358502175294557,,,0.0
ZAF,1996,8.193553208923266,17.62490305121503,1.9217701069096913,6.405059521074206,0.11493025577322864,0.1591892634486461,,,0.0
ZAF,1997,8.216151758200239,17.63688294694207,2.025115008490771,6.495107765931801,0.1132112540833241,0.15928845347251763,0.12707861977999357,,0.0
ZAF,1998,8.104585434479315,17.649007105630787,2.234889069457856,6.362490079246217,0.1275963852450292,0.1401764629018594,0.08467987705029004,,0.0
ZAF,1999,8.084059300050304,17.6599040834932,2.24859320414813,6.337503976952857,0.12895263858048525,0.1584366985599397,0.05856095869862443,,0.0
ZAF,2000,8.076467761002998,17.669050675176337,2.199630544612773,6.321200982214404,0.12724842571687078,0.16965234674108215,0.011981675527102808,,0.0
ZAF,2001,7.954074447097467,17.67764559685842,2.4041957186787286,6.311947362453298,0.1242042769326505,0.16709919523701405,-0.012342774007693435,,0.0
ZAF,2002,7.896640778243374,17.687115966259185,2.8623982798692618,6.335270783735141,0.13640316109640235,0.16769592049382526,0.010993219694747225,,0.0
ZAF,2003,8.309484300513503,17.697081531139702,3.387491143069865,6.912862695822977,0.13690623415733016,0.18886080982346765,0.14463832124612316,,0.0
ZAF,2004,8.560532974410172,17.707155759113668,2.959654233576325,7.012954372954811,0.13910598755647444,0.20163934416190948,0.2355626599951936,,0.0
ZAF,2005,8.671951109679986,17.717281853729222,2.9871856293506522,7.045583757366321,0.1519093753685717,0.23933419078544563,0.2666602955492753,,0.0
ZAF,2006,8.71232944378983,17.72749910279866,3.0313434325930406,6.9870292741208155,0.1701858646048943,0.2586623335040126,0.2083744978408852,,0.0
ZAF,2007,8.793590129541187,17.73804975391878,3.070159872979654,7.0126161042203625,0.18223348590176205,0.25471372797622827,0.10495014955421808,,0.0
ZAF,2008,8.729842630569712,17.749580709087212,2.9032244518215804,6.849453478961488,0.19033701115409318,0.25698014377457995,0.05547731868345877,,0.0
ZAF,2009,8.760093188635565,17.76151975415278,2.6334778055372543,6.814582971761687,0.18426973625147106,0.24171636781538447,0.000911815094629631,,0.0
ZAF,2010,8.983875305246391,17.77334884985494,2.4700272128995095,6.815704401887791,0.21593666871522801,0.30149003943160607,0.006178651157453885,,0.0
ZAF,2011,9.064858508731726,17.78571199572547,2.3365368405638742,6.785602122975615,0.2282659346255949,0.30960885908768915,0.02079496547683668,,0.0
ZAF,2012,8.99677292120236,17.80045993916458,2.578726045978412,6.753604599154879,0.24299695475673372,0.32671488520091463,0.06078881155851405,,0.0
ZAF,2013,8.89995650935741,17.81698645911472,2.6112160676576917,6.594560776676043,0.26185655787451484,0.29831036315342085,0.04567564989770965,,0.0
ZAF,2014,8.8329861306274,17.83360091318413,2.7502704837917515,6.581390086861106,0.26135519991981987,0.3062630242599556,0.0011184623390533943,,0.0
ZAF,2015,8.718054131030598,17.853699797200182,2.636210528670481,6.484792797281572,0.24596491576327478,0.3328935217844402,-0.03825299413367418,,0.0
ZAF,2016,8.63962422644072,17.86310501617842,2.721691712604691,6.367217632674928,0.26407821465452985,0.34483211368527844,-0.061675354713047525,,0.0
ZAF,2017,8.79759911919693,17.869643390805354,2.544509152248341,6.474117385963648,0.2598240289495499,0.3612559291496396,-0.03254608930075875,,0.0
ZAF,2018,8.84132936961601,17.886467090008196,2.4154820398031545,6.480697753041789,0.25598416296753,0.4207323559494932,-0.007709809284676794,,0.0
ZAF,2019,8.784730393193524,17.90296283956098,2.3281019314684643,6.4176413451874454,0.24832228900220238,0.43987562236854016,0.008901272297526575,,0.0
