scenario,draw,predictive_pp,predictive_rel_pct
complex_total,0,-1.9726834332263192,-56.02199369513258
complex_total,1,-1.0032735420994048,-50.79206855996421
complex_total,2,-0.3408608142201819,-17.095306498427785
complex_total,3,-1.8622531995718083,-47.866249854101085
complex_total,4,-1.8622531995718083,-47.866249854101085
complex_total,5,0.0597714461825507,26.203020733675412
complex_total,6,-0.9037342695242884,-28.140607801319785
complex_total,7,-2.0350149357843192,-13.000524010664083
complex_total,8,-0.9037342695242884,-28.140607801319785
complex_total,9,0.7291757661069176,2.2372023607312848
complex_total,10,0.0597714461825507,26.203020733675412
complex_total,11,-1.9726834332263192,-56.02199369513258
complex_total,12,-1.9726834332263192,-56.02199369513258
complex_total,13,0.7291757661069176,2.2372023607312848
complex_total,14,-1.8961423078758455,-36.83898329884153
complex_total,15,-0.3408608142201819,-17.095306498427785
complex_total,16,-0.9037342695242884,-28.140607801319785
complex_total,17,0.6591999069903283,-24.48496319908088
complex_total,18,-3.0938892080527847,-20.471364507733686
complex_total,19,0.7291757661069176,2.2372023607312848
complex_total,20,-1.0032735420994048,-50.79206855996421
complex_total,21,-0.019973909691869185,-12.363480206440094
complex_total,22,-1.9726834332263192,-56.02199369513258
complex_total,23,0.17600315492980823,-0.8882028501007255
complex_total,24,0.0597714461825507,26.203020733675412
complex_total,25,0.6591999069903283,-24.48496319908088
complex_total,26,0.0597714461825507,26.203020733675412
complex_total,27,-0.8483834967767341,-24.323279468121513
complex_total,28,-1.8961423078758455,-36.83898329884153
complex_total,29,-0.019973909691869185,-12.363480206440094
complex_total,30,-0.9037342695242884,-28.140607801319785
complex_total,31,-1.8961423078758455,-36.83898329884153
complex_total,32,-0.9007775020028355,-19.21170657304257
complex_total,33,0.0597714461825507,26.203020733675412
complex_total,34,-0.019973909691869185,-12.363480206440094
complex_total,35,0.7291757661069176,2.2372023607312848
complex_total,36,-1.4034453187297427,-22.013914694867083
complex_total,37,0.0597714461825507,26.203020733675412
complex_total,38,-1.0032735420994048,-50.79206855996421
complex_total,39,0.17600315492980823,-0.8882028501007255
complex_total,40,-0.3408608142201819,-17.095306498427785
complex_total,41,-3.0938892080527847,-20.471364507733686
complex_total,42,-0.8483834967767341,-24.323279468121513
complex_total,43,-0.9007775020028355,-19.21170657304257
complex_total,44,0.7291757661069176,2.2372023607312848
complex_total,45,-1.0032735420994048,-50.79206855996421
complex_total,46,-1.9726834332263192,-56.02199369513258
complex_total,47,-0.8483834967767341,-24.323279468121513
complex_total,48,-2.0350149357843192,-13.000524010664083
complex_total,49,-1.8961423078758455,-36.83898329884153
complex_total,50,-1.9726834332263192,-56.02199369513258
complex_total,51,-0.019973909691869185,-12.363480206440094
complex_total,52,-0.019973909691869185,-12.363480206440094
complex_total,53,-1.408691622842758,-73.11254949492694
complex_total,54,-3.0938892080527847,-20.471364507733686
complex_total,55,0.17600315492980823,-0.8882028501007255
complex_total,56,-0.5155806338395531,142.1085906649845
complex_total,57,-3.0938892080527847,-20.471364507733686
complex_total,58,0.6591999069903283,-24.48496319908088
complex_total,59,-1.0032735420994048,-50.79206855996421
complex_total,60,-0.8483834967767341,-24.323279468121513
complex_total,61,-0.3408608142201819,-17.095306498427785
complex_total,62,-0.019973909691869185,-12.363480206440094
complex_total,63,-0.8483834967767341,-24.323279468121513
complex_total,64,-1.4034453187297427,-22.013914694867083
complex_total,65,-1.0032735420994048,-50.79206855996421
complex_total,66,-1.0032735420994048,-50.79206855996421
complex_total,67,-0.3408608142201819,-17.095306498427785
complex_total,68,-1.2161942915462667,-25.936565383038264
complex_total,69,-1.8961423078758455,-36.83898329884153
complex_total,70,-2.0350149357843192,-13.000524010664083
complex_total,71,-2.0350149357843192,-13.000524010664083
complex_total,72,0.17600315492980823,-0.8882028501007255
complex_total,73,-1.8622531995718083,-47.866249854101085
complex_total,74,-0.8483834967767341,-24.323279468121513
complex_total,75,-1.8961423078758455,-36.83898329884153
complex_total,76,-0.9007775020028355,-19.21170657304257
complex_total,77,-3.0938892080527847,-20.471364507733686
complex_total,78,-3.0938892080527847,-20.471364507733686
complex_total,79,-0.5155806338395531,142.1085906649845
complex_total,80,-1.8622531995718083,-47.866249854101085
complex_total,81,-0.9007775020028355,-19.21170657304257
complex_total,82,-1.4034453187297427,-22.013914694867083
complex_total,83,-1.408691622842758,-73.11254949492694
complex_total,84,-0.019973909691869185,-12.363480206440094
complex_total,85,-3.0938892080527847,-20.471364507733686
complex_total,86,-0.9037342695242884,-28.140607801319785
complex_total,87,0.17600315492980823,-0.8882028501007255
complex_total,88,-2.0350149357843192,-13.000524010664083
complex_total,89,-1.8961423078758455,-36.83898329884153
complex_total,90,-1.408691622842758,-73.11254949492694
complex_total,91,-0.5155806338395531,142.1085906649845
complex_total,92,0.6591999069903283,-24.48496319908088
complex_total,93,0.0597714461825507,26.203020733675412
complex_total,94,-2.0350149357843192,-13.000524010664083
complex_total,95,0.0597714461825507,26.203020733675412
complex_total,96,-0.9037342695242884,-28.140607801319785
complex_total,97,-1.9726834332263192,-56.02199369513258
complex_total,98,-1.8622531995718083,-47.866249854101085
complex_total,99,-1.4034453187297427,-22.013914694867083
complex_total,100,-1.4034453187297427,-22.013914694867083
complex_total,101,-0.019973909691869185,-12.363480206440094
complex_total,102,-0.3408608142201819,-17.095306498427785
complex_total,103,-1.408691622842758,-73.11254949492694
complex_total,104,-3.0938892080527847,-20.471364507733686
complex_total,105,-0.9037342695242884,-28.140607801319785
complex_total,106,-0.9037342695242884,-28.140607801319785
complex_total,107,-0.3408608142201819,-17.095306498427785
complex_total,108,-1.8961423078758455,-36.83898329884153
complex_total,109,-0.5155806338395531,142.1085906649845
complex_total,110,-0.3408608142201819,-17.095306498427785
complex_total,111,-1.408691622842758,-73.11254949492694
complex_total,112,-1.2161942915462667,-25.936565383038264
complex_total,113,-1.2161942915462667,-25.936565383038264
complex_total,114,-1.0032735420994048,-50.79206855996421
complex_total,115,-1.408691622842758,-73.11254949492694
complex_total,116,-0.3408608142201819,-17.095306498427785
complex_total,117,-1.408691622842758,-73.11254949492694
complex_total,118,-1.2161942915462667,-25.936565383038264
complex_total,119,-1.8622531995718083,-47.866249854101085
complex_total,120,-1.0032735420994048,-50.79206855996421
complex_total,121,0.7291757661069176,2.2372023607312848
complex_total,122,0.6591999069903283,-24.48496319908088
complex_total,123,-0.9037342695242884,-28.140607801319785
complex_total,124,-1.2161942915462667,-25.936565383038264
complex_total,125,-1.4034453187297427,-22.013914694867083
complex_total,126,0.17600315492980823,-0.8882028501007255
complex_total,127,-0.9037342695242884,-28.140607801319785
complex_total,128,-1.2161942915462667,-25.936565383038264
complex_total,129,-3.0938892080527847,-20.471364507733686
complex_total,130,-0.8483834967767341,-24.323279468121513
complex_total,131,-1.8961423078758455,-36.83898329884153
complex_total,132,0.0597714461825507,26.203020733675412
complex_total,133,-2.0350149357843192,-13.000524010664083
complex_total,134,-2.0350149357843192,-13.000524010664083
complex_total,135,-1.8622531995718083,-47.866249854101085
complex_total,136,-0.9037342695242884,-28.140607801319785
complex_total,137,-1.4034453187297427,-22.013914694867083
complex_total,138,-0.5155806338395531,142.1085906649845
complex_total,139,-1.2161942915462667,-25.936565383038264
complex_total,140,-0.8483834967767341,-24.323279468121513
complex_total,141,-0.9007775020028355,-19.21170657304257
complex_total,142,-0.3408608142201819,-17.095306498427785
complex_total,143,-1.2161942915462667,-25.936565383038264
complex_total,144,-1.8961423078758455,-36.83898329884153
complex_total,145,0.17600315492980823,-0.8882028501007255
complex_total,146,-2.0350149357843192,-13.000524010664083
complex_total,147,-1.0032735420994048,-50.79206855996421
complex_total,148,0.17600315492980823,-0.8882028501007255
complex_total,149,-1.2161942915462667,-25.936565383038264
complex_total,150,0.0597714461825507,26.203020733675412
complex_total,151,-1.2161942915462667,-25.936565383038264
complex_total,152,-0.5155806338395531,142.1085906649845
complex_total,153,-0.019973909691869185,-12.363480206440094
complex_total,154,-0.5155806338395531,142.1085906649845
complex_total,155,-1.4034453187297427,-22.013914694867083
complex_total,156,-0.3408608142201819,-17.095306498427785
complex_total,157,-0.9007775020028355,-19.21170657304257
complex_total,158,-0.9007775020028355,-19.21170657304257
complex_total,159,-0.9037342695242884,-28.140607801319785
complex_total,160,-0.5155806338395531,142.1085906649845
complex_total,161,-1.9726834332263192,-56.02199369513258
complex_total,162,-0.019973909691869185,-12.363480206440094
complex_total,163,-1.4034453187297427,-22.013914694867083
complex_total,164,-1.8622531995718083,-47.866249854101085
complex_total,165,-1.8961423078758455,-36.83898329884153
complex_total,166,-1.8961423078758455,-36.83898329884153
complex_total,167,0.6591999069903283,-24.48496319908088
complex_total,168,-1.8961423078758455,-36.83898329884153
complex_total,169,-0.5155806338395531,142.1085906649845
complex_total,170,-2.0350149357843192,-13.000524010664083
complex_total,171,0.6591999069903283,-24.48496319908088
complex_total,172,-1.2161942915462667,-25.936565383038264
complex_total,173,-0.8483834967767341,-24.323279468121513
complex_total,174,0.7291757661069176,2.2372023607312848
complex_total,175,-1.4034453187297427,-22.013914694867083
complex_total,176,-2.0350149357843192,-13.000524010664083
complex_total,177,0.0597714461825507,26.203020733675412
complex_total,178,-0.9007775020028355,-19.21170657304257
complex_total,179,-2.0350149357843192,-13.000524010664083
complex_total,180,-0.9007775020028355,-19.21170657304257
complex_total,181,0.6591999069903283,-24.48496319908088
complex_total,182,-1.2161942915462667,-25.936565383038264
complex_total,183,-0.9007775020028355,-19.21170657304257
complex_total,184,-1.0032735420994048,-50.79206855996421
complex_total,185,0.17600315492980823,-0.8882028501007255
complex_total,186,-0.3408608142201819,-17.095306498427785
complex_total,187,-1.0032735420994048,-50.79206855996421
complex_total,188,0.0597714461825507,26.203020733675412
complex_total,189,-3.0938892080527847,-20.471364507733686
complex_total,190,-1.0032735420994048,-50.79206855996421
complex_total,191,-1.408691622842758,-73.11254949492694
complex_total,192,-1.8622531995718083,-47.866249854101085
complex_total,193,0.0597714461825507,26.203020733675412
complex_total,194,-1.0032735420994048,-50.79206855996421
complex_total,195,-3.0938892080527847,-20.471364507733686
complex_total,196,0.0597714461825507,26.203020733675412
complex_total,197,-1.9726834332263192,-56.02199369513258
complex_total,198,-1.408691622842758,-73.11254949492694
complex_total,199,-3.0938892080527847,-20.471364507733686
complex_total,200,0.17600315492980823,-0.8882028501007255
complex_total,201,0.17600315492980823,-0.8882028501007255
complex_total,202,-0.019973909691869185,-12.363480206440094
complex_total,203,-1.8622531995718083,-47.866249854101085
complex_total,204,-0.8483834967767341,-24.323279468121513
complex_total,205,-3.0938892080527847,-20.471364507733686
complex_total,206,-1.4034453187297427,-22.013914694867083
complex_total,207,-0.9007775020028355,-19.21170657304257
complex_total,208,-1.8622531995718083,-47.866249854101085
complex_total,209,-1.0032735420994048,-50.79206855996421
complex_total,210,0.0597714461825507,26.203020733675412
complex_total,211,-1.8961423078758455,-36.83898329884153
complex_total,212,-1.2161942915462667,-25.936565383038264
complex_total,213,-2.0350149357843192,-13.000524010664083
complex_total,214,0.0597714461825507,26.203020733675412
complex_total,215,0.7291757661069176,2.2372023607312848
complex_total,216,-0.8483834967767341,-24.323279468121513
complex_total,217,-0.5155806338395531,142.1085906649845
complex_total,218,-2.0350149357843192,-13.000524010664083
complex_total,219,-1.0032735420994048,-50.79206855996421
complex_total,220,-0.8483834967767341,-24.323279468121513
complex_total,221,-1.408691622842758,-73.11254949492694
complex_total,222,-0.9007775020028355,-19.21170657304257
complex_total,223,-1.408691622842758,-73.11254949492694
complex_total,224,-1.8961423078758455,-36.83898329884153
complex_total,225,-1.8961423078758455,-36.83898329884153
complex_total,226,-0.5155806338395531,142.1085906649845
complex_total,227,-0.019973909691869185,-12.363480206440094
complex_total,228,-3.0938892080527847,-20.471364507733686
complex_total,229,-3.0938892080527847,-20.471364507733686
complex_total,230,-1.2161942915462667,-25.936565383038264
complex_total,231,-0.8483834967767341,-24.323279468121513
complex_total,232,-0.8483834967767341,-24.323279468121513
complex_total,233,-1.9726834332263192,-56.02199369513258
complex_total,234,-1.9726834332263192,-56.02199369513258
complex_total,235,0.17600315492980823,-0.8882028501007255
complex_total,236,-0.8483834967767341,-24.323279468121513
complex_total,237,0.6591999069903283,-24.48496319908088
complex_total,238,-1.8622531995718083,-47.866249854101085
complex_total,239,-1.4034453187297427,-22.013914694867083
complex_total,240,0.6591999069903283,-24.48496319908088
complex_total,241,-1.8622531995718083,-47.866249854101085
complex_total,242,-1.9726834332263192,-56.02199369513258
complex_total,243,-0.9037342695242884,-28.140607801319785
complex_total,244,-1.2161942915462667,-25.936565383038264
complex_total,245,-1.408691622842758,-73.11254949492694
complex_total,246,-0.9037342695242884,-28.140607801319785
complex_total,247,-1.0032735420994048,-50.79206855996421
complex_total,248,-1.8961423078758455,-36.83898329884153
complex_total,249,0.0597714461825507,26.203020733675412
complex_total,250,-0.019973909691869185,-12.363480206440094
complex_total,251,-1.2161942915462667,-25.936565383038264
complex_total,252,-1.0032735420994048,-50.79206855996421
complex_total,253,-1.4034453187297427,-22.013914694867083
complex_total,254,-0.9007775020028355,-19.21170657304257
complex_total,255,-2.0350149357843192,-13.000524010664083
complex_total,256,-0.019973909691869185,-12.363480206440094
complex_total,257,-1.8622531995718083,-47.866249854101085
complex_total,258,0.0597714461825507,26.203020733675412
complex_total,259,-1.408691622842758,-73.11254949492694
complex_total,260,-1.9726834332263192,-56.02199369513258
complex_total,261,-1.408691622842758,-73.11254949492694
complex_total,262,-1.2161942915462667,-25.936565383038264
complex_total,263,-1.4034453187297427,-22.013914694867083
complex_total,264,-0.019973909691869185,-12.363480206440094
complex_total,265,-1.2161942915462667,-25.936565383038264
complex_total,266,0.0597714461825507,26.203020733675412
complex_total,267,-1.408691622842758,-73.11254949492694
complex_total,268,-1.9726834332263192,-56.02199369513258
complex_total,269,-0.8483834967767341,-24.323279468121513
complex_total,270,0.6591999069903283,-24.48496319908088
complex_total,271,-1.408691622842758,-73.11254949492694
complex_total,272,-0.019973909691869185,-12.363480206440094
complex_total,273,-1.8961423078758455,-36.83898329884153
complex_total,274,-0.5155806338395531,142.1085906649845
complex_total,275,0.0597714461825507,26.203020733675412
complex_total,276,-0.8483834967767341,-24.323279468121513
complex_total,277,-0.019973909691869185,-12.363480206440094
complex_total,278,-0.3408608142201819,-17.095306498427785
complex_total,279,0.7291757661069176,2.2372023607312848
complex_total,280,-1.8961423078758455,-36.83898329884153
complex_total,281,0.17600315492980823,-0.8882028501007255
complex_total,282,-0.3408608142201819,-17.095306498427785
complex_total,283,-1.8622531995718083,-47.866249854101085
complex_total,284,-1.9726834332263192,-56.02199369513258
complex_total,285,-1.408691622842758,-73.11254949492694
complex_total,286,-0.9007775020028355,-19.21170657304257
complex_total,287,-0.8483834967767341,-24.323279468121513
complex_total,288,-2.0350149357843192,-13.000524010664083
complex_total,289,-0.3408608142201819,-17.095306498427785
complex_total,290,-1.4034453187297427,-22.013914694867083
complex_total,291,-0.9037342695242884,-28.140607801319785
complex_total,292,0.7291757661069176,2.2372023607312848
complex_total,293,0.0597714461825507,26.203020733675412
complex_total,294,-1.9726834332263192,-56.02199369513258
complex_total,295,0.0597714461825507,26.203020733675412
complex_total,296,-1.2161942915462667,-25.936565383038264
complex_total,297,-2.0350149357843192,-13.000524010664083
complex_total,298,-0.5155806338395531,142.1085906649845
complex_total,299,0.0597714461825507,26.203020733675412
complex_total,300,-0.5155806338395531,142.1085906649845
complex_total,301,-0.3408608142201819,-17.095306498427785
complex_total,302,-1.9726834332263192,-56.02199369513258
complex_total,303,-0.019973909691869185,-12.363480206440094
complex_total,304,-0.8483834967767341,-24.323279468121513
complex_total,305,-1.408691622842758,-73.11254949492694
complex_total,306,-0.3408608142201819,-17.095306498427785
complex_total,307,0.17600315492980823,-0.8882028501007255
complex_total,308,0.6591999069903283,-24.48496319908088
complex_total,309,-0.3408608142201819,-17.095306498427785
complex_total,310,-1.9726834332263192,-56.02199369513258
complex_total,311,-1.4034453187297427,-22.013914694867083
complex_total,312,-1.0032735420994048,-50.79206855996421
complex_total,313,-1.4034453187297427,-22.013914694867083
complex_total,314,0.17600315492980823,-0.8882028501007255
complex_total,315,-1.9726834332263192,-56.02199369513258
complex_total,316,-0.9037342695242884,-28.140607801319785
complex_total,317,-3.0938892080527847,-20.471364507733686
complex_total,318,-0.3408608142201819,-17.095306498427785
complex_total,319,-1.8622531995718083,-47.866249854101085
complex_total,320,-1.0032735420994048,-50.79206855996421
complex_total,321,0.6591999069903283,-24.48496319908088
complex_total,322,-1.0032735420994048,-50.79206855996421
complex_total,323,-1.2161942915462667,-25.936565383038264
complex_total,324,-1.9726834332263192,-56.02199369513258
complex_total,325,0.7291757661069176,2.2372023607312848
complex_total,326,-0.9037342695242884,-28.140607801319785
complex_total,327,-2.0350149357843192,-13.000524010664083
complex_total,328,0.6591999069903283,-24.48496319908088
complex_total,329,0.6591999069903283,-24.48496319908088
complex_total,330,-1.2161942915462667,-25.936565383038264
complex_total,331,0.6591999069903283,-24.48496319908088
complex_total,332,-2.0350149357843192,-13.000524010664083
complex_total,333,-0.3408608142201819,-17.095306498427785
complex_total,334,-1.8622531995718083,-47.866249854101085
complex_total,335,-0.9007775020028355,-19.21170657304257
complex_total,336,-0.5155806338395531,142.1085906649845
complex_total,337,-2.0350149357843192,-13.000524010664083
complex_total,338,-2.0350149357843192,-13.000524010664083
complex_total,339,-1.8622531995718083,-47.866249854101085
complex_total,340,-0.5155806338395531,142.1085906649845
complex_total,341,-0.5155806338395531,142.1085906649845
complex_total,342,-1.8961423078758455,-36.83898329884153
complex_total,343,0.7291757661069176,2.2372023607312848
complex_total,344,-2.0350149357843192,-13.000524010664083
complex_total,345,-1.2161942915462667,-25.936565383038264
complex_total,346,-0.5155806338395531,142.1085906649845
complex_total,347,0.0597714461825507,26.203020733675412
complex_total,348,-1.4034453187297427,-22.013914694867083
complex_total,349,-1.9726834332263192,-56.02199369513258
complex_total,350,-2.0350149357843192,-13.000524010664083
complex_total,351,-1.408691622842758,-73.11254949492694
complex_total,352,-0.019973909691869185,-12.363480206440094
complex_total,353,-0.3408608142201819,-17.095306498427785
complex_total,354,-1.9726834332263192,-56.02199369513258
complex_total,355,-1.8622531995718083,-47.866249854101085
complex_total,356,-1.4034453187297427,-22.013914694867083
complex_total,357,-1.2161942915462667,-25.936565383038264
complex_total,358,0.7291757661069176,2.2372023607312848
complex_total,359,0.0597714461825507,26.203020733675412
complex_total,360,0.17600315492980823,-0.8882028501007255
complex_total,361,-0.019973909691869185,-12.363480206440094
complex_total,362,-2.0350149357843192,-13.000524010664083
complex_total,363,0.6591999069903283,-24.48496319908088
complex_total,364,-0.9037342695242884,-28.140607801319785
complex_total,365,-1.9726834332263192,-56.02199369513258
complex_total,366,-1.8622531995718083,-47.866249854101085
complex_total,367,-0.019973909691869185,-12.363480206440094
complex_total,368,-3.0938892080527847,-20.471364507733686
complex_total,369,-0.9037342695242884,-28.140607801319785
complex_total,370,-1.408691622842758,-73.11254949492694
complex_total,371,-0.5155806338395531,142.1085906649845
complex_total,372,-0.019973909691869185,-12.363480206440094
complex_total,373,0.17600315492980823,-0.8882028501007255
complex_total,374,-0.3408608142201819,-17.095306498427785
complex_total,375,-1.408691622842758,-73.11254949492694
complex_total,376,-1.2161942915462667,-25.936565383038264
complex_total,377,-0.5155806338395531,142.1085906649845
complex_total,378,-1.2161942915462667,-25.936565383038264
complex_total,379,0.0597714461825507,26.203020733675412
complex_total,380,-0.9007775020028355,-19.21170657304257
complex_total,381,-0.9037342695242884,-28.140607801319785
complex_total,382,-1.9726834332263192,-56.02199369513258
complex_total,383,-0.3408608142201819,-17.095306498427785
complex_total,384,-1.0032735420994048,-50.79206855996421
complex_total,385,0.0597714461825507,26.203020733675412
complex_total,386,-2.0350149357843192,-13.000524010664083
complex_total,387,-1.408691622842758,-73.11254949492694
complex_total,388,-0.3408608142201819,-17.095306498427785
complex_total,389,-2.0350149357843192,-13.000524010664083
complex_total,390,0.0597714461825507,26.203020733675412
complex_total,391,0.0597714461825507,26.203020733675412
complex_total,392,-0.5155806338395531,142.1085906649845
complex_total,393,-1.9726834332263192,-56.02199369513258
complex_total,394,-2.0350149357843192,-13.000524010664083
complex_total,395,-0.9037342695242884,-28.140607801319785
complex_total,396,-0.9007775020028355,-19.21170657304257
complex_total,397,-0.9007775020028355,-19.21170657304257
complex_total,398,-1.2161942915462667,-25.936565383038264
complex_total,399,0.6591999069903283,-24.48496319908088
complex_total,400,-2.0350149357843192,-13.000524010664083
complex_total,401,-0.3408608142201819,-17.095306498427785
complex_total,402,-0.3408608142201819,-17.095306498427785
complex_total,403,-1.8622531995718083,-47.866249854101085
complex_total,404,-1.0032735420994048,-50.79206855996421
complex_total,405,0.6591999069903283,-24.48496319908088
complex_total,406,-3.0938892080527847,-20.471364507733686
complex_total,407,-1.8961423078758455,-36.83898329884153
complex_total,408,-1.0032735420994048,-50.79206855996421
complex_total,409,-1.0032735420994048,-50.79206855996421
complex_total,410,-0.5155806338395531,142.1085906649845
complex_total,411,0.6591999069903283,-24.48496319908088
complex_total,412,-3.0938892080527847,-20.471364507733686
complex_total,413,-0.019973909691869185,-12.363480206440094
complex_total,414,-3.0938892080527847,-20.471364507733686
complex_total,415,0.6591999069903283,-24.48496319908088
complex_total,416,-1.9726834332263192,-56.02199369513258
complex_total,417,-1.8622531995718083,-47.866249854101085
complex_total,418,-0.019973909691869185,-12.363480206440094
complex_total,419,0.6591999069903283,-24.48496319908088
complex_total,420,-0.019973909691869185,-12.363480206440094
complex_total,421,0.17600315492980823,-0.8882028501007255
complex_total,422,-0.9037342695242884,-28.140607801319785
complex_total,423,0.6591999069903283,-24.48496319908088
complex_total,424,0.6591999069903283,-24.48496319908088
complex_total,425,-0.3408608142201819,-17.095306498427785
complex_total,426,-1.2161942915462667,-25.936565383038264
complex_total,427,-1.0032735420994048,-50.79206855996421
complex_total,428,-0.9007775020028355,-19.21170657304257
complex_total,429,-1.2161942915462667,-25.936565383038264
complex_total,430,-2.0350149357843192,-13.000524010664083
complex_total,431,-1.8622531995718083,-47.866249854101085
complex_total,432,-1.408691622842758,-73.11254949492694
complex_total,433,0.6591999069903283,-24.48496319908088
complex_total,434,-1.8961423078758455,-36.83898329884153
complex_total,435,-0.019973909691869185,-12.363480206440094
complex_total,436,0.6591999069903283,-24.48496319908088
complex_total,437,-0.3408608142201819,-17.095306498427785
complex_total,438,-1.0032735420994048,-50.79206855996421
complex_total,439,-1.4034453187297427,-22.013914694867083
complex_total,440,0.17600315492980823,-0.8882028501007255
complex_total,441,0.17600315492980823,-0.8882028501007255
complex_total,442,-0.5155806338395531,142.1085906649845
complex_total,443,-1.9726834332263192,-56.02199369513258
complex_total,444,-1.9726834332263192,-56.02199369513258
complex_total,445,0.7291757661069176,2.2372023607312848
complex_total,446,-0.9037342695242884,-28.140607801319785
complex_total,447,-0.9007775020028355,-19.21170657304257
complex_total,448,-0.9037342695242884,-28.140607801319785
complex_total,449,-0.3408608142201819,-17.095306498427785
complex_total,450,-1.4034453187297427,-22.013914694867083
complex_total,451,0.6591999069903283,-24.48496319908088
complex_total,452,-1.8622531995718083,-47.866249854101085
complex_total,453,0.0597714461825507,26.203020733675412
complex_total,454,-0.9007775020028355,-19.21170657304257
complex_total,455,-3.0938892080527847,-20.471364507733686
complex_total,456,-1.8622531995718083,-47.866249854101085
complex_total,457,-1.0032735420994048,-50.79206855996421
complex_total,458,-1.2161942915462667,-25.936565383038264
complex_total,459,0.7291757661069176,2.2372023607312848
complex_total,460,-1.0032735420994048,-50.79206855996421
complex_total,461,-0.3408608142201819,-17.095306498427785
complex_total,462,-0.9037342695242884,-28.140607801319785
complex_total,463,-1.2161942915462667,-25.936565383038264
complex_total,464,-0.9007775020028355,-19.21170657304257
complex_total,465,-0.5155806338395531,142.1085906649845
complex_total,466,-0.3408608142201819,-17.095306498427785
complex_total,467,0.6591999069903283,-24.48496319908088
complex_total,468,-1.4034453187297427,-22.013914694867083
complex_total,469,-1.2161942915462667,-25.936565383038264
complex_total,470,-3.0938892080527847,-20.471364507733686
complex_total,471,-0.3408608142201819,-17.095306498427785
complex_total,472,-3.0938892080527847,-20.471364507733686
complex_total,473,-2.0350149357843192,-13.000524010664083
complex_total,474,0.17600315492980823,-0.8882028501007255
complex_total,475,-0.3408608142201819,-17.095306498427785
complex_total,476,-1.8622531995718083,-47.866249854101085
complex_total,477,0.17600315492980823,-0.8882028501007255
complex_total,478,-0.8483834967767341,-24.323279468121513
complex_total,479,-1.9726834332263192,-56.02199369513258
complex_total,480,-1.0032735420994048,-50.79206855996421
complex_total,481,-0.9037342695242884,-28.140607801319785
complex_total,482,-0.019973909691869185,-12.363480206440094
complex_total,483,-3.0938892080527847,-20.471364507733686
complex_total,484,-1.8961423078758455,-36.83898329884153
complex_total,485,0.17600315492980823,-0.8882028501007255
complex_total,486,-0.019973909691869185,-12.363480206440094
complex_total,487,-2.0350149357843192,-13.000524010664083
complex_total,488,-1.8622531995718083,-47.866249854101085
complex_total,489,-0.019973909691869185,-12.363480206440094
complex_total,490,0.0597714461825507,26.203020733675412
complex_total,491,-0.9007775020028355,-19.21170657304257
complex_total,492,-0.9007775020028355,-19.21170657304257
complex_total,493,-1.2161942915462667,-25.936565383038264
complex_total,494,-1.9726834332263192,-56.02199369513258
complex_total,495,-0.019973909691869185,-12.363480206440094
complex_total,496,-0.9007775020028355,-19.21170657304257
complex_total,497,-2.0350149357843192,-13.000524010664083
complex_total,498,0.0597714461825507,26.203020733675412
complex_total,499,-0.9007775020028355,-19.21170657304257
complex_total,500,-3.0938892080527847,-20.471364507733686
complex_total,501,-0.9007775020028355,-19.21170657304257
complex_total,502,-0.9007775020028355,-19.21170657304257
complex_total,503,-1.8622531995718083,-47.866249854101085
complex_total,504,-0.8483834967767341,-24.323279468121513
complex_total,505,-0.019973909691869185,-12.363480206440094
complex_total,506,-0.9007775020028355,-19.21170657304257
complex_total,507,0.6591999069903283,-24.48496319908088
complex_total,508,-1.8961423078758455,-36.83898329884153
complex_total,509,0.7291757661069176,2.2372023607312848
complex_total,510,-0.3408608142201819,-17.095306498427785
complex_total,511,-0.8483834967767341,-24.323279468121513
complex_total,512,-2.0350149357843192,-13.000524010664083
complex_total,513,-0.019973909691869185,-12.363480206440094
complex_total,514,-1.8961423078758455,-36.83898329884153
complex_total,515,-1.2161942915462667,-25.936565383038264
complex_total,516,-1.408691622842758,-73.11254949492694
complex_total,517,-2.0350149357843192,-13.000524010664083
complex_total,518,-1.0032735420994048,-50.79206855996421
complex_total,519,-0.5155806338395531,142.1085906649845
complex_total,520,-1.0032735420994048,-50.79206855996421
complex_total,521,-1.4034453187297427,-22.013914694867083
complex_total,522,-1.2161942915462667,-25.936565383038264
complex_total,523,0.7291757661069176,2.2372023607312848
complex_total,524,0.6591999069903283,-24.48496319908088
complex_total,525,-0.9007775020028355,-19.21170657304257
complex_total,526,-0.019973909691869185,-12.363480206440094
complex_total,527,-0.019973909691869185,-12.363480206440094
complex_total,528,-1.408691622842758,-73.11254949492694
complex_total,529,-0.5155806338395531,142.1085906649845
complex_total,530,-1.9726834332263192,-56.02199369513258
complex_total,531,-1.8622531995718083,-47.866249854101085
complex_total,532,-0.019973909691869185,-12.363480206440094
complex_total,533,-1.9726834332263192,-56.02199369513258
complex_total,534,0.0597714461825507,26.203020733675412
complex_total,535,-3.0938892080527847,-20.471364507733686
complex_total,536,-0.8483834967767341,-24.323279468121513
complex_total,537,-1.4034453187297427,-22.013914694867083
complex_total,538,-1.2161942915462667,-25.936565383038264
complex_total,539,-2.0350149357843192,-13.000524010664083
complex_total,540,-1.408691622842758,-73.11254949492694
complex_total,541,-1.2161942915462667,-25.936565383038264
complex_total,542,0.6591999069903283,-24.48496319908088
complex_total,543,-2.0350149357843192,-13.000524010664083
complex_total,544,0.6591999069903283,-24.48496319908088
complex_total,545,-0.5155806338395531,142.1085906649845
complex_total,546,0.0597714461825507,26.203020733675412
complex_total,547,-0.019973909691869185,-12.363480206440094
complex_total,548,-0.3408608142201819,-17.095306498427785
complex_total,549,-3.0938892080527847,-20.471364507733686
complex_total,550,-0.8483834967767341,-24.323279468121513
complex_total,551,0.17600315492980823,-0.8882028501007255
complex_total,552,-1.9726834332263192,-56.02199369513258
complex_total,553,-1.2161942915462667,-25.936565383038264
complex_total,554,-1.2161942915462667,-25.936565383038264
complex_total,555,-1.2161942915462667,-25.936565383038264
complex_total,556,-1.0032735420994048,-50.79206855996421
complex_total,557,-0.3408608142201819,-17.095306498427785
complex_total,558,-1.0032735420994048,-50.79206855996421
complex_total,559,-2.0350149357843192,-13.000524010664083
complex_total,560,-0.5155806338395531,142.1085906649845
complex_total,561,-1.8961423078758455,-36.83898329884153
complex_total,562,0.7291757661069176,2.2372023607312848
complex_total,563,0.6591999069903283,-24.48496319908088
complex_total,564,-0.3408608142201819,-17.095306498427785
complex_total,565,-0.9037342695242884,-28.140607801319785
complex_total,566,0.6591999069903283,-24.48496319908088
complex_total,567,-0.019973909691869185,-12.363480206440094
complex_total,568,-1.8961423078758455,-36.83898329884153
complex_total,569,-0.9037342695242884,-28.140607801319785
complex_total,570,-1.8961423078758455,-36.83898329884153
complex_total,571,0.6591999069903283,-24.48496319908088
complex_total,572,-1.8961423078758455,-36.83898329884153
complex_total,573,-0.9007775020028355,-19.21170657304257
complex_total,574,-1.8622531995718083,-47.866249854101085
complex_total,575,0.7291757661069176,2.2372023607312848
complex_total,576,-1.8961423078758455,-36.83898329884153
complex_total,577,-1.408691622842758,-73.11254949492694
complex_total,578,0.6591999069903283,-24.48496319908088
complex_total,579,-2.0350149357843192,-13.000524010664083
complex_total,580,-3.0938892080527847,-20.471364507733686
complex_total,581,-1.408691622842758,-73.11254949492694
complex_total,582,-1.0032735420994048,-50.79206855996421
complex_total,583,-1.0032735420994048,-50.79206855996421
complex_total,584,-1.408691622842758,-73.11254949492694
complex_total,585,-0.8483834967767341,-24.323279468121513
complex_total,586,-1.8961423078758455,-36.83898329884153
complex_total,587,-0.9037342695242884,-28.140607801319785
complex_total,588,-1.408691622842758,-73.11254949492694
complex_total,589,-0.9037342695242884,-28.140607801319785
complex_total,590,0.6591999069903283,-24.48496319908088
complex_total,591,0.6591999069903283,-24.48496319908088
complex_total,592,-1.408691622842758,-73.11254949492694
complex_total,593,0.17600315492980823,-0.8882028501007255
complex_total,594,0.6591999069903283,-24.48496319908088
complex_total,595,-1.9726834332263192,-56.02199369513258
complex_total,596,-1.2161942915462667,-25.936565383038264
complex_total,597,0.0597714461825507,26.203020733675412
complex_total,598,0.7291757661069176,2.2372023607312848
complex_total,599,-3.0938892080527847,-20.471364507733686
complex_total,600,-1.408691622842758,-73.11254949492694
complex_total,601,-1.8622531995718083,-47.866249854101085
complex_total,602,-1.0032735420994048,-50.79206855996421
complex_total,603,-1.8961423078758455,-36.83898329884153
complex_total,604,-0.9037342695242884,-28.140607801319785
complex_total,605,-3.0938892080527847,-20.471364507733686
complex_total,606,-0.9037342695242884,-28.140607801319785
complex_total,607,-1.8622531995718083,-47.866249854101085
complex_total,608,-1.9726834332263192,-56.02199369513258
complex_total,609,-1.9726834332263192,-56.02199369513258
complex_total,610,-0.8483834967767341,-24.323279468121513
complex_total,611,0.17600315492980823,-0.8882028501007255
complex_total,612,0.17600315492980823,-0.8882028501007255
complex_total,613,-1.2161942915462667,-25.936565383038264
complex_total,614,0.7291757661069176,2.2372023607312848
complex_total,615,-3.0938892080527847,-20.471364507733686
complex_total,616,0.6591999069903283,-24.48496319908088
complex_total,617,-2.0350149357843192,-13.000524010664083
complex_total,618,0.7291757661069176,2.2372023607312848
complex_total,619,-1.0032735420994048,-50.79206855996421
complex_total,620,-3.0938892080527847,-20.471364507733686
complex_total,621,-1.4034453187297427,-22.013914694867083
complex_total,622,-0.9007775020028355,-19.21170657304257
complex_total,623,-1.9726834332263192,-56.02199369513258
complex_total,624,-1.4034453187297427,-22.013914694867083
complex_total,625,-1.8622531995718083,-47.866249854101085
complex_total,626,-0.019973909691869185,-12.363480206440094
complex_total,627,0.0597714461825507,26.203020733675412
complex_total,628,0.0597714461825507,26.203020733675412
complex_total,629,0.6591999069903283,-24.48496319908088
complex_total,630,0.0597714461825507,26.203020733675412
complex_total,631,-0.9007775020028355,-19.21170657304257
complex_total,632,-0.019973909691869185,-12.363480206440094
complex_total,633,0.6591999069903283,-24.48496319908088
complex_total,634,0.6591999069903283,-24.48496319908088
complex_total,635,-0.019973909691869185,-12.363480206440094
complex_total,636,-0.9037342695242884,-28.140607801319785
complex_total,637,-3.0938892080527847,-20.471364507733686
complex_total,638,-0.9007775020028355,-19.21170657304257
complex_total,639,-0.3408608142201819,-17.095306498427785
complex_total,640,-1.4034453187297427,-22.013914694867083
complex_total,641,0.0597714461825507,26.203020733675412
complex_total,642,-1.2161942915462667,-25.936565383038264
complex_total,643,-1.4034453187297427,-22.013914694867083
complex_total,644,0.0597714461825507,26.203020733675412
complex_total,645,-0.5155806338395531,142.1085906649845
complex_total,646,0.6591999069903283,-24.48496319908088
complex_total,647,-0.9037342695242884,-28.140607801319785
complex_total,648,0.17600315492980823,-0.8882028501007255
complex_total,649,0.6591999069903283,-24.48496319908088
complex_total,650,-0.019973909691869185,-12.363480206440094
complex_total,651,0.7291757661069176,2.2372023607312848
complex_total,652,-0.9037342695242884,-28.140607801319785
complex_total,653,0.6591999069903283,-24.48496319908088
complex_total,654,-0.5155806338395531,142.1085906649845
complex_total,655,-3.0938892080527847,-20.471364507733686
complex_total,656,-0.019973909691869185,-12.363480206440094
complex_total,657,-1.408691622842758,-73.11254949492694
complex_total,658,-1.2161942915462667,-25.936565383038264
complex_total,659,-1.8622531995718083,-47.866249854101085
complex_total,660,0.0597714461825507,26.203020733675412
complex_total,661,-2.0350149357843192,-13.000524010664083
complex_total,662,0.7291757661069176,2.2372023607312848
complex_total,663,-0.9037342695242884,-28.140607801319785
complex_total,664,-1.2161942915462667,-25.936565383038264
complex_total,665,-1.9726834332263192,-56.02199369513258
complex_total,666,-0.8483834967767341,-24.323279468121513
complex_total,667,0.6591999069903283,-24.48496319908088
complex_total,668,-0.9007775020028355,-19.21170657304257
complex_total,669,-1.8622531995718083,-47.866249854101085
complex_total,670,-0.9037342695242884,-28.140607801319785
complex_total,671,-0.3408608142201819,-17.095306498427785
complex_total,672,-2.0350149357843192,-13.000524010664083
complex_total,673,0.7291757661069176,2.2372023607312848
complex_total,674,-1.4034453187297427,-22.013914694867083
complex_total,675,-0.9037342695242884,-28.140607801319785
complex_total,676,-1.8961423078758455,-36.83898329884153
complex_total,677,-1.8622531995718083,-47.866249854101085
complex_total,678,-0.8483834967767341,-24.323279468121513
complex_total,679,-1.408691622842758,-73.11254949492694
complex_total,680,-0.8483834967767341,-24.323279468121513
complex_total,681,-3.0938892080527847,-20.471364507733686
complex_total,682,-3.0938892080527847,-20.471364507733686
complex_total,683,-0.9037342695242884,-28.140607801319785
complex_total,684,-1.9726834332263192,-56.02199369513258
complex_total,685,-0.9037342695242884,-28.140607801319785
complex_total,686,-1.408691622842758,-73.11254949492694
complex_total,687,-0.019973909691869185,-12.363480206440094
complex_total,688,-0.3408608142201819,-17.095306498427785
complex_total,689,-2.0350149357843192,-13.000524010664083
complex_total,690,-0.8483834967767341,-24.323279468121513
complex_total,691,0.17600315492980823,-0.8882028501007255
complex_total,692,-0.8483834967767341,-24.323279468121513
complex_total,693,-1.8622531995718083,-47.866249854101085
complex_total,694,0.7291757661069176,2.2372023607312848
complex_total,695,-1.8622531995718083,-47.866249854101085
complex_total,696,-1.0032735420994048,-50.79206855996421
complex_total,697,0.0597714461825507,26.203020733675412
complex_total,698,-1.2161942915462667,-25.936565383038264
complex_total,699,0.0597714461825507,26.203020733675412
complex_total,700,-1.4034453187297427,-22.013914694867083
complex_total,701,-0.3408608142201819,-17.095306498427785
complex_total,702,-0.019973909691869185,-12.363480206440094
complex_total,703,-3.0938892080527847,-20.471364507733686
complex_total,704,-0.3408608142201819,-17.095306498427785
complex_total,705,-1.4034453187297427,-22.013914694867083
complex_total,706,-1.408691622842758,-73.11254949492694
complex_total,707,-0.9037342695242884,-28.140607801319785
complex_total,708,-1.4034453187297427,-22.013914694867083
complex_total,709,-1.4034453187297427,-22.013914694867083
complex_total,710,-1.4034453187297427,-22.013914694867083
complex_total,711,-1.8622531995718083,-47.866249854101085
complex_total,712,-0.8483834967767341,-24.323279468121513
complex_total,713,-3.0938892080527847,-20.471364507733686
complex_total,714,0.7291757661069176,2.2372023607312848
complex_total,715,-3.0938892080527847,-20.471364507733686
complex_total,716,-1.0032735420994048,-50.79206855996421
complex_total,717,-3.0938892080527847,-20.471364507733686
complex_total,718,-3.0938892080527847,-20.471364507733686
complex_total,719,-1.4034453187297427,-22.013914694867083
complex_total,720,-1.4034453187297427,-22.013914694867083
complex_total,721,-0.5155806338395531,142.1085906649845
complex_total,722,0.17600315492980823,-0.8882028501007255
complex_total,723,-2.0350149357843192,-13.000524010664083
complex_total,724,-0.9037342695242884,-28.140607801319785
complex_total,725,-1.4034453187297427,-22.013914694867083
complex_total,726,0.7291757661069176,2.2372023607312848
complex_total,727,-1.8961423078758455,-36.83898329884153
complex_total,728,-0.019973909691869185,-12.363480206440094
complex_total,729,0.17600315492980823,-0.8882028501007255
complex_total,730,0.0597714461825507,26.203020733675412
complex_total,731,-0.9007775020028355,-19.21170657304257
complex_total,732,-1.8961423078758455,-36.83898329884153
complex_total,733,0.17600315492980823,-0.8882028501007255
complex_total,734,0.6591999069903283,-24.48496319908088
complex_total,735,0.6591999069903283,-24.48496319908088
complex_total,736,-1.4034453187297427,-22.013914694867083
complex_total,737,-0.3408608142201819,-17.095306498427785
complex_total,738,-1.8622531995718083,-47.866249854101085
complex_total,739,-0.5155806338395531,142.1085906649845
complex_total,740,-0.9037342695242884,-28.140607801319785
complex_total,741,0.7291757661069176,2.2372023607312848
complex_total,742,-0.5155806338395531,142.1085906649845
complex_total,743,-0.8483834967767341,-24.323279468121513
complex_total,744,-1.8961423078758455,-36.83898329884153
complex_total,745,-0.019973909691869185,-12.363480206440094
complex_total,746,0.7291757661069176,2.2372023607312848
complex_total,747,-2.0350149357843192,-13.000524010664083
complex_total,748,-1.2161942915462667,-25.936565383038264
complex_total,749,-1.8622531995718083,-47.866249854101085
complex_total,750,0.6591999069903283,-24.48496319908088
complex_total,751,-0.3408608142201819,-17.095306498427785
complex_total,752,-0.8483834967767341,-24.323279468121513
complex_total,753,-0.9007775020028355,-19.21170657304257
complex_total,754,-0.019973909691869185,-12.363480206440094
complex_total,755,-1.2161942915462667,-25.936565383038264
complex_total,756,-1.8622531995718083,-47.866249854101085
complex_total,757,-1.2161942915462667,-25.936565383038264
complex_total,758,-0.9037342695242884,-28.140607801319785
complex_total,759,0.17600315492980823,-0.8882028501007255
complex_total,760,-1.0032735420994048,-50.79206855996421
complex_total,761,-1.0032735420994048,-50.79206855996421
complex_total,762,-1.2161942915462667,-25.936565383038264
complex_total,763,-1.4034453187297427,-22.013914694867083
complex_total,764,0.7291757661069176,2.2372023607312848
complex_total,765,-1.8961423078758455,-36.83898329884153
complex_total,766,-0.3408608142201819,-17.095306498427785
complex_total,767,0.17600315492980823,-0.8882028501007255
complex_total,768,0.17600315492980823,-0.8882028501007255
complex_total,769,0.17600315492980823,-0.8882028501007255
complex_total,770,-0.3408608142201819,-17.095306498427785
complex_total,771,-1.8961423078758455,-36.83898329884153
complex_total,772,0.6591999069903283,-24.48496319908088
complex_total,773,-0.019973909691869185,-12.363480206440094
complex_total,774,-1.2161942915462667,-25.936565383038264
complex_total,775,0.6591999069903283,-24.48496319908088
complex_total,776,-0.9037342695242884,-28.140607801319785
complex_total,777,0.6591999069903283,-24.48496319908088
complex_total,778,0.17600315492980823,-0.8882028501007255
complex_total,779,-0.019973909691869185,-12.363480206440094
complex_total,780,-0.8483834967767341,-24.323279468121513
complex_total,781,-1.9726834332263192,-56.02199369513258
complex_total,782,-1.8622531995718083,-47.866249854101085
complex_total,783,-1.0032735420994048,-50.79206855996421
complex_total,784,0.6591999069903283,-24.48496319908088
complex_total,785,-3.0938892080527847,-20.471364507733686
complex_total,786,0.6591999069903283,-24.48496319908088
complex_total,787,-1.8961423078758455,-36.83898329884153
complex_total,788,0.17600315492980823,-0.8882028501007255
complex_total,789,-1.0032735420994048,-50.79206855996421
complex_total,790,-0.019973909691869185,-12.363480206440094
complex_total,791,-1.8622531995718083,-47.866249854101085
complex_total,792,0.17600315492980823,-0.8882028501007255
complex_total,793,-0.9037342695242884,-28.140607801319785
complex_total,794,-1.408691622842758,-73.11254949492694
complex_total,795,-1.8961423078758455,-36.83898329884153
complex_total,796,-0.9007775020028355,-19.21170657304257
complex_total,797,-3.0938892080527847,-20.471364507733686
complex_total,798,-1.8622531995718083,-47.866249854101085
complex_total,799,0.0597714461825507,26.203020733675412
complex_total,800,-2.0350149357843192,-13.000524010664083
complex_total,801,-2.0350149357843192,-13.000524010664083
complex_total,802,-0.9037342695242884,-28.140607801319785
complex_total,803,-2.0350149357843192,-13.000524010664083
complex_total,804,-1.0032735420994048,-50.79206855996421
complex_total,805,-1.0032735420994048,-50.79206855996421
complex_total,806,-1.4034453187297427,-22.013914694867083
complex_total,807,-0.9007775020028355,-19.21170657304257
complex_total,808,-0.9007775020028355,-19.21170657304257
complex_total,809,-1.9726834332263192,-56.02199369513258
complex_total,810,-0.9037342695242884,-28.140607801319785
complex_total,811,-0.5155806338395531,142.1085906649845
complex_total,812,-0.019973909691869185,-12.363480206440094
complex_total,813,0.6591999069903283,-24.48496319908088
complex_total,814,-0.019973909691869185,-12.363480206440094
complex_total,815,-2.0350149357843192,-13.000524010664083
complex_total,816,-3.0938892080527847,-20.471364507733686
complex_total,817,-3.0938892080527847,-20.471364507733686
complex_total,818,-1.9726834332263192,-56.02199369513258
complex_total,819,-0.9037342695242884,-28.140607801319785
complex_total,820,-0.9007775020028355,-19.21170657304257
complex_total,821,-1.0032735420994048,-50.79206855996421
complex_total,822,-0.9007775020028355,-19.21170657304257
complex_total,823,0.17600315492980823,-0.8882028501007255
complex_total,824,-0.019973909691869185,-12.363480206440094
complex_total,825,-0.019973909691869185,-12.363480206440094
complex_total,826,-3.0938892080527847,-20.471364507733686
complex_total,827,-0.9037342695242884,-28.140607801319785
complex_total,828,0.7291757661069176,2.2372023607312848
complex_total,829,-0.5155806338395531,142.1085906649845
complex_total,830,-3.0938892080527847,-20.471364507733686
complex_total,831,-1.4034453187297427,-22.013914694867083
complex_total,832,-1.0032735420994048,-50.79206855996421
complex_total,833,-1.0032735420994048,-50.79206855996421
complex_total,834,0.6591999069903283,-24.48496319908088
complex_total,835,0.0597714461825507,26.203020733675412
complex_total,836,-1.8622531995718083,-47.866249854101085
complex_total,837,-1.408691622842758,-73.11254949492694
complex_total,838,-1.8961423078758455,-36.83898329884153
complex_total,839,-0.9037342695242884,-28.140607801319785
complex_total,840,-2.0350149357843192,-13.000524010664083
complex_total,841,-1.2161942915462667,-25.936565383038264
complex_total,842,-0.019973909691869185,-12.363480206440094
complex_total,843,-0.5155806338395531,142.1085906649845
complex_total,844,0.17600315492980823,-0.8882028501007255
complex_total,845,-1.408691622842758,-73.11254949492694
complex_total,846,-0.8483834967767341,-24.323279468121513
complex_total,847,0.6591999069903283,-24.48496319908088
complex_total,848,-1.0032735420994048,-50.79206855996421
complex_total,849,-0.9007775020028355,-19.21170657304257
complex_total,850,-0.019973909691869185,-12.363480206440094
complex_total,851,0.6591999069903283,-24.48496319908088
complex_total,852,-1.9726834332263192,-56.02199369513258
complex_total,853,-1.8622531995718083,-47.866249854101085
complex_total,854,0.7291757661069176,2.2372023607312848
complex_total,855,-0.9037342695242884,-28.140607801319785
complex_total,856,0.6591999069903283,-24.48496319908088
complex_total,857,-1.4034453187297427,-22.013914694867083
complex_total,858,-0.019973909691869185,-12.363480206440094
complex_total,859,-0.9007775020028355,-19.21170657304257
complex_total,860,-1.2161942915462667,-25.936565383038264
complex_total,861,-0.5155806338395531,142.1085906649845
complex_total,862,0.17600315492980823,-0.8882028501007255
complex_total,863,-1.8622531995718083,-47.866249854101085
complex_total,864,-0.019973909691869185,-12.363480206440094
complex_total,865,0.7291757661069176,2.2372023607312848
complex_total,866,0.6591999069903283,-24.48496319908088
complex_total,867,0.17600315492980823,-0.8882028501007255
complex_total,868,-1.408691622842758,-73.11254949492694
complex_total,869,-1.8622531995718083,-47.866249854101085
complex_total,870,-0.9007775020028355,-19.21170657304257
complex_total,871,-1.8622531995718083,-47.866249854101085
complex_total,872,-1.2161942915462667,-25.936565383038264
complex_total,873,0.17600315492980823,-0.8882028501007255
complex_total,874,-0.9037342695242884,-28.140607801319785
complex_total,875,-1.8622531995718083,-47.866249854101085
complex_total,876,-0.019973909691869185,-12.363480206440094
complex_total,877,-1.9726834332263192,-56.02199369513258
complex_total,878,-2.0350149357843192,-13.000524010664083
complex_total,879,0.17600315492980823,-0.8882028501007255
complex_total,880,0.7291757661069176,2.2372023607312848
complex_total,881,0.17600315492980823,-0.8882028501007255
complex_total,882,-1.4034453187297427,-22.013914694867083
complex_total,883,-3.0938892080527847,-20.471364507733686
complex_total,884,-1.4034453187297427,-22.013914694867083
complex_total,885,-0.9007775020028355,-19.21170657304257
complex_total,886,-1.0032735420994048,-50.79206855996421
complex_total,887,-1.408691622842758,-73.11254949492694
complex_total,888,-0.5155806338395531,142.1085906649845
complex_total,889,-1.8622531995718083,-47.866249854101085
complex_total,890,0.6591999069903283,-24.48496319908088
complex_total,891,-2.0350149357843192,-13.000524010664083
complex_total,892,-0.8483834967767341,-24.323279468121513
complex_total,893,-2.0350149357843192,-13.000524010664083
complex_total,894,-3.0938892080527847,-20.471364507733686
complex_total,895,-1.8961423078758455,-36.83898329884153
complex_total,896,-1.2161942915462667,-25.936565383038264
complex_total,897,0.7291757661069176,2.2372023607312848
complex_total,898,0.7291757661069176,2.2372023607312848
complex_total,899,-1.0032735420994048,-50.79206855996421
complex_total,900,-1.0032735420994048,-50.79206855996421
complex_total,901,-1.8622531995718083,-47.866249854101085
complex_total,902,0.6591999069903283,-24.48496319908088
complex_total,903,-0.9037342695242884,-28.140607801319785
complex_total,904,-1.8961423078758455,-36.83898329884153
complex_total,905,-1.4034453187297427,-22.013914694867083
complex_total,906,0.17600315492980823,-0.8882028501007255
complex_total,907,-0.019973909691869185,-12.363480206440094
complex_total,908,-0.9037342695242884,-28.140607801319785
complex_total,909,-1.408691622842758,-73.11254949492694
complex_total,910,0.7291757661069176,2.2372023607312848
complex_total,911,-0.019973909691869185,-12.363480206440094
complex_total,912,-0.9037342695242884,-28.140607801319785
complex_total,913,0.0597714461825507,26.203020733675412
complex_total,914,-3.0938892080527847,-20.471364507733686
complex_total,915,-1.4034453187297427,-22.013914694867083
complex_total,916,-1.408691622842758,-73.11254949492694
complex_total,917,-0.5155806338395531,142.1085906649845
complex_total,918,-2.0350149357843192,-13.000524010664083
complex_total,919,-2.0350149357843192,-13.000524010664083
complex_total,920,-0.9037342695242884,-28.140607801319785
complex_total,921,0.17600315492980823,-0.8882028501007255
complex_total,922,-0.8483834967767341,-24.323279468121513
complex_total,923,0.17600315492980823,-0.8882028501007255
complex_total,924,0.17600315492980823,-0.8882028501007255
complex_total,925,-1.8961423078758455,-36.83898329884153
complex_total,926,0.0597714461825507,26.203020733675412
complex_total,927,-1.4034453187297427,-22.013914694867083
complex_total,928,-0.5155806338395531,142.1085906649845
complex_total,929,0.7291757661069176,2.2372023607312848
complex_total,930,0.6591999069903283,-24.48496319908088
complex_total,931,-0.9037342695242884,-28.140607801319785
complex_total,932,-0.5155806338395531,142.1085906649845
complex_total,933,-1.4034453187297427,-22.013914694867083
complex_total,934,-0.8483834967767341,-24.323279468121513
complex_total,935,-3.0938892080527847,-20.471364507733686
complex_total,936,0.17600315492980823,-0.8882028501007255
complex_total,937,0.17600315492980823,-0.8882028501007255
complex_total,938,-1.0032735420994048,-50.79206855996421
complex_total,939,-0.5155806338395531,142.1085906649845
complex_total,940,-1.8622531995718083,-47.866249854101085
complex_total,941,-0.5155806338395531,142.1085906649845
complex_total,942,-1.2161942915462667,-25.936565383038264
complex_total,943,-0.9037342695242884,-28.140607801319785
complex_total,944,-0.5155806338395531,142.1085906649845
complex_total,945,-0.9037342695242884,-28.140607801319785
complex_total,946,-0.019973909691869185,-12.363480206440094
complex_total,947,0.7291757661069176,2.2372023607312848
complex_total,948,-0.5155806338395531,142.1085906649845
complex_total,949,-0.9037342695242884,-28.140607801319785
complex_total,950,-1.408691622842758,-73.11254949492694
complex_total,951,0.7291757661069176,2.2372023607312848
complex_total,952,-0.3408608142201819,-17.095306498427785
complex_total,953,-1.8622531995718083,-47.866249854101085
complex_total,954,-1.408691622842758,-73.11254949492694
complex_total,955,-0.019973909691869185,-12.363480206440094
complex_total,956,-0.9037342695242884,-28.140607801319785
complex_total,957,-1.2161942915462667,-25.936565383038264
complex_total,958,-0.9007775020028355,-19.21170657304257
complex_total,959,-1.9726834332263192,-56.02199369513258
complex_total,960,-1.9726834332263192,-56.02199369513258
complex_total,961,-3.0938892080527847,-20.471364507733686
complex_total,962,-1.8961423078758455,-36.83898329884153
complex_total,963,0.6591999069903283,-24.48496319908088
complex_total,964,-0.9007775020028355,-19.21170657304257
complex_total,965,-1.8961423078758455,-36.83898329884153
complex_total,966,-2.0350149357843192,-13.000524010664083
complex_total,967,0.17600315492980823,-0.8882028501007255
complex_total,968,-1.408691622842758,-73.11254949492694
complex_total,969,-1.0032735420994048,-50.79206855996421
complex_total,970,-1.8961423078758455,-36.83898329884153
complex_total,971,-0.5155806338395531,142.1085906649845
complex_total,972,0.17600315492980823,-0.8882028501007255
complex_total,973,-1.2161942915462667,-25.936565383038264
complex_total,974,0.6591999069903283,-24.48496319908088
complex_total,975,-0.5155806338395531,142.1085906649845
complex_total,976,0.0597714461825507,26.203020733675412
complex_total,977,-1.9726834332263192,-56.02199369513258
complex_total,978,-1.4034453187297427,-22.013914694867083
complex_total,979,0.6591999069903283,-24.48496319908088
complex_total,980,-2.0350149357843192,-13.000524010664083
complex_total,981,0.0597714461825507,26.203020733675412
complex_total,982,-1.8622531995718083,-47.866249854101085
complex_total,983,0.6591999069903283,-24.48496319908088
complex_total,984,-1.0032735420994048,-50.79206855996421
complex_total,985,-1.408691622842758,-73.11254949492694
complex_total,986,0.0597714461825507,26.203020733675412
complex_total,987,-0.9007775020028355,-19.21170657304257
complex_total,988,-0.5155806338395531,142.1085906649845
complex_total,989,-0.019973909691869185,-12.363480206440094
complex_total,990,-1.4034453187297427,-22.013914694867083
complex_total,991,-3.0938892080527847,-20.471364507733686
complex_total,992,0.7291757661069176,2.2372023607312848
complex_total,993,0.0597714461825507,26.203020733675412
complex_total,994,-0.9007775020028355,-19.21170657304257
complex_total,995,-1.9726834332263192,-56.02199369513258
complex_total,996,0.17600315492980823,-0.8882028501007255
complex_total,997,0.6591999069903283,-24.48496319908088
complex_total,998,-0.3408608142201819,-17.095306498427785
complex_total,999,-1.9726834332263192,-56.02199369513258
complex_total,1000,-2.0350149357843192,-13.000524010664083
complex_total,1001,-1.408691622842758,-73.11254949492694
complex_total,1002,-1.8961423078758455,-36.83898329884153
complex_total,1003,-0.3408608142201819,-17.095306498427785
complex_total,1004,-1.408691622842758,-73.11254949492694
complex_total,1005,-1.8622531995718083,-47.866249854101085
complex_total,1006,-0.3408608142201819,-17.095306498427785
complex_total,1007,-3.0938892080527847,-20.471364507733686
complex_total,1008,-1.4034453187297427,-22.013914694867083
complex_total,1009,-1.9726834332263192,-56.02199369513258
complex_total,1010,-0.9007775020028355,-19.21170657304257
complex_total,1011,-0.9037342695242884,-28.140607801319785
complex_total,1012,-0.3408608142201819,-17.095306498427785
complex_total,1013,-0.9007775020028355,-19.21170657304257
complex_total,1014,-1.408691622842758,-73.11254949492694
complex_total,1015,-3.0938892080527847,-20.471364507733686
complex_total,1016,-1.8961423078758455,-36.83898329884153
complex_total,1017,0.0597714461825507,26.203020733675412
complex_total,1018,0.0597714461825507,26.203020733675412
complex_total,1019,-1.4034453187297427,-22.013914694867083
complex_total,1020,-1.0032735420994048,-50.79206855996421
complex_total,1021,0.6591999069903283,-24.48496319908088
complex_total,1022,-1.2161942915462667,-25.936565383038264
complex_total,1023,-1.9726834332263192,-56.02199369513258
complex_total,1024,-0.5155806338395531,142.1085906649845
complex_total,1025,-2.0350149357843192,-13.000524010664083
complex_total,1026,-2.0350149357843192,-13.000524010664083
complex_total,1027,-1.0032735420994048,-50.79206855996421
complex_total,1028,-0.9037342695242884,-28.140607801319785
complex_total,1029,0.7291757661069176,2.2372023607312848
complex_total,1030,0.0597714461825507,26.203020733675412
complex_total,1031,0.7291757661069176,2.2372023607312848
complex_total,1032,-1.0032735420994048,-50.79206855996421
complex_total,1033,-0.9007775020028355,-19.21170657304257
complex_total,1034,-3.0938892080527847,-20.471364507733686
complex_total,1035,-1.2161942915462667,-25.936565383038264
complex_total,1036,-1.8622531995718083,-47.866249854101085
complex_total,1037,-0.8483834967767341,-24.323279468121513
complex_total,1038,0.17600315492980823,-0.8882028501007255
complex_total,1039,0.0597714461825507,26.203020733675412
complex_total,1040,-0.9007775020028355,-19.21170657304257
complex_total,1041,-0.5155806338395531,142.1085906649845
complex_total,1042,-1.408691622842758,-73.11254949492694
complex_total,1043,-3.0938892080527847,-20.471364507733686
complex_total,1044,-0.9007775020028355,-19.21170657304257
complex_total,1045,-1.9726834332263192,-56.02199369513258
complex_total,1046,0.0597714461825507,26.203020733675412
complex_total,1047,-1.9726834332263192,-56.02199369513258
complex_total,1048,0.6591999069903283,-24.48496319908088
complex_total,1049,0.17600315492980823,-0.8882028501007255
complex_total,1050,-0.9037342695242884,-28.140607801319785
complex_total,1051,-1.0032735420994048,-50.79206855996421
complex_total,1052,-0.019973909691869185,-12.363480206440094
complex_total,1053,-0.3408608142201819,-17.095306498427785
complex_total,1054,-0.9037342695242884,-28.140607801319785
complex_total,1055,-1.2161942915462667,-25.936565383038264
complex_total,1056,-1.0032735420994048,-50.79206855996421
complex_total,1057,-2.0350149357843192,-13.000524010664083
complex_total,1058,0.6591999069903283,-24.48496319908088
complex_total,1059,0.0597714461825507,26.203020733675412
complex_total,1060,0.7291757661069176,2.2372023607312848
complex_total,1061,-2.0350149357843192,-13.000524010664083
complex_total,1062,-1.4034453187297427,-22.013914694867083
complex_total,1063,-0.5155806338395531,142.1085906649845
complex_total,1064,-1.0032735420994048,-50.79206855996421
complex_total,1065,-2.0350149357843192,-13.000524010664083
complex_total,1066,0.7291757661069176,2.2372023607312848
complex_total,1067,-1.4034453187297427,-22.013914694867083
complex_total,1068,-0.9007775020028355,-19.21170657304257
complex_total,1069,-0.5155806338395531,142.1085906649845
complex_total,1070,-0.9037342695242884,-28.140607801319785
complex_total,1071,-2.0350149357843192,-13.000524010664083
complex_total,1072,-1.9726834332263192,-56.02199369513258
complex_total,1073,-1.4034453187297427,-22.013914694867083
complex_total,1074,-0.019973909691869185,-12.363480206440094
complex_total,1075,-0.9007775020028355,-19.21170657304257
complex_total,1076,-1.8961423078758455,-36.83898329884153
complex_total,1077,-0.9007775020028355,-19.21170657304257
complex_total,1078,-1.408691622842758,-73.11254949492694
complex_total,1079,-0.9037342695242884,-28.140607801319785
complex_total,1080,-0.9007775020028355,-19.21170657304257
complex_total,1081,-0.3408608142201819,-17.095306498427785
complex_total,1082,-1.8961423078758455,-36.83898329884153
complex_total,1083,-1.0032735420994048,-50.79206855996421
complex_total,1084,0.0597714461825507,26.203020733675412
complex_total,1085,0.17600315492980823,-0.8882028501007255
complex_total,1086,-1.8622531995718083,-47.866249854101085
complex_total,1087,0.7291757661069176,2.2372023607312848
complex_total,1088,-0.5155806338395531,142.1085906649845
complex_total,1089,-1.8622531995718083,-47.866249854101085
complex_total,1090,-0.8483834967767341,-24.323279468121513
complex_total,1091,-2.0350149357843192,-13.000524010664083
complex_total,1092,-0.019973909691869185,-12.363480206440094
complex_total,1093,-1.2161942915462667,-25.936565383038264
complex_total,1094,-1.9726834332263192,-56.02199369513258
complex_total,1095,-0.3408608142201819,-17.095306498427785
complex_total,1096,0.17600315492980823,-0.8882028501007255
complex_total,1097,0.7291757661069176,2.2372023607312848
complex_total,1098,0.7291757661069176,2.2372023607312848
complex_total,1099,-0.9007775020028355,-19.21170657304257
complex_total,1100,-0.019973909691869185,-12.363480206440094
complex_total,1101,-0.5155806338395531,142.1085906649845
complex_total,1102,0.6591999069903283,-24.48496319908088
complex_total,1103,-0.5155806338395531,142.1085906649845
complex_total,1104,-1.0032735420994048,-50.79206855996421
complex_total,1105,-3.0938892080527847,-20.471364507733686
complex_total,1106,-0.9037342695242884,-28.140607801319785
complex_total,1107,-2.0350149357843192,-13.000524010664083
complex_total,1108,-0.3408608142201819,-17.095306498427785
complex_total,1109,-1.8961423078758455,-36.83898329884153
complex_total,1110,-3.0938892080527847,-20.471364507733686
complex_total,1111,-0.9007775020028355,-19.21170657304257
complex_total,1112,0.6591999069903283,-24.48496319908088
complex_total,1113,-3.0938892080527847,-20.471364507733686
complex_total,1114,-2.0350149357843192,-13.000524010664083
complex_total,1115,-2.0350149357843192,-13.000524010664083
complex_total,1116,-1.0032735420994048,-50.79206855996421
complex_total,1117,-0.9037342695242884,-28.140607801319785
complex_total,1118,-0.019973909691869185,-12.363480206440094
complex_total,1119,-1.8622531995718083,-47.866249854101085
complex_total,1120,-1.408691622842758,-73.11254949492694
complex_total,1121,-0.019973909691869185,-12.363480206440094
complex_total,1122,-0.9037342695242884,-28.140607801319785
complex_total,1123,-0.8483834967767341,-24.323279468121513
complex_total,1124,-0.3408608142201819,-17.095306498427785
complex_total,1125,-1.8961423078758455,-36.83898329884153
complex_total,1126,-1.0032735420994048,-50.79206855996421
complex_total,1127,-0.8483834967767341,-24.323279468121513
complex_total,1128,-0.9037342695242884,-28.140607801319785
complex_total,1129,-3.0938892080527847,-20.471364507733686
complex_total,1130,-1.0032735420994048,-50.79206855996421
complex_total,1131,0.0597714461825507,26.203020733675412
complex_total,1132,-0.8483834967767341,-24.323279468121513
complex_total,1133,-0.3408608142201819,-17.095306498427785
complex_total,1134,-3.0938892080527847,-20.471364507733686
complex_total,1135,-0.9037342695242884,-28.140607801319785
complex_total,1136,-0.9007775020028355,-19.21170657304257
complex_total,1137,-1.8961423078758455,-36.83898329884153
complex_total,1138,0.17600315492980823,-0.8882028501007255
complex_total,1139,0.0597714461825507,26.203020733675412
complex_total,1140,-1.0032735420994048,-50.79206855996421
complex_total,1141,-0.9037342695242884,-28.140607801319785
complex_total,1142,-1.408691622842758,-73.11254949492694
complex_total,1143,-0.3408608142201819,-17.095306498427785
complex_total,1144,-0.3408608142201819,-17.095306498427785
complex_total,1145,-1.8622531995718083,-47.866249854101085
complex_total,1146,-0.8483834967767341,-24.323279468121513
complex_total,1147,-0.8483834967767341,-24.323279468121513
complex_total,1148,-3.0938892080527847,-20.471364507733686
complex_total,1149,-0.9007775020028355,-19.21170657304257
complex_total,1150,-1.2161942915462667,-25.936565383038264
complex_total,1151,0.6591999069903283,-24.48496319908088
complex_total,1152,-0.019973909691869185,-12.363480206440094
complex_total,1153,-0.8483834967767341,-24.323279468121513
complex_total,1154,-3.0938892080527847,-20.471364507733686
complex_total,1155,-2.0350149357843192,-13.000524010664083
complex_total,1156,-1.408691622842758,-73.11254949492694
complex_total,1157,-0.3408608142201819,-17.095306498427785
complex_total,1158,-0.9007775020028355,-19.21170657304257
complex_total,1159,-1.4034453187297427,-22.013914694867083
complex_total,1160,-1.4034453187297427,-22.013914694867083
complex_total,1161,-1.408691622842758,-73.11254949492694
complex_total,1162,-1.8961423078758455,-36.83898329884153
complex_total,1163,0.17600315492980823,-0.8882028501007255
complex_total,1164,-2.0350149357843192,-13.000524010664083
complex_total,1165,0.0597714461825507,26.203020733675412
complex_total,1166,-1.8961423078758455,-36.83898329884153
complex_total,1167,-0.019973909691869185,-12.363480206440094
complex_total,1168,-1.4034453187297427,-22.013914694867083
complex_total,1169,-0.019973909691869185,-12.363480206440094
complex_total,1170,-0.9007775020028355,-19.21170657304257
complex_total,1171,0.17600315492980823,-0.8882028501007255
complex_total,1172,-0.019973909691869185,-12.363480206440094
complex_total,1173,-2.0350149357843192,-13.000524010664083
complex_total,1174,-1.2161942915462667,-25.936565383038264
complex_total,1175,-2.0350149357843192,-13.000524010664083
complex_total,1176,-1.0032735420994048,-50.79206855996421
complex_total,1177,0.6591999069903283,-24.48496319908088
complex_total,1178,-2.0350149357843192,-13.000524010664083
complex_total,1179,-1.4034453187297427,-22.013914694867083
complex_total,1180,-3.0938892080527847,-20.471364507733686
complex_total,1181,-3.0938892080527847,-20.471364507733686
complex_total,1182,0.6591999069903283,-24.48496319908088
complex_total,1183,-1.408691622842758,-73.11254949492694
complex_total,1184,-1.408691622842758,-73.11254949492694
complex_total,1185,-0.9037342695242884,-28.140607801319785
complex_total,1186,-1.0032735420994048,-50.79206855996421
complex_total,1187,-1.0032735420994048,-50.79206855996421
complex_total,1188,0.0597714461825507,26.203020733675412
complex_total,1189,-1.9726834332263192,-56.02199369513258
complex_total,1190,-1.8622531995718083,-47.866249854101085
complex_total,1191,-0.5155806338395531,142.1085906649845
complex_total,1192,-0.9007775020028355,-19.21170657304257
complex_total,1193,-1.408691622842758,-73.11254949492694
complex_total,1194,0.17600315492980823,-0.8882028501007255
complex_total,1195,-0.8483834967767341,-24.323279468121513
complex_total,1196,-0.9007775020028355,-19.21170657304257
complex_total,1197,-1.0032735420994048,-50.79206855996421
complex_total,1198,0.0597714461825507,26.203020733675412
complex_total,1199,-0.019973909691869185,-12.363480206440094
complex_total,1200,-1.408691622842758,-73.11254949492694
complex_total,1201,-2.0350149357843192,-13.000524010664083
complex_total,1202,-0.5155806338395531,142.1085906649845
complex_total,1203,-3.0938892080527847,-20.471364507733686
complex_total,1204,-0.5155806338395531,142.1085906649845
complex_total,1205,0.7291757661069176,2.2372023607312848
complex_total,1206,-0.019973909691869185,-12.363480206440094
complex_total,1207,0.7291757661069176,2.2372023607312848
complex_total,1208,0.0597714461825507,26.203020733675412
complex_total,1209,-0.8483834967767341,-24.323279468121513
complex_total,1210,0.6591999069903283,-24.48496319908088
complex_total,1211,-0.019973909691869185,-12.363480206440094
complex_total,1212,-1.8622531995718083,-47.866249854101085
complex_total,1213,-1.9726834332263192,-56.02199369513258
complex_total,1214,-0.5155806338395531,142.1085906649845
complex_total,1215,0.17600315492980823,-0.8882028501007255
complex_total,1216,0.7291757661069176,2.2372023607312848
complex_total,1217,-0.019973909691869185,-12.363480206440094
complex_total,1218,-2.0350149357843192,-13.000524010664083
complex_total,1219,-0.9007775020028355,-19.21170657304257
complex_total,1220,-2.0350149357843192,-13.000524010664083
complex_total,1221,-1.9726834332263192,-56.02199369513258
complex_total,1222,-1.2161942915462667,-25.936565383038264
complex_total,1223,-1.0032735420994048,-50.79206855996421
complex_total,1224,0.0597714461825507,26.203020733675412
complex_total,1225,-0.3408608142201819,-17.095306498427785
complex_total,1226,-1.408691622842758,-73.11254949492694
complex_total,1227,-1.4034453187297427,-22.013914694867083
complex_total,1228,-0.9037342695242884,-28.140607801319785
complex_total,1229,-1.9726834332263192,-56.02199369513258
complex_total,1230,-1.2161942915462667,-25.936565383038264
complex_total,1231,0.6591999069903283,-24.48496319908088
complex_total,1232,-0.9007775020028355,-19.21170657304257
complex_total,1233,-1.4034453187297427,-22.013914694867083
complex_total,1234,-0.8483834967767341,-24.323279468121513
complex_total,1235,0.7291757661069176,2.2372023607312848
complex_total,1236,0.17600315492980823,-0.8882028501007255
complex_total,1237,0.17600315492980823,-0.8882028501007255
complex_total,1238,-0.8483834967767341,-24.323279468121513
complex_total,1239,-1.8622531995718083,-47.866249854101085
complex_total,1240,-0.019973909691869185,-12.363480206440094
complex_total,1241,-2.0350149357843192,-13.000524010664083
complex_total,1242,0.0597714461825507,26.203020733675412
complex_total,1243,-1.4034453187297427,-22.013914694867083
complex_total,1244,-3.0938892080527847,-20.471364507733686
complex_total,1245,-0.9037342695242884,-28.140607801319785
complex_total,1246,-0.5155806338395531,142.1085906649845
complex_total,1247,-1.4034453187297427,-22.013914694867083
complex_total,1248,-0.5155806338395531,142.1085906649845
complex_total,1249,-1.0032735420994048,-50.79206855996421
complex_total,1250,-0.8483834967767341,-24.323279468121513
complex_total,1251,-1.4034453187297427,-22.013914694867083
complex_total,1252,-1.0032735420994048,-50.79206855996421
complex_total,1253,-0.8483834967767341,-24.323279468121513
complex_total,1254,-1.408691622842758,-73.11254949492694
complex_total,1255,-0.019973909691869185,-12.363480206440094
complex_total,1256,-0.8483834967767341,-24.323279468121513
complex_total,1257,-1.9726834332263192,-56.02199369513258
complex_total,1258,-0.9007775020028355,-19.21170657304257
complex_total,1259,0.6591999069903283,-24.48496319908088
complex_total,1260,-0.5155806338395531,142.1085906649845
complex_total,1261,-0.9007775020028355,-19.21170657304257
complex_total,1262,-0.3408608142201819,-17.095306498427785
complex_total,1263,-0.3408608142201819,-17.095306498427785
complex_total,1264,-3.0938892080527847,-20.471364507733686
complex_total,1265,-0.8483834967767341,-24.323279468121513
complex_total,1266,-0.8483834967767341,-24.323279468121513
complex_total,1267,-1.8961423078758455,-36.83898329884153
complex_total,1268,-1.8622531995718083,-47.866249854101085
complex_total,1269,0.0597714461825507,26.203020733675412
complex_total,1270,-3.0938892080527847,-20.471364507733686
complex_total,1271,-2.0350149357843192,-13.000524010664083
complex_total,1272,0.17600315492980823,-0.8882028501007255
complex_total,1273,-0.019973909691869185,-12.363480206440094
complex_total,1274,-1.8961423078758455,-36.83898329884153
complex_total,1275,-3.0938892080527847,-20.471364507733686
complex_total,1276,-1.2161942915462667,-25.936565383038264
complex_total,1277,-1.8961423078758455,-36.83898329884153
complex_total,1278,-1.2161942915462667,-25.936565383038264
complex_total,1279,0.0597714461825507,26.203020733675412
complex_total,1280,0.17600315492980823,-0.8882028501007255
complex_total,1281,-1.408691622842758,-73.11254949492694
complex_total,1282,-0.019973909691869185,-12.363480206440094
complex_total,1283,-2.0350149357843192,-13.000524010664083
complex_total,1284,-1.8961423078758455,-36.83898329884153
complex_total,1285,-3.0938892080527847,-20.471364507733686
complex_total,1286,-2.0350149357843192,-13.000524010664083
complex_total,1287,-0.019973909691869185,-12.363480206440094
complex_total,1288,-0.3408608142201819,-17.095306498427785
complex_total,1289,0.6591999069903283,-24.48496319908088
complex_total,1290,-1.4034453187297427,-22.013914694867083
complex_total,1291,-0.3408608142201819,-17.095306498427785
complex_total,1292,-0.9037342695242884,-28.140607801319785
complex_total,1293,-0.9007775020028355,-19.21170657304257
complex_total,1294,-1.408691622842758,-73.11254949492694
complex_total,1295,0.17600315492980823,-0.8882028501007255
complex_total,1296,0.6591999069903283,-24.48496319908088
complex_total,1297,-1.8961423078758455,-36.83898329884153
complex_total,1298,-0.9037342695242884,-28.140607801319785
complex_total,1299,-1.9726834332263192,-56.02199369513258
complex_total,1300,-0.019973909691869185,-12.363480206440094
complex_total,1301,0.7291757661069176,2.2372023607312848
complex_total,1302,-0.3408608142201819,-17.095306498427785
complex_total,1303,-0.5155806338395531,142.1085906649845
complex_total,1304,-3.0938892080527847,-20.471364507733686
complex_total,1305,-1.8622531995718083,-47.866249854101085
complex_total,1306,-0.9037342695242884,-28.140607801319785
complex_total,1307,-0.8483834967767341,-24.323279468121513
complex_total,1308,-1.4034453187297427,-22.013914694867083
complex_total,1309,-0.019973909691869185,-12.363480206440094
complex_total,1310,-1.408691622842758,-73.11254949492694
complex_total,1311,-0.5155806338395531,142.1085906649845
complex_total,1312,-1.2161942915462667,-25.936565383038264
complex_total,1313,0.6591999069903283,-24.48496319908088
complex_total,1314,-0.019973909691869185,-12.363480206440094
complex_total,1315,-3.0938892080527847,-20.471364507733686
complex_total,1316,0.6591999069903283,-24.48496319908088
complex_total,1317,-0.9007775020028355,-19.21170657304257
complex_total,1318,-1.0032735420994048,-50.79206855996421
complex_total,1319,-1.4034453187297427,-22.013914694867083
complex_total,1320,-0.8483834967767341,-24.323279468121513
complex_total,1321,-1.2161942915462667,-25.936565383038264
complex_total,1322,-1.9726834332263192,-56.02199369513258
complex_total,1323,0.0597714461825507,26.203020733675412
complex_total,1324,-1.4034453187297427,-22.013914694867083
complex_total,1325,-1.9726834332263192,-56.02199369513258
complex_total,1326,0.17600315492980823,-0.8882028501007255
complex_total,1327,-2.0350149357843192,-13.000524010664083
complex_total,1328,-0.3408608142201819,-17.095306498427785
complex_total,1329,-1.8961423078758455,-36.83898329884153
complex_total,1330,-1.2161942915462667,-25.936565383038264
complex_total,1331,-1.8622531995718083,-47.866249854101085
complex_total,1332,-0.9007775020028355,-19.21170657304257
complex_total,1333,-1.8961423078758455,-36.83898329884153
complex_total,1334,-1.9726834332263192,-56.02199369513258
complex_total,1335,0.7291757661069176,2.2372023607312848
complex_total,1336,0.6591999069903283,-24.48496319908088
complex_total,1337,-0.9007775020028355,-19.21170657304257
complex_total,1338,-0.9037342695242884,-28.140607801319785
complex_total,1339,-0.5155806338395531,142.1085906649845
complex_total,1340,-1.8622531995718083,-47.866249854101085
complex_total,1341,-1.8961423078758455,-36.83898329884153
complex_total,1342,-1.0032735420994048,-50.79206855996421
complex_total,1343,0.0597714461825507,26.203020733675412
complex_total,1344,0.6591999069903283,-24.48496319908088
complex_total,1345,-1.8961423078758455,-36.83898329884153
complex_total,1346,-1.0032735420994048,-50.79206855996421
complex_total,1347,0.6591999069903283,-24.48496319908088
complex_total,1348,0.17600315492980823,-0.8882028501007255
complex_total,1349,-1.4034453187297427,-22.013914694867083
complex_total,1350,-1.0032735420994048,-50.79206855996421
complex_total,1351,-0.8483834967767341,-24.323279468121513
complex_total,1352,-0.019973909691869185,-12.363480206440094
complex_total,1353,0.17600315492980823,-0.8882028501007255
complex_total,1354,-0.019973909691869185,-12.363480206440094
complex_total,1355,0.6591999069903283,-24.48496319908088
complex_total,1356,-2.0350149357843192,-13.000524010664083
complex_total,1357,0.6591999069903283,-24.48496319908088
complex_total,1358,-2.0350149357843192,-13.000524010664083
complex_total,1359,-2.0350149357843192,-13.000524010664083
complex_total,1360,-1.0032735420994048,-50.79206855996421
complex_total,1361,-0.9037342695242884,-28.140607801319785
complex_total,1362,0.17600315492980823,-0.8882028501007255
complex_total,1363,-0.5155806338395531,142.1085906649845
complex_total,1364,-0.9007775020028355,-19.21170657304257
complex_total,1365,-0.8483834967767341,-24.323279468121513
complex_total,1366,-0.5155806338395531,142.1085906649845
complex_total,1367,-0.5155806338395531,142.1085906649845
complex_total,1368,0.6591999069903283,-24.48496319908088
complex_total,1369,0.17600315492980823,-0.8882028501007255
complex_total,1370,-1.8622531995718083,-47.866249854101085
complex_total,1371,0.6591999069903283,-24.48496319908088
complex_total,1372,-0.8483834967767341,-24.323279468121513
complex_total,1373,0.0597714461825507,26.203020733675412
complex_total,1374,-3.0938892080527847,-20.471364507733686
complex_total,1375,-0.5155806338395531,142.1085906649845
complex_total,1376,-1.2161942915462667,-25.936565383038264
complex_total,1377,-1.8622531995718083,-47.866249854101085
complex_total,1378,-2.0350149357843192,-13.000524010664083
complex_total,1379,-0.5155806338395531,142.1085906649845
complex_total,1380,-1.408691622842758,-73.11254949492694
complex_total,1381,0.6591999069903283,-24.48496319908088
complex_total,1382,-1.2161942915462667,-25.936565383038264
complex_total,1383,0.7291757661069176,2.2372023607312848
complex_total,1384,-0.9037342695242884,-28.140607801319785
complex_total,1385,-0.3408608142201819,-17.095306498427785
complex_total,1386,-1.8622531995718083,-47.866249854101085
complex_total,1387,0.7291757661069176,2.2372023607312848
complex_total,1388,-1.4034453187297427,-22.013914694867083
complex_total,1389,-1.8961423078758455,-36.83898329884153
complex_total,1390,-1.408691622842758,-73.11254949492694
complex_total,1391,-0.5155806338395531,142.1085906649845
complex_total,1392,-2.0350149357843192,-13.000524010664083
complex_total,1393,0.17600315492980823,-0.8882028501007255
complex_total,1394,-0.8483834967767341,-24.323279468121513
complex_total,1395,-1.408691622842758,-73.11254949492694
complex_total,1396,0.6591999069903283,-24.48496319908088
complex_total,1397,-1.9726834332263192,-56.02199369513258
complex_total,1398,-0.019973909691869185,-12.363480206440094
complex_total,1399,-1.408691622842758,-73.11254949492694
complex_total,1400,-0.9037342695242884,-28.140607801319785
complex_total,1401,-0.5155806338395531,142.1085906649845
complex_total,1402,-1.4034453187297427,-22.013914694867083
complex_total,1403,0.17600315492980823,-0.8882028501007255
complex_total,1404,-1.408691622842758,-73.11254949492694
complex_total,1405,-1.4034453187297427,-22.013914694867083
complex_total,1406,-0.5155806338395531,142.1085906649845
complex_total,1407,-1.8622531995718083,-47.866249854101085
complex_total,1408,-2.0350149357843192,-13.000524010664083
complex_total,1409,-2.0350149357843192,-13.000524010664083
complex_total,1410,-0.019973909691869185,-12.363480206440094
complex_total,1411,-0.9037342695242884,-28.140607801319785
complex_total,1412,0.0597714461825507,26.203020733675412
complex_total,1413,-1.408691622842758,-73.11254949492694
complex_total,1414,-1.2161942915462667,-25.936565383038264
complex_total,1415,-1.4034453187297427,-22.013914694867083
complex_total,1416,0.0597714461825507,26.203020733675412
complex_total,1417,-1.2161942915462667,-25.936565383038264
complex_total,1418,-1.8961423078758455,-36.83898329884153
complex_total,1419,-0.9037342695242884,-28.140607801319785
complex_total,1420,-1.8622531995718083,-47.866249854101085
complex_total,1421,-0.5155806338395531,142.1085906649845
complex_total,1422,-1.9726834332263192,-56.02199369513258
complex_total,1423,0.17600315492980823,-0.8882028501007255
complex_total,1424,0.0597714461825507,26.203020733675412
complex_total,1425,-1.9726834332263192,-56.02199369513258
complex_total,1426,-1.408691622842758,-73.11254949492694
complex_total,1427,-1.0032735420994048,-50.79206855996421
complex_total,1428,-0.019973909691869185,-12.363480206440094
complex_total,1429,-1.408691622842758,-73.11254949492694
complex_total,1430,-0.8483834967767341,-24.323279468121513
complex_total,1431,-0.3408608142201819,-17.095306498427785
complex_total,1432,-0.019973909691869185,-12.363480206440094
complex_total,1433,-0.019973909691869185,-12.363480206440094
complex_total,1434,-2.0350149357843192,-13.000524010664083
complex_total,1435,0.6591999069903283,-24.48496319908088
complex_total,1436,0.0597714461825507,26.203020733675412
complex_total,1437,-0.9037342695242884,-28.140607801319785
complex_total,1438,-1.8622531995718083,-47.866249854101085
complex_total,1439,-0.019973909691869185,-12.363480206440094
complex_total,1440,0.17600315492980823,-0.8882028501007255
complex_total,1441,-3.0938892080527847,-20.471364507733686
complex_total,1442,0.6591999069903283,-24.48496319908088
complex_total,1443,-0.3408608142201819,-17.095306498427785
complex_total,1444,-0.9037342695242884,-28.140607801319785
complex_total,1445,-2.0350149357843192,-13.000524010664083
complex_total,1446,-1.8961423078758455,-36.83898329884153
complex_total,1447,0.0597714461825507,26.203020733675412
complex_total,1448,-1.2161942915462667,-25.936565383038264
complex_total,1449,-1.2161942915462667,-25.936565383038264
complex_total,1450,-0.019973909691869185,-12.363480206440094
complex_total,1451,-1.8622531995718083,-47.866249854101085
complex_total,1452,-0.3408608142201819,-17.095306498427785
complex_total,1453,0.17600315492980823,-0.8882028501007255
complex_total,1454,-0.3408608142201819,-17.095306498427785
complex_total,1455,0.6591999069903283,-24.48496319908088
complex_total,1456,-0.5155806338395531,142.1085906649845
complex_total,1457,-0.5155806338395531,142.1085906649845
complex_total,1458,-1.2161942915462667,-25.936565383038264
complex_total,1459,0.6591999069903283,-24.48496319908088
complex_total,1460,0.7291757661069176,2.2372023607312848
complex_total,1461,-0.9037342695242884,-28.140607801319785
complex_total,1462,-1.0032735420994048,-50.79206855996421
complex_total,1463,0.7291757661069176,2.2372023607312848
complex_total,1464,-0.019973909691869185,-12.363480206440094
complex_total,1465,-0.5155806338395531,142.1085906649845
complex_total,1466,0.7291757661069176,2.2372023607312848
complex_total,1467,0.6591999069903283,-24.48496319908088
complex_total,1468,0.17600315492980823,-0.8882028501007255
complex_total,1469,-0.3408608142201819,-17.095306498427785
complex_total,1470,0.7291757661069176,2.2372023607312848
complex_total,1471,-3.0938892080527847,-20.471364507733686
complex_total,1472,-1.4034453187297427,-22.013914694867083
complex_total,1473,-0.9007775020028355,-19.21170657304257
complex_total,1474,0.17600315492980823,-0.8882028501007255
complex_total,1475,-0.3408608142201819,-17.095306498427785
complex_total,1476,-1.8622531995718083,-47.866249854101085
complex_total,1477,-3.0938892080527847,-20.471364507733686
complex_total,1478,-1.4034453187297427,-22.013914694867083
complex_total,1479,-0.5155806338395531,142.1085906649845
complex_total,1480,-0.019973909691869185,-12.363480206440094
complex_total,1481,-1.408691622842758,-73.11254949492694
complex_total,1482,-2.0350149357843192,-13.000524010664083
complex_total,1483,-0.019973909691869185,-12.363480206440094
complex_total,1484,-1.9726834332263192,-56.02199369513258
complex_total,1485,-1.408691622842758,-73.11254949492694
complex_total,1486,0.0597714461825507,26.203020733675412
complex_total,1487,-3.0938892080527847,-20.471364507733686
complex_total,1488,-1.0032735420994048,-50.79206855996421
complex_total,1489,0.6591999069903283,-24.48496319908088
complex_total,1490,-1.8961423078758455,-36.83898329884153
complex_total,1491,0.0597714461825507,26.203020733675412
complex_total,1492,-0.8483834967767341,-24.323279468121513
complex_total,1493,-3.0938892080527847,-20.471364507733686
complex_total,1494,0.17600315492980823,-0.8882028501007255
complex_total,1495,-0.9037342695242884,-28.140607801319785
complex_total,1496,-2.0350149357843192,-13.000524010664083
complex_total,1497,-0.019973909691869185,-12.363480206440094
complex_total,1498,-0.019973909691869185,-12.363480206440094
complex_total,1499,-2.0350149357843192,-13.000524010664083
complex_total,1500,-0.9037342695242884,-28.140607801319785
complex_total,1501,-3.0938892080527847,-20.471364507733686
complex_total,1502,-0.9037342695242884,-28.140607801319785
complex_total,1503,0.0597714461825507,26.203020733675412
complex_total,1504,0.17600315492980823,-0.8882028501007255
complex_total,1505,-3.0938892080527847,-20.471364507733686
complex_total,1506,-0.8483834967767341,-24.323279468121513
complex_total,1507,0.6591999069903283,-24.48496319908088
complex_total,1508,-1.8622531995718083,-47.866249854101085
complex_total,1509,0.17600315492980823,-0.8882028501007255
complex_total,1510,-0.9007775020028355,-19.21170657304257
complex_total,1511,-0.8483834967767341,-24.323279468121513
complex_total,1512,-0.019973909691869185,-12.363480206440094
complex_total,1513,0.0597714461825507,26.203020733675412
complex_total,1514,-0.8483834967767341,-24.323279468121513
complex_total,1515,-1.2161942915462667,-25.936565383038264
complex_total,1516,-2.0350149357843192,-13.000524010664083
complex_total,1517,0.6591999069903283,-24.48496319908088
complex_total,1518,0.6591999069903283,-24.48496319908088
complex_total,1519,-0.3408608142201819,-17.095306498427785
complex_total,1520,-1.2161942915462667,-25.936565383038264
complex_total,1521,-0.3408608142201819,-17.095306498427785
complex_total,1522,-0.5155806338395531,142.1085906649845
complex_total,1523,-0.019973909691869185,-12.363480206440094
complex_total,1524,-0.8483834967767341,-24.323279468121513
complex_total,1525,0.7291757661069176,2.2372023607312848
complex_total,1526,0.6591999069903283,-24.48496319908088
complex_total,1527,-1.9726834332263192,-56.02199369513258
complex_total,1528,-0.8483834967767341,-24.323279468121513
complex_total,1529,-1.9726834332263192,-56.02199369513258
complex_total,1530,-1.8622531995718083,-47.866249854101085
complex_total,1531,-0.9037342695242884,-28.140607801319785
complex_total,1532,-0.8483834967767341,-24.323279468121513
complex_total,1533,-1.4034453187297427,-22.013914694867083
complex_total,1534,0.6591999069903283,-24.48496319908088
complex_total,1535,-1.4034453187297427,-22.013914694867083
complex_total,1536,0.6591999069903283,-24.48496319908088
complex_total,1537,-0.9037342695242884,-28.140607801319785
complex_total,1538,-0.9007775020028355,-19.21170657304257
complex_total,1539,-1.0032735420994048,-50.79206855996421
complex_total,1540,-0.9007775020028355,-19.21170657304257
complex_total,1541,-0.5155806338395531,142.1085906649845
complex_total,1542,0.7291757661069176,2.2372023607312848
complex_total,1543,-0.3408608142201819,-17.095306498427785
complex_total,1544,-1.0032735420994048,-50.79206855996421
complex_total,1545,0.0597714461825507,26.203020733675412
complex_total,1546,-2.0350149357843192,-13.000524010664083
complex_total,1547,-3.0938892080527847,-20.471364507733686
complex_total,1548,-0.9007775020028355,-19.21170657304257
complex_total,1549,-1.408691622842758,-73.11254949492694
complex_total,1550,-2.0350149357843192,-13.000524010664083
complex_total,1551,-0.8483834967767341,-24.323279468121513
complex_total,1552,-0.8483834967767341,-24.323279468121513
complex_total,1553,-1.4034453187297427,-22.013914694867083
complex_total,1554,-1.8622531995718083,-47.866249854101085
complex_total,1555,-1.0032735420994048,-50.79206855996421
complex_total,1556,0.17600315492980823,-0.8882028501007255
complex_total,1557,-0.9037342695242884,-28.140607801319785
complex_total,1558,-1.8961423078758455,-36.83898329884153
complex_total,1559,0.0597714461825507,26.203020733675412
complex_total,1560,-0.8483834967767341,-24.323279468121513
complex_total,1561,-0.8483834967767341,-24.323279468121513
complex_total,1562,-0.3408608142201819,-17.095306498427785
complex_total,1563,-1.8622531995718083,-47.866249854101085
complex_total,1564,-1.408691622842758,-73.11254949492694
complex_total,1565,0.0597714461825507,26.203020733675412
complex_total,1566,-2.0350149357843192,-13.000524010664083
complex_total,1567,-1.0032735420994048,-50.79206855996421
complex_total,1568,-0.5155806338395531,142.1085906649845
complex_total,1569,-0.5155806338395531,142.1085906649845
complex_total,1570,-0.3408608142201819,-17.095306498427785
complex_total,1571,-0.5155806338395531,142.1085906649845
complex_total,1572,0.6591999069903283,-24.48496319908088
complex_total,1573,0.7291757661069176,2.2372023607312848
complex_total,1574,-1.4034453187297427,-22.013914694867083
complex_total,1575,0.17600315492980823,-0.8882028501007255
complex_total,1576,-0.9007775020028355,-19.21170657304257
complex_total,1577,-0.9037342695242884,-28.140607801319785
complex_total,1578,-0.5155806338395531,142.1085906649845
complex_total,1579,-1.2161942915462667,-25.936565383038264
complex_total,1580,0.17600315492980823,-0.8882028501007255
complex_total,1581,-1.2161942915462667,-25.936565383038264
complex_total,1582,-1.8961423078758455,-36.83898329884153
complex_total,1583,-0.9007775020028355,-19.21170657304257
complex_total,1584,-0.019973909691869185,-12.363480206440094
complex_total,1585,-3.0938892080527847,-20.471364507733686
complex_total,1586,-0.019973909691869185,-12.363480206440094
complex_total,1587,-0.9037342695242884,-28.140607801319785
complex_total,1588,-0.5155806338395531,142.1085906649845
complex_total,1589,-0.3408608142201819,-17.095306498427785
complex_total,1590,-1.9726834332263192,-56.02199369513258
complex_total,1591,-1.2161942915462667,-25.936565383038264
complex_total,1592,-1.8622531995718083,-47.866249854101085
complex_total,1593,-1.9726834332263192,-56.02199369513258
complex_total,1594,-1.9726834332263192,-56.02199369513258
complex_total,1595,-1.8961423078758455,-36.83898329884153
complex_total,1596,-1.9726834332263192,-56.02199369513258
complex_total,1597,-0.8483834967767341,-24.323279468121513
complex_total,1598,-1.2161942915462667,-25.936565383038264
complex_total,1599,-0.8483834967767341,-24.323279468121513
complex_total,1600,-1.408691622842758,-73.11254949492694
complex_total,1601,-0.3408608142201819,-17.095306498427785
complex_total,1602,0.6591999069903283,-24.48496319908088
complex_total,1603,-1.4034453187297427,-22.013914694867083
complex_total,1604,-0.9037342695242884,-28.140607801319785
complex_total,1605,-3.0938892080527847,-20.471364507733686
complex_total,1606,-3.0938892080527847,-20.471364507733686
complex_total,1607,-0.9007775020028355,-19.21170657304257
complex_total,1608,-1.4034453187297427,-22.013914694867083
complex_total,1609,-1.4034453187297427,-22.013914694867083
complex_total,1610,-1.0032735420994048,-50.79206855996421
complex_total,1611,-0.3408608142201819,-17.095306498427785
complex_total,1612,-1.8961423078758455,-36.83898329884153
complex_total,1613,-2.0350149357843192,-13.000524010664083
complex_total,1614,-0.9037342695242884,-28.140607801319785
complex_total,1615,-1.8961423078758455,-36.83898329884153
complex_total,1616,0.17600315492980823,-0.8882028501007255
complex_total,1617,-1.408691622842758,-73.11254949492694
complex_total,1618,-0.8483834967767341,-24.323279468121513
complex_total,1619,-2.0350149357843192,-13.000524010664083
complex_total,1620,-3.0938892080527847,-20.471364507733686
complex_total,1621,-1.408691622842758,-73.11254949492694
complex_total,1622,-1.8961423078758455,-36.83898329884153
complex_total,1623,-0.8483834967767341,-24.323279468121513
complex_total,1624,-1.0032735420994048,-50.79206855996421
complex_total,1625,-1.8961423078758455,-36.83898329884153
complex_total,1626,-0.019973909691869185,-12.363480206440094
complex_total,1627,0.0597714461825507,26.203020733675412
complex_total,1628,0.7291757661069176,2.2372023607312848
complex_total,1629,0.6591999069903283,-24.48496319908088
complex_total,1630,-1.8622531995718083,-47.866249854101085
complex_total,1631,0.0597714461825507,26.203020733675412
complex_total,1632,-0.019973909691869185,-12.363480206440094
complex_total,1633,-0.3408608142201819,-17.095306498427785
complex_total,1634,-1.4034453187297427,-22.013914694867083
complex_total,1635,-0.9007775020028355,-19.21170657304257
complex_total,1636,-0.5155806338395531,142.1085906649845
complex_total,1637,-0.9037342695242884,-28.140607801319785
complex_total,1638,-0.3408608142201819,-17.095306498427785
complex_total,1639,-1.8961423078758455,-36.83898329884153
complex_total,1640,0.7291757661069176,2.2372023607312848
complex_total,1641,0.7291757661069176,2.2372023607312848
complex_total,1642,-0.9037342695242884,-28.140607801319785
complex_total,1643,-1.8961423078758455,-36.83898329884153
complex_total,1644,0.7291757661069176,2.2372023607312848
complex_total,1645,-1.0032735420994048,-50.79206855996421
complex_total,1646,0.7291757661069176,2.2372023607312848
complex_total,1647,0.17600315492980823,-0.8882028501007255
complex_total,1648,-0.9007775020028355,-19.21170657304257
complex_total,1649,-3.0938892080527847,-20.471364507733686
complex_total,1650,-1.2161942915462667,-25.936565383038264
complex_total,1651,-1.408691622842758,-73.11254949492694
complex_total,1652,-0.5155806338395531,142.1085906649845
complex_total,1653,-1.0032735420994048,-50.79206855996421
complex_total,1654,-2.0350149357843192,-13.000524010664083
complex_total,1655,-0.9037342695242884,-28.140607801319785
complex_total,1656,-0.9037342695242884,-28.140607801319785
complex_total,1657,-1.408691622842758,-73.11254949492694
complex_total,1658,-0.3408608142201819,-17.095306498427785
complex_total,1659,-0.019973909691869185,-12.363480206440094
complex_total,1660,0.0597714461825507,26.203020733675412
complex_total,1661,-0.9037342695242884,-28.140607801319785
complex_total,1662,-1.0032735420994048,-50.79206855996421
complex_total,1663,-0.9007775020028355,-19.21170657304257
complex_total,1664,-3.0938892080527847,-20.471364507733686
complex_total,1665,-0.9037342695242884,-28.140607801319785
complex_total,1666,0.17600315492980823,-0.8882028501007255
complex_total,1667,-1.4034453187297427,-22.013914694867083
complex_total,1668,-2.0350149357843192,-13.000524010664083
complex_total,1669,0.0597714461825507,26.203020733675412
complex_total,1670,-3.0938892080527847,-20.471364507733686
complex_total,1671,-1.9726834332263192,-56.02199369513258
complex_total,1672,-1.9726834332263192,-56.02199369513258
complex_total,1673,-1.9726834332263192,-56.02199369513258
complex_total,1674,-1.8622531995718083,-47.866249854101085
complex_total,1675,-1.2161942915462667,-25.936565383038264
complex_total,1676,-0.9037342695242884,-28.140607801319785
complex_total,1677,0.0597714461825507,26.203020733675412
complex_total,1678,-0.3408608142201819,-17.095306498427785
complex_total,1679,-1.8961423078758455,-36.83898329884153
complex_total,1680,0.7291757661069176,2.2372023607312848
complex_total,1681,-0.019973909691869185,-12.363480206440094
complex_total,1682,-1.2161942915462667,-25.936565383038264
complex_total,1683,-0.9007775020028355,-19.21170657304257
complex_total,1684,0.7291757661069176,2.2372023607312848
complex_total,1685,-0.9007775020028355,-19.21170657304257
complex_total,1686,-1.408691622842758,-73.11254949492694
complex_total,1687,-1.0032735420994048,-50.79206855996421
complex_total,1688,-3.0938892080527847,-20.471364507733686
complex_total,1689,-0.5155806338395531,142.1085906649845
complex_total,1690,-0.9037342695242884,-28.140607801319785
complex_total,1691,-1.8622531995718083,-47.866249854101085
complex_total,1692,-1.9726834332263192,-56.02199369513258
complex_total,1693,-1.9726834332263192,-56.02199369513258
complex_total,1694,-1.2161942915462667,-25.936565383038264
complex_total,1695,0.7291757661069176,2.2372023607312848
complex_total,1696,-0.8483834967767341,-24.323279468121513
complex_total,1697,-1.8622531995718083,-47.866249854101085
complex_total,1698,-0.9007775020028355,-19.21170657304257
complex_total,1699,-1.8622531995718083,-47.866249854101085
complex_total,1700,-0.9007775020028355,-19.21170657304257
complex_total,1701,-0.5155806338395531,142.1085906649845
complex_total,1702,-3.0938892080527847,-20.471364507733686
complex_total,1703,-1.9726834332263192,-56.02199369513258
complex_total,1704,-1.8961423078758455,-36.83898329884153
complex_total,1705,-2.0350149357843192,-13.000524010664083
complex_total,1706,0.0597714461825507,26.203020733675412
complex_total,1707,-3.0938892080527847,-20.471364507733686
complex_total,1708,-0.5155806338395531,142.1085906649845
complex_total,1709,-0.3408608142201819,-17.095306498427785
complex_total,1710,-1.8622531995718083,-47.866249854101085
complex_total,1711,-1.9726834332263192,-56.02199369513258
complex_total,1712,0.7291757661069176,2.2372023607312848
complex_total,1713,0.0597714461825507,26.203020733675412
complex_total,1714,-0.8483834967767341,-24.323279468121513
complex_total,1715,-1.0032735420994048,-50.79206855996421
complex_total,1716,-0.9037342695242884,-28.140607801319785
complex_total,1717,-1.0032735420994048,-50.79206855996421
complex_total,1718,-1.8622531995718083,-47.866249854101085
complex_total,1719,-0.5155806338395531,142.1085906649845
complex_total,1720,-1.0032735420994048,-50.79206855996421
complex_total,1721,-1.408691622842758,-73.11254949492694
complex_total,1722,-0.8483834967767341,-24.323279468121513
complex_total,1723,0.6591999069903283,-24.48496319908088
complex_total,1724,-0.8483834967767341,-24.323279468121513
complex_total,1725,-1.4034453187297427,-22.013914694867083
complex_total,1726,-2.0350149357843192,-13.000524010664083
complex_total,1727,-1.8622531995718083,-47.866249854101085
complex_total,1728,-1.8961423078758455,-36.83898329884153
complex_total,1729,-1.408691622842758,-73.11254949492694
complex_total,1730,-0.9037342695242884,-28.140607801319785
complex_total,1731,-1.0032735420994048,-50.79206855996421
complex_total,1732,-1.2161942915462667,-25.936565383038264
complex_total,1733,0.6591999069903283,-24.48496319908088
complex_total,1734,-0.3408608142201819,-17.095306498427785
complex_total,1735,0.17600315492980823,-0.8882028501007255
complex_total,1736,0.17600315492980823,-0.8882028501007255
complex_total,1737,-1.8622531995718083,-47.866249854101085
complex_total,1738,-1.8961423078758455,-36.83898329884153
complex_total,1739,-1.8622531995718083,-47.866249854101085
complex_total,1740,-3.0938892080527847,-20.471364507733686
complex_total,1741,-0.3408608142201819,-17.095306498427785
complex_total,1742,-0.3408608142201819,-17.095306498427785
complex_total,1743,-0.8483834967767341,-24.323279468121513
complex_total,1744,-1.8622531995718083,-47.866249854101085
complex_total,1745,0.6591999069903283,-24.48496319908088
complex_total,1746,-1.9726834332263192,-56.02199369513258
complex_total,1747,-1.408691622842758,-73.11254949492694
complex_total,1748,0.7291757661069176,2.2372023607312848
complex_total,1749,-1.8961423078758455,-36.83898329884153
complex_total,1750,-1.2161942915462667,-25.936565383038264
complex_total,1751,0.7291757661069176,2.2372023607312848
complex_total,1752,0.0597714461825507,26.203020733675412
complex_total,1753,-0.019973909691869185,-12.363480206440094
complex_total,1754,-1.408691622842758,-73.11254949492694
complex_total,1755,-0.5155806338395531,142.1085906649845
complex_total,1756,-1.9726834332263192,-56.02199369513258
complex_total,1757,-1.408691622842758,-73.11254949492694
complex_total,1758,-1.0032735420994048,-50.79206855996421
complex_total,1759,-0.9037342695242884,-28.140607801319785
complex_total,1760,-1.0032735420994048,-50.79206855996421
complex_total,1761,-0.5155806338395531,142.1085906649845
complex_total,1762,-1.4034453187297427,-22.013914694867083
complex_total,1763,0.17600315492980823,-0.8882028501007255
complex_total,1764,-0.9007775020028355,-19.21170657304257
complex_total,1765,0.17600315492980823,-0.8882028501007255
complex_total,1766,-1.0032735420994048,-50.79206855996421
complex_total,1767,-0.9037342695242884,-28.140607801319785
complex_total,1768,-1.8622531995718083,-47.866249854101085
complex_total,1769,0.0597714461825507,26.203020733675412
complex_total,1770,0.17600315492980823,-0.8882028501007255
complex_total,1771,-0.9007775020028355,-19.21170657304257
complex_total,1772,0.17600315492980823,-0.8882028501007255
complex_total,1773,-2.0350149357843192,-13.000524010664083
complex_total,1774,-0.3408608142201819,-17.095306498427785
complex_total,1775,-1.8622531995718083,-47.866249854101085
complex_total,1776,-0.9037342695242884,-28.140607801319785
complex_total,1777,-2.0350149357843192,-13.000524010664083
complex_total,1778,-1.0032735420994048,-50.79206855996421
complex_total,1779,0.7291757661069176,2.2372023607312848
complex_total,1780,-3.0938892080527847,-20.471364507733686
complex_total,1781,-1.8961423078758455,-36.83898329884153
complex_total,1782,-0.019973909691869185,-12.363480206440094
complex_total,1783,0.7291757661069176,2.2372023607312848
complex_total,1784,-0.9007775020028355,-19.21170657304257
complex_total,1785,0.6591999069903283,-24.48496319908088
complex_total,1786,-0.9037342695242884,-28.140607801319785
complex_total,1787,-3.0938892080527847,-20.471364507733686
complex_total,1788,0.17600315492980823,-0.8882028501007255
complex_total,1789,0.17600315492980823,-0.8882028501007255
complex_total,1790,-0.3408608142201819,-17.095306498427785
complex_total,1791,0.17600315492980823,-0.8882028501007255
complex_total,1792,0.0597714461825507,26.203020733675412
complex_total,1793,-0.9007775020028355,-19.21170657304257
complex_total,1794,-0.3408608142201819,-17.095306498427785
complex_total,1795,0.7291757661069176,2.2372023607312848
complex_total,1796,-1.408691622842758,-73.11254949492694
complex_total,1797,-0.9007775020028355,-19.21170657304257
complex_total,1798,-0.5155806338395531,142.1085906649845
complex_total,1799,-0.8483834967767341,-24.323279468121513
complex_total,1800,-3.0938892080527847,-20.471364507733686
complex_total,1801,-1.2161942915462667,-25.936565383038264
complex_total,1802,-0.9037342695242884,-28.140607801319785
complex_total,1803,-0.019973909691869185,-12.363480206440094
complex_total,1804,-0.3408608142201819,-17.095306498427785
complex_total,1805,0.0597714461825507,26.203020733675412
complex_total,1806,-1.2161942915462667,-25.936565383038264
complex_total,1807,-1.8622531995718083,-47.866249854101085
complex_total,1808,-2.0350149357843192,-13.000524010664083
complex_total,1809,-1.8622531995718083,-47.866249854101085
complex_total,1810,-2.0350149357843192,-13.000524010664083
complex_total,1811,-1.8961423078758455,-36.83898329884153
complex_total,1812,-1.8961423078758455,-36.83898329884153
complex_total,1813,-0.9037342695242884,-28.140607801319785
complex_total,1814,-3.0938892080527847,-20.471364507733686
complex_total,1815,-3.0938892080527847,-20.471364507733686
complex_total,1816,-1.0032735420994048,-50.79206855996421
complex_total,1817,-1.9726834332263192,-56.02199369513258
complex_total,1818,-1.0032735420994048,-50.79206855996421
complex_total,1819,-1.0032735420994048,-50.79206855996421
complex_total,1820,0.6591999069903283,-24.48496319908088
complex_total,1821,0.6591999069903283,-24.48496319908088
complex_total,1822,-1.4034453187297427,-22.013914694867083
complex_total,1823,-0.3408608142201819,-17.095306498427785
complex_total,1824,-0.5155806338395531,142.1085906649845
complex_total,1825,-1.8622531995718083,-47.866249854101085
complex_total,1826,-1.4034453187297427,-22.013914694867083
complex_total,1827,-0.9037342695242884,-28.140607801319785
complex_total,1828,0.7291757661069176,2.2372023607312848
complex_total,1829,0.17600315492980823,-0.8882028501007255
complex_total,1830,-1.0032735420994048,-50.79206855996421
complex_total,1831,-0.9007775020028355,-19.21170657304257
complex_total,1832,-1.9726834332263192,-56.02199369513258
complex_total,1833,-1.2161942915462667,-25.936565383038264
complex_total,1834,0.17600315492980823,-0.8882028501007255
complex_total,1835,-0.019973909691869185,-12.363480206440094
complex_total,1836,-1.2161942915462667,-25.936565383038264
complex_total,1837,-0.5155806338395531,142.1085906649845
complex_total,1838,-1.9726834332263192,-56.02199369513258
complex_total,1839,-0.3408608142201819,-17.095306498427785
complex_total,1840,-1.2161942915462667,-25.936565383038264
complex_total,1841,-0.8483834967767341,-24.323279468121513
complex_total,1842,0.7291757661069176,2.2372023607312848
complex_total,1843,-1.2161942915462667,-25.936565383038264
complex_total,1844,-3.0938892080527847,-20.471364507733686
complex_total,1845,-1.4034453187297427,-22.013914694867083
complex_total,1846,-0.5155806338395531,142.1085906649845
complex_total,1847,-1.408691622842758,-73.11254949492694
complex_total,1848,-0.3408608142201819,-17.095306498427785
complex_total,1849,-1.408691622842758,-73.11254949492694
complex_total,1850,-1.0032735420994048,-50.79206855996421
complex_total,1851,-1.408691622842758,-73.11254949492694
complex_total,1852,0.0597714461825507,26.203020733675412
complex_total,1853,-0.019973909691869185,-12.363480206440094
complex_total,1854,-1.2161942915462667,-25.936565383038264
complex_total,1855,-3.0938892080527847,-20.471364507733686
complex_total,1856,-1.8622531995718083,-47.866249854101085
complex_total,1857,-2.0350149357843192,-13.000524010664083
complex_total,1858,-1.8961423078758455,-36.83898329884153
complex_total,1859,-0.9007775020028355,-19.21170657304257
complex_total,1860,-1.0032735420994048,-50.79206855996421
complex_total,1861,0.0597714461825507,26.203020733675412
complex_total,1862,-0.8483834967767341,-24.323279468121513
complex_total,1863,-1.8622531995718083,-47.866249854101085
complex_total,1864,-1.4034453187297427,-22.013914694867083
complex_total,1865,-0.9037342695242884,-28.140607801319785
complex_total,1866,-0.5155806338395531,142.1085906649845
complex_total,1867,-0.019973909691869185,-12.363480206440094
complex_total,1868,-0.8483834967767341,-24.323279468121513
complex_total,1869,-0.9007775020028355,-19.21170657304257
complex_total,1870,-3.0938892080527847,-20.471364507733686
complex_total,1871,-0.019973909691869185,-12.363480206440094
complex_total,1872,-0.8483834967767341,-24.323279468121513
complex_total,1873,-0.3408608142201819,-17.095306498427785
complex_total,1874,-1.8622531995718083,-47.866249854101085
complex_total,1875,-0.3408608142201819,-17.095306498427785
complex_total,1876,-2.0350149357843192,-13.000524010664083
complex_total,1877,-1.9726834332263192,-56.02199369513258
complex_total,1878,-0.9007775020028355,-19.21170657304257
complex_total,1879,0.0597714461825507,26.203020733675412
complex_total,1880,-3.0938892080527847,-20.471364507733686
complex_total,1881,-1.8961423078758455,-36.83898329884153
complex_total,1882,-0.9037342695242884,-28.140607801319785
complex_total,1883,0.0597714461825507,26.203020733675412
complex_total,1884,-1.4034453187297427,-22.013914694867083
complex_total,1885,-1.408691622842758,-73.11254949492694
complex_total,1886,-0.9007775020028355,-19.21170657304257
complex_total,1887,0.0597714461825507,26.203020733675412
complex_total,1888,0.0597714461825507,26.203020733675412
complex_total,1889,-1.8961423078758455,-36.83898329884153
complex_total,1890,-0.3408608142201819,-17.095306498427785
complex_total,1891,-0.8483834967767341,-24.323279468121513
complex_total,1892,0.7291757661069176,2.2372023607312848
complex_total,1893,-1.8622531995718083,-47.866249854101085
complex_total,1894,-1.408691622842758,-73.11254949492694
complex_total,1895,-1.8622531995718083,-47.866249854101085
complex_total,1896,-0.3408608142201819,-17.095306498427785
complex_total,1897,-1.0032735420994048,-50.79206855996421
complex_total,1898,0.7291757661069176,2.2372023607312848
complex_total,1899,-0.8483834967767341,-24.323279468121513
complex_total,1900,-1.8622531995718083,-47.866249854101085
complex_total,1901,-0.8483834967767341,-24.323279468121513
complex_total,1902,-0.9037342695242884,-28.140607801319785
complex_total,1903,-0.3408608142201819,-17.095306498427785
complex_total,1904,-0.5155806338395531,142.1085906649845
complex_total,1905,-1.408691622842758,-73.11254949492694
complex_total,1906,0.7291757661069176,2.2372023607312848
complex_total,1907,0.0597714461825507,26.203020733675412
complex_total,1908,-0.5155806338395531,142.1085906649845
complex_total,1909,-0.3408608142201819,-17.095306498427785
complex_total,1910,-1.9726834332263192,-56.02199369513258
complex_total,1911,-0.9037342695242884,-28.140607801319785
complex_total,1912,-1.8961423078758455,-36.83898329884153
complex_total,1913,-0.9037342695242884,-28.140607801319785
complex_total,1914,0.0597714461825507,26.203020733675412
complex_total,1915,-0.019973909691869185,-12.363480206440094
complex_total,1916,-3.0938892080527847,-20.471364507733686
complex_total,1917,-2.0350149357843192,-13.000524010664083
complex_total,1918,-0.5155806338395531,142.1085906649845
complex_total,1919,-1.8961423078758455,-36.83898329884153
complex_total,1920,-0.3408608142201819,-17.095306498427785
complex_total,1921,-0.019973909691869185,-12.363480206440094
complex_total,1922,-0.3408608142201819,-17.095306498427785
complex_total,1923,-0.9037342695242884,-28.140607801319785
complex_total,1924,-2.0350149357843192,-13.000524010664083
complex_total,1925,-1.4034453187297427,-22.013914694867083
complex_total,1926,-0.9037342695242884,-28.140607801319785
complex_total,1927,0.0597714461825507,26.203020733675412
complex_total,1928,-1.4034453187297427,-22.013914694867083
complex_total,1929,-3.0938892080527847,-20.471364507733686
complex_total,1930,-1.8622531995718083,-47.866249854101085
complex_total,1931,-1.4034453187297427,-22.013914694867083
complex_total,1932,-0.9037342695242884,-28.140607801319785
complex_total,1933,-1.9726834332263192,-56.02199369513258
complex_total,1934,0.6591999069903283,-24.48496319908088
complex_total,1935,0.17600315492980823,-0.8882028501007255
complex_total,1936,-1.0032735420994048,-50.79206855996421
complex_total,1937,-1.8961423078758455,-36.83898329884153
complex_total,1938,-0.5155806338395531,142.1085906649845
complex_total,1939,-0.019973909691869185,-12.363480206440094
complex_total,1940,-3.0938892080527847,-20.471364507733686
complex_total,1941,-1.8622531995718083,-47.866249854101085
complex_total,1942,-1.4034453187297427,-22.013914694867083
complex_total,1943,-1.2161942915462667,-25.936565383038264
complex_total,1944,-1.408691622842758,-73.11254949492694
complex_total,1945,0.7291757661069176,2.2372023607312848
complex_total,1946,-0.8483834967767341,-24.323279468121513
complex_total,1947,-0.019973909691869185,-12.363480206440094
complex_total,1948,0.0597714461825507,26.203020733675412
complex_total,1949,-0.3408608142201819,-17.095306498427785
complex_total,1950,-1.408691622842758,-73.11254949492694
complex_total,1951,-1.0032735420994048,-50.79206855996421
complex_total,1952,-1.8622531995718083,-47.866249854101085
complex_total,1953,0.7291757661069176,2.2372023607312848
complex_total,1954,-0.5155806338395531,142.1085906649845
complex_total,1955,-1.0032735420994048,-50.79206855996421
complex_total,1956,-3.0938892080527847,-20.471364507733686
complex_total,1957,-1.2161942915462667,-25.936565383038264
complex_total,1958,0.6591999069903283,-24.48496319908088
complex_total,1959,0.7291757661069176,2.2372023607312848
complex_total,1960,-0.9007775020028355,-19.21170657304257
complex_total,1961,-1.4034453187297427,-22.013914694867083
complex_total,1962,-1.2161942915462667,-25.936565383038264
complex_total,1963,-0.8483834967767341,-24.323279468121513
complex_total,1964,-0.5155806338395531,142.1085906649845
complex_total,1965,-0.3408608142201819,-17.095306498427785
complex_total,1966,-1.408691622842758,-73.11254949492694
complex_total,1967,0.0597714461825507,26.203020733675412
complex_total,1968,-3.0938892080527847,-20.471364507733686
complex_total,1969,-0.019973909691869185,-12.363480206440094
complex_total,1970,0.6591999069903283,-24.48496319908088
complex_total,1971,-1.4034453187297427,-22.013914694867083
complex_total,1972,-0.019973909691869185,-12.363480206440094
complex_total,1973,0.6591999069903283,-24.48496319908088
complex_total,1974,-1.8622531995718083,-47.866249854101085
complex_total,1975,0.17600315492980823,-0.8882028501007255
complex_total,1976,0.7291757661069176,2.2372023607312848
complex_total,1977,-1.8961423078758455,-36.83898329884153
complex_total,1978,-0.3408608142201819,-17.095306498427785
complex_total,1979,-1.8961423078758455,-36.83898329884153
complex_total,1980,-1.0032735420994048,-50.79206855996421
complex_total,1981,0.6591999069903283,-24.48496319908088
complex_total,1982,-1.0032735420994048,-50.79206855996421
complex_total,1983,-1.8961423078758455,-36.83898329884153
complex_total,1984,-0.9007775020028355,-19.21170657304257
complex_total,1985,-0.3408608142201819,-17.095306498427785
complex_total,1986,0.6591999069903283,-24.48496319908088
complex_total,1987,-1.0032735420994048,-50.79206855996421
complex_total,1988,-0.019973909691869185,-12.363480206440094
complex_total,1989,0.7291757661069176,2.2372023607312848
complex_total,1990,-2.0350149357843192,-13.000524010664083
complex_total,1991,-1.9726834332263192,-56.02199369513258
complex_total,1992,-0.3408608142201819,-17.095306498427785
complex_total,1993,-1.8961423078758455,-36.83898329884153
complex_total,1994,0.7291757661069176,2.2372023607312848
complex_total,1995,-1.8622531995718083,-47.866249854101085
complex_total,1996,-0.3408608142201819,-17.095306498427785
complex_total,1997,-1.8622531995718083,-47.866249854101085
complex_total,1998,-1.2161942915462667,-25.936565383038264
complex_total,1999,-0.3408608142201819,-17.095306498427785
complex_total,2000,-1.4034453187297427,-22.013914694867083
complex_total,2001,-1.4034453187297427,-22.013914694867083
complex_total,2002,-3.0938892080527847,-20.471364507733686
complex_total,2003,-0.9007775020028355,-19.21170657304257
complex_total,2004,-0.9007775020028355,-19.21170657304257
complex_total,2005,-0.5155806338395531,142.1085906649845
complex_total,2006,0.6591999069903283,-24.48496319908088
complex_total,2007,-1.0032735420994048,-50.79206855996421
complex_total,2008,0.17600315492980823,-0.8882028501007255
complex_total,2009,0.7291757661069176,2.2372023607312848
complex_total,2010,-1.2161942915462667,-25.936565383038264
complex_total,2011,-1.8961423078758455,-36.83898329884153
complex_total,2012,-3.0938892080527847,-20.471364507733686
complex_total,2013,-1.8622531995718083,-47.866249854101085
complex_total,2014,-2.0350149357843192,-13.000524010664083
complex_total,2015,-1.8961423078758455,-36.83898329884153
complex_total,2016,-0.9007775020028355,-19.21170657304257
complex_total,2017,-3.0938892080527847,-20.471364507733686
complex_total,2018,-1.2161942915462667,-25.936565383038264
complex_total,2019,-1.8622531995718083,-47.866249854101085
complex_total,2020,-1.9726834332263192,-56.02199369513258
complex_total,2021,-0.019973909691869185,-12.363480206440094
complex_total,2022,-1.0032735420994048,-50.79206855996421
complex_total,2023,-1.4034453187297427,-22.013914694867083
complex_total,2024,-0.8483834967767341,-24.323279468121513
complex_total,2025,-1.0032735420994048,-50.79206855996421
complex_total,2026,0.7291757661069176,2.2372023607312848
complex_total,2027,-0.9037342695242884,-28.140607801319785
complex_total,2028,-0.8483834967767341,-24.323279468121513
complex_total,2029,-0.3408608142201819,-17.095306498427785
complex_total,2030,-1.2161942915462667,-25.936565383038264
complex_total,2031,-0.8483834967767341,-24.323279468121513
complex_total,2032,-0.9007775020028355,-19.21170657304257
complex_total,2033,-1.2161942915462667,-25.936565383038264
complex_total,2034,-0.9007775020028355,-19.21170657304257
complex_total,2035,-0.019973909691869185,-12.363480206440094
complex_total,2036,-1.9726834332263192,-56.02199369513258
complex_total,2037,-0.9007775020028355,-19.21170657304257
complex_total,2038,-0.019973909691869185,-12.363480206440094
complex_total,2039,-0.8483834967767341,-24.323279468121513
complex_total,2040,-0.019973909691869185,-12.363480206440094
complex_total,2041,-1.8961423078758455,-36.83898329884153
complex_total,2042,-0.9037342695242884,-28.140607801319785
complex_total,2043,-3.0938892080527847,-20.471364507733686
complex_total,2044,0.6591999069903283,-24.48496319908088
complex_total,2045,-0.019973909691869185,-12.363480206440094
complex_total,2046,-1.0032735420994048,-50.79206855996421
complex_total,2047,-1.2161942915462667,-25.936565383038264
complex_total,2048,-1.8961423078758455,-36.83898329884153
complex_total,2049,-1.8622531995718083,-47.866249854101085
complex_total,2050,-2.0350149357843192,-13.000524010664083
complex_total,2051,-2.0350149357843192,-13.000524010664083
complex_total,2052,-0.9007775020028355,-19.21170657304257
complex_total,2053,-0.9037342695242884,-28.140607801319785
complex_total,2054,-0.9007775020028355,-19.21170657304257
complex_total,2055,-1.0032735420994048,-50.79206855996421
complex_total,2056,-1.8961423078758455,-36.83898329884153
complex_total,2057,-0.8483834967767341,-24.323279468121513
complex_total,2058,-1.2161942915462667,-25.936565383038264
complex_total,2059,-1.8961423078758455,-36.83898329884153
complex_total,2060,0.0597714461825507,26.203020733675412
complex_total,2061,-1.8622531995718083,-47.866249854101085
complex_total,2062,0.0597714461825507,26.203020733675412
complex_total,2063,-1.8622531995718083,-47.866249854101085
complex_total,2064,-1.9726834332263192,-56.02199369513258
complex_total,2065,-1.8961423078758455,-36.83898329884153
complex_total,2066,-0.3408608142201819,-17.095306498427785
complex_total,2067,-2.0350149357843192,-13.000524010664083
complex_total,2068,0.17600315492980823,-0.8882028501007255
complex_total,2069,0.6591999069903283,-24.48496319908088
complex_total,2070,0.17600315492980823,-0.8882028501007255
complex_total,2071,-0.9037342695242884,-28.140607801319785
complex_total,2072,-0.3408608142201819,-17.095306498427785
complex_total,2073,-1.8961423078758455,-36.83898329884153
complex_total,2074,-1.8622531995718083,-47.866249854101085
complex_total,2075,-0.5155806338395531,142.1085906649845
complex_total,2076,-0.5155806338395531,142.1085906649845
complex_total,2077,0.17600315492980823,-0.8882028501007255
complex_total,2078,-0.3408608142201819,-17.095306498427785
complex_total,2079,-0.019973909691869185,-12.363480206440094
complex_total,2080,0.7291757661069176,2.2372023607312848
complex_total,2081,-2.0350149357843192,-13.000524010664083
complex_total,2082,0.0597714461825507,26.203020733675412
complex_total,2083,-1.8622531995718083,-47.866249854101085
complex_total,2084,-1.9726834332263192,-56.02199369513258
complex_total,2085,-1.9726834332263192,-56.02199369513258
complex_total,2086,-1.8622531995718083,-47.866249854101085
complex_total,2087,-0.8483834967767341,-24.323279468121513
complex_total,2088,0.0597714461825507,26.203020733675412
complex_total,2089,0.17600315492980823,-0.8882028501007255
complex_total,2090,-0.8483834967767341,-24.323279468121513
complex_total,2091,-0.9007775020028355,-19.21170657304257
complex_total,2092,0.17600315492980823,-0.8882028501007255
complex_total,2093,0.17600315492980823,-0.8882028501007255
complex_total,2094,0.7291757661069176,2.2372023607312848
complex_total,2095,-0.9007775020028355,-19.21170657304257
complex_total,2096,-0.3408608142201819,-17.095306498427785
complex_total,2097,-1.2161942915462667,-25.936565383038264
complex_total,2098,-1.4034453187297427,-22.013914694867083
complex_total,2099,-3.0938892080527847,-20.471364507733686
complex_total,2100,-0.3408608142201819,-17.095306498427785
complex_total,2101,-1.4034453187297427,-22.013914694867083
complex_total,2102,-2.0350149357843192,-13.000524010664083
complex_total,2103,0.6591999069903283,-24.48496319908088
complex_total,2104,-1.408691622842758,-73.11254949492694
complex_total,2105,0.0597714461825507,26.203020733675412
complex_total,2106,-0.3408608142201819,-17.095306498427785
complex_total,2107,-0.8483834967767341,-24.323279468121513
complex_total,2108,-1.8622531995718083,-47.866249854101085
complex_total,2109,-1.4034453187297427,-22.013914694867083
complex_total,2110,-0.5155806338395531,142.1085906649845
complex_total,2111,-1.9726834332263192,-56.02199369513258
complex_total,2112,-1.408691622842758,-73.11254949492694
complex_total,2113,0.7291757661069176,2.2372023607312848
complex_total,2114,-1.0032735420994048,-50.79206855996421
complex_total,2115,0.6591999069903283,-24.48496319908088
complex_total,2116,-0.3408608142201819,-17.095306498427785
complex_total,2117,-1.8961423078758455,-36.83898329884153
complex_total,2118,-0.9007775020028355,-19.21170657304257
complex_total,2119,-0.5155806338395531,142.1085906649845
complex_total,2120,0.0597714461825507,26.203020733675412
complex_total,2121,0.6591999069903283,-24.48496319908088
complex_total,2122,-0.8483834967767341,-24.323279468121513
complex_total,2123,-0.5155806338395531,142.1085906649845
complex_total,2124,0.17600315492980823,-0.8882028501007255
complex_total,2125,-1.4034453187297427,-22.013914694867083
complex_total,2126,-1.8961423078758455,-36.83898329884153
complex_total,2127,-0.9037342695242884,-28.140607801319785
complex_total,2128,0.0597714461825507,26.203020733675412
complex_total,2129,-1.2161942915462667,-25.936565383038264
complex_total,2130,-0.5155806338395531,142.1085906649845
complex_total,2131,-1.408691622842758,-73.11254949492694
complex_total,2132,-1.8622531995718083,-47.866249854101085
complex_total,2133,-0.5155806338395531,142.1085906649845
complex_total,2134,0.17600315492980823,-0.8882028501007255
complex_total,2135,-0.9037342695242884,-28.140607801319785
complex_total,2136,0.6591999069903283,-24.48496319908088
complex_total,2137,-1.0032735420994048,-50.79206855996421
complex_total,2138,-0.9007775020028355,-19.21170657304257
complex_total,2139,-1.8961423078758455,-36.83898329884153
complex_total,2140,0.17600315492980823,-0.8882028501007255
complex_total,2141,-0.019973909691869185,-12.363480206440094
complex_total,2142,-0.3408608142201819,-17.095306498427785
complex_total,2143,-1.4034453187297427,-22.013914694867083
complex_total,2144,-3.0938892080527847,-20.471364507733686
complex_total,2145,-1.8961423078758455,-36.83898329884153
complex_total,2146,-3.0938892080527847,-20.471364507733686
complex_total,2147,-1.408691622842758,-73.11254949492694
complex_total,2148,-1.4034453187297427,-22.013914694867083
complex_total,2149,0.6591999069903283,-24.48496319908088
complex_total,2150,0.17600315492980823,-0.8882028501007255
complex_total,2151,-1.8622531995718083,-47.866249854101085
complex_total,2152,-1.4034453187297427,-22.013914694867083
complex_total,2153,0.7291757661069176,2.2372023607312848
complex_total,2154,-1.0032735420994048,-50.79206855996421
complex_total,2155,-0.9007775020028355,-19.21170657304257
complex_total,2156,-0.3408608142201819,-17.095306498427785
complex_total,2157,-0.9007775020028355,-19.21170657304257
complex_total,2158,-0.5155806338395531,142.1085906649845
complex_total,2159,-1.9726834332263192,-56.02199369513258
complex_total,2160,-2.0350149357843192,-13.000524010664083
complex_total,2161,-0.9007775020028355,-19.21170657304257
complex_total,2162,0.7291757661069176,2.2372023607312848
complex_total,2163,-1.2161942915462667,-25.936565383038264
complex_total,2164,-1.9726834332263192,-56.02199369513258
complex_total,2165,0.6591999069903283,-24.48496319908088
complex_total,2166,-1.408691622842758,-73.11254949492694
complex_total,2167,-0.5155806338395531,142.1085906649845
complex_total,2168,-1.4034453187297427,-22.013914694867083
complex_total,2169,-1.408691622842758,-73.11254949492694
complex_total,2170,0.0597714461825507,26.203020733675412
complex_total,2171,-1.8622531995718083,-47.866249854101085
complex_total,2172,0.17600315492980823,-0.8882028501007255
complex_total,2173,-0.9007775020028355,-19.21170657304257
complex_total,2174,-1.8961423078758455,-36.83898329884153
complex_total,2175,-2.0350149357843192,-13.000524010664083
complex_total,2176,-3.0938892080527847,-20.471364507733686
complex_total,2177,-0.3408608142201819,-17.095306498427785
complex_total,2178,-0.3408608142201819,-17.095306498427785
complex_total,2179,-0.9037342695242884,-28.140607801319785
complex_total,2180,0.0597714461825507,26.203020733675412
complex_total,2181,-1.8622531995718083,-47.866249854101085
complex_total,2182,-1.2161942915462667,-25.936565383038264
complex_total,2183,-0.9007775020028355,-19.21170657304257
complex_total,2184,-1.0032735420994048,-50.79206855996421
complex_total,2185,-3.0938892080527847,-20.471364507733686
complex_total,2186,0.6591999069903283,-24.48496319908088
complex_total,2187,-3.0938892080527847,-20.471364507733686
complex_total,2188,-0.3408608142201819,-17.095306498427785
complex_total,2189,0.7291757661069176,2.2372023607312848
complex_total,2190,0.6591999069903283,-24.48496319908088
complex_total,2191,-2.0350149357843192,-13.000524010664083
complex_total,2192,-1.4034453187297427,-22.013914694867083
complex_total,2193,-1.0032735420994048,-50.79206855996421
complex_total,2194,0.7291757661069176,2.2372023607312848
complex_total,2195,-1.8622531995718083,-47.866249854101085
complex_total,2196,-1.0032735420994048,-50.79206855996421
complex_total,2197,-1.408691622842758,-73.11254949492694
complex_total,2198,-1.4034453187297427,-22.013914694867083
complex_total,2199,-0.9037342695242884,-28.140607801319785
complex_total,2200,-0.019973909691869185,-12.363480206440094
complex_total,2201,-0.3408608142201819,-17.095306498427785
complex_total,2202,-1.2161942915462667,-25.936565383038264
complex_total,2203,-0.5155806338395531,142.1085906649845
complex_total,2204,0.6591999069903283,-24.48496319908088
complex_total,2205,0.7291757661069176,2.2372023607312848
complex_total,2206,-0.9007775020028355,-19.21170657304257
complex_total,2207,0.7291757661069176,2.2372023607312848
complex_total,2208,-1.0032735420994048,-50.79206855996421
complex_total,2209,-1.9726834332263192,-56.02199369513258
complex_total,2210,-0.8483834967767341,-24.323279468121513
complex_total,2211,-1.4034453187297427,-22.013914694867083
complex_total,2212,0.17600315492980823,-0.8882028501007255
complex_total,2213,-1.8622531995718083,-47.866249854101085
complex_total,2214,0.17600315492980823,-0.8882028501007255
complex_total,2215,0.17600315492980823,-0.8882028501007255
complex_total,2216,-0.8483834967767341,-24.323279468121513
complex_total,2217,0.7291757661069176,2.2372023607312848
complex_total,2218,-1.0032735420994048,-50.79206855996421
complex_total,2219,-1.0032735420994048,-50.79206855996421
complex_total,2220,-0.019973909691869185,-12.363480206440094
complex_total,2221,-0.5155806338395531,142.1085906649845
complex_total,2222,0.7291757661069176,2.2372023607312848
complex_total,2223,0.6591999069903283,-24.48496319908088
complex_total,2224,-0.8483834967767341,-24.323279468121513
complex_total,2225,0.0597714461825507,26.203020733675412
complex_total,2226,-0.019973909691869185,-12.363480206440094
complex_total,2227,-1.8961423078758455,-36.83898329884153
complex_total,2228,0.6591999069903283,-24.48496319908088
complex_total,2229,-1.0032735420994048,-50.79206855996421
complex_total,2230,0.6591999069903283,-24.48496319908088
complex_total,2231,-2.0350149357843192,-13.000524010664083
complex_total,2232,0.7291757661069176,2.2372023607312848
complex_total,2233,-0.3408608142201819,-17.095306498427785
complex_total,2234,-0.019973909691869185,-12.363480206440094
complex_total,2235,-1.9726834332263192,-56.02199369513258
complex_total,2236,-3.0938892080527847,-20.471364507733686
complex_total,2237,-1.9726834332263192,-56.02199369513258
complex_total,2238,-1.8961423078758455,-36.83898329884153
complex_total,2239,-3.0938892080527847,-20.471364507733686
complex_total,2240,-3.0938892080527847,-20.471364507733686
complex_total,2241,-2.0350149357843192,-13.000524010664083
complex_total,2242,-2.0350149357843192,-13.000524010664083
complex_total,2243,-3.0938892080527847,-20.471364507733686
complex_total,2244,-1.4034453187297427,-22.013914694867083
complex_total,2245,-1.4034453187297427,-22.013914694867083
complex_total,2246,-0.5155806338395531,142.1085906649845
complex_total,2247,0.0597714461825507,26.203020733675412
complex_total,2248,-2.0350149357843192,-13.000524010664083
complex_total,2249,-1.9726834332263192,-56.02199369513258
complex_total,2250,-3.0938892080527847,-20.471364507733686
complex_total,2251,-0.8483834967767341,-24.323279468121513
complex_total,2252,-3.0938892080527847,-20.471364507733686
complex_total,2253,0.17600315492980823,-0.8882028501007255
complex_total,2254,-3.0938892080527847,-20.471364507733686
complex_total,2255,0.6591999069903283,-24.48496319908088
complex_total,2256,-1.8622531995718083,-47.866249854101085
complex_total,2257,-2.0350149357843192,-13.000524010664083
complex_total,2258,-1.0032735420994048,-50.79206855996421
complex_total,2259,-1.8622531995718083,-47.866249854101085
complex_total,2260,-1.8622531995718083,-47.866249854101085
complex_total,2261,-1.408691622842758,-73.11254949492694
complex_total,2262,-3.0938892080527847,-20.471364507733686
complex_total,2263,-1.8961423078758455,-36.83898329884153
complex_total,2264,-1.2161942915462667,-25.936565383038264
complex_total,2265,-0.3408608142201819,-17.095306498427785
complex_total,2266,-1.408691622842758,-73.11254949492694
complex_total,2267,-0.9037342695242884,-28.140607801319785
complex_total,2268,-0.8483834967767341,-24.323279468121513
complex_total,2269,-1.0032735420994048,-50.79206855996421
complex_total,2270,-3.0938892080527847,-20.471364507733686
complex_total,2271,-0.9007775020028355,-19.21170657304257
complex_total,2272,-2.0350149357843192,-13.000524010664083
complex_total,2273,0.0597714461825507,26.203020733675412
complex_total,2274,-0.019973909691869185,-12.363480206440094
complex_total,2275,-3.0938892080527847,-20.471364507733686
complex_total,2276,-0.9037342695242884,-28.140607801319785
complex_total,2277,-0.9007775020028355,-19.21170657304257
complex_total,2278,-1.2161942915462667,-25.936565383038264
complex_total,2279,-0.019973909691869185,-12.363480206440094
complex_total,2280,0.0597714461825507,26.203020733675412
complex_total,2281,0.0597714461825507,26.203020733675412
complex_total,2282,-0.3408608142201819,-17.095306498427785
complex_total,2283,-3.0938892080527847,-20.471364507733686
complex_total,2284,-2.0350149357843192,-13.000524010664083
complex_total,2285,0.0597714461825507,26.203020733675412
complex_total,2286,0.17600315492980823,-0.8882028501007255
complex_total,2287,-2.0350149357843192,-13.000524010664083
complex_total,2288,-1.8622531995718083,-47.866249854101085
complex_total,2289,-3.0938892080527847,-20.471364507733686
complex_total,2290,-1.9726834332263192,-56.02199369513258
complex_total,2291,-0.9037342695242884,-28.140607801319785
complex_total,2292,0.17600315492980823,-0.8882028501007255
complex_total,2293,-3.0938892080527847,-20.471364507733686
complex_total,2294,-1.8961423078758455,-36.83898329884153
complex_total,2295,-0.9007775020028355,-19.21170657304257
complex_total,2296,-2.0350149357843192,-13.000524010664083
complex_total,2297,-1.8622531995718083,-47.866249854101085
complex_total,2298,-0.9037342695242884,-28.140607801319785
complex_total,2299,0.6591999069903283,-24.48496319908088
complex_total,2300,-1.2161942915462667,-25.936565383038264
complex_total,2301,-0.8483834967767341,-24.323279468121513
complex_total,2302,0.17600315492980823,-0.8882028501007255
complex_total,2303,-0.019973909691869185,-12.363480206440094
complex_total,2304,-1.0032735420994048,-50.79206855996421
complex_total,2305,0.17600315492980823,-0.8882028501007255
complex_total,2306,-2.0350149357843192,-13.000524010664083
complex_total,2307,0.6591999069903283,-24.48496319908088
complex_total,2308,0.17600315492980823,-0.8882028501007255
complex_total,2309,0.6591999069903283,-24.48496319908088
complex_total,2310,-0.8483834967767341,-24.323279468121513
complex_total,2311,-1.2161942915462667,-25.936565383038264
complex_total,2312,0.17600315492980823,-0.8882028501007255
complex_total,2313,-1.8961423078758455,-36.83898329884153
complex_total,2314,-1.8961423078758455,-36.83898329884153
complex_total,2315,0.0597714461825507,26.203020733675412
complex_total,2316,-1.408691622842758,-73.11254949492694
complex_total,2317,-3.0938892080527847,-20.471364507733686
complex_total,2318,-1.0032735420994048,-50.79206855996421
complex_total,2319,-1.8622531995718083,-47.866249854101085
complex_total,2320,-1.0032735420994048,-50.79206855996421
complex_total,2321,-0.5155806338395531,142.1085906649845
complex_total,2322,-0.8483834967767341,-24.323279468121513
complex_total,2323,-1.408691622842758,-73.11254949492694
complex_total,2324,0.0597714461825507,26.203020733675412
complex_total,2325,-1.9726834332263192,-56.02199369513258
complex_total,2326,-2.0350149357843192,-13.000524010664083
complex_total,2327,-1.8961423078758455,-36.83898329884153
complex_total,2328,0.0597714461825507,26.203020733675412
complex_total,2329,-2.0350149357843192,-13.000524010664083
complex_total,2330,-2.0350149357843192,-13.000524010664083
complex_total,2331,-0.5155806338395531,142.1085906649845
complex_total,2332,-2.0350149357843192,-13.000524010664083
complex_total,2333,0.17600315492980823,-0.8882028501007255
complex_total,2334,-1.0032735420994048,-50.79206855996421
complex_total,2335,-1.8961423078758455,-36.83898329884153
complex_total,2336,-1.8622531995718083,-47.866249854101085
complex_total,2337,-1.8622531995718083,-47.866249854101085
complex_total,2338,-0.9007775020028355,-19.21170657304257
complex_total,2339,-3.0938892080527847,-20.471364507733686
complex_total,2340,-1.9726834332263192,-56.02199369513258
complex_total,2341,-1.8961423078758455,-36.83898329884153
complex_total,2342,0.7291757661069176,2.2372023607312848
complex_total,2343,-0.019973909691869185,-12.363480206440094
complex_total,2344,-3.0938892080527847,-20.471364507733686
complex_total,2345,0.0597714461825507,26.203020733675412
complex_total,2346,-1.8622531995718083,-47.866249854101085
complex_total,2347,-0.5155806338395531,142.1085906649845
complex_total,2348,-0.3408608142201819,-17.095306498427785
complex_total,2349,-1.4034453187297427,-22.013914694867083
complex_total,2350,-3.0938892080527847,-20.471364507733686
complex_total,2351,-0.5155806338395531,142.1085906649845
complex_total,2352,0.6591999069903283,-24.48496319908088
complex_total,2353,0.0597714461825507,26.203020733675412
complex_total,2354,-0.9007775020028355,-19.21170657304257
complex_total,2355,-0.8483834967767341,-24.323279468121513
complex_total,2356,-0.9007775020028355,-19.21170657304257
complex_total,2357,-0.5155806338395531,142.1085906649845
complex_total,2358,-0.9007775020028355,-19.21170657304257
complex_total,2359,-1.4034453187297427,-22.013914694867083
complex_total,2360,0.0597714461825507,26.203020733675412
complex_total,2361,-0.9037342695242884,-28.140607801319785
complex_total,2362,0.7291757661069176,2.2372023607312848
complex_total,2363,-0.9007775020028355,-19.21170657304257
complex_total,2364,0.17600315492980823,-0.8882028501007255
complex_total,2365,-1.0032735420994048,-50.79206855996421
complex_total,2366,0.17600315492980823,-0.8882028501007255
complex_total,2367,-0.019973909691869185,-12.363480206440094
complex_total,2368,-1.0032735420994048,-50.79206855996421
complex_total,2369,-1.8961423078758455,-36.83898329884153
complex_total,2370,-1.2161942915462667,-25.936565383038264
complex_total,2371,0.17600315492980823,-0.8882028501007255
complex_total,2372,-0.9037342695242884,-28.140607801319785
complex_total,2373,0.7291757661069176,2.2372023607312848
complex_total,2374,-1.0032735420994048,-50.79206855996421
complex_total,2375,-0.019973909691869185,-12.363480206440094
complex_total,2376,-0.8483834967767341,-24.323279468121513
complex_total,2377,0.17600315492980823,-0.8882028501007255
complex_total,2378,-1.8961423078758455,-36.83898329884153
complex_total,2379,0.6591999069903283,-24.48496319908088
complex_total,2380,-0.019973909691869185,-12.363480206440094
complex_total,2381,-1.8622531995718083,-47.866249854101085
complex_total,2382,-3.0938892080527847,-20.471364507733686
complex_total,2383,-1.9726834332263192,-56.02199369513258
complex_total,2384,-0.3408608142201819,-17.095306498427785
complex_total,2385,-1.8622531995718083,-47.866249854101085
complex_total,2386,0.17600315492980823,-0.8882028501007255
complex_total,2387,0.7291757661069176,2.2372023607312848
complex_total,2388,0.0597714461825507,26.203020733675412
complex_total,2389,-3.0938892080527847,-20.471364507733686
complex_total,2390,-2.0350149357843192,-13.000524010664083
complex_total,2391,-1.4034453187297427,-22.013914694867083
complex_total,2392,-0.3408608142201819,-17.095306498427785
complex_total,2393,-0.9037342695242884,-28.140607801319785
complex_total,2394,-1.0032735420994048,-50.79206855996421
complex_total,2395,-0.9007775020028355,-19.21170657304257
complex_total,2396,-1.2161942915462667,-25.936565383038264
complex_total,2397,-1.408691622842758,-73.11254949492694
complex_total,2398,0.17600315492980823,-0.8882028501007255
complex_total,2399,0.0597714461825507,26.203020733675412
complex_total,2400,0.0597714461825507,26.203020733675412
complex_total,2401,-0.9037342695242884,-28.140607801319785
complex_total,2402,-2.0350149357843192,-13.000524010664083
complex_total,2403,-1.9726834332263192,-56.02199369513258
complex_total,2404,0.7291757661069176,2.2372023607312848
complex_total,2405,-1.8622531995718083,-47.866249854101085
complex_total,2406,-0.8483834967767341,-24.323279468121513
complex_total,2407,-0.5155806338395531,142.1085906649845
complex_total,2408,-1.0032735420994048,-50.79206855996421
complex_total,2409,-0.8483834967767341,-24.323279468121513
complex_total,2410,-1.8961423078758455,-36.83898329884153
complex_total,2411,-1.8961423078758455,-36.83898329884153
complex_total,2412,-1.8622531995718083,-47.866249854101085
complex_total,2413,-0.9037342695242884,-28.140607801319785
complex_total,2414,-1.0032735420994048,-50.79206855996421
complex_total,2415,-0.8483834967767341,-24.323279468121513
complex_total,2416,-1.8622531995718083,-47.866249854101085
complex_total,2417,-0.3408608142201819,-17.095306498427785
complex_total,2418,-3.0938892080527847,-20.471364507733686
complex_total,2419,-1.8961423078758455,-36.83898329884153
complex_total,2420,-0.9007775020028355,-19.21170657304257
complex_total,2421,-0.3408608142201819,-17.095306498427785
complex_total,2422,-3.0938892080527847,-20.471364507733686
complex_total,2423,-1.8961423078758455,-36.83898329884153
complex_total,2424,0.17600315492980823,-0.8882028501007255
complex_total,2425,-1.2161942915462667,-25.936565383038264
complex_total,2426,-3.0938892080527847,-20.471364507733686
complex_total,2427,-0.019973909691869185,-12.363480206440094
complex_total,2428,-1.408691622842758,-73.11254949492694
complex_total,2429,-2.0350149357843192,-13.000524010664083
complex_total,2430,-1.4034453187297427,-22.013914694867083
complex_total,2431,-0.8483834967767341,-24.323279468121513
complex_total,2432,-1.2161942915462667,-25.936565383038264
complex_total,2433,-1.0032735420994048,-50.79206855996421
complex_total,2434,-1.8961423078758455,-36.83898329884153
complex_total,2435,-1.8622531995718083,-47.866249854101085
complex_total,2436,-3.0938892080527847,-20.471364507733686
complex_total,2437,-0.8483834967767341,-24.323279468121513
complex_total,2438,-0.3408608142201819,-17.095306498427785
complex_total,2439,-0.3408608142201819,-17.095306498427785
complex_total,2440,-0.9007775020028355,-19.21170657304257
complex_total,2441,-0.8483834967767341,-24.323279468121513
complex_total,2442,-1.0032735420994048,-50.79206855996421
complex_total,2443,-0.3408608142201819,-17.095306498427785
complex_total,2444,-0.9037342695242884,-28.140607801319785
complex_total,2445,-1.2161942915462667,-25.936565383038264
complex_total,2446,-0.3408608142201819,-17.095306498427785
complex_total,2447,-0.9037342695242884,-28.140607801319785
complex_total,2448,-1.0032735420994048,-50.79206855996421
complex_total,2449,-0.019973909691869185,-12.363480206440094
complex_total,2450,-2.0350149357843192,-13.000524010664083
complex_total,2451,-0.5155806338395531,142.1085906649845
complex_total,2452,0.7291757661069176,2.2372023607312848
complex_total,2453,-3.0938892080527847,-20.471364507733686
complex_total,2454,-1.9726834332263192,-56.02199369513258
complex_total,2455,-0.9037342695242884,-28.140607801319785
complex_total,2456,0.0597714461825507,26.203020733675412
complex_total,2457,-1.4034453187297427,-22.013914694867083
complex_total,2458,-0.5155806338395531,142.1085906649845
complex_total,2459,-1.8622531995718083,-47.866249854101085
complex_total,2460,0.7291757661069176,2.2372023607312848
complex_total,2461,-1.0032735420994048,-50.79206855996421
complex_total,2462,-1.4034453187297427,-22.013914694867083
complex_total,2463,-0.5155806338395531,142.1085906649845
complex_total,2464,-2.0350149357843192,-13.000524010664083
complex_total,2465,-0.3408608142201819,-17.095306498427785
complex_total,2466,0.7291757661069176,2.2372023607312848
complex_total,2467,-2.0350149357843192,-13.000524010664083
complex_total,2468,0.17600315492980823,-0.8882028501007255
complex_total,2469,-1.0032735420994048,-50.79206855996421
complex_total,2470,0.0597714461825507,26.203020733675412
complex_total,2471,-0.9007775020028355,-19.21170657304257
complex_total,2472,-1.4034453187297427,-22.013914694867083
complex_total,2473,-0.5155806338395531,142.1085906649845
complex_total,2474,-0.019973909691869185,-12.363480206440094
complex_total,2475,0.0597714461825507,26.203020733675412
complex_total,2476,-1.9726834332263192,-56.02199369513258
complex_total,2477,-2.0350149357843192,-13.000524010664083
complex_total,2478,0.6591999069903283,-24.48496319908088
complex_total,2479,-1.0032735420994048,-50.79206855996421
complex_total,2480,-0.9037342695242884,-28.140607801319785
complex_total,2481,-0.8483834967767341,-24.323279468121513
complex_total,2482,-1.2161942915462667,-25.936565383038264
complex_total,2483,-0.9037342695242884,-28.140607801319785
complex_total,2484,-2.0350149357843192,-13.000524010664083
complex_total,2485,-2.0350149357843192,-13.000524010664083
complex_total,2486,-1.8622531995718083,-47.866249854101085
complex_total,2487,-0.9037342695242884,-28.140607801319785
complex_total,2488,-0.9007775020028355,-19.21170657304257
complex_total,2489,-0.9007775020028355,-19.21170657304257
complex_total,2490,-0.5155806338395531,142.1085906649845
complex_total,2491,-1.0032735420994048,-50.79206855996421
complex_total,2492,-0.9007775020028355,-19.21170657304257
complex_total,2493,-0.8483834967767341,-24.323279468121513
complex_total,2494,0.17600315492980823,-0.8882028501007255
complex_total,2495,-2.0350149357843192,-13.000524010664083
complex_total,2496,-0.8483834967767341,-24.323279468121513
complex_total,2497,-0.9007775020028355,-19.21170657304257
complex_total,2498,-0.5155806338395531,142.1085906649845
complex_total,2499,-0.5155806338395531,142.1085906649845
complex_total,2500,-0.019973909691869185,-12.363480206440094
complex_total,2501,-0.8483834967767341,-24.323279468121513
complex_total,2502,-1.8961423078758455,-36.83898329884153
complex_total,2503,-1.4034453187297427,-22.013914694867083
complex_total,2504,-0.3408608142201819,-17.095306498427785
complex_total,2505,-0.5155806338395531,142.1085906649845
complex_total,2506,-1.8622531995718083,-47.866249854101085
complex_total,2507,-0.8483834967767341,-24.323279468121513
complex_total,2508,-0.9007775020028355,-19.21170657304257
complex_total,2509,-2.0350149357843192,-13.000524010664083
complex_total,2510,-0.5155806338395531,142.1085906649845
complex_total,2511,-1.2161942915462667,-25.936565383038264
complex_total,2512,-1.2161942915462667,-25.936565383038264
complex_total,2513,-1.8622531995718083,-47.866249854101085
complex_total,2514,0.7291757661069176,2.2372023607312848
complex_total,2515,-0.3408608142201819,-17.095306498427785
complex_total,2516,0.6591999069903283,-24.48496319908088
complex_total,2517,0.0597714461825507,26.203020733675412
complex_total,2518,-1.8622531995718083,-47.866249854101085
complex_total,2519,0.0597714461825507,26.203020733675412
complex_total,2520,-1.408691622842758,-73.11254949492694
complex_total,2521,-2.0350149357843192,-13.000524010664083
complex_total,2522,-1.408691622842758,-73.11254949492694
complex_total,2523,-0.019973909691869185,-12.363480206440094
complex_total,2524,0.0597714461825507,26.203020733675412
complex_total,2525,-0.5155806338395531,142.1085906649845
complex_total,2526,-0.5155806338395531,142.1085906649845
complex_total,2527,-0.9037342695242884,-28.140607801319785
complex_total,2528,-1.2161942915462667,-25.936565383038264
complex_total,2529,-1.0032735420994048,-50.79206855996421
complex_total,2530,-0.3408608142201819,-17.095306498427785
complex_total,2531,-0.8483834967767341,-24.323279468121513
complex_total,2532,-3.0938892080527847,-20.471364507733686
complex_total,2533,-2.0350149357843192,-13.000524010664083
complex_total,2534,0.7291757661069176,2.2372023607312848
complex_total,2535,-1.8961423078758455,-36.83898329884153
complex_total,2536,0.6591999069903283,-24.48496319908088
complex_total,2537,-1.8622531995718083,-47.866249854101085
complex_total,2538,-2.0350149357843192,-13.000524010664083
complex_total,2539,0.17600315492980823,-0.8882028501007255
complex_total,2540,0.6591999069903283,-24.48496319908088
complex_total,2541,0.6591999069903283,-24.48496319908088
complex_total,2542,-0.8483834967767341,-24.323279468121513
complex_total,2543,-1.9726834332263192,-56.02199369513258
complex_total,2544,-0.5155806338395531,142.1085906649845
complex_total,2545,-0.9007775020028355,-19.21170657304257
complex_total,2546,-0.9037342695242884,-28.140607801319785
complex_total,2547,-0.019973909691869185,-12.363480206440094
complex_total,2548,-2.0350149357843192,-13.000524010664083
complex_total,2549,0.0597714461825507,26.203020733675412
complex_total,2550,-1.9726834332263192,-56.02199369513258
complex_total,2551,-1.408691622842758,-73.11254949492694
complex_total,2552,-0.9037342695242884,-28.140607801319785
complex_total,2553,-0.019973909691869185,-12.363480206440094
complex_total,2554,-1.8622531995718083,-47.866249854101085
complex_total,2555,-0.5155806338395531,142.1085906649845
complex_total,2556,-0.8483834967767341,-24.323279468121513
complex_total,2557,-1.8622531995718083,-47.866249854101085
complex_total,2558,-1.8961423078758455,-36.83898329884153
complex_total,2559,-0.9007775020028355,-19.21170657304257
complex_total,2560,-0.9007775020028355,-19.21170657304257
complex_total,2561,-0.5155806338395531,142.1085906649845
complex_total,2562,-1.8622531995718083,-47.866249854101085
complex_total,2563,0.17600315492980823,-0.8882028501007255
complex_total,2564,0.17600315492980823,-0.8882028501007255
complex_total,2565,0.17600315492980823,-0.8882028501007255
complex_total,2566,-1.408691622842758,-73.11254949492694
complex_total,2567,-1.8622531995718083,-47.866249854101085
complex_total,2568,-1.408691622842758,-73.11254949492694
complex_total,2569,0.0597714461825507,26.203020733675412
complex_total,2570,-0.019973909691869185,-12.363480206440094
complex_total,2571,-1.8622531995718083,-47.866249854101085
complex_total,2572,-1.8961423078758455,-36.83898329884153
complex_total,2573,-0.5155806338395531,142.1085906649845
complex_total,2574,-3.0938892080527847,-20.471364507733686
complex_total,2575,-0.019973909691869185,-12.363480206440094
complex_total,2576,0.7291757661069176,2.2372023607312848
complex_total,2577,0.6591999069903283,-24.48496319908088
complex_total,2578,0.17600315492980823,-0.8882028501007255
complex_total,2579,-1.2161942915462667,-25.936565383038264
complex_total,2580,-0.8483834967767341,-24.323279468121513
complex_total,2581,0.7291757661069176,2.2372023607312848
complex_total,2582,-0.3408608142201819,-17.095306498427785
complex_total,2583,-0.9037342695242884,-28.140607801319785
complex_total,2584,-1.9726834332263192,-56.02199369513258
complex_total,2585,-1.9726834332263192,-56.02199369513258
complex_total,2586,-0.019973909691869185,-12.363480206440094
complex_total,2587,-1.0032735420994048,-50.79206855996421
complex_total,2588,-1.408691622842758,-73.11254949492694
complex_total,2589,-2.0350149357843192,-13.000524010664083
complex_total,2590,-0.019973909691869185,-12.363480206440094
complex_total,2591,-1.0032735420994048,-50.79206855996421
complex_total,2592,-0.3408608142201819,-17.095306498427785
complex_total,2593,-0.5155806338395531,142.1085906649845
complex_total,2594,-0.9007775020028355,-19.21170657304257
complex_total,2595,0.0597714461825507,26.203020733675412
complex_total,2596,-1.4034453187297427,-22.013914694867083
complex_total,2597,-2.0350149357843192,-13.000524010664083
complex_total,2598,-0.3408608142201819,-17.095306498427785
complex_total,2599,-0.3408608142201819,-17.095306498427785
complex_total,2600,-0.019973909691869185,-12.363480206440094
complex_total,2601,0.7291757661069176,2.2372023607312848
complex_total,2602,-2.0350149357843192,-13.000524010664083
complex_total,2603,-1.2161942915462667,-25.936565383038264
complex_total,2604,-0.9007775020028355,-19.21170657304257
complex_total,2605,0.0597714461825507,26.203020733675412
complex_total,2606,-0.9037342695242884,-28.140607801319785
complex_total,2607,-1.8622531995718083,-47.866249854101085
complex_total,2608,-2.0350149357843192,-13.000524010664083
complex_total,2609,-0.9007775020028355,-19.21170657304257
complex_total,2610,-0.9007775020028355,-19.21170657304257
complex_total,2611,-0.8483834967767341,-24.323279468121513
complex_total,2612,-2.0350149357843192,-13.000524010664083
complex_total,2613,-1.8961423078758455,-36.83898329884153
complex_total,2614,-0.019973909691869185,-12.363480206440094
complex_total,2615,-1.408691622842758,-73.11254949492694
complex_total,2616,-1.8622531995718083,-47.866249854101085
complex_total,2617,-0.8483834967767341,-24.323279468121513
complex_total,2618,-1.8622531995718083,-47.866249854101085
complex_total,2619,-0.9007775020028355,-19.21170657304257
complex_total,2620,-3.0938892080527847,-20.471364507733686
complex_total,2621,-0.019973909691869185,-12.363480206440094
complex_total,2622,0.17600315492980823,-0.8882028501007255
complex_total,2623,-0.5155806338395531,142.1085906649845
complex_total,2624,-0.3408608142201819,-17.095306498427785
complex_total,2625,-0.8483834967767341,-24.323279468121513
complex_total,2626,-0.5155806338395531,142.1085906649845
complex_total,2627,-0.019973909691869185,-12.363480206440094
complex_total,2628,0.7291757661069176,2.2372023607312848
complex_total,2629,-1.8622531995718083,-47.866249854101085
complex_total,2630,-0.5155806338395531,142.1085906649845
complex_total,2631,-0.8483834967767341,-24.323279468121513
complex_total,2632,-1.408691622842758,-73.11254949492694
complex_total,2633,-0.3408608142201819,-17.095306498427785
complex_total,2634,-1.4034453187297427,-22.013914694867083
complex_total,2635,0.6591999069903283,-24.48496319908088
complex_total,2636,0.7291757661069176,2.2372023607312848
complex_total,2637,-0.9037342695242884,-28.140607801319785
complex_total,2638,-0.9037342695242884,-28.140607801319785
complex_total,2639,-0.9007775020028355,-19.21170657304257
complex_total,2640,-1.408691622842758,-73.11254949492694
complex_total,2641,-0.5155806338395531,142.1085906649845
complex_total,2642,-0.019973909691869185,-12.363480206440094
complex_total,2643,-1.8622531995718083,-47.866249854101085
complex_total,2644,-0.3408608142201819,-17.095306498427785
complex_total,2645,-1.0032735420994048,-50.79206855996421
complex_total,2646,0.7291757661069176,2.2372023607312848
complex_total,2647,-0.9007775020028355,-19.21170657304257
complex_total,2648,-0.9037342695242884,-28.140607801319785
complex_total,2649,-1.8622531995718083,-47.866249854101085
complex_total,2650,0.17600315492980823,-0.8882028501007255
complex_total,2651,-1.8622531995718083,-47.866249854101085
complex_total,2652,-1.2161942915462667,-25.936565383038264
complex_total,2653,-1.2161942915462667,-25.936565383038264
complex_total,2654,-1.2161942915462667,-25.936565383038264
complex_total,2655,-0.9037342695242884,-28.140607801319785
complex_total,2656,-1.4034453187297427,-22.013914694867083
complex_total,2657,-3.0938892080527847,-20.471364507733686
complex_total,2658,-1.0032735420994048,-50.79206855996421
complex_total,2659,-1.0032735420994048,-50.79206855996421
complex_total,2660,0.17600315492980823,-0.8882028501007255
complex_total,2661,-1.8622531995718083,-47.866249854101085
complex_total,2662,-3.0938892080527847,-20.471364507733686
complex_total,2663,-0.3408608142201819,-17.095306498427785
complex_total,2664,-0.3408608142201819,-17.095306498427785
complex_total,2665,-0.8483834967767341,-24.323279468121513
complex_total,2666,-1.8622531995718083,-47.866249854101085
complex_total,2667,0.7291757661069176,2.2372023607312848
complex_total,2668,-2.0350149357843192,-13.000524010664083
complex_total,2669,0.17600315492980823,-0.8882028501007255
complex_total,2670,-1.8622531995718083,-47.866249854101085
complex_total,2671,-1.0032735420994048,-50.79206855996421
complex_total,2672,0.0597714461825507,26.203020733675412
complex_total,2673,-1.2161942915462667,-25.936565383038264
complex_total,2674,-3.0938892080527847,-20.471364507733686
complex_total,2675,-2.0350149357843192,-13.000524010664083
complex_total,2676,0.6591999069903283,-24.48496319908088
complex_total,2677,0.0597714461825507,26.203020733675412
complex_total,2678,-0.9007775020028355,-19.21170657304257
complex_total,2679,-0.019973909691869185,-12.363480206440094
complex_total,2680,-0.9037342695242884,-28.140607801319785
complex_total,2681,-1.9726834332263192,-56.02199369513258
complex_total,2682,0.17600315492980823,-0.8882028501007255
complex_total,2683,-1.4034453187297427,-22.013914694867083
complex_total,2684,-0.9007775020028355,-19.21170657304257
complex_total,2685,0.17600315492980823,-0.8882028501007255
complex_total,2686,-0.3408608142201819,-17.095306498427785
complex_total,2687,-0.9037342695242884,-28.140607801319785
complex_total,2688,0.7291757661069176,2.2372023607312848
complex_total,2689,-0.8483834967767341,-24.323279468121513
complex_total,2690,-2.0350149357843192,-13.000524010664083
complex_total,2691,-0.9037342695242884,-28.140607801319785
complex_total,2692,-1.9726834332263192,-56.02199369513258
complex_total,2693,-1.9726834332263192,-56.02199369513258
complex_total,2694,-0.019973909691869185,-12.363480206440094
complex_total,2695,0.0597714461825507,26.203020733675412
complex_total,2696,-1.8961423078758455,-36.83898329884153
complex_total,2697,-0.019973909691869185,-12.363480206440094
complex_total,2698,-1.8622531995718083,-47.866249854101085
complex_total,2699,-1.8961423078758455,-36.83898329884153
complex_total,2700,-2.0350149357843192,-13.000524010664083
complex_total,2701,-0.3408608142201819,-17.095306498427785
complex_total,2702,-1.4034453187297427,-22.013914694867083
complex_total,2703,-0.9007775020028355,-19.21170657304257
complex_total,2704,-1.9726834332263192,-56.02199369513258
complex_total,2705,0.17600315492980823,-0.8882028501007255
complex_total,2706,-3.0938892080527847,-20.471364507733686
complex_total,2707,-1.408691622842758,-73.11254949492694
complex_total,2708,-0.9037342695242884,-28.140607801319785
complex_total,2709,0.0597714461825507,26.203020733675412
complex_total,2710,-0.8483834967767341,-24.323279468121513
complex_total,2711,-0.019973909691869185,-12.363480206440094
complex_total,2712,-0.5155806338395531,142.1085906649845
complex_total,2713,-1.0032735420994048,-50.79206855996421
complex_total,2714,-0.8483834967767341,-24.323279468121513
complex_total,2715,-0.8483834967767341,-24.323279468121513
complex_total,2716,-1.9726834332263192,-56.02199369513258
complex_total,2717,-0.019973909691869185,-12.363480206440094
complex_total,2718,0.6591999069903283,-24.48496319908088
complex_total,2719,-1.4034453187297427,-22.013914694867083
complex_total,2720,-0.9037342695242884,-28.140607801319785
complex_total,2721,-3.0938892080527847,-20.471364507733686
complex_total,2722,-1.0032735420994048,-50.79206855996421
complex_total,2723,-1.2161942915462667,-25.936565383038264
complex_total,2724,-0.9007775020028355,-19.21170657304257
complex_total,2725,-1.408691622842758,-73.11254949492694
complex_total,2726,0.7291757661069176,2.2372023607312848
complex_total,2727,-0.3408608142201819,-17.095306498427785
complex_total,2728,-0.019973909691869185,-12.363480206440094
complex_total,2729,0.0597714461825507,26.203020733675412
complex_total,2730,0.6591999069903283,-24.48496319908088
complex_total,2731,-1.2161942915462667,-25.936565383038264
complex_total,2732,-1.408691622842758,-73.11254949492694
complex_total,2733,-1.8622531995718083,-47.866249854101085
complex_total,2734,-0.3408608142201819,-17.095306498427785
complex_total,2735,-1.9726834332263192,-56.02199369513258
complex_total,2736,-0.5155806338395531,142.1085906649845
complex_total,2737,-1.8622531995718083,-47.866249854101085
complex_total,2738,-1.8961423078758455,-36.83898329884153
complex_total,2739,-1.4034453187297427,-22.013914694867083
complex_total,2740,-3.0938892080527847,-20.471364507733686
complex_total,2741,0.7291757661069176,2.2372023607312848
complex_total,2742,-1.408691622842758,-73.11254949492694
complex_total,2743,-0.019973909691869185,-12.363480206440094
complex_total,2744,-1.9726834332263192,-56.02199369513258
complex_total,2745,-0.019973909691869185,-12.363480206440094
complex_total,2746,-1.2161942915462667,-25.936565383038264
complex_total,2747,-1.0032735420994048,-50.79206855996421
complex_total,2748,-1.2161942915462667,-25.936565383038264
complex_total,2749,-3.0938892080527847,-20.471364507733686
complex_total,2750,-1.0032735420994048,-50.79206855996421
complex_total,2751,-1.4034453187297427,-22.013914694867083
complex_total,2752,-0.3408608142201819,-17.095306498427785
complex_total,2753,0.6591999069903283,-24.48496319908088
complex_total,2754,-0.019973909691869185,-12.363480206440094
complex_total,2755,-1.8961423078758455,-36.83898329884153
complex_total,2756,-1.8961423078758455,-36.83898329884153
complex_total,2757,-1.8622531995718083,-47.866249854101085
complex_total,2758,-2.0350149357843192,-13.000524010664083
complex_total,2759,-1.408691622842758,-73.11254949492694
complex_total,2760,0.17600315492980823,-0.8882028501007255
complex_total,2761,-0.8483834967767341,-24.323279468121513
complex_total,2762,-0.9007775020028355,-19.21170657304257
complex_total,2763,-0.5155806338395531,142.1085906649845
complex_total,2764,-3.0938892080527847,-20.471364507733686
complex_total,2765,0.0597714461825507,26.203020733675412
complex_total,2766,0.7291757661069176,2.2372023607312848
complex_total,2767,-1.2161942915462667,-25.936565383038264
complex_total,2768,0.6591999069903283,-24.48496319908088
complex_total,2769,-0.019973909691869185,-12.363480206440094
complex_total,2770,0.0597714461825507,26.203020733675412
complex_total,2771,-1.9726834332263192,-56.02199369513258
complex_total,2772,-0.3408608142201819,-17.095306498427785
complex_total,2773,-0.3408608142201819,-17.095306498427785
complex_total,2774,-1.0032735420994048,-50.79206855996421
complex_total,2775,-1.9726834332263192,-56.02199369513258
complex_total,2776,-1.4034453187297427,-22.013914694867083
complex_total,2777,0.6591999069903283,-24.48496319908088
complex_total,2778,-1.8622531995718083,-47.866249854101085
complex_total,2779,0.6591999069903283,-24.48496319908088
complex_total,2780,0.17600315492980823,-0.8882028501007255
complex_total,2781,-0.8483834967767341,-24.323279468121513
complex_total,2782,-0.019973909691869185,-12.363480206440094
complex_total,2783,-2.0350149357843192,-13.000524010664083
complex_total,2784,-0.019973909691869185,-12.363480206440094
complex_total,2785,0.6591999069903283,-24.48496319908088
complex_total,2786,-2.0350149357843192,-13.000524010664083
complex_total,2787,-1.9726834332263192,-56.02199369513258
complex_total,2788,-1.8622531995718083,-47.866249854101085
complex_total,2789,0.0597714461825507,26.203020733675412
complex_total,2790,0.6591999069903283,-24.48496319908088
complex_total,2791,-0.019973909691869185,-12.363480206440094
complex_total,2792,-1.8961423078758455,-36.83898329884153
complex_total,2793,-1.8961423078758455,-36.83898329884153
complex_total,2794,-1.408691622842758,-73.11254949492694
complex_total,2795,-0.5155806338395531,142.1085906649845
complex_total,2796,-0.9037342695242884,-28.140607801319785
complex_total,2797,-0.019973909691869185,-12.363480206440094
complex_total,2798,0.17600315492980823,-0.8882028501007255
complex_total,2799,-1.8961423078758455,-36.83898329884153
complex_total,2800,0.17600315492980823,-0.8882028501007255
complex_total,2801,0.0597714461825507,26.203020733675412
complex_total,2802,-1.8961423078758455,-36.83898329884153
complex_total,2803,-0.8483834967767341,-24.323279468121513
complex_total,2804,-0.9007775020028355,-19.21170657304257
complex_total,2805,-3.0938892080527847,-20.471364507733686
complex_total,2806,-0.9037342695242884,-28.140607801319785
complex_total,2807,-1.9726834332263192,-56.02199369513258
complex_total,2808,-1.9726834332263192,-56.02199369513258
complex_total,2809,-0.3408608142201819,-17.095306498427785
complex_total,2810,-0.019973909691869185,-12.363480206440094
complex_total,2811,-0.3408608142201819,-17.095306498427785
complex_total,2812,-0.9007775020028355,-19.21170657304257
complex_total,2813,-1.8961423078758455,-36.83898329884153
complex_total,2814,-0.3408608142201819,-17.095306498427785
complex_total,2815,-0.8483834967767341,-24.323279468121513
complex_total,2816,0.6591999069903283,-24.48496319908088
complex_total,2817,-1.0032735420994048,-50.79206855996421
complex_total,2818,-0.019973909691869185,-12.363480206440094
complex_total,2819,-0.9037342695242884,-28.140607801319785
complex_total,2820,-2.0350149357843192,-13.000524010664083
complex_total,2821,-0.3408608142201819,-17.095306498427785
complex_total,2822,0.0597714461825507,26.203020733675412
complex_total,2823,-3.0938892080527847,-20.471364507733686
complex_total,2824,-0.5155806338395531,142.1085906649845
complex_total,2825,-0.3408608142201819,-17.095306498427785
complex_total,2826,-1.8622531995718083,-47.866249854101085
complex_total,2827,-0.019973909691869185,-12.363480206440094
complex_total,2828,-1.408691622842758,-73.11254949492694
complex_total,2829,-1.2161942915462667,-25.936565383038264
complex_total,2830,-0.5155806338395531,142.1085906649845
complex_total,2831,-1.0032735420994048,-50.79206855996421
complex_total,2832,-1.8961423078758455,-36.83898329884153
complex_total,2833,-0.5155806338395531,142.1085906649845
complex_total,2834,-1.8961423078758455,-36.83898329884153
complex_total,2835,-0.5155806338395531,142.1085906649845
complex_total,2836,-0.9037342695242884,-28.140607801319785
complex_total,2837,-1.2161942915462667,-25.936565383038264
complex_total,2838,-1.4034453187297427,-22.013914694867083
complex_total,2839,-1.2161942915462667,-25.936565383038264
complex_total,2840,-0.019973909691869185,-12.363480206440094
complex_total,2841,-0.019973909691869185,-12.363480206440094
complex_total,2842,-3.0938892080527847,-20.471364507733686
complex_total,2843,-3.0938892080527847,-20.471364507733686
complex_total,2844,-0.5155806338395531,142.1085906649845
complex_total,2845,-1.8622531995718083,-47.866249854101085
complex_total,2846,-1.408691622842758,-73.11254949492694
complex_total,2847,-1.4034453187297427,-22.013914694867083
complex_total,2848,-1.9726834332263192,-56.02199369513258
complex_total,2849,-1.2161942915462667,-25.936565383038264
complex_total,2850,-1.9726834332263192,-56.02199369513258
complex_total,2851,0.6591999069903283,-24.48496319908088
complex_total,2852,0.17600315492980823,-0.8882028501007255
complex_total,2853,-1.8622531995718083,-47.866249854101085
complex_total,2854,0.7291757661069176,2.2372023607312848
complex_total,2855,0.17600315492980823,-0.8882028501007255
complex_total,2856,-1.2161942915462667,-25.936565383038264
complex_total,2857,-3.0938892080527847,-20.471364507733686
complex_total,2858,-1.9726834332263192,-56.02199369513258
complex_total,2859,-1.4034453187297427,-22.013914694867083
complex_total,2860,-1.4034453187297427,-22.013914694867083
complex_total,2861,-3.0938892080527847,-20.471364507733686
complex_total,2862,-1.9726834332263192,-56.02199369513258
complex_total,2863,-0.8483834967767341,-24.323279468121513
complex_total,2864,-3.0938892080527847,-20.471364507733686
complex_total,2865,0.7291757661069176,2.2372023607312848
complex_total,2866,-0.5155806338395531,142.1085906649845
complex_total,2867,-1.408691622842758,-73.11254949492694
complex_total,2868,-0.8483834967767341,-24.323279468121513
complex_total,2869,-0.5155806338395531,142.1085906649845
complex_total,2870,-1.9726834332263192,-56.02199369513258
complex_total,2871,-1.408691622842758,-73.11254949492694
complex_total,2872,0.7291757661069176,2.2372023607312848
complex_total,2873,-1.0032735420994048,-50.79206855996421
complex_total,2874,-3.0938892080527847,-20.471364507733686
complex_total,2875,-1.408691622842758,-73.11254949492694
complex_total,2876,0.6591999069903283,-24.48496319908088
complex_total,2877,0.7291757661069176,2.2372023607312848
complex_total,2878,0.17600315492980823,-0.8882028501007255
complex_total,2879,-1.9726834332263192,-56.02199369513258
complex_total,2880,-1.4034453187297427,-22.013914694867083
complex_total,2881,0.0597714461825507,26.203020733675412
complex_total,2882,0.0597714461825507,26.203020733675412
complex_total,2883,-1.0032735420994048,-50.79206855996421
complex_total,2884,-1.2161942915462667,-25.936565383038264
complex_total,2885,-0.8483834967767341,-24.323279468121513
complex_total,2886,-1.8961423078758455,-36.83898329884153
complex_total,2887,-2.0350149357843192,-13.000524010664083
complex_total,2888,-0.5155806338395531,142.1085906649845
complex_total,2889,-1.408691622842758,-73.11254949492694
complex_total,2890,-1.4034453187297427,-22.013914694867083
complex_total,2891,0.7291757661069176,2.2372023607312848
complex_total,2892,-0.9037342695242884,-28.140607801319785
complex_total,2893,0.7291757661069176,2.2372023607312848
complex_total,2894,-2.0350149357843192,-13.000524010664083
complex_total,2895,0.0597714461825507,26.203020733675412
complex_total,2896,-3.0938892080527847,-20.471364507733686
complex_total,2897,-1.8961423078758455,-36.83898329884153
complex_total,2898,-0.9037342695242884,-28.140607801319785
complex_total,2899,0.0597714461825507,26.203020733675412
complex_total,2900,0.0597714461825507,26.203020733675412
complex_total,2901,-0.019973909691869185,-12.363480206440094
complex_total,2902,-1.408691622842758,-73.11254949492694
complex_total,2903,-1.0032735420994048,-50.79206855996421
complex_total,2904,-0.9037342695242884,-28.140607801319785
complex_total,2905,-0.019973909691869185,-12.363480206440094
complex_total,2906,-0.8483834967767341,-24.323279468121513
complex_total,2907,0.7291757661069176,2.2372023607312848
complex_total,2908,0.0597714461825507,26.203020733675412
complex_total,2909,-3.0938892080527847,-20.471364507733686
complex_total,2910,-0.3408608142201819,-17.095306498427785
complex_total,2911,-0.019973909691869185,-12.363480206440094
complex_total,2912,-1.2161942915462667,-25.936565383038264
complex_total,2913,-1.4034453187297427,-22.013914694867083
complex_total,2914,0.17600315492980823,-0.8882028501007255
complex_total,2915,-0.3408608142201819,-17.095306498427785
complex_total,2916,-1.8622531995718083,-47.866249854101085
complex_total,2917,0.6591999069903283,-24.48496319908088
complex_total,2918,-0.9037342695242884,-28.140607801319785
complex_total,2919,-1.4034453187297427,-22.013914694867083
complex_total,2920,-0.5155806338395531,142.1085906649845
complex_total,2921,-1.8622531995718083,-47.866249854101085
complex_total,2922,-1.0032735420994048,-50.79206855996421
complex_total,2923,0.17600315492980823,-0.8882028501007255
complex_total,2924,-1.408691622842758,-73.11254949492694
complex_total,2925,-1.0032735420994048,-50.79206855996421
complex_total,2926,-1.0032735420994048,-50.79206855996421
complex_total,2927,-0.8483834967767341,-24.323279468121513
complex_total,2928,-1.8961423078758455,-36.83898329884153
complex_total,2929,-2.0350149357843192,-13.000524010664083
complex_total,2930,-0.9007775020028355,-19.21170657304257
complex_total,2931,-1.2161942915462667,-25.936565383038264
complex_total,2932,-1.408691622842758,-73.11254949492694
complex_total,2933,-1.4034453187297427,-22.013914694867083
complex_total,2934,-1.408691622842758,-73.11254949492694
complex_total,2935,-1.9726834332263192,-56.02199369513258
complex_total,2936,-0.8483834967767341,-24.323279468121513
complex_total,2937,-3.0938892080527847,-20.471364507733686
complex_total,2938,0.6591999069903283,-24.48496319908088
complex_total,2939,-0.5155806338395531,142.1085906649845
complex_total,2940,-1.2161942915462667,-25.936565383038264
complex_total,2941,-1.0032735420994048,-50.79206855996421
complex_total,2942,-2.0350149357843192,-13.000524010664083
complex_total,2943,0.17600315492980823,-0.8882028501007255
complex_total,2944,-1.4034453187297427,-22.013914694867083
complex_total,2945,-0.3408608142201819,-17.095306498427785
complex_total,2946,0.17600315492980823,-0.8882028501007255
complex_total,2947,-0.8483834967767341,-24.323279468121513
complex_total,2948,-0.5155806338395531,142.1085906649845
complex_total,2949,-1.4034453187297427,-22.013914694867083
complex_total,2950,-1.8622531995718083,-47.866249854101085
complex_total,2951,-3.0938892080527847,-20.471364507733686
complex_total,2952,-1.408691622842758,-73.11254949492694
complex_total,2953,0.0597714461825507,26.203020733675412
complex_total,2954,-1.0032735420994048,-50.79206855996421
complex_total,2955,-0.5155806338395531,142.1085906649845
complex_total,2956,-1.4034453187297427,-22.013914694867083
complex_total,2957,-3.0938892080527847,-20.471364507733686
complex_total,2958,-0.3408608142201819,-17.095306498427785
complex_total,2959,-1.9726834332263192,-56.02199369513258
complex_total,2960,-0.9007775020028355,-19.21170657304257
complex_total,2961,0.0597714461825507,26.203020733675412
complex_total,2962,-1.8622531995718083,-47.866249854101085
complex_total,2963,0.17600315492980823,-0.8882028501007255
complex_total,2964,0.6591999069903283,-24.48496319908088
complex_total,2965,-0.9007775020028355,-19.21170657304257
complex_total,2966,-0.5155806338395531,142.1085906649845
complex_total,2967,-0.9037342695242884,-28.140607801319785
complex_total,2968,-1.408691622842758,-73.11254949492694
complex_total,2969,-0.3408608142201819,-17.095306498427785
complex_total,2970,-0.8483834967767341,-24.323279468121513
complex_total,2971,-0.3408608142201819,-17.095306498427785
complex_total,2972,0.7291757661069176,2.2372023607312848
complex_total,2973,-0.9037342695242884,-28.140607801319785
complex_total,2974,-0.8483834967767341,-24.323279468121513
complex_total,2975,-1.9726834332263192,-56.02199369513258
complex_total,2976,-1.4034453187297427,-22.013914694867083
complex_total,2977,-1.9726834332263192,-56.02199369513258
complex_total,2978,0.0597714461825507,26.203020733675412
complex_total,2979,-1.8961423078758455,-36.83898329884153
complex_total,2980,-0.3408608142201819,-17.095306498427785
complex_total,2981,-1.0032735420994048,-50.79206855996421
complex_total,2982,-0.8483834967767341,-24.323279468121513
complex_total,2983,0.7291757661069176,2.2372023607312848
complex_total,2984,0.7291757661069176,2.2372023607312848
complex_total,2985,-0.9007775020028355,-19.21170657304257
complex_total,2986,-0.5155806338395531,142.1085906649845
complex_total,2987,-1.4034453187297427,-22.013914694867083
complex_total,2988,-0.3408608142201819,-17.095306498427785
complex_total,2989,-0.5155806338395531,142.1085906649845
complex_total,2990,-0.3408608142201819,-17.095306498427785
complex_total,2991,-0.5155806338395531,142.1085906649845
complex_total,2992,-1.4034453187297427,-22.013914694867083
complex_total,2993,-1.0032735420994048,-50.79206855996421
complex_total,2994,0.7291757661069176,2.2372023607312848
complex_total,2995,-0.019973909691869185,-12.363480206440094
complex_total,2996,-0.9007775020028355,-19.21170657304257
complex_total,2997,-1.4034453187297427,-22.013914694867083
complex_total,2998,-1.2161942915462667,-25.936565383038264
complex_total,2999,-0.9037342695242884,-28.140607801319785
complex_total,3000,-0.9037342695242884,-28.140607801319785
complex_total,3001,-2.0350149357843192,-13.000524010664083
complex_total,3002,-0.019973909691869185,-12.363480206440094
complex_total,3003,-0.9037342695242884,-28.140607801319785
complex_total,3004,-1.9726834332263192,-56.02199369513258
complex_total,3005,0.0597714461825507,26.203020733675412
complex_total,3006,-1.8622531995718083,-47.866249854101085
complex_total,3007,0.6591999069903283,-24.48496319908088
complex_total,3008,0.0597714461825507,26.203020733675412
complex_total,3009,-0.5155806338395531,142.1085906649845
complex_total,3010,-1.9726834332263192,-56.02199369513258
complex_total,3011,-0.019973909691869185,-12.363480206440094
complex_total,3012,-1.8622531995718083,-47.866249854101085
complex_total,3013,-1.9726834332263192,-56.02199369513258
complex_total,3014,-0.8483834967767341,-24.323279468121513
complex_total,3015,-0.8483834967767341,-24.323279468121513
complex_total,3016,-0.019973909691869185,-12.363480206440094
complex_total,3017,-0.3408608142201819,-17.095306498427785
complex_total,3018,-3.0938892080527847,-20.471364507733686
complex_total,3019,-0.3408608142201819,-17.095306498427785
complex_total,3020,-1.0032735420994048,-50.79206855996421
complex_total,3021,-1.9726834332263192,-56.02199369513258
complex_total,3022,-1.8961423078758455,-36.83898329884153
complex_total,3023,0.6591999069903283,-24.48496319908088
complex_total,3024,-1.2161942915462667,-25.936565383038264
complex_total,3025,-2.0350149357843192,-13.000524010664083
complex_total,3026,-0.9007775020028355,-19.21170657304257
complex_total,3027,0.17600315492980823,-0.8882028501007255
complex_total,3028,-0.3408608142201819,-17.095306498427785
complex_total,3029,-2.0350149357843192,-13.000524010664083
complex_total,3030,-1.9726834332263192,-56.02199369513258
complex_total,3031,-1.2161942915462667,-25.936565383038264
complex_total,3032,0.17600315492980823,-0.8882028501007255
complex_total,3033,-1.4034453187297427,-22.013914694867083
complex_total,3034,-2.0350149357843192,-13.000524010664083
complex_total,3035,0.17600315492980823,-0.8882028501007255
complex_total,3036,0.7291757661069176,2.2372023607312848
complex_total,3037,0.17600315492980823,-0.8882028501007255
complex_total,3038,0.7291757661069176,2.2372023607312848
complex_total,3039,-0.9037342695242884,-28.140607801319785
complex_total,3040,-0.3408608142201819,-17.095306498427785
complex_total,3041,-3.0938892080527847,-20.471364507733686
complex_total,3042,0.17600315492980823,-0.8882028501007255
complex_total,3043,-1.8961423078758455,-36.83898329884153
complex_total,3044,-1.9726834332263192,-56.02199369513258
complex_total,3045,-1.8961423078758455,-36.83898329884153
complex_total,3046,-1.9726834332263192,-56.02199369513258
complex_total,3047,-1.4034453187297427,-22.013914694867083
complex_total,3048,-0.019973909691869185,-12.363480206440094
complex_total,3049,-0.9007775020028355,-19.21170657304257
complex_total,3050,0.6591999069903283,-24.48496319908088
complex_total,3051,-1.8622531995718083,-47.866249854101085
complex_total,3052,-2.0350149357843192,-13.000524010664083
complex_total,3053,-0.8483834967767341,-24.323279468121513
complex_total,3054,0.6591999069903283,-24.48496319908088
complex_total,3055,0.0597714461825507,26.203020733675412
complex_total,3056,-1.408691622842758,-73.11254949492694
complex_total,3057,-0.019973909691869185,-12.363480206440094
complex_total,3058,0.17600315492980823,-0.8882028501007255
complex_total,3059,0.7291757661069176,2.2372023607312848
complex_total,3060,-0.5155806338395531,142.1085906649845
complex_total,3061,-1.8622531995718083,-47.866249854101085
complex_total,3062,-2.0350149357843192,-13.000524010664083
complex_total,3063,-1.4034453187297427,-22.013914694867083
complex_total,3064,-0.9037342695242884,-28.140607801319785
complex_total,3065,0.6591999069903283,-24.48496319908088
complex_total,3066,-0.9037342695242884,-28.140607801319785
complex_total,3067,-1.0032735420994048,-50.79206855996421
complex_total,3068,-0.8483834967767341,-24.323279468121513
complex_total,3069,-0.019973909691869185,-12.363480206440094
complex_total,3070,-1.8622531995718083,-47.866249854101085
complex_total,3071,-0.019973909691869185,-12.363480206440094
complex_total,3072,0.0597714461825507,26.203020733675412
complex_total,3073,0.6591999069903283,-24.48496319908088
complex_total,3074,-0.3408608142201819,-17.095306498427785
complex_total,3075,0.0597714461825507,26.203020733675412
complex_total,3076,0.6591999069903283,-24.48496319908088
complex_total,3077,-0.019973909691869185,-12.363480206440094
complex_total,3078,0.6591999069903283,-24.48496319908088
complex_total,3079,-1.0032735420994048,-50.79206855996421
complex_total,3080,-1.408691622842758,-73.11254949492694
complex_total,3081,-1.408691622842758,-73.11254949492694
complex_total,3082,0.7291757661069176,2.2372023607312848
complex_total,3083,0.0597714461825507,26.203020733675412
complex_total,3084,0.7291757661069176,2.2372023607312848
complex_total,3085,0.6591999069903283,-24.48496319908088
complex_total,3086,0.6591999069903283,-24.48496319908088
complex_total,3087,-0.9007775020028355,-19.21170657304257
complex_total,3088,-2.0350149357843192,-13.000524010664083
complex_total,3089,0.7291757661069176,2.2372023607312848
complex_total,3090,-1.8961423078758455,-36.83898329884153
complex_total,3091,0.17600315492980823,-0.8882028501007255
complex_total,3092,-0.8483834967767341,-24.323279468121513
complex_total,3093,0.7291757661069176,2.2372023607312848
complex_total,3094,-1.8961423078758455,-36.83898329884153
complex_total,3095,-2.0350149357843192,-13.000524010664083
complex_total,3096,-3.0938892080527847,-20.471364507733686
complex_total,3097,-1.4034453187297427,-22.013914694867083
complex_total,3098,0.6591999069903283,-24.48496319908088
complex_total,3099,0.7291757661069176,2.2372023607312848
complex_total,3100,-1.9726834332263192,-56.02199369513258
complex_total,3101,-0.3408608142201819,-17.095306498427785
complex_total,3102,-0.5155806338395531,142.1085906649845
complex_total,3103,-0.5155806338395531,142.1085906649845
complex_total,3104,-1.4034453187297427,-22.013914694867083
complex_total,3105,-1.4034453187297427,-22.013914694867083
complex_total,3106,-3.0938892080527847,-20.471364507733686
complex_total,3107,-0.5155806338395531,142.1085906649845
complex_total,3108,-1.9726834332263192,-56.02199369513258
complex_total,3109,0.7291757661069176,2.2372023607312848
complex_total,3110,0.0597714461825507,26.203020733675412
complex_total,3111,-2.0350149357843192,-13.000524010664083
complex_total,3112,-1.8622531995718083,-47.866249854101085
complex_total,3113,-1.8622531995718083,-47.866249854101085
complex_total,3114,0.6591999069903283,-24.48496319908088
complex_total,3115,-1.9726834332263192,-56.02199369513258
complex_total,3116,-2.0350149357843192,-13.000524010664083
complex_total,3117,0.0597714461825507,26.203020733675412
complex_total,3118,-1.4034453187297427,-22.013914694867083
complex_total,3119,-1.0032735420994048,-50.79206855996421
complex_total,3120,-1.8961423078758455,-36.83898329884153
complex_total,3121,-1.408691622842758,-73.11254949492694
complex_total,3122,0.0597714461825507,26.203020733675412
complex_total,3123,-1.0032735420994048,-50.79206855996421
complex_total,3124,-3.0938892080527847,-20.471364507733686
complex_total,3125,-1.4034453187297427,-22.013914694867083
complex_total,3126,-1.9726834332263192,-56.02199369513258
complex_total,3127,-1.4034453187297427,-22.013914694867083
complex_total,3128,-0.8483834967767341,-24.323279468121513
complex_total,3129,-0.9037342695242884,-28.140607801319785
complex_total,3130,-2.0350149357843192,-13.000524010664083
complex_total,3131,-1.2161942915462667,-25.936565383038264
complex_total,3132,0.17600315492980823,-0.8882028501007255
complex_total,3133,0.7291757661069176,2.2372023607312848
complex_total,3134,-1.0032735420994048,-50.79206855996421
complex_total,3135,-0.9037342695242884,-28.140607801319785
complex_total,3136,-1.4034453187297427,-22.013914694867083
complex_total,3137,-3.0938892080527847,-20.471364507733686
complex_total,3138,-0.019973909691869185,-12.363480206440094
complex_total,3139,-1.0032735420994048,-50.79206855996421
complex_total,3140,0.6591999069903283,-24.48496319908088
complex_total,3141,-1.9726834332263192,-56.02199369513258
complex_total,3142,-0.8483834967767341,-24.323279468121513
complex_total,3143,0.17600315492980823,-0.8882028501007255
complex_total,3144,-0.9037342695242884,-28.140607801319785
complex_total,3145,-0.5155806338395531,142.1085906649845
complex_total,3146,-1.0032735420994048,-50.79206855996421
complex_total,3147,-1.2161942915462667,-25.936565383038264
complex_total,3148,-0.9037342695242884,-28.140607801319785
complex_total,3149,-1.4034453187297427,-22.013914694867083
complex_total,3150,0.7291757661069176,2.2372023607312848
complex_total,3151,-2.0350149357843192,-13.000524010664083
complex_total,3152,-0.9037342695242884,-28.140607801319785
complex_total,3153,-0.9037342695242884,-28.140607801319785
complex_total,3154,-1.8961423078758455,-36.83898329884153
complex_total,3155,0.0597714461825507,26.203020733675412
complex_total,3156,0.0597714461825507,26.203020733675412
complex_total,3157,-1.8961423078758455,-36.83898329884153
complex_total,3158,-1.408691622842758,-73.11254949492694
complex_total,3159,-1.8622531995718083,-47.866249854101085
complex_total,3160,-0.5155806338395531,142.1085906649845
complex_total,3161,0.0597714461825507,26.203020733675412
complex_total,3162,-0.3408608142201819,-17.095306498427785
complex_total,3163,-0.9007775020028355,-19.21170657304257
complex_total,3164,-1.0032735420994048,-50.79206855996421
complex_total,3165,-0.5155806338395531,142.1085906649845
complex_total,3166,-1.4034453187297427,-22.013914694867083
complex_total,3167,-2.0350149357843192,-13.000524010664083
complex_total,3168,-0.8483834967767341,-24.323279468121513
complex_total,3169,0.17600315492980823,-0.8882028501007255
complex_total,3170,0.17600315492980823,-0.8882028501007255
complex_total,3171,-1.9726834332263192,-56.02199369513258
complex_total,3172,-0.3408608142201819,-17.095306498427785
complex_total,3173,-0.3408608142201819,-17.095306498427785
complex_total,3174,-0.3408608142201819,-17.095306498427785
complex_total,3175,-3.0938892080527847,-20.471364507733686
complex_total,3176,-3.0938892080527847,-20.471364507733686
complex_total,3177,0.0597714461825507,26.203020733675412
complex_total,3178,-0.9037342695242884,-28.140607801319785
complex_total,3179,0.6591999069903283,-24.48496319908088
complex_total,3180,-1.8961423078758455,-36.83898329884153
complex_total,3181,-1.9726834332263192,-56.02199369513258
complex_total,3182,0.17600315492980823,-0.8882028501007255
complex_total,3183,-1.8622531995718083,-47.866249854101085
complex_total,3184,-1.8622531995718083,-47.866249854101085
complex_total,3185,0.0597714461825507,26.203020733675412
complex_total,3186,0.17600315492980823,-0.8882028501007255
complex_total,3187,-0.9037342695242884,-28.140607801319785
complex_total,3188,-1.8622531995718083,-47.866249854101085
complex_total,3189,-1.8622531995718083,-47.866249854101085
complex_total,3190,0.6591999069903283,-24.48496319908088
complex_total,3191,0.0597714461825507,26.203020733675412
complex_total,3192,-0.9007775020028355,-19.21170657304257
complex_total,3193,-0.9037342695242884,-28.140607801319785
complex_total,3194,-3.0938892080527847,-20.471364507733686
complex_total,3195,-1.408691622842758,-73.11254949492694
complex_total,3196,0.7291757661069176,2.2372023607312848
complex_total,3197,-1.9726834332263192,-56.02199369513258
complex_total,3198,0.0597714461825507,26.203020733675412
complex_total,3199,-0.019973909691869185,-12.363480206440094
complex_total,3200,-0.3408608142201819,-17.095306498427785
complex_total,3201,-0.8483834967767341,-24.323279468121513
complex_total,3202,-0.9007775020028355,-19.21170657304257
complex_total,3203,0.6591999069903283,-24.48496319908088
complex_total,3204,-1.8622531995718083,-47.866249854101085
complex_total,3205,-1.8622531995718083,-47.866249854101085
complex_total,3206,0.6591999069903283,-24.48496319908088
complex_total,3207,-3.0938892080527847,-20.471364507733686
complex_total,3208,-2.0350149357843192,-13.000524010664083
complex_total,3209,-1.0032735420994048,-50.79206855996421
complex_total,3210,0.0597714461825507,26.203020733675412
complex_total,3211,-1.8622531995718083,-47.866249854101085
complex_total,3212,-3.0938892080527847,-20.471364507733686
complex_total,3213,-0.9007775020028355,-19.21170657304257
complex_total,3214,-1.2161942915462667,-25.936565383038264
complex_total,3215,-0.9007775020028355,-19.21170657304257
complex_total,3216,0.17600315492980823,-0.8882028501007255
complex_total,3217,-1.4034453187297427,-22.013914694867083
complex_total,3218,-1.9726834332263192,-56.02199369513258
complex_total,3219,-1.4034453187297427,-22.013914694867083
complex_total,3220,-1.4034453187297427,-22.013914694867083
complex_total,3221,-0.9007775020028355,-19.21170657304257
complex_total,3222,-2.0350149357843192,-13.000524010664083
complex_total,3223,-1.0032735420994048,-50.79206855996421
complex_total,3224,0.6591999069903283,-24.48496319908088
complex_total,3225,-0.019973909691869185,-12.363480206440094
complex_total,3226,-0.019973909691869185,-12.363480206440094
complex_total,3227,-0.5155806338395531,142.1085906649845
complex_total,3228,-1.8961423078758455,-36.83898329884153
complex_total,3229,0.17600315492980823,-0.8882028501007255
complex_total,3230,0.0597714461825507,26.203020733675412
complex_total,3231,-1.9726834332263192,-56.02199369513258
complex_total,3232,-1.408691622842758,-73.11254949492694
complex_total,3233,-1.0032735420994048,-50.79206855996421
complex_total,3234,-1.8622531995718083,-47.866249854101085
complex_total,3235,0.7291757661069176,2.2372023607312848
complex_total,3236,0.17600315492980823,-0.8882028501007255
complex_total,3237,0.0597714461825507,26.203020733675412
complex_total,3238,-3.0938892080527847,-20.471364507733686
complex_total,3239,0.6591999069903283,-24.48496319908088
complex_total,3240,-1.8961423078758455,-36.83898329884153
complex_total,3241,-1.408691622842758,-73.11254949492694
complex_total,3242,0.7291757661069176,2.2372023607312848
complex_total,3243,-3.0938892080527847,-20.471364507733686
complex_total,3244,-3.0938892080527847,-20.471364507733686
complex_total,3245,-1.8622531995718083,-47.866249854101085
complex_total,3246,0.0597714461825507,26.203020733675412
complex_total,3247,0.7291757661069176,2.2372023607312848
complex_total,3248,-1.9726834332263192,-56.02199369513258
complex_total,3249,-1.0032735420994048,-50.79206855996421
complex_total,3250,-1.9726834332263192,-56.02199369513258
complex_total,3251,-0.3408608142201819,-17.095306498427785
complex_total,3252,-0.019973909691869185,-12.363480206440094
complex_total,3253,-0.9037342695242884,-28.140607801319785
complex_total,3254,-1.408691622842758,-73.11254949492694
complex_total,3255,0.17600315492980823,-0.8882028501007255
complex_total,3256,-1.408691622842758,-73.11254949492694
complex_total,3257,0.17600315492980823,-0.8882028501007255
complex_total,3258,-1.0032735420994048,-50.79206855996421
complex_total,3259,-0.019973909691869185,-12.363480206440094
complex_total,3260,-0.5155806338395531,142.1085906649845
complex_total,3261,-3.0938892080527847,-20.471364507733686
complex_total,3262,-1.4034453187297427,-22.013914694867083
complex_total,3263,-0.9007775020028355,-19.21170657304257
complex_total,3264,-0.3408608142201819,-17.095306498427785
complex_total,3265,-0.5155806338395531,142.1085906649845
complex_total,3266,0.17600315492980823,-0.8882028501007255
complex_total,3267,-1.0032735420994048,-50.79206855996421
complex_total,3268,-2.0350149357843192,-13.000524010664083
complex_total,3269,-1.8961423078758455,-36.83898329884153
complex_total,3270,-3.0938892080527847,-20.471364507733686
complex_total,3271,-0.3408608142201819,-17.095306498427785
complex_total,3272,-2.0350149357843192,-13.000524010664083
complex_total,3273,-1.8622531995718083,-47.866249854101085
complex_total,3274,-1.0032735420994048,-50.79206855996421
complex_total,3275,-2.0350149357843192,-13.000524010664083
complex_total,3276,0.7291757661069176,2.2372023607312848
complex_total,3277,-1.408691622842758,-73.11254949492694
complex_total,3278,-1.2161942915462667,-25.936565383038264
complex_total,3279,-0.5155806338395531,142.1085906649845
complex_total,3280,-1.2161942915462667,-25.936565383038264
complex_total,3281,-1.0032735420994048,-50.79206855996421
complex_total,3282,-0.5155806338395531,142.1085906649845
complex_total,3283,-3.0938892080527847,-20.471364507733686
complex_total,3284,-0.9007775020028355,-19.21170657304257
complex_total,3285,-0.3408608142201819,-17.095306498427785
complex_total,3286,-0.5155806338395531,142.1085906649845
complex_total,3287,-2.0350149357843192,-13.000524010664083
complex_total,3288,0.6591999069903283,-24.48496319908088
complex_total,3289,-1.4034453187297427,-22.013914694867083
complex_total,3290,-0.9037342695242884,-28.140607801319785
complex_total,3291,-2.0350149357843192,-13.000524010664083
complex_total,3292,-1.2161942915462667,-25.936565383038264
complex_total,3293,-1.0032735420994048,-50.79206855996421
complex_total,3294,-0.9037342695242884,-28.140607801319785
complex_total,3295,-0.019973909691869185,-12.363480206440094
complex_total,3296,-2.0350149357843192,-13.000524010664083
complex_total,3297,-1.2161942915462667,-25.936565383038264
complex_total,3298,0.7291757661069176,2.2372023607312848
complex_total,3299,-1.8961423078758455,-36.83898329884153
complex_total,3300,-2.0350149357843192,-13.000524010664083
complex_total,3301,-1.0032735420994048,-50.79206855996421
complex_total,3302,-0.9007775020028355,-19.21170657304257
complex_total,3303,-0.5155806338395531,142.1085906649845
complex_total,3304,-1.2161942915462667,-25.936565383038264
complex_total,3305,0.0597714461825507,26.203020733675412
complex_total,3306,-0.5155806338395531,142.1085906649845
complex_total,3307,0.17600315492980823,-0.8882028501007255
complex_total,3308,-1.9726834332263192,-56.02199369513258
complex_total,3309,-1.2161942915462667,-25.936565383038264
complex_total,3310,-1.408691622842758,-73.11254949492694
complex_total,3311,0.17600315492980823,-0.8882028501007255
complex_total,3312,0.7291757661069176,2.2372023607312848
complex_total,3313,-1.408691622842758,-73.11254949492694
complex_total,3314,-0.5155806338395531,142.1085906649845
complex_total,3315,-3.0938892080527847,-20.471364507733686
complex_total,3316,-0.8483834967767341,-24.323279468121513
complex_total,3317,0.7291757661069176,2.2372023607312848
complex_total,3318,-0.5155806338395531,142.1085906649845
complex_total,3319,0.6591999069903283,-24.48496319908088
complex_total,3320,-1.4034453187297427,-22.013914694867083
complex_total,3321,0.17600315492980823,-0.8882028501007255
complex_total,3322,-2.0350149357843192,-13.000524010664083
complex_total,3323,-1.8961423078758455,-36.83898329884153
complex_total,3324,-1.2161942915462667,-25.936565383038264
complex_total,3325,-1.8622531995718083,-47.866249854101085
complex_total,3326,0.7291757661069176,2.2372023607312848
complex_total,3327,-0.9037342695242884,-28.140607801319785
complex_total,3328,-1.2161942915462667,-25.936565383038264
complex_total,3329,-1.408691622842758,-73.11254949492694
complex_total,3330,-0.5155806338395531,142.1085906649845
complex_total,3331,-1.2161942915462667,-25.936565383038264
complex_total,3332,-1.8961423078758455,-36.83898329884153
complex_total,3333,-0.9037342695242884,-28.140607801319785
complex_total,3334,-0.019973909691869185,-12.363480206440094
complex_total,3335,0.17600315492980823,-0.8882028501007255
complex_total,3336,-0.9007775020028355,-19.21170657304257
complex_total,3337,-0.019973909691869185,-12.363480206440094
complex_total,3338,0.0597714461825507,26.203020733675412
complex_total,3339,-1.2161942915462667,-25.936565383038264
complex_total,3340,-1.408691622842758,-73.11254949492694
complex_total,3341,-1.4034453187297427,-22.013914694867083
complex_total,3342,-1.4034453187297427,-22.013914694867083
complex_total,3343,-0.8483834967767341,-24.323279468121513
complex_total,3344,0.17600315492980823,-0.8882028501007255
complex_total,3345,0.0597714461825507,26.203020733675412
complex_total,3346,-0.5155806338395531,142.1085906649845
complex_total,3347,-1.8961423078758455,-36.83898329884153
complex_total,3348,-1.0032735420994048,-50.79206855996421
complex_total,3349,-1.8961423078758455,-36.83898329884153
complex_total,3350,-1.0032735420994048,-50.79206855996421
complex_total,3351,0.7291757661069176,2.2372023607312848
complex_total,3352,-1.9726834332263192,-56.02199369513258
complex_total,3353,-0.8483834967767341,-24.323279468121513
complex_total,3354,-1.2161942915462667,-25.936565383038264
complex_total,3355,-2.0350149357843192,-13.000524010664083
complex_total,3356,-3.0938892080527847,-20.471364507733686
complex_total,3357,-0.019973909691869185,-12.363480206440094
complex_total,3358,-1.4034453187297427,-22.013914694867083
complex_total,3359,0.17600315492980823,-0.8882028501007255
complex_total,3360,-0.9007775020028355,-19.21170657304257
complex_total,3361,-0.9007775020028355,-19.21170657304257
complex_total,3362,0.7291757661069176,2.2372023607312848
complex_total,3363,-2.0350149357843192,-13.000524010664083
complex_total,3364,-1.408691622842758,-73.11254949492694
complex_total,3365,-1.0032735420994048,-50.79206855996421
complex_total,3366,0.0597714461825507,26.203020733675412
complex_total,3367,-1.408691622842758,-73.11254949492694
complex_total,3368,-1.4034453187297427,-22.013914694867083
complex_total,3369,-3.0938892080527847,-20.471364507733686
complex_total,3370,-1.8961423078758455,-36.83898329884153
complex_total,3371,-0.9037342695242884,-28.140607801319785
complex_total,3372,-1.8961423078758455,-36.83898329884153
complex_total,3373,-3.0938892080527847,-20.471364507733686
complex_total,3374,-3.0938892080527847,-20.471364507733686
complex_total,3375,-3.0938892080527847,-20.471364507733686
complex_total,3376,-3.0938892080527847,-20.471364507733686
complex_total,3377,-0.9037342695242884,-28.140607801319785
complex_total,3378,0.0597714461825507,26.203020733675412
complex_total,3379,-0.9007775020028355,-19.21170657304257
complex_total,3380,-0.5155806338395531,142.1085906649845
complex_total,3381,-1.408691622842758,-73.11254949492694
complex_total,3382,-1.0032735420994048,-50.79206855996421
complex_total,3383,-2.0350149357843192,-13.000524010664083
complex_total,3384,0.17600315492980823,-0.8882028501007255
complex_total,3385,-2.0350149357843192,-13.000524010664083
complex_total,3386,0.0597714461825507,26.203020733675412
complex_total,3387,-0.019973909691869185,-12.363480206440094
complex_total,3388,-1.8961423078758455,-36.83898329884153
complex_total,3389,-1.2161942915462667,-25.936565383038264
complex_total,3390,-1.0032735420994048,-50.79206855996421
complex_total,3391,0.0597714461825507,26.203020733675412
complex_total,3392,-1.8622531995718083,-47.866249854101085
complex_total,3393,-1.408691622842758,-73.11254949492694
complex_total,3394,-1.8961423078758455,-36.83898329884153
complex_total,3395,-1.4034453187297427,-22.013914694867083
complex_total,3396,0.17600315492980823,-0.8882028501007255
complex_total,3397,-2.0350149357843192,-13.000524010664083
complex_total,3398,-0.3408608142201819,-17.095306498427785
complex_total,3399,0.7291757661069176,2.2372023607312848
complex_total,3400,-1.9726834332263192,-56.02199369513258
complex_total,3401,0.7291757661069176,2.2372023607312848
complex_total,3402,-1.8961423078758455,-36.83898329884153
complex_total,3403,-1.0032735420994048,-50.79206855996421
complex_total,3404,-2.0350149357843192,-13.000524010664083
complex_total,3405,-0.019973909691869185,-12.363480206440094
complex_total,3406,0.6591999069903283,-24.48496319908088
complex_total,3407,0.6591999069903283,-24.48496319908088
complex_total,3408,-1.8961423078758455,-36.83898329884153
complex_total,3409,0.6591999069903283,-24.48496319908088
complex_total,3410,0.17600315492980823,-0.8882028501007255
complex_total,3411,-1.0032735420994048,-50.79206855996421
complex_total,3412,-0.3408608142201819,-17.095306498427785
complex_total,3413,-0.8483834967767341,-24.323279468121513
complex_total,3414,-0.3408608142201819,-17.095306498427785
complex_total,3415,-2.0350149357843192,-13.000524010664083
complex_total,3416,-1.0032735420994048,-50.79206855996421
complex_total,3417,-1.4034453187297427,-22.013914694867083
complex_total,3418,0.6591999069903283,-24.48496319908088
complex_total,3419,-0.5155806338395531,142.1085906649845
complex_total,3420,-0.9007775020028355,-19.21170657304257
complex_total,3421,-2.0350149357843192,-13.000524010664083
complex_total,3422,-1.4034453187297427,-22.013914694867083
complex_total,3423,-1.9726834332263192,-56.02199369513258
complex_total,3424,-0.9007775020028355,-19.21170657304257
complex_total,3425,0.17600315492980823,-0.8882028501007255
complex_total,3426,-0.5155806338395531,142.1085906649845
complex_total,3427,0.17600315492980823,-0.8882028501007255
complex_total,3428,-2.0350149357843192,-13.000524010664083
complex_total,3429,0.0597714461825507,26.203020733675412
complex_total,3430,-1.408691622842758,-73.11254949492694
complex_total,3431,-3.0938892080527847,-20.471364507733686
complex_total,3432,-0.019973909691869185,-12.363480206440094
complex_total,3433,0.0597714461825507,26.203020733675412
complex_total,3434,0.7291757661069176,2.2372023607312848
complex_total,3435,-1.408691622842758,-73.11254949492694
complex_total,3436,-0.9007775020028355,-19.21170657304257
complex_total,3437,-1.8622531995718083,-47.866249854101085
complex_total,3438,-1.4034453187297427,-22.013914694867083
complex_total,3439,-0.5155806338395531,142.1085906649845
complex_total,3440,-0.8483834967767341,-24.323279468121513
complex_total,3441,-0.019973909691869185,-12.363480206440094
complex_total,3442,-1.8961423078758455,-36.83898329884153
complex_total,3443,-0.8483834967767341,-24.323279468121513
complex_total,3444,-0.9037342695242884,-28.140607801319785
complex_total,3445,0.7291757661069176,2.2372023607312848
complex_total,3446,-2.0350149357843192,-13.000524010664083
complex_total,3447,-0.3408608142201819,-17.095306498427785
complex_total,3448,-1.4034453187297427,-22.013914694867083
complex_total,3449,0.7291757661069176,2.2372023607312848
complex_total,3450,-1.8961423078758455,-36.83898329884153
complex_total,3451,0.17600315492980823,-0.8882028501007255
complex_total,3452,0.17600315492980823,-0.8882028501007255
complex_total,3453,-1.9726834332263192,-56.02199369513258
complex_total,3454,-3.0938892080527847,-20.471364507733686
complex_total,3455,-0.3408608142201819,-17.095306498427785
complex_total,3456,-0.8483834967767341,-24.323279468121513
complex_total,3457,-3.0938892080527847,-20.471364507733686
complex_total,3458,-1.408691622842758,-73.11254949492694
complex_total,3459,-1.2161942915462667,-25.936565383038264
complex_total,3460,-0.3408608142201819,-17.095306498427785
complex_total,3461,-2.0350149357843192,-13.000524010664083
complex_total,3462,-1.2161942915462667,-25.936565383038264
complex_total,3463,-1.4034453187297427,-22.013914694867083
complex_total,3464,-0.9037342695242884,-28.140607801319785
complex_total,3465,-0.019973909691869185,-12.363480206440094
complex_total,3466,0.17600315492980823,-0.8882028501007255
complex_total,3467,-0.5155806338395531,142.1085906649845
complex_total,3468,-0.5155806338395531,142.1085906649845
complex_total,3469,-1.0032735420994048,-50.79206855996421
complex_total,3470,0.7291757661069176,2.2372023607312848
complex_total,3471,-1.0032735420994048,-50.79206855996421
complex_total,3472,-1.4034453187297427,-22.013914694867083
complex_total,3473,-1.9726834332263192,-56.02199369513258
complex_total,3474,-1.408691622842758,-73.11254949492694
complex_total,3475,-1.4034453187297427,-22.013914694867083
complex_total,3476,-0.5155806338395531,142.1085906649845
complex_total,3477,-1.8961423078758455,-36.83898329884153
complex_total,3478,-2.0350149357843192,-13.000524010664083
complex_total,3479,-1.8622531995718083,-47.866249854101085
complex_total,3480,-1.2161942915462667,-25.936565383038264
complex_total,3481,0.0597714461825507,26.203020733675412
complex_total,3482,-1.0032735420994048,-50.79206855996421
complex_total,3483,-1.0032735420994048,-50.79206855996421
complex_total,3484,0.6591999069903283,-24.48496319908088
complex_total,3485,-1.8961423078758455,-36.83898329884153
complex_total,3486,-1.4034453187297427,-22.013914694867083
complex_total,3487,0.17600315492980823,-0.8882028501007255
complex_total,3488,-0.019973909691869185,-12.363480206440094
complex_total,3489,-0.8483834967767341,-24.323279468121513
complex_total,3490,0.0597714461825507,26.203020733675412
complex_total,3491,-3.0938892080527847,-20.471364507733686
complex_total,3492,-0.9007775020028355,-19.21170657304257
complex_total,3493,-0.019973909691869185,-12.363480206440094
complex_total,3494,-1.408691622842758,-73.11254949492694
complex_total,3495,0.0597714461825507,26.203020733675412
complex_total,3496,0.0597714461825507,26.203020733675412
complex_total,3497,0.0597714461825507,26.203020733675412
complex_total,3498,-1.8961423078758455,-36.83898329884153
complex_total,3499,-1.9726834332263192,-56.02199369513258
complex_total,3500,-0.5155806338395531,142.1085906649845
complex_total,3501,-0.8483834967767341,-24.323279468121513
complex_total,3502,-1.9726834332263192,-56.02199369513258
complex_total,3503,0.0597714461825507,26.203020733675412
complex_total,3504,-3.0938892080527847,-20.471364507733686
complex_total,3505,-3.0938892080527847,-20.471364507733686
complex_total,3506,-1.8961423078758455,-36.83898329884153
complex_total,3507,0.0597714461825507,26.203020733675412
complex_total,3508,-0.019973909691869185,-12.363480206440094
complex_total,3509,0.17600315492980823,-0.8882028501007255
complex_total,3510,-0.9007775020028355,-19.21170657304257
complex_total,3511,0.6591999069903283,-24.48496319908088
complex_total,3512,-1.8961423078758455,-36.83898329884153
complex_total,3513,0.17600315492980823,-0.8882028501007255
complex_total,3514,-1.408691622842758,-73.11254949492694
complex_total,3515,-1.408691622842758,-73.11254949492694
complex_total,3516,-2.0350149357843192,-13.000524010664083
complex_total,3517,-0.019973909691869185,-12.363480206440094
complex_total,3518,-1.0032735420994048,-50.79206855996421
complex_total,3519,-1.9726834332263192,-56.02199369513258
complex_total,3520,-1.408691622842758,-73.11254949492694
complex_total,3521,-1.0032735420994048,-50.79206855996421
complex_total,3522,-1.4034453187297427,-22.013914694867083
complex_total,3523,-0.8483834967767341,-24.323279468121513
complex_total,3524,-1.8622531995718083,-47.866249854101085
complex_total,3525,-0.3408608142201819,-17.095306498427785
complex_total,3526,0.17600315492980823,-0.8882028501007255
complex_total,3527,-1.8961423078758455,-36.83898329884153
complex_total,3528,-0.019973909691869185,-12.363480206440094
complex_total,3529,-3.0938892080527847,-20.471364507733686
complex_total,3530,-1.0032735420994048,-50.79206855996421
complex_total,3531,-2.0350149357843192,-13.000524010664083
complex_total,3532,-0.8483834967767341,-24.323279468121513
complex_total,3533,0.6591999069903283,-24.48496319908088
complex_total,3534,0.17600315492980823,-0.8882028501007255
complex_total,3535,-0.3408608142201819,-17.095306498427785
complex_total,3536,0.6591999069903283,-24.48496319908088
complex_total,3537,-2.0350149357843192,-13.000524010664083
complex_total,3538,-3.0938892080527847,-20.471364507733686
complex_total,3539,-1.9726834332263192,-56.02199369513258
complex_total,3540,-1.9726834332263192,-56.02199369513258
complex_total,3541,-1.4034453187297427,-22.013914694867083
complex_total,3542,0.0597714461825507,26.203020733675412
complex_total,3543,0.7291757661069176,2.2372023607312848
complex_total,3544,0.6591999069903283,-24.48496319908088
complex_total,3545,0.0597714461825507,26.203020733675412
complex_total,3546,-1.8961423078758455,-36.83898329884153
complex_total,3547,-1.9726834332263192,-56.02199369513258
complex_total,3548,-1.4034453187297427,-22.013914694867083
complex_total,3549,-1.8961423078758455,-36.83898329884153
complex_total,3550,-1.0032735420994048,-50.79206855996421
complex_total,3551,-0.5155806338395531,142.1085906649845
complex_total,3552,-3.0938892080527847,-20.471364507733686
complex_total,3553,-1.0032735420994048,-50.79206855996421
complex_total,3554,-2.0350149357843192,-13.000524010664083
complex_total,3555,-3.0938892080527847,-20.471364507733686
complex_total,3556,-3.0938892080527847,-20.471364507733686
complex_total,3557,0.7291757661069176,2.2372023607312848
complex_total,3558,-1.2161942915462667,-25.936565383038264
complex_total,3559,-0.9037342695242884,-28.140607801319785
complex_total,3560,-1.408691622842758,-73.11254949492694
complex_total,3561,-1.8622531995718083,-47.866249854101085
complex_total,3562,0.0597714461825507,26.203020733675412
complex_total,3563,0.6591999069903283,-24.48496319908088
complex_total,3564,-1.0032735420994048,-50.79206855996421
complex_total,3565,-1.2161942915462667,-25.936565383038264
complex_total,3566,0.7291757661069176,2.2372023607312848
complex_total,3567,-1.9726834332263192,-56.02199369513258
complex_total,3568,0.0597714461825507,26.203020733675412
complex_total,3569,-0.8483834967767341,-24.323279468121513
complex_total,3570,-0.9007775020028355,-19.21170657304257
complex_total,3571,-0.3408608142201819,-17.095306498427785
complex_total,3572,-0.9037342695242884,-28.140607801319785
complex_total,3573,-0.8483834967767341,-24.323279468121513
complex_total,3574,0.7291757661069176,2.2372023607312848
complex_total,3575,0.0597714461825507,26.203020733675412
complex_total,3576,-1.408691622842758,-73.11254949492694
complex_total,3577,-1.9726834332263192,-56.02199369513258
complex_total,3578,-3.0938892080527847,-20.471364507733686
complex_total,3579,-0.8483834967767341,-24.323279468121513
complex_total,3580,0.6591999069903283,-24.48496319908088
complex_total,3581,-0.9037342695242884,-28.140607801319785
complex_total,3582,-1.408691622842758,-73.11254949492694
complex_total,3583,-0.019973909691869185,-12.363480206440094
complex_total,3584,-3.0938892080527847,-20.471364507733686
complex_total,3585,-0.3408608142201819,-17.095306498427785
complex_total,3586,-2.0350149357843192,-13.000524010664083
complex_total,3587,-1.8622531995718083,-47.866249854101085
complex_total,3588,0.17600315492980823,-0.8882028501007255
complex_total,3589,-1.8622531995718083,-47.866249854101085
complex_total,3590,-0.8483834967767341,-24.323279468121513
complex_total,3591,-0.9037342695242884,-28.140607801319785
complex_total,3592,-1.4034453187297427,-22.013914694867083
complex_total,3593,0.6591999069903283,-24.48496319908088
complex_total,3594,-1.408691622842758,-73.11254949492694
complex_total,3595,-1.2161942915462667,-25.936565383038264
complex_total,3596,-1.8622531995718083,-47.866249854101085
complex_total,3597,-1.408691622842758,-73.11254949492694
complex_total,3598,-1.408691622842758,-73.11254949492694
complex_total,3599,-1.8622531995718083,-47.866249854101085
complex_total,3600,0.17600315492980823,-0.8882028501007255
complex_total,3601,0.7291757661069176,2.2372023607312848
complex_total,3602,0.6591999069903283,-24.48496319908088
complex_total,3603,-2.0350149357843192,-13.000524010664083
complex_total,3604,-2.0350149357843192,-13.000524010664083
complex_total,3605,-1.4034453187297427,-22.013914694867083
complex_total,3606,-1.8622531995718083,-47.866249854101085
complex_total,3607,-1.0032735420994048,-50.79206855996421
complex_total,3608,-1.8622531995718083,-47.866249854101085
complex_total,3609,0.0597714461825507,26.203020733675412
complex_total,3610,-0.3408608142201819,-17.095306498427785
complex_total,3611,-0.019973909691869185,-12.363480206440094
complex_total,3612,-1.4034453187297427,-22.013914694867083
complex_total,3613,-0.5155806338395531,142.1085906649845
complex_total,3614,-1.9726834332263192,-56.02199369513258
complex_total,3615,-0.019973909691869185,-12.363480206440094
complex_total,3616,-1.8961423078758455,-36.83898329884153
complex_total,3617,-0.3408608142201819,-17.095306498427785
complex_total,3618,-1.4034453187297427,-22.013914694867083
complex_total,3619,-0.3408608142201819,-17.095306498427785
complex_total,3620,-0.9007775020028355,-19.21170657304257
complex_total,3621,-1.8961423078758455,-36.83898329884153
complex_total,3622,-1.9726834332263192,-56.02199369513258
complex_total,3623,-1.4034453187297427,-22.013914694867083
complex_total,3624,0.6591999069903283,-24.48496319908088
complex_total,3625,-0.9037342695242884,-28.140607801319785
complex_total,3626,-0.9007775020028355,-19.21170657304257
complex_total,3627,0.0597714461825507,26.203020733675412
complex_total,3628,-1.2161942915462667,-25.936565383038264
complex_total,3629,-1.0032735420994048,-50.79206855996421
complex_total,3630,-3.0938892080527847,-20.471364507733686
complex_total,3631,0.17600315492980823,-0.8882028501007255
complex_total,3632,-0.9007775020028355,-19.21170657304257
complex_total,3633,-0.9007775020028355,-19.21170657304257
complex_total,3634,-3.0938892080527847,-20.471364507733686
complex_total,3635,-1.4034453187297427,-22.013914694867083
complex_total,3636,-1.8622531995718083,-47.866249854101085
complex_total,3637,-1.2161942915462667,-25.936565383038264
complex_total,3638,-1.2161942915462667,-25.936565383038264
complex_total,3639,-1.408691622842758,-73.11254949492694
complex_total,3640,-1.8961423078758455,-36.83898329884153
complex_total,3641,-1.408691622842758,-73.11254949492694
complex_total,3642,-2.0350149357843192,-13.000524010664083
complex_total,3643,-1.2161942915462667,-25.936565383038264
complex_total,3644,-0.9007775020028355,-19.21170657304257
complex_total,3645,-1.408691622842758,-73.11254949492694
complex_total,3646,0.7291757661069176,2.2372023607312848
complex_total,3647,0.0597714461825507,26.203020733675412
complex_total,3648,0.6591999069903283,-24.48496319908088
complex_total,3649,0.6591999069903283,-24.48496319908088
complex_total,3650,-1.9726834332263192,-56.02199369513258
complex_total,3651,-1.4034453187297427,-22.013914694867083
complex_total,3652,-0.9007775020028355,-19.21170657304257
complex_total,3653,-0.3408608142201819,-17.095306498427785
complex_total,3654,-1.0032735420994048,-50.79206855996421
complex_total,3655,-1.9726834332263192,-56.02199369513258
complex_total,3656,0.6591999069903283,-24.48496319908088
complex_total,3657,-1.0032735420994048,-50.79206855996421
complex_total,3658,0.6591999069903283,-24.48496319908088
complex_total,3659,-1.8622531995718083,-47.866249854101085
complex_total,3660,-1.2161942915462667,-25.936565383038264
complex_total,3661,-0.019973909691869185,-12.363480206440094
complex_total,3662,-1.8961423078758455,-36.83898329884153
complex_total,3663,0.17600315492980823,-0.8882028501007255
complex_total,3664,-0.5155806338395531,142.1085906649845
complex_total,3665,-0.5155806338395531,142.1085906649845
complex_total,3666,-1.9726834332263192,-56.02199369513258
complex_total,3667,0.0597714461825507,26.203020733675412
complex_total,3668,-0.3408608142201819,-17.095306498427785
complex_total,3669,-1.0032735420994048,-50.79206855996421
complex_total,3670,-3.0938892080527847,-20.471364507733686
complex_total,3671,-1.8961423078758455,-36.83898329884153
complex_total,3672,-0.9007775020028355,-19.21170657304257
complex_total,3673,-1.0032735420994048,-50.79206855996421
complex_total,3674,-0.9007775020028355,-19.21170657304257
complex_total,3675,0.6591999069903283,-24.48496319908088
complex_total,3676,-3.0938892080527847,-20.471364507733686
complex_total,3677,-1.9726834332263192,-56.02199369513258
complex_total,3678,-1.0032735420994048,-50.79206855996421
complex_total,3679,-0.019973909691869185,-12.363480206440094
complex_total,3680,-0.019973909691869185,-12.363480206440094
complex_total,3681,-1.2161942915462667,-25.936565383038264
complex_total,3682,-0.9037342695242884,-28.140607801319785
complex_total,3683,-0.019973909691869185,-12.363480206440094
complex_total,3684,-1.0032735420994048,-50.79206855996421
complex_total,3685,-1.0032735420994048,-50.79206855996421
complex_total,3686,0.7291757661069176,2.2372023607312848
complex_total,3687,-0.019973909691869185,-12.363480206440094
complex_total,3688,-1.0032735420994048,-50.79206855996421
complex_total,3689,-0.5155806338395531,142.1085906649845
complex_total,3690,0.17600315492980823,-0.8882028501007255
complex_total,3691,-1.0032735420994048,-50.79206855996421
complex_total,3692,-1.4034453187297427,-22.013914694867083
complex_total,3693,-3.0938892080527847,-20.471364507733686
complex_total,3694,-0.9037342695242884,-28.140607801319785
complex_total,3695,0.17600315492980823,-0.8882028501007255
complex_total,3696,-0.019973909691869185,-12.363480206440094
complex_total,3697,-1.8622531995718083,-47.866249854101085
complex_total,3698,-0.8483834967767341,-24.323279468121513
complex_total,3699,-0.5155806338395531,142.1085906649845
complex_total,3700,-1.0032735420994048,-50.79206855996421
complex_total,3701,-2.0350149357843192,-13.000524010664083
complex_total,3702,-1.2161942915462667,-25.936565383038264
complex_total,3703,-1.0032735420994048,-50.79206855996421
complex_total,3704,-1.408691622842758,-73.11254949492694
complex_total,3705,-1.8961423078758455,-36.83898329884153
complex_total,3706,0.17600315492980823,-0.8882028501007255
complex_total,3707,-1.2161942915462667,-25.936565383038264
complex_total,3708,0.17600315492980823,-0.8882028501007255
complex_total,3709,-1.8622531995718083,-47.866249854101085
complex_total,3710,-1.0032735420994048,-50.79206855996421
complex_total,3711,-2.0350149357843192,-13.000524010664083
complex_total,3712,-1.408691622842758,-73.11254949492694
complex_total,3713,-0.019973909691869185,-12.363480206440094
complex_total,3714,-3.0938892080527847,-20.471364507733686
complex_total,3715,-0.019973909691869185,-12.363480206440094
complex_total,3716,-1.0032735420994048,-50.79206855996421
complex_total,3717,-1.4034453187297427,-22.013914694867083
complex_total,3718,0.7291757661069176,2.2372023607312848
complex_total,3719,-0.9007775020028355,-19.21170657304257
complex_total,3720,0.6591999069903283,-24.48496319908088
complex_total,3721,-1.4034453187297427,-22.013914694867083
complex_total,3722,-1.2161942915462667,-25.936565383038264
complex_total,3723,-1.8622531995718083,-47.866249854101085
complex_total,3724,-0.5155806338395531,142.1085906649845
complex_total,3725,-1.0032735420994048,-50.79206855996421
complex_total,3726,-0.9007775020028355,-19.21170657304257
complex_total,3727,-0.9007775020028355,-19.21170657304257
complex_total,3728,-0.3408608142201819,-17.095306498427785
complex_total,3729,-1.0032735420994048,-50.79206855996421
complex_total,3730,-0.9037342695242884,-28.140607801319785
complex_total,3731,-0.9037342695242884,-28.140607801319785
complex_total,3732,-0.9007775020028355,-19.21170657304257
complex_total,3733,-3.0938892080527847,-20.471364507733686
complex_total,3734,0.0597714461825507,26.203020733675412
complex_total,3735,-1.4034453187297427,-22.013914694867083
complex_total,3736,-0.3408608142201819,-17.095306498427785
complex_total,3737,-0.019973909691869185,-12.363480206440094
complex_total,3738,-1.8961423078758455,-36.83898329884153
complex_total,3739,-0.9037342695242884,-28.140607801319785
complex_total,3740,-0.8483834967767341,-24.323279468121513
complex_total,3741,0.0597714461825507,26.203020733675412
complex_total,3742,-0.5155806338395531,142.1085906649845
complex_total,3743,0.6591999069903283,-24.48496319908088
complex_total,3744,-1.8961423078758455,-36.83898329884153
complex_total,3745,-0.9037342695242884,-28.140607801319785
complex_total,3746,-1.2161942915462667,-25.936565383038264
complex_total,3747,-0.9037342695242884,-28.140607801319785
complex_total,3748,0.0597714461825507,26.203020733675412
complex_total,3749,-1.2161942915462667,-25.936565383038264
complex_total,3750,-1.9726834332263192,-56.02199369513258
complex_total,3751,0.6591999069903283,-24.48496319908088
complex_total,3752,-0.5155806338395531,142.1085906649845
complex_total,3753,-1.8622531995718083,-47.866249854101085
complex_total,3754,-3.0938892080527847,-20.471364507733686
complex_total,3755,-1.2161942915462667,-25.936565383038264
complex_total,3756,-0.8483834967767341,-24.323279468121513
complex_total,3757,-0.9037342695242884,-28.140607801319785
complex_total,3758,0.7291757661069176,2.2372023607312848
complex_total,3759,0.7291757661069176,2.2372023607312848
complex_total,3760,-1.4034453187297427,-22.013914694867083
complex_total,3761,-1.8961423078758455,-36.83898329884153
complex_total,3762,-0.9037342695242884,-28.140607801319785
complex_total,3763,-0.3408608142201819,-17.095306498427785
complex_total,3764,-1.9726834332263192,-56.02199369513258
complex_total,3765,-0.8483834967767341,-24.323279468121513
complex_total,3766,0.0597714461825507,26.203020733675412
complex_total,3767,0.17600315492980823,-0.8882028501007255
complex_total,3768,-0.3408608142201819,-17.095306498427785
complex_total,3769,-0.5155806338395531,142.1085906649845
complex_total,3770,-0.5155806338395531,142.1085906649845
complex_total,3771,0.17600315492980823,-0.8882028501007255
complex_total,3772,-1.4034453187297427,-22.013914694867083
complex_total,3773,-2.0350149357843192,-13.000524010664083
complex_total,3774,-3.0938892080527847,-20.471364507733686
complex_total,3775,0.6591999069903283,-24.48496319908088
complex_total,3776,0.6591999069903283,-24.48496319908088
complex_total,3777,-1.9726834332263192,-56.02199369513258
complex_total,3778,0.0597714461825507,26.203020733675412
complex_total,3779,-0.8483834967767341,-24.323279468121513
complex_total,3780,0.7291757661069176,2.2372023607312848
complex_total,3781,-1.4034453187297427,-22.013914694867083
complex_total,3782,-0.3408608142201819,-17.095306498427785
complex_total,3783,-1.408691622842758,-73.11254949492694
complex_total,3784,-0.9037342695242884,-28.140607801319785
complex_total,3785,-1.8622531995718083,-47.866249854101085
complex_total,3786,0.17600315492980823,-0.8882028501007255
complex_total,3787,-0.9037342695242884,-28.140607801319785
complex_total,3788,0.0597714461825507,26.203020733675412
complex_total,3789,0.0597714461825507,26.203020733675412
complex_total,3790,-2.0350149357843192,-13.000524010664083
complex_total,3791,-0.3408608142201819,-17.095306498427785
complex_total,3792,0.6591999069903283,-24.48496319908088
complex_total,3793,-1.0032735420994048,-50.79206855996421
complex_total,3794,-0.9007775020028355,-19.21170657304257
complex_total,3795,-3.0938892080527847,-20.471364507733686
complex_total,3796,-0.9007775020028355,-19.21170657304257
complex_total,3797,-1.9726834332263192,-56.02199369513258
complex_total,3798,-0.3408608142201819,-17.095306498427785
complex_total,3799,-1.0032735420994048,-50.79206855996421
complex_total,3800,0.6591999069903283,-24.48496319908088
complex_total,3801,-0.5155806338395531,142.1085906649845
complex_total,3802,-0.3408608142201819,-17.095306498427785
complex_total,3803,0.17600315492980823,-0.8882028501007255
complex_total,3804,-3.0938892080527847,-20.471364507733686
complex_total,3805,-3.0938892080527847,-20.471364507733686
complex_total,3806,-1.9726834332263192,-56.02199369513258
complex_total,3807,-2.0350149357843192,-13.000524010664083
complex_total,3808,-0.019973909691869185,-12.363480206440094
complex_total,3809,-1.8622531995718083,-47.866249854101085
complex_total,3810,-0.5155806338395531,142.1085906649845
complex_total,3811,0.7291757661069176,2.2372023607312848
complex_total,3812,-1.408691622842758,-73.11254949492694
complex_total,3813,-1.8622531995718083,-47.866249854101085
complex_total,3814,0.0597714461825507,26.203020733675412
complex_total,3815,0.0597714461825507,26.203020733675412
complex_total,3816,0.17600315492980823,-0.8882028501007255
complex_total,3817,0.7291757661069176,2.2372023607312848
complex_total,3818,-0.9037342695242884,-28.140607801319785
complex_total,3819,0.6591999069903283,-24.48496319908088
complex_total,3820,0.17600315492980823,-0.8882028501007255
complex_total,3821,-1.0032735420994048,-50.79206855996421
complex_total,3822,-0.019973909691869185,-12.363480206440094
complex_total,3823,-0.3408608142201819,-17.095306498427785
complex_total,3824,-0.5155806338395531,142.1085906649845
complex_total,3825,0.7291757661069176,2.2372023607312848
complex_total,3826,-0.8483834967767341,-24.323279468121513
complex_total,3827,-0.3408608142201819,-17.095306498427785
complex_total,3828,-1.0032735420994048,-50.79206855996421
complex_total,3829,-0.9037342695242884,-28.140607801319785
complex_total,3830,-0.3408608142201819,-17.095306498427785
complex_total,3831,-1.8961423078758455,-36.83898329884153
complex_total,3832,-0.9037342695242884,-28.140607801319785
complex_total,3833,0.7291757661069176,2.2372023607312848
complex_total,3834,-0.3408608142201819,-17.095306498427785
complex_total,3835,-1.2161942915462667,-25.936565383038264
complex_total,3836,-2.0350149357843192,-13.000524010664083
complex_total,3837,-0.3408608142201819,-17.095306498427785
complex_total,3838,-1.408691622842758,-73.11254949492694
complex_total,3839,0.0597714461825507,26.203020733675412
complex_total,3840,-1.8961423078758455,-36.83898329884153
complex_total,3841,-1.9726834332263192,-56.02199369513258
complex_total,3842,-0.3408608142201819,-17.095306498427785
complex_total,3843,-0.8483834967767341,-24.323279468121513
complex_total,3844,-0.8483834967767341,-24.323279468121513
complex_total,3845,0.7291757661069176,2.2372023607312848
complex_total,3846,-1.9726834332263192,-56.02199369513258
complex_total,3847,-0.019973909691869185,-12.363480206440094
complex_total,3848,-0.9037342695242884,-28.140607801319785
complex_total,3849,-0.3408608142201819,-17.095306498427785
complex_total,3850,-1.0032735420994048,-50.79206855996421
complex_total,3851,-1.9726834332263192,-56.02199369513258
complex_total,3852,-0.019973909691869185,-12.363480206440094
complex_total,3853,-0.8483834967767341,-24.323279468121513
complex_total,3854,-3.0938892080527847,-20.471364507733686
complex_total,3855,0.6591999069903283,-24.48496319908088
complex_total,3856,-0.3408608142201819,-17.095306498427785
complex_total,3857,-1.408691622842758,-73.11254949492694
complex_total,3858,-0.9007775020028355,-19.21170657304257
complex_total,3859,-1.8622531995718083,-47.866249854101085
complex_total,3860,0.7291757661069176,2.2372023607312848
complex_total,3861,-2.0350149357843192,-13.000524010664083
complex_total,3862,-0.5155806338395531,142.1085906649845
complex_total,3863,-1.4034453187297427,-22.013914694867083
complex_total,3864,-2.0350149357843192,-13.000524010664083
complex_total,3865,-0.9037342695242884,-28.140607801319785
complex_total,3866,-0.3408608142201819,-17.095306498427785
complex_total,3867,-1.8961423078758455,-36.83898329884153
complex_total,3868,-1.0032735420994048,-50.79206855996421
complex_total,3869,-0.8483834967767341,-24.323279468121513
complex_total,3870,-0.3408608142201819,-17.095306498427785
complex_total,3871,-0.9007775020028355,-19.21170657304257
complex_total,3872,-0.9037342695242884,-28.140607801319785
complex_total,3873,0.17600315492980823,-0.8882028501007255
complex_total,3874,-1.408691622842758,-73.11254949492694
complex_total,3875,0.0597714461825507,26.203020733675412
complex_total,3876,-1.408691622842758,-73.11254949492694
complex_total,3877,-2.0350149357843192,-13.000524010664083
complex_total,3878,-1.8961423078758455,-36.83898329884153
complex_total,3879,-1.0032735420994048,-50.79206855996421
complex_total,3880,-1.4034453187297427,-22.013914694867083
complex_total,3881,-1.408691622842758,-73.11254949492694
complex_total,3882,0.0597714461825507,26.203020733675412
complex_total,3883,-0.3408608142201819,-17.095306498427785
complex_total,3884,-0.3408608142201819,-17.095306498427785
complex_total,3885,0.17600315492980823,-0.8882028501007255
complex_total,3886,-0.9037342695242884,-28.140607801319785
complex_total,3887,-1.9726834332263192,-56.02199369513258
complex_total,3888,-1.8961423078758455,-36.83898329884153
complex_total,3889,-0.5155806338395531,142.1085906649845
complex_total,3890,0.6591999069903283,-24.48496319908088
complex_total,3891,-0.9007775020028355,-19.21170657304257
complex_total,3892,-0.8483834967767341,-24.323279468121513
complex_total,3893,-1.408691622842758,-73.11254949492694
complex_total,3894,0.17600315492980823,-0.8882028501007255
complex_total,3895,-0.3408608142201819,-17.095306498427785
complex_total,3896,-1.408691622842758,-73.11254949492694
complex_total,3897,-1.0032735420994048,-50.79206855996421
complex_total,3898,0.17600315492980823,-0.8882028501007255
complex_total,3899,-0.3408608142201819,-17.095306498427785
complex_total,3900,0.6591999069903283,-24.48496319908088
complex_total,3901,0.17600315492980823,-0.8882028501007255
complex_total,3902,-1.408691622842758,-73.11254949492694
complex_total,3903,0.7291757661069176,2.2372023607312848
complex_total,3904,-0.9007775020028355,-19.21170657304257
complex_total,3905,-0.9037342695242884,-28.140607801319785
complex_total,3906,-3.0938892080527847,-20.471364507733686
complex_total,3907,-0.9037342695242884,-28.140607801319785
complex_total,3908,-0.8483834967767341,-24.323279468121513
complex_total,3909,0.7291757661069176,2.2372023607312848
complex_total,3910,-1.408691622842758,-73.11254949492694
complex_total,3911,0.17600315492980823,-0.8882028501007255
complex_total,3912,-0.9037342695242884,-28.140607801319785
complex_total,3913,-0.5155806338395531,142.1085906649845
complex_total,3914,-0.5155806338395531,142.1085906649845
complex_total,3915,-1.8961423078758455,-36.83898329884153
complex_total,3916,-0.3408608142201819,-17.095306498427785
complex_total,3917,-1.9726834332263192,-56.02199369513258
complex_total,3918,-0.9007775020028355,-19.21170657304257
complex_total,3919,-0.019973909691869185,-12.363480206440094
complex_total,3920,0.6591999069903283,-24.48496319908088
complex_total,3921,-1.9726834332263192,-56.02199369513258
complex_total,3922,-0.8483834967767341,-24.323279468121513
complex_total,3923,-1.4034453187297427,-22.013914694867083
complex_total,3924,-0.019973909691869185,-12.363480206440094
complex_total,3925,-1.4034453187297427,-22.013914694867083
complex_total,3926,0.17600315492980823,-0.8882028501007255
complex_total,3927,-0.9007775020028355,-19.21170657304257
complex_total,3928,-1.8961423078758455,-36.83898329884153
complex_total,3929,-0.9007775020028355,-19.21170657304257
complex_total,3930,0.0597714461825507,26.203020733675412
complex_total,3931,-1.0032735420994048,-50.79206855996421
complex_total,3932,0.6591999069903283,-24.48496319908088
complex_total,3933,-0.3408608142201819,-17.095306498427785
complex_total,3934,-1.2161942915462667,-25.936565383038264
complex_total,3935,-1.0032735420994048,-50.79206855996421
complex_total,3936,0.6591999069903283,-24.48496319908088
complex_total,3937,-1.4034453187297427,-22.013914694867083
complex_total,3938,0.17600315492980823,-0.8882028501007255
complex_total,3939,-1.4034453187297427,-22.013914694867083
complex_total,3940,-3.0938892080527847,-20.471364507733686
complex_total,3941,0.17600315492980823,-0.8882028501007255
complex_total,3942,-0.9037342695242884,-28.140607801319785
complex_total,3943,-3.0938892080527847,-20.471364507733686
complex_total,3944,-1.4034453187297427,-22.013914694867083
complex_total,3945,-1.4034453187297427,-22.013914694867083
complex_total,3946,0.6591999069903283,-24.48496319908088
complex_total,3947,-0.9037342695242884,-28.140607801319785
complex_total,3948,-1.8622531995718083,-47.866249854101085
complex_total,3949,-1.8622531995718083,-47.866249854101085
complex_total,3950,-1.0032735420994048,-50.79206855996421
complex_total,3951,0.17600315492980823,-0.8882028501007255
complex_total,3952,-1.8961423078758455,-36.83898329884153
complex_total,3953,-3.0938892080527847,-20.471364507733686
complex_total,3954,-0.9007775020028355,-19.21170657304257
complex_total,3955,-1.4034453187297427,-22.013914694867083
complex_total,3956,-1.8622531995718083,-47.866249854101085
complex_total,3957,-2.0350149357843192,-13.000524010664083
complex_total,3958,-1.4034453187297427,-22.013914694867083
complex_total,3959,-1.8961423078758455,-36.83898329884153
complex_total,3960,-3.0938892080527847,-20.471364507733686
complex_total,3961,-1.4034453187297427,-22.013914694867083
complex_total,3962,-0.8483834967767341,-24.323279468121513
complex_total,3963,-1.9726834332263192,-56.02199369513258
complex_total,3964,-1.8622531995718083,-47.866249854101085
complex_total,3965,-0.8483834967767341,-24.323279468121513
complex_total,3966,-0.9037342695242884,-28.140607801319785
complex_total,3967,-3.0938892080527847,-20.471364507733686
complex_total,3968,-3.0938892080527847,-20.471364507733686
complex_total,3969,-0.5155806338395531,142.1085906649845
complex_total,3970,-0.019973909691869185,-12.363480206440094
complex_total,3971,-0.8483834967767341,-24.323279468121513
complex_total,3972,-3.0938892080527847,-20.471364507733686
complex_total,3973,-1.8961423078758455,-36.83898329884153
complex_total,3974,-1.2161942915462667,-25.936565383038264
complex_total,3975,-1.9726834332263192,-56.02199369513258
complex_total,3976,-1.8622531995718083,-47.866249854101085
complex_total,3977,-0.3408608142201819,-17.095306498427785
complex_total,3978,-1.408691622842758,-73.11254949492694
complex_total,3979,0.7291757661069176,2.2372023607312848
complex_total,3980,-0.3408608142201819,-17.095306498427785
complex_total,3981,-0.3408608142201819,-17.095306498427785
complex_total,3982,-0.9007775020028355,-19.21170657304257
complex_total,3983,-0.9007775020028355,-19.21170657304257
complex_total,3984,-2.0350149357843192,-13.000524010664083
complex_total,3985,-2.0350149357843192,-13.000524010664083
complex_total,3986,-0.9007775020028355,-19.21170657304257
complex_total,3987,-1.0032735420994048,-50.79206855996421
complex_total,3988,-1.0032735420994048,-50.79206855996421
complex_total,3989,-1.0032735420994048,-50.79206855996421
complex_total,3990,-2.0350149357843192,-13.000524010664083
complex_total,3991,-1.4034453187297427,-22.013914694867083
complex_total,3992,-0.3408608142201819,-17.095306498427785
complex_total,3993,-1.2161942915462667,-25.936565383038264
complex_total,3994,-0.9037342695242884,-28.140607801319785
complex_total,3995,-1.4034453187297427,-22.013914694867083
complex_total,3996,-1.2161942915462667,-25.936565383038264
complex_total,3997,-0.8483834967767341,-24.323279468121513
complex_total,3998,-0.9037342695242884,-28.140607801319785
complex_total,3999,-1.9726834332263192,-56.02199369513258
complex_total,4000,-0.019973909691869185,-12.363480206440094
complex_total,4001,-1.8961423078758455,-36.83898329884153
complex_total,4002,-1.9726834332263192,-56.02199369513258
complex_total,4003,0.0597714461825507,26.203020733675412
complex_total,4004,0.17600315492980823,-0.8882028501007255
complex_total,4005,0.0597714461825507,26.203020733675412
complex_total,4006,-1.8622531995718083,-47.866249854101085
complex_total,4007,0.17600315492980823,-0.8882028501007255
complex_total,4008,-1.0032735420994048,-50.79206855996421
complex_total,4009,-3.0938892080527847,-20.471364507733686
complex_total,4010,-0.3408608142201819,-17.095306498427785
complex_total,4011,-1.2161942915462667,-25.936565383038264
complex_total,4012,-1.9726834332263192,-56.02199369513258
complex_total,4013,0.6591999069903283,-24.48496319908088
complex_total,4014,-3.0938892080527847,-20.471364507733686
complex_total,4015,-3.0938892080527847,-20.471364507733686
complex_total,4016,-1.408691622842758,-73.11254949492694
complex_total,4017,0.6591999069903283,-24.48496319908088
complex_total,4018,-1.9726834332263192,-56.02199369513258
complex_total,4019,-1.8961423078758455,-36.83898329884153
complex_total,4020,-1.0032735420994048,-50.79206855996421
complex_total,4021,-0.9007775020028355,-19.21170657304257
complex_total,4022,-1.0032735420994048,-50.79206855996421
complex_total,4023,-1.2161942915462667,-25.936565383038264
complex_total,4024,-2.0350149357843192,-13.000524010664083
complex_total,4025,-0.5155806338395531,142.1085906649845
complex_total,4026,-1.8961423078758455,-36.83898329884153
complex_total,4027,-1.0032735420994048,-50.79206855996421
complex_total,4028,-0.5155806338395531,142.1085906649845
complex_total,4029,-0.3408608142201819,-17.095306498427785
complex_total,4030,0.7291757661069176,2.2372023607312848
complex_total,4031,-0.9007775020028355,-19.21170657304257
complex_total,4032,-1.2161942915462667,-25.936565383038264
complex_total,4033,-1.0032735420994048,-50.79206855996421
complex_total,4034,0.0597714461825507,26.203020733675412
complex_total,4035,-3.0938892080527847,-20.471364507733686
complex_total,4036,-1.408691622842758,-73.11254949492694
complex_total,4037,-1.9726834332263192,-56.02199369513258
complex_total,4038,-0.019973909691869185,-12.363480206440094
complex_total,4039,-0.3408608142201819,-17.095306498427785
complex_total,4040,-1.0032735420994048,-50.79206855996421
complex_total,4041,-0.019973909691869185,-12.363480206440094
complex_total,4042,-0.019973909691869185,-12.363480206440094
complex_total,4043,-1.4034453187297427,-22.013914694867083
complex_total,4044,-1.4034453187297427,-22.013914694867083
complex_total,4045,-1.8961423078758455,-36.83898329884153
complex_total,4046,0.17600315492980823,-0.8882028501007255
complex_total,4047,0.6591999069903283,-24.48496319908088
complex_total,4048,-1.0032735420994048,-50.79206855996421
complex_total,4049,-0.9007775020028355,-19.21170657304257
complex_total,4050,-0.9007775020028355,-19.21170657304257
complex_total,4051,-1.0032735420994048,-50.79206855996421
complex_total,4052,-1.2161942915462667,-25.936565383038264
complex_total,4053,-1.0032735420994048,-50.79206855996421
complex_total,4054,-0.9037342695242884,-28.140607801319785
complex_total,4055,0.7291757661069176,2.2372023607312848
complex_total,4056,-1.408691622842758,-73.11254949492694
complex_total,4057,-0.8483834967767341,-24.323279468121513
complex_total,4058,-2.0350149357843192,-13.000524010664083
complex_total,4059,-1.8622531995718083,-47.866249854101085
complex_total,4060,-0.3408608142201819,-17.095306498427785
complex_total,4061,-1.2161942915462667,-25.936565383038264
complex_total,4062,-1.9726834332263192,-56.02199369513258
complex_total,4063,-2.0350149357843192,-13.000524010664083
complex_total,4064,0.17600315492980823,-0.8882028501007255
complex_total,4065,-1.0032735420994048,-50.79206855996421
complex_total,4066,0.17600315492980823,-0.8882028501007255
complex_total,4067,-1.2161942915462667,-25.936565383038264
complex_total,4068,-0.9007775020028355,-19.21170657304257
complex_total,4069,-0.3408608142201819,-17.095306498427785
complex_total,4070,-1.8961423078758455,-36.83898329884153
complex_total,4071,0.17600315492980823,-0.8882028501007255
complex_total,4072,-1.408691622842758,-73.11254949492694
complex_total,4073,-0.3408608142201819,-17.095306498427785
complex_total,4074,-1.4034453187297427,-22.013914694867083
complex_total,4075,0.6591999069903283,-24.48496319908088
complex_total,4076,-1.2161942915462667,-25.936565383038264
complex_total,4077,-1.408691622842758,-73.11254949492694
complex_total,4078,0.7291757661069176,2.2372023607312848
complex_total,4079,-1.408691622842758,-73.11254949492694
complex_total,4080,0.7291757661069176,2.2372023607312848
complex_total,4081,-1.408691622842758,-73.11254949492694
complex_total,4082,0.0597714461825507,26.203020733675412
complex_total,4083,-0.5155806338395531,142.1085906649845
complex_total,4084,-0.019973909691869185,-12.363480206440094
complex_total,4085,-1.2161942915462667,-25.936565383038264
complex_total,4086,-0.9007775020028355,-19.21170657304257
complex_total,4087,-1.0032735420994048,-50.79206855996421
complex_total,4088,0.0597714461825507,26.203020733675412
complex_total,4089,-0.019973909691869185,-12.363480206440094
complex_total,4090,-0.019973909691869185,-12.363480206440094
complex_total,4091,-0.019973909691869185,-12.363480206440094
complex_total,4092,-0.019973909691869185,-12.363480206440094
complex_total,4093,-0.8483834967767341,-24.323279468121513
complex_total,4094,-1.408691622842758,-73.11254949492694
complex_total,4095,-0.019973909691869185,-12.363480206440094
complex_total,4096,-1.0032735420994048,-50.79206855996421
complex_total,4097,0.6591999069903283,-24.48496319908088
complex_total,4098,-0.8483834967767341,-24.323279468121513
complex_total,4099,0.17600315492980823,-0.8882028501007255
complex_total,4100,0.7291757661069176,2.2372023607312848
complex_total,4101,-1.4034453187297427,-22.013914694867083
complex_total,4102,-2.0350149357843192,-13.000524010664083
complex_total,4103,-0.9037342695242884,-28.140607801319785
complex_total,4104,-0.3408608142201819,-17.095306498427785
complex_total,4105,-0.8483834967767341,-24.323279468121513
complex_total,4106,-0.9007775020028355,-19.21170657304257
complex_total,4107,-1.408691622842758,-73.11254949492694
complex_total,4108,-0.019973909691869185,-12.363480206440094
complex_total,4109,0.6591999069903283,-24.48496319908088
complex_total,4110,-1.9726834332263192,-56.02199369513258
complex_total,4111,-3.0938892080527847,-20.471364507733686
complex_total,4112,-0.9037342695242884,-28.140607801319785
complex_total,4113,-0.019973909691869185,-12.363480206440094
complex_total,4114,0.7291757661069176,2.2372023607312848
complex_total,4115,-0.8483834967767341,-24.323279468121513
complex_total,4116,-1.4034453187297427,-22.013914694867083
complex_total,4117,-1.0032735420994048,-50.79206855996421
complex_total,4118,0.6591999069903283,-24.48496319908088
complex_total,4119,0.6591999069903283,-24.48496319908088
complex_total,4120,0.0597714461825507,26.203020733675412
complex_total,4121,-1.8961423078758455,-36.83898329884153
complex_total,4122,-0.9037342695242884,-28.140607801319785
complex_total,4123,-1.0032735420994048,-50.79206855996421
complex_total,4124,0.17600315492980823,-0.8882028501007255
complex_total,4125,-1.408691622842758,-73.11254949492694
complex_total,4126,-1.408691622842758,-73.11254949492694
complex_total,4127,-2.0350149357843192,-13.000524010664083
complex_total,4128,0.7291757661069176,2.2372023607312848
complex_total,4129,-0.3408608142201819,-17.095306498427785
complex_total,4130,0.7291757661069176,2.2372023607312848
complex_total,4131,0.0597714461825507,26.203020733675412
complex_total,4132,0.0597714461825507,26.203020733675412
complex_total,4133,-1.8622531995718083,-47.866249854101085
complex_total,4134,-3.0938892080527847,-20.471364507733686
complex_total,4135,-1.4034453187297427,-22.013914694867083
complex_total,4136,-1.8961423078758455,-36.83898329884153
complex_total,4137,-0.9007775020028355,-19.21170657304257
complex_total,4138,-1.9726834332263192,-56.02199369513258
complex_total,4139,-1.8622531995718083,-47.866249854101085
complex_total,4140,0.0597714461825507,26.203020733675412
complex_total,4141,-2.0350149357843192,-13.000524010664083
complex_total,4142,-3.0938892080527847,-20.471364507733686
complex_total,4143,-1.0032735420994048,-50.79206855996421
complex_total,4144,0.0597714461825507,26.203020733675412
complex_total,4145,-0.019973909691869185,-12.363480206440094
complex_total,4146,-3.0938892080527847,-20.471364507733686
complex_total,4147,-1.8961423078758455,-36.83898329884153
complex_total,4148,0.17600315492980823,-0.8882028501007255
complex_total,4149,-1.8961423078758455,-36.83898329884153
complex_total,4150,-1.0032735420994048,-50.79206855996421
complex_total,4151,-0.5155806338395531,142.1085906649845
complex_total,4152,-1.8961423078758455,-36.83898329884153
complex_total,4153,0.7291757661069176,2.2372023607312848
complex_total,4154,-0.8483834967767341,-24.323279468121513
complex_total,4155,-0.019973909691869185,-12.363480206440094
complex_total,4156,-3.0938892080527847,-20.471364507733686
complex_total,4157,-0.9037342695242884,-28.140607801319785
complex_total,4158,-0.9037342695242884,-28.140607801319785
complex_total,4159,-2.0350149357843192,-13.000524010664083
complex_total,4160,-0.5155806338395531,142.1085906649845
complex_total,4161,-0.9037342695242884,-28.140607801319785
complex_total,4162,-3.0938892080527847,-20.471364507733686
complex_total,4163,-0.019973909691869185,-12.363480206440094
complex_total,4164,-0.5155806338395531,142.1085906649845
complex_total,4165,-1.2161942915462667,-25.936565383038264
complex_total,4166,-1.8622531995718083,-47.866249854101085
complex_total,4167,0.0597714461825507,26.203020733675412
complex_total,4168,0.7291757661069176,2.2372023607312848
complex_total,4169,-1.0032735420994048,-50.79206855996421
complex_total,4170,-1.4034453187297427,-22.013914694867083
complex_total,4171,-0.9037342695242884,-28.140607801319785
complex_total,4172,0.0597714461825507,26.203020733675412
complex_total,4173,0.6591999069903283,-24.48496319908088
complex_total,4174,0.6591999069903283,-24.48496319908088
complex_total,4175,-0.9037342695242884,-28.140607801319785
complex_total,4176,-3.0938892080527847,-20.471364507733686
complex_total,4177,-0.3408608142201819,-17.095306498427785
complex_total,4178,-0.3408608142201819,-17.095306498427785
complex_total,4179,0.6591999069903283,-24.48496319908088
complex_total,4180,-0.5155806338395531,142.1085906649845
complex_total,4181,0.0597714461825507,26.203020733675412
complex_total,4182,0.6591999069903283,-24.48496319908088
complex_total,4183,-1.2161942915462667,-25.936565383038264
complex_total,4184,-3.0938892080527847,-20.471364507733686
complex_total,4185,-1.8622531995718083,-47.866249854101085
complex_total,4186,-0.9007775020028355,-19.21170657304257
complex_total,4187,0.7291757661069176,2.2372023607312848
complex_total,4188,0.7291757661069176,2.2372023607312848
complex_total,4189,-1.4034453187297427,-22.013914694867083
complex_total,4190,-1.8622531995718083,-47.866249854101085
complex_total,4191,0.6591999069903283,-24.48496319908088
complex_total,4192,-0.8483834967767341,-24.323279468121513
complex_total,4193,-1.8622531995718083,-47.866249854101085
complex_total,4194,-0.8483834967767341,-24.323279468121513
complex_total,4195,-1.8961423078758455,-36.83898329884153
complex_total,4196,-1.2161942915462667,-25.936565383038264
complex_total,4197,-0.9007775020028355,-19.21170657304257
complex_total,4198,-3.0938892080527847,-20.471364507733686
complex_total,4199,-2.0350149357843192,-13.000524010664083
complex_total,4200,-0.3408608142201819,-17.095306498427785
complex_total,4201,-0.9007775020028355,-19.21170657304257
complex_total,4202,-0.9037342695242884,-28.140607801319785
complex_total,4203,-1.0032735420994048,-50.79206855996421
complex_total,4204,-1.408691622842758,-73.11254949492694
complex_total,4205,-0.5155806338395531,142.1085906649845
complex_total,4206,-0.3408608142201819,-17.095306498427785
complex_total,4207,-1.8961423078758455,-36.83898329884153
complex_total,4208,0.0597714461825507,26.203020733675412
complex_total,4209,0.7291757661069176,2.2372023607312848
complex_total,4210,-1.8961423078758455,-36.83898329884153
complex_total,4211,-3.0938892080527847,-20.471364507733686
complex_total,4212,-0.3408608142201819,-17.095306498427785
complex_total,4213,-3.0938892080527847,-20.471364507733686
complex_total,4214,-1.0032735420994048,-50.79206855996421
complex_total,4215,-1.8961423078758455,-36.83898329884153
complex_total,4216,-3.0938892080527847,-20.471364507733686
complex_total,4217,-1.0032735420994048,-50.79206855996421
complex_total,4218,0.7291757661069176,2.2372023607312848
complex_total,4219,-0.019973909691869185,-12.363480206440094
complex_total,4220,0.7291757661069176,2.2372023607312848
complex_total,4221,-0.9007775020028355,-19.21170657304257
complex_total,4222,-1.9726834332263192,-56.02199369513258
complex_total,4223,0.0597714461825507,26.203020733675412
complex_total,4224,-1.4034453187297427,-22.013914694867083
complex_total,4225,-2.0350149357843192,-13.000524010664083
complex_total,4226,-0.9007775020028355,-19.21170657304257
complex_total,4227,0.7291757661069176,2.2372023607312848
complex_total,4228,-0.3408608142201819,-17.095306498427785
complex_total,4229,-1.408691622842758,-73.11254949492694
complex_total,4230,0.6591999069903283,-24.48496319908088
complex_total,4231,-3.0938892080527847,-20.471364507733686
complex_total,4232,-1.4034453187297427,-22.013914694867083
complex_total,4233,0.7291757661069176,2.2372023607312848
complex_total,4234,-0.5155806338395531,142.1085906649845
complex_total,4235,-1.408691622842758,-73.11254949492694
complex_total,4236,-1.9726834332263192,-56.02199369513258
complex_total,4237,0.17600315492980823,-0.8882028501007255
complex_total,4238,-0.019973909691869185,-12.363480206440094
complex_total,4239,-1.9726834332263192,-56.02199369513258
complex_total,4240,-0.8483834967767341,-24.323279468121513
complex_total,4241,-3.0938892080527847,-20.471364507733686
complex_total,4242,-0.9007775020028355,-19.21170657304257
complex_total,4243,-2.0350149357843192,-13.000524010664083
complex_total,4244,0.7291757661069176,2.2372023607312848
complex_total,4245,-1.408691622842758,-73.11254949492694
complex_total,4246,-2.0350149357843192,-13.000524010664083
complex_total,4247,0.7291757661069176,2.2372023607312848
complex_total,4248,-0.9007775020028355,-19.21170657304257
complex_total,4249,-2.0350149357843192,-13.000524010664083
complex_total,4250,0.7291757661069176,2.2372023607312848
complex_total,4251,-1.8961423078758455,-36.83898329884153
complex_total,4252,-1.8622531995718083,-47.866249854101085
complex_total,4253,-0.9037342695242884,-28.140607801319785
complex_total,4254,-0.9037342695242884,-28.140607801319785
complex_total,4255,-0.5155806338395531,142.1085906649845
complex_total,4256,0.6591999069903283,-24.48496319908088
complex_total,4257,-0.3408608142201819,-17.095306498427785
complex_total,4258,-2.0350149357843192,-13.000524010664083
complex_total,4259,0.7291757661069176,2.2372023607312848
complex_total,4260,-0.9007775020028355,-19.21170657304257
complex_total,4261,-1.8961423078758455,-36.83898329884153
complex_total,4262,-0.5155806338395531,142.1085906649845
complex_total,4263,-3.0938892080527847,-20.471364507733686
complex_total,4264,-1.8961423078758455,-36.83898329884153
complex_total,4265,0.0597714461825507,26.203020733675412
complex_total,4266,-2.0350149357843192,-13.000524010664083
complex_total,4267,-1.0032735420994048,-50.79206855996421
complex_total,4268,-1.8622531995718083,-47.866249854101085
complex_total,4269,-0.9007775020028355,-19.21170657304257
complex_total,4270,-2.0350149357843192,-13.000524010664083
complex_total,4271,0.6591999069903283,-24.48496319908088
complex_total,4272,0.0597714461825507,26.203020733675412
complex_total,4273,-0.8483834967767341,-24.323279468121513
complex_total,4274,0.6591999069903283,-24.48496319908088
complex_total,4275,0.0597714461825507,26.203020733675412
complex_total,4276,-0.5155806338395531,142.1085906649845
complex_total,4277,-1.0032735420994048,-50.79206855996421
complex_total,4278,-1.4034453187297427,-22.013914694867083
complex_total,4279,-2.0350149357843192,-13.000524010664083
complex_total,4280,-1.9726834332263192,-56.02199369513258
complex_total,4281,-0.3408608142201819,-17.095306498427785
complex_total,4282,-1.4034453187297427,-22.013914694867083
complex_total,4283,-1.8622531995718083,-47.866249854101085
complex_total,4284,-0.5155806338395531,142.1085906649845
complex_total,4285,-0.9037342695242884,-28.140607801319785
complex_total,4286,0.0597714461825507,26.203020733675412
complex_total,4287,-1.408691622842758,-73.11254949492694
complex_total,4288,-1.408691622842758,-73.11254949492694
complex_total,4289,-1.8622531995718083,-47.866249854101085
complex_total,4290,-1.8622531995718083,-47.866249854101085
complex_total,4291,-0.5155806338395531,142.1085906649845
complex_total,4292,-0.9007775020028355,-19.21170657304257
complex_total,4293,-1.9726834332263192,-56.02199369513258
complex_total,4294,-1.408691622842758,-73.11254949492694
complex_total,4295,0.6591999069903283,-24.48496319908088
complex_total,4296,-1.2161942915462667,-25.936565383038264
complex_total,4297,-1.408691622842758,-73.11254949492694
complex_total,4298,-3.0938892080527847,-20.471364507733686
complex_total,4299,-0.3408608142201819,-17.095306498427785
complex_total,4300,-0.5155806338395531,142.1085906649845
complex_total,4301,-0.9037342695242884,-28.140607801319785
complex_total,4302,0.0597714461825507,26.203020733675412
complex_total,4303,-0.019973909691869185,-12.363480206440094
complex_total,4304,-1.408691622842758,-73.11254949492694
complex_total,4305,-0.3408608142201819,-17.095306498427785
complex_total,4306,-0.5155806338395531,142.1085906649845
complex_total,4307,-1.408691622842758,-73.11254949492694
complex_total,4308,-1.4034453187297427,-22.013914694867083
complex_total,4309,-3.0938892080527847,-20.471364507733686
complex_total,4310,0.17600315492980823,-0.8882028501007255
complex_total,4311,-1.2161942915462667,-25.936565383038264
complex_total,4312,0.17600315492980823,-0.8882028501007255
complex_total,4313,-1.8961423078758455,-36.83898329884153
complex_total,4314,-0.3408608142201819,-17.095306498427785
complex_total,4315,-0.9037342695242884,-28.140607801319785
complex_total,4316,-0.3408608142201819,-17.095306498427785
complex_total,4317,-1.408691622842758,-73.11254949492694
complex_total,4318,-2.0350149357843192,-13.000524010664083
complex_total,4319,0.7291757661069176,2.2372023607312848
complex_total,4320,0.0597714461825507,26.203020733675412
complex_total,4321,-1.0032735420994048,-50.79206855996421
complex_total,4322,-1.408691622842758,-73.11254949492694
complex_total,4323,-0.3408608142201819,-17.095306498427785
complex_total,4324,-1.0032735420994048,-50.79206855996421
complex_total,4325,0.17600315492980823,-0.8882028501007255
complex_total,4326,-1.8622531995718083,-47.866249854101085
complex_total,4327,0.17600315492980823,-0.8882028501007255
complex_total,4328,-1.4034453187297427,-22.013914694867083
complex_total,4329,0.0597714461825507,26.203020733675412
complex_total,4330,-0.8483834967767341,-24.323279468121513
complex_total,4331,-0.5155806338395531,142.1085906649845
complex_total,4332,-0.8483834967767341,-24.323279468121513
complex_total,4333,-1.9726834332263192,-56.02199369513258
complex_total,4334,-1.408691622842758,-73.11254949492694
complex_total,4335,-1.9726834332263192,-56.02199369513258
complex_total,4336,-1.9726834332263192,-56.02199369513258
complex_total,4337,-1.2161942915462667,-25.936565383038264
complex_total,4338,0.17600315492980823,-0.8882028501007255
complex_total,4339,0.0597714461825507,26.203020733675412
complex_total,4340,0.6591999069903283,-24.48496319908088
complex_total,4341,-0.019973909691869185,-12.363480206440094
complex_total,4342,-1.4034453187297427,-22.013914694867083
complex_total,4343,-0.9037342695242884,-28.140607801319785
complex_total,4344,0.17600315492980823,-0.8882028501007255
complex_total,4345,-0.019973909691869185,-12.363480206440094
complex_total,4346,-1.4034453187297427,-22.013914694867083
complex_total,4347,-0.019973909691869185,-12.363480206440094
complex_total,4348,-1.0032735420994048,-50.79206855996421
complex_total,4349,-3.0938892080527847,-20.471364507733686
complex_total,4350,-0.019973909691869185,-12.363480206440094
complex_total,4351,-1.8622531995718083,-47.866249854101085
complex_total,4352,0.6591999069903283,-24.48496319908088
complex_total,4353,0.0597714461825507,26.203020733675412
complex_total,4354,-0.019973909691869185,-12.363480206440094
complex_total,4355,0.0597714461825507,26.203020733675412
complex_total,4356,0.6591999069903283,-24.48496319908088
complex_total,4357,-2.0350149357843192,-13.000524010664083
complex_total,4358,-1.8622531995718083,-47.866249854101085
complex_total,4359,0.6591999069903283,-24.48496319908088
complex_total,4360,0.0597714461825507,26.203020733675412
complex_total,4361,-0.8483834967767341,-24.323279468121513
complex_total,4362,-0.9007775020028355,-19.21170657304257
complex_total,4363,-0.9007775020028355,-19.21170657304257
complex_total,4364,0.0597714461825507,26.203020733675412
complex_total,4365,0.6591999069903283,-24.48496319908088
complex_total,4366,0.6591999069903283,-24.48496319908088
complex_total,4367,-1.8622531995718083,-47.866249854101085
complex_total,4368,-1.8961423078758455,-36.83898329884153
complex_total,4369,-0.8483834967767341,-24.323279468121513
complex_total,4370,-0.9037342695242884,-28.140607801319785
complex_total,4371,-3.0938892080527847,-20.471364507733686
complex_total,4372,-0.019973909691869185,-12.363480206440094
complex_total,4373,-1.2161942915462667,-25.936565383038264
complex_total,4374,-0.019973909691869185,-12.363480206440094
complex_total,4375,-1.2161942915462667,-25.936565383038264
complex_total,4376,-0.5155806338395531,142.1085906649845
complex_total,4377,-1.8622531995718083,-47.866249854101085
complex_total,4378,0.6591999069903283,-24.48496319908088
complex_total,4379,-0.019973909691869185,-12.363480206440094
complex_total,4380,-2.0350149357843192,-13.000524010664083
complex_total,4381,-2.0350149357843192,-13.000524010664083
complex_total,4382,-0.9007775020028355,-19.21170657304257
complex_total,4383,0.17600315492980823,-0.8882028501007255
complex_total,4384,-0.019973909691869185,-12.363480206440094
complex_total,4385,-0.019973909691869185,-12.363480206440094
complex_total,4386,-1.408691622842758,-73.11254949492694
complex_total,4387,0.6591999069903283,-24.48496319908088
complex_total,4388,-1.408691622842758,-73.11254949492694
complex_total,4389,-0.8483834967767341,-24.323279468121513
complex_total,4390,-1.4034453187297427,-22.013914694867083
complex_total,4391,-0.8483834967767341,-24.323279468121513
complex_total,4392,-0.9007775020028355,-19.21170657304257
complex_total,4393,-1.8961423078758455,-36.83898329884153
complex_total,4394,-3.0938892080527847,-20.471364507733686
complex_total,4395,-2.0350149357843192,-13.000524010664083
complex_total,4396,-1.0032735420994048,-50.79206855996421
complex_total,4397,-0.9037342695242884,-28.140607801319785
complex_total,4398,-1.0032735420994048,-50.79206855996421
complex_total,4399,-1.0032735420994048,-50.79206855996421
complex_total,4400,-3.0938892080527847,-20.471364507733686
complex_total,4401,-1.8622531995718083,-47.866249854101085
complex_total,4402,-2.0350149357843192,-13.000524010664083
complex_total,4403,0.0597714461825507,26.203020733675412
complex_total,4404,-0.9037342695242884,-28.140607801319785
complex_total,4405,0.17600315492980823,-0.8882028501007255
complex_total,4406,-0.9037342695242884,-28.140607801319785
complex_total,4407,-0.019973909691869185,-12.363480206440094
complex_total,4408,-1.4034453187297427,-22.013914694867083
complex_total,4409,0.6591999069903283,-24.48496319908088
complex_total,4410,-1.8961423078758455,-36.83898329884153
complex_total,4411,-0.8483834967767341,-24.323279468121513
complex_total,4412,-0.9007775020028355,-19.21170657304257
complex_total,4413,-1.2161942915462667,-25.936565383038264
complex_total,4414,0.6591999069903283,-24.48496319908088
complex_total,4415,-0.9007775020028355,-19.21170657304257
complex_total,4416,-0.5155806338395531,142.1085906649845
complex_total,4417,-1.408691622842758,-73.11254949492694
complex_total,4418,0.17600315492980823,-0.8882028501007255
complex_total,4419,0.0597714461825507,26.203020733675412
complex_total,4420,-0.9007775020028355,-19.21170657304257
complex_total,4421,0.0597714461825507,26.203020733675412
complex_total,4422,0.17600315492980823,-0.8882028501007255
complex_total,4423,0.0597714461825507,26.203020733675412
complex_total,4424,-0.019973909691869185,-12.363480206440094
complex_total,4425,-0.5155806338395531,142.1085906649845
complex_total,4426,0.7291757661069176,2.2372023607312848
complex_total,4427,0.7291757661069176,2.2372023607312848
complex_total,4428,-1.0032735420994048,-50.79206855996421
complex_total,4429,-1.408691622842758,-73.11254949492694
complex_total,4430,0.6591999069903283,-24.48496319908088
complex_total,4431,-1.8622531995718083,-47.866249854101085
complex_total,4432,-1.2161942915462667,-25.936565383038264
complex_total,4433,-0.9007775020028355,-19.21170657304257
complex_total,4434,-0.9007775020028355,-19.21170657304257
complex_total,4435,0.7291757661069176,2.2372023607312848
complex_total,4436,-0.5155806338395531,142.1085906649845
complex_total,4437,0.7291757661069176,2.2372023607312848
complex_total,4438,-1.8622531995718083,-47.866249854101085
complex_total,4439,0.7291757661069176,2.2372023607312848
complex_total,4440,-3.0938892080527847,-20.471364507733686
complex_total,4441,-0.9037342695242884,-28.140607801319785
complex_total,4442,-1.9726834332263192,-56.02199369513258
complex_total,4443,-2.0350149357843192,-13.000524010664083
complex_total,4444,-0.8483834967767341,-24.323279468121513
complex_total,4445,-1.2161942915462667,-25.936565383038264
complex_total,4446,-0.8483834967767341,-24.323279468121513
complex_total,4447,-3.0938892080527847,-20.471364507733686
complex_total,4448,-0.5155806338395531,142.1085906649845
complex_total,4449,-0.019973909691869185,-12.363480206440094
complex_total,4450,0.0597714461825507,26.203020733675412
complex_total,4451,-1.8622531995718083,-47.866249854101085
complex_total,4452,-1.0032735420994048,-50.79206855996421
complex_total,4453,-1.2161942915462667,-25.936565383038264
complex_total,4454,-0.8483834967767341,-24.323279468121513
complex_total,4455,-0.5155806338395531,142.1085906649845
complex_total,4456,-0.3408608142201819,-17.095306498427785
complex_total,4457,-0.9007775020028355,-19.21170657304257
complex_total,4458,-2.0350149357843192,-13.000524010664083
complex_total,4459,-0.9037342695242884,-28.140607801319785
complex_total,4460,-1.8961423078758455,-36.83898329884153
complex_total,4461,0.7291757661069176,2.2372023607312848
complex_total,4462,-0.8483834967767341,-24.323279468121513
complex_total,4463,-0.019973909691869185,-12.363480206440094
complex_total,4464,-1.8961423078758455,-36.83898329884153
complex_total,4465,-1.8961423078758455,-36.83898329884153
complex_total,4466,-0.5155806338395531,142.1085906649845
complex_total,4467,-0.9037342695242884,-28.140607801319785
complex_total,4468,0.7291757661069176,2.2372023607312848
complex_total,4469,0.0597714461825507,26.203020733675412
complex_total,4470,-1.4034453187297427,-22.013914694867083
complex_total,4471,-0.9037342695242884,-28.140607801319785
complex_total,4472,-0.5155806338395531,142.1085906649845
complex_total,4473,-2.0350149357843192,-13.000524010664083
complex_total,4474,-1.8622531995718083,-47.866249854101085
complex_total,4475,-2.0350149357843192,-13.000524010664083
complex_total,4476,-0.8483834967767341,-24.323279468121513
complex_total,4477,-0.5155806338395531,142.1085906649845
complex_total,4478,-3.0938892080527847,-20.471364507733686
complex_total,4479,-1.2161942915462667,-25.936565383038264
complex_total,4480,-3.0938892080527847,-20.471364507733686
complex_total,4481,-1.0032735420994048,-50.79206855996421
complex_total,4482,-0.3408608142201819,-17.095306498427785
complex_total,4483,-1.0032735420994048,-50.79206855996421
complex_total,4484,-0.019973909691869185,-12.363480206440094
complex_total,4485,-1.408691622842758,-73.11254949492694
complex_total,4486,-1.8622531995718083,-47.866249854101085
complex_total,4487,-1.8961423078758455,-36.83898329884153
complex_total,4488,-0.9037342695242884,-28.140607801319785
complex_total,4489,0.7291757661069176,2.2372023607312848
complex_total,4490,-0.3408608142201819,-17.095306498427785
complex_total,4491,-0.3408608142201819,-17.095306498427785
complex_total,4492,0.0597714461825507,26.203020733675412
complex_total,4493,-0.9037342695242884,-28.140607801319785
complex_total,4494,-1.4034453187297427,-22.013914694867083
complex_total,4495,-1.9726834332263192,-56.02199369513258
complex_total,4496,0.6591999069903283,-24.48496319908088
complex_total,4497,0.17600315492980823,-0.8882028501007255
complex_total,4498,-1.2161942915462667,-25.936565383038264
complex_total,4499,0.6591999069903283,-24.48496319908088
complex_total,4500,-0.8483834967767341,-24.323279468121513
complex_total,4501,-0.9007775020028355,-19.21170657304257
complex_total,4502,-3.0938892080527847,-20.471364507733686
complex_total,4503,-1.9726834332263192,-56.02199369513258
complex_total,4504,-1.8961423078758455,-36.83898329884153
complex_total,4505,-0.8483834967767341,-24.323279468121513
complex_total,4506,-0.9037342695242884,-28.140607801319785
complex_total,4507,0.6591999069903283,-24.48496319908088
complex_total,4508,-0.3408608142201819,-17.095306498427785
complex_total,4509,-0.019973909691869185,-12.363480206440094
complex_total,4510,-0.9037342695242884,-28.140607801319785
complex_total,4511,-1.2161942915462667,-25.936565383038264
complex_total,4512,-0.5155806338395531,142.1085906649845
complex_total,4513,0.0597714461825507,26.203020733675412
complex_total,4514,-2.0350149357843192,-13.000524010664083
complex_total,4515,-1.8961423078758455,-36.83898329884153
complex_total,4516,-0.9007775020028355,-19.21170657304257
complex_total,4517,-1.408691622842758,-73.11254949492694
complex_total,4518,-1.2161942915462667,-25.936565383038264
complex_total,4519,-1.408691622842758,-73.11254949492694
complex_total,4520,0.6591999069903283,-24.48496319908088
complex_total,4521,0.7291757661069176,2.2372023607312848
complex_total,4522,0.7291757661069176,2.2372023607312848
complex_total,4523,-1.4034453187297427,-22.013914694867083
complex_total,4524,0.17600315492980823,-0.8882028501007255
complex_total,4525,-2.0350149357843192,-13.000524010664083
complex_total,4526,-1.408691622842758,-73.11254949492694
complex_total,4527,0.7291757661069176,2.2372023607312848
complex_total,4528,-1.408691622842758,-73.11254949492694
complex_total,4529,-3.0938892080527847,-20.471364507733686
complex_total,4530,-1.2161942915462667,-25.936565383038264
complex_total,4531,0.0597714461825507,26.203020733675412
complex_total,4532,-1.4034453187297427,-22.013914694867083
complex_total,4533,-1.8961423078758455,-36.83898329884153
complex_total,4534,-0.5155806338395531,142.1085906649845
complex_total,4535,-0.9007775020028355,-19.21170657304257
complex_total,4536,-0.8483834967767341,-24.323279468121513
complex_total,4537,-0.019973909691869185,-12.363480206440094
complex_total,4538,-1.8622531995718083,-47.866249854101085
complex_total,4539,-1.9726834332263192,-56.02199369513258
complex_total,4540,-0.5155806338395531,142.1085906649845
complex_total,4541,-0.9037342695242884,-28.140607801319785
complex_total,4542,-1.408691622842758,-73.11254949492694
complex_total,4543,-0.019973909691869185,-12.363480206440094
complex_total,4544,-1.9726834332263192,-56.02199369513258
complex_total,4545,-1.8622531995718083,-47.866249854101085
complex_total,4546,0.17600315492980823,-0.8882028501007255
complex_total,4547,-0.9037342695242884,-28.140607801319785
complex_total,4548,-1.2161942915462667,-25.936565383038264
complex_total,4549,0.6591999069903283,-24.48496319908088
complex_total,4550,-1.408691622842758,-73.11254949492694
complex_total,4551,-1.4034453187297427,-22.013914694867083
complex_total,4552,0.17600315492980823,-0.8882028501007255
complex_total,4553,-0.9037342695242884,-28.140607801319785
complex_total,4554,0.0597714461825507,26.203020733675412
complex_total,4555,0.7291757661069176,2.2372023607312848
complex_total,4556,-3.0938892080527847,-20.471364507733686
complex_total,4557,-1.8622531995718083,-47.866249854101085
complex_total,4558,-1.0032735420994048,-50.79206855996421
complex_total,4559,-1.4034453187297427,-22.013914694867083
complex_total,4560,-1.4034453187297427,-22.013914694867083
complex_total,4561,-0.5155806338395531,142.1085906649845
complex_total,4562,-0.5155806338395531,142.1085906649845
complex_total,4563,-3.0938892080527847,-20.471364507733686
complex_total,4564,-1.8622531995718083,-47.866249854101085
complex_total,4565,-0.019973909691869185,-12.363480206440094
complex_total,4566,-1.9726834332263192,-56.02199369513258
complex_total,4567,-0.8483834967767341,-24.323279468121513
complex_total,4568,-1.408691622842758,-73.11254949492694
complex_total,4569,0.6591999069903283,-24.48496319908088
complex_total,4570,-0.019973909691869185,-12.363480206440094
complex_total,4571,-0.9007775020028355,-19.21170657304257
complex_total,4572,-1.408691622842758,-73.11254949492694
complex_total,4573,0.6591999069903283,-24.48496319908088
complex_total,4574,-1.2161942915462667,-25.936565383038264
complex_total,4575,0.6591999069903283,-24.48496319908088
complex_total,4576,0.7291757661069176,2.2372023607312848
complex_total,4577,-1.9726834332263192,-56.02199369513258
complex_total,4578,-0.8483834967767341,-24.323279468121513
complex_total,4579,0.17600315492980823,-0.8882028501007255
complex_total,4580,-1.0032735420994048,-50.79206855996421
complex_total,4581,-1.8622531995718083,-47.866249854101085
complex_total,4582,-0.019973909691869185,-12.363480206440094
complex_total,4583,-2.0350149357843192,-13.000524010664083
complex_total,4584,-1.4034453187297427,-22.013914694867083
complex_total,4585,-0.3408608142201819,-17.095306498427785
complex_total,4586,0.17600315492980823,-0.8882028501007255
complex_total,4587,-1.2161942915462667,-25.936565383038264
complex_total,4588,-1.8961423078758455,-36.83898329884153
complex_total,4589,-1.4034453187297427,-22.013914694867083
complex_total,4590,-2.0350149357843192,-13.000524010664083
complex_total,4591,0.6591999069903283,-24.48496319908088
complex_total,4592,-1.408691622842758,-73.11254949492694
complex_total,4593,-0.5155806338395531,142.1085906649845
complex_total,4594,-2.0350149357843192,-13.000524010664083
complex_total,4595,-1.8622531995718083,-47.866249854101085
complex_total,4596,0.6591999069903283,-24.48496319908088
complex_total,4597,-1.8622531995718083,-47.866249854101085
complex_total,4598,0.17600315492980823,-0.8882028501007255
complex_total,4599,-0.3408608142201819,-17.095306498427785
complex_total,4600,-3.0938892080527847,-20.471364507733686
complex_total,4601,-0.8483834967767341,-24.323279468121513
complex_total,4602,-1.0032735420994048,-50.79206855996421
complex_total,4603,-0.5155806338395531,142.1085906649845
complex_total,4604,-1.4034453187297427,-22.013914694867083
complex_total,4605,-1.8622531995718083,-47.866249854101085
complex_total,4606,-1.8961423078758455,-36.83898329884153
complex_total,4607,-0.9037342695242884,-28.140607801319785
complex_total,4608,0.0597714461825507,26.203020733675412
complex_total,4609,0.6591999069903283,-24.48496319908088
complex_total,4610,-0.8483834967767341,-24.323279468121513
complex_total,4611,0.17600315492980823,-0.8882028501007255
complex_total,4612,-0.9037342695242884,-28.140607801319785
complex_total,4613,-0.019973909691869185,-12.363480206440094
complex_total,4614,-1.2161942915462667,-25.936565383038264
complex_total,4615,-1.4034453187297427,-22.013914694867083
complex_total,4616,-1.0032735420994048,-50.79206855996421
complex_total,4617,-3.0938892080527847,-20.471364507733686
complex_total,4618,-1.4034453187297427,-22.013914694867083
complex_total,4619,-3.0938892080527847,-20.471364507733686
complex_total,4620,-1.8961423078758455,-36.83898329884153
complex_total,4621,-0.9007775020028355,-19.21170657304257
complex_total,4622,-0.5155806338395531,142.1085906649845
complex_total,4623,0.6591999069903283,-24.48496319908088
complex_total,4624,-3.0938892080527847,-20.471364507733686
complex_total,4625,-1.0032735420994048,-50.79206855996421
complex_total,4626,-0.8483834967767341,-24.323279468121513
complex_total,4627,-1.0032735420994048,-50.79206855996421
complex_total,4628,-1.8961423078758455,-36.83898329884153
complex_total,4629,-0.019973909691869185,-12.363480206440094
complex_total,4630,0.17600315492980823,-0.8882028501007255
complex_total,4631,-0.9037342695242884,-28.140607801319785
complex_total,4632,-0.019973909691869185,-12.363480206440094
complex_total,4633,-1.408691622842758,-73.11254949492694
complex_total,4634,-1.4034453187297427,-22.013914694867083
complex_total,4635,-0.9007775020028355,-19.21170657304257
complex_total,4636,0.7291757661069176,2.2372023607312848
complex_total,4637,-0.9007775020028355,-19.21170657304257
complex_total,4638,-1.408691622842758,-73.11254949492694
complex_total,4639,0.17600315492980823,-0.8882028501007255
complex_total,4640,-1.408691622842758,-73.11254949492694
complex_total,4641,-1.8961423078758455,-36.83898329884153
complex_total,4642,-1.408691622842758,-73.11254949492694
complex_total,4643,-0.019973909691869185,-12.363480206440094
complex_total,4644,-1.2161942915462667,-25.936565383038264
complex_total,4645,-1.8961423078758455,-36.83898329884153
complex_total,4646,-0.5155806338395531,142.1085906649845
complex_total,4647,-1.9726834332263192,-56.02199369513258
complex_total,4648,-1.9726834332263192,-56.02199369513258
complex_total,4649,-0.019973909691869185,-12.363480206440094
complex_total,4650,-1.4034453187297427,-22.013914694867083
complex_total,4651,-1.0032735420994048,-50.79206855996421
complex_total,4652,0.17600315492980823,-0.8882028501007255
complex_total,4653,0.17600315492980823,-0.8882028501007255
complex_total,4654,-0.5155806338395531,142.1085906649845
complex_total,4655,-0.9037342695242884,-28.140607801319785
complex_total,4656,0.7291757661069176,2.2372023607312848
complex_total,4657,-1.2161942915462667,-25.936565383038264
complex_total,4658,-0.019973909691869185,-12.363480206440094
complex_total,4659,-1.8622531995718083,-47.866249854101085
complex_total,4660,-0.5155806338395531,142.1085906649845
complex_total,4661,-1.408691622842758,-73.11254949492694
complex_total,4662,0.7291757661069176,2.2372023607312848
complex_total,4663,-0.019973909691869185,-12.363480206440094
complex_total,4664,-0.9037342695242884,-28.140607801319785
complex_total,4665,-1.9726834332263192,-56.02199369513258
complex_total,4666,0.6591999069903283,-24.48496319908088
complex_total,4667,-0.8483834967767341,-24.323279468121513
complex_total,4668,-0.9037342695242884,-28.140607801319785
complex_total,4669,-1.408691622842758,-73.11254949492694
complex_total,4670,-0.9007775020028355,-19.21170657304257
complex_total,4671,-0.3408608142201819,-17.095306498427785
complex_total,4672,0.6591999069903283,-24.48496319908088
complex_total,4673,-2.0350149357843192,-13.000524010664083
complex_total,4674,-1.4034453187297427,-22.013914694867083
complex_total,4675,0.6591999069903283,-24.48496319908088
complex_total,4676,-0.8483834967767341,-24.323279468121513
complex_total,4677,-1.408691622842758,-73.11254949492694
complex_total,4678,-0.9037342695242884,-28.140607801319785
complex_total,4679,0.7291757661069176,2.2372023607312848
complex_total,4680,-0.3408608142201819,-17.095306498427785
complex_total,4681,-0.9007775020028355,-19.21170657304257
complex_total,4682,-1.8622531995718083,-47.866249854101085
complex_total,4683,0.17600315492980823,-0.8882028501007255
complex_total,4684,0.6591999069903283,-24.48496319908088
complex_total,4685,-0.019973909691869185,-12.363480206440094
complex_total,4686,-0.019973909691869185,-12.363480206440094
complex_total,4687,0.7291757661069176,2.2372023607312848
complex_total,4688,-2.0350149357843192,-13.000524010664083
complex_total,4689,-1.2161942915462667,-25.936565383038264
complex_total,4690,-0.5155806338395531,142.1085906649845
complex_total,4691,-2.0350149357843192,-13.000524010664083
complex_total,4692,-0.019973909691869185,-12.363480206440094
complex_total,4693,-0.019973909691869185,-12.363480206440094
complex_total,4694,0.6591999069903283,-24.48496319908088
complex_total,4695,-0.3408608142201819,-17.095306498427785
complex_total,4696,-2.0350149357843192,-13.000524010664083
complex_total,4697,-0.5155806338395531,142.1085906649845
complex_total,4698,-1.9726834332263192,-56.02199369513258
complex_total,4699,-1.4034453187297427,-22.013914694867083
complex_total,4700,-0.5155806338395531,142.1085906649845
complex_total,4701,-0.019973909691869185,-12.363480206440094
complex_total,4702,-1.8961423078758455,-36.83898329884153
complex_total,4703,-0.9007775020028355,-19.21170657304257
complex_total,4704,-1.9726834332263192,-56.02199369513258
complex_total,4705,-0.019973909691869185,-12.363480206440094
complex_total,4706,-0.9007775020028355,-19.21170657304257
complex_total,4707,-3.0938892080527847,-20.471364507733686
complex_total,4708,-0.9007775020028355,-19.21170657304257
complex_total,4709,0.6591999069903283,-24.48496319908088
complex_total,4710,-0.5155806338395531,142.1085906649845
complex_total,4711,-1.408691622842758,-73.11254949492694
complex_total,4712,-0.9007775020028355,-19.21170657304257
complex_total,4713,-0.9007775020028355,-19.21170657304257
complex_total,4714,-0.3408608142201819,-17.095306498427785
complex_total,4715,0.17600315492980823,-0.8882028501007255
complex_total,4716,0.6591999069903283,-24.48496319908088
complex_total,4717,-0.9007775020028355,-19.21170657304257
complex_total,4718,0.0597714461825507,26.203020733675412
complex_total,4719,-1.8961423078758455,-36.83898329884153
complex_total,4720,-0.5155806338395531,142.1085906649845
complex_total,4721,-0.9007775020028355,-19.21170657304257
complex_total,4722,-0.8483834967767341,-24.323279468121513
complex_total,4723,0.0597714461825507,26.203020733675412
complex_total,4724,0.7291757661069176,2.2372023607312848
complex_total,4725,-1.408691622842758,-73.11254949492694
complex_total,4726,-1.8622531995718083,-47.866249854101085
complex_total,4727,-1.4034453187297427,-22.013914694867083
complex_total,4728,0.7291757661069176,2.2372023607312848
complex_total,4729,-0.5155806338395531,142.1085906649845
complex_total,4730,0.0597714461825507,26.203020733675412
complex_total,4731,-1.2161942915462667,-25.936565383038264
complex_total,4732,-0.5155806338395531,142.1085906649845
complex_total,4733,-0.9007775020028355,-19.21170657304257
complex_total,4734,-1.8622531995718083,-47.866249854101085
complex_total,4735,-3.0938892080527847,-20.471364507733686
complex_total,4736,-3.0938892080527847,-20.471364507733686
complex_total,4737,-0.5155806338395531,142.1085906649845
complex_total,4738,-3.0938892080527847,-20.471364507733686
complex_total,4739,-1.4034453187297427,-22.013914694867083
complex_total,4740,-1.8622531995718083,-47.866249854101085
complex_total,4741,-1.8961423078758455,-36.83898329884153
complex_total,4742,-0.8483834967767341,-24.323279468121513
complex_total,4743,0.7291757661069176,2.2372023607312848
complex_total,4744,-1.8622531995718083,-47.866249854101085
complex_total,4745,-1.408691622842758,-73.11254949492694
complex_total,4746,-1.8622531995718083,-47.866249854101085
complex_total,4747,-0.019973909691869185,-12.363480206440094
complex_total,4748,-1.0032735420994048,-50.79206855996421
complex_total,4749,-1.9726834332263192,-56.02199369513258
complex_total,4750,-1.2161942915462667,-25.936565383038264
complex_total,4751,-1.0032735420994048,-50.79206855996421
complex_total,4752,-1.2161942915462667,-25.936565383038264
complex_total,4753,-1.8622531995718083,-47.866249854101085
complex_total,4754,0.0597714461825507,26.203020733675412
complex_total,4755,-3.0938892080527847,-20.471364507733686
complex_total,4756,-0.5155806338395531,142.1085906649845
complex_total,4757,-0.019973909691869185,-12.363480206440094
complex_total,4758,-1.8622531995718083,-47.866249854101085
complex_total,4759,-0.8483834967767341,-24.323279468121513
complex_total,4760,-0.5155806338395531,142.1085906649845
complex_total,4761,-0.3408608142201819,-17.095306498427785
complex_total,4762,-0.9037342695242884,-28.140607801319785
complex_total,4763,-1.0032735420994048,-50.79206855996421
complex_total,4764,-0.8483834967767341,-24.323279468121513
complex_total,4765,-3.0938892080527847,-20.471364507733686
complex_total,4766,-1.4034453187297427,-22.013914694867083
complex_total,4767,0.17600315492980823,-0.8882028501007255
complex_total,4768,0.0597714461825507,26.203020733675412
complex_total,4769,-1.8622531995718083,-47.866249854101085
complex_total,4770,-0.019973909691869185,-12.363480206440094
complex_total,4771,0.6591999069903283,-24.48496319908088
complex_total,4772,-2.0350149357843192,-13.000524010664083
complex_total,4773,-2.0350149357843192,-13.000524010664083
complex_total,4774,-1.4034453187297427,-22.013914694867083
complex_total,4775,0.17600315492980823,-0.8882028501007255
complex_total,4776,-0.9007775020028355,-19.21170657304257
complex_total,4777,-0.3408608142201819,-17.095306498427785
complex_total,4778,0.7291757661069176,2.2372023607312848
complex_total,4779,-0.8483834967767341,-24.323279468121513
complex_total,4780,-0.019973909691869185,-12.363480206440094
complex_total,4781,-1.408691622842758,-73.11254949492694
complex_total,4782,-3.0938892080527847,-20.471364507733686
complex_total,4783,-3.0938892080527847,-20.471364507733686
complex_total,4784,-0.5155806338395531,142.1085906649845
complex_total,4785,-1.8961423078758455,-36.83898329884153
complex_total,4786,-1.9726834332263192,-56.02199369513258
complex_total,4787,-1.2161942915462667,-25.936565383038264
complex_total,4788,-0.5155806338395531,142.1085906649845
complex_total,4789,-0.9037342695242884,-28.140607801319785
complex_total,4790,-0.8483834967767341,-24.323279468121513
complex_total,4791,-1.8622531995718083,-47.866249854101085
complex_total,4792,-1.9726834332263192,-56.02199369513258
complex_total,4793,-1.8961423078758455,-36.83898329884153
complex_total,4794,-0.019973909691869185,-12.363480206440094
complex_total,4795,-0.8483834967767341,-24.323279468121513
complex_total,4796,-1.4034453187297427,-22.013914694867083
complex_total,4797,-1.9726834332263192,-56.02199369513258
complex_total,4798,-1.2161942915462667,-25.936565383038264
complex_total,4799,-1.4034453187297427,-22.013914694867083
complex_total,4800,-0.3408608142201819,-17.095306498427785
complex_total,4801,-0.8483834967767341,-24.323279468121513
complex_total,4802,-1.8622531995718083,-47.866249854101085
complex_total,4803,-0.3408608142201819,-17.095306498427785
complex_total,4804,0.7291757661069176,2.2372023607312848
complex_total,4805,-0.9037342695242884,-28.140607801319785
complex_total,4806,-0.5155806338395531,142.1085906649845
complex_total,4807,-0.5155806338395531,142.1085906649845
complex_total,4808,0.6591999069903283,-24.48496319908088
complex_total,4809,0.0597714461825507,26.203020733675412
complex_total,4810,-1.8961423078758455,-36.83898329884153
complex_total,4811,-1.2161942915462667,-25.936565383038264
complex_total,4812,-2.0350149357843192,-13.000524010664083
complex_total,4813,0.0597714461825507,26.203020733675412
complex_total,4814,-1.8961423078758455,-36.83898329884153
complex_total,4815,-1.9726834332263192,-56.02199369513258
complex_total,4816,-1.4034453187297427,-22.013914694867083
complex_total,4817,-1.4034453187297427,-22.013914694867083
complex_total,4818,-3.0938892080527847,-20.471364507733686
complex_total,4819,-1.2161942915462667,-25.936565383038264
complex_total,4820,0.7291757661069176,2.2372023607312848
complex_total,4821,-3.0938892080527847,-20.471364507733686
complex_total,4822,-1.8622531995718083,-47.866249854101085
complex_total,4823,-3.0938892080527847,-20.471364507733686
complex_total,4824,-1.8622531995718083,-47.866249854101085
complex_total,4825,0.17600315492980823,-0.8882028501007255
complex_total,4826,-1.2161942915462667,-25.936565383038264
complex_total,4827,-0.9007775020028355,-19.21170657304257
complex_total,4828,-2.0350149357843192,-13.000524010664083
complex_total,4829,-1.2161942915462667,-25.936565383038264
complex_total,4830,-2.0350149357843192,-13.000524010664083
complex_total,4831,-0.9037342695242884,-28.140607801319785
complex_total,4832,0.17600315492980823,-0.8882028501007255
complex_total,4833,-0.5155806338395531,142.1085906649845
complex_total,4834,-3.0938892080527847,-20.471364507733686
complex_total,4835,-0.5155806338395531,142.1085906649845
complex_total,4836,0.0597714461825507,26.203020733675412
complex_total,4837,-1.8622531995718083,-47.866249854101085
complex_total,4838,-1.4034453187297427,-22.013914694867083
complex_total,4839,0.0597714461825507,26.203020733675412
complex_total,4840,-0.8483834967767341,-24.323279468121513
complex_total,4841,-1.4034453187297427,-22.013914694867083
complex_total,4842,-0.3408608142201819,-17.095306498427785
complex_total,4843,0.7291757661069176,2.2372023607312848
complex_total,4844,-3.0938892080527847,-20.471364507733686
complex_total,4845,-0.5155806338395531,142.1085906649845
complex_total,4846,-3.0938892080527847,-20.471364507733686
complex_total,4847,0.6591999069903283,-24.48496319908088
complex_total,4848,-0.9007775020028355,-19.21170657304257
complex_total,4849,0.6591999069903283,-24.48496319908088
complex_total,4850,-1.4034453187297427,-22.013914694867083
complex_total,4851,-0.5155806338395531,142.1085906649845
complex_total,4852,-1.0032735420994048,-50.79206855996421
complex_total,4853,-0.019973909691869185,-12.363480206440094
complex_total,4854,-0.5155806338395531,142.1085906649845
complex_total,4855,-3.0938892080527847,-20.471364507733686
complex_total,4856,-0.9037342695242884,-28.140607801319785
complex_total,4857,-1.2161942915462667,-25.936565383038264
complex_total,4858,0.6591999069903283,-24.48496319908088
complex_total,4859,0.7291757661069176,2.2372023607312848
complex_total,4860,0.6591999069903283,-24.48496319908088
complex_total,4861,-1.9726834332263192,-56.02199369513258
complex_total,4862,-1.9726834332263192,-56.02199369513258
complex_total,4863,0.6591999069903283,-24.48496319908088
complex_total,4864,-2.0350149357843192,-13.000524010664083
complex_total,4865,-2.0350149357843192,-13.000524010664083
complex_total,4866,-1.408691622842758,-73.11254949492694
complex_total,4867,-3.0938892080527847,-20.471364507733686
complex_total,4868,-1.4034453187297427,-22.013914694867083
complex_total,4869,-0.019973909691869185,-12.363480206440094
complex_total,4870,-1.8622531995718083,-47.866249854101085
complex_total,4871,-0.3408608142201819,-17.095306498427785
complex_total,4872,-0.8483834967767341,-24.323279468121513
complex_total,4873,-0.9037342695242884,-28.140607801319785
complex_total,4874,-0.9007775020028355,-19.21170657304257
complex_total,4875,-1.9726834332263192,-56.02199369513258
complex_total,4876,0.7291757661069176,2.2372023607312848
complex_total,4877,-0.9007775020028355,-19.21170657304257
complex_total,4878,-0.9007775020028355,-19.21170657304257
complex_total,4879,0.17600315492980823,-0.8882028501007255
complex_total,4880,-3.0938892080527847,-20.471364507733686
complex_total,4881,-1.9726834332263192,-56.02199369513258
complex_total,4882,-0.019973909691869185,-12.363480206440094
complex_total,4883,-1.8622531995718083,-47.866249854101085
complex_total,4884,-2.0350149357843192,-13.000524010664083
complex_total,4885,0.17600315492980823,-0.8882028501007255
complex_total,4886,-0.5155806338395531,142.1085906649845
complex_total,4887,-3.0938892080527847,-20.471364507733686
complex_total,4888,-0.8483834967767341,-24.323279468121513
complex_total,4889,-1.8961423078758455,-36.83898329884153
complex_total,4890,-0.3408608142201819,-17.095306498427785
complex_total,4891,0.6591999069903283,-24.48496319908088
complex_total,4892,-1.4034453187297427,-22.013914694867083
complex_total,4893,-1.8961423078758455,-36.83898329884153
complex_total,4894,-1.2161942915462667,-25.936565383038264
complex_total,4895,-0.9007775020028355,-19.21170657304257
complex_total,4896,0.6591999069903283,-24.48496319908088
complex_total,4897,-1.2161942915462667,-25.936565383038264
complex_total,4898,-0.3408608142201819,-17.095306498427785
complex_total,4899,-3.0938892080527847,-20.471364507733686
complex_total,4900,0.17600315492980823,-0.8882028501007255
complex_total,4901,-1.4034453187297427,-22.013914694867083
complex_total,4902,-0.019973909691869185,-12.363480206440094
complex_total,4903,-0.019973909691869185,-12.363480206440094
complex_total,4904,-0.5155806338395531,142.1085906649845
complex_total,4905,-1.0032735420994048,-50.79206855996421
complex_total,4906,0.7291757661069176,2.2372023607312848
complex_total,4907,-0.9037342695242884,-28.140607801319785
complex_total,4908,-1.408691622842758,-73.11254949492694
complex_total,4909,-1.2161942915462667,-25.936565383038264
complex_total,4910,-1.4034453187297427,-22.013914694867083
complex_total,4911,-1.0032735420994048,-50.79206855996421
complex_total,4912,-0.3408608142201819,-17.095306498427785
complex_total,4913,-1.8961423078758455,-36.83898329884153
complex_total,4914,0.17600315492980823,-0.8882028501007255
complex_total,4915,-1.2161942915462667,-25.936565383038264
complex_total,4916,-0.9007775020028355,-19.21170657304257
complex_total,4917,-0.3408608142201819,-17.095306498427785
complex_total,4918,-0.9037342695242884,-28.140607801319785
complex_total,4919,-2.0350149357843192,-13.000524010664083
complex_total,4920,0.0597714461825507,26.203020733675412
complex_total,4921,-0.9007775020028355,-19.21170657304257
complex_total,4922,-1.4034453187297427,-22.013914694867083
complex_total,4923,-1.8961423078758455,-36.83898329884153
complex_total,4924,-0.9037342695242884,-28.140607801319785
complex_total,4925,-0.019973909691869185,-12.363480206440094
complex_total,4926,-0.3408608142201819,-17.095306498427785
complex_total,4927,-0.8483834967767341,-24.323279468121513
complex_total,4928,-1.9726834332263192,-56.02199369513258
complex_total,4929,-0.9037342695242884,-28.140607801319785
complex_total,4930,0.7291757661069176,2.2372023607312848
complex_total,4931,-1.9726834332263192,-56.02199369513258
complex_total,4932,-0.5155806338395531,142.1085906649845
complex_total,4933,0.6591999069903283,-24.48496319908088
complex_total,4934,-1.9726834332263192,-56.02199369513258
complex_total,4935,-0.5155806338395531,142.1085906649845
complex_total,4936,0.6591999069903283,-24.48496319908088
complex_total,4937,-0.9007775020028355,-19.21170657304257
complex_total,4938,-1.408691622842758,-73.11254949492694
complex_total,4939,-2.0350149357843192,-13.000524010664083
complex_total,4940,-1.408691622842758,-73.11254949492694
complex_total,4941,-0.8483834967767341,-24.323279468121513
complex_total,4942,-1.4034453187297427,-22.013914694867083
complex_total,4943,0.0597714461825507,26.203020733675412
complex_total,4944,-3.0938892080527847,-20.471364507733686
complex_total,4945,0.6591999069903283,-24.48496319908088
complex_total,4946,0.17600315492980823,-0.8882028501007255
complex_total,4947,-1.4034453187297427,-22.013914694867083
complex_total,4948,0.7291757661069176,2.2372023607312848
complex_total,4949,-1.9726834332263192,-56.02199369513258
complex_total,4950,-0.8483834967767341,-24.323279468121513
complex_total,4951,-1.8622531995718083,-47.866249854101085
complex_total,4952,-1.8622531995718083,-47.866249854101085
complex_total,4953,-1.0032735420994048,-50.79206855996421
complex_total,4954,0.17600315492980823,-0.8882028501007255
complex_total,4955,-1.408691622842758,-73.11254949492694
complex_total,4956,-2.0350149357843192,-13.000524010664083
complex_total,4957,-0.5155806338395531,142.1085906649845
complex_total,4958,-0.3408608142201819,-17.095306498427785
complex_total,4959,-1.408691622842758,-73.11254949492694
complex_total,4960,-0.5155806338395531,142.1085906649845
complex_total,4961,-1.9726834332263192,-56.02199369513258
complex_total,4962,-1.0032735420994048,-50.79206855996421
complex_total,4963,-0.019973909691869185,-12.363480206440094
complex_total,4964,-0.5155806338395531,142.1085906649845
complex_total,4965,-0.9037342695242884,-28.140607801319785
complex_total,4966,-0.3408608142201819,-17.095306498427785
complex_total,4967,-1.8961423078758455,-36.83898329884153
complex_total,4968,-1.8961423078758455,-36.83898329884153
complex_total,4969,-0.3408608142201819,-17.095306498427785
complex_total,4970,-1.8961423078758455,-36.83898329884153
complex_total,4971,-0.8483834967767341,-24.323279468121513
complex_total,4972,-0.019973909691869185,-12.363480206440094
complex_total,4973,-0.8483834967767341,-24.323279468121513
complex_total,4974,0.17600315492980823,-0.8882028501007255
complex_total,4975,-1.408691622842758,-73.11254949492694
complex_total,4976,0.17600315492980823,-0.8882028501007255
complex_total,4977,-1.4034453187297427,-22.013914694867083
complex_total,4978,0.6591999069903283,-24.48496319908088
complex_total,4979,-2.0350149357843192,-13.000524010664083
complex_total,4980,0.6591999069903283,-24.48496319908088
complex_total,4981,-0.9037342695242884,-28.140607801319785
complex_total,4982,0.7291757661069176,2.2372023607312848
complex_total,4983,0.17600315492980823,-0.8882028501007255
complex_total,4984,-1.8961423078758455,-36.83898329884153
complex_total,4985,-1.9726834332263192,-56.02199369513258
complex_total,4986,-1.8961423078758455,-36.83898329884153
complex_total,4987,-1.2161942915462667,-25.936565383038264
complex_total,4988,-0.8483834967767341,-24.323279468121513
complex_total,4989,-0.9007775020028355,-19.21170657304257
complex_total,4990,-0.8483834967767341,-24.323279468121513
complex_total,4991,0.0597714461825507,26.203020733675412
complex_total,4992,-2.0350149357843192,-13.000524010664083
complex_total,4993,0.7291757661069176,2.2372023607312848
complex_total,4994,-1.2161942915462667,-25.936565383038264
complex_total,4995,-1.2161942915462667,-25.936565383038264
complex_total,4996,0.7291757661069176,2.2372023607312848
complex_total,4997,0.0597714461825507,26.203020733675412
complex_total,4998,-1.8622531995718083,-47.866249854101085
complex_total,4999,-1.2161942915462667,-25.936565383038264
park_high,0,-1.9726834332263192,-56.02199369513258
park_high,1,-1.0032735420994048,-50.79206855996421
park_high,2,-0.3408608142201819,-17.095306498427785
park_high,3,-1.8622531995718083,-47.866249854101085
park_high,4,-1.8622531995718083,-47.866249854101085
park_high,5,0.0597714461825507,26.203020733675412
park_high,6,-0.9037342695242884,-28.140607801319785
park_high,7,-2.0350149357843192,-13.000524010664083
park_high,8,-0.9037342695242884,-28.140607801319785
park_high,9,0.7291757661069176,2.2372023607312848
park_high,10,0.0597714461825507,26.203020733675412
park_high,11,-1.9726834332263192,-56.02199369513258
park_high,12,-1.9726834332263192,-56.02199369513258
park_high,13,0.7291757661069176,2.2372023607312848
park_high,14,-1.8961423078758455,-36.83898329884153
park_high,15,-0.3408608142201819,-17.095306498427785
park_high,16,-0.9037342695242884,-28.140607801319785
park_high,17,0.6591999069903283,-24.48496319908088
park_high,18,-3.0938892080527847,-20.471364507733686
park_high,19,0.7291757661069176,2.2372023607312848
park_high,20,-1.0032735420994048,-50.79206855996421
park_high,21,-0.019973909691869185,-12.363480206440094
park_high,22,-1.9726834332263192,-56.02199369513258
park_high,23,0.17600315492980823,-0.8882028501007255
park_high,24,0.0597714461825507,26.203020733675412
park_high,25,0.6591999069903283,-24.48496319908088
park_high,26,0.0597714461825507,26.203020733675412
park_high,27,-0.8483834967767341,-24.323279468121513
park_high,28,-1.8961423078758455,-36.83898329884153
park_high,29,-0.019973909691869185,-12.363480206440094
park_high,30,-0.9037342695242884,-28.140607801319785
park_high,31,-1.8961423078758455,-36.83898329884153
park_high,32,-0.9007775020028355,-19.21170657304257
park_high,33,0.0597714461825507,26.203020733675412
park_high,34,-0.019973909691869185,-12.363480206440094
park_high,35,0.7291757661069176,2.2372023607312848
park_high,36,-1.4034453187297427,-22.013914694867083
park_high,37,0.0597714461825507,26.203020733675412
park_high,38,-1.0032735420994048,-50.79206855996421
park_high,39,0.17600315492980823,-0.8882028501007255
park_high,40,-0.3408608142201819,-17.095306498427785
park_high,41,-3.0938892080527847,-20.471364507733686
park_high,42,-0.8483834967767341,-24.323279468121513
park_high,43,-0.9007775020028355,-19.21170657304257
park_high,44,0.7291757661069176,2.2372023607312848
park_high,45,-1.0032735420994048,-50.79206855996421
park_high,46,-1.9726834332263192,-56.02199369513258
park_high,47,-0.8483834967767341,-24.323279468121513
park_high,48,-2.0350149357843192,-13.000524010664083
park_high,49,-1.8961423078758455,-36.83898329884153
park_high,50,-1.9726834332263192,-56.02199369513258
park_high,51,-0.019973909691869185,-12.363480206440094
park_high,52,-0.019973909691869185,-12.363480206440094
park_high,53,-1.408691622842758,-73.11254949492694
park_high,54,-3.0938892080527847,-20.471364507733686
park_high,55,0.17600315492980823,-0.8882028501007255
park_high,56,-0.5155806338395531,142.1085906649845
park_high,57,-3.0938892080527847,-20.471364507733686
park_high,58,0.6591999069903283,-24.48496319908088
park_high,59,-1.0032735420994048,-50.79206855996421
park_high,60,-0.8483834967767341,-24.323279468121513
park_high,61,-0.3408608142201819,-17.095306498427785
park_high,62,-0.019973909691869185,-12.363480206440094
park_high,63,-0.8483834967767341,-24.323279468121513
park_high,64,-1.4034453187297427,-22.013914694867083
park_high,65,-1.0032735420994048,-50.79206855996421
park_high,66,-1.0032735420994048,-50.79206855996421
park_high,67,-0.3408608142201819,-17.095306498427785
park_high,68,-1.2161942915462667,-25.936565383038264
park_high,69,-1.8961423078758455,-36.83898329884153
park_high,70,-2.0350149357843192,-13.000524010664083
park_high,71,-2.0350149357843192,-13.000524010664083
park_high,72,0.17600315492980823,-0.8882028501007255
park_high,73,-1.8622531995718083,-47.866249854101085
park_high,74,-0.8483834967767341,-24.323279468121513
park_high,75,-1.8961423078758455,-36.83898329884153
park_high,76,-0.9007775020028355,-19.21170657304257
park_high,77,-3.0938892080527847,-20.471364507733686
park_high,78,-3.0938892080527847,-20.471364507733686
park_high,79,-0.5155806338395531,142.1085906649845
park_high,80,-1.8622531995718083,-47.866249854101085
park_high,81,-0.9007775020028355,-19.21170657304257
park_high,82,-1.4034453187297427,-22.013914694867083
park_high,83,-1.408691622842758,-73.11254949492694
park_high,84,-0.019973909691869185,-12.363480206440094
park_high,85,-3.0938892080527847,-20.471364507733686
park_high,86,-0.9037342695242884,-28.140607801319785
park_high,87,0.17600315492980823,-0.8882028501007255
park_high,88,-2.0350149357843192,-13.000524010664083
park_high,89,-1.8961423078758455,-36.83898329884153
park_high,90,-1.408691622842758,-73.11254949492694
park_high,91,-0.5155806338395531,142.1085906649845
park_high,92,0.6591999069903283,-24.48496319908088
park_high,93,0.0597714461825507,26.203020733675412
park_high,94,-2.0350149357843192,-13.000524010664083
park_high,95,0.0597714461825507,26.203020733675412
park_high,96,-0.9037342695242884,-28.140607801319785
park_high,97,-1.9726834332263192,-56.02199369513258
park_high,98,-1.8622531995718083,-47.866249854101085
park_high,99,-1.4034453187297427,-22.013914694867083
park_high,100,-1.4034453187297427,-22.013914694867083
park_high,101,-0.019973909691869185,-12.363480206440094
park_high,102,-0.3408608142201819,-17.095306498427785
park_high,103,-1.408691622842758,-73.11254949492694
park_high,104,-3.0938892080527847,-20.471364507733686
park_high,105,-0.9037342695242884,-28.140607801319785
park_high,106,-0.9037342695242884,-28.140607801319785
park_high,107,-0.3408608142201819,-17.095306498427785
park_high,108,-1.8961423078758455,-36.83898329884153
park_high,109,-0.5155806338395531,142.1085906649845
park_high,110,-0.3408608142201819,-17.095306498427785
park_high,111,-1.408691622842758,-73.11254949492694
park_high,112,-1.2161942915462667,-25.936565383038264
park_high,113,-1.2161942915462667,-25.936565383038264
park_high,114,-1.0032735420994048,-50.79206855996421
park_high,115,-1.408691622842758,-73.11254949492694
park_high,116,-0.3408608142201819,-17.095306498427785
park_high,117,-1.408691622842758,-73.11254949492694
park_high,118,-1.2161942915462667,-25.936565383038264
park_high,119,-1.8622531995718083,-47.866249854101085
park_high,120,-1.0032735420994048,-50.79206855996421
park_high,121,0.7291757661069176,2.2372023607312848
park_high,122,0.6591999069903283,-24.48496319908088
park_high,123,-0.9037342695242884,-28.140607801319785
park_high,124,-1.2161942915462667,-25.936565383038264
park_high,125,-1.4034453187297427,-22.013914694867083
park_high,126,0.17600315492980823,-0.8882028501007255
park_high,127,-0.9037342695242884,-28.140607801319785
park_high,128,-1.2161942915462667,-25.936565383038264
park_high,129,-3.0938892080527847,-20.471364507733686
park_high,130,-0.8483834967767341,-24.323279468121513
park_high,131,-1.8961423078758455,-36.83898329884153
park_high,132,0.0597714461825507,26.203020733675412
park_high,133,-2.0350149357843192,-13.000524010664083
park_high,134,-2.0350149357843192,-13.000524010664083
park_high,135,-1.8622531995718083,-47.866249854101085
park_high,136,-0.9037342695242884,-28.140607801319785
park_high,137,-1.4034453187297427,-22.013914694867083
park_high,138,-0.5155806338395531,142.1085906649845
park_high,139,-1.2161942915462667,-25.936565383038264
park_high,140,-0.8483834967767341,-24.323279468121513
park_high,141,-0.9007775020028355,-19.21170657304257
park_high,142,-0.3408608142201819,-17.095306498427785
park_high,143,-1.2161942915462667,-25.936565383038264
park_high,144,-1.8961423078758455,-36.83898329884153
park_high,145,0.17600315492980823,-0.8882028501007255
park_high,146,-2.0350149357843192,-13.000524010664083
park_high,147,-1.0032735420994048,-50.79206855996421
park_high,148,0.17600315492980823,-0.8882028501007255
park_high,149,-1.2161942915462667,-25.936565383038264
park_high,150,0.0597714461825507,26.203020733675412
park_high,151,-1.2161942915462667,-25.936565383038264
park_high,152,-0.5155806338395531,142.1085906649845
park_high,153,-0.019973909691869185,-12.363480206440094
park_high,154,-0.5155806338395531,142.1085906649845
park_high,155,-1.4034453187297427,-22.013914694867083
park_high,156,-0.3408608142201819,-17.095306498427785
park_high,157,-0.9007775020028355,-19.21170657304257
park_high,158,-0.9007775020028355,-19.21170657304257
park_high,159,-0.9037342695242884,-28.140607801319785
park_high,160,-0.5155806338395531,142.1085906649845
park_high,161,-1.9726834332263192,-56.02199369513258
park_high,162,-0.019973909691869185,-12.363480206440094
park_high,163,-1.4034453187297427,-22.013914694867083
park_high,164,-1.8622531995718083,-47.866249854101085
park_high,165,-1.8961423078758455,-36.83898329884153
park_high,166,-1.8961423078758455,-36.83898329884153
park_high,167,0.6591999069903283,-24.48496319908088
park_high,168,-1.8961423078758455,-36.83898329884153
park_high,169,-0.5155806338395531,142.1085906649845
park_high,170,-2.0350149357843192,-13.000524010664083
park_high,171,0.6591999069903283,-24.48496319908088
park_high,172,-1.2161942915462667,-25.936565383038264
park_high,173,-0.8483834967767341,-24.323279468121513
park_high,174,0.7291757661069176,2.2372023607312848
park_high,175,-1.4034453187297427,-22.013914694867083
park_high,176,-2.0350149357843192,-13.000524010664083
park_high,177,0.0597714461825507,26.203020733675412
park_high,178,-0.9007775020028355,-19.21170657304257
park_high,179,-2.0350149357843192,-13.000524010664083
park_high,180,-0.9007775020028355,-19.21170657304257
park_high,181,0.6591999069903283,-24.48496319908088
park_high,182,-1.2161942915462667,-25.936565383038264
park_high,183,-0.9007775020028355,-19.21170657304257
park_high,184,-1.0032735420994048,-50.79206855996421
park_high,185,0.17600315492980823,-0.8882028501007255
park_high,186,-0.3408608142201819,-17.095306498427785
park_high,187,-1.0032735420994048,-50.79206855996421
park_high,188,0.0597714461825507,26.203020733675412
park_high,189,-3.0938892080527847,-20.471364507733686
park_high,190,-1.0032735420994048,-50.79206855996421
park_high,191,-1.408691622842758,-73.11254949492694
park_high,192,-1.8622531995718083,-47.866249854101085
park_high,193,0.0597714461825507,26.203020733675412
park_high,194,-1.0032735420994048,-50.79206855996421
park_high,195,-3.0938892080527847,-20.471364507733686
park_high,196,0.0597714461825507,26.203020733675412
park_high,197,-1.9726834332263192,-56.02199369513258
park_high,198,-1.408691622842758,-73.11254949492694
park_high,199,-3.0938892080527847,-20.471364507733686
park_high,200,0.17600315492980823,-0.8882028501007255
park_high,201,0.17600315492980823,-0.8882028501007255
park_high,202,-0.019973909691869185,-12.363480206440094
park_high,203,-1.8622531995718083,-47.866249854101085
park_high,204,-0.8483834967767341,-24.323279468121513
park_high,205,-3.0938892080527847,-20.471364507733686
park_high,206,-1.4034453187297427,-22.013914694867083
park_high,207,-0.9007775020028355,-19.21170657304257
park_high,208,-1.8622531995718083,-47.866249854101085
park_high,209,-1.0032735420994048,-50.79206855996421
park_high,210,0.0597714461825507,26.203020733675412
park_high,211,-1.8961423078758455,-36.83898329884153
park_high,212,-1.2161942915462667,-25.936565383038264
park_high,213,-2.0350149357843192,-13.000524010664083
park_high,214,0.0597714461825507,26.203020733675412
park_high,215,0.7291757661069176,2.2372023607312848
park_high,216,-0.8483834967767341,-24.323279468121513
park_high,217,-0.5155806338395531,142.1085906649845
park_high,218,-2.0350149357843192,-13.000524010664083
park_high,219,-1.0032735420994048,-50.79206855996421
park_high,220,-0.8483834967767341,-24.323279468121513
park_high,221,-1.408691622842758,-73.11254949492694
park_high,222,-0.9007775020028355,-19.21170657304257
park_high,223,-1.408691622842758,-73.11254949492694
park_high,224,-1.8961423078758455,-36.83898329884153
park_high,225,-1.8961423078758455,-36.83898329884153
park_high,226,-0.5155806338395531,142.1085906649845
park_high,227,-0.019973909691869185,-12.363480206440094
park_high,228,-3.0938892080527847,-20.471364507733686
park_high,229,-3.0938892080527847,-20.471364507733686
park_high,230,-1.2161942915462667,-25.936565383038264
park_high,231,-0.8483834967767341,-24.323279468121513
park_high,232,-0.8483834967767341,-24.323279468121513
park_high,233,-1.9726834332263192,-56.02199369513258
park_high,234,-1.9726834332263192,-56.02199369513258
park_high,235,0.17600315492980823,-0.8882028501007255
park_high,236,-0.8483834967767341,-24.323279468121513
park_high,237,0.6591999069903283,-24.48496319908088
park_high,238,-1.8622531995718083,-47.866249854101085
park_high,239,-1.4034453187297427,-22.013914694867083
park_high,240,0.6591999069903283,-24.48496319908088
park_high,241,-1.8622531995718083,-47.866249854101085
park_high,242,-1.9726834332263192,-56.02199369513258
park_high,243,-0.9037342695242884,-28.140607801319785
park_high,244,-1.2161942915462667,-25.936565383038264
park_high,245,-1.408691622842758,-73.11254949492694
park_high,246,-0.9037342695242884,-28.140607801319785
park_high,247,-1.0032735420994048,-50.79206855996421
park_high,248,-1.8961423078758455,-36.83898329884153
park_high,249,0.0597714461825507,26.203020733675412
park_high,250,-0.019973909691869185,-12.363480206440094
park_high,251,-1.2161942915462667,-25.936565383038264
park_high,252,-1.0032735420994048,-50.79206855996421
park_high,253,-1.4034453187297427,-22.013914694867083
park_high,254,-0.9007775020028355,-19.21170657304257
park_high,255,-2.0350149357843192,-13.000524010664083
park_high,256,-0.019973909691869185,-12.363480206440094
park_high,257,-1.8622531995718083,-47.866249854101085
park_high,258,0.0597714461825507,26.203020733675412
park_high,259,-1.408691622842758,-73.11254949492694
park_high,260,-1.9726834332263192,-56.02199369513258
park_high,261,-1.408691622842758,-73.11254949492694
park_high,262,-1.2161942915462667,-25.936565383038264
park_high,263,-1.4034453187297427,-22.013914694867083
park_high,264,-0.019973909691869185,-12.363480206440094
park_high,265,-1.2161942915462667,-25.936565383038264
park_high,266,0.0597714461825507,26.203020733675412
park_high,267,-1.408691622842758,-73.11254949492694
park_high,268,-1.9726834332263192,-56.02199369513258
park_high,269,-0.8483834967767341,-24.323279468121513
park_high,270,0.6591999069903283,-24.48496319908088
park_high,271,-1.408691622842758,-73.11254949492694
park_high,272,-0.019973909691869185,-12.363480206440094
park_high,273,-1.8961423078758455,-36.83898329884153
park_high,274,-0.5155806338395531,142.1085906649845
park_high,275,0.0597714461825507,26.203020733675412
park_high,276,-0.8483834967767341,-24.323279468121513
park_high,277,-0.019973909691869185,-12.363480206440094
park_high,278,-0.3408608142201819,-17.095306498427785
park_high,279,0.7291757661069176,2.2372023607312848
park_high,280,-1.8961423078758455,-36.83898329884153
park_high,281,0.17600315492980823,-0.8882028501007255
park_high,282,-0.3408608142201819,-17.095306498427785
park_high,283,-1.8622531995718083,-47.866249854101085
park_high,284,-1.9726834332263192,-56.02199369513258
park_high,285,-1.408691622842758,-73.11254949492694
park_high,286,-0.9007775020028355,-19.21170657304257
park_high,287,-0.8483834967767341,-24.323279468121513
park_high,288,-2.0350149357843192,-13.000524010664083
park_high,289,-0.3408608142201819,-17.095306498427785
park_high,290,-1.4034453187297427,-22.013914694867083
park_high,291,-0.9037342695242884,-28.140607801319785
park_high,292,0.7291757661069176,2.2372023607312848
park_high,293,0.0597714461825507,26.203020733675412
park_high,294,-1.9726834332263192,-56.02199369513258
park_high,295,0.0597714461825507,26.203020733675412
park_high,296,-1.2161942915462667,-25.936565383038264
park_high,297,-2.0350149357843192,-13.000524010664083
park_high,298,-0.5155806338395531,142.1085906649845
park_high,299,0.0597714461825507,26.203020733675412
park_high,300,-0.5155806338395531,142.1085906649845
park_high,301,-0.3408608142201819,-17.095306498427785
park_high,302,-1.9726834332263192,-56.02199369513258
park_high,303,-0.019973909691869185,-12.363480206440094
park_high,304,-0.8483834967767341,-24.323279468121513
park_high,305,-1.408691622842758,-73.11254949492694
park_high,306,-0.3408608142201819,-17.095306498427785
park_high,307,0.17600315492980823,-0.8882028501007255
park_high,308,0.6591999069903283,-24.48496319908088
park_high,309,-0.3408608142201819,-17.095306498427785
park_high,310,-1.9726834332263192,-56.02199369513258
park_high,311,-1.4034453187297427,-22.013914694867083
park_high,312,-1.0032735420994048,-50.79206855996421
park_high,313,-1.4034453187297427,-22.013914694867083
park_high,314,0.17600315492980823,-0.8882028501007255
park_high,315,-1.9726834332263192,-56.02199369513258
park_high,316,-0.9037342695242884,-28.140607801319785
park_high,317,-3.0938892080527847,-20.471364507733686
park_high,318,-0.3408608142201819,-17.095306498427785
park_high,319,-1.8622531995718083,-47.866249854101085
park_high,320,-1.0032735420994048,-50.79206855996421
park_high,321,0.6591999069903283,-24.48496319908088
park_high,322,-1.0032735420994048,-50.79206855996421
park_high,323,-1.2161942915462667,-25.936565383038264
park_high,324,-1.9726834332263192,-56.02199369513258
park_high,325,0.7291757661069176,2.2372023607312848
park_high,326,-0.9037342695242884,-28.140607801319785
park_high,327,-2.0350149357843192,-13.000524010664083
park_high,328,0.6591999069903283,-24.48496319908088
park_high,329,0.6591999069903283,-24.48496319908088
park_high,330,-1.2161942915462667,-25.936565383038264
park_high,331,0.6591999069903283,-24.48496319908088
park_high,332,-2.0350149357843192,-13.000524010664083
park_high,333,-0.3408608142201819,-17.095306498427785
park_high,334,-1.8622531995718083,-47.866249854101085
park_high,335,-0.9007775020028355,-19.21170657304257
park_high,336,-0.5155806338395531,142.1085906649845
park_high,337,-2.0350149357843192,-13.000524010664083
park_high,338,-2.0350149357843192,-13.000524010664083
park_high,339,-1.8622531995718083,-47.866249854101085
park_high,340,-0.5155806338395531,142.1085906649845
park_high,341,-0.5155806338395531,142.1085906649845
park_high,342,-1.8961423078758455,-36.83898329884153
park_high,343,0.7291757661069176,2.2372023607312848
park_high,344,-2.0350149357843192,-13.000524010664083
park_high,345,-1.2161942915462667,-25.936565383038264
park_high,346,-0.5155806338395531,142.1085906649845
park_high,347,0.0597714461825507,26.203020733675412
park_high,348,-1.4034453187297427,-22.013914694867083
park_high,349,-1.9726834332263192,-56.02199369513258
park_high,350,-2.0350149357843192,-13.000524010664083
park_high,351,-1.408691622842758,-73.11254949492694
park_high,352,-0.019973909691869185,-12.363480206440094
park_high,353,-0.3408608142201819,-17.095306498427785
park_high,354,-1.9726834332263192,-56.02199369513258
park_high,355,-1.8622531995718083,-47.866249854101085
park_high,356,-1.4034453187297427,-22.013914694867083
park_high,357,-1.2161942915462667,-25.936565383038264
park_high,358,0.7291757661069176,2.2372023607312848
park_high,359,0.0597714461825507,26.203020733675412
park_high,360,0.17600315492980823,-0.8882028501007255
park_high,361,-0.019973909691869185,-12.363480206440094
park_high,362,-2.0350149357843192,-13.000524010664083
park_high,363,0.6591999069903283,-24.48496319908088
park_high,364,-0.9037342695242884,-28.140607801319785
park_high,365,-1.9726834332263192,-56.02199369513258
park_high,366,-1.8622531995718083,-47.866249854101085
park_high,367,-0.019973909691869185,-12.363480206440094
park_high,368,-3.0938892080527847,-20.471364507733686
park_high,369,-0.9037342695242884,-28.140607801319785
park_high,370,-1.408691622842758,-73.11254949492694
park_high,371,-0.5155806338395531,142.1085906649845
park_high,372,-0.019973909691869185,-12.363480206440094
park_high,373,0.17600315492980823,-0.8882028501007255
park_high,374,-0.3408608142201819,-17.095306498427785
park_high,375,-1.408691622842758,-73.11254949492694
park_high,376,-1.2161942915462667,-25.936565383038264
park_high,377,-0.5155806338395531,142.1085906649845
park_high,378,-1.2161942915462667,-25.936565383038264
park_high,379,0.0597714461825507,26.203020733675412
park_high,380,-0.9007775020028355,-19.21170657304257
park_high,381,-0.9037342695242884,-28.140607801319785
park_high,382,-1.9726834332263192,-56.02199369513258
park_high,383,-0.3408608142201819,-17.095306498427785
park_high,384,-1.0032735420994048,-50.79206855996421
park_high,385,0.0597714461825507,26.203020733675412
park_high,386,-2.0350149357843192,-13.000524010664083
park_high,387,-1.408691622842758,-73.11254949492694
park_high,388,-0.3408608142201819,-17.095306498427785
park_high,389,-2.0350149357843192,-13.000524010664083
park_high,390,0.0597714461825507,26.203020733675412
park_high,391,0.0597714461825507,26.203020733675412
park_high,392,-0.5155806338395531,142.1085906649845
park_high,393,-1.9726834332263192,-56.02199369513258
park_high,394,-2.0350149357843192,-13.000524010664083
park_high,395,-0.9037342695242884,-28.140607801319785
park_high,396,-0.9007775020028355,-19.21170657304257
park_high,397,-0.9007775020028355,-19.21170657304257
park_high,398,-1.2161942915462667,-25.936565383038264
park_high,399,0.6591999069903283,-24.48496319908088
park_high,400,-2.0350149357843192,-13.000524010664083
park_high,401,-0.3408608142201819,-17.095306498427785
park_high,402,-0.3408608142201819,-17.095306498427785
park_high,403,-1.8622531995718083,-47.866249854101085
park_high,404,-1.0032735420994048,-50.79206855996421
park_high,405,0.6591999069903283,-24.48496319908088
park_high,406,-3.0938892080527847,-20.471364507733686
park_high,407,-1.8961423078758455,-36.83898329884153
park_high,408,-1.0032735420994048,-50.79206855996421
park_high,409,-1.0032735420994048,-50.79206855996421
park_high,410,-0.5155806338395531,142.1085906649845
park_high,411,0.6591999069903283,-24.48496319908088
park_high,412,-3.0938892080527847,-20.471364507733686
park_high,413,-0.019973909691869185,-12.363480206440094
park_high,414,-3.0938892080527847,-20.471364507733686
park_high,415,0.6591999069903283,-24.48496319908088
park_high,416,-1.9726834332263192,-56.02199369513258
park_high,417,-1.8622531995718083,-47.866249854101085
park_high,418,-0.019973909691869185,-12.363480206440094
park_high,419,0.6591999069903283,-24.48496319908088
park_high,420,-0.019973909691869185,-12.363480206440094
park_high,421,0.17600315492980823,-0.8882028501007255
park_high,422,-0.9037342695242884,-28.140607801319785
park_high,423,0.6591999069903283,-24.48496319908088
park_high,424,0.6591999069903283,-24.48496319908088
park_high,425,-0.3408608142201819,-17.095306498427785
park_high,426,-1.2161942915462667,-25.936565383038264
park_high,427,-1.0032735420994048,-50.79206855996421
park_high,428,-0.9007775020028355,-19.21170657304257
park_high,429,-1.2161942915462667,-25.936565383038264
park_high,430,-2.0350149357843192,-13.000524010664083
park_high,431,-1.8622531995718083,-47.866249854101085
park_high,432,-1.408691622842758,-73.11254949492694
park_high,433,0.6591999069903283,-24.48496319908088
park_high,434,-1.8961423078758455,-36.83898329884153
park_high,435,-0.019973909691869185,-12.363480206440094
park_high,436,0.6591999069903283,-24.48496319908088
park_high,437,-0.3408608142201819,-17.095306498427785
park_high,438,-1.0032735420994048,-50.79206855996421
park_high,439,-1.4034453187297427,-22.013914694867083
park_high,440,0.17600315492980823,-0.8882028501007255
park_high,441,0.17600315492980823,-0.8882028501007255
park_high,442,-0.5155806338395531,142.1085906649845
park_high,443,-1.9726834332263192,-56.02199369513258
park_high,444,-1.9726834332263192,-56.02199369513258
park_high,445,0.7291757661069176,2.2372023607312848
park_high,446,-0.9037342695242884,-28.140607801319785
park_high,447,-0.9007775020028355,-19.21170657304257
park_high,448,-0.9037342695242884,-28.140607801319785
park_high,449,-0.3408608142201819,-17.095306498427785
park_high,450,-1.4034453187297427,-22.013914694867083
park_high,451,0.6591999069903283,-24.48496319908088
park_high,452,-1.8622531995718083,-47.866249854101085
park_high,453,0.0597714461825507,26.203020733675412
park_high,454,-0.9007775020028355,-19.21170657304257
park_high,455,-3.0938892080527847,-20.471364507733686
park_high,456,-1.8622531995718083,-47.866249854101085
park_high,457,-1.0032735420994048,-50.79206855996421
park_high,458,-1.2161942915462667,-25.936565383038264
park_high,459,0.7291757661069176,2.2372023607312848
park_high,460,-1.0032735420994048,-50.79206855996421
park_high,461,-0.3408608142201819,-17.095306498427785
park_high,462,-0.9037342695242884,-28.140607801319785
park_high,463,-1.2161942915462667,-25.936565383038264
park_high,464,-0.9007775020028355,-19.21170657304257
park_high,465,-0.5155806338395531,142.1085906649845
park_high,466,-0.3408608142201819,-17.095306498427785
park_high,467,0.6591999069903283,-24.48496319908088
park_high,468,-1.4034453187297427,-22.013914694867083
park_high,469,-1.2161942915462667,-25.936565383038264
park_high,470,-3.0938892080527847,-20.471364507733686
park_high,471,-0.3408608142201819,-17.095306498427785
park_high,472,-3.0938892080527847,-20.471364507733686
park_high,473,-2.0350149357843192,-13.000524010664083
park_high,474,0.17600315492980823,-0.8882028501007255
park_high,475,-0.3408608142201819,-17.095306498427785
park_high,476,-1.8622531995718083,-47.866249854101085
park_high,477,0.17600315492980823,-0.8882028501007255
park_high,478,-0.8483834967767341,-24.323279468121513
park_high,479,-1.9726834332263192,-56.02199369513258
park_high,480,-1.0032735420994048,-50.79206855996421
park_high,481,-0.9037342695242884,-28.140607801319785
park_high,482,-0.019973909691869185,-12.363480206440094
park_high,483,-3.0938892080527847,-20.471364507733686
park_high,484,-1.8961423078758455,-36.83898329884153
park_high,485,0.17600315492980823,-0.8882028501007255
park_high,486,-0.019973909691869185,-12.363480206440094
park_high,487,-2.0350149357843192,-13.000524010664083
park_high,488,-1.8622531995718083,-47.866249854101085
park_high,489,-0.019973909691869185,-12.363480206440094
park_high,490,0.0597714461825507,26.203020733675412
park_high,491,-0.9007775020028355,-19.21170657304257
park_high,492,-0.9007775020028355,-19.21170657304257
park_high,493,-1.2161942915462667,-25.936565383038264
park_high,494,-1.9726834332263192,-56.02199369513258
park_high,495,-0.019973909691869185,-12.363480206440094
park_high,496,-0.9007775020028355,-19.21170657304257
park_high,497,-2.0350149357843192,-13.000524010664083
park_high,498,0.0597714461825507,26.203020733675412
park_high,499,-0.9007775020028355,-19.21170657304257
park_high,500,-3.0938892080527847,-20.471364507733686
park_high,501,-0.9007775020028355,-19.21170657304257
park_high,502,-0.9007775020028355,-19.21170657304257
park_high,503,-1.8622531995718083,-47.866249854101085
park_high,504,-0.8483834967767341,-24.323279468121513
park_high,505,-0.019973909691869185,-12.363480206440094
park_high,506,-0.9007775020028355,-19.21170657304257
park_high,507,0.6591999069903283,-24.48496319908088
park_high,508,-1.8961423078758455,-36.83898329884153
park_high,509,0.7291757661069176,2.2372023607312848
park_high,510,-0.3408608142201819,-17.095306498427785
park_high,511,-0.8483834967767341,-24.323279468121513
park_high,512,-2.0350149357843192,-13.000524010664083
park_high,513,-0.019973909691869185,-12.363480206440094
park_high,514,-1.8961423078758455,-36.83898329884153
park_high,515,-1.2161942915462667,-25.936565383038264
park_high,516,-1.408691622842758,-73.11254949492694
park_high,517,-2.0350149357843192,-13.000524010664083
park_high,518,-1.0032735420994048,-50.79206855996421
park_high,519,-0.5155806338395531,142.1085906649845
park_high,520,-1.0032735420994048,-50.79206855996421
park_high,521,-1.4034453187297427,-22.013914694867083
park_high,522,-1.2161942915462667,-25.936565383038264
park_high,523,0.7291757661069176,2.2372023607312848
park_high,524,0.6591999069903283,-24.48496319908088
park_high,525,-0.9007775020028355,-19.21170657304257
park_high,526,-0.019973909691869185,-12.363480206440094
park_high,527,-0.019973909691869185,-12.363480206440094
park_high,528,-1.408691622842758,-73.11254949492694
park_high,529,-0.5155806338395531,142.1085906649845
park_high,530,-1.9726834332263192,-56.02199369513258
park_high,531,-1.8622531995718083,-47.866249854101085
park_high,532,-0.019973909691869185,-12.363480206440094
park_high,533,-1.9726834332263192,-56.02199369513258
park_high,534,0.0597714461825507,26.203020733675412
park_high,535,-3.0938892080527847,-20.471364507733686
park_high,536,-0.8483834967767341,-24.323279468121513
park_high,537,-1.4034453187297427,-22.013914694867083
park_high,538,-1.2161942915462667,-25.936565383038264
park_high,539,-2.0350149357843192,-13.000524010664083
park_high,540,-1.408691622842758,-73.11254949492694
park_high,541,-1.2161942915462667,-25.936565383038264
park_high,542,0.6591999069903283,-24.48496319908088
park_high,543,-2.0350149357843192,-13.000524010664083
park_high,544,0.6591999069903283,-24.48496319908088
park_high,545,-0.5155806338395531,142.1085906649845
park_high,546,0.0597714461825507,26.203020733675412
park_high,547,-0.019973909691869185,-12.363480206440094
park_high,548,-0.3408608142201819,-17.095306498427785
park_high,549,-3.0938892080527847,-20.471364507733686
park_high,550,-0.8483834967767341,-24.323279468121513
park_high,551,0.17600315492980823,-0.8882028501007255
park_high,552,-1.9726834332263192,-56.02199369513258
park_high,553,-1.2161942915462667,-25.936565383038264
park_high,554,-1.2161942915462667,-25.936565383038264
park_high,555,-1.2161942915462667,-25.936565383038264
park_high,556,-1.0032735420994048,-50.79206855996421
park_high,557,-0.3408608142201819,-17.095306498427785
park_high,558,-1.0032735420994048,-50.79206855996421
park_high,559,-2.0350149357843192,-13.000524010664083
park_high,560,-0.5155806338395531,142.1085906649845
park_high,561,-1.8961423078758455,-36.83898329884153
park_high,562,0.7291757661069176,2.2372023607312848
park_high,563,0.6591999069903283,-24.48496319908088
park_high,564,-0.3408608142201819,-17.095306498427785
park_high,565,-0.9037342695242884,-28.140607801319785
park_high,566,0.6591999069903283,-24.48496319908088
park_high,567,-0.019973909691869185,-12.363480206440094
park_high,568,-1.8961423078758455,-36.83898329884153
park_high,569,-0.9037342695242884,-28.140607801319785
park_high,570,-1.8961423078758455,-36.83898329884153
park_high,571,0.6591999069903283,-24.48496319908088
park_high,572,-1.8961423078758455,-36.83898329884153
park_high,573,-0.9007775020028355,-19.21170657304257
park_high,574,-1.8622531995718083,-47.866249854101085
park_high,575,0.7291757661069176,2.2372023607312848
park_high,576,-1.8961423078758455,-36.83898329884153
park_high,577,-1.408691622842758,-73.11254949492694
park_high,578,0.6591999069903283,-24.48496319908088
park_high,579,-2.0350149357843192,-13.000524010664083
park_high,580,-3.0938892080527847,-20.471364507733686
park_high,581,-1.408691622842758,-73.11254949492694
park_high,582,-1.0032735420994048,-50.79206855996421
park_high,583,-1.0032735420994048,-50.79206855996421
park_high,584,-1.408691622842758,-73.11254949492694
park_high,585,-0.8483834967767341,-24.323279468121513
park_high,586,-1.8961423078758455,-36.83898329884153
park_high,587,-0.9037342695242884,-28.140607801319785
park_high,588,-1.408691622842758,-73.11254949492694
park_high,589,-0.9037342695242884,-28.140607801319785
park_high,590,0.6591999069903283,-24.48496319908088
park_high,591,0.6591999069903283,-24.48496319908088
park_high,592,-1.408691622842758,-73.11254949492694
park_high,593,0.17600315492980823,-0.8882028501007255
park_high,594,0.6591999069903283,-24.48496319908088
park_high,595,-1.9726834332263192,-56.02199369513258
park_high,596,-1.2161942915462667,-25.936565383038264
park_high,597,0.0597714461825507,26.203020733675412
park_high,598,0.7291757661069176,2.2372023607312848
park_high,599,-3.0938892080527847,-20.471364507733686
park_high,600,-1.408691622842758,-73.11254949492694
park_high,601,-1.8622531995718083,-47.866249854101085
park_high,602,-1.0032735420994048,-50.79206855996421
park_high,603,-1.8961423078758455,-36.83898329884153
park_high,604,-0.9037342695242884,-28.140607801319785
park_high,605,-3.0938892080527847,-20.471364507733686
park_high,606,-0.9037342695242884,-28.140607801319785
park_high,607,-1.8622531995718083,-47.866249854101085
park_high,608,-1.9726834332263192,-56.02199369513258
park_high,609,-1.9726834332263192,-56.02199369513258
park_high,610,-0.8483834967767341,-24.323279468121513
park_high,611,0.17600315492980823,-0.8882028501007255
park_high,612,0.17600315492980823,-0.8882028501007255
park_high,613,-1.2161942915462667,-25.936565383038264
park_high,614,0.7291757661069176,2.2372023607312848
park_high,615,-3.0938892080527847,-20.471364507733686
park_high,616,0.6591999069903283,-24.48496319908088
park_high,617,-2.0350149357843192,-13.000524010664083
park_high,618,0.7291757661069176,2.2372023607312848
park_high,619,-1.0032735420994048,-50.79206855996421
park_high,620,-3.0938892080527847,-20.471364507733686
park_high,621,-1.4034453187297427,-22.013914694867083
park_high,622,-0.9007775020028355,-19.21170657304257
park_high,623,-1.9726834332263192,-56.02199369513258
park_high,624,-1.4034453187297427,-22.013914694867083
park_high,625,-1.8622531995718083,-47.866249854101085
park_high,626,-0.019973909691869185,-12.363480206440094
park_high,627,0.0597714461825507,26.203020733675412
park_high,628,0.0597714461825507,26.203020733675412
park_high,629,0.6591999069903283,-24.48496319908088
park_high,630,0.0597714461825507,26.203020733675412
park_high,631,-0.9007775020028355,-19.21170657304257
park_high,632,-0.019973909691869185,-12.363480206440094
park_high,633,0.6591999069903283,-24.48496319908088
park_high,634,0.6591999069903283,-24.48496319908088
park_high,635,-0.019973909691869185,-12.363480206440094
park_high,636,-0.9037342695242884,-28.140607801319785
park_high,637,-3.0938892080527847,-20.471364507733686
park_high,638,-0.9007775020028355,-19.21170657304257
park_high,639,-0.3408608142201819,-17.095306498427785
park_high,640,-1.4034453187297427,-22.013914694867083
park_high,641,0.0597714461825507,26.203020733675412
park_high,642,-1.2161942915462667,-25.936565383038264
park_high,643,-1.4034453187297427,-22.013914694867083
park_high,644,0.0597714461825507,26.203020733675412
park_high,645,-0.5155806338395531,142.1085906649845
park_high,646,0.6591999069903283,-24.48496319908088
park_high,647,-0.9037342695242884,-28.140607801319785
park_high,648,0.17600315492980823,-0.8882028501007255
park_high,649,0.6591999069903283,-24.48496319908088
park_high,650,-0.019973909691869185,-12.363480206440094
park_high,651,0.7291757661069176,2.2372023607312848
park_high,652,-0.9037342695242884,-28.140607801319785
park_high,653,0.6591999069903283,-24.48496319908088
park_high,654,-0.5155806338395531,142.1085906649845
park_high,655,-3.0938892080527847,-20.471364507733686
park_high,656,-0.019973909691869185,-12.363480206440094
park_high,657,-1.408691622842758,-73.11254949492694
park_high,658,-1.2161942915462667,-25.936565383038264
park_high,659,-1.8622531995718083,-47.866249854101085
park_high,660,0.0597714461825507,26.203020733675412
park_high,661,-2.0350149357843192,-13.000524010664083
park_high,662,0.7291757661069176,2.2372023607312848
park_high,663,-0.9037342695242884,-28.140607801319785
park_high,664,-1.2161942915462667,-25.936565383038264
park_high,665,-1.9726834332263192,-56.02199369513258
park_high,666,-0.8483834967767341,-24.323279468121513
park_high,667,0.6591999069903283,-24.48496319908088
park_high,668,-0.9007775020028355,-19.21170657304257
park_high,669,-1.8622531995718083,-47.866249854101085
park_high,670,-0.9037342695242884,-28.140607801319785
park_high,671,-0.3408608142201819,-17.095306498427785
park_high,672,-2.0350149357843192,-13.000524010664083
park_high,673,0.7291757661069176,2.2372023607312848
park_high,674,-1.4034453187297427,-22.013914694867083
park_high,675,-0.9037342695242884,-28.140607801319785
park_high,676,-1.8961423078758455,-36.83898329884153
park_high,677,-1.8622531995718083,-47.866249854101085
park_high,678,-0.8483834967767341,-24.323279468121513
park_high,679,-1.408691622842758,-73.11254949492694
park_high,680,-0.8483834967767341,-24.323279468121513
park_high,681,-3.0938892080527847,-20.471364507733686
park_high,682,-3.0938892080527847,-20.471364507733686
park_high,683,-0.9037342695242884,-28.140607801319785
park_high,684,-1.9726834332263192,-56.02199369513258
park_high,685,-0.9037342695242884,-28.140607801319785
park_high,686,-1.408691622842758,-73.11254949492694
park_high,687,-0.019973909691869185,-12.363480206440094
park_high,688,-0.3408608142201819,-17.095306498427785
park_high,689,-2.0350149357843192,-13.000524010664083
park_high,690,-0.8483834967767341,-24.323279468121513
park_high,691,0.17600315492980823,-0.8882028501007255
park_high,692,-0.8483834967767341,-24.323279468121513
park_high,693,-1.8622531995718083,-47.866249854101085
park_high,694,0.7291757661069176,2.2372023607312848
park_high,695,-1.8622531995718083,-47.866249854101085
park_high,696,-1.0032735420994048,-50.79206855996421
park_high,697,0.0597714461825507,26.203020733675412
park_high,698,-1.2161942915462667,-25.936565383038264
park_high,699,0.0597714461825507,26.203020733675412
park_high,700,-1.4034453187297427,-22.013914694867083
park_high,701,-0.3408608142201819,-17.095306498427785
park_high,702,-0.019973909691869185,-12.363480206440094
park_high,703,-3.0938892080527847,-20.471364507733686
park_high,704,-0.3408608142201819,-17.095306498427785
park_high,705,-1.4034453187297427,-22.013914694867083
park_high,706,-1.408691622842758,-73.11254949492694
park_high,707,-0.9037342695242884,-28.140607801319785
park_high,708,-1.4034453187297427,-22.013914694867083
park_high,709,-1.4034453187297427,-22.013914694867083
park_high,710,-1.4034453187297427,-22.013914694867083
park_high,711,-1.8622531995718083,-47.866249854101085
park_high,712,-0.8483834967767341,-24.323279468121513
park_high,713,-3.0938892080527847,-20.471364507733686
park_high,714,0.7291757661069176,2.2372023607312848
park_high,715,-3.0938892080527847,-20.471364507733686
park_high,716,-1.0032735420994048,-50.79206855996421
park_high,717,-3.0938892080527847,-20.471364507733686
park_high,718,-3.0938892080527847,-20.471364507733686
park_high,719,-1.4034453187297427,-22.013914694867083
park_high,720,-1.4034453187297427,-22.013914694867083
park_high,721,-0.5155806338395531,142.1085906649845
park_high,722,0.17600315492980823,-0.8882028501007255
park_high,723,-2.0350149357843192,-13.000524010664083
park_high,724,-0.9037342695242884,-28.140607801319785
park_high,725,-1.4034453187297427,-22.013914694867083
park_high,726,0.7291757661069176,2.2372023607312848
park_high,727,-1.8961423078758455,-36.83898329884153
park_high,728,-0.019973909691869185,-12.363480206440094
park_high,729,0.17600315492980823,-0.8882028501007255
park_high,730,0.0597714461825507,26.203020733675412
park_high,731,-0.9007775020028355,-19.21170657304257
park_high,732,-1.8961423078758455,-36.83898329884153
park_high,733,0.17600315492980823,-0.8882028501007255
park_high,734,0.6591999069903283,-24.48496319908088
park_high,735,0.6591999069903283,-24.48496319908088
park_high,736,-1.4034453187297427,-22.013914694867083
park_high,737,-0.3408608142201819,-17.095306498427785
park_high,738,-1.8622531995718083,-47.866249854101085
park_high,739,-0.5155806338395531,142.1085906649845
park_high,740,-0.9037342695242884,-28.140607801319785
park_high,741,0.7291757661069176,2.2372023607312848
park_high,742,-0.5155806338395531,142.1085906649845
park_high,743,-0.8483834967767341,-24.323279468121513
park_high,744,-1.8961423078758455,-36.83898329884153
park_high,745,-0.019973909691869185,-12.363480206440094
park_high,746,0.7291757661069176,2.2372023607312848
park_high,747,-2.0350149357843192,-13.000524010664083
park_high,748,-1.2161942915462667,-25.936565383038264
park_high,749,-1.8622531995718083,-47.866249854101085
park_high,750,0.6591999069903283,-24.48496319908088
park_high,751,-0.3408608142201819,-17.095306498427785
park_high,752,-0.8483834967767341,-24.323279468121513
park_high,753,-0.9007775020028355,-19.21170657304257
park_high,754,-0.019973909691869185,-12.363480206440094
park_high,755,-1.2161942915462667,-25.936565383038264
park_high,756,-1.8622531995718083,-47.866249854101085
park_high,757,-1.2161942915462667,-25.936565383038264
park_high,758,-0.9037342695242884,-28.140607801319785
park_high,759,0.17600315492980823,-0.8882028501007255
park_high,760,-1.0032735420994048,-50.79206855996421
park_high,761,-1.0032735420994048,-50.79206855996421
park_high,762,-1.2161942915462667,-25.936565383038264
park_high,763,-1.4034453187297427,-22.013914694867083
park_high,764,0.7291757661069176,2.2372023607312848
park_high,765,-1.8961423078758455,-36.83898329884153
park_high,766,-0.3408608142201819,-17.095306498427785
park_high,767,0.17600315492980823,-0.8882028501007255
park_high,768,0.17600315492980823,-0.8882028501007255
park_high,769,0.17600315492980823,-0.8882028501007255
park_high,770,-0.3408608142201819,-17.095306498427785
park_high,771,-1.8961423078758455,-36.83898329884153
park_high,772,0.6591999069903283,-24.48496319908088
park_high,773,-0.019973909691869185,-12.363480206440094
park_high,774,-1.2161942915462667,-25.936565383038264
park_high,775,0.6591999069903283,-24.48496319908088
park_high,776,-0.9037342695242884,-28.140607801319785
park_high,777,0.6591999069903283,-24.48496319908088
park_high,778,0.17600315492980823,-0.8882028501007255
park_high,779,-0.019973909691869185,-12.363480206440094
park_high,780,-0.8483834967767341,-24.323279468121513
park_high,781,-1.9726834332263192,-56.02199369513258
park_high,782,-1.8622531995718083,-47.866249854101085
park_high,783,-1.0032735420994048,-50.79206855996421
park_high,784,0.6591999069903283,-24.48496319908088
park_high,785,-3.0938892080527847,-20.471364507733686
park_high,786,0.6591999069903283,-24.48496319908088
park_high,787,-1.8961423078758455,-36.83898329884153
park_high,788,0.17600315492980823,-0.8882028501007255
park_high,789,-1.0032735420994048,-50.79206855996421
park_high,790,-0.019973909691869185,-12.363480206440094
park_high,791,-1.8622531995718083,-47.866249854101085
park_high,792,0.17600315492980823,-0.8882028501007255
park_high,793,-0.9037342695242884,-28.140607801319785
park_high,794,-1.408691622842758,-73.11254949492694
park_high,795,-1.8961423078758455,-36.83898329884153
park_high,796,-0.9007775020028355,-19.21170657304257
park_high,797,-3.0938892080527847,-20.471364507733686
park_high,798,-1.8622531995718083,-47.866249854101085
park_high,799,0.0597714461825507,26.203020733675412
park_high,800,-2.0350149357843192,-13.000524010664083
park_high,801,-2.0350149357843192,-13.000524010664083
park_high,802,-0.9037342695242884,-28.140607801319785
park_high,803,-2.0350149357843192,-13.000524010664083
park_high,804,-1.0032735420994048,-50.79206855996421
park_high,805,-1.0032735420994048,-50.79206855996421
park_high,806,-1.4034453187297427,-22.013914694867083
park_high,807,-0.9007775020028355,-19.21170657304257
park_high,808,-0.9007775020028355,-19.21170657304257
park_high,809,-1.9726834332263192,-56.02199369513258
park_high,810,-0.9037342695242884,-28.140607801319785
park_high,811,-0.5155806338395531,142.1085906649845
park_high,812,-0.019973909691869185,-12.363480206440094
park_high,813,0.6591999069903283,-24.48496319908088
park_high,814,-0.019973909691869185,-12.363480206440094
park_high,815,-2.0350149357843192,-13.000524010664083
park_high,816,-3.0938892080527847,-20.471364507733686
park_high,817,-3.0938892080527847,-20.471364507733686
park_high,818,-1.9726834332263192,-56.02199369513258
park_high,819,-0.9037342695242884,-28.140607801319785
park_high,820,-0.9007775020028355,-19.21170657304257
park_high,821,-1.0032735420994048,-50.79206855996421
park_high,822,-0.9007775020028355,-19.21170657304257
park_high,823,0.17600315492980823,-0.8882028501007255
park_high,824,-0.019973909691869185,-12.363480206440094
park_high,825,-0.019973909691869185,-12.363480206440094
park_high,826,-3.0938892080527847,-20.471364507733686
park_high,827,-0.9037342695242884,-28.140607801319785
park_high,828,0.7291757661069176,2.2372023607312848
park_high,829,-0.5155806338395531,142.1085906649845
park_high,830,-3.0938892080527847,-20.471364507733686
park_high,831,-1.4034453187297427,-22.013914694867083
park_high,832,-1.0032735420994048,-50.79206855996421
park_high,833,-1.0032735420994048,-50.79206855996421
park_high,834,0.6591999069903283,-24.48496319908088
park_high,835,0.0597714461825507,26.203020733675412
park_high,836,-1.8622531995718083,-47.866249854101085
park_high,837,-1.408691622842758,-73.11254949492694
park_high,838,-1.8961423078758455,-36.83898329884153
park_high,839,-0.9037342695242884,-28.140607801319785
park_high,840,-2.0350149357843192,-13.000524010664083
park_high,841,-1.2161942915462667,-25.936565383038264
park_high,842,-0.019973909691869185,-12.363480206440094
park_high,843,-0.5155806338395531,142.1085906649845
park_high,844,0.17600315492980823,-0.8882028501007255
park_high,845,-1.408691622842758,-73.11254949492694
park_high,846,-0.8483834967767341,-24.323279468121513
park_high,847,0.6591999069903283,-24.48496319908088
park_high,848,-1.0032735420994048,-50.79206855996421
park_high,849,-0.9007775020028355,-19.21170657304257
park_high,850,-0.019973909691869185,-12.363480206440094
park_high,851,0.6591999069903283,-24.48496319908088
park_high,852,-1.9726834332263192,-56.02199369513258
park_high,853,-1.8622531995718083,-47.866249854101085
park_high,854,0.7291757661069176,2.2372023607312848
park_high,855,-0.9037342695242884,-28.140607801319785
park_high,856,0.6591999069903283,-24.48496319908088
park_high,857,-1.4034453187297427,-22.013914694867083
park_high,858,-0.019973909691869185,-12.363480206440094
park_high,859,-0.9007775020028355,-19.21170657304257
park_high,860,-1.2161942915462667,-25.936565383038264
park_high,861,-0.5155806338395531,142.1085906649845
park_high,862,0.17600315492980823,-0.8882028501007255
park_high,863,-1.8622531995718083,-47.866249854101085
park_high,864,-0.019973909691869185,-12.363480206440094
park_high,865,0.7291757661069176,2.2372023607312848
park_high,866,0.6591999069903283,-24.48496319908088
park_high,867,0.17600315492980823,-0.8882028501007255
park_high,868,-1.408691622842758,-73.11254949492694
park_high,869,-1.8622531995718083,-47.866249854101085
park_high,870,-0.9007775020028355,-19.21170657304257
park_high,871,-1.8622531995718083,-47.866249854101085
park_high,872,-1.2161942915462667,-25.936565383038264
park_high,873,0.17600315492980823,-0.8882028501007255
park_high,874,-0.9037342695242884,-28.140607801319785
park_high,875,-1.8622531995718083,-47.866249854101085
park_high,876,-0.019973909691869185,-12.363480206440094
park_high,877,-1.9726834332263192,-56.02199369513258
park_high,878,-2.0350149357843192,-13.000524010664083
park_high,879,0.17600315492980823,-0.8882028501007255
park_high,880,0.7291757661069176,2.2372023607312848
park_high,881,0.17600315492980823,-0.8882028501007255
park_high,882,-1.4034453187297427,-22.013914694867083
park_high,883,-3.0938892080527847,-20.471364507733686
park_high,884,-1.4034453187297427,-22.013914694867083
park_high,885,-0.9007775020028355,-19.21170657304257
park_high,886,-1.0032735420994048,-50.79206855996421
park_high,887,-1.408691622842758,-73.11254949492694
park_high,888,-0.5155806338395531,142.1085906649845
park_high,889,-1.8622531995718083,-47.866249854101085
park_high,890,0.6591999069903283,-24.48496319908088
park_high,891,-2.0350149357843192,-13.000524010664083
park_high,892,-0.8483834967767341,-24.323279468121513
park_high,893,-2.0350149357843192,-13.000524010664083
park_high,894,-3.0938892080527847,-20.471364507733686
park_high,895,-1.8961423078758455,-36.83898329884153
park_high,896,-1.2161942915462667,-25.936565383038264
park_high,897,0.7291757661069176,2.2372023607312848
park_high,898,0.7291757661069176,2.2372023607312848
park_high,899,-1.0032735420994048,-50.79206855996421
park_high,900,-1.0032735420994048,-50.79206855996421
park_high,901,-1.8622531995718083,-47.866249854101085
park_high,902,0.6591999069903283,-24.48496319908088
park_high,903,-0.9037342695242884,-28.140607801319785
park_high,904,-1.8961423078758455,-36.83898329884153
park_high,905,-1.4034453187297427,-22.013914694867083
park_high,906,0.17600315492980823,-0.8882028501007255
park_high,907,-0.019973909691869185,-12.363480206440094
park_high,908,-0.9037342695242884,-28.140607801319785
park_high,909,-1.408691622842758,-73.11254949492694
park_high,910,0.7291757661069176,2.2372023607312848
park_high,911,-0.019973909691869185,-12.363480206440094
park_high,912,-0.9037342695242884,-28.140607801319785
park_high,913,0.0597714461825507,26.203020733675412
park_high,914,-3.0938892080527847,-20.471364507733686
park_high,915,-1.4034453187297427,-22.013914694867083
park_high,916,-1.408691622842758,-73.11254949492694
park_high,917,-0.5155806338395531,142.1085906649845
park_high,918,-2.0350149357843192,-13.000524010664083
park_high,919,-2.0350149357843192,-13.000524010664083
park_high,920,-0.9037342695242884,-28.140607801319785
park_high,921,0.17600315492980823,-0.8882028501007255
park_high,922,-0.8483834967767341,-24.323279468121513
park_high,923,0.17600315492980823,-0.8882028501007255
park_high,924,0.17600315492980823,-0.8882028501007255
park_high,925,-1.8961423078758455,-36.83898329884153
park_high,926,0.0597714461825507,26.203020733675412
park_high,927,-1.4034453187297427,-22.013914694867083
park_high,928,-0.5155806338395531,142.1085906649845
park_high,929,0.7291757661069176,2.2372023607312848
park_high,930,0.6591999069903283,-24.48496319908088
park_high,931,-0.9037342695242884,-28.140607801319785
park_high,932,-0.5155806338395531,142.1085906649845
park_high,933,-1.4034453187297427,-22.013914694867083
park_high,934,-0.8483834967767341,-24.323279468121513
park_high,935,-3.0938892080527847,-20.471364507733686
park_high,936,0.17600315492980823,-0.8882028501007255
park_high,937,0.17600315492980823,-0.8882028501007255
park_high,938,-1.0032735420994048,-50.79206855996421
park_high,939,-0.5155806338395531,142.1085906649845
park_high,940,-1.8622531995718083,-47.866249854101085
park_high,941,-0.5155806338395531,142.1085906649845
park_high,942,-1.2161942915462667,-25.936565383038264
park_high,943,-0.9037342695242884,-28.140607801319785
park_high,944,-0.5155806338395531,142.1085906649845
park_high,945,-0.9037342695242884,-28.140607801319785
park_high,946,-0.019973909691869185,-12.363480206440094
park_high,947,0.7291757661069176,2.2372023607312848
park_high,948,-0.5155806338395531,142.1085906649845
park_high,949,-0.9037342695242884,-28.140607801319785
park_high,950,-1.408691622842758,-73.11254949492694
park_high,951,0.7291757661069176,2.2372023607312848
park_high,952,-0.3408608142201819,-17.095306498427785
park_high,953,-1.8622531995718083,-47.866249854101085
park_high,954,-1.408691622842758,-73.11254949492694
park_high,955,-0.019973909691869185,-12.363480206440094
park_high,956,-0.9037342695242884,-28.140607801319785
park_high,957,-1.2161942915462667,-25.936565383038264
park_high,958,-0.9007775020028355,-19.21170657304257
park_high,959,-1.9726834332263192,-56.02199369513258
park_high,960,-1.9726834332263192,-56.02199369513258
park_high,961,-3.0938892080527847,-20.471364507733686
park_high,962,-1.8961423078758455,-36.83898329884153
park_high,963,0.6591999069903283,-24.48496319908088
park_high,964,-0.9007775020028355,-19.21170657304257
park_high,965,-1.8961423078758455,-36.83898329884153
park_high,966,-2.0350149357843192,-13.000524010664083
park_high,967,0.17600315492980823,-0.8882028501007255
park_high,968,-1.408691622842758,-73.11254949492694
park_high,969,-1.0032735420994048,-50.79206855996421
park_high,970,-1.8961423078758455,-36.83898329884153
park_high,971,-0.5155806338395531,142.1085906649845
park_high,972,0.17600315492980823,-0.8882028501007255
park_high,973,-1.2161942915462667,-25.936565383038264
park_high,974,0.6591999069903283,-24.48496319908088
park_high,975,-0.5155806338395531,142.1085906649845
park_high,976,0.0597714461825507,26.203020733675412
park_high,977,-1.9726834332263192,-56.02199369513258
park_high,978,-1.4034453187297427,-22.013914694867083
park_high,979,0.6591999069903283,-24.48496319908088
park_high,980,-2.0350149357843192,-13.000524010664083
park_high,981,0.0597714461825507,26.203020733675412
park_high,982,-1.8622531995718083,-47.866249854101085
park_high,983,0.6591999069903283,-24.48496319908088
park_high,984,-1.0032735420994048,-50.79206855996421
park_high,985,-1.408691622842758,-73.11254949492694
park_high,986,0.0597714461825507,26.203020733675412
park_high,987,-0.9007775020028355,-19.21170657304257
park_high,988,-0.5155806338395531,142.1085906649845
park_high,989,-0.019973909691869185,-12.363480206440094
park_high,990,-1.4034453187297427,-22.013914694867083
park_high,991,-3.0938892080527847,-20.471364507733686
park_high,992,0.7291757661069176,2.2372023607312848
park_high,993,0.0597714461825507,26.203020733675412
park_high,994,-0.9007775020028355,-19.21170657304257
park_high,995,-1.9726834332263192,-56.02199369513258
park_high,996,0.17600315492980823,-0.8882028501007255
park_high,997,0.6591999069903283,-24.48496319908088
park_high,998,-0.3408608142201819,-17.095306498427785
park_high,999,-1.9726834332263192,-56.02199369513258
park_high,1000,-2.0350149357843192,-13.000524010664083
park_high,1001,-1.408691622842758,-73.11254949492694
park_high,1002,-1.8961423078758455,-36.83898329884153
park_high,1003,-0.3408608142201819,-17.095306498427785
park_high,1004,-1.408691622842758,-73.11254949492694
park_high,1005,-1.8622531995718083,-47.866249854101085
park_high,1006,-0.3408608142201819,-17.095306498427785
park_high,1007,-3.0938892080527847,-20.471364507733686
park_high,1008,-1.4034453187297427,-22.013914694867083
park_high,1009,-1.9726834332263192,-56.02199369513258
park_high,1010,-0.9007775020028355,-19.21170657304257
park_high,1011,-0.9037342695242884,-28.140607801319785
park_high,1012,-0.3408608142201819,-17.095306498427785
park_high,1013,-0.9007775020028355,-19.21170657304257
park_high,1014,-1.408691622842758,-73.11254949492694
park_high,1015,-3.0938892080527847,-20.471364507733686
park_high,1016,-1.8961423078758455,-36.83898329884153
park_high,1017,0.0597714461825507,26.203020733675412
park_high,1018,0.0597714461825507,26.203020733675412
park_high,1019,-1.4034453187297427,-22.013914694867083
park_high,1020,-1.0032735420994048,-50.79206855996421
park_high,1021,0.6591999069903283,-24.48496319908088
park_high,1022,-1.2161942915462667,-25.936565383038264
park_high,1023,-1.9726834332263192,-56.02199369513258
park_high,1024,-0.5155806338395531,142.1085906649845
park_high,1025,-2.0350149357843192,-13.000524010664083
park_high,1026,-2.0350149357843192,-13.000524010664083
park_high,1027,-1.0032735420994048,-50.79206855996421
park_high,1028,-0.9037342695242884,-28.140607801319785
park_high,1029,0.7291757661069176,2.2372023607312848
park_high,1030,0.0597714461825507,26.203020733675412
park_high,1031,0.7291757661069176,2.2372023607312848
park_high,1032,-1.0032735420994048,-50.79206855996421
park_high,1033,-0.9007775020028355,-19.21170657304257
park_high,1034,-3.0938892080527847,-20.471364507733686
park_high,1035,-1.2161942915462667,-25.936565383038264
park_high,1036,-1.8622531995718083,-47.866249854101085
park_high,1037,-0.8483834967767341,-24.323279468121513
park_high,1038,0.17600315492980823,-0.8882028501007255
park_high,1039,0.0597714461825507,26.203020733675412
park_high,1040,-0.9007775020028355,-19.21170657304257
park_high,1041,-0.5155806338395531,142.1085906649845
park_high,1042,-1.408691622842758,-73.11254949492694
park_high,1043,-3.0938892080527847,-20.471364507733686
park_high,1044,-0.9007775020028355,-19.21170657304257
park_high,1045,-1.9726834332263192,-56.02199369513258
park_high,1046,0.0597714461825507,26.203020733675412
park_high,1047,-1.9726834332263192,-56.02199369513258
park_high,1048,0.6591999069903283,-24.48496319908088
park_high,1049,0.17600315492980823,-0.8882028501007255
park_high,1050,-0.9037342695242884,-28.140607801319785
park_high,1051,-1.0032735420994048,-50.79206855996421
park_high,1052,-0.019973909691869185,-12.363480206440094
park_high,1053,-0.3408608142201819,-17.095306498427785
park_high,1054,-0.9037342695242884,-28.140607801319785
park_high,1055,-1.2161942915462667,-25.936565383038264
park_high,1056,-1.0032735420994048,-50.79206855996421
park_high,1057,-2.0350149357843192,-13.000524010664083
park_high,1058,0.6591999069903283,-24.48496319908088
park_high,1059,0.0597714461825507,26.203020733675412
park_high,1060,0.7291757661069176,2.2372023607312848
park_high,1061,-2.0350149357843192,-13.000524010664083
park_high,1062,-1.4034453187297427,-22.013914694867083
park_high,1063,-0.5155806338395531,142.1085906649845
park_high,1064,-1.0032735420994048,-50.79206855996421
park_high,1065,-2.0350149357843192,-13.000524010664083
park_high,1066,0.7291757661069176,2.2372023607312848
park_high,1067,-1.4034453187297427,-22.013914694867083
park_high,1068,-0.9007775020028355,-19.21170657304257
park_high,1069,-0.5155806338395531,142.1085906649845
park_high,1070,-0.9037342695242884,-28.140607801319785
park_high,1071,-2.0350149357843192,-13.000524010664083
park_high,1072,-1.9726834332263192,-56.02199369513258
park_high,1073,-1.4034453187297427,-22.013914694867083
park_high,1074,-0.019973909691869185,-12.363480206440094
park_high,1075,-0.9007775020028355,-19.21170657304257
park_high,1076,-1.8961423078758455,-36.83898329884153
park_high,1077,-0.9007775020028355,-19.21170657304257
park_high,1078,-1.408691622842758,-73.11254949492694
park_high,1079,-0.9037342695242884,-28.140607801319785
park_high,1080,-0.9007775020028355,-19.21170657304257
park_high,1081,-0.3408608142201819,-17.095306498427785
park_high,1082,-1.8961423078758455,-36.83898329884153
park_high,1083,-1.0032735420994048,-50.79206855996421
park_high,1084,0.0597714461825507,26.203020733675412
park_high,1085,0.17600315492980823,-0.8882028501007255
park_high,1086,-1.8622531995718083,-47.866249854101085
park_high,1087,0.7291757661069176,2.2372023607312848
park_high,1088,-0.5155806338395531,142.1085906649845
park_high,1089,-1.8622531995718083,-47.866249854101085
park_high,1090,-0.8483834967767341,-24.323279468121513
park_high,1091,-2.0350149357843192,-13.000524010664083
park_high,1092,-0.019973909691869185,-12.363480206440094
park_high,1093,-1.2161942915462667,-25.936565383038264
park_high,1094,-1.9726834332263192,-56.02199369513258
park_high,1095,-0.3408608142201819,-17.095306498427785
park_high,1096,0.17600315492980823,-0.8882028501007255
park_high,1097,0.7291757661069176,2.2372023607312848
park_high,1098,0.7291757661069176,2.2372023607312848
park_high,1099,-0.9007775020028355,-19.21170657304257
park_high,1100,-0.019973909691869185,-12.363480206440094
park_high,1101,-0.5155806338395531,142.1085906649845
park_high,1102,0.6591999069903283,-24.48496319908088
park_high,1103,-0.5155806338395531,142.1085906649845
park_high,1104,-1.0032735420994048,-50.79206855996421
park_high,1105,-3.0938892080527847,-20.471364507733686
park_high,1106,-0.9037342695242884,-28.140607801319785
park_high,1107,-2.0350149357843192,-13.000524010664083
park_high,1108,-0.3408608142201819,-17.095306498427785
park_high,1109,-1.8961423078758455,-36.83898329884153
park_high,1110,-3.0938892080527847,-20.471364507733686
park_high,1111,-0.9007775020028355,-19.21170657304257
park_high,1112,0.6591999069903283,-24.48496319908088
park_high,1113,-3.0938892080527847,-20.471364507733686
park_high,1114,-2.0350149357843192,-13.000524010664083
park_high,1115,-2.0350149357843192,-13.000524010664083
park_high,1116,-1.0032735420994048,-50.79206855996421
park_high,1117,-0.9037342695242884,-28.140607801319785
park_high,1118,-0.019973909691869185,-12.363480206440094
park_high,1119,-1.8622531995718083,-47.866249854101085
park_high,1120,-1.408691622842758,-73.11254949492694
park_high,1121,-0.019973909691869185,-12.363480206440094
park_high,1122,-0.9037342695242884,-28.140607801319785
park_high,1123,-0.8483834967767341,-24.323279468121513
park_high,1124,-0.3408608142201819,-17.095306498427785
park_high,1125,-1.8961423078758455,-36.83898329884153
park_high,1126,-1.0032735420994048,-50.79206855996421
park_high,1127,-0.8483834967767341,-24.323279468121513
park_high,1128,-0.9037342695242884,-28.140607801319785
park_high,1129,-3.0938892080527847,-20.471364507733686
park_high,1130,-1.0032735420994048,-50.79206855996421
park_high,1131,0.0597714461825507,26.203020733675412
park_high,1132,-0.8483834967767341,-24.323279468121513
park_high,1133,-0.3408608142201819,-17.095306498427785
park_high,1134,-3.0938892080527847,-20.471364507733686
park_high,1135,-0.9037342695242884,-28.140607801319785
park_high,1136,-0.9007775020028355,-19.21170657304257
park_high,1137,-1.8961423078758455,-36.83898329884153
park_high,1138,0.17600315492980823,-0.8882028501007255
park_high,1139,0.0597714461825507,26.203020733675412
park_high,1140,-1.0032735420994048,-50.79206855996421
park_high,1141,-0.9037342695242884,-28.140607801319785
park_high,1142,-1.408691622842758,-73.11254949492694
park_high,1143,-0.3408608142201819,-17.095306498427785
park_high,1144,-0.3408608142201819,-17.095306498427785
park_high,1145,-1.8622531995718083,-47.866249854101085
park_high,1146,-0.8483834967767341,-24.323279468121513
park_high,1147,-0.8483834967767341,-24.323279468121513
park_high,1148,-3.0938892080527847,-20.471364507733686
park_high,1149,-0.9007775020028355,-19.21170657304257
park_high,1150,-1.2161942915462667,-25.936565383038264
park_high,1151,0.6591999069903283,-24.48496319908088
park_high,1152,-0.019973909691869185,-12.363480206440094
park_high,1153,-0.8483834967767341,-24.323279468121513
park_high,1154,-3.0938892080527847,-20.471364507733686
park_high,1155,-2.0350149357843192,-13.000524010664083
park_high,1156,-1.408691622842758,-73.11254949492694
park_high,1157,-0.3408608142201819,-17.095306498427785
park_high,1158,-0.9007775020028355,-19.21170657304257
park_high,1159,-1.4034453187297427,-22.013914694867083
park_high,1160,-1.4034453187297427,-22.013914694867083
park_high,1161,-1.408691622842758,-73.11254949492694
park_high,1162,-1.8961423078758455,-36.83898329884153
park_high,1163,0.17600315492980823,-0.8882028501007255
park_high,1164,-2.0350149357843192,-13.000524010664083
park_high,1165,0.0597714461825507,26.203020733675412
park_high,1166,-1.8961423078758455,-36.83898329884153
park_high,1167,-0.019973909691869185,-12.363480206440094
park_high,1168,-1.4034453187297427,-22.013914694867083
park_high,1169,-0.019973909691869185,-12.363480206440094
park_high,1170,-0.9007775020028355,-19.21170657304257
park_high,1171,0.17600315492980823,-0.8882028501007255
park_high,1172,-0.019973909691869185,-12.363480206440094
park_high,1173,-2.0350149357843192,-13.000524010664083
park_high,1174,-1.2161942915462667,-25.936565383038264
park_high,1175,-2.0350149357843192,-13.000524010664083
park_high,1176,-1.0032735420994048,-50.79206855996421
park_high,1177,0.6591999069903283,-24.48496319908088
park_high,1178,-2.0350149357843192,-13.000524010664083
park_high,1179,-1.4034453187297427,-22.013914694867083
park_high,1180,-3.0938892080527847,-20.471364507733686
park_high,1181,-3.0938892080527847,-20.471364507733686
park_high,1182,0.6591999069903283,-24.48496319908088
park_high,1183,-1.408691622842758,-73.11254949492694
park_high,1184,-1.408691622842758,-73.11254949492694
park_high,1185,-0.9037342695242884,-28.140607801319785
park_high,1186,-1.0032735420994048,-50.79206855996421
park_high,1187,-1.0032735420994048,-50.79206855996421
park_high,1188,0.0597714461825507,26.203020733675412
park_high,1189,-1.9726834332263192,-56.02199369513258
park_high,1190,-1.8622531995718083,-47.866249854101085
park_high,1191,-0.5155806338395531,142.1085906649845
park_high,1192,-0.9007775020028355,-19.21170657304257
park_high,1193,-1.408691622842758,-73.11254949492694
park_high,1194,0.17600315492980823,-0.8882028501007255
park_high,1195,-0.8483834967767341,-24.323279468121513
park_high,1196,-0.9007775020028355,-19.21170657304257
park_high,1197,-1.0032735420994048,-50.79206855996421
park_high,1198,0.0597714461825507,26.203020733675412
park_high,1199,-0.019973909691869185,-12.363480206440094
park_high,1200,-1.408691622842758,-73.11254949492694
park_high,1201,-2.0350149357843192,-13.000524010664083
park_high,1202,-0.5155806338395531,142.1085906649845
park_high,1203,-3.0938892080527847,-20.471364507733686
park_high,1204,-0.5155806338395531,142.1085906649845
park_high,1205,0.7291757661069176,2.2372023607312848
park_high,1206,-0.019973909691869185,-12.363480206440094
park_high,1207,0.7291757661069176,2.2372023607312848
park_high,1208,0.0597714461825507,26.203020733675412
park_high,1209,-0.8483834967767341,-24.323279468121513
park_high,1210,0.6591999069903283,-24.48496319908088
park_high,1211,-0.019973909691869185,-12.363480206440094
park_high,1212,-1.8622531995718083,-47.866249854101085
park_high,1213,-1.9726834332263192,-56.02199369513258
park_high,1214,-0.5155806338395531,142.1085906649845
park_high,1215,0.17600315492980823,-0.8882028501007255
park_high,1216,0.7291757661069176,2.2372023607312848
park_high,1217,-0.019973909691869185,-12.363480206440094
park_high,1218,-2.0350149357843192,-13.000524010664083
park_high,1219,-0.9007775020028355,-19.21170657304257
park_high,1220,-2.0350149357843192,-13.000524010664083
park_high,1221,-1.9726834332263192,-56.02199369513258
park_high,1222,-1.2161942915462667,-25.936565383038264
park_high,1223,-1.0032735420994048,-50.79206855996421
park_high,1224,0.0597714461825507,26.203020733675412
park_high,1225,-0.3408608142201819,-17.095306498427785
park_high,1226,-1.408691622842758,-73.11254949492694
park_high,1227,-1.4034453187297427,-22.013914694867083
park_high,1228,-0.9037342695242884,-28.140607801319785
park_high,1229,-1.9726834332263192,-56.02199369513258
park_high,1230,-1.2161942915462667,-25.936565383038264
park_high,1231,0.6591999069903283,-24.48496319908088
park_high,1232,-0.9007775020028355,-19.21170657304257
park_high,1233,-1.4034453187297427,-22.013914694867083
park_high,1234,-0.8483834967767341,-24.323279468121513
park_high,1235,0.7291757661069176,2.2372023607312848
park_high,1236,0.17600315492980823,-0.8882028501007255
park_high,1237,0.17600315492980823,-0.8882028501007255
park_high,1238,-0.8483834967767341,-24.323279468121513
park_high,1239,-1.8622531995718083,-47.866249854101085
park_high,1240,-0.019973909691869185,-12.363480206440094
park_high,1241,-2.0350149357843192,-13.000524010664083
park_high,1242,0.0597714461825507,26.203020733675412
park_high,1243,-1.4034453187297427,-22.013914694867083
park_high,1244,-3.0938892080527847,-20.471364507733686
park_high,1245,-0.9037342695242884,-28.140607801319785
park_high,1246,-0.5155806338395531,142.1085906649845
park_high,1247,-1.4034453187297427,-22.013914694867083
park_high,1248,-0.5155806338395531,142.1085906649845
park_high,1249,-1.0032735420994048,-50.79206855996421
park_high,1250,-0.8483834967767341,-24.323279468121513
park_high,1251,-1.4034453187297427,-22.013914694867083
park_high,1252,-1.0032735420994048,-50.79206855996421
park_high,1253,-0.8483834967767341,-24.323279468121513
park_high,1254,-1.408691622842758,-73.11254949492694
park_high,1255,-0.019973909691869185,-12.363480206440094
park_high,1256,-0.8483834967767341,-24.323279468121513
park_high,1257,-1.9726834332263192,-56.02199369513258
park_high,1258,-0.9007775020028355,-19.21170657304257
park_high,1259,0.6591999069903283,-24.48496319908088
park_high,1260,-0.5155806338395531,142.1085906649845
park_high,1261,-0.9007775020028355,-19.21170657304257
park_high,1262,-0.3408608142201819,-17.095306498427785
park_high,1263,-0.3408608142201819,-17.095306498427785
park_high,1264,-3.0938892080527847,-20.471364507733686
park_high,1265,-0.8483834967767341,-24.323279468121513
park_high,1266,-0.8483834967767341,-24.323279468121513
park_high,1267,-1.8961423078758455,-36.83898329884153
park_high,1268,-1.8622531995718083,-47.866249854101085
park_high,1269,0.0597714461825507,26.203020733675412
park_high,1270,-3.0938892080527847,-20.471364507733686
park_high,1271,-2.0350149357843192,-13.000524010664083
park_high,1272,0.17600315492980823,-0.8882028501007255
park_high,1273,-0.019973909691869185,-12.363480206440094
park_high,1274,-1.8961423078758455,-36.83898329884153
park_high,1275,-3.0938892080527847,-20.471364507733686
park_high,1276,-1.2161942915462667,-25.936565383038264
park_high,1277,-1.8961423078758455,-36.83898329884153
park_high,1278,-1.2161942915462667,-25.936565383038264
park_high,1279,0.0597714461825507,26.203020733675412
park_high,1280,0.17600315492980823,-0.8882028501007255
park_high,1281,-1.408691622842758,-73.11254949492694
park_high,1282,-0.019973909691869185,-12.363480206440094
park_high,1283,-2.0350149357843192,-13.000524010664083
park_high,1284,-1.8961423078758455,-36.83898329884153
park_high,1285,-3.0938892080527847,-20.471364507733686
park_high,1286,-2.0350149357843192,-13.000524010664083
park_high,1287,-0.019973909691869185,-12.363480206440094
park_high,1288,-0.3408608142201819,-17.095306498427785
park_high,1289,0.6591999069903283,-24.48496319908088
park_high,1290,-1.4034453187297427,-22.013914694867083
park_high,1291,-0.3408608142201819,-17.095306498427785
park_high,1292,-0.9037342695242884,-28.140607801319785
park_high,1293,-0.9007775020028355,-19.21170657304257
park_high,1294,-1.408691622842758,-73.11254949492694
park_high,1295,0.17600315492980823,-0.8882028501007255
park_high,1296,0.6591999069903283,-24.48496319908088
park_high,1297,-1.8961423078758455,-36.83898329884153
park_high,1298,-0.9037342695242884,-28.140607801319785
park_high,1299,-1.9726834332263192,-56.02199369513258
park_high,1300,-0.019973909691869185,-12.363480206440094
park_high,1301,0.7291757661069176,2.2372023607312848
park_high,1302,-0.3408608142201819,-17.095306498427785
park_high,1303,-0.5155806338395531,142.1085906649845
park_high,1304,-3.0938892080527847,-20.471364507733686
park_high,1305,-1.8622531995718083,-47.866249854101085
park_high,1306,-0.9037342695242884,-28.140607801319785
park_high,1307,-0.8483834967767341,-24.323279468121513
park_high,1308,-1.4034453187297427,-22.013914694867083
park_high,1309,-0.019973909691869185,-12.363480206440094
park_high,1310,-1.408691622842758,-73.11254949492694
park_high,1311,-0.5155806338395531,142.1085906649845
park_high,1312,-1.2161942915462667,-25.936565383038264
park_high,1313,0.6591999069903283,-24.48496319908088
park_high,1314,-0.019973909691869185,-12.363480206440094
park_high,1315,-3.0938892080527847,-20.471364507733686
park_high,1316,0.6591999069903283,-24.48496319908088
park_high,1317,-0.9007775020028355,-19.21170657304257
park_high,1318,-1.0032735420994048,-50.79206855996421
park_high,1319,-1.4034453187297427,-22.013914694867083
park_high,1320,-0.8483834967767341,-24.323279468121513
park_high,1321,-1.2161942915462667,-25.936565383038264
park_high,1322,-1.9726834332263192,-56.02199369513258
park_high,1323,0.0597714461825507,26.203020733675412
park_high,1324,-1.4034453187297427,-22.013914694867083
park_high,1325,-1.9726834332263192,-56.02199369513258
park_high,1326,0.17600315492980823,-0.8882028501007255
park_high,1327,-2.0350149357843192,-13.000524010664083
park_high,1328,-0.3408608142201819,-17.095306498427785
park_high,1329,-1.8961423078758455,-36.83898329884153
park_high,1330,-1.2161942915462667,-25.936565383038264
park_high,1331,-1.8622531995718083,-47.866249854101085
park_high,1332,-0.9007775020028355,-19.21170657304257
park_high,1333,-1.8961423078758455,-36.83898329884153
park_high,1334,-1.9726834332263192,-56.02199369513258
park_high,1335,0.7291757661069176,2.2372023607312848
park_high,1336,0.6591999069903283,-24.48496319908088
park_high,1337,-0.9007775020028355,-19.21170657304257
park_high,1338,-0.9037342695242884,-28.140607801319785
park_high,1339,-0.5155806338395531,142.1085906649845
park_high,1340,-1.8622531995718083,-47.866249854101085
park_high,1341,-1.8961423078758455,-36.83898329884153
park_high,1342,-1.0032735420994048,-50.79206855996421
park_high,1343,0.0597714461825507,26.203020733675412
park_high,1344,0.6591999069903283,-24.48496319908088
park_high,1345,-1.8961423078758455,-36.83898329884153
park_high,1346,-1.0032735420994048,-50.79206855996421
park_high,1347,0.6591999069903283,-24.48496319908088
park_high,1348,0.17600315492980823,-0.8882028501007255
park_high,1349,-1.4034453187297427,-22.013914694867083
park_high,1350,-1.0032735420994048,-50.79206855996421
park_high,1351,-0.8483834967767341,-24.323279468121513
park_high,1352,-0.019973909691869185,-12.363480206440094
park_high,1353,0.17600315492980823,-0.8882028501007255
park_high,1354,-0.019973909691869185,-12.363480206440094
park_high,1355,0.6591999069903283,-24.48496319908088
park_high,1356,-2.0350149357843192,-13.000524010664083
park_high,1357,0.6591999069903283,-24.48496319908088
park_high,1358,-2.0350149357843192,-13.000524010664083
park_high,1359,-2.0350149357843192,-13.000524010664083
park_high,1360,-1.0032735420994048,-50.79206855996421
park_high,1361,-0.9037342695242884,-28.140607801319785
park_high,1362,0.17600315492980823,-0.8882028501007255
park_high,1363,-0.5155806338395531,142.1085906649845
park_high,1364,-0.9007775020028355,-19.21170657304257
park_high,1365,-0.8483834967767341,-24.323279468121513
park_high,1366,-0.5155806338395531,142.1085906649845
park_high,1367,-0.5155806338395531,142.1085906649845
park_high,1368,0.6591999069903283,-24.48496319908088
park_high,1369,0.17600315492980823,-0.8882028501007255
park_high,1370,-1.8622531995718083,-47.866249854101085
park_high,1371,0.6591999069903283,-24.48496319908088
park_high,1372,-0.8483834967767341,-24.323279468121513
park_high,1373,0.0597714461825507,26.203020733675412
park_high,1374,-3.0938892080527847,-20.471364507733686
park_high,1375,-0.5155806338395531,142.1085906649845
park_high,1376,-1.2161942915462667,-25.936565383038264
park_high,1377,-1.8622531995718083,-47.866249854101085
park_high,1378,-2.0350149357843192,-13.000524010664083
park_high,1379,-0.5155806338395531,142.1085906649845
park_high,1380,-1.408691622842758,-73.11254949492694
park_high,1381,0.6591999069903283,-24.48496319908088
park_high,1382,-1.2161942915462667,-25.936565383038264
park_high,1383,0.7291757661069176,2.2372023607312848
park_high,1384,-0.9037342695242884,-28.140607801319785
park_high,1385,-0.3408608142201819,-17.095306498427785
park_high,1386,-1.8622531995718083,-47.866249854101085
park_high,1387,0.7291757661069176,2.2372023607312848
park_high,1388,-1.4034453187297427,-22.013914694867083
park_high,1389,-1.8961423078758455,-36.83898329884153
park_high,1390,-1.408691622842758,-73.11254949492694
park_high,1391,-0.5155806338395531,142.1085906649845
park_high,1392,-2.0350149357843192,-13.000524010664083
park_high,1393,0.17600315492980823,-0.8882028501007255
park_high,1394,-0.8483834967767341,-24.323279468121513
park_high,1395,-1.408691622842758,-73.11254949492694
park_high,1396,0.6591999069903283,-24.48496319908088
park_high,1397,-1.9726834332263192,-56.02199369513258
park_high,1398,-0.019973909691869185,-12.363480206440094
park_high,1399,-1.408691622842758,-73.11254949492694
park_high,1400,-0.9037342695242884,-28.140607801319785
park_high,1401,-0.5155806338395531,142.1085906649845
park_high,1402,-1.4034453187297427,-22.013914694867083
park_high,1403,0.17600315492980823,-0.8882028501007255
park_high,1404,-1.408691622842758,-73.11254949492694
park_high,1405,-1.4034453187297427,-22.013914694867083
park_high,1406,-0.5155806338395531,142.1085906649845
park_high,1407,-1.8622531995718083,-47.866249854101085
park_high,1408,-2.0350149357843192,-13.000524010664083
park_high,1409,-2.0350149357843192,-13.000524010664083
park_high,1410,-0.019973909691869185,-12.363480206440094
park_high,1411,-0.9037342695242884,-28.140607801319785
park_high,1412,0.0597714461825507,26.203020733675412
park_high,1413,-1.408691622842758,-73.11254949492694
park_high,1414,-1.2161942915462667,-25.936565383038264
park_high,1415,-1.4034453187297427,-22.013914694867083
park_high,1416,0.0597714461825507,26.203020733675412
park_high,1417,-1.2161942915462667,-25.936565383038264
park_high,1418,-1.8961423078758455,-36.83898329884153
park_high,1419,-0.9037342695242884,-28.140607801319785
park_high,1420,-1.8622531995718083,-47.866249854101085
park_high,1421,-0.5155806338395531,142.1085906649845
park_high,1422,-1.9726834332263192,-56.02199369513258
park_high,1423,0.17600315492980823,-0.8882028501007255
park_high,1424,0.0597714461825507,26.203020733675412
park_high,1425,-1.9726834332263192,-56.02199369513258
park_high,1426,-1.408691622842758,-73.11254949492694
park_high,1427,-1.0032735420994048,-50.79206855996421
park_high,1428,-0.019973909691869185,-12.363480206440094
park_high,1429,-1.408691622842758,-73.11254949492694
park_high,1430,-0.8483834967767341,-24.323279468121513
park_high,1431,-0.3408608142201819,-17.095306498427785
park_high,1432,-0.019973909691869185,-12.363480206440094
park_high,1433,-0.019973909691869185,-12.363480206440094
park_high,1434,-2.0350149357843192,-13.000524010664083
park_high,1435,0.6591999069903283,-24.48496319908088
park_high,1436,0.0597714461825507,26.203020733675412
park_high,1437,-0.9037342695242884,-28.140607801319785
park_high,1438,-1.8622531995718083,-47.866249854101085
park_high,1439,-0.019973909691869185,-12.363480206440094
park_high,1440,0.17600315492980823,-0.8882028501007255
park_high,1441,-3.0938892080527847,-20.471364507733686
park_high,1442,0.6591999069903283,-24.48496319908088
park_high,1443,-0.3408608142201819,-17.095306498427785
park_high,1444,-0.9037342695242884,-28.140607801319785
park_high,1445,-2.0350149357843192,-13.000524010664083
park_high,1446,-1.8961423078758455,-36.83898329884153
park_high,1447,0.0597714461825507,26.203020733675412
park_high,1448,-1.2161942915462667,-25.936565383038264
park_high,1449,-1.2161942915462667,-25.936565383038264
park_high,1450,-0.019973909691869185,-12.363480206440094
park_high,1451,-1.8622531995718083,-47.866249854101085
park_high,1452,-0.3408608142201819,-17.095306498427785
park_high,1453,0.17600315492980823,-0.8882028501007255
park_high,1454,-0.3408608142201819,-17.095306498427785
park_high,1455,0.6591999069903283,-24.48496319908088
park_high,1456,-0.5155806338395531,142.1085906649845
park_high,1457,-0.5155806338395531,142.1085906649845
park_high,1458,-1.2161942915462667,-25.936565383038264
park_high,1459,0.6591999069903283,-24.48496319908088
park_high,1460,0.7291757661069176,2.2372023607312848
park_high,1461,-0.9037342695242884,-28.140607801319785
park_high,1462,-1.0032735420994048,-50.79206855996421
park_high,1463,0.7291757661069176,2.2372023607312848
park_high,1464,-0.019973909691869185,-12.363480206440094
park_high,1465,-0.5155806338395531,142.1085906649845
park_high,1466,0.7291757661069176,2.2372023607312848
park_high,1467,0.6591999069903283,-24.48496319908088
park_high,1468,0.17600315492980823,-0.8882028501007255
park_high,1469,-0.3408608142201819,-17.095306498427785
park_high,1470,0.7291757661069176,2.2372023607312848
park_high,1471,-3.0938892080527847,-20.471364507733686
park_high,1472,-1.4034453187297427,-22.013914694867083
park_high,1473,-0.9007775020028355,-19.21170657304257
park_high,1474,0.17600315492980823,-0.8882028501007255
park_high,1475,-0.3408608142201819,-17.095306498427785
park_high,1476,-1.8622531995718083,-47.866249854101085
park_high,1477,-3.0938892080527847,-20.471364507733686
park_high,1478,-1.4034453187297427,-22.013914694867083
park_high,1479,-0.5155806338395531,142.1085906649845
park_high,1480,-0.019973909691869185,-12.363480206440094
park_high,1481,-1.408691622842758,-73.11254949492694
park_high,1482,-2.0350149357843192,-13.000524010664083
park_high,1483,-0.019973909691869185,-12.363480206440094
park_high,1484,-1.9726834332263192,-56.02199369513258
park_high,1485,-1.408691622842758,-73.11254949492694
park_high,1486,0.0597714461825507,26.203020733675412
park_high,1487,-3.0938892080527847,-20.471364507733686
park_high,1488,-1.0032735420994048,-50.79206855996421
park_high,1489,0.6591999069903283,-24.48496319908088
park_high,1490,-1.8961423078758455,-36.83898329884153
park_high,1491,0.0597714461825507,26.203020733675412
park_high,1492,-0.8483834967767341,-24.323279468121513
park_high,1493,-3.0938892080527847,-20.471364507733686
park_high,1494,0.17600315492980823,-0.8882028501007255
park_high,1495,-0.9037342695242884,-28.140607801319785
park_high,1496,-2.0350149357843192,-13.000524010664083
park_high,1497,-0.019973909691869185,-12.363480206440094
park_high,1498,-0.019973909691869185,-12.363480206440094
park_high,1499,-2.0350149357843192,-13.000524010664083
park_high,1500,-0.9037342695242884,-28.140607801319785
park_high,1501,-3.0938892080527847,-20.471364507733686
park_high,1502,-0.9037342695242884,-28.140607801319785
park_high,1503,0.0597714461825507,26.203020733675412
park_high,1504,0.17600315492980823,-0.8882028501007255
park_high,1505,-3.0938892080527847,-20.471364507733686
park_high,1506,-0.8483834967767341,-24.323279468121513
park_high,1507,0.6591999069903283,-24.48496319908088
park_high,1508,-1.8622531995718083,-47.866249854101085
park_high,1509,0.17600315492980823,-0.8882028501007255
park_high,1510,-0.9007775020028355,-19.21170657304257
park_high,1511,-0.8483834967767341,-24.323279468121513
park_high,1512,-0.019973909691869185,-12.363480206440094
park_high,1513,0.0597714461825507,26.203020733675412
park_high,1514,-0.8483834967767341,-24.323279468121513
park_high,1515,-1.2161942915462667,-25.936565383038264
park_high,1516,-2.0350149357843192,-13.000524010664083
park_high,1517,0.6591999069903283,-24.48496319908088
park_high,1518,0.6591999069903283,-24.48496319908088
park_high,1519,-0.3408608142201819,-17.095306498427785
park_high,1520,-1.2161942915462667,-25.936565383038264
park_high,1521,-0.3408608142201819,-17.095306498427785
park_high,1522,-0.5155806338395531,142.1085906649845
park_high,1523,-0.019973909691869185,-12.363480206440094
park_high,1524,-0.8483834967767341,-24.323279468121513
park_high,1525,0.7291757661069176,2.2372023607312848
park_high,1526,0.6591999069903283,-24.48496319908088
park_high,1527,-1.9726834332263192,-56.02199369513258
park_high,1528,-0.8483834967767341,-24.323279468121513
park_high,1529,-1.9726834332263192,-56.02199369513258
park_high,1530,-1.8622531995718083,-47.866249854101085
park_high,1531,-0.9037342695242884,-28.140607801319785
park_high,1532,-0.8483834967767341,-24.323279468121513
park_high,1533,-1.4034453187297427,-22.013914694867083
park_high,1534,0.6591999069903283,-24.48496319908088
park_high,1535,-1.4034453187297427,-22.013914694867083
park_high,1536,0.6591999069903283,-24.48496319908088
park_high,1537,-0.9037342695242884,-28.140607801319785
park_high,1538,-0.9007775020028355,-19.21170657304257
park_high,1539,-1.0032735420994048,-50.79206855996421
park_high,1540,-0.9007775020028355,-19.21170657304257
park_high,1541,-0.5155806338395531,142.1085906649845
park_high,1542,0.7291757661069176,2.2372023607312848
park_high,1543,-0.3408608142201819,-17.095306498427785
park_high,1544,-1.0032735420994048,-50.79206855996421
park_high,1545,0.0597714461825507,26.203020733675412
park_high,1546,-2.0350149357843192,-13.000524010664083
park_high,1547,-3.0938892080527847,-20.471364507733686
park_high,1548,-0.9007775020028355,-19.21170657304257
park_high,1549,-1.408691622842758,-73.11254949492694
park_high,1550,-2.0350149357843192,-13.000524010664083
park_high,1551,-0.8483834967767341,-24.323279468121513
park_high,1552,-0.8483834967767341,-24.323279468121513
park_high,1553,-1.4034453187297427,-22.013914694867083
park_high,1554,-1.8622531995718083,-47.866249854101085
park_high,1555,-1.0032735420994048,-50.79206855996421
park_high,1556,0.17600315492980823,-0.8882028501007255
park_high,1557,-0.9037342695242884,-28.140607801319785
park_high,1558,-1.8961423078758455,-36.83898329884153
park_high,1559,0.0597714461825507,26.203020733675412
park_high,1560,-0.8483834967767341,-24.323279468121513
park_high,1561,-0.8483834967767341,-24.323279468121513
park_high,1562,-0.3408608142201819,-17.095306498427785
park_high,1563,-1.8622531995718083,-47.866249854101085
park_high,1564,-1.408691622842758,-73.11254949492694
park_high,1565,0.0597714461825507,26.203020733675412
park_high,1566,-2.0350149357843192,-13.000524010664083
park_high,1567,-1.0032735420994048,-50.79206855996421
park_high,1568,-0.5155806338395531,142.1085906649845
park_high,1569,-0.5155806338395531,142.1085906649845
park_high,1570,-0.3408608142201819,-17.095306498427785
park_high,1571,-0.5155806338395531,142.1085906649845
park_high,1572,0.6591999069903283,-24.48496319908088
park_high,1573,0.7291757661069176,2.2372023607312848
park_high,1574,-1.4034453187297427,-22.013914694867083
park_high,1575,0.17600315492980823,-0.8882028501007255
park_high,1576,-0.9007775020028355,-19.21170657304257
park_high,1577,-0.9037342695242884,-28.140607801319785
park_high,1578,-0.5155806338395531,142.1085906649845
park_high,1579,-1.2161942915462667,-25.936565383038264
park_high,1580,0.17600315492980823,-0.8882028501007255
park_high,1581,-1.2161942915462667,-25.936565383038264
park_high,1582,-1.8961423078758455,-36.83898329884153
park_high,1583,-0.9007775020028355,-19.21170657304257
park_high,1584,-0.019973909691869185,-12.363480206440094
park_high,1585,-3.0938892080527847,-20.471364507733686
park_high,1586,-0.019973909691869185,-12.363480206440094
park_high,1587,-0.9037342695242884,-28.140607801319785
park_high,1588,-0.5155806338395531,142.1085906649845
park_high,1589,-0.3408608142201819,-17.095306498427785
park_high,1590,-1.9726834332263192,-56.02199369513258
park_high,1591,-1.2161942915462667,-25.936565383038264
park_high,1592,-1.8622531995718083,-47.866249854101085
park_high,1593,-1.9726834332263192,-56.02199369513258
park_high,1594,-1.9726834332263192,-56.02199369513258
park_high,1595,-1.8961423078758455,-36.83898329884153
park_high,1596,-1.9726834332263192,-56.02199369513258
park_high,1597,-0.8483834967767341,-24.323279468121513
park_high,1598,-1.2161942915462667,-25.936565383038264
park_high,1599,-0.8483834967767341,-24.323279468121513
park_high,1600,-1.408691622842758,-73.11254949492694
park_high,1601,-0.3408608142201819,-17.095306498427785
park_high,1602,0.6591999069903283,-24.48496319908088
park_high,1603,-1.4034453187297427,-22.013914694867083
park_high,1604,-0.9037342695242884,-28.140607801319785
park_high,1605,-3.0938892080527847,-20.471364507733686
park_high,1606,-3.0938892080527847,-20.471364507733686
park_high,1607,-0.9007775020028355,-19.21170657304257
park_high,1608,-1.4034453187297427,-22.013914694867083
park_high,1609,-1.4034453187297427,-22.013914694867083
park_high,1610,-1.0032735420994048,-50.79206855996421
park_high,1611,-0.3408608142201819,-17.095306498427785
park_high,1612,-1.8961423078758455,-36.83898329884153
park_high,1613,-2.0350149357843192,-13.000524010664083
park_high,1614,-0.9037342695242884,-28.140607801319785
park_high,1615,-1.8961423078758455,-36.83898329884153
park_high,1616,0.17600315492980823,-0.8882028501007255
park_high,1617,-1.408691622842758,-73.11254949492694
park_high,1618,-0.8483834967767341,-24.323279468121513
park_high,1619,-2.0350149357843192,-13.000524010664083
park_high,1620,-3.0938892080527847,-20.471364507733686
park_high,1621,-1.408691622842758,-73.11254949492694
park_high,1622,-1.8961423078758455,-36.83898329884153
park_high,1623,-0.8483834967767341,-24.323279468121513
park_high,1624,-1.0032735420994048,-50.79206855996421
park_high,1625,-1.8961423078758455,-36.83898329884153
park_high,1626,-0.019973909691869185,-12.363480206440094
park_high,1627,0.0597714461825507,26.203020733675412
park_high,1628,0.7291757661069176,2.2372023607312848
park_high,1629,0.6591999069903283,-24.48496319908088
park_high,1630,-1.8622531995718083,-47.866249854101085
park_high,1631,0.0597714461825507,26.203020733675412
park_high,1632,-0.019973909691869185,-12.363480206440094
park_high,1633,-0.3408608142201819,-17.095306498427785
park_high,1634,-1.4034453187297427,-22.013914694867083
park_high,1635,-0.9007775020028355,-19.21170657304257
park_high,1636,-0.5155806338395531,142.1085906649845
park_high,1637,-0.9037342695242884,-28.140607801319785
park_high,1638,-0.3408608142201819,-17.095306498427785
park_high,1639,-1.8961423078758455,-36.83898329884153
park_high,1640,0.7291757661069176,2.2372023607312848
park_high,1641,0.7291757661069176,2.2372023607312848
park_high,1642,-0.9037342695242884,-28.140607801319785
park_high,1643,-1.8961423078758455,-36.83898329884153
park_high,1644,0.7291757661069176,2.2372023607312848
park_high,1645,-1.0032735420994048,-50.79206855996421
park_high,1646,0.7291757661069176,2.2372023607312848
park_high,1647,0.17600315492980823,-0.8882028501007255
park_high,1648,-0.9007775020028355,-19.21170657304257
park_high,1649,-3.0938892080527847,-20.471364507733686
park_high,1650,-1.2161942915462667,-25.936565383038264
park_high,1651,-1.408691622842758,-73.11254949492694
park_high,1652,-0.5155806338395531,142.1085906649845
park_high,1653,-1.0032735420994048,-50.79206855996421
park_high,1654,-2.0350149357843192,-13.000524010664083
park_high,1655,-0.9037342695242884,-28.140607801319785
park_high,1656,-0.9037342695242884,-28.140607801319785
park_high,1657,-1.408691622842758,-73.11254949492694
park_high,1658,-0.3408608142201819,-17.095306498427785
park_high,1659,-0.019973909691869185,-12.363480206440094
park_high,1660,0.0597714461825507,26.203020733675412
park_high,1661,-0.9037342695242884,-28.140607801319785
park_high,1662,-1.0032735420994048,-50.79206855996421
park_high,1663,-0.9007775020028355,-19.21170657304257
park_high,1664,-3.0938892080527847,-20.471364507733686
park_high,1665,-0.9037342695242884,-28.140607801319785
park_high,1666,0.17600315492980823,-0.8882028501007255
park_high,1667,-1.4034453187297427,-22.013914694867083
park_high,1668,-2.0350149357843192,-13.000524010664083
park_high,1669,0.0597714461825507,26.203020733675412
park_high,1670,-3.0938892080527847,-20.471364507733686
park_high,1671,-1.9726834332263192,-56.02199369513258
park_high,1672,-1.9726834332263192,-56.02199369513258
park_high,1673,-1.9726834332263192,-56.02199369513258
park_high,1674,-1.8622531995718083,-47.866249854101085
park_high,1675,-1.2161942915462667,-25.936565383038264
park_high,1676,-0.9037342695242884,-28.140607801319785
park_high,1677,0.0597714461825507,26.203020733675412
park_high,1678,-0.3408608142201819,-17.095306498427785
park_high,1679,-1.8961423078758455,-36.83898329884153
park_high,1680,0.7291757661069176,2.2372023607312848
park_high,1681,-0.019973909691869185,-12.363480206440094
park_high,1682,-1.2161942915462667,-25.936565383038264
park_high,1683,-0.9007775020028355,-19.21170657304257
park_high,1684,0.7291757661069176,2.2372023607312848
park_high,1685,-0.9007775020028355,-19.21170657304257
park_high,1686,-1.408691622842758,-73.11254949492694
park_high,1687,-1.0032735420994048,-50.79206855996421
park_high,1688,-3.0938892080527847,-20.471364507733686
park_high,1689,-0.5155806338395531,142.1085906649845
park_high,1690,-0.9037342695242884,-28.140607801319785
park_high,1691,-1.8622531995718083,-47.866249854101085
park_high,1692,-1.9726834332263192,-56.02199369513258
park_high,1693,-1.9726834332263192,-56.02199369513258
park_high,1694,-1.2161942915462667,-25.936565383038264
park_high,1695,0.7291757661069176,2.2372023607312848
park_high,1696,-0.8483834967767341,-24.323279468121513
park_high,1697,-1.8622531995718083,-47.866249854101085
park_high,1698,-0.9007775020028355,-19.21170657304257
park_high,1699,-1.8622531995718083,-47.866249854101085
park_high,1700,-0.9007775020028355,-19.21170657304257
park_high,1701,-0.5155806338395531,142.1085906649845
park_high,1702,-3.0938892080527847,-20.471364507733686
park_high,1703,-1.9726834332263192,-56.02199369513258
park_high,1704,-1.8961423078758455,-36.83898329884153
park_high,1705,-2.0350149357843192,-13.000524010664083
park_high,1706,0.0597714461825507,26.203020733675412
park_high,1707,-3.0938892080527847,-20.471364507733686
park_high,1708,-0.5155806338395531,142.1085906649845
park_high,1709,-0.3408608142201819,-17.095306498427785
park_high,1710,-1.8622531995718083,-47.866249854101085
park_high,1711,-1.9726834332263192,-56.02199369513258
park_high,1712,0.7291757661069176,2.2372023607312848
park_high,1713,0.0597714461825507,26.203020733675412
park_high,1714,-0.8483834967767341,-24.323279468121513
park_high,1715,-1.0032735420994048,-50.79206855996421
park_high,1716,-0.9037342695242884,-28.140607801319785
park_high,1717,-1.0032735420994048,-50.79206855996421
park_high,1718,-1.8622531995718083,-47.866249854101085
park_high,1719,-0.5155806338395531,142.1085906649845
park_high,1720,-1.0032735420994048,-50.79206855996421
park_high,1721,-1.408691622842758,-73.11254949492694
park_high,1722,-0.8483834967767341,-24.323279468121513
park_high,1723,0.6591999069903283,-24.48496319908088
park_high,1724,-0.8483834967767341,-24.323279468121513
park_high,1725,-1.4034453187297427,-22.013914694867083
park_high,1726,-2.0350149357843192,-13.000524010664083
park_high,1727,-1.8622531995718083,-47.866249854101085
park_high,1728,-1.8961423078758455,-36.83898329884153
park_high,1729,-1.408691622842758,-73.11254949492694
park_high,1730,-0.9037342695242884,-28.140607801319785
park_high,1731,-1.0032735420994048,-50.79206855996421
park_high,1732,-1.2161942915462667,-25.936565383038264
park_high,1733,0.6591999069903283,-24.48496319908088
park_high,1734,-0.3408608142201819,-17.095306498427785
park_high,1735,0.17600315492980823,-0.8882028501007255
park_high,1736,0.17600315492980823,-0.8882028501007255
park_high,1737,-1.8622531995718083,-47.866249854101085
park_high,1738,-1.8961423078758455,-36.83898329884153
park_high,1739,-1.8622531995718083,-47.866249854101085
park_high,1740,-3.0938892080527847,-20.471364507733686
park_high,1741,-0.3408608142201819,-17.095306498427785
park_high,1742,-0.3408608142201819,-17.095306498427785
park_high,1743,-0.8483834967767341,-24.323279468121513
park_high,1744,-1.8622531995718083,-47.866249854101085
park_high,1745,0.6591999069903283,-24.48496319908088
park_high,1746,-1.9726834332263192,-56.02199369513258
park_high,1747,-1.408691622842758,-73.11254949492694
park_high,1748,0.7291757661069176,2.2372023607312848
park_high,1749,-1.8961423078758455,-36.83898329884153
park_high,1750,-1.2161942915462667,-25.936565383038264
park_high,1751,0.7291757661069176,2.2372023607312848
park_high,1752,0.0597714461825507,26.203020733675412
park_high,1753,-0.019973909691869185,-12.363480206440094
park_high,1754,-1.408691622842758,-73.11254949492694
park_high,1755,-0.5155806338395531,142.1085906649845
park_high,1756,-1.9726834332263192,-56.02199369513258
park_high,1757,-1.408691622842758,-73.11254949492694
park_high,1758,-1.0032735420994048,-50.79206855996421
park_high,1759,-0.9037342695242884,-28.140607801319785
park_high,1760,-1.0032735420994048,-50.79206855996421
park_high,1761,-0.5155806338395531,142.1085906649845
park_high,1762,-1.4034453187297427,-22.013914694867083
park_high,1763,0.17600315492980823,-0.8882028501007255
park_high,1764,-0.9007775020028355,-19.21170657304257
park_high,1765,0.17600315492980823,-0.8882028501007255
park_high,1766,-1.0032735420994048,-50.79206855996421
park_high,1767,-0.9037342695242884,-28.140607801319785
park_high,1768,-1.8622531995718083,-47.866249854101085
park_high,1769,0.0597714461825507,26.203020733675412
park_high,1770,0.17600315492980823,-0.8882028501007255
park_high,1771,-0.9007775020028355,-19.21170657304257
park_high,1772,0.17600315492980823,-0.8882028501007255
park_high,1773,-2.0350149357843192,-13.000524010664083
park_high,1774,-0.3408608142201819,-17.095306498427785
park_high,1775,-1.8622531995718083,-47.866249854101085
park_high,1776,-0.9037342695242884,-28.140607801319785
park_high,1777,-2.0350149357843192,-13.000524010664083
park_high,1778,-1.0032735420994048,-50.79206855996421
park_high,1779,0.7291757661069176,2.2372023607312848
park_high,1780,-3.0938892080527847,-20.471364507733686
park_high,1781,-1.8961423078758455,-36.83898329884153
park_high,1782,-0.019973909691869185,-12.363480206440094
park_high,1783,0.7291757661069176,2.2372023607312848
park_high,1784,-0.9007775020028355,-19.21170657304257
park_high,1785,0.6591999069903283,-24.48496319908088
park_high,1786,-0.9037342695242884,-28.140607801319785
park_high,1787,-3.0938892080527847,-20.471364507733686
park_high,1788,0.17600315492980823,-0.8882028501007255
park_high,1789,0.17600315492980823,-0.8882028501007255
park_high,1790,-0.3408608142201819,-17.095306498427785
park_high,1791,0.17600315492980823,-0.8882028501007255
park_high,1792,0.0597714461825507,26.203020733675412
park_high,1793,-0.9007775020028355,-19.21170657304257
park_high,1794,-0.3408608142201819,-17.095306498427785
park_high,1795,0.7291757661069176,2.2372023607312848
park_high,1796,-1.408691622842758,-73.11254949492694
park_high,1797,-0.9007775020028355,-19.21170657304257
park_high,1798,-0.5155806338395531,142.1085906649845
park_high,1799,-0.8483834967767341,-24.323279468121513
park_high,1800,-3.0938892080527847,-20.471364507733686
park_high,1801,-1.2161942915462667,-25.936565383038264
park_high,1802,-0.9037342695242884,-28.140607801319785
park_high,1803,-0.019973909691869185,-12.363480206440094
park_high,1804,-0.3408608142201819,-17.095306498427785
park_high,1805,0.0597714461825507,26.203020733675412
park_high,1806,-1.2161942915462667,-25.936565383038264
park_high,1807,-1.8622531995718083,-47.866249854101085
park_high,1808,-2.0350149357843192,-13.000524010664083
park_high,1809,-1.8622531995718083,-47.866249854101085
park_high,1810,-2.0350149357843192,-13.000524010664083
park_high,1811,-1.8961423078758455,-36.83898329884153
park_high,1812,-1.8961423078758455,-36.83898329884153
park_high,1813,-0.9037342695242884,-28.140607801319785
park_high,1814,-3.0938892080527847,-20.471364507733686
park_high,1815,-3.0938892080527847,-20.471364507733686
park_high,1816,-1.0032735420994048,-50.79206855996421
park_high,1817,-1.9726834332263192,-56.02199369513258
park_high,1818,-1.0032735420994048,-50.79206855996421
park_high,1819,-1.0032735420994048,-50.79206855996421
park_high,1820,0.6591999069903283,-24.48496319908088
park_high,1821,0.6591999069903283,-24.48496319908088
park_high,1822,-1.4034453187297427,-22.013914694867083
park_high,1823,-0.3408608142201819,-17.095306498427785
park_high,1824,-0.5155806338395531,142.1085906649845
park_high,1825,-1.8622531995718083,-47.866249854101085
park_high,1826,-1.4034453187297427,-22.013914694867083
park_high,1827,-0.9037342695242884,-28.140607801319785
park_high,1828,0.7291757661069176,2.2372023607312848
park_high,1829,0.17600315492980823,-0.8882028501007255
park_high,1830,-1.0032735420994048,-50.79206855996421
park_high,1831,-0.9007775020028355,-19.21170657304257
park_high,1832,-1.9726834332263192,-56.02199369513258
park_high,1833,-1.2161942915462667,-25.936565383038264
park_high,1834,0.17600315492980823,-0.8882028501007255
park_high,1835,-0.019973909691869185,-12.363480206440094
park_high,1836,-1.2161942915462667,-25.936565383038264
park_high,1837,-0.5155806338395531,142.1085906649845
park_high,1838,-1.9726834332263192,-56.02199369513258
park_high,1839,-0.3408608142201819,-17.095306498427785
park_high,1840,-1.2161942915462667,-25.936565383038264
park_high,1841,-0.8483834967767341,-24.323279468121513
park_high,1842,0.7291757661069176,2.2372023607312848
park_high,1843,-1.2161942915462667,-25.936565383038264
park_high,1844,-3.0938892080527847,-20.471364507733686
park_high,1845,-1.4034453187297427,-22.013914694867083
park_high,1846,-0.5155806338395531,142.1085906649845
park_high,1847,-1.408691622842758,-73.11254949492694
park_high,1848,-0.3408608142201819,-17.095306498427785
park_high,1849,-1.408691622842758,-73.11254949492694
park_high,1850,-1.0032735420994048,-50.79206855996421
park_high,1851,-1.408691622842758,-73.11254949492694
park_high,1852,0.0597714461825507,26.203020733675412
park_high,1853,-0.019973909691869185,-12.363480206440094
park_high,1854,-1.2161942915462667,-25.936565383038264
park_high,1855,-3.0938892080527847,-20.471364507733686
park_high,1856,-1.8622531995718083,-47.866249854101085
park_high,1857,-2.0350149357843192,-13.000524010664083
park_high,1858,-1.8961423078758455,-36.83898329884153
park_high,1859,-0.9007775020028355,-19.21170657304257
park_high,1860,-1.0032735420994048,-50.79206855996421
park_high,1861,0.0597714461825507,26.203020733675412
park_high,1862,-0.8483834967767341,-24.323279468121513
park_high,1863,-1.8622531995718083,-47.866249854101085
park_high,1864,-1.4034453187297427,-22.013914694867083
park_high,1865,-0.9037342695242884,-28.140607801319785
park_high,1866,-0.5155806338395531,142.1085906649845
park_high,1867,-0.019973909691869185,-12.363480206440094
park_high,1868,-0.8483834967767341,-24.323279468121513
park_high,1869,-0.9007775020028355,-19.21170657304257
park_high,1870,-3.0938892080527847,-20.471364507733686
park_high,1871,-0.019973909691869185,-12.363480206440094
park_high,1872,-0.8483834967767341,-24.323279468121513
park_high,1873,-0.3408608142201819,-17.095306498427785
park_high,1874,-1.8622531995718083,-47.866249854101085
park_high,1875,-0.3408608142201819,-17.095306498427785
park_high,1876,-2.0350149357843192,-13.000524010664083
park_high,1877,-1.9726834332263192,-56.02199369513258
park_high,1878,-0.9007775020028355,-19.21170657304257
park_high,1879,0.0597714461825507,26.203020733675412
park_high,1880,-3.0938892080527847,-20.471364507733686
park_high,1881,-1.8961423078758455,-36.83898329884153
park_high,1882,-0.9037342695242884,-28.140607801319785
park_high,1883,0.0597714461825507,26.203020733675412
park_high,1884,-1.4034453187297427,-22.013914694867083
park_high,1885,-1.408691622842758,-73.11254949492694
park_high,1886,-0.9007775020028355,-19.21170657304257
park_high,1887,0.0597714461825507,26.203020733675412
park_high,1888,0.0597714461825507,26.203020733675412
park_high,1889,-1.8961423078758455,-36.83898329884153
park_high,1890,-0.3408608142201819,-17.095306498427785
park_high,1891,-0.8483834967767341,-24.323279468121513
park_high,1892,0.7291757661069176,2.2372023607312848
park_high,1893,-1.8622531995718083,-47.866249854101085
park_high,1894,-1.408691622842758,-73.11254949492694
park_high,1895,-1.8622531995718083,-47.866249854101085
park_high,1896,-0.3408608142201819,-17.095306498427785
park_high,1897,-1.0032735420994048,-50.79206855996421
park_high,1898,0.7291757661069176,2.2372023607312848
park_high,1899,-0.8483834967767341,-24.323279468121513
park_high,1900,-1.8622531995718083,-47.866249854101085
park_high,1901,-0.8483834967767341,-24.323279468121513
park_high,1902,-0.9037342695242884,-28.140607801319785
park_high,1903,-0.3408608142201819,-17.095306498427785
park_high,1904,-0.5155806338395531,142.1085906649845
park_high,1905,-1.408691622842758,-73.11254949492694
park_high,1906,0.7291757661069176,2.2372023607312848
park_high,1907,0.0597714461825507,26.203020733675412
park_high,1908,-0.5155806338395531,142.1085906649845
park_high,1909,-0.3408608142201819,-17.095306498427785
park_high,1910,-1.9726834332263192,-56.02199369513258
park_high,1911,-0.9037342695242884,-28.140607801319785
park_high,1912,-1.8961423078758455,-36.83898329884153
park_high,1913,-0.9037342695242884,-28.140607801319785
park_high,1914,0.0597714461825507,26.203020733675412
park_high,1915,-0.019973909691869185,-12.363480206440094
park_high,1916,-3.0938892080527847,-20.471364507733686
park_high,1917,-2.0350149357843192,-13.000524010664083
park_high,1918,-0.5155806338395531,142.1085906649845
park_high,1919,-1.8961423078758455,-36.83898329884153
park_high,1920,-0.3408608142201819,-17.095306498427785
park_high,1921,-0.019973909691869185,-12.363480206440094
park_high,1922,-0.3408608142201819,-17.095306498427785
park_high,1923,-0.9037342695242884,-28.140607801319785
park_high,1924,-2.0350149357843192,-13.000524010664083
park_high,1925,-1.4034453187297427,-22.013914694867083
park_high,1926,-0.9037342695242884,-28.140607801319785
park_high,1927,0.0597714461825507,26.203020733675412
park_high,1928,-1.4034453187297427,-22.013914694867083
park_high,1929,-3.0938892080527847,-20.471364507733686
park_high,1930,-1.8622531995718083,-47.866249854101085
park_high,1931,-1.4034453187297427,-22.013914694867083
park_high,1932,-0.9037342695242884,-28.140607801319785
park_high,1933,-1.9726834332263192,-56.02199369513258
park_high,1934,0.6591999069903283,-24.48496319908088
park_high,1935,0.17600315492980823,-0.8882028501007255
park_high,1936,-1.0032735420994048,-50.79206855996421
park_high,1937,-1.8961423078758455,-36.83898329884153
park_high,1938,-0.5155806338395531,142.1085906649845
park_high,1939,-0.019973909691869185,-12.363480206440094
park_high,1940,-3.0938892080527847,-20.471364507733686
park_high,1941,-1.8622531995718083,-47.866249854101085
park_high,1942,-1.4034453187297427,-22.013914694867083
park_high,1943,-1.2161942915462667,-25.936565383038264
park_high,1944,-1.408691622842758,-73.11254949492694
park_high,1945,0.7291757661069176,2.2372023607312848
park_high,1946,-0.8483834967767341,-24.323279468121513
park_high,1947,-0.019973909691869185,-12.363480206440094
park_high,1948,0.0597714461825507,26.203020733675412
park_high,1949,-0.3408608142201819,-17.095306498427785
park_high,1950,-1.408691622842758,-73.11254949492694
park_high,1951,-1.0032735420994048,-50.79206855996421
park_high,1952,-1.8622531995718083,-47.866249854101085
park_high,1953,0.7291757661069176,2.2372023607312848
park_high,1954,-0.5155806338395531,142.1085906649845
park_high,1955,-1.0032735420994048,-50.79206855996421
park_high,1956,-3.0938892080527847,-20.471364507733686
park_high,1957,-1.2161942915462667,-25.936565383038264
park_high,1958,0.6591999069903283,-24.48496319908088
park_high,1959,0.7291757661069176,2.2372023607312848
park_high,1960,-0.9007775020028355,-19.21170657304257
park_high,1961,-1.4034453187297427,-22.013914694867083
park_high,1962,-1.2161942915462667,-25.936565383038264
park_high,1963,-0.8483834967767341,-24.323279468121513
park_high,1964,-0.5155806338395531,142.1085906649845
park_high,1965,-0.3408608142201819,-17.095306498427785
park_high,1966,-1.408691622842758,-73.11254949492694
park_high,1967,0.0597714461825507,26.203020733675412
park_high,1968,-3.0938892080527847,-20.471364507733686
park_high,1969,-0.019973909691869185,-12.363480206440094
park_high,1970,0.6591999069903283,-24.48496319908088
park_high,1971,-1.4034453187297427,-22.013914694867083
park_high,1972,-0.019973909691869185,-12.363480206440094
park_high,1973,0.6591999069903283,-24.48496319908088
park_high,1974,-1.8622531995718083,-47.866249854101085
park_high,1975,0.17600315492980823,-0.8882028501007255
park_high,1976,0.7291757661069176,2.2372023607312848
park_high,1977,-1.8961423078758455,-36.83898329884153
park_high,1978,-0.3408608142201819,-17.095306498427785
park_high,1979,-1.8961423078758455,-36.83898329884153
park_high,1980,-1.0032735420994048,-50.79206855996421
park_high,1981,0.6591999069903283,-24.48496319908088
park_high,1982,-1.0032735420994048,-50.79206855996421
park_high,1983,-1.8961423078758455,-36.83898329884153
park_high,1984,-0.9007775020028355,-19.21170657304257
park_high,1985,-0.3408608142201819,-17.095306498427785
park_high,1986,0.6591999069903283,-24.48496319908088
park_high,1987,-1.0032735420994048,-50.79206855996421
park_high,1988,-0.019973909691869185,-12.363480206440094
park_high,1989,0.7291757661069176,2.2372023607312848
park_high,1990,-2.0350149357843192,-13.000524010664083
park_high,1991,-1.9726834332263192,-56.02199369513258
park_high,1992,-0.3408608142201819,-17.095306498427785
park_high,1993,-1.8961423078758455,-36.83898329884153
park_high,1994,0.7291757661069176,2.2372023607312848
park_high,1995,-1.8622531995718083,-47.866249854101085
park_high,1996,-0.3408608142201819,-17.095306498427785
park_high,1997,-1.8622531995718083,-47.866249854101085
park_high,1998,-1.2161942915462667,-25.936565383038264
park_high,1999,-0.3408608142201819,-17.095306498427785
park_high,2000,-1.4034453187297427,-22.013914694867083
park_high,2001,-1.4034453187297427,-22.013914694867083
park_high,2002,-3.0938892080527847,-20.471364507733686
park_high,2003,-0.9007775020028355,-19.21170657304257
park_high,2004,-0.9007775020028355,-19.21170657304257
park_high,2005,-0.5155806338395531,142.1085906649845
park_high,2006,0.6591999069903283,-24.48496319908088
park_high,2007,-1.0032735420994048,-50.79206855996421
park_high,2008,0.17600315492980823,-0.8882028501007255
park_high,2009,0.7291757661069176,2.2372023607312848
park_high,2010,-1.2161942915462667,-25.936565383038264
park_high,2011,-1.8961423078758455,-36.83898329884153
park_high,2012,-3.0938892080527847,-20.471364507733686
park_high,2013,-1.8622531995718083,-47.866249854101085
park_high,2014,-2.0350149357843192,-13.000524010664083
park_high,2015,-1.8961423078758455,-36.83898329884153
park_high,2016,-0.9007775020028355,-19.21170657304257
park_high,2017,-3.0938892080527847,-20.471364507733686
park_high,2018,-1.2161942915462667,-25.936565383038264
park_high,2019,-1.8622531995718083,-47.866249854101085
park_high,2020,-1.9726834332263192,-56.02199369513258
park_high,2021,-0.019973909691869185,-12.363480206440094
park_high,2022,-1.0032735420994048,-50.79206855996421
park_high,2023,-1.4034453187297427,-22.013914694867083
park_high,2024,-0.8483834967767341,-24.323279468121513
park_high,2025,-1.0032735420994048,-50.79206855996421
park_high,2026,0.7291757661069176,2.2372023607312848
park_high,2027,-0.9037342695242884,-28.140607801319785
park_high,2028,-0.8483834967767341,-24.323279468121513
park_high,2029,-0.3408608142201819,-17.095306498427785
park_high,2030,-1.2161942915462667,-25.936565383038264
park_high,2031,-0.8483834967767341,-24.323279468121513
park_high,2032,-0.9007775020028355,-19.21170657304257
park_high,2033,-1.2161942915462667,-25.936565383038264
park_high,2034,-0.9007775020028355,-19.21170657304257
park_high,2035,-0.019973909691869185,-12.363480206440094
park_high,2036,-1.9726834332263192,-56.02199369513258
park_high,2037,-0.9007775020028355,-19.21170657304257
park_high,2038,-0.019973909691869185,-12.363480206440094
park_high,2039,-0.8483834967767341,-24.323279468121513
park_high,2040,-0.019973909691869185,-12.363480206440094
park_high,2041,-1.8961423078758455,-36.83898329884153
park_high,2042,-0.9037342695242884,-28.140607801319785
park_high,2043,-3.0938892080527847,-20.471364507733686
park_high,2044,0.6591999069903283,-24.48496319908088
park_high,2045,-0.019973909691869185,-12.363480206440094
park_high,2046,-1.0032735420994048,-50.79206855996421
park_high,2047,-1.2161942915462667,-25.936565383038264
park_high,2048,-1.8961423078758455,-36.83898329884153
park_high,2049,-1.8622531995718083,-47.866249854101085
park_high,2050,-2.0350149357843192,-13.000524010664083
park_high,2051,-2.0350149357843192,-13.000524010664083
park_high,2052,-0.9007775020028355,-19.21170657304257
park_high,2053,-0.9037342695242884,-28.140607801319785
park_high,2054,-0.9007775020028355,-19.21170657304257
park_high,2055,-1.0032735420994048,-50.79206855996421
park_high,2056,-1.8961423078758455,-36.83898329884153
park_high,2057,-0.8483834967767341,-24.323279468121513
park_high,2058,-1.2161942915462667,-25.936565383038264
park_high,2059,-1.8961423078758455,-36.83898329884153
park_high,2060,0.0597714461825507,26.203020733675412
park_high,2061,-1.8622531995718083,-47.866249854101085
park_high,2062,0.0597714461825507,26.203020733675412
park_high,2063,-1.8622531995718083,-47.866249854101085
park_high,2064,-1.9726834332263192,-56.02199369513258
park_high,2065,-1.8961423078758455,-36.83898329884153
park_high,2066,-0.3408608142201819,-17.095306498427785
park_high,2067,-2.0350149357843192,-13.000524010664083
park_high,2068,0.17600315492980823,-0.8882028501007255
park_high,2069,0.6591999069903283,-24.48496319908088
park_high,2070,0.17600315492980823,-0.8882028501007255
park_high,2071,-0.9037342695242884,-28.140607801319785
park_high,2072,-0.3408608142201819,-17.095306498427785
park_high,2073,-1.8961423078758455,-36.83898329884153
park_high,2074,-1.8622531995718083,-47.866249854101085
park_high,2075,-0.5155806338395531,142.1085906649845
park_high,2076,-0.5155806338395531,142.1085906649845
park_high,2077,0.17600315492980823,-0.8882028501007255
park_high,2078,-0.3408608142201819,-17.095306498427785
park_high,2079,-0.019973909691869185,-12.363480206440094
park_high,2080,0.7291757661069176,2.2372023607312848
park_high,2081,-2.0350149357843192,-13.000524010664083
park_high,2082,0.0597714461825507,26.203020733675412
park_high,2083,-1.8622531995718083,-47.866249854101085
park_high,2084,-1.9726834332263192,-56.02199369513258
park_high,2085,-1.9726834332263192,-56.02199369513258
park_high,2086,-1.8622531995718083,-47.866249854101085
park_high,2087,-0.8483834967767341,-24.323279468121513
park_high,2088,0.0597714461825507,26.203020733675412
park_high,2089,0.17600315492980823,-0.8882028501007255
park_high,2090,-0.8483834967767341,-24.323279468121513
park_high,2091,-0.9007775020028355,-19.21170657304257
park_high,2092,0.17600315492980823,-0.8882028501007255
park_high,2093,0.17600315492980823,-0.8882028501007255
park_high,2094,0.7291757661069176,2.2372023607312848
park_high,2095,-0.9007775020028355,-19.21170657304257
park_high,2096,-0.3408608142201819,-17.095306498427785
park_high,2097,-1.2161942915462667,-25.936565383038264
park_high,2098,-1.4034453187297427,-22.013914694867083
park_high,2099,-3.0938892080527847,-20.471364507733686
park_high,2100,-0.3408608142201819,-17.095306498427785
park_high,2101,-1.4034453187297427,-22.013914694867083
park_high,2102,-2.0350149357843192,-13.000524010664083
park_high,2103,0.6591999069903283,-24.48496319908088
park_high,2104,-1.408691622842758,-73.11254949492694
park_high,2105,0.0597714461825507,26.203020733675412
park_high,2106,-0.3408608142201819,-17.095306498427785
park_high,2107,-0.8483834967767341,-24.323279468121513
park_high,2108,-1.8622531995718083,-47.866249854101085
park_high,2109,-1.4034453187297427,-22.013914694867083
park_high,2110,-0.5155806338395531,142.1085906649845
park_high,2111,-1.9726834332263192,-56.02199369513258
park_high,2112,-1.408691622842758,-73.11254949492694
park_high,2113,0.7291757661069176,2.2372023607312848
park_high,2114,-1.0032735420994048,-50.79206855996421
park_high,2115,0.6591999069903283,-24.48496319908088
park_high,2116,-0.3408608142201819,-17.095306498427785
park_high,2117,-1.8961423078758455,-36.83898329884153
park_high,2118,-0.9007775020028355,-19.21170657304257
park_high,2119,-0.5155806338395531,142.1085906649845
park_high,2120,0.0597714461825507,26.203020733675412
park_high,2121,0.6591999069903283,-24.48496319908088
park_high,2122,-0.8483834967767341,-24.323279468121513
park_high,2123,-0.5155806338395531,142.1085906649845
park_high,2124,0.17600315492980823,-0.8882028501007255
park_high,2125,-1.4034453187297427,-22.013914694867083
park_high,2126,-1.8961423078758455,-36.83898329884153
park_high,2127,-0.9037342695242884,-28.140607801319785
park_high,2128,0.0597714461825507,26.203020733675412
park_high,2129,-1.2161942915462667,-25.936565383038264
park_high,2130,-0.5155806338395531,142.1085906649845
park_high,2131,-1.408691622842758,-73.11254949492694
park_high,2132,-1.8622531995718083,-47.866249854101085
park_high,2133,-0.5155806338395531,142.1085906649845
park_high,2134,0.17600315492980823,-0.8882028501007255
park_high,2135,-0.9037342695242884,-28.140607801319785
park_high,2136,0.6591999069903283,-24.48496319908088
park_high,2137,-1.0032735420994048,-50.79206855996421
park_high,2138,-0.9007775020028355,-19.21170657304257
park_high,2139,-1.8961423078758455,-36.83898329884153
park_high,2140,0.17600315492980823,-0.8882028501007255
park_high,2141,-0.019973909691869185,-12.363480206440094
park_high,2142,-0.3408608142201819,-17.095306498427785
park_high,2143,-1.4034453187297427,-22.013914694867083
park_high,2144,-3.0938892080527847,-20.471364507733686
park_high,2145,-1.8961423078758455,-36.83898329884153
park_high,2146,-3.0938892080527847,-20.471364507733686
park_high,2147,-1.408691622842758,-73.11254949492694
park_high,2148,-1.4034453187297427,-22.013914694867083
park_high,2149,0.6591999069903283,-24.48496319908088
park_high,2150,0.17600315492980823,-0.8882028501007255
park_high,2151,-1.8622531995718083,-47.866249854101085
park_high,2152,-1.4034453187297427,-22.013914694867083
park_high,2153,0.7291757661069176,2.2372023607312848
park_high,2154,-1.0032735420994048,-50.79206855996421
park_high,2155,-0.9007775020028355,-19.21170657304257
park_high,2156,-0.3408608142201819,-17.095306498427785
park_high,2157,-0.9007775020028355,-19.21170657304257
park_high,2158,-0.5155806338395531,142.1085906649845
park_high,2159,-1.9726834332263192,-56.02199369513258
park_high,2160,-2.0350149357843192,-13.000524010664083
park_high,2161,-0.9007775020028355,-19.21170657304257
park_high,2162,0.7291757661069176,2.2372023607312848
park_high,2163,-1.2161942915462667,-25.936565383038264
park_high,2164,-1.9726834332263192,-56.02199369513258
park_high,2165,0.6591999069903283,-24.48496319908088
park_high,2166,-1.408691622842758,-73.11254949492694
park_high,2167,-0.5155806338395531,142.1085906649845
park_high,2168,-1.4034453187297427,-22.013914694867083
park_high,2169,-1.408691622842758,-73.11254949492694
park_high,2170,0.0597714461825507,26.203020733675412
park_high,2171,-1.8622531995718083,-47.866249854101085
park_high,2172,0.17600315492980823,-0.8882028501007255
park_high,2173,-0.9007775020028355,-19.21170657304257
park_high,2174,-1.8961423078758455,-36.83898329884153
park_high,2175,-2.0350149357843192,-13.000524010664083
park_high,2176,-3.0938892080527847,-20.471364507733686
park_high,2177,-0.3408608142201819,-17.095306498427785
park_high,2178,-0.3408608142201819,-17.095306498427785
park_high,2179,-0.9037342695242884,-28.140607801319785
park_high,2180,0.0597714461825507,26.203020733675412
park_high,2181,-1.8622531995718083,-47.866249854101085
park_high,2182,-1.2161942915462667,-25.936565383038264
park_high,2183,-0.9007775020028355,-19.21170657304257
park_high,2184,-1.0032735420994048,-50.79206855996421
park_high,2185,-3.0938892080527847,-20.471364507733686
park_high,2186,0.6591999069903283,-24.48496319908088
park_high,2187,-3.0938892080527847,-20.471364507733686
park_high,2188,-0.3408608142201819,-17.095306498427785
park_high,2189,0.7291757661069176,2.2372023607312848
park_high,2190,0.6591999069903283,-24.48496319908088
park_high,2191,-2.0350149357843192,-13.000524010664083
park_high,2192,-1.4034453187297427,-22.013914694867083
park_high,2193,-1.0032735420994048,-50.79206855996421
park_high,2194,0.7291757661069176,2.2372023607312848
park_high,2195,-1.8622531995718083,-47.866249854101085
park_high,2196,-1.0032735420994048,-50.79206855996421
park_high,2197,-1.408691622842758,-73.11254949492694
park_high,2198,-1.4034453187297427,-22.013914694867083
park_high,2199,-0.9037342695242884,-28.140607801319785
park_high,2200,-0.019973909691869185,-12.363480206440094
park_high,2201,-0.3408608142201819,-17.095306498427785
park_high,2202,-1.2161942915462667,-25.936565383038264
park_high,2203,-0.5155806338395531,142.1085906649845
park_high,2204,0.6591999069903283,-24.48496319908088
park_high,2205,0.7291757661069176,2.2372023607312848
park_high,2206,-0.9007775020028355,-19.21170657304257
park_high,2207,0.7291757661069176,2.2372023607312848
park_high,2208,-1.0032735420994048,-50.79206855996421
park_high,2209,-1.9726834332263192,-56.02199369513258
park_high,2210,-0.8483834967767341,-24.323279468121513
park_high,2211,-1.4034453187297427,-22.013914694867083
park_high,2212,0.17600315492980823,-0.8882028501007255
park_high,2213,-1.8622531995718083,-47.866249854101085
park_high,2214,0.17600315492980823,-0.8882028501007255
park_high,2215,0.17600315492980823,-0.8882028501007255
park_high,2216,-0.8483834967767341,-24.323279468121513
park_high,2217,0.7291757661069176,2.2372023607312848
park_high,2218,-1.0032735420994048,-50.79206855996421
park_high,2219,-1.0032735420994048,-50.79206855996421
park_high,2220,-0.019973909691869185,-12.363480206440094
park_high,2221,-0.5155806338395531,142.1085906649845
park_high,2222,0.7291757661069176,2.2372023607312848
park_high,2223,0.6591999069903283,-24.48496319908088
park_high,2224,-0.8483834967767341,-24.323279468121513
park_high,2225,0.0597714461825507,26.203020733675412
park_high,2226,-0.019973909691869185,-12.363480206440094
park_high,2227,-1.8961423078758455,-36.83898329884153
park_high,2228,0.6591999069903283,-24.48496319908088
park_high,2229,-1.0032735420994048,-50.79206855996421
park_high,2230,0.6591999069903283,-24.48496319908088
park_high,2231,-2.0350149357843192,-13.000524010664083
park_high,2232,0.7291757661069176,2.2372023607312848
park_high,2233,-0.3408608142201819,-17.095306498427785
park_high,2234,-0.019973909691869185,-12.363480206440094
park_high,2235,-1.9726834332263192,-56.02199369513258
park_high,2236,-3.0938892080527847,-20.471364507733686
park_high,2237,-1.9726834332263192,-56.02199369513258
park_high,2238,-1.8961423078758455,-36.83898329884153
park_high,2239,-3.0938892080527847,-20.471364507733686
park_high,2240,-3.0938892080527847,-20.471364507733686
park_high,2241,-2.0350149357843192,-13.000524010664083
park_high,2242,-2.0350149357843192,-13.000524010664083
park_high,2243,-3.0938892080527847,-20.471364507733686
park_high,2244,-1.4034453187297427,-22.013914694867083
park_high,2245,-1.4034453187297427,-22.013914694867083
park_high,2246,-0.5155806338395531,142.1085906649845
park_high,2247,0.0597714461825507,26.203020733675412
park_high,2248,-2.0350149357843192,-13.000524010664083
park_high,2249,-1.9726834332263192,-56.02199369513258
park_high,2250,-3.0938892080527847,-20.471364507733686
park_high,2251,-0.8483834967767341,-24.323279468121513
park_high,2252,-3.0938892080527847,-20.471364507733686
park_high,2253,0.17600315492980823,-0.8882028501007255
park_high,2254,-3.0938892080527847,-20.471364507733686
park_high,2255,0.6591999069903283,-24.48496319908088
park_high,2256,-1.8622531995718083,-47.866249854101085
park_high,2257,-2.0350149357843192,-13.000524010664083
park_high,2258,-1.0032735420994048,-50.79206855996421
park_high,2259,-1.8622531995718083,-47.866249854101085
park_high,2260,-1.8622531995718083,-47.866249854101085
park_high,2261,-1.408691622842758,-73.11254949492694
park_high,2262,-3.0938892080527847,-20.471364507733686
park_high,2263,-1.8961423078758455,-36.83898329884153
park_high,2264,-1.2161942915462667,-25.936565383038264
park_high,2265,-0.3408608142201819,-17.095306498427785
park_high,2266,-1.408691622842758,-73.11254949492694
park_high,2267,-0.9037342695242884,-28.140607801319785
park_high,2268,-0.8483834967767341,-24.323279468121513
park_high,2269,-1.0032735420994048,-50.79206855996421
park_high,2270,-3.0938892080527847,-20.471364507733686
park_high,2271,-0.9007775020028355,-19.21170657304257
park_high,2272,-2.0350149357843192,-13.000524010664083
park_high,2273,0.0597714461825507,26.203020733675412
park_high,2274,-0.019973909691869185,-12.363480206440094
park_high,2275,-3.0938892080527847,-20.471364507733686
park_high,2276,-0.9037342695242884,-28.140607801319785
park_high,2277,-0.9007775020028355,-19.21170657304257
park_high,2278,-1.2161942915462667,-25.936565383038264
park_high,2279,-0.019973909691869185,-12.363480206440094
park_high,2280,0.0597714461825507,26.203020733675412
park_high,2281,0.0597714461825507,26.203020733675412
park_high,2282,-0.3408608142201819,-17.095306498427785
park_high,2283,-3.0938892080527847,-20.471364507733686
park_high,2284,-2.0350149357843192,-13.000524010664083
park_high,2285,0.0597714461825507,26.203020733675412
park_high,2286,0.17600315492980823,-0.8882028501007255
park_high,2287,-2.0350149357843192,-13.000524010664083
park_high,2288,-1.8622531995718083,-47.866249854101085
park_high,2289,-3.0938892080527847,-20.471364507733686
park_high,2290,-1.9726834332263192,-56.02199369513258
park_high,2291,-0.9037342695242884,-28.140607801319785
park_high,2292,0.17600315492980823,-0.8882028501007255
park_high,2293,-3.0938892080527847,-20.471364507733686
park_high,2294,-1.8961423078758455,-36.83898329884153
park_high,2295,-0.9007775020028355,-19.21170657304257
park_high,2296,-2.0350149357843192,-13.000524010664083
park_high,2297,-1.8622531995718083,-47.866249854101085
park_high,2298,-0.9037342695242884,-28.140607801319785
park_high,2299,0.6591999069903283,-24.48496319908088
park_high,2300,-1.2161942915462667,-25.936565383038264
park_high,2301,-0.8483834967767341,-24.323279468121513
park_high,2302,0.17600315492980823,-0.8882028501007255
park_high,2303,-0.019973909691869185,-12.363480206440094
park_high,2304,-1.0032735420994048,-50.79206855996421
park_high,2305,0.17600315492980823,-0.8882028501007255
park_high,2306,-2.0350149357843192,-13.000524010664083
park_high,2307,0.6591999069903283,-24.48496319908088
park_high,2308,0.17600315492980823,-0.8882028501007255
park_high,2309,0.6591999069903283,-24.48496319908088
park_high,2310,-0.8483834967767341,-24.323279468121513
park_high,2311,-1.2161942915462667,-25.936565383038264
park_high,2312,0.17600315492980823,-0.8882028501007255
park_high,2313,-1.8961423078758455,-36.83898329884153
park_high,2314,-1.8961423078758455,-36.83898329884153
park_high,2315,0.0597714461825507,26.203020733675412
park_high,2316,-1.408691622842758,-73.11254949492694
park_high,2317,-3.0938892080527847,-20.471364507733686
park_high,2318,-1.0032735420994048,-50.79206855996421
park_high,2319,-1.8622531995718083,-47.866249854101085
park_high,2320,-1.0032735420994048,-50.79206855996421
park_high,2321,-0.5155806338395531,142.1085906649845
park_high,2322,-0.8483834967767341,-24.323279468121513
park_high,2323,-1.408691622842758,-73.11254949492694
park_high,2324,0.0597714461825507,26.203020733675412
park_high,2325,-1.9726834332263192,-56.02199369513258
park_high,2326,-2.0350149357843192,-13.000524010664083
park_high,2327,-1.8961423078758455,-36.83898329884153
park_high,2328,0.0597714461825507,26.203020733675412
park_high,2329,-2.0350149357843192,-13.000524010664083
park_high,2330,-2.0350149357843192,-13.000524010664083
park_high,2331,-0.5155806338395531,142.1085906649845
park_high,2332,-2.0350149357843192,-13.000524010664083
park_high,2333,0.17600315492980823,-0.8882028501007255
park_high,2334,-1.0032735420994048,-50.79206855996421
park_high,2335,-1.8961423078758455,-36.83898329884153
park_high,2336,-1.8622531995718083,-47.866249854101085
park_high,2337,-1.8622531995718083,-47.866249854101085
park_high,2338,-0.9007775020028355,-19.21170657304257
park_high,2339,-3.0938892080527847,-20.471364507733686
park_high,2340,-1.9726834332263192,-56.02199369513258
park_high,2341,-1.8961423078758455,-36.83898329884153
park_high,2342,0.7291757661069176,2.2372023607312848
park_high,2343,-0.019973909691869185,-12.363480206440094
park_high,2344,-3.0938892080527847,-20.471364507733686
park_high,2345,0.0597714461825507,26.203020733675412
park_high,2346,-1.8622531995718083,-47.866249854101085
park_high,2347,-0.5155806338395531,142.1085906649845
park_high,2348,-0.3408608142201819,-17.095306498427785
park_high,2349,-1.4034453187297427,-22.013914694867083
park_high,2350,-3.0938892080527847,-20.471364507733686
park_high,2351,-0.5155806338395531,142.1085906649845
park_high,2352,0.6591999069903283,-24.48496319908088
park_high,2353,0.0597714461825507,26.203020733675412
park_high,2354,-0.9007775020028355,-19.21170657304257
park_high,2355,-0.8483834967767341,-24.323279468121513
park_high,2356,-0.9007775020028355,-19.21170657304257
park_high,2357,-0.5155806338395531,142.1085906649845
park_high,2358,-0.9007775020028355,-19.21170657304257
park_high,2359,-1.4034453187297427,-22.013914694867083
park_high,2360,0.0597714461825507,26.203020733675412
park_high,2361,-0.9037342695242884,-28.140607801319785
park_high,2362,0.7291757661069176,2.2372023607312848
park_high,2363,-0.9007775020028355,-19.21170657304257
park_high,2364,0.17600315492980823,-0.8882028501007255
park_high,2365,-1.0032735420994048,-50.79206855996421
park_high,2366,0.17600315492980823,-0.8882028501007255
park_high,2367,-0.019973909691869185,-12.363480206440094
park_high,2368,-1.0032735420994048,-50.79206855996421
park_high,2369,-1.8961423078758455,-36.83898329884153
park_high,2370,-1.2161942915462667,-25.936565383038264
park_high,2371,0.17600315492980823,-0.8882028501007255
park_high,2372,-0.9037342695242884,-28.140607801319785
park_high,2373,0.7291757661069176,2.2372023607312848
park_high,2374,-1.0032735420994048,-50.79206855996421
park_high,2375,-0.019973909691869185,-12.363480206440094
park_high,2376,-0.8483834967767341,-24.323279468121513
park_high,2377,0.17600315492980823,-0.8882028501007255
park_high,2378,-1.8961423078758455,-36.83898329884153
park_high,2379,0.6591999069903283,-24.48496319908088
park_high,2380,-0.019973909691869185,-12.363480206440094
park_high,2381,-1.8622531995718083,-47.866249854101085
park_high,2382,-3.0938892080527847,-20.471364507733686
park_high,2383,-1.9726834332263192,-56.02199369513258
park_high,2384,-0.3408608142201819,-17.095306498427785
park_high,2385,-1.8622531995718083,-47.866249854101085
park_high,2386,0.17600315492980823,-0.8882028501007255
park_high,2387,0.7291757661069176,2.2372023607312848
park_high,2388,0.0597714461825507,26.203020733675412
park_high,2389,-3.0938892080527847,-20.471364507733686
park_high,2390,-2.0350149357843192,-13.000524010664083
park_high,2391,-1.4034453187297427,-22.013914694867083
park_high,2392,-0.3408608142201819,-17.095306498427785
park_high,2393,-0.9037342695242884,-28.140607801319785
park_high,2394,-1.0032735420994048,-50.79206855996421
park_high,2395,-0.9007775020028355,-19.21170657304257
park_high,2396,-1.2161942915462667,-25.936565383038264
park_high,2397,-1.408691622842758,-73.11254949492694
park_high,2398,0.17600315492980823,-0.8882028501007255
park_high,2399,0.0597714461825507,26.203020733675412
park_high,2400,0.0597714461825507,26.203020733675412
park_high,2401,-0.9037342695242884,-28.140607801319785
park_high,2402,-2.0350149357843192,-13.000524010664083
park_high,2403,-1.9726834332263192,-56.02199369513258
park_high,2404,0.7291757661069176,2.2372023607312848
park_high,2405,-1.8622531995718083,-47.866249854101085
park_high,2406,-0.8483834967767341,-24.323279468121513
park_high,2407,-0.5155806338395531,142.1085906649845
park_high,2408,-1.0032735420994048,-50.79206855996421
park_high,2409,-0.8483834967767341,-24.323279468121513
park_high,2410,-1.8961423078758455,-36.83898329884153
park_high,2411,-1.8961423078758455,-36.83898329884153
park_high,2412,-1.8622531995718083,-47.866249854101085
park_high,2413,-0.9037342695242884,-28.140607801319785
park_high,2414,-1.0032735420994048,-50.79206855996421
park_high,2415,-0.8483834967767341,-24.323279468121513
park_high,2416,-1.8622531995718083,-47.866249854101085
park_high,2417,-0.3408608142201819,-17.095306498427785
park_high,2418,-3.0938892080527847,-20.471364507733686
park_high,2419,-1.8961423078758455,-36.83898329884153
park_high,2420,-0.9007775020028355,-19.21170657304257
park_high,2421,-0.3408608142201819,-17.095306498427785
park_high,2422,-3.0938892080527847,-20.471364507733686
park_high,2423,-1.8961423078758455,-36.83898329884153
park_high,2424,0.17600315492980823,-0.8882028501007255
park_high,2425,-1.2161942915462667,-25.936565383038264
park_high,2426,-3.0938892080527847,-20.471364507733686
park_high,2427,-0.019973909691869185,-12.363480206440094
park_high,2428,-1.408691622842758,-73.11254949492694
park_high,2429,-2.0350149357843192,-13.000524010664083
park_high,2430,-1.4034453187297427,-22.013914694867083
park_high,2431,-0.8483834967767341,-24.323279468121513
park_high,2432,-1.2161942915462667,-25.936565383038264
park_high,2433,-1.0032735420994048,-50.79206855996421
park_high,2434,-1.8961423078758455,-36.83898329884153
park_high,2435,-1.8622531995718083,-47.866249854101085
park_high,2436,-3.0938892080527847,-20.471364507733686
park_high,2437,-0.8483834967767341,-24.323279468121513
park_high,2438,-0.3408608142201819,-17.095306498427785
park_high,2439,-0.3408608142201819,-17.095306498427785
park_high,2440,-0.9007775020028355,-19.21170657304257
park_high,2441,-0.8483834967767341,-24.323279468121513
park_high,2442,-1.0032735420994048,-50.79206855996421
park_high,2443,-0.3408608142201819,-17.095306498427785
park_high,2444,-0.9037342695242884,-28.140607801319785
park_high,2445,-1.2161942915462667,-25.936565383038264
park_high,2446,-0.3408608142201819,-17.095306498427785
park_high,2447,-0.9037342695242884,-28.140607801319785
park_high,2448,-1.0032735420994048,-50.79206855996421
park_high,2449,-0.019973909691869185,-12.363480206440094
park_high,2450,-2.0350149357843192,-13.000524010664083
park_high,2451,-0.5155806338395531,142.1085906649845
park_high,2452,0.7291757661069176,2.2372023607312848
park_high,2453,-3.0938892080527847,-20.471364507733686
park_high,2454,-1.9726834332263192,-56.02199369513258
park_high,2455,-0.9037342695242884,-28.140607801319785
park_high,2456,0.0597714461825507,26.203020733675412
park_high,2457,-1.4034453187297427,-22.013914694867083
park_high,2458,-0.5155806338395531,142.1085906649845
park_high,2459,-1.8622531995718083,-47.866249854101085
park_high,2460,0.7291757661069176,2.2372023607312848
park_high,2461,-1.0032735420994048,-50.79206855996421
park_high,2462,-1.4034453187297427,-22.013914694867083
park_high,2463,-0.5155806338395531,142.1085906649845
park_high,2464,-2.0350149357843192,-13.000524010664083
park_high,2465,-0.3408608142201819,-17.095306498427785
park_high,2466,0.7291757661069176,2.2372023607312848
park_high,2467,-2.0350149357843192,-13.000524010664083
park_high,2468,0.17600315492980823,-0.8882028501007255
park_high,2469,-1.0032735420994048,-50.79206855996421
park_high,2470,0.0597714461825507,26.203020733675412
park_high,2471,-0.9007775020028355,-19.21170657304257
park_high,2472,-1.4034453187297427,-22.013914694867083
park_high,2473,-0.5155806338395531,142.1085906649845
park_high,2474,-0.019973909691869185,-12.363480206440094
park_high,2475,0.0597714461825507,26.203020733675412
park_high,2476,-1.9726834332263192,-56.02199369513258
park_high,2477,-2.0350149357843192,-13.000524010664083
park_high,2478,0.6591999069903283,-24.48496319908088
park_high,2479,-1.0032735420994048,-50.79206855996421
park_high,2480,-0.9037342695242884,-28.140607801319785
park_high,2481,-0.8483834967767341,-24.323279468121513
park_high,2482,-1.2161942915462667,-25.936565383038264
park_high,2483,-0.9037342695242884,-28.140607801319785
park_high,2484,-2.0350149357843192,-13.000524010664083
park_high,2485,-2.0350149357843192,-13.000524010664083
park_high,2486,-1.8622531995718083,-47.866249854101085
park_high,2487,-0.9037342695242884,-28.140607801319785
park_high,2488,-0.9007775020028355,-19.21170657304257
park_high,2489,-0.9007775020028355,-19.21170657304257
park_high,2490,-0.5155806338395531,142.1085906649845
park_high,2491,-1.0032735420994048,-50.79206855996421
park_high,2492,-0.9007775020028355,-19.21170657304257
park_high,2493,-0.8483834967767341,-24.323279468121513
park_high,2494,0.17600315492980823,-0.8882028501007255
park_high,2495,-2.0350149357843192,-13.000524010664083
park_high,2496,-0.8483834967767341,-24.323279468121513
park_high,2497,-0.9007775020028355,-19.21170657304257
park_high,2498,-0.5155806338395531,142.1085906649845
park_high,2499,-0.5155806338395531,142.1085906649845
park_high,2500,-0.019973909691869185,-12.363480206440094
park_high,2501,-0.8483834967767341,-24.323279468121513
park_high,2502,-1.8961423078758455,-36.83898329884153
park_high,2503,-1.4034453187297427,-22.013914694867083
park_high,2504,-0.3408608142201819,-17.095306498427785
park_high,2505,-0.5155806338395531,142.1085906649845
park_high,2506,-1.8622531995718083,-47.866249854101085
park_high,2507,-0.8483834967767341,-24.323279468121513
park_high,2508,-0.9007775020028355,-19.21170657304257
park_high,2509,-2.0350149357843192,-13.000524010664083
park_high,2510,-0.5155806338395531,142.1085906649845
park_high,2511,-1.2161942915462667,-25.936565383038264
park_high,2512,-1.2161942915462667,-25.936565383038264
park_high,2513,-1.8622531995718083,-47.866249854101085
park_high,2514,0.7291757661069176,2.2372023607312848
park_high,2515,-0.3408608142201819,-17.095306498427785
park_high,2516,0.6591999069903283,-24.48496319908088
park_high,2517,0.0597714461825507,26.203020733675412
park_high,2518,-1.8622531995718083,-47.866249854101085
park_high,2519,0.0597714461825507,26.203020733675412
park_high,2520,-1.408691622842758,-73.11254949492694
park_high,2521,-2.0350149357843192,-13.000524010664083
park_high,2522,-1.408691622842758,-73.11254949492694
park_high,2523,-0.019973909691869185,-12.363480206440094
park_high,2524,0.0597714461825507,26.203020733675412
park_high,2525,-0.5155806338395531,142.1085906649845
park_high,2526,-0.5155806338395531,142.1085906649845
park_high,2527,-0.9037342695242884,-28.140607801319785
park_high,2528,-1.2161942915462667,-25.936565383038264
park_high,2529,-1.0032735420994048,-50.79206855996421
park_high,2530,-0.3408608142201819,-17.095306498427785
park_high,2531,-0.8483834967767341,-24.323279468121513
park_high,2532,-3.0938892080527847,-20.471364507733686
park_high,2533,-2.0350149357843192,-13.000524010664083
park_high,2534,0.7291757661069176,2.2372023607312848
park_high,2535,-1.8961423078758455,-36.83898329884153
park_high,2536,0.6591999069903283,-24.48496319908088
park_high,2537,-1.8622531995718083,-47.866249854101085
park_high,2538,-2.0350149357843192,-13.000524010664083
park_high,2539,0.17600315492980823,-0.8882028501007255
park_high,2540,0.6591999069903283,-24.48496319908088
park_high,2541,0.6591999069903283,-24.48496319908088
park_high,2542,-0.8483834967767341,-24.323279468121513
park_high,2543,-1.9726834332263192,-56.02199369513258
park_high,2544,-0.5155806338395531,142.1085906649845
park_high,2545,-0.9007775020028355,-19.21170657304257
park_high,2546,-0.9037342695242884,-28.140607801319785
park_high,2547,-0.019973909691869185,-12.363480206440094
park_high,2548,-2.0350149357843192,-13.000524010664083
park_high,2549,0.0597714461825507,26.203020733675412
park_high,2550,-1.9726834332263192,-56.02199369513258
park_high,2551,-1.408691622842758,-73.11254949492694
park_high,2552,-0.9037342695242884,-28.140607801319785
park_high,2553,-0.019973909691869185,-12.363480206440094
park_high,2554,-1.8622531995718083,-47.866249854101085
park_high,2555,-0.5155806338395531,142.1085906649845
park_high,2556,-0.8483834967767341,-24.323279468121513
park_high,2557,-1.8622531995718083,-47.866249854101085
park_high,2558,-1.8961423078758455,-36.83898329884153
park_high,2559,-0.9007775020028355,-19.21170657304257
park_high,2560,-0.9007775020028355,-19.21170657304257
park_high,2561,-0.5155806338395531,142.1085906649845
park_high,2562,-1.8622531995718083,-47.866249854101085
park_high,2563,0.17600315492980823,-0.8882028501007255
park_high,2564,0.17600315492980823,-0.8882028501007255
park_high,2565,0.17600315492980823,-0.8882028501007255
park_high,2566,-1.408691622842758,-73.11254949492694
park_high,2567,-1.8622531995718083,-47.866249854101085
park_high,2568,-1.408691622842758,-73.11254949492694
park_high,2569,0.0597714461825507,26.203020733675412
park_high,2570,-0.019973909691869185,-12.363480206440094
park_high,2571,-1.8622531995718083,-47.866249854101085
park_high,2572,-1.8961423078758455,-36.83898329884153
park_high,2573,-0.5155806338395531,142.1085906649845
park_high,2574,-3.0938892080527847,-20.471364507733686
park_high,2575,-0.019973909691869185,-12.363480206440094
park_high,2576,0.7291757661069176,2.2372023607312848
park_high,2577,0.6591999069903283,-24.48496319908088
park_high,2578,0.17600315492980823,-0.8882028501007255
park_high,2579,-1.2161942915462667,-25.936565383038264
park_high,2580,-0.8483834967767341,-24.323279468121513
park_high,2581,0.7291757661069176,2.2372023607312848
park_high,2582,-0.3408608142201819,-17.095306498427785
park_high,2583,-0.9037342695242884,-28.140607801319785
park_high,2584,-1.9726834332263192,-56.02199369513258
park_high,2585,-1.9726834332263192,-56.02199369513258
park_high,2586,-0.019973909691869185,-12.363480206440094
park_high,2587,-1.0032735420994048,-50.79206855996421
park_high,2588,-1.408691622842758,-73.11254949492694
park_high,2589,-2.0350149357843192,-13.000524010664083
park_high,2590,-0.019973909691869185,-12.363480206440094
park_high,2591,-1.0032735420994048,-50.79206855996421
park_high,2592,-0.3408608142201819,-17.095306498427785
park_high,2593,-0.5155806338395531,142.1085906649845
park_high,2594,-0.9007775020028355,-19.21170657304257
park_high,2595,0.0597714461825507,26.203020733675412
park_high,2596,-1.4034453187297427,-22.013914694867083
park_high,2597,-2.0350149357843192,-13.000524010664083
park_high,2598,-0.3408608142201819,-17.095306498427785
park_high,2599,-0.3408608142201819,-17.095306498427785
park_high,2600,-0.019973909691869185,-12.363480206440094
park_high,2601,0.7291757661069176,2.2372023607312848
park_high,2602,-2.0350149357843192,-13.000524010664083
park_high,2603,-1.2161942915462667,-25.936565383038264
park_high,2604,-0.9007775020028355,-19.21170657304257
park_high,2605,0.0597714461825507,26.203020733675412
park_high,2606,-0.9037342695242884,-28.140607801319785
park_high,2607,-1.8622531995718083,-47.866249854101085
park_high,2608,-2.0350149357843192,-13.000524010664083
park_high,2609,-0.9007775020028355,-19.21170657304257
park_high,2610,-0.9007775020028355,-19.21170657304257
park_high,2611,-0.8483834967767341,-24.323279468121513
park_high,2612,-2.0350149357843192,-13.000524010664083
park_high,2613,-1.8961423078758455,-36.83898329884153
park_high,2614,-0.019973909691869185,-12.363480206440094
park_high,2615,-1.408691622842758,-73.11254949492694
park_high,2616,-1.8622531995718083,-47.866249854101085
park_high,2617,-0.8483834967767341,-24.323279468121513
park_high,2618,-1.8622531995718083,-47.866249854101085
park_high,2619,-0.9007775020028355,-19.21170657304257
park_high,2620,-3.0938892080527847,-20.471364507733686
park_high,2621,-0.019973909691869185,-12.363480206440094
park_high,2622,0.17600315492980823,-0.8882028501007255
park_high,2623,-0.5155806338395531,142.1085906649845
park_high,2624,-0.3408608142201819,-17.095306498427785
park_high,2625,-0.8483834967767341,-24.323279468121513
park_high,2626,-0.5155806338395531,142.1085906649845
park_high,2627,-0.019973909691869185,-12.363480206440094
park_high,2628,0.7291757661069176,2.2372023607312848
park_high,2629,-1.8622531995718083,-47.866249854101085
park_high,2630,-0.5155806338395531,142.1085906649845
park_high,2631,-0.8483834967767341,-24.323279468121513
park_high,2632,-1.408691622842758,-73.11254949492694
park_high,2633,-0.3408608142201819,-17.095306498427785
park_high,2634,-1.4034453187297427,-22.013914694867083
park_high,2635,0.6591999069903283,-24.48496319908088
park_high,2636,0.7291757661069176,2.2372023607312848
park_high,2637,-0.9037342695242884,-28.140607801319785
park_high,2638,-0.9037342695242884,-28.140607801319785
park_high,2639,-0.9007775020028355,-19.21170657304257
park_high,2640,-1.408691622842758,-73.11254949492694
park_high,2641,-0.5155806338395531,142.1085906649845
park_high,2642,-0.019973909691869185,-12.363480206440094
park_high,2643,-1.8622531995718083,-47.866249854101085
park_high,2644,-0.3408608142201819,-17.095306498427785
park_high,2645,-1.0032735420994048,-50.79206855996421
park_high,2646,0.7291757661069176,2.2372023607312848
park_high,2647,-0.9007775020028355,-19.21170657304257
park_high,2648,-0.9037342695242884,-28.140607801319785
park_high,2649,-1.8622531995718083,-47.866249854101085
park_high,2650,0.17600315492980823,-0.8882028501007255
park_high,2651,-1.8622531995718083,-47.866249854101085
park_high,2652,-1.2161942915462667,-25.936565383038264
park_high,2653,-1.2161942915462667,-25.936565383038264
park_high,2654,-1.2161942915462667,-25.936565383038264
park_high,2655,-0.9037342695242884,-28.140607801319785
park_high,2656,-1.4034453187297427,-22.013914694867083
park_high,2657,-3.0938892080527847,-20.471364507733686
park_high,2658,-1.0032735420994048,-50.79206855996421
park_high,2659,-1.0032735420994048,-50.79206855996421
park_high,2660,0.17600315492980823,-0.8882028501007255
park_high,2661,-1.8622531995718083,-47.866249854101085
park_high,2662,-3.0938892080527847,-20.471364507733686
park_high,2663,-0.3408608142201819,-17.095306498427785
park_high,2664,-0.3408608142201819,-17.095306498427785
park_high,2665,-0.8483834967767341,-24.323279468121513
park_high,2666,-1.8622531995718083,-47.866249854101085
park_high,2667,0.7291757661069176,2.2372023607312848
park_high,2668,-2.0350149357843192,-13.000524010664083
park_high,2669,0.17600315492980823,-0.8882028501007255
park_high,2670,-1.8622531995718083,-47.866249854101085
park_high,2671,-1.0032735420994048,-50.79206855996421
park_high,2672,0.0597714461825507,26.203020733675412
park_high,2673,-1.2161942915462667,-25.936565383038264
park_high,2674,-3.0938892080527847,-20.471364507733686
park_high,2675,-2.0350149357843192,-13.000524010664083
park_high,2676,0.6591999069903283,-24.48496319908088
park_high,2677,0.0597714461825507,26.203020733675412
park_high,2678,-0.9007775020028355,-19.21170657304257
park_high,2679,-0.019973909691869185,-12.363480206440094
park_high,2680,-0.9037342695242884,-28.140607801319785
park_high,2681,-1.9726834332263192,-56.02199369513258
park_high,2682,0.17600315492980823,-0.8882028501007255
park_high,2683,-1.4034453187297427,-22.013914694867083
park_high,2684,-0.9007775020028355,-19.21170657304257
park_high,2685,0.17600315492980823,-0.8882028501007255
park_high,2686,-0.3408608142201819,-17.095306498427785
park_high,2687,-0.9037342695242884,-28.140607801319785
park_high,2688,0.7291757661069176,2.2372023607312848
park_high,2689,-0.8483834967767341,-24.323279468121513
park_high,2690,-2.0350149357843192,-13.000524010664083
park_high,2691,-0.9037342695242884,-28.140607801319785
park_high,2692,-1.9726834332263192,-56.02199369513258
park_high,2693,-1.9726834332263192,-56.02199369513258
park_high,2694,-0.019973909691869185,-12.363480206440094
park_high,2695,0.0597714461825507,26.203020733675412
park_high,2696,-1.8961423078758455,-36.83898329884153
park_high,2697,-0.019973909691869185,-12.363480206440094
park_high,2698,-1.8622531995718083,-47.866249854101085
park_high,2699,-1.8961423078758455,-36.83898329884153
park_high,2700,-2.0350149357843192,-13.000524010664083
park_high,2701,-0.3408608142201819,-17.095306498427785
park_high,2702,-1.4034453187297427,-22.013914694867083
park_high,2703,-0.9007775020028355,-19.21170657304257
park_high,2704,-1.9726834332263192,-56.02199369513258
park_high,2705,0.17600315492980823,-0.8882028501007255
park_high,2706,-3.0938892080527847,-20.471364507733686
park_high,2707,-1.408691622842758,-73.11254949492694
park_high,2708,-0.9037342695242884,-28.140607801319785
park_high,2709,0.0597714461825507,26.203020733675412
park_high,2710,-0.8483834967767341,-24.323279468121513
park_high,2711,-0.019973909691869185,-12.363480206440094
park_high,2712,-0.5155806338395531,142.1085906649845
park_high,2713,-1.0032735420994048,-50.79206855996421
park_high,2714,-0.8483834967767341,-24.323279468121513
park_high,2715,-0.8483834967767341,-24.323279468121513
park_high,2716,-1.9726834332263192,-56.02199369513258
park_high,2717,-0.019973909691869185,-12.363480206440094
park_high,2718,0.6591999069903283,-24.48496319908088
park_high,2719,-1.4034453187297427,-22.013914694867083
park_high,2720,-0.9037342695242884,-28.140607801319785
park_high,2721,-3.0938892080527847,-20.471364507733686
park_high,2722,-1.0032735420994048,-50.79206855996421
park_high,2723,-1.2161942915462667,-25.936565383038264
park_high,2724,-0.9007775020028355,-19.21170657304257
park_high,2725,-1.408691622842758,-73.11254949492694
park_high,2726,0.7291757661069176,2.2372023607312848
park_high,2727,-0.3408608142201819,-17.095306498427785
park_high,2728,-0.019973909691869185,-12.363480206440094
park_high,2729,0.0597714461825507,26.203020733675412
park_high,2730,0.6591999069903283,-24.48496319908088
park_high,2731,-1.2161942915462667,-25.936565383038264
park_high,2732,-1.408691622842758,-73.11254949492694
park_high,2733,-1.8622531995718083,-47.866249854101085
park_high,2734,-0.3408608142201819,-17.095306498427785
park_high,2735,-1.9726834332263192,-56.02199369513258
park_high,2736,-0.5155806338395531,142.1085906649845
park_high,2737,-1.8622531995718083,-47.866249854101085
park_high,2738,-1.8961423078758455,-36.83898329884153
park_high,2739,-1.4034453187297427,-22.013914694867083
park_high,2740,-3.0938892080527847,-20.471364507733686
park_high,2741,0.7291757661069176,2.2372023607312848
park_high,2742,-1.408691622842758,-73.11254949492694
park_high,2743,-0.019973909691869185,-12.363480206440094
park_high,2744,-1.9726834332263192,-56.02199369513258
park_high,2745,-0.019973909691869185,-12.363480206440094
park_high,2746,-1.2161942915462667,-25.936565383038264
park_high,2747,-1.0032735420994048,-50.79206855996421
park_high,2748,-1.2161942915462667,-25.936565383038264
park_high,2749,-3.0938892080527847,-20.471364507733686
park_high,2750,-1.0032735420994048,-50.79206855996421
park_high,2751,-1.4034453187297427,-22.013914694867083
park_high,2752,-0.3408608142201819,-17.095306498427785
park_high,2753,0.6591999069903283,-24.48496319908088
park_high,2754,-0.019973909691869185,-12.363480206440094
park_high,2755,-1.8961423078758455,-36.83898329884153
park_high,2756,-1.8961423078758455,-36.83898329884153
park_high,2757,-1.8622531995718083,-47.866249854101085
park_high,2758,-2.0350149357843192,-13.000524010664083
park_high,2759,-1.408691622842758,-73.11254949492694
park_high,2760,0.17600315492980823,-0.8882028501007255
park_high,2761,-0.8483834967767341,-24.323279468121513
park_high,2762,-0.9007775020028355,-19.21170657304257
park_high,2763,-0.5155806338395531,142.1085906649845
park_high,2764,-3.0938892080527847,-20.471364507733686
park_high,2765,0.0597714461825507,26.203020733675412
park_high,2766,0.7291757661069176,2.2372023607312848
park_high,2767,-1.2161942915462667,-25.936565383038264
park_high,2768,0.6591999069903283,-24.48496319908088
park_high,2769,-0.019973909691869185,-12.363480206440094
park_high,2770,0.0597714461825507,26.203020733675412
park_high,2771,-1.9726834332263192,-56.02199369513258
park_high,2772,-0.3408608142201819,-17.095306498427785
park_high,2773,-0.3408608142201819,-17.095306498427785
park_high,2774,-1.0032735420994048,-50.79206855996421
park_high,2775,-1.9726834332263192,-56.02199369513258
park_high,2776,-1.4034453187297427,-22.013914694867083
park_high,2777,0.6591999069903283,-24.48496319908088
park_high,2778,-1.8622531995718083,-47.866249854101085
park_high,2779,0.6591999069903283,-24.48496319908088
park_high,2780,0.17600315492980823,-0.8882028501007255
park_high,2781,-0.8483834967767341,-24.323279468121513
park_high,2782,-0.019973909691869185,-12.363480206440094
park_high,2783,-2.0350149357843192,-13.000524010664083
park_high,2784,-0.019973909691869185,-12.363480206440094
park_high,2785,0.6591999069903283,-24.48496319908088
park_high,2786,-2.0350149357843192,-13.000524010664083
park_high,2787,-1.9726834332263192,-56.02199369513258
park_high,2788,-1.8622531995718083,-47.866249854101085
park_high,2789,0.0597714461825507,26.203020733675412
park_high,2790,0.6591999069903283,-24.48496319908088
park_high,2791,-0.019973909691869185,-12.363480206440094
park_high,2792,-1.8961423078758455,-36.83898329884153
park_high,2793,-1.8961423078758455,-36.83898329884153
park_high,2794,-1.408691622842758,-73.11254949492694
park_high,2795,-0.5155806338395531,142.1085906649845
park_high,2796,-0.9037342695242884,-28.140607801319785
park_high,2797,-0.019973909691869185,-12.363480206440094
park_high,2798,0.17600315492980823,-0.8882028501007255
park_high,2799,-1.8961423078758455,-36.83898329884153
park_high,2800,0.17600315492980823,-0.8882028501007255
park_high,2801,0.0597714461825507,26.203020733675412
park_high,2802,-1.8961423078758455,-36.83898329884153
park_high,2803,-0.8483834967767341,-24.323279468121513
park_high,2804,-0.9007775020028355,-19.21170657304257
park_high,2805,-3.0938892080527847,-20.471364507733686
park_high,2806,-0.9037342695242884,-28.140607801319785
park_high,2807,-1.9726834332263192,-56.02199369513258
park_high,2808,-1.9726834332263192,-56.02199369513258
park_high,2809,-0.3408608142201819,-17.095306498427785
park_high,2810,-0.019973909691869185,-12.363480206440094
park_high,2811,-0.3408608142201819,-17.095306498427785
park_high,2812,-0.9007775020028355,-19.21170657304257
park_high,2813,-1.8961423078758455,-36.83898329884153
park_high,2814,-0.3408608142201819,-17.095306498427785
park_high,2815,-0.8483834967767341,-24.323279468121513
park_high,2816,0.6591999069903283,-24.48496319908088
park_high,2817,-1.0032735420994048,-50.79206855996421
park_high,2818,-0.019973909691869185,-12.363480206440094
park_high,2819,-0.9037342695242884,-28.140607801319785
park_high,2820,-2.0350149357843192,-13.000524010664083
park_high,2821,-0.3408608142201819,-17.095306498427785
park_high,2822,0.0597714461825507,26.203020733675412
park_high,2823,-3.0938892080527847,-20.471364507733686
park_high,2824,-0.5155806338395531,142.1085906649845
park_high,2825,-0.3408608142201819,-17.095306498427785
park_high,2826,-1.8622531995718083,-47.866249854101085
park_high,2827,-0.019973909691869185,-12.363480206440094
park_high,2828,-1.408691622842758,-73.11254949492694
park_high,2829,-1.2161942915462667,-25.936565383038264
park_high,2830,-0.5155806338395531,142.1085906649845
park_high,2831,-1.0032735420994048,-50.79206855996421
park_high,2832,-1.8961423078758455,-36.83898329884153
park_high,2833,-0.5155806338395531,142.1085906649845
park_high,2834,-1.8961423078758455,-36.83898329884153
park_high,2835,-0.5155806338395531,142.1085906649845
park_high,2836,-0.9037342695242884,-28.140607801319785
park_high,2837,-1.2161942915462667,-25.936565383038264
park_high,2838,-1.4034453187297427,-22.013914694867083
park_high,2839,-1.2161942915462667,-25.936565383038264
park_high,2840,-0.019973909691869185,-12.363480206440094
park_high,2841,-0.019973909691869185,-12.363480206440094
park_high,2842,-3.0938892080527847,-20.471364507733686
park_high,2843,-3.0938892080527847,-20.471364507733686
park_high,2844,-0.5155806338395531,142.1085906649845
park_high,2845,-1.8622531995718083,-47.866249854101085
park_high,2846,-1.408691622842758,-73.11254949492694
park_high,2847,-1.4034453187297427,-22.013914694867083
park_high,2848,-1.9726834332263192,-56.02199369513258
park_high,2849,-1.2161942915462667,-25.936565383038264
park_high,2850,-1.9726834332263192,-56.02199369513258
park_high,2851,0.6591999069903283,-24.48496319908088
park_high,2852,0.17600315492980823,-0.8882028501007255
park_high,2853,-1.8622531995718083,-47.866249854101085
park_high,2854,0.7291757661069176,2.2372023607312848
park_high,2855,0.17600315492980823,-0.8882028501007255
park_high,2856,-1.2161942915462667,-25.936565383038264
park_high,2857,-3.0938892080527847,-20.471364507733686
park_high,2858,-1.9726834332263192,-56.02199369513258
park_high,2859,-1.4034453187297427,-22.013914694867083
park_high,2860,-1.4034453187297427,-22.013914694867083
park_high,2861,-3.0938892080527847,-20.471364507733686
park_high,2862,-1.9726834332263192,-56.02199369513258
park_high,2863,-0.8483834967767341,-24.323279468121513
park_high,2864,-3.0938892080527847,-20.471364507733686
park_high,2865,0.7291757661069176,2.2372023607312848
park_high,2866,-0.5155806338395531,142.1085906649845
park_high,2867,-1.408691622842758,-73.11254949492694
park_high,2868,-0.8483834967767341,-24.323279468121513
park_high,2869,-0.5155806338395531,142.1085906649845
park_high,2870,-1.9726834332263192,-56.02199369513258
park_high,2871,-1.408691622842758,-73.11254949492694
park_high,2872,0.7291757661069176,2.2372023607312848
park_high,2873,-1.0032735420994048,-50.79206855996421
park_high,2874,-3.0938892080527847,-20.471364507733686
park_high,2875,-1.408691622842758,-73.11254949492694
park_high,2876,0.6591999069903283,-24.48496319908088
park_high,2877,0.7291757661069176,2.2372023607312848
park_high,2878,0.17600315492980823,-0.8882028501007255
park_high,2879,-1.9726834332263192,-56.02199369513258
park_high,2880,-1.4034453187297427,-22.013914694867083
park_high,2881,0.0597714461825507,26.203020733675412
park_high,2882,0.0597714461825507,26.203020733675412
park_high,2883,-1.0032735420994048,-50.79206855996421
park_high,2884,-1.2161942915462667,-25.936565383038264
park_high,2885,-0.8483834967767341,-24.323279468121513
park_high,2886,-1.8961423078758455,-36.83898329884153
park_high,2887,-2.0350149357843192,-13.000524010664083
park_high,2888,-0.5155806338395531,142.1085906649845
park_high,2889,-1.408691622842758,-73.11254949492694
park_high,2890,-1.4034453187297427,-22.013914694867083
park_high,2891,0.7291757661069176,2.2372023607312848
park_high,2892,-0.9037342695242884,-28.140607801319785
park_high,2893,0.7291757661069176,2.2372023607312848
park_high,2894,-2.0350149357843192,-13.000524010664083
park_high,2895,0.0597714461825507,26.203020733675412
park_high,2896,-3.0938892080527847,-20.471364507733686
park_high,2897,-1.8961423078758455,-36.83898329884153
park_high,2898,-0.9037342695242884,-28.140607801319785
park_high,2899,0.0597714461825507,26.203020733675412
park_high,2900,0.0597714461825507,26.203020733675412
park_high,2901,-0.019973909691869185,-12.363480206440094
park_high,2902,-1.408691622842758,-73.11254949492694
park_high,2903,-1.0032735420994048,-50.79206855996421
park_high,2904,-0.9037342695242884,-28.140607801319785
park_high,2905,-0.019973909691869185,-12.363480206440094
park_high,2906,-0.8483834967767341,-24.323279468121513
park_high,2907,0.7291757661069176,2.2372023607312848
park_high,2908,0.0597714461825507,26.203020733675412
park_high,2909,-3.0938892080527847,-20.471364507733686
park_high,2910,-0.3408608142201819,-17.095306498427785
park_high,2911,-0.019973909691869185,-12.363480206440094
park_high,2912,-1.2161942915462667,-25.936565383038264
park_high,2913,-1.4034453187297427,-22.013914694867083
park_high,2914,0.17600315492980823,-0.8882028501007255
park_high,2915,-0.3408608142201819,-17.095306498427785
park_high,2916,-1.8622531995718083,-47.866249854101085
park_high,2917,0.6591999069903283,-24.48496319908088
park_high,2918,-0.9037342695242884,-28.140607801319785
park_high,2919,-1.4034453187297427,-22.013914694867083
park_high,2920,-0.5155806338395531,142.1085906649845
park_high,2921,-1.8622531995718083,-47.866249854101085
park_high,2922,-1.0032735420994048,-50.79206855996421
park_high,2923,0.17600315492980823,-0.8882028501007255
park_high,2924,-1.408691622842758,-73.11254949492694
park_high,2925,-1.0032735420994048,-50.79206855996421
park_high,2926,-1.0032735420994048,-50.79206855996421
park_high,2927,-0.8483834967767341,-24.323279468121513
park_high,2928,-1.8961423078758455,-36.83898329884153
park_high,2929,-2.0350149357843192,-13.000524010664083
park_high,2930,-0.9007775020028355,-19.21170657304257
park_high,2931,-1.2161942915462667,-25.936565383038264
park_high,2932,-1.408691622842758,-73.11254949492694
park_high,2933,-1.4034453187297427,-22.013914694867083
park_high,2934,-1.408691622842758,-73.11254949492694
park_high,2935,-1.9726834332263192,-56.02199369513258
park_high,2936,-0.8483834967767341,-24.323279468121513
park_high,2937,-3.0938892080527847,-20.471364507733686
park_high,2938,0.6591999069903283,-24.48496319908088
park_high,2939,-0.5155806338395531,142.1085906649845
park_high,2940,-1.2161942915462667,-25.936565383038264
park_high,2941,-1.0032735420994048,-50.79206855996421
park_high,2942,-2.0350149357843192,-13.000524010664083
park_high,2943,0.17600315492980823,-0.8882028501007255
park_high,2944,-1.4034453187297427,-22.013914694867083
park_high,2945,-0.3408608142201819,-17.095306498427785
park_high,2946,0.17600315492980823,-0.8882028501007255
park_high,2947,-0.8483834967767341,-24.323279468121513
park_high,2948,-0.5155806338395531,142.1085906649845
park_high,2949,-1.4034453187297427,-22.013914694867083
park_high,2950,-1.8622531995718083,-47.866249854101085
park_high,2951,-3.0938892080527847,-20.471364507733686
park_high,2952,-1.408691622842758,-73.11254949492694
park_high,2953,0.0597714461825507,26.203020733675412
park_high,2954,-1.0032735420994048,-50.79206855996421
park_high,2955,-0.5155806338395531,142.1085906649845
park_high,2956,-1.4034453187297427,-22.013914694867083
park_high,2957,-3.0938892080527847,-20.471364507733686
park_high,2958,-0.3408608142201819,-17.095306498427785
park_high,2959,-1.9726834332263192,-56.02199369513258
park_high,2960,-0.9007775020028355,-19.21170657304257
park_high,2961,0.0597714461825507,26.203020733675412
park_high,2962,-1.8622531995718083,-47.866249854101085
park_high,2963,0.17600315492980823,-0.8882028501007255
park_high,2964,0.6591999069903283,-24.48496319908088
park_high,2965,-0.9007775020028355,-19.21170657304257
park_high,2966,-0.5155806338395531,142.1085906649845
park_high,2967,-0.9037342695242884,-28.140607801319785
park_high,2968,-1.408691622842758,-73.11254949492694
park_high,2969,-0.3408608142201819,-17.095306498427785
park_high,2970,-0.8483834967767341,-24.323279468121513
park_high,2971,-0.3408608142201819,-17.095306498427785
park_high,2972,0.7291757661069176,2.2372023607312848
park_high,2973,-0.9037342695242884,-28.140607801319785
park_high,2974,-0.8483834967767341,-24.323279468121513
park_high,2975,-1.9726834332263192,-56.02199369513258
park_high,2976,-1.4034453187297427,-22.013914694867083
park_high,2977,-1.9726834332263192,-56.02199369513258
park_high,2978,0.0597714461825507,26.203020733675412
park_high,2979,-1.8961423078758455,-36.83898329884153
park_high,2980,-0.3408608142201819,-17.095306498427785
park_high,2981,-1.0032735420994048,-50.79206855996421
park_high,2982,-0.8483834967767341,-24.323279468121513
park_high,2983,0.7291757661069176,2.2372023607312848
park_high,2984,0.7291757661069176,2.2372023607312848
park_high,2985,-0.9007775020028355,-19.21170657304257
park_high,2986,-0.5155806338395531,142.1085906649845
park_high,2987,-1.4034453187297427,-22.013914694867083
park_high,2988,-0.3408608142201819,-17.095306498427785
park_high,2989,-0.5155806338395531,142.1085906649845
park_high,2990,-0.3408608142201819,-17.095306498427785
park_high,2991,-0.5155806338395531,142.1085906649845
park_high,2992,-1.4034453187297427,-22.013914694867083
park_high,2993,-1.0032735420994048,-50.79206855996421
park_high,2994,0.7291757661069176,2.2372023607312848
park_high,2995,-0.019973909691869185,-12.363480206440094
park_high,2996,-0.9007775020028355,-19.21170657304257
park_high,2997,-1.4034453187297427,-22.013914694867083
park_high,2998,-1.2161942915462667,-25.936565383038264
park_high,2999,-0.9037342695242884,-28.140607801319785
park_high,3000,-0.9037342695242884,-28.140607801319785
park_high,3001,-2.0350149357843192,-13.000524010664083
park_high,3002,-0.019973909691869185,-12.363480206440094
park_high,3003,-0.9037342695242884,-28.140607801319785
park_high,3004,-1.9726834332263192,-56.02199369513258
park_high,3005,0.0597714461825507,26.203020733675412
park_high,3006,-1.8622531995718083,-47.866249854101085
park_high,3007,0.6591999069903283,-24.48496319908088
park_high,3008,0.0597714461825507,26.203020733675412
park_high,3009,-0.5155806338395531,142.1085906649845
park_high,3010,-1.9726834332263192,-56.02199369513258
park_high,3011,-0.019973909691869185,-12.363480206440094
park_high,3012,-1.8622531995718083,-47.866249854101085
park_high,3013,-1.9726834332263192,-56.02199369513258
park_high,3014,-0.8483834967767341,-24.323279468121513
park_high,3015,-0.8483834967767341,-24.323279468121513
park_high,3016,-0.019973909691869185,-12.363480206440094
park_high,3017,-0.3408608142201819,-17.095306498427785
park_high,3018,-3.0938892080527847,-20.471364507733686
park_high,3019,-0.3408608142201819,-17.095306498427785
park_high,3020,-1.0032735420994048,-50.79206855996421
park_high,3021,-1.9726834332263192,-56.02199369513258
park_high,3022,-1.8961423078758455,-36.83898329884153
park_high,3023,0.6591999069903283,-24.48496319908088
park_high,3024,-1.2161942915462667,-25.936565383038264
park_high,3025,-2.0350149357843192,-13.000524010664083
park_high,3026,-0.9007775020028355,-19.21170657304257
park_high,3027,0.17600315492980823,-0.8882028501007255
park_high,3028,-0.3408608142201819,-17.095306498427785
park_high,3029,-2.0350149357843192,-13.000524010664083
park_high,3030,-1.9726834332263192,-56.02199369513258
park_high,3031,-1.2161942915462667,-25.936565383038264
park_high,3032,0.17600315492980823,-0.8882028501007255
park_high,3033,-1.4034453187297427,-22.013914694867083
park_high,3034,-2.0350149357843192,-13.000524010664083
park_high,3035,0.17600315492980823,-0.8882028501007255
park_high,3036,0.7291757661069176,2.2372023607312848
park_high,3037,0.17600315492980823,-0.8882028501007255
park_high,3038,0.7291757661069176,2.2372023607312848
park_high,3039,-0.9037342695242884,-28.140607801319785
park_high,3040,-0.3408608142201819,-17.095306498427785
park_high,3041,-3.0938892080527847,-20.471364507733686
park_high,3042,0.17600315492980823,-0.8882028501007255
park_high,3043,-1.8961423078758455,-36.83898329884153
park_high,3044,-1.9726834332263192,-56.02199369513258
park_high,3045,-1.8961423078758455,-36.83898329884153
park_high,3046,-1.9726834332263192,-56.02199369513258
park_high,3047,-1.4034453187297427,-22.013914694867083
park_high,3048,-0.019973909691869185,-12.363480206440094
park_high,3049,-0.9007775020028355,-19.21170657304257
park_high,3050,0.6591999069903283,-24.48496319908088
park_high,3051,-1.8622531995718083,-47.866249854101085
park_high,3052,-2.0350149357843192,-13.000524010664083
park_high,3053,-0.8483834967767341,-24.323279468121513
park_high,3054,0.6591999069903283,-24.48496319908088
park_high,3055,0.0597714461825507,26.203020733675412
park_high,3056,-1.408691622842758,-73.11254949492694
park_high,3057,-0.019973909691869185,-12.363480206440094
park_high,3058,0.17600315492980823,-0.8882028501007255
park_high,3059,0.7291757661069176,2.2372023607312848
park_high,3060,-0.5155806338395531,142.1085906649845
park_high,3061,-1.8622531995718083,-47.866249854101085
park_high,3062,-2.0350149357843192,-13.000524010664083
park_high,3063,-1.4034453187297427,-22.013914694867083
park_high,3064,-0.9037342695242884,-28.140607801319785
park_high,3065,0.6591999069903283,-24.48496319908088
park_high,3066,-0.9037342695242884,-28.140607801319785
park_high,3067,-1.0032735420994048,-50.79206855996421
park_high,3068,-0.8483834967767341,-24.323279468121513
park_high,3069,-0.019973909691869185,-12.363480206440094
park_high,3070,-1.8622531995718083,-47.866249854101085
park_high,3071,-0.019973909691869185,-12.363480206440094
park_high,3072,0.0597714461825507,26.203020733675412
park_high,3073,0.6591999069903283,-24.48496319908088
park_high,3074,-0.3408608142201819,-17.095306498427785
park_high,3075,0.0597714461825507,26.203020733675412
park_high,3076,0.6591999069903283,-24.48496319908088
park_high,3077,-0.019973909691869185,-12.363480206440094
park_high,3078,0.6591999069903283,-24.48496319908088
park_high,3079,-1.0032735420994048,-50.79206855996421
park_high,3080,-1.408691622842758,-73.11254949492694
park_high,3081,-1.408691622842758,-73.11254949492694
park_high,3082,0.7291757661069176,2.2372023607312848
park_high,3083,0.0597714461825507,26.203020733675412
park_high,3084,0.7291757661069176,2.2372023607312848
park_high,3085,0.6591999069903283,-24.48496319908088
park_high,3086,0.6591999069903283,-24.48496319908088
park_high,3087,-0.9007775020028355,-19.21170657304257
park_high,3088,-2.0350149357843192,-13.000524010664083
park_high,3089,0.7291757661069176,2.2372023607312848
park_high,3090,-1.8961423078758455,-36.83898329884153
park_high,3091,0.17600315492980823,-0.8882028501007255
park_high,3092,-0.8483834967767341,-24.323279468121513
park_high,3093,0.7291757661069176,2.2372023607312848
park_high,3094,-1.8961423078758455,-36.83898329884153
park_high,3095,-2.0350149357843192,-13.000524010664083
park_high,3096,-3.0938892080527847,-20.471364507733686
park_high,3097,-1.4034453187297427,-22.013914694867083
park_high,3098,0.6591999069903283,-24.48496319908088
park_high,3099,0.7291757661069176,2.2372023607312848
park_high,3100,-1.9726834332263192,-56.02199369513258
park_high,3101,-0.3408608142201819,-17.095306498427785
park_high,3102,-0.5155806338395531,142.1085906649845
park_high,3103,-0.5155806338395531,142.1085906649845
park_high,3104,-1.4034453187297427,-22.013914694867083
park_high,3105,-1.4034453187297427,-22.013914694867083
park_high,3106,-3.0938892080527847,-20.471364507733686
park_high,3107,-0.5155806338395531,142.1085906649845
park_high,3108,-1.9726834332263192,-56.02199369513258
park_high,3109,0.7291757661069176,2.2372023607312848
park_high,3110,0.0597714461825507,26.203020733675412
park_high,3111,-2.0350149357843192,-13.000524010664083
park_high,3112,-1.8622531995718083,-47.866249854101085
park_high,3113,-1.8622531995718083,-47.866249854101085
park_high,3114,0.6591999069903283,-24.48496319908088
park_high,3115,-1.9726834332263192,-56.02199369513258
park_high,3116,-2.0350149357843192,-13.000524010664083
park_high,3117,0.0597714461825507,26.203020733675412
park_high,3118,-1.4034453187297427,-22.013914694867083
park_high,3119,-1.0032735420994048,-50.79206855996421
park_high,3120,-1.8961423078758455,-36.83898329884153
park_high,3121,-1.408691622842758,-73.11254949492694
park_high,3122,0.0597714461825507,26.203020733675412
park_high,3123,-1.0032735420994048,-50.79206855996421
park_high,3124,-3.0938892080527847,-20.471364507733686
park_high,3125,-1.4034453187297427,-22.013914694867083
park_high,3126,-1.9726834332263192,-56.02199369513258
park_high,3127,-1.4034453187297427,-22.013914694867083
park_high,3128,-0.8483834967767341,-24.323279468121513
park_high,3129,-0.9037342695242884,-28.140607801319785
park_high,3130,-2.0350149357843192,-13.000524010664083
park_high,3131,-1.2161942915462667,-25.936565383038264
park_high,3132,0.17600315492980823,-0.8882028501007255
park_high,3133,0.7291757661069176,2.2372023607312848
park_high,3134,-1.0032735420994048,-50.79206855996421
park_high,3135,-0.9037342695242884,-28.140607801319785
park_high,3136,-1.4034453187297427,-22.013914694867083
park_high,3137,-3.0938892080527847,-20.471364507733686
park_high,3138,-0.019973909691869185,-12.363480206440094
park_high,3139,-1.0032735420994048,-50.79206855996421
park_high,3140,0.6591999069903283,-24.48496319908088
park_high,3141,-1.9726834332263192,-56.02199369513258
park_high,3142,-0.8483834967767341,-24.323279468121513
park_high,3143,0.17600315492980823,-0.8882028501007255
park_high,3144,-0.9037342695242884,-28.140607801319785
park_high,3145,-0.5155806338395531,142.1085906649845
park_high,3146,-1.0032735420994048,-50.79206855996421
park_high,3147,-1.2161942915462667,-25.936565383038264
park_high,3148,-0.9037342695242884,-28.140607801319785
park_high,3149,-1.4034453187297427,-22.013914694867083
park_high,3150,0.7291757661069176,2.2372023607312848
park_high,3151,-2.0350149357843192,-13.000524010664083
park_high,3152,-0.9037342695242884,-28.140607801319785
park_high,3153,-0.9037342695242884,-28.140607801319785
park_high,3154,-1.8961423078758455,-36.83898329884153
park_high,3155,0.0597714461825507,26.203020733675412
park_high,3156,0.0597714461825507,26.203020733675412
park_high,3157,-1.8961423078758455,-36.83898329884153
park_high,3158,-1.408691622842758,-73.11254949492694
park_high,3159,-1.8622531995718083,-47.866249854101085
park_high,3160,-0.5155806338395531,142.1085906649845
park_high,3161,0.0597714461825507,26.203020733675412
park_high,3162,-0.3408608142201819,-17.095306498427785
park_high,3163,-0.9007775020028355,-19.21170657304257
park_high,3164,-1.0032735420994048,-50.79206855996421
park_high,3165,-0.5155806338395531,142.1085906649845
park_high,3166,-1.4034453187297427,-22.013914694867083
park_high,3167,-2.0350149357843192,-13.000524010664083
park_high,3168,-0.8483834967767341,-24.323279468121513
park_high,3169,0.17600315492980823,-0.8882028501007255
park_high,3170,0.17600315492980823,-0.8882028501007255
park_high,3171,-1.9726834332263192,-56.02199369513258
park_high,3172,-0.3408608142201819,-17.095306498427785
park_high,3173,-0.3408608142201819,-17.095306498427785
park_high,3174,-0.3408608142201819,-17.095306498427785
park_high,3175,-3.0938892080527847,-20.471364507733686
park_high,3176,-3.0938892080527847,-20.471364507733686
park_high,3177,0.0597714461825507,26.203020733675412
park_high,3178,-0.9037342695242884,-28.140607801319785
park_high,3179,0.6591999069903283,-24.48496319908088
park_high,3180,-1.8961423078758455,-36.83898329884153
park_high,3181,-1.9726834332263192,-56.02199369513258
park_high,3182,0.17600315492980823,-0.8882028501007255
park_high,3183,-1.8622531995718083,-47.866249854101085
park_high,3184,-1.8622531995718083,-47.866249854101085
park_high,3185,0.0597714461825507,26.203020733675412
park_high,3186,0.17600315492980823,-0.8882028501007255
park_high,3187,-0.9037342695242884,-28.140607801319785
park_high,3188,-1.8622531995718083,-47.866249854101085
park_high,3189,-1.8622531995718083,-47.866249854101085
park_high,3190,0.6591999069903283,-24.48496319908088
park_high,3191,0.0597714461825507,26.203020733675412
park_high,3192,-0.9007775020028355,-19.21170657304257
park_high,3193,-0.9037342695242884,-28.140607801319785
park_high,3194,-3.0938892080527847,-20.471364507733686
park_high,3195,-1.408691622842758,-73.11254949492694
park_high,3196,0.7291757661069176,2.2372023607312848
park_high,3197,-1.9726834332263192,-56.02199369513258
park_high,3198,0.0597714461825507,26.203020733675412
park_high,3199,-0.019973909691869185,-12.363480206440094
park_high,3200,-0.3408608142201819,-17.095306498427785
park_high,3201,-0.8483834967767341,-24.323279468121513
park_high,3202,-0.9007775020028355,-19.21170657304257
park_high,3203,0.6591999069903283,-24.48496319908088
park_high,3204,-1.8622531995718083,-47.866249854101085
park_high,3205,-1.8622531995718083,-47.866249854101085
park_high,3206,0.6591999069903283,-24.48496319908088
park_high,3207,-3.0938892080527847,-20.471364507733686
park_high,3208,-2.0350149357843192,-13.000524010664083
park_high,3209,-1.0032735420994048,-50.79206855996421
park_high,3210,0.0597714461825507,26.203020733675412
park_high,3211,-1.8622531995718083,-47.866249854101085
park_high,3212,-3.0938892080527847,-20.471364507733686
park_high,3213,-0.9007775020028355,-19.21170657304257
park_high,3214,-1.2161942915462667,-25.936565383038264
park_high,3215,-0.9007775020028355,-19.21170657304257
park_high,3216,0.17600315492980823,-0.8882028501007255
park_high,3217,-1.4034453187297427,-22.013914694867083
park_high,3218,-1.9726834332263192,-56.02199369513258
park_high,3219,-1.4034453187297427,-22.013914694867083
park_high,3220,-1.4034453187297427,-22.013914694867083
park_high,3221,-0.9007775020028355,-19.21170657304257
park_high,3222,-2.0350149357843192,-13.000524010664083
park_high,3223,-1.0032735420994048,-50.79206855996421
park_high,3224,0.6591999069903283,-24.48496319908088
park_high,3225,-0.019973909691869185,-12.363480206440094
park_high,3226,-0.019973909691869185,-12.363480206440094
park_high,3227,-0.5155806338395531,142.1085906649845
park_high,3228,-1.8961423078758455,-36.83898329884153
park_high,3229,0.17600315492980823,-0.8882028501007255
park_high,3230,0.0597714461825507,26.203020733675412
park_high,3231,-1.9726834332263192,-56.02199369513258
park_high,3232,-1.408691622842758,-73.11254949492694
park_high,3233,-1.0032735420994048,-50.79206855996421
park_high,3234,-1.8622531995718083,-47.866249854101085
park_high,3235,0.7291757661069176,2.2372023607312848
park_high,3236,0.17600315492980823,-0.8882028501007255
park_high,3237,0.0597714461825507,26.203020733675412
park_high,3238,-3.0938892080527847,-20.471364507733686
park_high,3239,0.6591999069903283,-24.48496319908088
park_high,3240,-1.8961423078758455,-36.83898329884153
park_high,3241,-1.408691622842758,-73.11254949492694
park_high,3242,0.7291757661069176,2.2372023607312848
park_high,3243,-3.0938892080527847,-20.471364507733686
park_high,3244,-3.0938892080527847,-20.471364507733686
park_high,3245,-1.8622531995718083,-47.866249854101085
park_high,3246,0.0597714461825507,26.203020733675412
park_high,3247,0.7291757661069176,2.2372023607312848
park_high,3248,-1.9726834332263192,-56.02199369513258
park_high,3249,-1.0032735420994048,-50.79206855996421
park_high,3250,-1.9726834332263192,-56.02199369513258
park_high,3251,-0.3408608142201819,-17.095306498427785
park_high,3252,-0.019973909691869185,-12.363480206440094
park_high,3253,-0.9037342695242884,-28.140607801319785
park_high,3254,-1.408691622842758,-73.11254949492694
park_high,3255,0.17600315492980823,-0.8882028501007255
park_high,3256,-1.408691622842758,-73.11254949492694
park_high,3257,0.17600315492980823,-0.8882028501007255
park_high,3258,-1.0032735420994048,-50.79206855996421
park_high,3259,-0.019973909691869185,-12.363480206440094
park_high,3260,-0.5155806338395531,142.1085906649845
park_high,3261,-3.0938892080527847,-20.471364507733686
park_high,3262,-1.4034453187297427,-22.013914694867083
park_high,3263,-0.9007775020028355,-19.21170657304257
park_high,3264,-0.3408608142201819,-17.095306498427785
park_high,3265,-0.5155806338395531,142.1085906649845
park_high,3266,0.17600315492980823,-0.8882028501007255
park_high,3267,-1.0032735420994048,-50.79206855996421
park_high,3268,-2.0350149357843192,-13.000524010664083
park_high,3269,-1.8961423078758455,-36.83898329884153
park_high,3270,-3.0938892080527847,-20.471364507733686
park_high,3271,-0.3408608142201819,-17.095306498427785
park_high,3272,-2.0350149357843192,-13.000524010664083
park_high,3273,-1.8622531995718083,-47.866249854101085
park_high,3274,-1.0032735420994048,-50.79206855996421
park_high,3275,-2.0350149357843192,-13.000524010664083
park_high,3276,0.7291757661069176,2.2372023607312848
park_high,3277,-1.408691622842758,-73.11254949492694
park_high,3278,-1.2161942915462667,-25.936565383038264
park_high,3279,-0.5155806338395531,142.1085906649845
park_high,3280,-1.2161942915462667,-25.936565383038264
park_high,3281,-1.0032735420994048,-50.79206855996421
park_high,3282,-0.5155806338395531,142.1085906649845
park_high,3283,-3.0938892080527847,-20.471364507733686
park_high,3284,-0.9007775020028355,-19.21170657304257
park_high,3285,-0.3408608142201819,-17.095306498427785
park_high,3286,-0.5155806338395531,142.1085906649845
park_high,3287,-2.0350149357843192,-13.000524010664083
park_high,3288,0.6591999069903283,-24.48496319908088
park_high,3289,-1.4034453187297427,-22.013914694867083
park_high,3290,-0.9037342695242884,-28.140607801319785
park_high,3291,-2.0350149357843192,-13.000524010664083
park_high,3292,-1.2161942915462667,-25.936565383038264
park_high,3293,-1.0032735420994048,-50.79206855996421
park_high,3294,-0.9037342695242884,-28.140607801319785
park_high,3295,-0.019973909691869185,-12.363480206440094
park_high,3296,-2.0350149357843192,-13.000524010664083
park_high,3297,-1.2161942915462667,-25.936565383038264
park_high,3298,0.7291757661069176,2.2372023607312848
park_high,3299,-1.8961423078758455,-36.83898329884153
park_high,3300,-2.0350149357843192,-13.000524010664083
park_high,3301,-1.0032735420994048,-50.79206855996421
park_high,3302,-0.9007775020028355,-19.21170657304257
park_high,3303,-0.5155806338395531,142.1085906649845
park_high,3304,-1.2161942915462667,-25.936565383038264
park_high,3305,0.0597714461825507,26.203020733675412
park_high,3306,-0.5155806338395531,142.1085906649845
park_high,3307,0.17600315492980823,-0.8882028501007255
park_high,3308,-1.9726834332263192,-56.02199369513258
park_high,3309,-1.2161942915462667,-25.936565383038264
park_high,3310,-1.408691622842758,-73.11254949492694
park_high,3311,0.17600315492980823,-0.8882028501007255
park_high,3312,0.7291757661069176,2.2372023607312848
park_high,3313,-1.408691622842758,-73.11254949492694
park_high,3314,-0.5155806338395531,142.1085906649845
park_high,3315,-3.0938892080527847,-20.471364507733686
park_high,3316,-0.8483834967767341,-24.323279468121513
park_high,3317,0.7291757661069176,2.2372023607312848
park_high,3318,-0.5155806338395531,142.1085906649845
park_high,3319,0.6591999069903283,-24.48496319908088
park_high,3320,-1.4034453187297427,-22.013914694867083
park_high,3321,0.17600315492980823,-0.8882028501007255
park_high,3322,-2.0350149357843192,-13.000524010664083
park_high,3323,-1.8961423078758455,-36.83898329884153
park_high,3324,-1.2161942915462667,-25.936565383038264
park_high,3325,-1.8622531995718083,-47.866249854101085
park_high,3326,0.7291757661069176,2.2372023607312848
park_high,3327,-0.9037342695242884,-28.140607801319785
park_high,3328,-1.2161942915462667,-25.936565383038264
park_high,3329,-1.408691622842758,-73.11254949492694
park_high,3330,-0.5155806338395531,142.1085906649845
park_high,3331,-1.2161942915462667,-25.936565383038264
park_high,3332,-1.8961423078758455,-36.83898329884153
park_high,3333,-0.9037342695242884,-28.140607801319785
park_high,3334,-0.019973909691869185,-12.363480206440094
park_high,3335,0.17600315492980823,-0.8882028501007255
park_high,3336,-0.9007775020028355,-19.21170657304257
park_high,3337,-0.019973909691869185,-12.363480206440094
park_high,3338,0.0597714461825507,26.203020733675412
park_high,3339,-1.2161942915462667,-25.936565383038264
park_high,3340,-1.408691622842758,-73.11254949492694
park_high,3341,-1.4034453187297427,-22.013914694867083
park_high,3342,-1.4034453187297427,-22.013914694867083
park_high,3343,-0.8483834967767341,-24.323279468121513
park_high,3344,0.17600315492980823,-0.8882028501007255
park_high,3345,0.0597714461825507,26.203020733675412
park_high,3346,-0.5155806338395531,142.1085906649845
park_high,3347,-1.8961423078758455,-36.83898329884153
park_high,3348,-1.0032735420994048,-50.79206855996421
park_high,3349,-1.8961423078758455,-36.83898329884153
park_high,3350,-1.0032735420994048,-50.79206855996421
park_high,3351,0.7291757661069176,2.2372023607312848
park_high,3352,-1.9726834332263192,-56.02199369513258
park_high,3353,-0.8483834967767341,-24.323279468121513
park_high,3354,-1.2161942915462667,-25.936565383038264
park_high,3355,-2.0350149357843192,-13.000524010664083
park_high,3356,-3.0938892080527847,-20.471364507733686
park_high,3357,-0.019973909691869185,-12.363480206440094
park_high,3358,-1.4034453187297427,-22.013914694867083
park_high,3359,0.17600315492980823,-0.8882028501007255
park_high,3360,-0.9007775020028355,-19.21170657304257
park_high,3361,-0.9007775020028355,-19.21170657304257
park_high,3362,0.7291757661069176,2.2372023607312848
park_high,3363,-2.0350149357843192,-13.000524010664083
park_high,3364,-1.408691622842758,-73.11254949492694
park_high,3365,-1.0032735420994048,-50.79206855996421
park_high,3366,0.0597714461825507,26.203020733675412
park_high,3367,-1.408691622842758,-73.11254949492694
park_high,3368,-1.4034453187297427,-22.013914694867083
park_high,3369,-3.0938892080527847,-20.471364507733686
park_high,3370,-1.8961423078758455,-36.83898329884153
park_high,3371,-0.9037342695242884,-28.140607801319785
park_high,3372,-1.8961423078758455,-36.83898329884153
park_high,3373,-3.0938892080527847,-20.471364507733686
park_high,3374,-3.0938892080527847,-20.471364507733686
park_high,3375,-3.0938892080527847,-20.471364507733686
park_high,3376,-3.0938892080527847,-20.471364507733686
park_high,3377,-0.9037342695242884,-28.140607801319785
park_high,3378,0.0597714461825507,26.203020733675412
park_high,3379,-0.9007775020028355,-19.21170657304257
park_high,3380,-0.5155806338395531,142.1085906649845
park_high,3381,-1.408691622842758,-73.11254949492694
park_high,3382,-1.0032735420994048,-50.79206855996421
park_high,3383,-2.0350149357843192,-13.000524010664083
park_high,3384,0.17600315492980823,-0.8882028501007255
park_high,3385,-2.0350149357843192,-13.000524010664083
park_high,3386,0.0597714461825507,26.203020733675412
park_high,3387,-0.019973909691869185,-12.363480206440094
park_high,3388,-1.8961423078758455,-36.83898329884153
park_high,3389,-1.2161942915462667,-25.936565383038264
park_high,3390,-1.0032735420994048,-50.79206855996421
park_high,3391,0.0597714461825507,26.203020733675412
park_high,3392,-1.8622531995718083,-47.866249854101085
park_high,3393,-1.408691622842758,-73.11254949492694
park_high,3394,-1.8961423078758455,-36.83898329884153
park_high,3395,-1.4034453187297427,-22.013914694867083
park_high,3396,0.17600315492980823,-0.8882028501007255
park_high,3397,-2.0350149357843192,-13.000524010664083
park_high,3398,-0.3408608142201819,-17.095306498427785
park_high,3399,0.7291757661069176,2.2372023607312848
park_high,3400,-1.9726834332263192,-56.02199369513258
park_high,3401,0.7291757661069176,2.2372023607312848
park_high,3402,-1.8961423078758455,-36.83898329884153
park_high,3403,-1.0032735420994048,-50.79206855996421
park_high,3404,-2.0350149357843192,-13.000524010664083
park_high,3405,-0.019973909691869185,-12.363480206440094
park_high,3406,0.6591999069903283,-24.48496319908088
park_high,3407,0.6591999069903283,-24.48496319908088
park_high,3408,-1.8961423078758455,-36.83898329884153
park_high,3409,0.6591999069903283,-24.48496319908088
park_high,3410,0.17600315492980823,-0.8882028501007255
park_high,3411,-1.0032735420994048,-50.79206855996421
park_high,3412,-0.3408608142201819,-17.095306498427785
park_high,3413,-0.8483834967767341,-24.323279468121513
park_high,3414,-0.3408608142201819,-17.095306498427785
park_high,3415,-2.0350149357843192,-13.000524010664083
park_high,3416,-1.0032735420994048,-50.79206855996421
park_high,3417,-1.4034453187297427,-22.013914694867083
park_high,3418,0.6591999069903283,-24.48496319908088
park_high,3419,-0.5155806338395531,142.1085906649845
park_high,3420,-0.9007775020028355,-19.21170657304257
park_high,3421,-2.0350149357843192,-13.000524010664083
park_high,3422,-1.4034453187297427,-22.013914694867083
park_high,3423,-1.9726834332263192,-56.02199369513258
park_high,3424,-0.9007775020028355,-19.21170657304257
park_high,3425,0.17600315492980823,-0.8882028501007255
park_high,3426,-0.5155806338395531,142.1085906649845
park_high,3427,0.17600315492980823,-0.8882028501007255
park_high,3428,-2.0350149357843192,-13.000524010664083
park_high,3429,0.0597714461825507,26.203020733675412
park_high,3430,-1.408691622842758,-73.11254949492694
park_high,3431,-3.0938892080527847,-20.471364507733686
park_high,3432,-0.019973909691869185,-12.363480206440094
park_high,3433,0.0597714461825507,26.203020733675412
park_high,3434,0.7291757661069176,2.2372023607312848
park_high,3435,-1.408691622842758,-73.11254949492694
park_high,3436,-0.9007775020028355,-19.21170657304257
park_high,3437,-1.8622531995718083,-47.866249854101085
park_high,3438,-1.4034453187297427,-22.013914694867083
park_high,3439,-0.5155806338395531,142.1085906649845
park_high,3440,-0.8483834967767341,-24.323279468121513
park_high,3441,-0.019973909691869185,-12.363480206440094
park_high,3442,-1.8961423078758455,-36.83898329884153
park_high,3443,-0.8483834967767341,-24.323279468121513
park_high,3444,-0.9037342695242884,-28.140607801319785
park_high,3445,0.7291757661069176,2.2372023607312848
park_high,3446,-2.0350149357843192,-13.000524010664083
park_high,3447,-0.3408608142201819,-17.095306498427785
park_high,3448,-1.4034453187297427,-22.013914694867083
park_high,3449,0.7291757661069176,2.2372023607312848
park_high,3450,-1.8961423078758455,-36.83898329884153
park_high,3451,0.17600315492980823,-0.8882028501007255
park_high,3452,0.17600315492980823,-0.8882028501007255
park_high,3453,-1.9726834332263192,-56.02199369513258
park_high,3454,-3.0938892080527847,-20.471364507733686
park_high,3455,-0.3408608142201819,-17.095306498427785
park_high,3456,-0.8483834967767341,-24.323279468121513
park_high,3457,-3.0938892080527847,-20.471364507733686
park_high,3458,-1.408691622842758,-73.11254949492694
park_high,3459,-1.2161942915462667,-25.936565383038264
park_high,3460,-0.3408608142201819,-17.095306498427785
park_high,3461,-2.0350149357843192,-13.000524010664083
park_high,3462,-1.2161942915462667,-25.936565383038264
park_high,3463,-1.4034453187297427,-22.013914694867083
park_high,3464,-0.9037342695242884,-28.140607801319785
park_high,3465,-0.019973909691869185,-12.363480206440094
park_high,3466,0.17600315492980823,-0.8882028501007255
park_high,3467,-0.5155806338395531,142.1085906649845
park_high,3468,-0.5155806338395531,142.1085906649845
park_high,3469,-1.0032735420994048,-50.79206855996421
park_high,3470,0.7291757661069176,2.2372023607312848
park_high,3471,-1.0032735420994048,-50.79206855996421
park_high,3472,-1.4034453187297427,-22.013914694867083
park_high,3473,-1.9726834332263192,-56.02199369513258
park_high,3474,-1.408691622842758,-73.11254949492694
park_high,3475,-1.4034453187297427,-22.013914694867083
park_high,3476,-0.5155806338395531,142.1085906649845
park_high,3477,-1.8961423078758455,-36.83898329884153
park_high,3478,-2.0350149357843192,-13.000524010664083
park_high,3479,-1.8622531995718083,-47.866249854101085
park_high,3480,-1.2161942915462667,-25.936565383038264
park_high,3481,0.0597714461825507,26.203020733675412
park_high,3482,-1.0032735420994048,-50.79206855996421
park_high,3483,-1.0032735420994048,-50.79206855996421
park_high,3484,0.6591999069903283,-24.48496319908088
park_high,3485,-1.8961423078758455,-36.83898329884153
park_high,3486,-1.4034453187297427,-22.013914694867083
park_high,3487,0.17600315492980823,-0.8882028501007255
park_high,3488,-0.019973909691869185,-12.363480206440094
park_high,3489,-0.8483834967767341,-24.323279468121513
park_high,3490,0.0597714461825507,26.203020733675412
park_high,3491,-3.0938892080527847,-20.471364507733686
park_high,3492,-0.9007775020028355,-19.21170657304257
park_high,3493,-0.019973909691869185,-12.363480206440094
park_high,3494,-1.408691622842758,-73.11254949492694
park_high,3495,0.0597714461825507,26.203020733675412
park_high,3496,0.0597714461825507,26.203020733675412
park_high,3497,0.0597714461825507,26.203020733675412
park_high,3498,-1.8961423078758455,-36.83898329884153
park_high,3499,-1.9726834332263192,-56.02199369513258
park_high,3500,-0.5155806338395531,142.1085906649845
park_high,3501,-0.8483834967767341,-24.323279468121513
park_high,3502,-1.9726834332263192,-56.02199369513258
park_high,3503,0.0597714461825507,26.203020733675412
park_high,3504,-3.0938892080527847,-20.471364507733686
park_high,3505,-3.0938892080527847,-20.471364507733686
park_high,3506,-1.8961423078758455,-36.83898329884153
park_high,3507,0.0597714461825507,26.203020733675412
park_high,3508,-0.019973909691869185,-12.363480206440094
park_high,3509,0.17600315492980823,-0.8882028501007255
park_high,3510,-0.9007775020028355,-19.21170657304257
park_high,3511,0.6591999069903283,-24.48496319908088
park_high,3512,-1.8961423078758455,-36.83898329884153
park_high,3513,0.17600315492980823,-0.8882028501007255
park_high,3514,-1.408691622842758,-73.11254949492694
park_high,3515,-1.408691622842758,-73.11254949492694
park_high,3516,-2.0350149357843192,-13.000524010664083
park_high,3517,-0.019973909691869185,-12.363480206440094
park_high,3518,-1.0032735420994048,-50.79206855996421
park_high,3519,-1.9726834332263192,-56.02199369513258
park_high,3520,-1.408691622842758,-73.11254949492694
park_high,3521,-1.0032735420994048,-50.79206855996421
park_high,3522,-1.4034453187297427,-22.013914694867083
park_high,3523,-0.8483834967767341,-24.323279468121513
park_high,3524,-1.8622531995718083,-47.866249854101085
park_high,3525,-0.3408608142201819,-17.095306498427785
park_high,3526,0.17600315492980823,-0.8882028501007255
park_high,3527,-1.8961423078758455,-36.83898329884153
park_high,3528,-0.019973909691869185,-12.363480206440094
park_high,3529,-3.0938892080527847,-20.471364507733686
park_high,3530,-1.0032735420994048,-50.79206855996421
park_high,3531,-2.0350149357843192,-13.000524010664083
park_high,3532,-0.8483834967767341,-24.323279468121513
park_high,3533,0.6591999069903283,-24.48496319908088
park_high,3534,0.17600315492980823,-0.8882028501007255
park_high,3535,-0.3408608142201819,-17.095306498427785
park_high,3536,0.6591999069903283,-24.48496319908088
park_high,3537,-2.0350149357843192,-13.000524010664083
park_high,3538,-3.0938892080527847,-20.471364507733686
park_high,3539,-1.9726834332263192,-56.02199369513258
park_high,3540,-1.9726834332263192,-56.02199369513258
park_high,3541,-1.4034453187297427,-22.013914694867083
park_high,3542,0.0597714461825507,26.203020733675412
park_high,3543,0.7291757661069176,2.2372023607312848
park_high,3544,0.6591999069903283,-24.48496319908088
park_high,3545,0.0597714461825507,26.203020733675412
park_high,3546,-1.8961423078758455,-36.83898329884153
park_high,3547,-1.9726834332263192,-56.02199369513258
park_high,3548,-1.4034453187297427,-22.013914694867083
park_high,3549,-1.8961423078758455,-36.83898329884153
park_high,3550,-1.0032735420994048,-50.79206855996421
park_high,3551,-0.5155806338395531,142.1085906649845
park_high,3552,-3.0938892080527847,-20.471364507733686
park_high,3553,-1.0032735420994048,-50.79206855996421
park_high,3554,-2.0350149357843192,-13.000524010664083
park_high,3555,-3.0938892080527847,-20.471364507733686
park_high,3556,-3.0938892080527847,-20.471364507733686
park_high,3557,0.7291757661069176,2.2372023607312848
park_high,3558,-1.2161942915462667,-25.936565383038264
park_high,3559,-0.9037342695242884,-28.140607801319785
park_high,3560,-1.408691622842758,-73.11254949492694
park_high,3561,-1.8622531995718083,-47.866249854101085
park_high,3562,0.0597714461825507,26.203020733675412
park_high,3563,0.6591999069903283,-24.48496319908088
park_high,3564,-1.0032735420994048,-50.79206855996421
park_high,3565,-1.2161942915462667,-25.936565383038264
park_high,3566,0.7291757661069176,2.2372023607312848
park_high,3567,-1.9726834332263192,-56.02199369513258
park_high,3568,0.0597714461825507,26.203020733675412
park_high,3569,-0.8483834967767341,-24.323279468121513
park_high,3570,-0.9007775020028355,-19.21170657304257
park_high,3571,-0.3408608142201819,-17.095306498427785
park_high,3572,-0.9037342695242884,-28.140607801319785
park_high,3573,-0.8483834967767341,-24.323279468121513
park_high,3574,0.7291757661069176,2.2372023607312848
park_high,3575,0.0597714461825507,26.203020733675412
park_high,3576,-1.408691622842758,-73.11254949492694
park_high,3577,-1.9726834332263192,-56.02199369513258
park_high,3578,-3.0938892080527847,-20.471364507733686
park_high,3579,-0.8483834967767341,-24.323279468121513
park_high,3580,0.6591999069903283,-24.48496319908088
park_high,3581,-0.9037342695242884,-28.140607801319785
park_high,3582,-1.408691622842758,-73.11254949492694
park_high,3583,-0.019973909691869185,-12.363480206440094
park_high,3584,-3.0938892080527847,-20.471364507733686
park_high,3585,-0.3408608142201819,-17.095306498427785
park_high,3586,-2.0350149357843192,-13.000524010664083
park_high,3587,-1.8622531995718083,-47.866249854101085
park_high,3588,0.17600315492980823,-0.8882028501007255
park_high,3589,-1.8622531995718083,-47.866249854101085
park_high,3590,-0.8483834967767341,-24.323279468121513
park_high,3591,-0.9037342695242884,-28.140607801319785
park_high,3592,-1.4034453187297427,-22.013914694867083
park_high,3593,0.6591999069903283,-24.48496319908088
park_high,3594,-1.408691622842758,-73.11254949492694
park_high,3595,-1.2161942915462667,-25.936565383038264
park_high,3596,-1.8622531995718083,-47.866249854101085
park_high,3597,-1.408691622842758,-73.11254949492694
park_high,3598,-1.408691622842758,-73.11254949492694
park_high,3599,-1.8622531995718083,-47.866249854101085
park_high,3600,0.17600315492980823,-0.8882028501007255
park_high,3601,0.7291757661069176,2.2372023607312848
park_high,3602,0.6591999069903283,-24.48496319908088
park_high,3603,-2.0350149357843192,-13.000524010664083
park_high,3604,-2.0350149357843192,-13.000524010664083
park_high,3605,-1.4034453187297427,-22.013914694867083
park_high,3606,-1.8622531995718083,-47.866249854101085
park_high,3607,-1.0032735420994048,-50.79206855996421
park_high,3608,-1.8622531995718083,-47.866249854101085
park_high,3609,0.0597714461825507,26.203020733675412
park_high,3610,-0.3408608142201819,-17.095306498427785
park_high,3611,-0.019973909691869185,-12.363480206440094
park_high,3612,-1.4034453187297427,-22.013914694867083
park_high,3613,-0.5155806338395531,142.1085906649845
park_high,3614,-1.9726834332263192,-56.02199369513258
park_high,3615,-0.019973909691869185,-12.363480206440094
park_high,3616,-1.8961423078758455,-36.83898329884153
park_high,3617,-0.3408608142201819,-17.095306498427785
park_high,3618,-1.4034453187297427,-22.013914694867083
park_high,3619,-0.3408608142201819,-17.095306498427785
park_high,3620,-0.9007775020028355,-19.21170657304257
park_high,3621,-1.8961423078758455,-36.83898329884153
park_high,3622,-1.9726834332263192,-56.02199369513258
park_high,3623,-1.4034453187297427,-22.013914694867083
park_high,3624,0.6591999069903283,-24.48496319908088
park_high,3625,-0.9037342695242884,-28.140607801319785
park_high,3626,-0.9007775020028355,-19.21170657304257
park_high,3627,0.0597714461825507,26.203020733675412
park_high,3628,-1.2161942915462667,-25.936565383038264
park_high,3629,-1.0032735420994048,-50.79206855996421
park_high,3630,-3.0938892080527847,-20.471364507733686
park_high,3631,0.17600315492980823,-0.8882028501007255
park_high,3632,-0.9007775020028355,-19.21170657304257
park_high,3633,-0.9007775020028355,-19.21170657304257
park_high,3634,-3.0938892080527847,-20.471364507733686
park_high,3635,-1.4034453187297427,-22.013914694867083
park_high,3636,-1.8622531995718083,-47.866249854101085
park_high,3637,-1.2161942915462667,-25.936565383038264
park_high,3638,-1.2161942915462667,-25.936565383038264
park_high,3639,-1.408691622842758,-73.11254949492694
park_high,3640,-1.8961423078758455,-36.83898329884153
park_high,3641,-1.408691622842758,-73.11254949492694
park_high,3642,-2.0350149357843192,-13.000524010664083
park_high,3643,-1.2161942915462667,-25.936565383038264
park_high,3644,-0.9007775020028355,-19.21170657304257
park_high,3645,-1.408691622842758,-73.11254949492694
park_high,3646,0.7291757661069176,2.2372023607312848
park_high,3647,0.0597714461825507,26.203020733675412
park_high,3648,0.6591999069903283,-24.48496319908088
park_high,3649,0.6591999069903283,-24.48496319908088
park_high,3650,-1.9726834332263192,-56.02199369513258
park_high,3651,-1.4034453187297427,-22.013914694867083
park_high,3652,-0.9007775020028355,-19.21170657304257
park_high,3653,-0.3408608142201819,-17.095306498427785
park_high,3654,-1.0032735420994048,-50.79206855996421
park_high,3655,-1.9726834332263192,-56.02199369513258
park_high,3656,0.6591999069903283,-24.48496319908088
park_high,3657,-1.0032735420994048,-50.79206855996421
park_high,3658,0.6591999069903283,-24.48496319908088
park_high,3659,-1.8622531995718083,-47.866249854101085
park_high,3660,-1.2161942915462667,-25.936565383038264
park_high,3661,-0.019973909691869185,-12.363480206440094
park_high,3662,-1.8961423078758455,-36.83898329884153
park_high,3663,0.17600315492980823,-0.8882028501007255
park_high,3664,-0.5155806338395531,142.1085906649845
park_high,3665,-0.5155806338395531,142.1085906649845
park_high,3666,-1.9726834332263192,-56.02199369513258
park_high,3667,0.0597714461825507,26.203020733675412
park_high,3668,-0.3408608142201819,-17.095306498427785
park_high,3669,-1.0032735420994048,-50.79206855996421
park_high,3670,-3.0938892080527847,-20.471364507733686
park_high,3671,-1.8961423078758455,-36.83898329884153
park_high,3672,-0.9007775020028355,-19.21170657304257
park_high,3673,-1.0032735420994048,-50.79206855996421
park_high,3674,-0.9007775020028355,-19.21170657304257
park_high,3675,0.6591999069903283,-24.48496319908088
park_high,3676,-3.0938892080527847,-20.471364507733686
park_high,3677,-1.9726834332263192,-56.02199369513258
park_high,3678,-1.0032735420994048,-50.79206855996421
park_high,3679,-0.019973909691869185,-12.363480206440094
park_high,3680,-0.019973909691869185,-12.363480206440094
park_high,3681,-1.2161942915462667,-25.936565383038264
park_high,3682,-0.9037342695242884,-28.140607801319785
park_high,3683,-0.019973909691869185,-12.363480206440094
park_high,3684,-1.0032735420994048,-50.79206855996421
park_high,3685,-1.0032735420994048,-50.79206855996421
park_high,3686,0.7291757661069176,2.2372023607312848
park_high,3687,-0.019973909691869185,-12.363480206440094
park_high,3688,-1.0032735420994048,-50.79206855996421
park_high,3689,-0.5155806338395531,142.1085906649845
park_high,3690,0.17600315492980823,-0.8882028501007255
park_high,3691,-1.0032735420994048,-50.79206855996421
park_high,3692,-1.4034453187297427,-22.013914694867083
park_high,3693,-3.0938892080527847,-20.471364507733686
park_high,3694,-0.9037342695242884,-28.140607801319785
park_high,3695,0.17600315492980823,-0.8882028501007255
park_high,3696,-0.019973909691869185,-12.363480206440094
park_high,3697,-1.8622531995718083,-47.866249854101085
park_high,3698,-0.8483834967767341,-24.323279468121513
park_high,3699,-0.5155806338395531,142.1085906649845
park_high,3700,-1.0032735420994048,-50.79206855996421
park_high,3701,-2.0350149357843192,-13.000524010664083
park_high,3702,-1.2161942915462667,-25.936565383038264
park_high,3703,-1.0032735420994048,-50.79206855996421
park_high,3704,-1.408691622842758,-73.11254949492694
park_high,3705,-1.8961423078758455,-36.83898329884153
park_high,3706,0.17600315492980823,-0.8882028501007255
park_high,3707,-1.2161942915462667,-25.936565383038264
park_high,3708,0.17600315492980823,-0.8882028501007255
park_high,3709,-1.8622531995718083,-47.866249854101085
park_high,3710,-1.0032735420994048,-50.79206855996421
park_high,3711,-2.0350149357843192,-13.000524010664083
park_high,3712,-1.408691622842758,-73.11254949492694
park_high,3713,-0.019973909691869185,-12.363480206440094
park_high,3714,-3.0938892080527847,-20.471364507733686
park_high,3715,-0.019973909691869185,-12.363480206440094
park_high,3716,-1.0032735420994048,-50.79206855996421
park_high,3717,-1.4034453187297427,-22.013914694867083
park_high,3718,0.7291757661069176,2.2372023607312848
park_high,3719,-0.9007775020028355,-19.21170657304257
park_high,3720,0.6591999069903283,-24.48496319908088
park_high,3721,-1.4034453187297427,-22.013914694867083
park_high,3722,-1.2161942915462667,-25.936565383038264
park_high,3723,-1.8622531995718083,-47.866249854101085
park_high,3724,-0.5155806338395531,142.1085906649845
park_high,3725,-1.0032735420994048,-50.79206855996421
park_high,3726,-0.9007775020028355,-19.21170657304257
park_high,3727,-0.9007775020028355,-19.21170657304257
park_high,3728,-0.3408608142201819,-17.095306498427785
park_high,3729,-1.0032735420994048,-50.79206855996421
park_high,3730,-0.9037342695242884,-28.140607801319785
park_high,3731,-0.9037342695242884,-28.140607801319785
park_high,3732,-0.9007775020028355,-19.21170657304257
park_high,3733,-3.0938892080527847,-20.471364507733686
park_high,3734,0.0597714461825507,26.203020733675412
park_high,3735,-1.4034453187297427,-22.013914694867083
park_high,3736,-0.3408608142201819,-17.095306498427785
park_high,3737,-0.019973909691869185,-12.363480206440094
park_high,3738,-1.8961423078758455,-36.83898329884153
park_high,3739,-0.9037342695242884,-28.140607801319785
park_high,3740,-0.8483834967767341,-24.323279468121513
park_high,3741,0.0597714461825507,26.203020733675412
park_high,3742,-0.5155806338395531,142.1085906649845
park_high,3743,0.6591999069903283,-24.48496319908088
park_high,3744,-1.8961423078758455,-36.83898329884153
park_high,3745,-0.9037342695242884,-28.140607801319785
park_high,3746,-1.2161942915462667,-25.936565383038264
park_high,3747,-0.9037342695242884,-28.140607801319785
park_high,3748,0.0597714461825507,26.203020733675412
park_high,3749,-1.2161942915462667,-25.936565383038264
park_high,3750,-1.9726834332263192,-56.02199369513258
park_high,3751,0.6591999069903283,-24.48496319908088
park_high,3752,-0.5155806338395531,142.1085906649845
park_high,3753,-1.8622531995718083,-47.866249854101085
park_high,3754,-3.0938892080527847,-20.471364507733686
park_high,3755,-1.2161942915462667,-25.936565383038264
park_high,3756,-0.8483834967767341,-24.323279468121513
park_high,3757,-0.9037342695242884,-28.140607801319785
park_high,3758,0.7291757661069176,2.2372023607312848
park_high,3759,0.7291757661069176,2.2372023607312848
park_high,3760,-1.4034453187297427,-22.013914694867083
park_high,3761,-1.8961423078758455,-36.83898329884153
park_high,3762,-0.9037342695242884,-28.140607801319785
park_high,3763,-0.3408608142201819,-17.095306498427785
park_high,3764,-1.9726834332263192,-56.02199369513258
park_high,3765,-0.8483834967767341,-24.323279468121513
park_high,3766,0.0597714461825507,26.203020733675412
park_high,3767,0.17600315492980823,-0.8882028501007255
park_high,3768,-0.3408608142201819,-17.095306498427785
park_high,3769,-0.5155806338395531,142.1085906649845
park_high,3770,-0.5155806338395531,142.1085906649845
park_high,3771,0.17600315492980823,-0.8882028501007255
park_high,3772,-1.4034453187297427,-22.013914694867083
park_high,3773,-2.0350149357843192,-13.000524010664083
park_high,3774,-3.0938892080527847,-20.471364507733686
park_high,3775,0.6591999069903283,-24.48496319908088
park_high,3776,0.6591999069903283,-24.48496319908088
park_high,3777,-1.9726834332263192,-56.02199369513258
park_high,3778,0.0597714461825507,26.203020733675412
park_high,3779,-0.8483834967767341,-24.323279468121513
park_high,3780,0.7291757661069176,2.2372023607312848
park_high,3781,-1.4034453187297427,-22.013914694867083
park_high,3782,-0.3408608142201819,-17.095306498427785
park_high,3783,-1.408691622842758,-73.11254949492694
park_high,3784,-0.9037342695242884,-28.140607801319785
park_high,3785,-1.8622531995718083,-47.866249854101085
park_high,3786,0.17600315492980823,-0.8882028501007255
park_high,3787,-0.9037342695242884,-28.140607801319785
park_high,3788,0.0597714461825507,26.203020733675412
park_high,3789,0.0597714461825507,26.203020733675412
park_high,3790,-2.0350149357843192,-13.000524010664083
park_high,3791,-0.3408608142201819,-17.095306498427785
park_high,3792,0.6591999069903283,-24.48496319908088
park_high,3793,-1.0032735420994048,-50.79206855996421
park_high,3794,-0.9007775020028355,-19.21170657304257
park_high,3795,-3.0938892080527847,-20.471364507733686
park_high,3796,-0.9007775020028355,-19.21170657304257
park_high,3797,-1.9726834332263192,-56.02199369513258
park_high,3798,-0.3408608142201819,-17.095306498427785
park_high,3799,-1.0032735420994048,-50.79206855996421
park_high,3800,0.6591999069903283,-24.48496319908088
park_high,3801,-0.5155806338395531,142.1085906649845
park_high,3802,-0.3408608142201819,-17.095306498427785
park_high,3803,0.17600315492980823,-0.8882028501007255
park_high,3804,-3.0938892080527847,-20.471364507733686
park_high,3805,-3.0938892080527847,-20.471364507733686
park_high,3806,-1.9726834332263192,-56.02199369513258
park_high,3807,-2.0350149357843192,-13.000524010664083
park_high,3808,-0.019973909691869185,-12.363480206440094
park_high,3809,-1.8622531995718083,-47.866249854101085
park_high,3810,-0.5155806338395531,142.1085906649845
park_high,3811,0.7291757661069176,2.2372023607312848
park_high,3812,-1.408691622842758,-73.11254949492694
park_high,3813,-1.8622531995718083,-47.866249854101085
park_high,3814,0.0597714461825507,26.203020733675412
park_high,3815,0.0597714461825507,26.203020733675412
park_high,3816,0.17600315492980823,-0.8882028501007255
park_high,3817,0.7291757661069176,2.2372023607312848
park_high,3818,-0.9037342695242884,-28.140607801319785
park_high,3819,0.6591999069903283,-24.48496319908088
park_high,3820,0.17600315492980823,-0.8882028501007255
park_high,3821,-1.0032735420994048,-50.79206855996421
park_high,3822,-0.019973909691869185,-12.363480206440094
park_high,3823,-0.3408608142201819,-17.095306498427785
park_high,3824,-0.5155806338395531,142.1085906649845
park_high,3825,0.7291757661069176,2.2372023607312848
park_high,3826,-0.8483834967767341,-24.323279468121513
park_high,3827,-0.3408608142201819,-17.095306498427785
park_high,3828,-1.0032735420994048,-50.79206855996421
park_high,3829,-0.9037342695242884,-28.140607801319785
park_high,3830,-0.3408608142201819,-17.095306498427785
park_high,3831,-1.8961423078758455,-36.83898329884153
park_high,3832,-0.9037342695242884,-28.140607801319785
park_high,3833,0.7291757661069176,2.2372023607312848
park_high,3834,-0.3408608142201819,-17.095306498427785
park_high,3835,-1.2161942915462667,-25.936565383038264
park_high,3836,-2.0350149357843192,-13.000524010664083
park_high,3837,-0.3408608142201819,-17.095306498427785
park_high,3838,-1.408691622842758,-73.11254949492694
park_high,3839,0.0597714461825507,26.203020733675412
park_high,3840,-1.8961423078758455,-36.83898329884153
park_high,3841,-1.9726834332263192,-56.02199369513258
park_high,3842,-0.3408608142201819,-17.095306498427785
park_high,3843,-0.8483834967767341,-24.323279468121513
park_high,3844,-0.8483834967767341,-24.323279468121513
park_high,3845,0.7291757661069176,2.2372023607312848
park_high,3846,-1.9726834332263192,-56.02199369513258
park_high,3847,-0.019973909691869185,-12.363480206440094
park_high,3848,-0.9037342695242884,-28.140607801319785
park_high,3849,-0.3408608142201819,-17.095306498427785
park_high,3850,-1.0032735420994048,-50.79206855996421
park_high,3851,-1.9726834332263192,-56.02199369513258
park_high,3852,-0.019973909691869185,-12.363480206440094
park_high,3853,-0.8483834967767341,-24.323279468121513
park_high,3854,-3.0938892080527847,-20.471364507733686
park_high,3855,0.6591999069903283,-24.48496319908088
park_high,3856,-0.3408608142201819,-17.095306498427785
park_high,3857,-1.408691622842758,-73.11254949492694
park_high,3858,-0.9007775020028355,-19.21170657304257
park_high,3859,-1.8622531995718083,-47.866249854101085
park_high,3860,0.7291757661069176,2.2372023607312848
park_high,3861,-2.0350149357843192,-13.000524010664083
park_high,3862,-0.5155806338395531,142.1085906649845
park_high,3863,-1.4034453187297427,-22.013914694867083
park_high,3864,-2.0350149357843192,-13.000524010664083
park_high,3865,-0.9037342695242884,-28.140607801319785
park_high,3866,-0.3408608142201819,-17.095306498427785
park_high,3867,-1.8961423078758455,-36.83898329884153
park_high,3868,-1.0032735420994048,-50.79206855996421
park_high,3869,-0.8483834967767341,-24.323279468121513
park_high,3870,-0.3408608142201819,-17.095306498427785
park_high,3871,-0.9007775020028355,-19.21170657304257
park_high,3872,-0.9037342695242884,-28.140607801319785
park_high,3873,0.17600315492980823,-0.8882028501007255
park_high,3874,-1.408691622842758,-73.11254949492694
park_high,3875,0.0597714461825507,26.203020733675412
park_high,3876,-1.408691622842758,-73.11254949492694
park_high,3877,-2.0350149357843192,-13.000524010664083
park_high,3878,-1.8961423078758455,-36.83898329884153
park_high,3879,-1.0032735420994048,-50.79206855996421
park_high,3880,-1.4034453187297427,-22.013914694867083
park_high,3881,-1.408691622842758,-73.11254949492694
park_high,3882,0.0597714461825507,26.203020733675412
park_high,3883,-0.3408608142201819,-17.095306498427785
park_high,3884,-0.3408608142201819,-17.095306498427785
park_high,3885,0.17600315492980823,-0.8882028501007255
park_high,3886,-0.9037342695242884,-28.140607801319785
park_high,3887,-1.9726834332263192,-56.02199369513258
park_high,3888,-1.8961423078758455,-36.83898329884153
park_high,3889,-0.5155806338395531,142.1085906649845
park_high,3890,0.6591999069903283,-24.48496319908088
park_high,3891,-0.9007775020028355,-19.21170657304257
park_high,3892,-0.8483834967767341,-24.323279468121513
park_high,3893,-1.408691622842758,-73.11254949492694
park_high,3894,0.17600315492980823,-0.8882028501007255
park_high,3895,-0.3408608142201819,-17.095306498427785
park_high,3896,-1.408691622842758,-73.11254949492694
park_high,3897,-1.0032735420994048,-50.79206855996421
park_high,3898,0.17600315492980823,-0.8882028501007255
park_high,3899,-0.3408608142201819,-17.095306498427785
park_high,3900,0.6591999069903283,-24.48496319908088
park_high,3901,0.17600315492980823,-0.8882028501007255
park_high,3902,-1.408691622842758,-73.11254949492694
park_high,3903,0.7291757661069176,2.2372023607312848
park_high,3904,-0.9007775020028355,-19.21170657304257
park_high,3905,-0.9037342695242884,-28.140607801319785
park_high,3906,-3.0938892080527847,-20.471364507733686
park_high,3907,-0.9037342695242884,-28.140607801319785
park_high,3908,-0.8483834967767341,-24.323279468121513
park_high,3909,0.7291757661069176,2.2372023607312848
park_high,3910,-1.408691622842758,-73.11254949492694
park_high,3911,0.17600315492980823,-0.8882028501007255
park_high,3912,-0.9037342695242884,-28.140607801319785
park_high,3913,-0.5155806338395531,142.1085906649845
park_high,3914,-0.5155806338395531,142.1085906649845
park_high,3915,-1.8961423078758455,-36.83898329884153
park_high,3916,-0.3408608142201819,-17.095306498427785
park_high,3917,-1.9726834332263192,-56.02199369513258
park_high,3918,-0.9007775020028355,-19.21170657304257
park_high,3919,-0.019973909691869185,-12.363480206440094
park_high,3920,0.6591999069903283,-24.48496319908088
park_high,3921,-1.9726834332263192,-56.02199369513258
park_high,3922,-0.8483834967767341,-24.323279468121513
park_high,3923,-1.4034453187297427,-22.013914694867083
park_high,3924,-0.019973909691869185,-12.363480206440094
park_high,3925,-1.4034453187297427,-22.013914694867083
park_high,3926,0.17600315492980823,-0.8882028501007255
park_high,3927,-0.9007775020028355,-19.21170657304257
park_high,3928,-1.8961423078758455,-36.83898329884153
park_high,3929,-0.9007775020028355,-19.21170657304257
park_high,3930,0.0597714461825507,26.203020733675412
park_high,3931,-1.0032735420994048,-50.79206855996421
park_high,3932,0.6591999069903283,-24.48496319908088
park_high,3933,-0.3408608142201819,-17.095306498427785
park_high,3934,-1.2161942915462667,-25.936565383038264
park_high,3935,-1.0032735420994048,-50.79206855996421
park_high,3936,0.6591999069903283,-24.48496319908088
park_high,3937,-1.4034453187297427,-22.013914694867083
park_high,3938,0.17600315492980823,-0.8882028501007255
park_high,3939,-1.4034453187297427,-22.013914694867083
park_high,3940,-3.0938892080527847,-20.471364507733686
park_high,3941,0.17600315492980823,-0.8882028501007255
park_high,3942,-0.9037342695242884,-28.140607801319785
park_high,3943,-3.0938892080527847,-20.471364507733686
park_high,3944,-1.4034453187297427,-22.013914694867083
park_high,3945,-1.4034453187297427,-22.013914694867083
park_high,3946,0.6591999069903283,-24.48496319908088
park_high,3947,-0.9037342695242884,-28.140607801319785
park_high,3948,-1.8622531995718083,-47.866249854101085
park_high,3949,-1.8622531995718083,-47.866249854101085
park_high,3950,-1.0032735420994048,-50.79206855996421
park_high,3951,0.17600315492980823,-0.8882028501007255
park_high,3952,-1.8961423078758455,-36.83898329884153
park_high,3953,-3.0938892080527847,-20.471364507733686
park_high,3954,-0.9007775020028355,-19.21170657304257
park_high,3955,-1.4034453187297427,-22.013914694867083
park_high,3956,-1.8622531995718083,-47.866249854101085
park_high,3957,-2.0350149357843192,-13.000524010664083
park_high,3958,-1.4034453187297427,-22.013914694867083
park_high,3959,-1.8961423078758455,-36.83898329884153
park_high,3960,-3.0938892080527847,-20.471364507733686
park_high,3961,-1.4034453187297427,-22.013914694867083
park_high,3962,-0.8483834967767341,-24.323279468121513
park_high,3963,-1.9726834332263192,-56.02199369513258
park_high,3964,-1.8622531995718083,-47.866249854101085
park_high,3965,-0.8483834967767341,-24.323279468121513
park_high,3966,-0.9037342695242884,-28.140607801319785
park_high,3967,-3.0938892080527847,-20.471364507733686
park_high,3968,-3.0938892080527847,-20.471364507733686
park_high,3969,-0.5155806338395531,142.1085906649845
park_high,3970,-0.019973909691869185,-12.363480206440094
park_high,3971,-0.8483834967767341,-24.323279468121513
park_high,3972,-3.0938892080527847,-20.471364507733686
park_high,3973,-1.8961423078758455,-36.83898329884153
park_high,3974,-1.2161942915462667,-25.936565383038264
park_high,3975,-1.9726834332263192,-56.02199369513258
park_high,3976,-1.8622531995718083,-47.866249854101085
park_high,3977,-0.3408608142201819,-17.095306498427785
park_high,3978,-1.408691622842758,-73.11254949492694
park_high,3979,0.7291757661069176,2.2372023607312848
park_high,3980,-0.3408608142201819,-17.095306498427785
park_high,3981,-0.3408608142201819,-17.095306498427785
park_high,3982,-0.9007775020028355,-19.21170657304257
park_high,3983,-0.9007775020028355,-19.21170657304257
park_high,3984,-2.0350149357843192,-13.000524010664083
park_high,3985,-2.0350149357843192,-13.000524010664083
park_high,3986,-0.9007775020028355,-19.21170657304257
park_high,3987,-1.0032735420994048,-50.79206855996421
park_high,3988,-1.0032735420994048,-50.79206855996421
park_high,3989,-1.0032735420994048,-50.79206855996421
park_high,3990,-2.0350149357843192,-13.000524010664083
park_high,3991,-1.4034453187297427,-22.013914694867083
park_high,3992,-0.3408608142201819,-17.095306498427785
park_high,3993,-1.2161942915462667,-25.936565383038264
park_high,3994,-0.9037342695242884,-28.140607801319785
park_high,3995,-1.4034453187297427,-22.013914694867083
park_high,3996,-1.2161942915462667,-25.936565383038264
park_high,3997,-0.8483834967767341,-24.323279468121513
park_high,3998,-0.9037342695242884,-28.140607801319785
park_high,3999,-1.9726834332263192,-56.02199369513258
park_high,4000,-0.019973909691869185,-12.363480206440094
park_high,4001,-1.8961423078758455,-36.83898329884153
park_high,4002,-1.9726834332263192,-56.02199369513258
park_high,4003,0.0597714461825507,26.203020733675412
park_high,4004,0.17600315492980823,-0.8882028501007255
park_high,4005,0.0597714461825507,26.203020733675412
park_high,4006,-1.8622531995718083,-47.866249854101085
park_high,4007,0.17600315492980823,-0.8882028501007255
park_high,4008,-1.0032735420994048,-50.79206855996421
park_high,4009,-3.0938892080527847,-20.471364507733686
park_high,4010,-0.3408608142201819,-17.095306498427785
park_high,4011,-1.2161942915462667,-25.936565383038264
park_high,4012,-1.9726834332263192,-56.02199369513258
park_high,4013,0.6591999069903283,-24.48496319908088
park_high,4014,-3.0938892080527847,-20.471364507733686
park_high,4015,-3.0938892080527847,-20.471364507733686
park_high,4016,-1.408691622842758,-73.11254949492694
park_high,4017,0.6591999069903283,-24.48496319908088
park_high,4018,-1.9726834332263192,-56.02199369513258
park_high,4019,-1.8961423078758455,-36.83898329884153
park_high,4020,-1.0032735420994048,-50.79206855996421
park_high,4021,-0.9007775020028355,-19.21170657304257
park_high,4022,-1.0032735420994048,-50.79206855996421
park_high,4023,-1.2161942915462667,-25.936565383038264
park_high,4024,-2.0350149357843192,-13.000524010664083
park_high,4025,-0.5155806338395531,142.1085906649845
park_high,4026,-1.8961423078758455,-36.83898329884153
park_high,4027,-1.0032735420994048,-50.79206855996421
park_high,4028,-0.5155806338395531,142.1085906649845
park_high,4029,-0.3408608142201819,-17.095306498427785
park_high,4030,0.7291757661069176,2.2372023607312848
park_high,4031,-0.9007775020028355,-19.21170657304257
park_high,4032,-1.2161942915462667,-25.936565383038264
park_high,4033,-1.0032735420994048,-50.79206855996421
park_high,4034,0.0597714461825507,26.203020733675412
park_high,4035,-3.0938892080527847,-20.471364507733686
park_high,4036,-1.408691622842758,-73.11254949492694
park_high,4037,-1.9726834332263192,-56.02199369513258
park_high,4038,-0.019973909691869185,-12.363480206440094
park_high,4039,-0.3408608142201819,-17.095306498427785
park_high,4040,-1.0032735420994048,-50.79206855996421
park_high,4041,-0.019973909691869185,-12.363480206440094
park_high,4042,-0.019973909691869185,-12.363480206440094
park_high,4043,-1.4034453187297427,-22.013914694867083
park_high,4044,-1.4034453187297427,-22.013914694867083
park_high,4045,-1.8961423078758455,-36.83898329884153
park_high,4046,0.17600315492980823,-0.8882028501007255
park_high,4047,0.6591999069903283,-24.48496319908088
park_high,4048,-1.0032735420994048,-50.79206855996421
park_high,4049,-0.9007775020028355,-19.21170657304257
park_high,4050,-0.9007775020028355,-19.21170657304257
park_high,4051,-1.0032735420994048,-50.79206855996421
park_high,4052,-1.2161942915462667,-25.936565383038264
park_high,4053,-1.0032735420994048,-50.79206855996421
park_high,4054,-0.9037342695242884,-28.140607801319785
park_high,4055,0.7291757661069176,2.2372023607312848
park_high,4056,-1.408691622842758,-73.11254949492694
park_high,4057,-0.8483834967767341,-24.323279468121513
park_high,4058,-2.0350149357843192,-13.000524010664083
park_high,4059,-1.8622531995718083,-47.866249854101085
park_high,4060,-0.3408608142201819,-17.095306498427785
park_high,4061,-1.2161942915462667,-25.936565383038264
park_high,4062,-1.9726834332263192,-56.02199369513258
park_high,4063,-2.0350149357843192,-13.000524010664083
park_high,4064,0.17600315492980823,-0.8882028501007255
park_high,4065,-1.0032735420994048,-50.79206855996421
park_high,4066,0.17600315492980823,-0.8882028501007255
park_high,4067,-1.2161942915462667,-25.936565383038264
park_high,4068,-0.9007775020028355,-19.21170657304257
park_high,4069,-0.3408608142201819,-17.095306498427785
park_high,4070,-1.8961423078758455,-36.83898329884153
park_high,4071,0.17600315492980823,-0.8882028501007255
park_high,4072,-1.408691622842758,-73.11254949492694
park_high,4073,-0.3408608142201819,-17.095306498427785
park_high,4074,-1.4034453187297427,-22.013914694867083
park_high,4075,0.6591999069903283,-24.48496319908088
park_high,4076,-1.2161942915462667,-25.936565383038264
park_high,4077,-1.408691622842758,-73.11254949492694
park_high,4078,0.7291757661069176,2.2372023607312848
park_high,4079,-1.408691622842758,-73.11254949492694
park_high,4080,0.7291757661069176,2.2372023607312848
park_high,4081,-1.408691622842758,-73.11254949492694
park_high,4082,0.0597714461825507,26.203020733675412
park_high,4083,-0.5155806338395531,142.1085906649845
park_high,4084,-0.019973909691869185,-12.363480206440094
park_high,4085,-1.2161942915462667,-25.936565383038264
park_high,4086,-0.9007775020028355,-19.21170657304257
park_high,4087,-1.0032735420994048,-50.79206855996421
park_high,4088,0.0597714461825507,26.203020733675412
park_high,4089,-0.019973909691869185,-12.363480206440094
park_high,4090,-0.019973909691869185,-12.363480206440094
park_high,4091,-0.019973909691869185,-12.363480206440094
park_high,4092,-0.019973909691869185,-12.363480206440094
park_high,4093,-0.8483834967767341,-24.323279468121513
park_high,4094,-1.408691622842758,-73.11254949492694
park_high,4095,-0.019973909691869185,-12.363480206440094
park_high,4096,-1.0032735420994048,-50.79206855996421
park_high,4097,0.6591999069903283,-24.48496319908088
park_high,4098,-0.8483834967767341,-24.323279468121513
park_high,4099,0.17600315492980823,-0.8882028501007255
park_high,4100,0.7291757661069176,2.2372023607312848
park_high,4101,-1.4034453187297427,-22.013914694867083
park_high,4102,-2.0350149357843192,-13.000524010664083
park_high,4103,-0.9037342695242884,-28.140607801319785
park_high,4104,-0.3408608142201819,-17.095306498427785
park_high,4105,-0.8483834967767341,-24.323279468121513
park_high,4106,-0.9007775020028355,-19.21170657304257
park_high,4107,-1.408691622842758,-73.11254949492694
park_high,4108,-0.019973909691869185,-12.363480206440094
park_high,4109,0.6591999069903283,-24.48496319908088
park_high,4110,-1.9726834332263192,-56.02199369513258
park_high,4111,-3.0938892080527847,-20.471364507733686
park_high,4112,-0.9037342695242884,-28.140607801319785
park_high,4113,-0.019973909691869185,-12.363480206440094
park_high,4114,0.7291757661069176,2.2372023607312848
park_high,4115,-0.8483834967767341,-24.323279468121513
park_high,4116,-1.4034453187297427,-22.013914694867083
park_high,4117,-1.0032735420994048,-50.79206855996421
park_high,4118,0.6591999069903283,-24.48496319908088
park_high,4119,0.6591999069903283,-24.48496319908088
park_high,4120,0.0597714461825507,26.203020733675412
park_high,4121,-1.8961423078758455,-36.83898329884153
park_high,4122,-0.9037342695242884,-28.140607801319785
park_high,4123,-1.0032735420994048,-50.79206855996421
park_high,4124,0.17600315492980823,-0.8882028501007255
park_high,4125,-1.408691622842758,-73.11254949492694
park_high,4126,-1.408691622842758,-73.11254949492694
park_high,4127,-2.0350149357843192,-13.000524010664083
park_high,4128,0.7291757661069176,2.2372023607312848
park_high,4129,-0.3408608142201819,-17.095306498427785
park_high,4130,0.7291757661069176,2.2372023607312848
park_high,4131,0.0597714461825507,26.203020733675412
park_high,4132,0.0597714461825507,26.203020733675412
park_high,4133,-1.8622531995718083,-47.866249854101085
park_high,4134,-3.0938892080527847,-20.471364507733686
park_high,4135,-1.4034453187297427,-22.013914694867083
park_high,4136,-1.8961423078758455,-36.83898329884153
park_high,4137,-0.9007775020028355,-19.21170657304257
park_high,4138,-1.9726834332263192,-56.02199369513258
park_high,4139,-1.8622531995718083,-47.866249854101085
park_high,4140,0.0597714461825507,26.203020733675412
park_high,4141,-2.0350149357843192,-13.000524010664083
park_high,4142,-3.0938892080527847,-20.471364507733686
park_high,4143,-1.0032735420994048,-50.79206855996421
park_high,4144,0.0597714461825507,26.203020733675412
park_high,4145,-0.019973909691869185,-12.363480206440094
park_high,4146,-3.0938892080527847,-20.471364507733686
park_high,4147,-1.8961423078758455,-36.83898329884153
park_high,4148,0.17600315492980823,-0.8882028501007255
park_high,4149,-1.8961423078758455,-36.83898329884153
park_high,4150,-1.0032735420994048,-50.79206855996421
park_high,4151,-0.5155806338395531,142.1085906649845
park_high,4152,-1.8961423078758455,-36.83898329884153
park_high,4153,0.7291757661069176,2.2372023607312848
park_high,4154,-0.8483834967767341,-24.323279468121513
park_high,4155,-0.019973909691869185,-12.363480206440094
park_high,4156,-3.0938892080527847,-20.471364507733686
park_high,4157,-0.9037342695242884,-28.140607801319785
park_high,4158,-0.9037342695242884,-28.140607801319785
park_high,4159,-2.0350149357843192,-13.000524010664083
park_high,4160,-0.5155806338395531,142.1085906649845
park_high,4161,-0.9037342695242884,-28.140607801319785
park_high,4162,-3.0938892080527847,-20.471364507733686
park_high,4163,-0.019973909691869185,-12.363480206440094
park_high,4164,-0.5155806338395531,142.1085906649845
park_high,4165,-1.2161942915462667,-25.936565383038264
park_high,4166,-1.8622531995718083,-47.866249854101085
park_high,4167,0.0597714461825507,26.203020733675412
park_high,4168,0.7291757661069176,2.2372023607312848
park_high,4169,-1.0032735420994048,-50.79206855996421
park_high,4170,-1.4034453187297427,-22.013914694867083
park_high,4171,-0.9037342695242884,-28.140607801319785
park_high,4172,0.0597714461825507,26.203020733675412
park_high,4173,0.6591999069903283,-24.48496319908088
park_high,4174,0.6591999069903283,-24.48496319908088
park_high,4175,-0.9037342695242884,-28.140607801319785
park_high,4176,-3.0938892080527847,-20.471364507733686
park_high,4177,-0.3408608142201819,-17.095306498427785
park_high,4178,-0.3408608142201819,-17.095306498427785
park_high,4179,0.6591999069903283,-24.48496319908088
park_high,4180,-0.5155806338395531,142.1085906649845
park_high,4181,0.0597714461825507,26.203020733675412
park_high,4182,0.6591999069903283,-24.48496319908088
park_high,4183,-1.2161942915462667,-25.936565383038264
park_high,4184,-3.0938892080527847,-20.471364507733686
park_high,4185,-1.8622531995718083,-47.866249854101085
park_high,4186,-0.9007775020028355,-19.21170657304257
park_high,4187,0.7291757661069176,2.2372023607312848
park_high,4188,0.7291757661069176,2.2372023607312848
park_high,4189,-1.4034453187297427,-22.013914694867083
park_high,4190,-1.8622531995718083,-47.866249854101085
park_high,4191,0.6591999069903283,-24.48496319908088
park_high,4192,-0.8483834967767341,-24.323279468121513
park_high,4193,-1.8622531995718083,-47.866249854101085
park_high,4194,-0.8483834967767341,-24.323279468121513
park_high,4195,-1.8961423078758455,-36.83898329884153
park_high,4196,-1.2161942915462667,-25.936565383038264
park_high,4197,-0.9007775020028355,-19.21170657304257
park_high,4198,-3.0938892080527847,-20.471364507733686
park_high,4199,-2.0350149357843192,-13.000524010664083
park_high,4200,-0.3408608142201819,-17.095306498427785
park_high,4201,-0.9007775020028355,-19.21170657304257
park_high,4202,-0.9037342695242884,-28.140607801319785
park_high,4203,-1.0032735420994048,-50.79206855996421
park_high,4204,-1.408691622842758,-73.11254949492694
park_high,4205,-0.5155806338395531,142.1085906649845
park_high,4206,-0.3408608142201819,-17.095306498427785
park_high,4207,-1.8961423078758455,-36.83898329884153
park_high,4208,0.0597714461825507,26.203020733675412
park_high,4209,0.7291757661069176,2.2372023607312848
park_high,4210,-1.8961423078758455,-36.83898329884153
park_high,4211,-3.0938892080527847,-20.471364507733686
park_high,4212,-0.3408608142201819,-17.095306498427785
park_high,4213,-3.0938892080527847,-20.471364507733686
park_high,4214,-1.0032735420994048,-50.79206855996421
park_high,4215,-1.8961423078758455,-36.83898329884153
park_high,4216,-3.0938892080527847,-20.471364507733686
park_high,4217,-1.0032735420994048,-50.79206855996421
park_high,4218,0.7291757661069176,2.2372023607312848
park_high,4219,-0.019973909691869185,-12.363480206440094
park_high,4220,0.7291757661069176,2.2372023607312848
park_high,4221,-0.9007775020028355,-19.21170657304257
park_high,4222,-1.9726834332263192,-56.02199369513258
park_high,4223,0.0597714461825507,26.203020733675412
park_high,4224,-1.4034453187297427,-22.013914694867083
park_high,4225,-2.0350149357843192,-13.000524010664083
park_high,4226,-0.9007775020028355,-19.21170657304257
park_high,4227,0.7291757661069176,2.2372023607312848
park_high,4228,-0.3408608142201819,-17.095306498427785
park_high,4229,-1.408691622842758,-73.11254949492694
park_high,4230,0.6591999069903283,-24.48496319908088
park_high,4231,-3.0938892080527847,-20.471364507733686
park_high,4232,-1.4034453187297427,-22.013914694867083
park_high,4233,0.7291757661069176,2.2372023607312848
park_high,4234,-0.5155806338395531,142.1085906649845
park_high,4235,-1.408691622842758,-73.11254949492694
park_high,4236,-1.9726834332263192,-56.02199369513258
park_high,4237,0.17600315492980823,-0.8882028501007255
park_high,4238,-0.019973909691869185,-12.363480206440094
park_high,4239,-1.9726834332263192,-56.02199369513258
park_high,4240,-0.8483834967767341,-24.323279468121513
park_high,4241,-3.0938892080527847,-20.471364507733686
park_high,4242,-0.9007775020028355,-19.21170657304257
park_high,4243,-2.0350149357843192,-13.000524010664083
park_high,4244,0.7291757661069176,2.2372023607312848
park_high,4245,-1.408691622842758,-73.11254949492694
park_high,4246,-2.0350149357843192,-13.000524010664083
park_high,4247,0.7291757661069176,2.2372023607312848
park_high,4248,-0.9007775020028355,-19.21170657304257
park_high,4249,-2.0350149357843192,-13.000524010664083
park_high,4250,0.7291757661069176,2.2372023607312848
park_high,4251,-1.8961423078758455,-36.83898329884153
park_high,4252,-1.8622531995718083,-47.866249854101085
park_high,4253,-0.9037342695242884,-28.140607801319785
park_high,4254,-0.9037342695242884,-28.140607801319785
park_high,4255,-0.5155806338395531,142.1085906649845
park_high,4256,0.6591999069903283,-24.48496319908088
park_high,4257,-0.3408608142201819,-17.095306498427785
park_high,4258,-2.0350149357843192,-13.000524010664083
park_high,4259,0.7291757661069176,2.2372023607312848
park_high,4260,-0.9007775020028355,-19.21170657304257
park_high,4261,-1.8961423078758455,-36.83898329884153
park_high,4262,-0.5155806338395531,142.1085906649845
park_high,4263,-3.0938892080527847,-20.471364507733686
park_high,4264,-1.8961423078758455,-36.83898329884153
park_high,4265,0.0597714461825507,26.203020733675412
park_high,4266,-2.0350149357843192,-13.000524010664083
park_high,4267,-1.0032735420994048,-50.79206855996421
park_high,4268,-1.8622531995718083,-47.866249854101085
park_high,4269,-0.9007775020028355,-19.21170657304257
park_high,4270,-2.0350149357843192,-13.000524010664083
park_high,4271,0.6591999069903283,-24.48496319908088
park_high,4272,0.0597714461825507,26.203020733675412
park_high,4273,-0.8483834967767341,-24.323279468121513
park_high,4274,0.6591999069903283,-24.48496319908088
park_high,4275,0.0597714461825507,26.203020733675412
park_high,4276,-0.5155806338395531,142.1085906649845
park_high,4277,-1.0032735420994048,-50.79206855996421
park_high,4278,-1.4034453187297427,-22.013914694867083
park_high,4279,-2.0350149357843192,-13.000524010664083
park_high,4280,-1.9726834332263192,-56.02199369513258
park_high,4281,-0.3408608142201819,-17.095306498427785
park_high,4282,-1.4034453187297427,-22.013914694867083
park_high,4283,-1.8622531995718083,-47.866249854101085
park_high,4284,-0.5155806338395531,142.1085906649845
park_high,4285,-0.9037342695242884,-28.140607801319785
park_high,4286,0.0597714461825507,26.203020733675412
park_high,4287,-1.408691622842758,-73.11254949492694
park_high,4288,-1.408691622842758,-73.11254949492694
park_high,4289,-1.8622531995718083,-47.866249854101085
park_high,4290,-1.8622531995718083,-47.866249854101085
park_high,4291,-0.5155806338395531,142.1085906649845
park_high,4292,-0.9007775020028355,-19.21170657304257
park_high,4293,-1.9726834332263192,-56.02199369513258
park_high,4294,-1.408691622842758,-73.11254949492694
park_high,4295,0.6591999069903283,-24.48496319908088
park_high,4296,-1.2161942915462667,-25.936565383038264
park_high,4297,-1.408691622842758,-73.11254949492694
park_high,4298,-3.0938892080527847,-20.471364507733686
park_high,4299,-0.3408608142201819,-17.095306498427785
park_high,4300,-0.5155806338395531,142.1085906649845
park_high,4301,-0.9037342695242884,-28.140607801319785
park_high,4302,0.0597714461825507,26.203020733675412
park_high,4303,-0.019973909691869185,-12.363480206440094
park_high,4304,-1.408691622842758,-73.11254949492694
park_high,4305,-0.3408608142201819,-17.095306498427785
park_high,4306,-0.5155806338395531,142.1085906649845
park_high,4307,-1.408691622842758,-73.11254949492694
park_high,4308,-1.4034453187297427,-22.013914694867083
park_high,4309,-3.0938892080527847,-20.471364507733686
park_high,4310,0.17600315492980823,-0.8882028501007255
park_high,4311,-1.2161942915462667,-25.936565383038264
park_high,4312,0.17600315492980823,-0.8882028501007255
park_high,4313,-1.8961423078758455,-36.83898329884153
park_high,4314,-0.3408608142201819,-17.095306498427785
park_high,4315,-0.9037342695242884,-28.140607801319785
park_high,4316,-0.3408608142201819,-17.095306498427785
park_high,4317,-1.408691622842758,-73.11254949492694
park_high,4318,-2.0350149357843192,-13.000524010664083
park_high,4319,0.7291757661069176,2.2372023607312848
park_high,4320,0.0597714461825507,26.203020733675412
park_high,4321,-1.0032735420994048,-50.79206855996421
park_high,4322,-1.408691622842758,-73.11254949492694
park_high,4323,-0.3408608142201819,-17.095306498427785
park_high,4324,-1.0032735420994048,-50.79206855996421
park_high,4325,0.17600315492980823,-0.8882028501007255
park_high,4326,-1.8622531995718083,-47.866249854101085
park_high,4327,0.17600315492980823,-0.8882028501007255
park_high,4328,-1.4034453187297427,-22.013914694867083
park_high,4329,0.0597714461825507,26.203020733675412
park_high,4330,-0.8483834967767341,-24.323279468121513
park_high,4331,-0.5155806338395531,142.1085906649845
park_high,4332,-0.8483834967767341,-24.323279468121513
park_high,4333,-1.9726834332263192,-56.02199369513258
park_high,4334,-1.408691622842758,-73.11254949492694
park_high,4335,-1.9726834332263192,-56.02199369513258
park_high,4336,-1.9726834332263192,-56.02199369513258
park_high,4337,-1.2161942915462667,-25.936565383038264
park_high,4338,0.17600315492980823,-0.8882028501007255
park_high,4339,0.0597714461825507,26.203020733675412
park_high,4340,0.6591999069903283,-24.48496319908088
park_high,4341,-0.019973909691869185,-12.363480206440094
park_high,4342,-1.4034453187297427,-22.013914694867083
park_high,4343,-0.9037342695242884,-28.140607801319785
park_high,4344,0.17600315492980823,-0.8882028501007255
park_high,4345,-0.019973909691869185,-12.363480206440094
park_high,4346,-1.4034453187297427,-22.013914694867083
park_high,4347,-0.019973909691869185,-12.363480206440094
park_high,4348,-1.0032735420994048,-50.79206855996421
park_high,4349,-3.0938892080527847,-20.471364507733686
park_high,4350,-0.019973909691869185,-12.363480206440094
park_high,4351,-1.8622531995718083,-47.866249854101085
park_high,4352,0.6591999069903283,-24.48496319908088
park_high,4353,0.0597714461825507,26.203020733675412
park_high,4354,-0.019973909691869185,-12.363480206440094
park_high,4355,0.0597714461825507,26.203020733675412
park_high,4356,0.6591999069903283,-24.48496319908088
park_high,4357,-2.0350149357843192,-13.000524010664083
park_high,4358,-1.8622531995718083,-47.866249854101085
park_high,4359,0.6591999069903283,-24.48496319908088
park_high,4360,0.0597714461825507,26.203020733675412
park_high,4361,-0.8483834967767341,-24.323279468121513
park_high,4362,-0.9007775020028355,-19.21170657304257
park_high,4363,-0.9007775020028355,-19.21170657304257
park_high,4364,0.0597714461825507,26.203020733675412
park_high,4365,0.6591999069903283,-24.48496319908088
park_high,4366,0.6591999069903283,-24.48496319908088
park_high,4367,-1.8622531995718083,-47.866249854101085
park_high,4368,-1.8961423078758455,-36.83898329884153
park_high,4369,-0.8483834967767341,-24.323279468121513
park_high,4370,-0.9037342695242884,-28.140607801319785
park_high,4371,-3.0938892080527847,-20.471364507733686
park_high,4372,-0.019973909691869185,-12.363480206440094
park_high,4373,-1.2161942915462667,-25.936565383038264
park_high,4374,-0.019973909691869185,-12.363480206440094
park_high,4375,-1.2161942915462667,-25.936565383038264
park_high,4376,-0.5155806338395531,142.1085906649845
park_high,4377,-1.8622531995718083,-47.866249854101085
park_high,4378,0.6591999069903283,-24.48496319908088
park_high,4379,-0.019973909691869185,-12.363480206440094
park_high,4380,-2.0350149357843192,-13.000524010664083
park_high,4381,-2.0350149357843192,-13.000524010664083
park_high,4382,-0.9007775020028355,-19.21170657304257
park_high,4383,0.17600315492980823,-0.8882028501007255
park_high,4384,-0.019973909691869185,-12.363480206440094
park_high,4385,-0.019973909691869185,-12.363480206440094
park_high,4386,-1.408691622842758,-73.11254949492694
park_high,4387,0.6591999069903283,-24.48496319908088
park_high,4388,-1.408691622842758,-73.11254949492694
park_high,4389,-0.8483834967767341,-24.323279468121513
park_high,4390,-1.4034453187297427,-22.013914694867083
park_high,4391,-0.8483834967767341,-24.323279468121513
park_high,4392,-0.9007775020028355,-19.21170657304257
park_high,4393,-1.8961423078758455,-36.83898329884153
park_high,4394,-3.0938892080527847,-20.471364507733686
park_high,4395,-2.0350149357843192,-13.000524010664083
park_high,4396,-1.0032735420994048,-50.79206855996421
park_high,4397,-0.9037342695242884,-28.140607801319785
park_high,4398,-1.0032735420994048,-50.79206855996421
park_high,4399,-1.0032735420994048,-50.79206855996421
park_high,4400,-3.0938892080527847,-20.471364507733686
park_high,4401,-1.8622531995718083,-47.866249854101085
park_high,4402,-2.0350149357843192,-13.000524010664083
park_high,4403,0.0597714461825507,26.203020733675412
park_high,4404,-0.9037342695242884,-28.140607801319785
park_high,4405,0.17600315492980823,-0.8882028501007255
park_high,4406,-0.9037342695242884,-28.140607801319785
park_high,4407,-0.019973909691869185,-12.363480206440094
park_high,4408,-1.4034453187297427,-22.013914694867083
park_high,4409,0.6591999069903283,-24.48496319908088
park_high,4410,-1.8961423078758455,-36.83898329884153
park_high,4411,-0.8483834967767341,-24.323279468121513
park_high,4412,-0.9007775020028355,-19.21170657304257
park_high,4413,-1.2161942915462667,-25.936565383038264
park_high,4414,0.6591999069903283,-24.48496319908088
park_high,4415,-0.9007775020028355,-19.21170657304257
park_high,4416,-0.5155806338395531,142.1085906649845
park_high,4417,-1.408691622842758,-73.11254949492694
park_high,4418,0.17600315492980823,-0.8882028501007255
park_high,4419,0.0597714461825507,26.203020733675412
park_high,4420,-0.9007775020028355,-19.21170657304257
park_high,4421,0.0597714461825507,26.203020733675412
park_high,4422,0.17600315492980823,-0.8882028501007255
park_high,4423,0.0597714461825507,26.203020733675412
park_high,4424,-0.019973909691869185,-12.363480206440094
park_high,4425,-0.5155806338395531,142.1085906649845
park_high,4426,0.7291757661069176,2.2372023607312848
park_high,4427,0.7291757661069176,2.2372023607312848
park_high,4428,-1.0032735420994048,-50.79206855996421
park_high,4429,-1.408691622842758,-73.11254949492694
park_high,4430,0.6591999069903283,-24.48496319908088
park_high,4431,-1.8622531995718083,-47.866249854101085
park_high,4432,-1.2161942915462667,-25.936565383038264
park_high,4433,-0.9007775020028355,-19.21170657304257
park_high,4434,-0.9007775020028355,-19.21170657304257
park_high,4435,0.7291757661069176,2.2372023607312848
park_high,4436,-0.5155806338395531,142.1085906649845
park_high,4437,0.7291757661069176,2.2372023607312848
park_high,4438,-1.8622531995718083,-47.866249854101085
park_high,4439,0.7291757661069176,2.2372023607312848
park_high,4440,-3.0938892080527847,-20.471364507733686
park_high,4441,-0.9037342695242884,-28.140607801319785
park_high,4442,-1.9726834332263192,-56.02199369513258
park_high,4443,-2.0350149357843192,-13.000524010664083
park_high,4444,-0.8483834967767341,-24.323279468121513
park_high,4445,-1.2161942915462667,-25.936565383038264
park_high,4446,-0.8483834967767341,-24.323279468121513
park_high,4447,-3.0938892080527847,-20.471364507733686
park_high,4448,-0.5155806338395531,142.1085906649845
park_high,4449,-0.019973909691869185,-12.363480206440094
park_high,4450,0.0597714461825507,26.203020733675412
park_high,4451,-1.8622531995718083,-47.866249854101085
park_high,4452,-1.0032735420994048,-50.79206855996421
park_high,4453,-1.2161942915462667,-25.936565383038264
park_high,4454,-0.8483834967767341,-24.323279468121513
park_high,4455,-0.5155806338395531,142.1085906649845
park_high,4456,-0.3408608142201819,-17.095306498427785
park_high,4457,-0.9007775020028355,-19.21170657304257
park_high,4458,-2.0350149357843192,-13.000524010664083
park_high,4459,-0.9037342695242884,-28.140607801319785
park_high,4460,-1.8961423078758455,-36.83898329884153
park_high,4461,0.7291757661069176,2.2372023607312848
park_high,4462,-0.8483834967767341,-24.323279468121513
park_high,4463,-0.019973909691869185,-12.363480206440094
park_high,4464,-1.8961423078758455,-36.83898329884153
park_high,4465,-1.8961423078758455,-36.83898329884153
park_high,4466,-0.5155806338395531,142.1085906649845
park_high,4467,-0.9037342695242884,-28.140607801319785
park_high,4468,0.7291757661069176,2.2372023607312848
park_high,4469,0.0597714461825507,26.203020733675412
park_high,4470,-1.4034453187297427,-22.013914694867083
park_high,4471,-0.9037342695242884,-28.140607801319785
park_high,4472,-0.5155806338395531,142.1085906649845
park_high,4473,-2.0350149357843192,-13.000524010664083
park_high,4474,-1.8622531995718083,-47.866249854101085
park_high,4475,-2.0350149357843192,-13.000524010664083
park_high,4476,-0.8483834967767341,-24.323279468121513
park_high,4477,-0.5155806338395531,142.1085906649845
park_high,4478,-3.0938892080527847,-20.471364507733686
park_high,4479,-1.2161942915462667,-25.936565383038264
park_high,4480,-3.0938892080527847,-20.471364507733686
park_high,4481,-1.0032735420994048,-50.79206855996421
park_high,4482,-0.3408608142201819,-17.095306498427785
park_high,4483,-1.0032735420994048,-50.79206855996421
park_high,4484,-0.019973909691869185,-12.363480206440094
park_high,4485,-1.408691622842758,-73.11254949492694
park_high,4486,-1.8622531995718083,-47.866249854101085
park_high,4487,-1.8961423078758455,-36.83898329884153
park_high,4488,-0.9037342695242884,-28.140607801319785
park_high,4489,0.7291757661069176,2.2372023607312848
park_high,4490,-0.3408608142201819,-17.095306498427785
park_high,4491,-0.3408608142201819,-17.095306498427785
park_high,4492,0.0597714461825507,26.203020733675412
park_high,4493,-0.9037342695242884,-28.140607801319785
park_high,4494,-1.4034453187297427,-22.013914694867083
park_high,4495,-1.9726834332263192,-56.02199369513258
park_high,4496,0.6591999069903283,-24.48496319908088
park_high,4497,0.17600315492980823,-0.8882028501007255
park_high,4498,-1.2161942915462667,-25.936565383038264
park_high,4499,0.6591999069903283,-24.48496319908088
park_high,4500,-0.8483834967767341,-24.323279468121513
park_high,4501,-0.9007775020028355,-19.21170657304257
park_high,4502,-3.0938892080527847,-20.471364507733686
park_high,4503,-1.9726834332263192,-56.02199369513258
park_high,4504,-1.8961423078758455,-36.83898329884153
park_high,4505,-0.8483834967767341,-24.323279468121513
park_high,4506,-0.9037342695242884,-28.140607801319785
park_high,4507,0.6591999069903283,-24.48496319908088
park_high,4508,-0.3408608142201819,-17.095306498427785
park_high,4509,-0.019973909691869185,-12.363480206440094
park_high,4510,-0.9037342695242884,-28.140607801319785
park_high,4511,-1.2161942915462667,-25.936565383038264
park_high,4512,-0.5155806338395531,142.1085906649845
park_high,4513,0.0597714461825507,26.203020733675412
park_high,4514,-2.0350149357843192,-13.000524010664083
park_high,4515,-1.8961423078758455,-36.83898329884153
park_high,4516,-0.9007775020028355,-19.21170657304257
park_high,4517,-1.408691622842758,-73.11254949492694
park_high,4518,-1.2161942915462667,-25.936565383038264
park_high,4519,-1.408691622842758,-73.11254949492694
park_high,4520,0.6591999069903283,-24.48496319908088
park_high,4521,0.7291757661069176,2.2372023607312848
park_high,4522,0.7291757661069176,2.2372023607312848
park_high,4523,-1.4034453187297427,-22.013914694867083
park_high,4524,0.17600315492980823,-0.8882028501007255
park_high,4525,-2.0350149357843192,-13.000524010664083
park_high,4526,-1.408691622842758,-73.11254949492694
park_high,4527,0.7291757661069176,2.2372023607312848
park_high,4528,-1.408691622842758,-73.11254949492694
park_high,4529,-3.0938892080527847,-20.471364507733686
park_high,4530,-1.2161942915462667,-25.936565383038264
park_high,4531,0.0597714461825507,26.203020733675412
park_high,4532,-1.4034453187297427,-22.013914694867083
park_high,4533,-1.8961423078758455,-36.83898329884153
park_high,4534,-0.5155806338395531,142.1085906649845
park_high,4535,-0.9007775020028355,-19.21170657304257
park_high,4536,-0.8483834967767341,-24.323279468121513
park_high,4537,-0.019973909691869185,-12.363480206440094
park_high,4538,-1.8622531995718083,-47.866249854101085
park_high,4539,-1.9726834332263192,-56.02199369513258
park_high,4540,-0.5155806338395531,142.1085906649845
park_high,4541,-0.9037342695242884,-28.140607801319785
park_high,4542,-1.408691622842758,-73.11254949492694
park_high,4543,-0.019973909691869185,-12.363480206440094
park_high,4544,-1.9726834332263192,-56.02199369513258
park_high,4545,-1.8622531995718083,-47.866249854101085
park_high,4546,0.17600315492980823,-0.8882028501007255
park_high,4547,-0.9037342695242884,-28.140607801319785
park_high,4548,-1.2161942915462667,-25.936565383038264
park_high,4549,0.6591999069903283,-24.48496319908088
park_high,4550,-1.408691622842758,-73.11254949492694
park_high,4551,-1.4034453187297427,-22.013914694867083
park_high,4552,0.17600315492980823,-0.8882028501007255
park_high,4553,-0.9037342695242884,-28.140607801319785
park_high,4554,0.0597714461825507,26.203020733675412
park_high,4555,0.7291757661069176,2.2372023607312848
park_high,4556,-3.0938892080527847,-20.471364507733686
park_high,4557,-1.8622531995718083,-47.866249854101085
park_high,4558,-1.0032735420994048,-50.79206855996421
park_high,4559,-1.4034453187297427,-22.013914694867083
park_high,4560,-1.4034453187297427,-22.013914694867083
park_high,4561,-0.5155806338395531,142.1085906649845
park_high,4562,-0.5155806338395531,142.1085906649845
park_high,4563,-3.0938892080527847,-20.471364507733686
park_high,4564,-1.8622531995718083,-47.866249854101085
park_high,4565,-0.019973909691869185,-12.363480206440094
park_high,4566,-1.9726834332263192,-56.02199369513258
park_high,4567,-0.8483834967767341,-24.323279468121513
park_high,4568,-1.408691622842758,-73.11254949492694
park_high,4569,0.6591999069903283,-24.48496319908088
park_high,4570,-0.019973909691869185,-12.363480206440094
park_high,4571,-0.9007775020028355,-19.21170657304257
park_high,4572,-1.408691622842758,-73.11254949492694
park_high,4573,0.6591999069903283,-24.48496319908088
park_high,4574,-1.2161942915462667,-25.936565383038264
park_high,4575,0.6591999069903283,-24.48496319908088
park_high,4576,0.7291757661069176,2.2372023607312848
park_high,4577,-1.9726834332263192,-56.02199369513258
park_high,4578,-0.8483834967767341,-24.323279468121513
park_high,4579,0.17600315492980823,-0.8882028501007255
park_high,4580,-1.0032735420994048,-50.79206855996421
park_high,4581,-1.8622531995718083,-47.866249854101085
park_high,4582,-0.019973909691869185,-12.363480206440094
park_high,4583,-2.0350149357843192,-13.000524010664083
park_high,4584,-1.4034453187297427,-22.013914694867083
park_high,4585,-0.3408608142201819,-17.095306498427785
park_high,4586,0.17600315492980823,-0.8882028501007255
park_high,4587,-1.2161942915462667,-25.936565383038264
park_high,4588,-1.8961423078758455,-36.83898329884153
park_high,4589,-1.4034453187297427,-22.013914694867083
park_high,4590,-2.0350149357843192,-13.000524010664083
park_high,4591,0.6591999069903283,-24.48496319908088
park_high,4592,-1.408691622842758,-73.11254949492694
park_high,4593,-0.5155806338395531,142.1085906649845
park_high,4594,-2.0350149357843192,-13.000524010664083
park_high,4595,-1.8622531995718083,-47.866249854101085
park_high,4596,0.6591999069903283,-24.48496319908088
park_high,4597,-1.8622531995718083,-47.866249854101085
park_high,4598,0.17600315492980823,-0.8882028501007255
park_high,4599,-0.3408608142201819,-17.095306498427785
park_high,4600,-3.0938892080527847,-20.471364507733686
park_high,4601,-0.8483834967767341,-24.323279468121513
park_high,4602,-1.0032735420994048,-50.79206855996421
park_high,4603,-0.5155806338395531,142.1085906649845
park_high,4604,-1.4034453187297427,-22.013914694867083
park_high,4605,-1.8622531995718083,-47.866249854101085
park_high,4606,-1.8961423078758455,-36.83898329884153
park_high,4607,-0.9037342695242884,-28.140607801319785
park_high,4608,0.0597714461825507,26.203020733675412
park_high,4609,0.6591999069903283,-24.48496319908088
park_high,4610,-0.8483834967767341,-24.323279468121513
park_high,4611,0.17600315492980823,-0.8882028501007255
park_high,4612,-0.9037342695242884,-28.140607801319785
park_high,4613,-0.019973909691869185,-12.363480206440094
park_high,4614,-1.2161942915462667,-25.936565383038264
park_high,4615,-1.4034453187297427,-22.013914694867083
park_high,4616,-1.0032735420994048,-50.79206855996421
park_high,4617,-3.0938892080527847,-20.471364507733686
park_high,4618,-1.4034453187297427,-22.013914694867083
park_high,4619,-3.0938892080527847,-20.471364507733686
park_high,4620,-1.8961423078758455,-36.83898329884153
park_high,4621,-0.9007775020028355,-19.21170657304257
park_high,4622,-0.5155806338395531,142.1085906649845
park_high,4623,0.6591999069903283,-24.48496319908088
park_high,4624,-3.0938892080527847,-20.471364507733686
park_high,4625,-1.0032735420994048,-50.79206855996421
park_high,4626,-0.8483834967767341,-24.323279468121513
park_high,4627,-1.0032735420994048,-50.79206855996421
park_high,4628,-1.8961423078758455,-36.83898329884153
park_high,4629,-0.019973909691869185,-12.363480206440094
park_high,4630,0.17600315492980823,-0.8882028501007255
park_high,4631,-0.9037342695242884,-28.140607801319785
park_high,4632,-0.019973909691869185,-12.363480206440094
park_high,4633,-1.408691622842758,-73.11254949492694
park_high,4634,-1.4034453187297427,-22.013914694867083
park_high,4635,-0.9007775020028355,-19.21170657304257
park_high,4636,0.7291757661069176,2.2372023607312848
park_high,4637,-0.9007775020028355,-19.21170657304257
park_high,4638,-1.408691622842758,-73.11254949492694
park_high,4639,0.17600315492980823,-0.8882028501007255
park_high,4640,-1.408691622842758,-73.11254949492694
park_high,4641,-1.8961423078758455,-36.83898329884153
park_high,4642,-1.408691622842758,-73.11254949492694
park_high,4643,-0.019973909691869185,-12.363480206440094
park_high,4644,-1.2161942915462667,-25.936565383038264
park_high,4645,-1.8961423078758455,-36.83898329884153
park_high,4646,-0.5155806338395531,142.1085906649845
park_high,4647,-1.9726834332263192,-56.02199369513258
park_high,4648,-1.9726834332263192,-56.02199369513258
park_high,4649,-0.019973909691869185,-12.363480206440094
park_high,4650,-1.4034453187297427,-22.013914694867083
park_high,4651,-1.0032735420994048,-50.79206855996421
park_high,4652,0.17600315492980823,-0.8882028501007255
park_high,4653,0.17600315492980823,-0.8882028501007255
park_high,4654,-0.5155806338395531,142.1085906649845
park_high,4655,-0.9037342695242884,-28.140607801319785
park_high,4656,0.7291757661069176,2.2372023607312848
park_high,4657,-1.2161942915462667,-25.936565383038264
park_high,4658,-0.019973909691869185,-12.363480206440094
park_high,4659,-1.8622531995718083,-47.866249854101085
park_high,4660,-0.5155806338395531,142.1085906649845
park_high,4661,-1.408691622842758,-73.11254949492694
park_high,4662,0.7291757661069176,2.2372023607312848
park_high,4663,-0.019973909691869185,-12.363480206440094
park_high,4664,-0.9037342695242884,-28.140607801319785
park_high,4665,-1.9726834332263192,-56.02199369513258
park_high,4666,0.6591999069903283,-24.48496319908088
park_high,4667,-0.8483834967767341,-24.323279468121513
park_high,4668,-0.9037342695242884,-28.140607801319785
park_high,4669,-1.408691622842758,-73.11254949492694
park_high,4670,-0.9007775020028355,-19.21170657304257
park_high,4671,-0.3408608142201819,-17.095306498427785
park_high,4672,0.6591999069903283,-24.48496319908088
park_high,4673,-2.0350149357843192,-13.000524010664083
park_high,4674,-1.4034453187297427,-22.013914694867083
park_high,4675,0.6591999069903283,-24.48496319908088
park_high,4676,-0.8483834967767341,-24.323279468121513
park_high,4677,-1.408691622842758,-73.11254949492694
park_high,4678,-0.9037342695242884,-28.140607801319785
park_high,4679,0.7291757661069176,2.2372023607312848
park_high,4680,-0.3408608142201819,-17.095306498427785
park_high,4681,-0.9007775020028355,-19.21170657304257
park_high,4682,-1.8622531995718083,-47.866249854101085
park_high,4683,0.17600315492980823,-0.8882028501007255
park_high,4684,0.6591999069903283,-24.48496319908088
park_high,4685,-0.019973909691869185,-12.363480206440094
park_high,4686,-0.019973909691869185,-12.363480206440094
park_high,4687,0.7291757661069176,2.2372023607312848
park_high,4688,-2.0350149357843192,-13.000524010664083
park_high,4689,-1.2161942915462667,-25.936565383038264
park_high,4690,-0.5155806338395531,142.1085906649845
park_high,4691,-2.0350149357843192,-13.000524010664083
park_high,4692,-0.019973909691869185,-12.363480206440094
park_high,4693,-0.019973909691869185,-12.363480206440094
park_high,4694,0.6591999069903283,-24.48496319908088
park_high,4695,-0.3408608142201819,-17.095306498427785
park_high,4696,-2.0350149357843192,-13.000524010664083
park_high,4697,-0.5155806338395531,142.1085906649845
park_high,4698,-1.9726834332263192,-56.02199369513258
park_high,4699,-1.4034453187297427,-22.013914694867083
park_high,4700,-0.5155806338395531,142.1085906649845
park_high,4701,-0.019973909691869185,-12.363480206440094
park_high,4702,-1.8961423078758455,-36.83898329884153
park_high,4703,-0.9007775020028355,-19.21170657304257
park_high,4704,-1.9726834332263192,-56.02199369513258
park_high,4705,-0.019973909691869185,-12.363480206440094
park_high,4706,-0.9007775020028355,-19.21170657304257
park_high,4707,-3.0938892080527847,-20.471364507733686
park_high,4708,-0.9007775020028355,-19.21170657304257
park_high,4709,0.6591999069903283,-24.48496319908088
park_high,4710,-0.5155806338395531,142.1085906649845
park_high,4711,-1.408691622842758,-73.11254949492694
park_high,4712,-0.9007775020028355,-19.21170657304257
park_high,4713,-0.9007775020028355,-19.21170657304257
park_high,4714,-0.3408608142201819,-17.095306498427785
park_high,4715,0.17600315492980823,-0.8882028501007255
park_high,4716,0.6591999069903283,-24.48496319908088
park_high,4717,-0.9007775020028355,-19.21170657304257
park_high,4718,0.0597714461825507,26.203020733675412
park_high,4719,-1.8961423078758455,-36.83898329884153
park_high,4720,-0.5155806338395531,142.1085906649845
park_high,4721,-0.9007775020028355,-19.21170657304257
park_high,4722,-0.8483834967767341,-24.323279468121513
park_high,4723,0.0597714461825507,26.203020733675412
park_high,4724,0.7291757661069176,2.2372023607312848
park_high,4725,-1.408691622842758,-73.11254949492694
park_high,4726,-1.8622531995718083,-47.866249854101085
park_high,4727,-1.4034453187297427,-22.013914694867083
park_high,4728,0.7291757661069176,2.2372023607312848
park_high,4729,-0.5155806338395531,142.1085906649845
park_high,4730,0.0597714461825507,26.203020733675412
park_high,4731,-1.2161942915462667,-25.936565383038264
park_high,4732,-0.5155806338395531,142.1085906649845
park_high,4733,-0.9007775020028355,-19.21170657304257
park_high,4734,-1.8622531995718083,-47.866249854101085
park_high,4735,-3.0938892080527847,-20.471364507733686
park_high,4736,-3.0938892080527847,-20.471364507733686
park_high,4737,-0.5155806338395531,142.1085906649845
park_high,4738,-3.0938892080527847,-20.471364507733686
park_high,4739,-1.4034453187297427,-22.013914694867083
park_high,4740,-1.8622531995718083,-47.866249854101085
park_high,4741,-1.8961423078758455,-36.83898329884153
park_high,4742,-0.8483834967767341,-24.323279468121513
park_high,4743,0.7291757661069176,2.2372023607312848
park_high,4744,-1.8622531995718083,-47.866249854101085
park_high,4745,-1.408691622842758,-73.11254949492694
park_high,4746,-1.8622531995718083,-47.866249854101085
park_high,4747,-0.019973909691869185,-12.363480206440094
park_high,4748,-1.0032735420994048,-50.79206855996421
park_high,4749,-1.9726834332263192,-56.02199369513258
park_high,4750,-1.2161942915462667,-25.936565383038264
park_high,4751,-1.0032735420994048,-50.79206855996421
park_high,4752,-1.2161942915462667,-25.936565383038264
park_high,4753,-1.8622531995718083,-47.866249854101085
park_high,4754,0.0597714461825507,26.203020733675412
park_high,4755,-3.0938892080527847,-20.471364507733686
park_high,4756,-0.5155806338395531,142.1085906649845
park_high,4757,-0.019973909691869185,-12.363480206440094
park_high,4758,-1.8622531995718083,-47.866249854101085
park_high,4759,-0.8483834967767341,-24.323279468121513
park_high,4760,-0.5155806338395531,142.1085906649845
park_high,4761,-0.3408608142201819,-17.095306498427785
park_high,4762,-0.9037342695242884,-28.140607801319785
park_high,4763,-1.0032735420994048,-50.79206855996421
park_high,4764,-0.8483834967767341,-24.323279468121513
park_high,4765,-3.0938892080527847,-20.471364507733686
park_high,4766,-1.4034453187297427,-22.013914694867083
park_high,4767,0.17600315492980823,-0.8882028501007255
park_high,4768,0.0597714461825507,26.203020733675412
park_high,4769,-1.8622531995718083,-47.866249854101085
park_high,4770,-0.019973909691869185,-12.363480206440094
park_high,4771,0.6591999069903283,-24.48496319908088
park_high,4772,-2.0350149357843192,-13.000524010664083
park_high,4773,-2.0350149357843192,-13.000524010664083
park_high,4774,-1.4034453187297427,-22.013914694867083
park_high,4775,0.17600315492980823,-0.8882028501007255
park_high,4776,-0.9007775020028355,-19.21170657304257
park_high,4777,-0.3408608142201819,-17.095306498427785
park_high,4778,0.7291757661069176,2.2372023607312848
park_high,4779,-0.8483834967767341,-24.323279468121513
park_high,4780,-0.019973909691869185,-12.363480206440094
park_high,4781,-1.408691622842758,-73.11254949492694
park_high,4782,-3.0938892080527847,-20.471364507733686
park_high,4783,-3.0938892080527847,-20.471364507733686
park_high,4784,-0.5155806338395531,142.1085906649845
park_high,4785,-1.8961423078758455,-36.83898329884153
park_high,4786,-1.9726834332263192,-56.02199369513258
park_high,4787,-1.2161942915462667,-25.936565383038264
park_high,4788,-0.5155806338395531,142.1085906649845
park_high,4789,-0.9037342695242884,-28.140607801319785
park_high,4790,-0.8483834967767341,-24.323279468121513
park_high,4791,-1.8622531995718083,-47.866249854101085
park_high,4792,-1.9726834332263192,-56.02199369513258
park_high,4793,-1.8961423078758455,-36.83898329884153
park_high,4794,-0.019973909691869185,-12.363480206440094
park_high,4795,-0.8483834967767341,-24.323279468121513
park_high,4796,-1.4034453187297427,-22.013914694867083
park_high,4797,-1.9726834332263192,-56.02199369513258
park_high,4798,-1.2161942915462667,-25.936565383038264
park_high,4799,-1.4034453187297427,-22.013914694867083
park_high,4800,-0.3408608142201819,-17.095306498427785
park_high,4801,-0.8483834967767341,-24.323279468121513
park_high,4802,-1.8622531995718083,-47.866249854101085
park_high,4803,-0.3408608142201819,-17.095306498427785
park_high,4804,0.7291757661069176,2.2372023607312848
park_high,4805,-0.9037342695242884,-28.140607801319785
park_high,4806,-0.5155806338395531,142.1085906649845
park_high,4807,-0.5155806338395531,142.1085906649845
park_high,4808,0.6591999069903283,-24.48496319908088
park_high,4809,0.0597714461825507,26.203020733675412
park_high,4810,-1.8961423078758455,-36.83898329884153
park_high,4811,-1.2161942915462667,-25.936565383038264
park_high,4812,-2.0350149357843192,-13.000524010664083
park_high,4813,0.0597714461825507,26.203020733675412
park_high,4814,-1.8961423078758455,-36.83898329884153
park_high,4815,-1.9726834332263192,-56.02199369513258
park_high,4816,-1.4034453187297427,-22.013914694867083
park_high,4817,-1.4034453187297427,-22.013914694867083
park_high,4818,-3.0938892080527847,-20.471364507733686
park_high,4819,-1.2161942915462667,-25.936565383038264
park_high,4820,0.7291757661069176,2.2372023607312848
park_high,4821,-3.0938892080527847,-20.471364507733686
park_high,4822,-1.8622531995718083,-47.866249854101085
park_high,4823,-3.0938892080527847,-20.471364507733686
park_high,4824,-1.8622531995718083,-47.866249854101085
park_high,4825,0.17600315492980823,-0.8882028501007255
park_high,4826,-1.2161942915462667,-25.936565383038264
park_high,4827,-0.9007775020028355,-19.21170657304257
park_high,4828,-2.0350149357843192,-13.000524010664083
park_high,4829,-1.2161942915462667,-25.936565383038264
park_high,4830,-2.0350149357843192,-13.000524010664083
park_high,4831,-0.9037342695242884,-28.140607801319785
park_high,4832,0.17600315492980823,-0.8882028501007255
park_high,4833,-0.5155806338395531,142.1085906649845
park_high,4834,-3.0938892080527847,-20.471364507733686
park_high,4835,-0.5155806338395531,142.1085906649845
park_high,4836,0.0597714461825507,26.203020733675412
park_high,4837,-1.8622531995718083,-47.866249854101085
park_high,4838,-1.4034453187297427,-22.013914694867083
park_high,4839,0.0597714461825507,26.203020733675412
park_high,4840,-0.8483834967767341,-24.323279468121513
park_high,4841,-1.4034453187297427,-22.013914694867083
park_high,4842,-0.3408608142201819,-17.095306498427785
park_high,4843,0.7291757661069176,2.2372023607312848
park_high,4844,-3.0938892080527847,-20.471364507733686
park_high,4845,-0.5155806338395531,142.1085906649845
park_high,4846,-3.0938892080527847,-20.471364507733686
park_high,4847,0.6591999069903283,-24.48496319908088
park_high,4848,-0.9007775020028355,-19.21170657304257
park_high,4849,0.6591999069903283,-24.48496319908088
park_high,4850,-1.4034453187297427,-22.013914694867083
park_high,4851,-0.5155806338395531,142.1085906649845
park_high,4852,-1.0032735420994048,-50.79206855996421
park_high,4853,-0.019973909691869185,-12.363480206440094
park_high,4854,-0.5155806338395531,142.1085906649845
park_high,4855,-3.0938892080527847,-20.471364507733686
park_high,4856,-0.9037342695242884,-28.140607801319785
park_high,4857,-1.2161942915462667,-25.936565383038264
park_high,4858,0.6591999069903283,-24.48496319908088
park_high,4859,0.7291757661069176,2.2372023607312848
park_high,4860,0.6591999069903283,-24.48496319908088
park_high,4861,-1.9726834332263192,-56.02199369513258
park_high,4862,-1.9726834332263192,-56.02199369513258
park_high,4863,0.6591999069903283,-24.48496319908088
park_high,4864,-2.0350149357843192,-13.000524010664083
park_high,4865,-2.0350149357843192,-13.000524010664083
park_high,4866,-1.408691622842758,-73.11254949492694
park_high,4867,-3.0938892080527847,-20.471364507733686
park_high,4868,-1.4034453187297427,-22.013914694867083
park_high,4869,-0.019973909691869185,-12.363480206440094
park_high,4870,-1.8622531995718083,-47.866249854101085
park_high,4871,-0.3408608142201819,-17.095306498427785
park_high,4872,-0.8483834967767341,-24.323279468121513
park_high,4873,-0.9037342695242884,-28.140607801319785
park_high,4874,-0.9007775020028355,-19.21170657304257
park_high,4875,-1.9726834332263192,-56.02199369513258
park_high,4876,0.7291757661069176,2.2372023607312848
park_high,4877,-0.9007775020028355,-19.21170657304257
park_high,4878,-0.9007775020028355,-19.21170657304257
park_high,4879,0.17600315492980823,-0.8882028501007255
park_high,4880,-3.0938892080527847,-20.471364507733686
park_high,4881,-1.9726834332263192,-56.02199369513258
park_high,4882,-0.019973909691869185,-12.363480206440094
park_high,4883,-1.8622531995718083,-47.866249854101085
park_high,4884,-2.0350149357843192,-13.000524010664083
park_high,4885,0.17600315492980823,-0.8882028501007255
park_high,4886,-0.5155806338395531,142.1085906649845
park_high,4887,-3.0938892080527847,-20.471364507733686
park_high,4888,-0.8483834967767341,-24.323279468121513
park_high,4889,-1.8961423078758455,-36.83898329884153
park_high,4890,-0.3408608142201819,-17.095306498427785
park_high,4891,0.6591999069903283,-24.48496319908088
park_high,4892,-1.4034453187297427,-22.013914694867083
park_high,4893,-1.8961423078758455,-36.83898329884153
park_high,4894,-1.2161942915462667,-25.936565383038264
park_high,4895,-0.9007775020028355,-19.21170657304257
park_high,4896,0.6591999069903283,-24.48496319908088
park_high,4897,-1.2161942915462667,-25.936565383038264
park_high,4898,-0.3408608142201819,-17.095306498427785
park_high,4899,-3.0938892080527847,-20.471364507733686
park_high,4900,0.17600315492980823,-0.8882028501007255
park_high,4901,-1.4034453187297427,-22.013914694867083
park_high,4902,-0.019973909691869185,-12.363480206440094
park_high,4903,-0.019973909691869185,-12.363480206440094
park_high,4904,-0.5155806338395531,142.1085906649845
park_high,4905,-1.0032735420994048,-50.79206855996421
park_high,4906,0.7291757661069176,2.2372023607312848
park_high,4907,-0.9037342695242884,-28.140607801319785
park_high,4908,-1.408691622842758,-73.11254949492694
park_high,4909,-1.2161942915462667,-25.936565383038264
park_high,4910,-1.4034453187297427,-22.013914694867083
park_high,4911,-1.0032735420994048,-50.79206855996421
park_high,4912,-0.3408608142201819,-17.095306498427785
park_high,4913,-1.8961423078758455,-36.83898329884153
park_high,4914,0.17600315492980823,-0.8882028501007255
park_high,4915,-1.2161942915462667,-25.936565383038264
park_high,4916,-0.9007775020028355,-19.21170657304257
park_high,4917,-0.3408608142201819,-17.095306498427785
park_high,4918,-0.9037342695242884,-28.140607801319785
park_high,4919,-2.0350149357843192,-13.000524010664083
park_high,4920,0.0597714461825507,26.203020733675412
park_high,4921,-0.9007775020028355,-19.21170657304257
park_high,4922,-1.4034453187297427,-22.013914694867083
park_high,4923,-1.8961423078758455,-36.83898329884153
park_high,4924,-0.9037342695242884,-28.140607801319785
park_high,4925,-0.019973909691869185,-12.363480206440094
park_high,4926,-0.3408608142201819,-17.095306498427785
park_high,4927,-0.8483834967767341,-24.323279468121513
park_high,4928,-1.9726834332263192,-56.02199369513258
park_high,4929,-0.9037342695242884,-28.140607801319785
park_high,4930,0.7291757661069176,2.2372023607312848
park_high,4931,-1.9726834332263192,-56.02199369513258
park_high,4932,-0.5155806338395531,142.1085906649845
park_high,4933,0.6591999069903283,-24.48496319908088
park_high,4934,-1.9726834332263192,-56.02199369513258
park_high,4935,-0.5155806338395531,142.1085906649845
park_high,4936,0.6591999069903283,-24.48496319908088
park_high,4937,-0.9007775020028355,-19.21170657304257
park_high,4938,-1.408691622842758,-73.11254949492694
park_high,4939,-2.0350149357843192,-13.000524010664083
park_high,4940,-1.408691622842758,-73.11254949492694
park_high,4941,-0.8483834967767341,-24.323279468121513
park_high,4942,-1.4034453187297427,-22.013914694867083
park_high,4943,0.0597714461825507,26.203020733675412
park_high,4944,-3.0938892080527847,-20.471364507733686
park_high,4945,0.6591999069903283,-24.48496319908088
park_high,4946,0.17600315492980823,-0.8882028501007255
park_high,4947,-1.4034453187297427,-22.013914694867083
park_high,4948,0.7291757661069176,2.2372023607312848
park_high,4949,-1.9726834332263192,-56.02199369513258
park_high,4950,-0.8483834967767341,-24.323279468121513
park_high,4951,-1.8622531995718083,-47.866249854101085
park_high,4952,-1.8622531995718083,-47.866249854101085
park_high,4953,-1.0032735420994048,-50.79206855996421
park_high,4954,0.17600315492980823,-0.8882028501007255
park_high,4955,-1.408691622842758,-73.11254949492694
park_high,4956,-2.0350149357843192,-13.000524010664083
park_high,4957,-0.5155806338395531,142.1085906649845
park_high,4958,-0.3408608142201819,-17.095306498427785
park_high,4959,-1.408691622842758,-73.11254949492694
park_high,4960,-0.5155806338395531,142.1085906649845
park_high,4961,-1.9726834332263192,-56.02199369513258
park_high,4962,-1.0032735420994048,-50.79206855996421
park_high,4963,-0.019973909691869185,-12.363480206440094
park_high,4964,-0.5155806338395531,142.1085906649845
park_high,4965,-0.9037342695242884,-28.140607801319785
park_high,4966,-0.3408608142201819,-17.095306498427785
park_high,4967,-1.8961423078758455,-36.83898329884153
park_high,4968,-1.8961423078758455,-36.83898329884153
park_high,4969,-0.3408608142201819,-17.095306498427785
park_high,4970,-1.8961423078758455,-36.83898329884153
park_high,4971,-0.8483834967767341,-24.323279468121513
park_high,4972,-0.019973909691869185,-12.363480206440094
park_high,4973,-0.8483834967767341,-24.323279468121513
park_high,4974,0.17600315492980823,-0.8882028501007255
park_high,4975,-1.408691622842758,-73.11254949492694
park_high,4976,0.17600315492980823,-0.8882028501007255
park_high,4977,-1.4034453187297427,-22.013914694867083
park_high,4978,0.6591999069903283,-24.48496319908088
park_high,4979,-2.0350149357843192,-13.000524010664083
park_high,4980,0.6591999069903283,-24.48496319908088
park_high,4981,-0.9037342695242884,-28.140607801319785
park_high,4982,0.7291757661069176,2.2372023607312848
park_high,4983,0.17600315492980823,-0.8882028501007255
park_high,4984,-1.8961423078758455,-36.83898329884153
park_high,4985,-1.9726834332263192,-56.02199369513258
park_high,4986,-1.8961423078758455,-36.83898329884153
park_high,4987,-1.2161942915462667,-25.936565383038264
park_high,4988,-0.8483834967767341,-24.323279468121513
park_high,4989,-0.9007775020028355,-19.21170657304257
park_high,4990,-0.8483834967767341,-24.323279468121513
park_high,4991,0.0597714461825507,26.203020733675412
park_high,4992,-2.0350149357843192,-13.000524010664083
park_high,4993,0.7291757661069176,2.2372023607312848
park_high,4994,-1.2161942915462667,-25.936565383038264
park_high,4995,-1.2161942915462667,-25.936565383038264
park_high,4996,0.7291757661069176,2.2372023607312848
park_high,4997,0.0597714461825507,26.203020733675412
park_high,4998,-1.8622531995718083,-47.866249854101085
park_high,4999,-1.2161942915462667,-25.936565383038264
park_low,0,-1.8417110134599408,-54.51852415817845
park_low,1,-0.8723011223330264,-49.28859902301008
park_low,2,-0.20988839445380336,-15.591836961473657
park_low,3,-1.73128077980543,-46.36278031714696
park_low,4,-1.73128077980543,-46.36278031714696
park_low,5,0.19074386594892923,27.70649027062954
park_low,6,-0.7727618497579098,-26.637138264365657
park_low,7,-1.9040425160179406,-11.497054473709955
park_low,8,-0.7727618497579098,-26.637138264365657
park_low,9,0.8601481858732961,3.740671897685413
park_low,10,0.19074386594892923,27.70649027062954
park_low,11,-1.8417110134599408,-54.51852415817845
park_low,12,-1.8417110134599408,-54.51852415817845
park_low,13,0.8601481858732961,3.740671897685413
park_low,14,-1.765169888109467,-35.3355137618874
park_low,15,-0.20988839445380336,-15.591836961473657
park_low,16,-0.7727618497579098,-26.637138264365657
park_low,17,0.7901723267567068,-22.981493662126752
park_low,18,-2.9629167882864063,-18.967894970779557
park_low,19,0.8601481858732961,3.740671897685413
park_low,20,-0.8723011223330264,-49.28859902301008
park_low,21,0.11099851007450934,-10.860010669485966
park_low,22,-1.8417110134599408,-54.51852415817845
park_low,23,0.30697557469618675,0.6152666868534027
park_low,24,0.19074386594892923,27.70649027062954
park_low,25,0.7901723267567068,-22.981493662126752
park_low,26,0.19074386594892923,27.70649027062954
park_low,27,-0.7174110770103554,-22.819809931167384
park_low,28,-1.765169888109467,-35.3355137618874
park_low,29,0.11099851007450934,-10.860010669485966
park_low,30,-0.7727618497579098,-26.637138264365657
park_low,31,-1.765169888109467,-35.3355137618874
park_low,32,-0.769805082236457,-17.70823703608844
park_low,33,0.19074386594892923,27.70649027062954
park_low,34,0.11099851007450934,-10.860010669485966
park_low,35,0.8601481858732961,3.740671897685413
park_low,36,-1.2724728989633642,-20.510445157912955
park_low,37,0.19074386594892923,27.70649027062954
park_low,38,-0.8723011223330264,-49.28859902301008
park_low,39,0.30697557469618675,0.6152666868534027
park_low,40,-0.20988839445380336,-15.591836961473657
park_low,41,-2.9629167882864063,-18.967894970779557
park_low,42,-0.7174110770103554,-22.819809931167384
park_low,43,-0.769805082236457,-17.70823703608844
park_low,44,0.8601481858732961,3.740671897685413
park_low,45,-0.8723011223330264,-49.28859902301008
park_low,46,-1.8417110134599408,-54.51852415817845
park_low,47,-0.7174110770103554,-22.819809931167384
park_low,48,-1.9040425160179406,-11.497054473709955
park_low,49,-1.765169888109467,-35.3355137618874
park_low,50,-1.8417110134599408,-54.51852415817845
park_low,51,0.11099851007450934,-10.860010669485966
park_low,52,0.11099851007450934,-10.860010669485966
park_low,53,-1.2777192030763795,-71.60907995797281
park_low,54,-2.9629167882864063,-18.967894970779557
park_low,55,0.30697557469618675,0.6152666868534027
park_low,56,-0.3846082140731746,143.61206020193862
park_low,57,-2.9629167882864063,-18.967894970779557
park_low,58,0.7901723267567068,-22.981493662126752
park_low,59,-0.8723011223330264,-49.28859902301008
park_low,60,-0.7174110770103554,-22.819809931167384
park_low,61,-0.20988839445380336,-15.591836961473657
park_low,62,0.11099851007450934,-10.860010669485966
park_low,63,-0.7174110770103554,-22.819809931167384
park_low,64,-1.2724728989633642,-20.510445157912955
park_low,65,-0.8723011223330264,-49.28859902301008
park_low,66,-0.8723011223330264,-49.28859902301008
park_low,67,-0.20988839445380336,-15.591836961473657
park_low,68,-1.085221871779888,-24.433095846084136
park_low,69,-1.765169888109467,-35.3355137618874
park_low,70,-1.9040425160179406,-11.497054473709955
park_low,71,-1.9040425160179406,-11.497054473709955
park_low,72,0.30697557469618675,0.6152666868534027
park_low,73,-1.73128077980543,-46.36278031714696
park_low,74,-0.7174110770103554,-22.819809931167384
park_low,75,-1.765169888109467,-35.3355137618874
park_low,76,-0.769805082236457,-17.70823703608844
park_low,77,-2.9629167882864063,-18.967894970779557
park_low,78,-2.9629167882864063,-18.967894970779557
park_low,79,-0.3846082140731746,143.61206020193862
park_low,80,-1.73128077980543,-46.36278031714696
park_low,81,-0.769805082236457,-17.70823703608844
park_low,82,-1.2724728989633642,-20.510445157912955
park_low,83,-1.2777192030763795,-71.60907995797281
park_low,84,0.11099851007450934,-10.860010669485966
park_low,85,-2.9629167882864063,-18.967894970779557
park_low,86,-0.7727618497579098,-26.637138264365657
park_low,87,0.30697557469618675,0.6152666868534027
park_low,88,-1.9040425160179406,-11.497054473709955
park_low,89,-1.765169888109467,-35.3355137618874
park_low,90,-1.2777192030763795,-71.60907995797281
park_low,91,-0.3846082140731746,143.61206020193862
park_low,92,0.7901723267567068,-22.981493662126752
park_low,93,0.19074386594892923,27.70649027062954
park_low,94,-1.9040425160179406,-11.497054473709955
park_low,95,0.19074386594892923,27.70649027062954
park_low,96,-0.7727618497579098,-26.637138264365657
park_low,97,-1.8417110134599408,-54.51852415817845
park_low,98,-1.73128077980543,-46.36278031714696
park_low,99,-1.2724728989633642,-20.510445157912955
park_low,100,-1.2724728989633642,-20.510445157912955
park_low,101,0.11099851007450934,-10.860010669485966
park_low,102,-0.20988839445380336,-15.591836961473657
park_low,103,-1.2777192030763795,-71.60907995797281
park_low,104,-2.9629167882864063,-18.967894970779557
park_low,105,-0.7727618497579098,-26.637138264365657
park_low,106,-0.7727618497579098,-26.637138264365657
park_low,107,-0.20988839445380336,-15.591836961473657
park_low,108,-1.765169888109467,-35.3355137618874
park_low,109,-0.3846082140731746,143.61206020193862
park_low,110,-0.20988839445380336,-15.591836961473657
park_low,111,-1.2777192030763795,-71.60907995797281
park_low,112,-1.085221871779888,-24.433095846084136
park_low,113,-1.085221871779888,-24.433095846084136
park_low,114,-0.8723011223330264,-49.28859902301008
park_low,115,-1.2777192030763795,-71.60907995797281
park_low,116,-0.20988839445380336,-15.591836961473657
park_low,117,-1.2777192030763795,-71.60907995797281
park_low,118,-1.085221871779888,-24.433095846084136
park_low,119,-1.73128077980543,-46.36278031714696
park_low,120,-0.8723011223330264,-49.28859902301008
park_low,121,0.8601481858732961,3.740671897685413
park_low,122,0.7901723267567068,-22.981493662126752
park_low,123,-0.7727618497579098,-26.637138264365657
park_low,124,-1.085221871779888,-24.433095846084136
park_low,125,-1.2724728989633642,-20.510445157912955
park_low,126,0.30697557469618675,0.6152666868534027
park_low,127,-0.7727618497579098,-26.637138264365657
park_low,128,-1.085221871779888,-24.433095846084136
park_low,129,-2.9629167882864063,-18.967894970779557
park_low,130,-0.7174110770103554,-22.819809931167384
park_low,131,-1.765169888109467,-35.3355137618874
park_low,132,0.19074386594892923,27.70649027062954
park_low,133,-1.9040425160179406,-11.497054473709955
park_low,134,-1.9040425160179406,-11.497054473709955
park_low,135,-1.73128077980543,-46.36278031714696
park_low,136,-0.7727618497579098,-26.637138264365657
park_low,137,-1.2724728989633642,-20.510445157912955
park_low,138,-0.3846082140731746,143.61206020193862
park_low,139,-1.085221871779888,-24.433095846084136
park_low,140,-0.7174110770103554,-22.819809931167384
park_low,141,-0.769805082236457,-17.70823703608844
park_low,142,-0.20988839445380336,-15.591836961473657
park_low,143,-1.085221871779888,-24.433095846084136
park_low,144,-1.765169888109467,-35.3355137618874
park_low,145,0.30697557469618675,0.6152666868534027
park_low,146,-1.9040425160179406,-11.497054473709955
park_low,147,-0.8723011223330264,-49.28859902301008
park_low,148,0.30697557469618675,0.6152666868534027
park_low,149,-1.085221871779888,-24.433095846084136
park_low,150,0.19074386594892923,27.70649027062954
park_low,151,-1.085221871779888,-24.433095846084136
park_low,152,-0.3846082140731746,143.61206020193862
park_low,153,0.11099851007450934,-10.860010669485966
park_low,154,-0.3846082140731746,143.61206020193862
park_low,155,-1.2724728989633642,-20.510445157912955
park_low,156,-0.20988839445380336,-15.591836961473657
park_low,157,-0.769805082236457,-17.70823703608844
park_low,158,-0.769805082236457,-17.70823703608844
park_low,159,-0.7727618497579098,-26.637138264365657
park_low,160,-0.3846082140731746,143.61206020193862
park_low,161,-1.8417110134599408,-54.51852415817845
park_low,162,0.11099851007450934,-10.860010669485966
park_low,163,-1.2724728989633642,-20.510445157912955
park_low,164,-1.73128077980543,-46.36278031714696
park_low,165,-1.765169888109467,-35.3355137618874
park_low,166,-1.765169888109467,-35.3355137618874
park_low,167,0.7901723267567068,-22.981493662126752
park_low,168,-1.765169888109467,-35.3355137618874
park_low,169,-0.3846082140731746,143.61206020193862
park_low,170,-1.9040425160179406,-11.497054473709955
park_low,171,0.7901723267567068,-22.981493662126752
park_low,172,-1.085221871779888,-24.433095846084136
park_low,173,-0.7174110770103554,-22.819809931167384
park_low,174,0.8601481858732961,3.740671897685413
park_low,175,-1.2724728989633642,-20.510445157912955
park_low,176,-1.9040425160179406,-11.497054473709955
park_low,177,0.19074386594892923,27.70649027062954
park_low,178,-0.769805082236457,-17.70823703608844
park_low,179,-1.9040425160179406,-11.497054473709955
park_low,180,-0.769805082236457,-17.70823703608844
park_low,181,0.7901723267567068,-22.981493662126752
park_low,182,-1.085221871779888,-24.433095846084136
park_low,183,-0.769805082236457,-17.70823703608844
park_low,184,-0.8723011223330264,-49.28859902301008
park_low,185,0.30697557469618675,0.6152666868534027
park_low,186,-0.20988839445380336,-15.591836961473657
park_low,187,-0.8723011223330264,-49.28859902301008
park_low,188,0.19074386594892923,27.70649027062954
park_low,189,-2.9629167882864063,-18.967894970779557
park_low,190,-0.8723011223330264,-49.28859902301008
park_low,191,-1.2777192030763795,-71.60907995797281
park_low,192,-1.73128077980543,-46.36278031714696
park_low,193,0.19074386594892923,27.70649027062954
park_low,194,-0.8723011223330264,-49.28859902301008
park_low,195,-2.9629167882864063,-18.967894970779557
park_low,196,0.19074386594892923,27.70649027062954
park_low,197,-1.8417110134599408,-54.51852415817845
park_low,198,-1.2777192030763795,-71.60907995797281
park_low,199,-2.9629167882864063,-18.967894970779557
park_low,200,0.30697557469618675,0.6152666868534027
park_low,201,0.30697557469618675,0.6152666868534027
park_low,202,0.11099851007450934,-10.860010669485966
park_low,203,-1.73128077980543,-46.36278031714696
park_low,204,-0.7174110770103554,-22.819809931167384
park_low,205,-2.9629167882864063,-18.967894970779557
park_low,206,-1.2724728989633642,-20.510445157912955
park_low,207,-0.769805082236457,-17.70823703608844
park_low,208,-1.73128077980543,-46.36278031714696
park_low,209,-0.8723011223330264,-49.28859902301008
park_low,210,0.19074386594892923,27.70649027062954
park_low,211,-1.765169888109467,-35.3355137618874
park_low,212,-1.085221871779888,-24.433095846084136
park_low,213,-1.9040425160179406,-11.497054473709955
park_low,214,0.19074386594892923,27.70649027062954
park_low,215,0.8601481858732961,3.740671897685413
park_low,216,-0.7174110770103554,-22.819809931167384
park_low,217,-0.3846082140731746,143.61206020193862
park_low,218,-1.9040425160179406,-11.497054473709955
park_low,219,-0.8723011223330264,-49.28859902301008
park_low,220,-0.7174110770103554,-22.819809931167384
park_low,221,-1.2777192030763795,-71.60907995797281
park_low,222,-0.769805082236457,-17.70823703608844
park_low,223,-1.2777192030763795,-71.60907995797281
park_low,224,-1.765169888109467,-35.3355137618874
park_low,225,-1.765169888109467,-35.3355137618874
park_low,226,-0.3846082140731746,143.61206020193862
park_low,227,0.11099851007450934,-10.860010669485966
park_low,228,-2.9629167882864063,-18.967894970779557
park_low,229,-2.9629167882864063,-18.967894970779557
park_low,230,-1.085221871779888,-24.433095846084136
park_low,231,-0.7174110770103554,-22.819809931167384
park_low,232,-0.7174110770103554,-22.819809931167384
park_low,233,-1.8417110134599408,-54.51852415817845
park_low,234,-1.8417110134599408,-54.51852415817845
park_low,235,0.30697557469618675,0.6152666868534027
park_low,236,-0.7174110770103554,-22.819809931167384
park_low,237,0.7901723267567068,-22.981493662126752
park_low,238,-1.73128077980543,-46.36278031714696
park_low,239,-1.2724728989633642,-20.510445157912955
park_low,240,0.7901723267567068,-22.981493662126752
park_low,241,-1.73128077980543,-46.36278031714696
park_low,242,-1.8417110134599408,-54.51852415817845
park_low,243,-0.7727618497579098,-26.637138264365657
park_low,244,-1.085221871779888,-24.433095846084136
park_low,245,-1.2777192030763795,-71.60907995797281
park_low,246,-0.7727618497579098,-26.637138264365657
park_low,247,-0.8723011223330264,-49.28859902301008
park_low,248,-1.765169888109467,-35.3355137618874
park_low,249,0.19074386594892923,27.70649027062954
park_low,250,0.11099851007450934,-10.860010669485966
park_low,251,-1.085221871779888,-24.433095846084136
park_low,252,-0.8723011223330264,-49.28859902301008
park_low,253,-1.2724728989633642,-20.510445157912955
park_low,254,-0.769805082236457,-17.70823703608844
park_low,255,-1.9040425160179406,-11.497054473709955
park_low,256,0.11099851007450934,-10.860010669485966
park_low,257,-1.73128077980543,-46.36278031714696
park_low,258,0.19074386594892923,27.70649027062954
park_low,259,-1.2777192030763795,-71.60907995797281
park_low,260,-1.8417110134599408,-54.51852415817845
park_low,261,-1.2777192030763795,-71.60907995797281
park_low,262,-1.085221871779888,-24.433095846084136
park_low,263,-1.2724728989633642,-20.510445157912955
park_low,264,0.11099851007450934,-10.860010669485966
park_low,265,-1.085221871779888,-24.433095846084136
park_low,266,0.19074386594892923,27.70649027062954
park_low,267,-1.2777192030763795,-71.60907995797281
park_low,268,-1.8417110134599408,-54.51852415817845
park_low,269,-0.7174110770103554,-22.819809931167384
park_low,270,0.7901723267567068,-22.981493662126752
park_low,271,-1.2777192030763795,-71.60907995797281
park_low,272,0.11099851007450934,-10.860010669485966
park_low,273,-1.765169888109467,-35.3355137618874
park_low,274,-0.3846082140731746,143.61206020193862
park_low,275,0.19074386594892923,27.70649027062954
park_low,276,-0.7174110770103554,-22.819809931167384
park_low,277,0.11099851007450934,-10.860010669485966
park_low,278,-0.20988839445380336,-15.591836961473657
park_low,279,0.8601481858732961,3.740671897685413
park_low,280,-1.765169888109467,-35.3355137618874
park_low,281,0.30697557469618675,0.6152666868534027
park_low,282,-0.20988839445380336,-15.591836961473657
park_low,283,-1.73128077980543,-46.36278031714696
park_low,284,-1.8417110134599408,-54.51852415817845
park_low,285,-1.2777192030763795,-71.60907995797281
park_low,286,-0.769805082236457,-17.70823703608844
park_low,287,-0.7174110770103554,-22.819809931167384
park_low,288,-1.9040425160179406,-11.497054473709955
park_low,289,-0.20988839445380336,-15.591836961473657
park_low,290,-1.2724728989633642,-20.510445157912955
park_low,291,-0.7727618497579098,-26.637138264365657
park_low,292,0.8601481858732961,3.740671897685413
park_low,293,0.19074386594892923,27.70649027062954
park_low,294,-1.8417110134599408,-54.51852415817845
park_low,295,0.19074386594892923,27.70649027062954
park_low,296,-1.085221871779888,-24.433095846084136
park_low,297,-1.9040425160179406,-11.497054473709955
park_low,298,-0.3846082140731746,143.61206020193862
park_low,299,0.19074386594892923,27.70649027062954
park_low,300,-0.3846082140731746,143.61206020193862
park_low,301,-0.20988839445380336,-15.591836961473657
park_low,302,-1.8417110134599408,-54.51852415817845
park_low,303,0.11099851007450934,-10.860010669485966
park_low,304,-0.7174110770103554,-22.819809931167384
park_low,305,-1.2777192030763795,-71.60907995797281
park_low,306,-0.20988839445380336,-15.591836961473657
park_low,307,0.30697557469618675,0.6152666868534027
park_low,308,0.7901723267567068,-22.981493662126752
park_low,309,-0.20988839445380336,-15.591836961473657
park_low,310,-1.8417110134599408,-54.51852415817845
park_low,311,-1.2724728989633642,-20.510445157912955
park_low,312,-0.8723011223330264,-49.28859902301008
park_low,313,-1.2724728989633642,-20.510445157912955
park_low,314,0.30697557469618675,0.6152666868534027
park_low,315,-1.8417110134599408,-54.51852415817845
park_low,316,-0.7727618497579098,-26.637138264365657
park_low,317,-2.9629167882864063,-18.967894970779557
park_low,318,-0.20988839445380336,-15.591836961473657
park_low,319,-1.73128077980543,-46.36278031714696
park_low,320,-0.8723011223330264,-49.28859902301008
park_low,321,0.7901723267567068,-22.981493662126752
park_low,322,-0.8723011223330264,-49.28859902301008
park_low,323,-1.085221871779888,-24.433095846084136
park_low,324,-1.8417110134599408,-54.51852415817845
park_low,325,0.8601481858732961,3.740671897685413
park_low,326,-0.7727618497579098,-26.637138264365657
park_low,327,-1.9040425160179406,-11.497054473709955
park_low,328,0.7901723267567068,-22.981493662126752
park_low,329,0.7901723267567068,-22.981493662126752
park_low,330,-1.085221871779888,-24.433095846084136
park_low,331,0.7901723267567068,-22.981493662126752
park_low,332,-1.9040425160179406,-11.497054473709955
park_low,333,-0.20988839445380336,-15.591836961473657
park_low,334,-1.73128077980543,-46.36278031714696
park_low,335,-0.769805082236457,-17.70823703608844
park_low,336,-0.3846082140731746,143.61206020193862
park_low,337,-1.9040425160179406,-11.497054473709955
park_low,338,-1.9040425160179406,-11.497054473709955
park_low,339,-1.73128077980543,-46.36278031714696
park_low,340,-0.3846082140731746,143.61206020193862
park_low,341,-0.3846082140731746,143.61206020193862
park_low,342,-1.765169888109467,-35.3355137618874
park_low,343,0.8601481858732961,3.740671897685413
park_low,344,-1.9040425160179406,-11.497054473709955
park_low,345,-1.085221871779888,-24.433095846084136
park_low,346,-0.3846082140731746,143.61206020193862
park_low,347,0.19074386594892923,27.70649027062954
park_low,348,-1.2724728989633642,-20.510445157912955
park_low,349,-1.8417110134599408,-54.51852415817845
park_low,350,-1.9040425160179406,-11.497054473709955
park_low,351,-1.2777192030763795,-71.60907995797281
park_low,352,0.11099851007450934,-10.860010669485966
park_low,353,-0.20988839445380336,-15.591836961473657
park_low,354,-1.8417110134599408,-54.51852415817845
park_low,355,-1.73128077980543,-46.36278031714696
park_low,356,-1.2724728989633642,-20.510445157912955
park_low,357,-1.085221871779888,-24.433095846084136
park_low,358,0.8601481858732961,3.740671897685413
park_low,359,0.19074386594892923,27.70649027062954
park_low,360,0.30697557469618675,0.6152666868534027
park_low,361,0.11099851007450934,-10.860010669485966
park_low,362,-1.9040425160179406,-11.497054473709955
park_low,363,0.7901723267567068,-22.981493662126752
park_low,364,-0.7727618497579098,-26.637138264365657
park_low,365,-1.8417110134599408,-54.51852415817845
park_low,366,-1.73128077980543,-46.36278031714696
park_low,367,0.11099851007450934,-10.860010669485966
park_low,368,-2.9629167882864063,-18.967894970779557
park_low,369,-0.7727618497579098,-26.637138264365657
park_low,370,-1.2777192030763795,-71.60907995797281
park_low,371,-0.3846082140731746,143.61206020193862
park_low,372,0.11099851007450934,-10.860010669485966
park_low,373,0.30697557469618675,0.6152666868534027
park_low,374,-0.20988839445380336,-15.591836961473657
park_low,375,-1.2777192030763795,-71.60907995797281
park_low,376,-1.085221871779888,-24.433095846084136
park_low,377,-0.3846082140731746,143.61206020193862
park_low,378,-1.085221871779888,-24.433095846084136
park_low,379,0.19074386594892923,27.70649027062954
park_low,380,-0.769805082236457,-17.70823703608844
park_low,381,-0.7727618497579098,-26.637138264365657
park_low,382,-1.8417110134599408,-54.51852415817845
park_low,383,-0.20988839445380336,-15.591836961473657
park_low,384,-0.8723011223330264,-49.28859902301008
park_low,385,0.19074386594892923,27.70649027062954
park_low,386,-1.9040425160179406,-11.497054473709955
park_low,387,-1.2777192030763795,-71.60907995797281
park_low,388,-0.20988839445380336,-15.591836961473657
park_low,389,-1.9040425160179406,-11.497054473709955
park_low,390,0.19074386594892923,27.70649027062954
park_low,391,0.19074386594892923,27.70649027062954
park_low,392,-0.3846082140731746,143.61206020193862
park_low,393,-1.8417110134599408,-54.51852415817845
park_low,394,-1.9040425160179406,-11.497054473709955
park_low,395,-0.7727618497579098,-26.637138264365657
park_low,396,-0.769805082236457,-17.70823703608844
park_low,397,-0.769805082236457,-17.70823703608844
park_low,398,-1.085221871779888,-24.433095846084136
park_low,399,0.7901723267567068,-22.981493662126752
park_low,400,-1.9040425160179406,-11.497054473709955
park_low,401,-0.20988839445380336,-15.591836961473657
park_low,402,-0.20988839445380336,-15.591836961473657
park_low,403,-1.73128077980543,-46.36278031714696
park_low,404,-0.8723011223330264,-49.28859902301008
park_low,405,0.7901723267567068,-22.981493662126752
park_low,406,-2.9629167882864063,-18.967894970779557
park_low,407,-1.765169888109467,-35.3355137618874
park_low,408,-0.8723011223330264,-49.28859902301008
park_low,409,-0.8723011223330264,-49.28859902301008
park_low,410,-0.3846082140731746,143.61206020193862
park_low,411,0.7901723267567068,-22.981493662126752
park_low,412,-2.9629167882864063,-18.967894970779557
park_low,413,0.11099851007450934,-10.860010669485966
park_low,414,-2.9629167882864063,-18.967894970779557
park_low,415,0.7901723267567068,-22.981493662126752
park_low,416,-1.8417110134599408,-54.51852415817845
park_low,417,-1.73128077980543,-46.36278031714696
park_low,418,0.11099851007450934,-10.860010669485966
park_low,419,0.7901723267567068,-22.981493662126752
park_low,420,0.11099851007450934,-10.860010669485966
park_low,421,0.30697557469618675,0.6152666868534027
park_low,422,-0.7727618497579098,-26.637138264365657
park_low,423,0.7901723267567068,-22.981493662126752
park_low,424,0.7901723267567068,-22.981493662126752
park_low,425,-0.20988839445380336,-15.591836961473657
park_low,426,-1.085221871779888,-24.433095846084136
park_low,427,-0.8723011223330264,-49.28859902301008
park_low,428,-0.769805082236457,-17.70823703608844
park_low,429,-1.085221871779888,-24.433095846084136
park_low,430,-1.9040425160179406,-11.497054473709955
park_low,431,-1.73128077980543,-46.36278031714696
park_low,432,-1.2777192030763795,-71.60907995797281
park_low,433,0.7901723267567068,-22.981493662126752
park_low,434,-1.765169888109467,-35.3355137618874
park_low,435,0.11099851007450934,-10.860010669485966
park_low,436,0.7901723267567068,-22.981493662126752
park_low,437,-0.20988839445380336,-15.591836961473657
park_low,438,-0.8723011223330264,-49.28859902301008
park_low,439,-1.2724728989633642,-20.510445157912955
park_low,440,0.30697557469618675,0.6152666868534027
park_low,441,0.30697557469618675,0.6152666868534027
park_low,442,-0.3846082140731746,143.61206020193862
park_low,443,-1.8417110134599408,-54.51852415817845
park_low,444,-1.8417110134599408,-54.51852415817845
park_low,445,0.8601481858732961,3.740671897685413
park_low,446,-0.7727618497579098,-26.637138264365657
park_low,447,-0.769805082236457,-17.70823703608844
park_low,448,-0.7727618497579098,-26.637138264365657
park_low,449,-0.20988839445380336,-15.591836961473657
park_low,450,-1.2724728989633642,-20.510445157912955
park_low,451,0.7901723267567068,-22.981493662126752
park_low,452,-1.73128077980543,-46.36278031714696
park_low,453,0.19074386594892923,27.70649027062954
park_low,454,-0.769805082236457,-17.70823703608844
park_low,455,-2.9629167882864063,-18.967894970779557
park_low,456,-1.73128077980543,-46.36278031714696
park_low,457,-0.8723011223330264,-49.28859902301008
park_low,458,-1.085221871779888,-24.433095846084136
park_low,459,0.8601481858732961,3.740671897685413
park_low,460,-0.8723011223330264,-49.28859902301008
park_low,461,-0.20988839445380336,-15.591836961473657
park_low,462,-0.7727618497579098,-26.637138264365657
park_low,463,-1.085221871779888,-24.433095846084136
park_low,464,-0.769805082236457,-17.70823703608844
park_low,465,-0.3846082140731746,143.61206020193862
park_low,466,-0.20988839445380336,-15.591836961473657
park_low,467,0.7901723267567068,-22.981493662126752
park_low,468,-1.2724728989633642,-20.510445157912955
park_low,469,-1.085221871779888,-24.433095846084136
park_low,470,-2.9629167882864063,-18.967894970779557
park_low,471,-0.20988839445380336,-15.591836961473657
park_low,472,-2.9629167882864063,-18.967894970779557
park_low,473,-1.9040425160179406,-11.497054473709955
park_low,474,0.30697557469618675,0.6152666868534027
park_low,475,-0.20988839445380336,-15.591836961473657
park_low,476,-1.73128077980543,-46.36278031714696
park_low,477,0.30697557469618675,0.6152666868534027
park_low,478,-0.7174110770103554,-22.819809931167384
park_low,479,-1.8417110134599408,-54.51852415817845
park_low,480,-0.8723011223330264,-49.28859902301008
park_low,481,-0.7727618497579098,-26.637138264365657
park_low,482,0.11099851007450934,-10.860010669485966
park_low,483,-2.9629167882864063,-18.967894970779557
park_low,484,-1.765169888109467,-35.3355137618874
park_low,485,0.30697557469618675,0.6152666868534027
park_low,486,0.11099851007450934,-10.860010669485966
park_low,487,-1.9040425160179406,-11.497054473709955
park_low,488,-1.73128077980543,-46.36278031714696
park_low,489,0.11099851007450934,-10.860010669485966
park_low,490,0.19074386594892923,27.70649027062954
park_low,491,-0.769805082236457,-17.70823703608844
park_low,492,-0.769805082236457,-17.70823703608844
park_low,493,-1.085221871779888,-24.433095846084136
park_low,494,-1.8417110134599408,-54.51852415817845
park_low,495,0.11099851007450934,-10.860010669485966
park_low,496,-0.769805082236457,-17.70823703608844
park_low,497,-1.9040425160179406,-11.497054473709955
park_low,498,0.19074386594892923,27.70649027062954
park_low,499,-0.769805082236457,-17.70823703608844
park_low,500,-2.9629167882864063,-18.967894970779557
park_low,501,-0.769805082236457,-17.70823703608844
park_low,502,-0.769805082236457,-17.70823703608844
park_low,503,-1.73128077980543,-46.36278031714696
park_low,504,-0.7174110770103554,-22.819809931167384
park_low,505,0.11099851007450934,-10.860010669485966
park_low,506,-0.769805082236457,-17.70823703608844
park_low,507,0.7901723267567068,-22.981493662126752
park_low,508,-1.765169888109467,-35.3355137618874
park_low,509,0.8601481858732961,3.740671897685413
park_low,510,-0.20988839445380336,-15.591836961473657
park_low,511,-0.7174110770103554,-22.819809931167384
park_low,512,-1.9040425160179406,-11.497054473709955
park_low,513,0.11099851007450934,-10.860010669485966
park_low,514,-1.765169888109467,-35.3355137618874
park_low,515,-1.085221871779888,-24.433095846084136
park_low,516,-1.2777192030763795,-71.60907995797281
park_low,517,-1.9040425160179406,-11.497054473709955
park_low,518,-0.8723011223330264,-49.28859902301008
park_low,519,-0.3846082140731746,143.61206020193862
park_low,520,-0.8723011223330264,-49.28859902301008
park_low,521,-1.2724728989633642,-20.510445157912955
park_low,522,-1.085221871779888,-24.433095846084136
park_low,523,0.8601481858732961,3.740671897685413
park_low,524,0.7901723267567068,-22.981493662126752
park_low,525,-0.769805082236457,-17.70823703608844
park_low,526,0.11099851007450934,-10.860010669485966
park_low,527,0.11099851007450934,-10.860010669485966
park_low,528,-1.2777192030763795,-71.60907995797281
park_low,529,-0.3846082140731746,143.61206020193862
park_low,530,-1.8417110134599408,-54.51852415817845
park_low,531,-1.73128077980543,-46.36278031714696
park_low,532,0.11099851007450934,-10.860010669485966
park_low,533,-1.8417110134599408,-54.51852415817845
park_low,534,0.19074386594892923,27.70649027062954
park_low,535,-2.9629167882864063,-18.967894970779557
park_low,536,-0.7174110770103554,-22.819809931167384
park_low,537,-1.2724728989633642,-20.510445157912955
park_low,538,-1.085221871779888,-24.433095846084136
park_low,539,-1.9040425160179406,-11.497054473709955
park_low,540,-1.2777192030763795,-71.60907995797281
park_low,541,-1.085221871779888,-24.433095846084136
park_low,542,0.7901723267567068,-22.981493662126752
park_low,543,-1.9040425160179406,-11.497054473709955
park_low,544,0.7901723267567068,-22.981493662126752
park_low,545,-0.3846082140731746,143.61206020193862
park_low,546,0.19074386594892923,27.70649027062954
park_low,547,0.11099851007450934,-10.860010669485966
park_low,548,-0.20988839445380336,-15.591836961473657
park_low,549,-2.9629167882864063,-18.967894970779557
park_low,550,-0.7174110770103554,-22.819809931167384
park_low,551,0.30697557469618675,0.6152666868534027
park_low,552,-1.8417110134599408,-54.51852415817845
park_low,553,-1.085221871779888,-24.433095846084136
park_low,554,-1.085221871779888,-24.433095846084136
park_low,555,-1.085221871779888,-24.433095846084136
park_low,556,-0.8723011223330264,-49.28859902301008
park_low,557,-0.20988839445380336,-15.591836961473657
park_low,558,-0.8723011223330264,-49.28859902301008
park_low,559,-1.9040425160179406,-11.497054473709955
park_low,560,-0.3846082140731746,143.61206020193862
park_low,561,-1.765169888109467,-35.3355137618874
park_low,562,0.8601481858732961,3.740671897685413
park_low,563,0.7901723267567068,-22.981493662126752
park_low,564,-0.20988839445380336,-15.591836961473657
park_low,565,-0.7727618497579098,-26.637138264365657
park_low,566,0.7901723267567068,-22.981493662126752
park_low,567,0.11099851007450934,-10.860010669485966
park_low,568,-1.765169888109467,-35.3355137618874
park_low,569,-0.7727618497579098,-26.637138264365657
park_low,570,-1.765169888109467,-35.3355137618874
park_low,571,0.7901723267567068,-22.981493662126752
park_low,572,-1.765169888109467,-35.3355137618874
park_low,573,-0.769805082236457,-17.70823703608844
park_low,574,-1.73128077980543,-46.36278031714696
park_low,575,0.8601481858732961,3.740671897685413
park_low,576,-1.765169888109467,-35.3355137618874
park_low,577,-1.2777192030763795,-71.60907995797281
park_low,578,0.7901723267567068,-22.981493662126752
park_low,579,-1.9040425160179406,-11.497054473709955
park_low,580,-2.9629167882864063,-18.967894970779557
park_low,581,-1.2777192030763795,-71.60907995797281
park_low,582,-0.8723011223330264,-49.28859902301008
park_low,583,-0.8723011223330264,-49.28859902301008
park_low,584,-1.2777192030763795,-71.60907995797281
park_low,585,-0.7174110770103554,-22.819809931167384
park_low,586,-1.765169888109467,-35.3355137618874
park_low,587,-0.7727618497579098,-26.637138264365657
park_low,588,-1.2777192030763795,-71.60907995797281
park_low,589,-0.7727618497579098,-26.637138264365657
park_low,590,0.7901723267567068,-22.981493662126752
park_low,591,0.7901723267567068,-22.981493662126752
park_low,592,-1.2777192030763795,-71.60907995797281
park_low,593,0.30697557469618675,0.6152666868534027
park_low,594,0.7901723267567068,-22.981493662126752
park_low,595,-1.8417110134599408,-54.51852415817845
park_low,596,-1.085221871779888,-24.433095846084136
park_low,597,0.19074386594892923,27.70649027062954
park_low,598,0.8601481858732961,3.740671897685413
park_low,599,-2.9629167882864063,-18.967894970779557
park_low,600,-1.2777192030763795,-71.60907995797281
park_low,601,-1.73128077980543,-46.36278031714696
park_low,602,-0.8723011223330264,-49.28859902301008
park_low,603,-1.765169888109467,-35.3355137618874
park_low,604,-0.7727618497579098,-26.637138264365657
park_low,605,-2.9629167882864063,-18.967894970779557
park_low,606,-0.7727618497579098,-26.637138264365657
park_low,607,-1.73128077980543,-46.36278031714696
park_low,608,-1.8417110134599408,-54.51852415817845
park_low,609,-1.8417110134599408,-54.51852415817845
park_low,610,-0.7174110770103554,-22.819809931167384
park_low,611,0.30697557469618675,0.6152666868534027
park_low,612,0.30697557469618675,0.6152666868534027
park_low,613,-1.085221871779888,-24.433095846084136
park_low,614,0.8601481858732961,3.740671897685413
park_low,615,-2.9629167882864063,-18.967894970779557
park_low,616,0.7901723267567068,-22.981493662126752
park_low,617,-1.9040425160179406,-11.497054473709955
park_low,618,0.8601481858732961,3.740671897685413
park_low,619,-0.8723011223330264,-49.28859902301008
park_low,620,-2.9629167882864063,-18.967894970779557
park_low,621,-1.2724728989633642,-20.510445157912955
park_low,622,-0.769805082236457,-17.70823703608844
park_low,623,-1.8417110134599408,-54.51852415817845
park_low,624,-1.2724728989633642,-20.510445157912955
park_low,625,-1.73128077980543,-46.36278031714696
park_low,626,0.11099851007450934,-10.860010669485966
park_low,627,0.19074386594892923,27.70649027062954
park_low,628,0.19074386594892923,27.70649027062954
park_low,629,0.7901723267567068,-22.981493662126752
park_low,630,0.19074386594892923,27.70649027062954
park_low,631,-0.769805082236457,-17.70823703608844
park_low,632,0.11099851007450934,-10.860010669485966
park_low,633,0.7901723267567068,-22.981493662126752
park_low,634,0.7901723267567068,-22.981493662126752
park_low,635,0.11099851007450934,-10.860010669485966
park_low,636,-0.7727618497579098,-26.637138264365657
park_low,637,-2.9629167882864063,-18.967894970779557
park_low,638,-0.769805082236457,-17.70823703608844
park_low,639,-0.20988839445380336,-15.591836961473657
park_low,640,-1.2724728989633642,-20.510445157912955
park_low,641,0.19074386594892923,27.70649027062954
park_low,642,-1.085221871779888,-24.433095846084136
park_low,643,-1.2724728989633642,-20.510445157912955
park_low,644,0.19074386594892923,27.70649027062954
park_low,645,-0.3846082140731746,143.61206020193862
park_low,646,0.7901723267567068,-22.981493662126752
park_low,647,-0.7727618497579098,-26.637138264365657
park_low,648,0.30697557469618675,0.6152666868534027
park_low,649,0.7901723267567068,-22.981493662126752
park_low,650,0.11099851007450934,-10.860010669485966
park_low,651,0.8601481858732961,3.740671897685413
park_low,652,-0.7727618497579098,-26.637138264365657
park_low,653,0.7901723267567068,-22.981493662126752
park_low,654,-0.3846082140731746,143.61206020193862
park_low,655,-2.9629167882864063,-18.967894970779557
park_low,656,0.11099851007450934,-10.860010669485966
park_low,657,-1.2777192030763795,-71.60907995797281
park_low,658,-1.085221871779888,-24.433095846084136
park_low,659,-1.73128077980543,-46.36278031714696
park_low,660,0.19074386594892923,27.70649027062954
park_low,661,-1.9040425160179406,-11.497054473709955
park_low,662,0.8601481858732961,3.740671897685413
park_low,663,-0.7727618497579098,-26.637138264365657
park_low,664,-1.085221871779888,-24.433095846084136
park_low,665,-1.8417110134599408,-54.51852415817845
park_low,666,-0.7174110770103554,-22.819809931167384
park_low,667,0.7901723267567068,-22.981493662126752
park_low,668,-0.769805082236457,-17.70823703608844
park_low,669,-1.73128077980543,-46.36278031714696
park_low,670,-0.7727618497579098,-26.637138264365657
park_low,671,-0.20988839445380336,-15.591836961473657
park_low,672,-1.9040425160179406,-11.497054473709955
park_low,673,0.8601481858732961,3.740671897685413
park_low,674,-1.2724728989633642,-20.510445157912955
park_low,675,-0.7727618497579098,-26.637138264365657
park_low,676,-1.765169888109467,-35.3355137618874
park_low,677,-1.73128077980543,-46.36278031714696
park_low,678,-0.7174110770103554,-22.819809931167384
park_low,679,-1.2777192030763795,-71.60907995797281
park_low,680,-0.7174110770103554,-22.819809931167384
park_low,681,-2.9629167882864063,-18.967894970779557
park_low,682,-2.9629167882864063,-18.967894970779557
park_low,683,-0.7727618497579098,-26.637138264365657
park_low,684,-1.8417110134599408,-54.51852415817845
park_low,685,-0.7727618497579098,-26.637138264365657
park_low,686,-1.2777192030763795,-71.60907995797281
park_low,687,0.11099851007450934,-10.860010669485966
park_low,688,-0.20988839445380336,-15.591836961473657
park_low,689,-1.9040425160179406,-11.497054473709955
park_low,690,-0.7174110770103554,-22.819809931167384
park_low,691,0.30697557469618675,0.6152666868534027
park_low,692,-0.7174110770103554,-22.819809931167384
park_low,693,-1.73128077980543,-46.36278031714696
park_low,694,0.8601481858732961,3.740671897685413
park_low,695,-1.73128077980543,-46.36278031714696
park_low,696,-0.8723011223330264,-49.28859902301008
park_low,697,0.19074386594892923,27.70649027062954
park_low,698,-1.085221871779888,-24.433095846084136
park_low,699,0.19074386594892923,27.70649027062954
park_low,700,-1.2724728989633642,-20.510445157912955
park_low,701,-0.20988839445380336,-15.591836961473657
park_low,702,0.11099851007450934,-10.860010669485966
park_low,703,-2.9629167882864063,-18.967894970779557
park_low,704,-0.20988839445380336,-15.591836961473657
park_low,705,-1.2724728989633642,-20.510445157912955
park_low,706,-1.2777192030763795,-71.60907995797281
park_low,707,-0.7727618497579098,-26.637138264365657
park_low,708,-1.2724728989633642,-20.510445157912955
park_low,709,-1.2724728989633642,-20.510445157912955
park_low,710,-1.2724728989633642,-20.510445157912955
park_low,711,-1.73128077980543,-46.36278031714696
park_low,712,-0.7174110770103554,-22.819809931167384
park_low,713,-2.9629167882864063,-18.967894970779557
park_low,714,0.8601481858732961,3.740671897685413
park_low,715,-2.9629167882864063,-18.967894970779557
park_low,716,-0.8723011223330264,-49.28859902301008
park_low,717,-2.9629167882864063,-18.967894970779557
park_low,718,-2.9629167882864063,-18.967894970779557
park_low,719,-1.2724728989633642,-20.510445157912955
park_low,720,-1.2724728989633642,-20.510445157912955
park_low,721,-0.3846082140731746,143.61206020193862
park_low,722,0.30697557469618675,0.6152666868534027
park_low,723,-1.9040425160179406,-11.497054473709955
park_low,724,-0.7727618497579098,-26.637138264365657
park_low,725,-1.2724728989633642,-20.510445157912955
park_low,726,0.8601481858732961,3.740671897685413
park_low,727,-1.765169888109467,-35.3355137618874
park_low,728,0.11099851007450934,-10.860010669485966
park_low,729,0.30697557469618675,0.6152666868534027
park_low,730,0.19074386594892923,27.70649027062954
park_low,731,-0.769805082236457,-17.70823703608844
park_low,732,-1.765169888109467,-35.3355137618874
park_low,733,0.30697557469618675,0.6152666868534027
park_low,734,0.7901723267567068,-22.981493662126752
park_low,735,0.7901723267567068,-22.981493662126752
park_low,736,-1.2724728989633642,-20.510445157912955
park_low,737,-0.20988839445380336,-15.591836961473657
park_low,738,-1.73128077980543,-46.36278031714696
park_low,739,-0.3846082140731746,143.61206020193862
park_low,740,-0.7727618497579098,-26.637138264365657
park_low,741,0.8601481858732961,3.740671897685413
park_low,742,-0.3846082140731746,143.61206020193862
park_low,743,-0.7174110770103554,-22.819809931167384
park_low,744,-1.765169888109467,-35.3355137618874
park_low,745,0.11099851007450934,-10.860010669485966
park_low,746,0.8601481858732961,3.740671897685413
park_low,747,-1.9040425160179406,-11.497054473709955
park_low,748,-1.085221871779888,-24.433095846084136
park_low,749,-1.73128077980543,-46.36278031714696
park_low,750,0.7901723267567068,-22.981493662126752
park_low,751,-0.20988839445380336,-15.591836961473657
park_low,752,-0.7174110770103554,-22.819809931167384
park_low,753,-0.769805082236457,-17.70823703608844
park_low,754,0.11099851007450934,-10.860010669485966
park_low,755,-1.085221871779888,-24.433095846084136
park_low,756,-1.73128077980543,-46.36278031714696
park_low,757,-1.085221871779888,-24.433095846084136
park_low,758,-0.7727618497579098,-26.637138264365657
park_low,759,0.30697557469618675,0.6152666868534027
park_low,760,-0.8723011223330264,-49.28859902301008
park_low,761,-0.8723011223330264,-49.28859902301008
park_low,762,-1.085221871779888,-24.433095846084136
park_low,763,-1.2724728989633642,-20.510445157912955
park_low,764,0.8601481858732961,3.740671897685413
park_low,765,-1.765169888109467,-35.3355137618874
park_low,766,-0.20988839445380336,-15.591836961473657
park_low,767,0.30697557469618675,0.6152666868534027
park_low,768,0.30697557469618675,0.6152666868534027
park_low,769,0.30697557469618675,0.6152666868534027
park_low,770,-0.20988839445380336,-15.591836961473657
park_low,771,-1.765169888109467,-35.3355137618874
park_low,772,0.7901723267567068,-22.981493662126752
park_low,773,0.11099851007450934,-10.860010669485966
park_low,774,-1.085221871779888,-24.433095846084136
park_low,775,0.7901723267567068,-22.981493662126752
park_low,776,-0.7727618497579098,-26.637138264365657
park_low,777,0.7901723267567068,-22.981493662126752
park_low,778,0.30697557469618675,0.6152666868534027
park_low,779,0.11099851007450934,-10.860010669485966
park_low,780,-0.7174110770103554,-22.819809931167384
park_low,781,-1.8417110134599408,-54.51852415817845
park_low,782,-1.73128077980543,-46.36278031714696
park_low,783,-0.8723011223330264,-49.28859902301008
park_low,784,0.7901723267567068,-22.981493662126752
park_low,785,-2.9629167882864063,-18.967894970779557
park_low,786,0.7901723267567068,-22.981493662126752
park_low,787,-1.765169888109467,-35.3355137618874
park_low,788,0.30697557469618675,0.6152666868534027
park_low,789,-0.8723011223330264,-49.28859902301008
park_low,790,0.11099851007450934,-10.860010669485966
park_low,791,-1.73128077980543,-46.36278031714696
park_low,792,0.30697557469618675,0.6152666868534027
park_low,793,-0.7727618497579098,-26.637138264365657
park_low,794,-1.2777192030763795,-71.60907995797281
park_low,795,-1.765169888109467,-35.3355137618874
park_low,796,-0.769805082236457,-17.70823703608844
park_low,797,-2.9629167882864063,-18.967894970779557
park_low,798,-1.73128077980543,-46.36278031714696
park_low,799,0.19074386594892923,27.70649027062954
park_low,800,-1.9040425160179406,-11.497054473709955
park_low,801,-1.9040425160179406,-11.497054473709955
park_low,802,-0.7727618497579098,-26.637138264365657
park_low,803,-1.9040425160179406,-11.497054473709955
park_low,804,-0.8723011223330264,-49.28859902301008
park_low,805,-0.8723011223330264,-49.28859902301008
park_low,806,-1.2724728989633642,-20.510445157912955
park_low,807,-0.769805082236457,-17.70823703608844
park_low,808,-0.769805082236457,-17.70823703608844
park_low,809,-1.8417110134599408,-54.51852415817845
park_low,810,-0.7727618497579098,-26.637138264365657
park_low,811,-0.3846082140731746,143.61206020193862
park_low,812,0.11099851007450934,-10.860010669485966
park_low,813,0.7901723267567068,-22.981493662126752
park_low,814,0.11099851007450934,-10.860010669485966
park_low,815,-1.9040425160179406,-11.497054473709955
park_low,816,-2.9629167882864063,-18.967894970779557
park_low,817,-2.9629167882864063,-18.967894970779557
park_low,818,-1.8417110134599408,-54.51852415817845
park_low,819,-0.7727618497579098,-26.637138264365657
park_low,820,-0.769805082236457,-17.70823703608844
park_low,821,-0.8723011223330264,-49.28859902301008
park_low,822,-0.769805082236457,-17.70823703608844
park_low,823,0.30697557469618675,0.6152666868534027
park_low,824,0.11099851007450934,-10.860010669485966
park_low,825,0.11099851007450934,-10.860010669485966
park_low,826,-2.9629167882864063,-18.967894970779557
park_low,827,-0.7727618497579098,-26.637138264365657
park_low,828,0.8601481858732961,3.740671897685413
park_low,829,-0.3846082140731746,143.61206020193862
park_low,830,-2.9629167882864063,-18.967894970779557
park_low,831,-1.2724728989633642,-20.510445157912955
park_low,832,-0.8723011223330264,-49.28859902301008
park_low,833,-0.8723011223330264,-49.28859902301008
park_low,834,0.7901723267567068,-22.981493662126752
park_low,835,0.19074386594892923,27.70649027062954
park_low,836,-1.73128077980543,-46.36278031714696
park_low,837,-1.2777192030763795,-71.60907995797281
park_low,838,-1.765169888109467,-35.3355137618874
park_low,839,-0.7727618497579098,-26.637138264365657
park_low,840,-1.9040425160179406,-11.497054473709955
park_low,841,-1.085221871779888,-24.433095846084136
park_low,842,0.11099851007450934,-10.860010669485966
park_low,843,-0.3846082140731746,143.61206020193862
park_low,844,0.30697557469618675,0.6152666868534027
park_low,845,-1.2777192030763795,-71.60907995797281
park_low,846,-0.7174110770103554,-22.819809931167384
park_low,847,0.7901723267567068,-22.981493662126752
park_low,848,-0.8723011223330264,-49.28859902301008
park_low,849,-0.769805082236457,-17.70823703608844
park_low,850,0.11099851007450934,-10.860010669485966
park_low,851,0.7901723267567068,-22.981493662126752
park_low,852,-1.8417110134599408,-54.51852415817845
park_low,853,-1.73128077980543,-46.36278031714696
park_low,854,0.8601481858732961,3.740671897685413
park_low,855,-0.7727618497579098,-26.637138264365657
park_low,856,0.7901723267567068,-22.981493662126752
park_low,857,-1.2724728989633642,-20.510445157912955
park_low,858,0.11099851007450934,-10.860010669485966
park_low,859,-0.769805082236457,-17.70823703608844
park_low,860,-1.085221871779888,-24.433095846084136
park_low,861,-0.3846082140731746,143.61206020193862
park_low,862,0.30697557469618675,0.6152666868534027
park_low,863,-1.73128077980543,-46.36278031714696
park_low,864,0.11099851007450934,-10.860010669485966
park_low,865,0.8601481858732961,3.740671897685413
park_low,866,0.7901723267567068,-22.981493662126752
park_low,867,0.30697557469618675,0.6152666868534027
park_low,868,-1.2777192030763795,-71.60907995797281
park_low,869,-1.73128077980543,-46.36278031714696
park_low,870,-0.769805082236457,-17.70823703608844
park_low,871,-1.73128077980543,-46.36278031714696
park_low,872,-1.085221871779888,-24.433095846084136
park_low,873,0.30697557469618675,0.6152666868534027
park_low,874,-0.7727618497579098,-26.637138264365657
park_low,875,-1.73128077980543,-46.36278031714696
park_low,876,0.11099851007450934,-10.860010669485966
park_low,877,-1.8417110134599408,-54.51852415817845
park_low,878,-1.9040425160179406,-11.497054473709955
park_low,879,0.30697557469618675,0.6152666868534027
park_low,880,0.8601481858732961,3.740671897685413
park_low,881,0.30697557469618675,0.6152666868534027
park_low,882,-1.2724728989633642,-20.510445157912955
park_low,883,-2.9629167882864063,-18.967894970779557
park_low,884,-1.2724728989633642,-20.510445157912955
park_low,885,-0.769805082236457,-17.70823703608844
park_low,886,-0.8723011223330264,-49.28859902301008
park_low,887,-1.2777192030763795,-71.60907995797281
park_low,888,-0.3846082140731746,143.61206020193862
park_low,889,-1.73128077980543,-46.36278031714696
park_low,890,0.7901723267567068,-22.981493662126752
park_low,891,-1.9040425160179406,-11.497054473709955
park_low,892,-0.7174110770103554,-22.819809931167384
park_low,893,-1.9040425160179406,-11.497054473709955
park_low,894,-2.9629167882864063,-18.967894970779557
park_low,895,-1.765169888109467,-35.3355137618874
park_low,896,-1.085221871779888,-24.433095846084136
park_low,897,0.8601481858732961,3.740671897685413
park_low,898,0.8601481858732961,3.740671897685413
park_low,899,-0.8723011223330264,-49.28859902301008
park_low,900,-0.8723011223330264,-49.28859902301008
park_low,901,-1.73128077980543,-46.36278031714696
park_low,902,0.7901723267567068,-22.981493662126752
park_low,903,-0.7727618497579098,-26.637138264365657
park_low,904,-1.765169888109467,-35.3355137618874
park_low,905,-1.2724728989633642,-20.510445157912955
park_low,906,0.30697557469618675,0.6152666868534027
park_low,907,0.11099851007450934,-10.860010669485966
park_low,908,-0.7727618497579098,-26.637138264365657
park_low,909,-1.2777192030763795,-71.60907995797281
park_low,910,0.8601481858732961,3.740671897685413
park_low,911,0.11099851007450934,-10.860010669485966
park_low,912,-0.7727618497579098,-26.637138264365657
park_low,913,0.19074386594892923,27.70649027062954
park_low,914,-2.9629167882864063,-18.967894970779557
park_low,915,-1.2724728989633642,-20.510445157912955
park_low,916,-1.2777192030763795,-71.60907995797281
park_low,917,-0.3846082140731746,143.61206020193862
park_low,918,-1.9040425160179406,-11.497054473709955
park_low,919,-1.9040425160179406,-11.497054473709955
park_low,920,-0.7727618497579098,-26.637138264365657
park_low,921,0.30697557469618675,0.6152666868534027
park_low,922,-0.7174110770103554,-22.819809931167384
park_low,923,0.30697557469618675,0.6152666868534027
park_low,924,0.30697557469618675,0.6152666868534027
park_low,925,-1.765169888109467,-35.3355137618874
park_low,926,0.19074386594892923,27.70649027062954
park_low,927,-1.2724728989633642,-20.510445157912955
park_low,928,-0.3846082140731746,143.61206020193862
park_low,929,0.8601481858732961,3.740671897685413
park_low,930,0.7901723267567068,-22.981493662126752
park_low,931,-0.7727618497579098,-26.637138264365657
park_low,932,-0.3846082140731746,143.61206020193862
park_low,933,-1.2724728989633642,-20.510445157912955
park_low,934,-0.7174110770103554,-22.819809931167384
park_low,935,-2.9629167882864063,-18.967894970779557
park_low,936,0.30697557469618675,0.6152666868534027
park_low,937,0.30697557469618675,0.6152666868534027
park_low,938,-0.8723011223330264,-49.28859902301008
park_low,939,-0.3846082140731746,143.61206020193862
park_low,940,-1.73128077980543,-46.36278031714696
park_low,941,-0.3846082140731746,143.61206020193862
park_low,942,-1.085221871779888,-24.433095846084136
park_low,943,-0.7727618497579098,-26.637138264365657
park_low,944,-0.3846082140731746,143.61206020193862
park_low,945,-0.7727618497579098,-26.637138264365657
park_low,946,0.11099851007450934,-10.860010669485966
park_low,947,0.8601481858732961,3.740671897685413
park_low,948,-0.3846082140731746,143.61206020193862
park_low,949,-0.7727618497579098,-26.637138264365657
park_low,950,-1.2777192030763795,-71.60907995797281
park_low,951,0.8601481858732961,3.740671897685413
park_low,952,-0.20988839445380336,-15.591836961473657
park_low,953,-1.73128077980543,-46.36278031714696
park_low,954,-1.2777192030763795,-71.60907995797281
park_low,955,0.11099851007450934,-10.860010669485966
park_low,956,-0.7727618497579098,-26.637138264365657
park_low,957,-1.085221871779888,-24.433095846084136
park_low,958,-0.769805082236457,-17.70823703608844
park_low,959,-1.8417110134599408,-54.51852415817845
park_low,960,-1.8417110134599408,-54.51852415817845
park_low,961,-2.9629167882864063,-18.967894970779557
park_low,962,-1.765169888109467,-35.3355137618874
park_low,963,0.7901723267567068,-22.981493662126752
park_low,964,-0.769805082236457,-17.70823703608844
park_low,965,-1.765169888109467,-35.3355137618874
park_low,966,-1.9040425160179406,-11.497054473709955
park_low,967,0.30697557469618675,0.6152666868534027
park_low,968,-1.2777192030763795,-71.60907995797281
park_low,969,-0.8723011223330264,-49.28859902301008
park_low,970,-1.765169888109467,-35.3355137618874
park_low,971,-0.3846082140731746,143.61206020193862
park_low,972,0.30697557469618675,0.6152666868534027
park_low,973,-1.085221871779888,-24.433095846084136
park_low,974,0.7901723267567068,-22.981493662126752
park_low,975,-0.3846082140731746,143.61206020193862
park_low,976,0.19074386594892923,27.70649027062954
park_low,977,-1.8417110134599408,-54.51852415817845
park_low,978,-1.2724728989633642,-20.510445157912955
park_low,979,0.7901723267567068,-22.981493662126752
park_low,980,-1.9040425160179406,-11.497054473709955
park_low,981,0.19074386594892923,27.70649027062954
park_low,982,-1.73128077980543,-46.36278031714696
park_low,983,0.7901723267567068,-22.981493662126752
park_low,984,-0.8723011223330264,-49.28859902301008
park_low,985,-1.2777192030763795,-71.60907995797281
park_low,986,0.19074386594892923,27.70649027062954
park_low,987,-0.769805082236457,-17.70823703608844
park_low,988,-0.3846082140731746,143.61206020193862
park_low,989,0.11099851007450934,-10.860010669485966
park_low,990,-1.2724728989633642,-20.510445157912955
park_low,991,-2.9629167882864063,-18.967894970779557
park_low,992,0.8601481858732961,3.740671897685413
park_low,993,0.19074386594892923,27.70649027062954
park_low,994,-0.769805082236457,-17.70823703608844
park_low,995,-1.8417110134599408,-54.51852415817845
park_low,996,0.30697557469618675,0.6152666868534027
park_low,997,0.7901723267567068,-22.981493662126752
park_low,998,-0.20988839445380336,-15.591836961473657
park_low,999,-1.8417110134599408,-54.51852415817845
park_low,1000,-1.9040425160179406,-11.497054473709955
park_low,1001,-1.2777192030763795,-71.60907995797281
park_low,1002,-1.765169888109467,-35.3355137618874
park_low,1003,-0.20988839445380336,-15.591836961473657
park_low,1004,-1.2777192030763795,-71.60907995797281
park_low,1005,-1.73128077980543,-46.36278031714696
park_low,1006,-0.20988839445380336,-15.591836961473657
park_low,1007,-2.9629167882864063,-18.967894970779557
park_low,1008,-1.2724728989633642,-20.510445157912955
park_low,1009,-1.8417110134599408,-54.51852415817845
park_low,1010,-0.769805082236457,-17.70823703608844
park_low,1011,-0.7727618497579098,-26.637138264365657
park_low,1012,-0.20988839445380336,-15.591836961473657
park_low,1013,-0.769805082236457,-17.70823703608844
park_low,1014,-1.2777192030763795,-71.60907995797281
park_low,1015,-2.9629167882864063,-18.967894970779557
park_low,1016,-1.765169888109467,-35.3355137618874
park_low,1017,0.19074386594892923,27.70649027062954
park_low,1018,0.19074386594892923,27.70649027062954
park_low,1019,-1.2724728989633642,-20.510445157912955
park_low,1020,-0.8723011223330264,-49.28859902301008
park_low,1021,0.7901723267567068,-22.981493662126752
park_low,1022,-1.085221871779888,-24.433095846084136
park_low,1023,-1.8417110134599408,-54.51852415817845
park_low,1024,-0.3846082140731746,143.61206020193862
park_low,1025,-1.9040425160179406,-11.497054473709955
park_low,1026,-1.9040425160179406,-11.497054473709955
park_low,1027,-0.8723011223330264,-49.28859902301008
park_low,1028,-0.7727618497579098,-26.637138264365657
park_low,1029,0.8601481858732961,3.740671897685413
park_low,1030,0.19074386594892923,27.70649027062954
park_low,1031,0.8601481858732961,3.740671897685413
park_low,1032,-0.8723011223330264,-49.28859902301008
park_low,1033,-0.769805082236457,-17.70823703608844
park_low,1034,-2.9629167882864063,-18.967894970779557
park_low,1035,-1.085221871779888,-24.433095846084136
park_low,1036,-1.73128077980543,-46.36278031714696
park_low,1037,-0.7174110770103554,-22.819809931167384
park_low,1038,0.30697557469618675,0.6152666868534027
park_low,1039,0.19074386594892923,27.70649027062954
park_low,1040,-0.769805082236457,-17.70823703608844
park_low,1041,-0.3846082140731746,143.61206020193862
park_low,1042,-1.2777192030763795,-71.60907995797281
park_low,1043,-2.9629167882864063,-18.967894970779557
park_low,1044,-0.769805082236457,-17.70823703608844
park_low,1045,-1.8417110134599408,-54.51852415817845
park_low,1046,0.19074386594892923,27.70649027062954
park_low,1047,-1.8417110134599408,-54.51852415817845
park_low,1048,0.7901723267567068,-22.981493662126752
park_low,1049,0.30697557469618675,0.6152666868534027
park_low,1050,-0.7727618497579098,-26.637138264365657
park_low,1051,-0.8723011223330264,-49.28859902301008
park_low,1052,0.11099851007450934,-10.860010669485966
park_low,1053,-0.20988839445380336,-15.591836961473657
park_low,1054,-0.7727618497579098,-26.637138264365657
park_low,1055,-1.085221871779888,-24.433095846084136
park_low,1056,-0.8723011223330264,-49.28859902301008
park_low,1057,-1.9040425160179406,-11.497054473709955
park_low,1058,0.7901723267567068,-22.981493662126752
park_low,1059,0.19074386594892923,27.70649027062954
park_low,1060,0.8601481858732961,3.740671897685413
park_low,1061,-1.9040425160179406,-11.497054473709955
park_low,1062,-1.2724728989633642,-20.510445157912955
park_low,1063,-0.3846082140731746,143.61206020193862
park_low,1064,-0.8723011223330264,-49.28859902301008
park_low,1065,-1.9040425160179406,-11.497054473709955
park_low,1066,0.8601481858732961,3.740671897685413
park_low,1067,-1.2724728989633642,-20.510445157912955
park_low,1068,-0.769805082236457,-17.70823703608844
park_low,1069,-0.3846082140731746,143.61206020193862
park_low,1070,-0.7727618497579098,-26.637138264365657
park_low,1071,-1.9040425160179406,-11.497054473709955
park_low,1072,-1.8417110134599408,-54.51852415817845
park_low,1073,-1.2724728989633642,-20.510445157912955
park_low,1074,0.11099851007450934,-10.860010669485966
park_low,1075,-0.769805082236457,-17.70823703608844
park_low,1076,-1.765169888109467,-35.3355137618874
park_low,1077,-0.769805082236457,-17.70823703608844
park_low,1078,-1.2777192030763795,-71.60907995797281
park_low,1079,-0.7727618497579098,-26.637138264365657
park_low,1080,-0.769805082236457,-17.70823703608844
park_low,1081,-0.20988839445380336,-15.591836961473657
park_low,1082,-1.765169888109467,-35.3355137618874
park_low,1083,-0.8723011223330264,-49.28859902301008
park_low,1084,0.19074386594892923,27.70649027062954
park_low,1085,0.30697557469618675,0.6152666868534027
park_low,1086,-1.73128077980543,-46.36278031714696
park_low,1087,0.8601481858732961,3.740671897685413
park_low,1088,-0.3846082140731746,143.61206020193862
park_low,1089,-1.73128077980543,-46.36278031714696
park_low,1090,-0.7174110770103554,-22.819809931167384
park_low,1091,-1.9040425160179406,-11.497054473709955
park_low,1092,0.11099851007450934,-10.860010669485966
park_low,1093,-1.085221871779888,-24.433095846084136
park_low,1094,-1.8417110134599408,-54.51852415817845
park_low,1095,-0.20988839445380336,-15.591836961473657
park_low,1096,0.30697557469618675,0.6152666868534027
park_low,1097,0.8601481858732961,3.740671897685413
park_low,1098,0.8601481858732961,3.740671897685413
park_low,1099,-0.769805082236457,-17.70823703608844
park_low,1100,0.11099851007450934,-10.860010669485966
park_low,1101,-0.3846082140731746,143.61206020193862
park_low,1102,0.7901723267567068,-22.981493662126752
park_low,1103,-0.3846082140731746,143.61206020193862
park_low,1104,-0.8723011223330264,-49.28859902301008
park_low,1105,-2.9629167882864063,-18.967894970779557
park_low,1106,-0.7727618497579098,-26.637138264365657
park_low,1107,-1.9040425160179406,-11.497054473709955
park_low,1108,-0.20988839445380336,-15.591836961473657
park_low,1109,-1.765169888109467,-35.3355137618874
park_low,1110,-2.9629167882864063,-18.967894970779557
park_low,1111,-0.769805082236457,-17.70823703608844
park_low,1112,0.7901723267567068,-22.981493662126752
park_low,1113,-2.9629167882864063,-18.967894970779557
park_low,1114,-1.9040425160179406,-11.497054473709955
park_low,1115,-1.9040425160179406,-11.497054473709955
park_low,1116,-0.8723011223330264,-49.28859902301008
park_low,1117,-0.7727618497579098,-26.637138264365657
park_low,1118,0.11099851007450934,-10.860010669485966
park_low,1119,-1.73128077980543,-46.36278031714696
park_low,1120,-1.2777192030763795,-71.60907995797281
park_low,1121,0.11099851007450934,-10.860010669485966
park_low,1122,-0.7727618497579098,-26.637138264365657
park_low,1123,-0.7174110770103554,-22.819809931167384
park_low,1124,-0.20988839445380336,-15.591836961473657
park_low,1125,-1.765169888109467,-35.3355137618874
park_low,1126,-0.8723011223330264,-49.28859902301008
park_low,1127,-0.7174110770103554,-22.819809931167384
park_low,1128,-0.7727618497579098,-26.637138264365657
park_low,1129,-2.9629167882864063,-18.967894970779557
park_low,1130,-0.8723011223330264,-49.28859902301008
park_low,1131,0.19074386594892923,27.70649027062954
park_low,1132,-0.7174110770103554,-22.819809931167384
park_low,1133,-0.20988839445380336,-15.591836961473657
park_low,1134,-2.9629167882864063,-18.967894970779557
park_low,1135,-0.7727618497579098,-26.637138264365657
park_low,1136,-0.769805082236457,-17.70823703608844
park_low,1137,-1.765169888109467,-35.3355137618874
park_low,1138,0.30697557469618675,0.6152666868534027
park_low,1139,0.19074386594892923,27.70649027062954
park_low,1140,-0.8723011223330264,-49.28859902301008
park_low,1141,-0.7727618497579098,-26.637138264365657
park_low,1142,-1.2777192030763795,-71.60907995797281
park_low,1143,-0.20988839445380336,-15.591836961473657
park_low,1144,-0.20988839445380336,-15.591836961473657
park_low,1145,-1.73128077980543,-46.36278031714696
park_low,1146,-0.7174110770103554,-22.819809931167384
park_low,1147,-0.7174110770103554,-22.819809931167384
park_low,1148,-2.9629167882864063,-18.967894970779557
park_low,1149,-0.769805082236457,-17.70823703608844
park_low,1150,-1.085221871779888,-24.433095846084136
park_low,1151,0.7901723267567068,-22.981493662126752
park_low,1152,0.11099851007450934,-10.860010669485966
park_low,1153,-0.7174110770103554,-22.819809931167384
park_low,1154,-2.9629167882864063,-18.967894970779557
park_low,1155,-1.9040425160179406,-11.497054473709955
park_low,1156,-1.2777192030763795,-71.60907995797281
park_low,1157,-0.20988839445380336,-15.591836961473657
park_low,1158,-0.769805082236457,-17.70823703608844
park_low,1159,-1.2724728989633642,-20.510445157912955
park_low,1160,-1.2724728989633642,-20.510445157912955
park_low,1161,-1.2777192030763795,-71.60907995797281
park_low,1162,-1.765169888109467,-35.3355137618874
park_low,1163,0.30697557469618675,0.6152666868534027
park_low,1164,-1.9040425160179406,-11.497054473709955
park_low,1165,0.19074386594892923,27.70649027062954
park_low,1166,-1.765169888109467,-35.3355137618874
park_low,1167,0.11099851007450934,-10.860010669485966
park_low,1168,-1.2724728989633642,-20.510445157912955
park_low,1169,0.11099851007450934,-10.860010669485966
park_low,1170,-0.769805082236457,-17.70823703608844
park_low,1171,0.30697557469618675,0.6152666868534027
park_low,1172,0.11099851007450934,-10.860010669485966
park_low,1173,-1.9040425160179406,-11.497054473709955
park_low,1174,-1.085221871779888,-24.433095846084136
park_low,1175,-1.9040425160179406,-11.497054473709955
park_low,1176,-0.8723011223330264,-49.28859902301008
park_low,1177,0.7901723267567068,-22.981493662126752
park_low,1178,-1.9040425160179406,-11.497054473709955
park_low,1179,-1.2724728989633642,-20.510445157912955
park_low,1180,-2.9629167882864063,-18.967894970779557
park_low,1181,-2.9629167882864063,-18.967894970779557
park_low,1182,0.7901723267567068,-22.981493662126752
park_low,1183,-1.2777192030763795,-71.60907995797281
park_low,1184,-1.2777192030763795,-71.60907995797281
park_low,1185,-0.7727618497579098,-26.637138264365657
park_low,1186,-0.8723011223330264,-49.28859902301008
park_low,1187,-0.8723011223330264,-49.28859902301008
park_low,1188,0.19074386594892923,27.70649027062954
park_low,1189,-1.8417110134599408,-54.51852415817845
park_low,1190,-1.73128077980543,-46.36278031714696
park_low,1191,-0.3846082140731746,143.61206020193862
park_low,1192,-0.769805082236457,-17.70823703608844
park_low,1193,-1.2777192030763795,-71.60907995797281
park_low,1194,0.30697557469618675,0.6152666868534027
park_low,1195,-0.7174110770103554,-22.819809931167384
park_low,1196,-0.769805082236457,-17.70823703608844
park_low,1197,-0.8723011223330264,-49.28859902301008
park_low,1198,0.19074386594892923,27.70649027062954
park_low,1199,0.11099851007450934,-10.860010669485966
park_low,1200,-1.2777192030763795,-71.60907995797281
park_low,1201,-1.9040425160179406,-11.497054473709955
park_low,1202,-0.3846082140731746,143.61206020193862
park_low,1203,-2.9629167882864063,-18.967894970779557
park_low,1204,-0.3846082140731746,143.61206020193862
park_low,1205,0.8601481858732961,3.740671897685413
park_low,1206,0.11099851007450934,-10.860010669485966
park_low,1207,0.8601481858732961,3.740671897685413
park_low,1208,0.19074386594892923,27.70649027062954
park_low,1209,-0.7174110770103554,-22.819809931167384
park_low,1210,0.7901723267567068,-22.981493662126752
park_low,1211,0.11099851007450934,-10.860010669485966
park_low,1212,-1.73128077980543,-46.36278031714696
park_low,1213,-1.8417110134599408,-54.51852415817845
park_low,1214,-0.3846082140731746,143.61206020193862
park_low,1215,0.30697557469618675,0.6152666868534027
park_low,1216,0.8601481858732961,3.740671897685413
park_low,1217,0.11099851007450934,-10.860010669485966
park_low,1218,-1.9040425160179406,-11.497054473709955
park_low,1219,-0.769805082236457,-17.70823703608844
park_low,1220,-1.9040425160179406,-11.497054473709955
park_low,1221,-1.8417110134599408,-54.51852415817845
park_low,1222,-1.085221871779888,-24.433095846084136
park_low,1223,-0.8723011223330264,-49.28859902301008
park_low,1224,0.19074386594892923,27.70649027062954
park_low,1225,-0.20988839445380336,-15.591836961473657
park_low,1226,-1.2777192030763795,-71.60907995797281
park_low,1227,-1.2724728989633642,-20.510445157912955
park_low,1228,-0.7727618497579098,-26.637138264365657
park_low,1229,-1.8417110134599408,-54.51852415817845
park_low,1230,-1.085221871779888,-24.433095846084136
park_low,1231,0.7901723267567068,-22.981493662126752
park_low,1232,-0.769805082236457,-17.70823703608844
park_low,1233,-1.2724728989633642,-20.510445157912955
park_low,1234,-0.7174110770103554,-22.819809931167384
park_low,1235,0.8601481858732961,3.740671897685413
park_low,1236,0.30697557469618675,0.6152666868534027
park_low,1237,0.30697557469618675,0.6152666868534027
park_low,1238,-0.7174110770103554,-22.819809931167384
park_low,1239,-1.73128077980543,-46.36278031714696
park_low,1240,0.11099851007450934,-10.860010669485966
park_low,1241,-1.9040425160179406,-11.497054473709955
park_low,1242,0.19074386594892923,27.70649027062954
park_low,1243,-1.2724728989633642,-20.510445157912955
park_low,1244,-2.9629167882864063,-18.967894970779557
park_low,1245,-0.7727618497579098,-26.637138264365657
park_low,1246,-0.3846082140731746,143.61206020193862
park_low,1247,-1.2724728989633642,-20.510445157912955
park_low,1248,-0.3846082140731746,143.61206020193862
park_low,1249,-0.8723011223330264,-49.28859902301008
park_low,1250,-0.7174110770103554,-22.819809931167384
park_low,1251,-1.2724728989633642,-20.510445157912955
park_low,1252,-0.8723011223330264,-49.28859902301008
park_low,1253,-0.7174110770103554,-22.819809931167384
park_low,1254,-1.2777192030763795,-71.60907995797281
park_low,1255,0.11099851007450934,-10.860010669485966
park_low,1256,-0.7174110770103554,-22.819809931167384
park_low,1257,-1.8417110134599408,-54.51852415817845
park_low,1258,-0.769805082236457,-17.70823703608844
park_low,1259,0.7901723267567068,-22.981493662126752
park_low,1260,-0.3846082140731746,143.61206020193862
park_low,1261,-0.769805082236457,-17.70823703608844
park_low,1262,-0.20988839445380336,-15.591836961473657
park_low,1263,-0.20988839445380336,-15.591836961473657
park_low,1264,-2.9629167882864063,-18.967894970779557
park_low,1265,-0.7174110770103554,-22.819809931167384
park_low,1266,-0.7174110770103554,-22.819809931167384
park_low,1267,-1.765169888109467,-35.3355137618874
park_low,1268,-1.73128077980543,-46.36278031714696
park_low,1269,0.19074386594892923,27.70649027062954
park_low,1270,-2.9629167882864063,-18.967894970779557
park_low,1271,-1.9040425160179406,-11.497054473709955
park_low,1272,0.30697557469618675,0.6152666868534027
park_low,1273,0.11099851007450934,-10.860010669485966
park_low,1274,-1.765169888109467,-35.3355137618874
park_low,1275,-2.9629167882864063,-18.967894970779557
park_low,1276,-1.085221871779888,-24.433095846084136
park_low,1277,-1.765169888109467,-35.3355137618874
park_low,1278,-1.085221871779888,-24.433095846084136
park_low,1279,0.19074386594892923,27.70649027062954
park_low,1280,0.30697557469618675,0.6152666868534027
park_low,1281,-1.2777192030763795,-71.60907995797281
park_low,1282,0.11099851007450934,-10.860010669485966
park_low,1283,-1.9040425160179406,-11.497054473709955
park_low,1284,-1.765169888109467,-35.3355137618874
park_low,1285,-2.9629167882864063,-18.967894970779557
park_low,1286,-1.9040425160179406,-11.497054473709955
park_low,1287,0.11099851007450934,-10.860010669485966
park_low,1288,-0.20988839445380336,-15.591836961473657
park_low,1289,0.7901723267567068,-22.981493662126752
park_low,1290,-1.2724728989633642,-20.510445157912955
park_low,1291,-0.20988839445380336,-15.591836961473657
park_low,1292,-0.7727618497579098,-26.637138264365657
park_low,1293,-0.769805082236457,-17.70823703608844
park_low,1294,-1.2777192030763795,-71.60907995797281
park_low,1295,0.30697557469618675,0.6152666868534027
park_low,1296,0.7901723267567068,-22.981493662126752
park_low,1297,-1.765169888109467,-35.3355137618874
park_low,1298,-0.7727618497579098,-26.637138264365657
park_low,1299,-1.8417110134599408,-54.51852415817845
park_low,1300,0.11099851007450934,-10.860010669485966
park_low,1301,0.8601481858732961,3.740671897685413
park_low,1302,-0.20988839445380336,-15.591836961473657
park_low,1303,-0.3846082140731746,143.61206020193862
park_low,1304,-2.9629167882864063,-18.967894970779557
park_low,1305,-1.73128077980543,-46.36278031714696
park_low,1306,-0.7727618497579098,-26.637138264365657
park_low,1307,-0.7174110770103554,-22.819809931167384
park_low,1308,-1.2724728989633642,-20.510445157912955
park_low,1309,0.11099851007450934,-10.860010669485966
park_low,1310,-1.2777192030763795,-71.60907995797281
park_low,1311,-0.3846082140731746,143.61206020193862
park_low,1312,-1.085221871779888,-24.433095846084136
park_low,1313,0.7901723267567068,-22.981493662126752
park_low,1314,0.11099851007450934,-10.860010669485966
park_low,1315,-2.9629167882864063,-18.967894970779557
park_low,1316,0.7901723267567068,-22.981493662126752
park_low,1317,-0.769805082236457,-17.70823703608844
park_low,1318,-0.8723011223330264,-49.28859902301008
park_low,1319,-1.2724728989633642,-20.510445157912955
park_low,1320,-0.7174110770103554,-22.819809931167384
park_low,1321,-1.085221871779888,-24.433095846084136
park_low,1322,-1.8417110134599408,-54.51852415817845
park_low,1323,0.19074386594892923,27.70649027062954
park_low,1324,-1.2724728989633642,-20.510445157912955
park_low,1325,-1.8417110134599408,-54.51852415817845
park_low,1326,0.30697557469618675,0.6152666868534027
park_low,1327,-1.9040425160179406,-11.497054473709955
park_low,1328,-0.20988839445380336,-15.591836961473657
park_low,1329,-1.765169888109467,-35.3355137618874
park_low,1330,-1.085221871779888,-24.433095846084136
park_low,1331,-1.73128077980543,-46.36278031714696
park_low,1332,-0.769805082236457,-17.70823703608844
park_low,1333,-1.765169888109467,-35.3355137618874
park_low,1334,-1.8417110134599408,-54.51852415817845
park_low,1335,0.8601481858732961,3.740671897685413
park_low,1336,0.7901723267567068,-22.981493662126752
park_low,1337,-0.769805082236457,-17.70823703608844
park_low,1338,-0.7727618497579098,-26.637138264365657
park_low,1339,-0.3846082140731746,143.61206020193862
park_low,1340,-1.73128077980543,-46.36278031714696
park_low,1341,-1.765169888109467,-35.3355137618874
park_low,1342,-0.8723011223330264,-49.28859902301008
park_low,1343,0.19074386594892923,27.70649027062954
park_low,1344,0.7901723267567068,-22.981493662126752
park_low,1345,-1.765169888109467,-35.3355137618874
park_low,1346,-0.8723011223330264,-49.28859902301008
park_low,1347,0.7901723267567068,-22.981493662126752
park_low,1348,0.30697557469618675,0.6152666868534027
park_low,1349,-1.2724728989633642,-20.510445157912955
park_low,1350,-0.8723011223330264,-49.28859902301008
park_low,1351,-0.7174110770103554,-22.819809931167384
park_low,1352,0.11099851007450934,-10.860010669485966
park_low,1353,0.30697557469618675,0.6152666868534027
park_low,1354,0.11099851007450934,-10.860010669485966
park_low,1355,0.7901723267567068,-22.981493662126752
park_low,1356,-1.9040425160179406,-11.497054473709955
park_low,1357,0.7901723267567068,-22.981493662126752
park_low,1358,-1.9040425160179406,-11.497054473709955
park_low,1359,-1.9040425160179406,-11.497054473709955
park_low,1360,-0.8723011223330264,-49.28859902301008
park_low,1361,-0.7727618497579098,-26.637138264365657
park_low,1362,0.30697557469618675,0.6152666868534027
park_low,1363,-0.3846082140731746,143.61206020193862
park_low,1364,-0.769805082236457,-17.70823703608844
park_low,1365,-0.7174110770103554,-22.819809931167384
park_low,1366,-0.3846082140731746,143.61206020193862
park_low,1367,-0.3846082140731746,143.61206020193862
park_low,1368,0.7901723267567068,-22.981493662126752
park_low,1369,0.30697557469618675,0.6152666868534027
park_low,1370,-1.73128077980543,-46.36278031714696
park_low,1371,0.7901723267567068,-22.981493662126752
park_low,1372,-0.7174110770103554,-22.819809931167384
park_low,1373,0.19074386594892923,27.70649027062954
park_low,1374,-2.9629167882864063,-18.967894970779557
park_low,1375,-0.3846082140731746,143.61206020193862
park_low,1376,-1.085221871779888,-24.433095846084136
park_low,1377,-1.73128077980543,-46.36278031714696
park_low,1378,-1.9040425160179406,-11.497054473709955
park_low,1379,-0.3846082140731746,143.61206020193862
park_low,1380,-1.2777192030763795,-71.60907995797281
park_low,1381,0.7901723267567068,-22.981493662126752
park_low,1382,-1.085221871779888,-24.433095846084136
park_low,1383,0.8601481858732961,3.740671897685413
park_low,1384,-0.7727618497579098,-26.637138264365657
park_low,1385,-0.20988839445380336,-15.591836961473657
park_low,1386,-1.73128077980543,-46.36278031714696
park_low,1387,0.8601481858732961,3.740671897685413
park_low,1388,-1.2724728989633642,-20.510445157912955
park_low,1389,-1.765169888109467,-35.3355137618874
park_low,1390,-1.2777192030763795,-71.60907995797281
park_low,1391,-0.3846082140731746,143.61206020193862
park_low,1392,-1.9040425160179406,-11.497054473709955
park_low,1393,0.30697557469618675,0.6152666868534027
park_low,1394,-0.7174110770103554,-22.819809931167384
park_low,1395,-1.2777192030763795,-71.60907995797281
park_low,1396,0.7901723267567068,-22.981493662126752
park_low,1397,-1.8417110134599408,-54.51852415817845
park_low,1398,0.11099851007450934,-10.860010669485966
park_low,1399,-1.2777192030763795,-71.60907995797281
park_low,1400,-0.7727618497579098,-26.637138264365657
park_low,1401,-0.3846082140731746,143.61206020193862
park_low,1402,-1.2724728989633642,-20.510445157912955
park_low,1403,0.30697557469618675,0.6152666868534027
park_low,1404,-1.2777192030763795,-71.60907995797281
park_low,1405,-1.2724728989633642,-20.510445157912955
park_low,1406,-0.3846082140731746,143.61206020193862
park_low,1407,-1.73128077980543,-46.36278031714696
park_low,1408,-1.9040425160179406,-11.497054473709955
park_low,1409,-1.9040425160179406,-11.497054473709955
park_low,1410,0.11099851007450934,-10.860010669485966
park_low,1411,-0.7727618497579098,-26.637138264365657
park_low,1412,0.19074386594892923,27.70649027062954
park_low,1413,-1.2777192030763795,-71.60907995797281
park_low,1414,-1.085221871779888,-24.433095846084136
park_low,1415,-1.2724728989633642,-20.510445157912955
park_low,1416,0.19074386594892923,27.70649027062954
park_low,1417,-1.085221871779888,-24.433095846084136
park_low,1418,-1.765169888109467,-35.3355137618874
park_low,1419,-0.7727618497579098,-26.637138264365657
park_low,1420,-1.73128077980543,-46.36278031714696
park_low,1421,-0.3846082140731746,143.61206020193862
park_low,1422,-1.8417110134599408,-54.51852415817845
park_low,1423,0.30697557469618675,0.6152666868534027
park_low,1424,0.19074386594892923,27.70649027062954
park_low,1425,-1.8417110134599408,-54.51852415817845
park_low,1426,-1.2777192030763795,-71.60907995797281
park_low,1427,-0.8723011223330264,-49.28859902301008
park_low,1428,0.11099851007450934,-10.860010669485966
park_low,1429,-1.2777192030763795,-71.60907995797281
park_low,1430,-0.7174110770103554,-22.819809931167384
park_low,1431,-0.20988839445380336,-15.591836961473657
park_low,1432,0.11099851007450934,-10.860010669485966
park_low,1433,0.11099851007450934,-10.860010669485966
park_low,1434,-1.9040425160179406,-11.497054473709955
park_low,1435,0.7901723267567068,-22.981493662126752
park_low,1436,0.19074386594892923,27.70649027062954
park_low,1437,-0.7727618497579098,-26.637138264365657
park_low,1438,-1.73128077980543,-46.36278031714696
park_low,1439,0.11099851007450934,-10.860010669485966
park_low,1440,0.30697557469618675,0.6152666868534027
park_low,1441,-2.9629167882864063,-18.967894970779557
park_low,1442,0.7901723267567068,-22.981493662126752
park_low,1443,-0.20988839445380336,-15.591836961473657
park_low,1444,-0.7727618497579098,-26.637138264365657
park_low,1445,-1.9040425160179406,-11.497054473709955
park_low,1446,-1.765169888109467,-35.3355137618874
park_low,1447,0.19074386594892923,27.70649027062954
park_low,1448,-1.085221871779888,-24.433095846084136
park_low,1449,-1.085221871779888,-24.433095846084136
park_low,1450,0.11099851007450934,-10.860010669485966
park_low,1451,-1.73128077980543,-46.36278031714696
park_low,1452,-0.20988839445380336,-15.591836961473657
park_low,1453,0.30697557469618675,0.6152666868534027
park_low,1454,-0.20988839445380336,-15.591836961473657
park_low,1455,0.7901723267567068,-22.981493662126752
park_low,1456,-0.3846082140731746,143.61206020193862
park_low,1457,-0.3846082140731746,143.61206020193862
park_low,1458,-1.085221871779888,-24.433095846084136
park_low,1459,0.7901723267567068,-22.981493662126752
park_low,1460,0.8601481858732961,3.740671897685413
park_low,1461,-0.7727618497579098,-26.637138264365657
park_low,1462,-0.8723011223330264,-49.28859902301008
park_low,1463,0.8601481858732961,3.740671897685413
park_low,1464,0.11099851007450934,-10.860010669485966
park_low,1465,-0.3846082140731746,143.61206020193862
park_low,1466,0.8601481858732961,3.740671897685413
park_low,1467,0.7901723267567068,-22.981493662126752
park_low,1468,0.30697557469618675,0.6152666868534027
park_low,1469,-0.20988839445380336,-15.591836961473657
park_low,1470,0.8601481858732961,3.740671897685413
park_low,1471,-2.9629167882864063,-18.967894970779557
park_low,1472,-1.2724728989633642,-20.510445157912955
park_low,1473,-0.769805082236457,-17.70823703608844
park_low,1474,0.30697557469618675,0.6152666868534027
park_low,1475,-0.20988839445380336,-15.591836961473657
park_low,1476,-1.73128077980543,-46.36278031714696
park_low,1477,-2.9629167882864063,-18.967894970779557
park_low,1478,-1.2724728989633642,-20.510445157912955
park_low,1479,-0.3846082140731746,143.61206020193862
park_low,1480,0.11099851007450934,-10.860010669485966
park_low,1481,-1.2777192030763795,-71.60907995797281
park_low,1482,-1.9040425160179406,-11.497054473709955
park_low,1483,0.11099851007450934,-10.860010669485966
park_low,1484,-1.8417110134599408,-54.51852415817845
park_low,1485,-1.2777192030763795,-71.60907995797281
park_low,1486,0.19074386594892923,27.70649027062954
park_low,1487,-2.9629167882864063,-18.967894970779557
park_low,1488,-0.8723011223330264,-49.28859902301008
park_low,1489,0.7901723267567068,-22.981493662126752
park_low,1490,-1.765169888109467,-35.3355137618874
park_low,1491,0.19074386594892923,27.70649027062954
park_low,1492,-0.7174110770103554,-22.819809931167384
park_low,1493,-2.9629167882864063,-18.967894970779557
park_low,1494,0.30697557469618675,0.6152666868534027
park_low,1495,-0.7727618497579098,-26.637138264365657
park_low,1496,-1.9040425160179406,-11.497054473709955
park_low,1497,0.11099851007450934,-10.860010669485966
park_low,1498,0.11099851007450934,-10.860010669485966
park_low,1499,-1.9040425160179406,-11.497054473709955
park_low,1500,-0.7727618497579098,-26.637138264365657
park_low,1501,-2.9629167882864063,-18.967894970779557
park_low,1502,-0.7727618497579098,-26.637138264365657
park_low,1503,0.19074386594892923,27.70649027062954
park_low,1504,0.30697557469618675,0.6152666868534027
park_low,1505,-2.9629167882864063,-18.967894970779557
park_low,1506,-0.7174110770103554,-22.819809931167384
park_low,1507,0.7901723267567068,-22.981493662126752
park_low,1508,-1.73128077980543,-46.36278031714696
park_low,1509,0.30697557469618675,0.6152666868534027
park_low,1510,-0.769805082236457,-17.70823703608844
park_low,1511,-0.7174110770103554,-22.819809931167384
park_low,1512,0.11099851007450934,-10.860010669485966
park_low,1513,0.19074386594892923,27.70649027062954
park_low,1514,-0.7174110770103554,-22.819809931167384
park_low,1515,-1.085221871779888,-24.433095846084136
park_low,1516,-1.9040425160179406,-11.497054473709955
park_low,1517,0.7901723267567068,-22.981493662126752
park_low,1518,0.7901723267567068,-22.981493662126752
park_low,1519,-0.20988839445380336,-15.591836961473657
park_low,1520,-1.085221871779888,-24.433095846084136
park_low,1521,-0.20988839445380336,-15.591836961473657
park_low,1522,-0.3846082140731746,143.61206020193862
park_low,1523,0.11099851007450934,-10.860010669485966
park_low,1524,-0.7174110770103554,-22.819809931167384
park_low,1525,0.8601481858732961,3.740671897685413
park_low,1526,0.7901723267567068,-22.981493662126752
park_low,1527,-1.8417110134599408,-54.51852415817845
park_low,1528,-0.7174110770103554,-22.819809931167384
park_low,1529,-1.8417110134599408,-54.51852415817845
park_low,1530,-1.73128077980543,-46.36278031714696
park_low,1531,-0.7727618497579098,-26.637138264365657
park_low,1532,-0.7174110770103554,-22.819809931167384
park_low,1533,-1.2724728989633642,-20.510445157912955
park_low,1534,0.7901723267567068,-22.981493662126752
park_low,1535,-1.2724728989633642,-20.510445157912955
park_low,1536,0.7901723267567068,-22.981493662126752
park_low,1537,-0.7727618497579098,-26.637138264365657
park_low,1538,-0.769805082236457,-17.70823703608844
park_low,1539,-0.8723011223330264,-49.28859902301008
park_low,1540,-0.769805082236457,-17.70823703608844
park_low,1541,-0.3846082140731746,143.61206020193862
park_low,1542,0.8601481858732961,3.740671897685413
park_low,1543,-0.20988839445380336,-15.591836961473657
park_low,1544,-0.8723011223330264,-49.28859902301008
park_low,1545,0.19074386594892923,27.70649027062954
park_low,1546,-1.9040425160179406,-11.497054473709955
park_low,1547,-2.9629167882864063,-18.967894970779557
park_low,1548,-0.769805082236457,-17.70823703608844
park_low,1549,-1.2777192030763795,-71.60907995797281
park_low,1550,-1.9040425160179406,-11.497054473709955
park_low,1551,-0.7174110770103554,-22.819809931167384
park_low,1552,-0.7174110770103554,-22.819809931167384
park_low,1553,-1.2724728989633642,-20.510445157912955
park_low,1554,-1.73128077980543,-46.36278031714696
park_low,1555,-0.8723011223330264,-49.28859902301008
park_low,1556,0.30697557469618675,0.6152666868534027
park_low,1557,-0.7727618497579098,-26.637138264365657
park_low,1558,-1.765169888109467,-35.3355137618874
park_low,1559,0.19074386594892923,27.70649027062954
park_low,1560,-0.7174110770103554,-22.819809931167384
park_low,1561,-0.7174110770103554,-22.819809931167384
park_low,1562,-0.20988839445380336,-15.591836961473657
park_low,1563,-1.73128077980543,-46.36278031714696
park_low,1564,-1.2777192030763795,-71.60907995797281
park_low,1565,0.19074386594892923,27.70649027062954
park_low,1566,-1.9040425160179406,-11.497054473709955
park_low,1567,-0.8723011223330264,-49.28859902301008
park_low,1568,-0.3846082140731746,143.61206020193862
park_low,1569,-0.3846082140731746,143.61206020193862
park_low,1570,-0.20988839445380336,-15.591836961473657
park_low,1571,-0.3846082140731746,143.61206020193862
park_low,1572,0.7901723267567068,-22.981493662126752
park_low,1573,0.8601481858732961,3.740671897685413
park_low,1574,-1.2724728989633642,-20.510445157912955
park_low,1575,0.30697557469618675,0.6152666868534027
park_low,1576,-0.769805082236457,-17.70823703608844
park_low,1577,-0.7727618497579098,-26.637138264365657
park_low,1578,-0.3846082140731746,143.61206020193862
park_low,1579,-1.085221871779888,-24.433095846084136
park_low,1580,0.30697557469618675,0.6152666868534027
park_low,1581,-1.085221871779888,-24.433095846084136
park_low,1582,-1.765169888109467,-35.3355137618874
park_low,1583,-0.769805082236457,-17.70823703608844
park_low,1584,0.11099851007450934,-10.860010669485966
park_low,1585,-2.9629167882864063,-18.967894970779557
park_low,1586,0.11099851007450934,-10.860010669485966
park_low,1587,-0.7727618497579098,-26.637138264365657
park_low,1588,-0.3846082140731746,143.61206020193862
park_low,1589,-0.20988839445380336,-15.591836961473657
park_low,1590,-1.8417110134599408,-54.51852415817845
park_low,1591,-1.085221871779888,-24.433095846084136
park_low,1592,-1.73128077980543,-46.36278031714696
park_low,1593,-1.8417110134599408,-54.51852415817845
park_low,1594,-1.8417110134599408,-54.51852415817845
park_low,1595,-1.765169888109467,-35.3355137618874
park_low,1596,-1.8417110134599408,-54.51852415817845
park_low,1597,-0.7174110770103554,-22.819809931167384
park_low,1598,-1.085221871779888,-24.433095846084136
park_low,1599,-0.7174110770103554,-22.819809931167384
park_low,1600,-1.2777192030763795,-71.60907995797281
park_low,1601,-0.20988839445380336,-15.591836961473657
park_low,1602,0.7901723267567068,-22.981493662126752
park_low,1603,-1.2724728989633642,-20.510445157912955
park_low,1604,-0.7727618497579098,-26.637138264365657
park_low,1605,-2.9629167882864063,-18.967894970779557
park_low,1606,-2.9629167882864063,-18.967894970779557
park_low,1607,-0.769805082236457,-17.70823703608844
park_low,1608,-1.2724728989633642,-20.510445157912955
park_low,1609,-1.2724728989633642,-20.510445157912955
park_low,1610,-0.8723011223330264,-49.28859902301008
park_low,1611,-0.20988839445380336,-15.591836961473657
park_low,1612,-1.765169888109467,-35.3355137618874
park_low,1613,-1.9040425160179406,-11.497054473709955
park_low,1614,-0.7727618497579098,-26.637138264365657
park_low,1615,-1.765169888109467,-35.3355137618874
park_low,1616,0.30697557469618675,0.6152666868534027
park_low,1617,-1.2777192030763795,-71.60907995797281
park_low,1618,-0.7174110770103554,-22.819809931167384
park_low,1619,-1.9040425160179406,-11.497054473709955
park_low,1620,-2.9629167882864063,-18.967894970779557
park_low,1621,-1.2777192030763795,-71.60907995797281
park_low,1622,-1.765169888109467,-35.3355137618874
park_low,1623,-0.7174110770103554,-22.819809931167384
park_low,1624,-0.8723011223330264,-49.28859902301008
park_low,1625,-1.765169888109467,-35.3355137618874
park_low,1626,0.11099851007450934,-10.860010669485966
park_low,1627,0.19074386594892923,27.70649027062954
park_low,1628,0.8601481858732961,3.740671897685413
park_low,1629,0.7901723267567068,-22.981493662126752
park_low,1630,-1.73128077980543,-46.36278031714696
park_low,1631,0.19074386594892923,27.70649027062954
park_low,1632,0.11099851007450934,-10.860010669485966
park_low,1633,-0.20988839445380336,-15.591836961473657
park_low,1634,-1.2724728989633642,-20.510445157912955
park_low,1635,-0.769805082236457,-17.70823703608844
park_low,1636,-0.3846082140731746,143.61206020193862
park_low,1637,-0.7727618497579098,-26.637138264365657
park_low,1638,-0.20988839445380336,-15.591836961473657
park_low,1639,-1.765169888109467,-35.3355137618874
park_low,1640,0.8601481858732961,3.740671897685413
park_low,1641,0.8601481858732961,3.740671897685413
park_low,1642,-0.7727618497579098,-26.637138264365657
park_low,1643,-1.765169888109467,-35.3355137618874
park_low,1644,0.8601481858732961,3.740671897685413
park_low,1645,-0.8723011223330264,-49.28859902301008
park_low,1646,0.8601481858732961,3.740671897685413
park_low,1647,0.30697557469618675,0.6152666868534027
park_low,1648,-0.769805082236457,-17.70823703608844
park_low,1649,-2.9629167882864063,-18.967894970779557
park_low,1650,-1.085221871779888,-24.433095846084136
park_low,1651,-1.2777192030763795,-71.60907995797281
park_low,1652,-0.3846082140731746,143.61206020193862
park_low,1653,-0.8723011223330264,-49.28859902301008
park_low,1654,-1.9040425160179406,-11.497054473709955
park_low,1655,-0.7727618497579098,-26.637138264365657
park_low,1656,-0.7727618497579098,-26.637138264365657
park_low,1657,-1.2777192030763795,-71.60907995797281
park_low,1658,-0.20988839445380336,-15.591836961473657
park_low,1659,0.11099851007450934,-10.860010669485966
park_low,1660,0.19074386594892923,27.70649027062954
park_low,1661,-0.7727618497579098,-26.637138264365657
park_low,1662,-0.8723011223330264,-49.28859902301008
park_low,1663,-0.769805082236457,-17.70823703608844
park_low,1664,-2.9629167882864063,-18.967894970779557
park_low,1665,-0.7727618497579098,-26.637138264365657
park_low,1666,0.30697557469618675,0.6152666868534027
park_low,1667,-1.2724728989633642,-20.510445157912955
park_low,1668,-1.9040425160179406,-11.497054473709955
park_low,1669,0.19074386594892923,27.70649027062954
park_low,1670,-2.9629167882864063,-18.967894970779557
park_low,1671,-1.8417110134599408,-54.51852415817845
park_low,1672,-1.8417110134599408,-54.51852415817845
park_low,1673,-1.8417110134599408,-54.51852415817845
park_low,1674,-1.73128077980543,-46.36278031714696
park_low,1675,-1.085221871779888,-24.433095846084136
park_low,1676,-0.7727618497579098,-26.637138264365657
park_low,1677,0.19074386594892923,27.70649027062954
park_low,1678,-0.20988839445380336,-15.591836961473657
park_low,1679,-1.765169888109467,-35.3355137618874
park_low,1680,0.8601481858732961,3.740671897685413
park_low,1681,0.11099851007450934,-10.860010669485966
park_low,1682,-1.085221871779888,-24.433095846084136
park_low,1683,-0.769805082236457,-17.70823703608844
park_low,1684,0.8601481858732961,3.740671897685413
park_low,1685,-0.769805082236457,-17.70823703608844
park_low,1686,-1.2777192030763795,-71.60907995797281
park_low,1687,-0.8723011223330264,-49.28859902301008
park_low,1688,-2.9629167882864063,-18.967894970779557
park_low,1689,-0.3846082140731746,143.61206020193862
park_low,1690,-0.7727618497579098,-26.637138264365657
park_low,1691,-1.73128077980543,-46.36278031714696
park_low,1692,-1.8417110134599408,-54.51852415817845
park_low,1693,-1.8417110134599408,-54.51852415817845
park_low,1694,-1.085221871779888,-24.433095846084136
park_low,1695,0.8601481858732961,3.740671897685413
park_low,1696,-0.7174110770103554,-22.819809931167384
park_low,1697,-1.73128077980543,-46.36278031714696
park_low,1698,-0.769805082236457,-17.70823703608844
park_low,1699,-1.73128077980543,-46.36278031714696
park_low,1700,-0.769805082236457,-17.70823703608844
park_low,1701,-0.3846082140731746,143.61206020193862
park_low,1702,-2.9629167882864063,-18.967894970779557
park_low,1703,-1.8417110134599408,-54.51852415817845
park_low,1704,-1.765169888109467,-35.3355137618874
park_low,1705,-1.9040425160179406,-11.497054473709955
park_low,1706,0.19074386594892923,27.70649027062954
park_low,1707,-2.9629167882864063,-18.967894970779557
park_low,1708,-0.3846082140731746,143.61206020193862
park_low,1709,-0.20988839445380336,-15.591836961473657
park_low,1710,-1.73128077980543,-46.36278031714696
park_low,1711,-1.8417110134599408,-54.51852415817845
park_low,1712,0.8601481858732961,3.740671897685413
park_low,1713,0.19074386594892923,27.70649027062954
park_low,1714,-0.7174110770103554,-22.819809931167384
park_low,1715,-0.8723011223330264,-49.28859902301008
park_low,1716,-0.7727618497579098,-26.637138264365657
park_low,1717,-0.8723011223330264,-49.28859902301008
park_low,1718,-1.73128077980543,-46.36278031714696
park_low,1719,-0.3846082140731746,143.61206020193862
park_low,1720,-0.8723011223330264,-49.28859902301008
park_low,1721,-1.2777192030763795,-71.60907995797281
park_low,1722,-0.7174110770103554,-22.819809931167384
park_low,1723,0.7901723267567068,-22.981493662126752
park_low,1724,-0.7174110770103554,-22.819809931167384
park_low,1725,-1.2724728989633642,-20.510445157912955
park_low,1726,-1.9040425160179406,-11.497054473709955
park_low,1727,-1.73128077980543,-46.36278031714696
park_low,1728,-1.765169888109467,-35.3355137618874
park_low,1729,-1.2777192030763795,-71.60907995797281
park_low,1730,-0.7727618497579098,-26.637138264365657
park_low,1731,-0.8723011223330264,-49.28859902301008
park_low,1732,-1.085221871779888,-24.433095846084136
park_low,1733,0.7901723267567068,-22.981493662126752
park_low,1734,-0.20988839445380336,-15.591836961473657
park_low,1735,0.30697557469618675,0.6152666868534027
park_low,1736,0.30697557469618675,0.6152666868534027
park_low,1737,-1.73128077980543,-46.36278031714696
park_low,1738,-1.765169888109467,-35.3355137618874
park_low,1739,-1.73128077980543,-46.36278031714696
park_low,1740,-2.9629167882864063,-18.967894970779557
park_low,1741,-0.20988839445380336,-15.591836961473657
park_low,1742,-0.20988839445380336,-15.591836961473657
park_low,1743,-0.7174110770103554,-22.819809931167384
park_low,1744,-1.73128077980543,-46.36278031714696
park_low,1745,0.7901723267567068,-22.981493662126752
park_low,1746,-1.8417110134599408,-54.51852415817845
park_low,1747,-1.2777192030763795,-71.60907995797281
park_low,1748,0.8601481858732961,3.740671897685413
park_low,1749,-1.765169888109467,-35.3355137618874
park_low,1750,-1.085221871779888,-24.433095846084136
park_low,1751,0.8601481858732961,3.740671897685413
park_low,1752,0.19074386594892923,27.70649027062954
park_low,1753,0.11099851007450934,-10.860010669485966
park_low,1754,-1.2777192030763795,-71.60907995797281
park_low,1755,-0.3846082140731746,143.61206020193862
park_low,1756,-1.8417110134599408,-54.51852415817845
park_low,1757,-1.2777192030763795,-71.60907995797281
park_low,1758,-0.8723011223330264,-49.28859902301008
park_low,1759,-0.7727618497579098,-26.637138264365657
park_low,1760,-0.8723011223330264,-49.28859902301008
park_low,1761,-0.3846082140731746,143.61206020193862
park_low,1762,-1.2724728989633642,-20.510445157912955
park_low,1763,0.30697557469618675,0.6152666868534027
park_low,1764,-0.769805082236457,-17.70823703608844
park_low,1765,0.30697557469618675,0.6152666868534027
park_low,1766,-0.8723011223330264,-49.28859902301008
park_low,1767,-0.7727618497579098,-26.637138264365657
park_low,1768,-1.73128077980543,-46.36278031714696
park_low,1769,0.19074386594892923,27.70649027062954
park_low,1770,0.30697557469618675,0.6152666868534027
park_low,1771,-0.769805082236457,-17.70823703608844
park_low,1772,0.30697557469618675,0.6152666868534027
park_low,1773,-1.9040425160179406,-11.497054473709955
park_low,1774,-0.20988839445380336,-15.591836961473657
park_low,1775,-1.73128077980543,-46.36278031714696
park_low,1776,-0.7727618497579098,-26.637138264365657
park_low,1777,-1.9040425160179406,-11.497054473709955
park_low,1778,-0.8723011223330264,-49.28859902301008
park_low,1779,0.8601481858732961,3.740671897685413
park_low,1780,-2.9629167882864063,-18.967894970779557
park_low,1781,-1.765169888109467,-35.3355137618874
park_low,1782,0.11099851007450934,-10.860010669485966
park_low,1783,0.8601481858732961,3.740671897685413
park_low,1784,-0.769805082236457,-17.70823703608844
park_low,1785,0.7901723267567068,-22.981493662126752
park_low,1786,-0.7727618497579098,-26.637138264365657
park_low,1787,-2.9629167882864063,-18.967894970779557
park_low,1788,0.30697557469618675,0.6152666868534027
park_low,1789,0.30697557469618675,0.6152666868534027
park_low,1790,-0.20988839445380336,-15.591836961473657
park_low,1791,0.30697557469618675,0.6152666868534027
park_low,1792,0.19074386594892923,27.70649027062954
park_low,1793,-0.769805082236457,-17.70823703608844
park_low,1794,-0.20988839445380336,-15.591836961473657
park_low,1795,0.8601481858732961,3.740671897685413
park_low,1796,-1.2777192030763795,-71.60907995797281
park_low,1797,-0.769805082236457,-17.70823703608844
park_low,1798,-0.3846082140731746,143.61206020193862
park_low,1799,-0.7174110770103554,-22.819809931167384
park_low,1800,-2.9629167882864063,-18.967894970779557
park_low,1801,-1.085221871779888,-24.433095846084136
park_low,1802,-0.7727618497579098,-26.637138264365657
park_low,1803,0.11099851007450934,-10.860010669485966
park_low,1804,-0.20988839445380336,-15.591836961473657
park_low,1805,0.19074386594892923,27.70649027062954
park_low,1806,-1.085221871779888,-24.433095846084136
park_low,1807,-1.73128077980543,-46.36278031714696
park_low,1808,-1.9040425160179406,-11.497054473709955
park_low,1809,-1.73128077980543,-46.36278031714696
park_low,1810,-1.9040425160179406,-11.497054473709955
park_low,1811,-1.765169888109467,-35.3355137618874
park_low,1812,-1.765169888109467,-35.3355137618874
park_low,1813,-0.7727618497579098,-26.637138264365657
park_low,1814,-2.9629167882864063,-18.967894970779557
park_low,1815,-2.9629167882864063,-18.967894970779557
park_low,1816,-0.8723011223330264,-49.28859902301008
park_low,1817,-1.8417110134599408,-54.51852415817845
park_low,1818,-0.8723011223330264,-49.28859902301008
park_low,1819,-0.8723011223330264,-49.28859902301008
park_low,1820,0.7901723267567068,-22.981493662126752
park_low,1821,0.7901723267567068,-22.981493662126752
park_low,1822,-1.2724728989633642,-20.510445157912955
park_low,1823,-0.20988839445380336,-15.591836961473657
park_low,1824,-0.3846082140731746,143.61206020193862
park_low,1825,-1.73128077980543,-46.36278031714696
park_low,1826,-1.2724728989633642,-20.510445157912955
park_low,1827,-0.7727618497579098,-26.637138264365657
park_low,1828,0.8601481858732961,3.740671897685413
park_low,1829,0.30697557469618675,0.6152666868534027
park_low,1830,-0.8723011223330264,-49.28859902301008
park_low,1831,-0.769805082236457,-17.70823703608844
park_low,1832,-1.8417110134599408,-54.51852415817845
park_low,1833,-1.085221871779888,-24.433095846084136
park_low,1834,0.30697557469618675,0.6152666868534027
park_low,1835,0.11099851007450934,-10.860010669485966
park_low,1836,-1.085221871779888,-24.433095846084136
park_low,1837,-0.3846082140731746,143.61206020193862
park_low,1838,-1.8417110134599408,-54.51852415817845
park_low,1839,-0.20988839445380336,-15.591836961473657
park_low,1840,-1.085221871779888,-24.433095846084136
park_low,1841,-0.7174110770103554,-22.819809931167384
park_low,1842,0.8601481858732961,3.740671897685413
park_low,1843,-1.085221871779888,-24.433095846084136
park_low,1844,-2.9629167882864063,-18.967894970779557
park_low,1845,-1.2724728989633642,-20.510445157912955
park_low,1846,-0.3846082140731746,143.61206020193862
park_low,1847,-1.2777192030763795,-71.60907995797281
park_low,1848,-0.20988839445380336,-15.591836961473657
park_low,1849,-1.2777192030763795,-71.60907995797281
park_low,1850,-0.8723011223330264,-49.28859902301008
park_low,1851,-1.2777192030763795,-71.60907995797281
park_low,1852,0.19074386594892923,27.70649027062954
park_low,1853,0.11099851007450934,-10.860010669485966
park_low,1854,-1.085221871779888,-24.433095846084136
park_low,1855,-2.9629167882864063,-18.967894970779557
park_low,1856,-1.73128077980543,-46.36278031714696
park_low,1857,-1.9040425160179406,-11.497054473709955
park_low,1858,-1.765169888109467,-35.3355137618874
park_low,1859,-0.769805082236457,-17.70823703608844
park_low,1860,-0.8723011223330264,-49.28859902301008
park_low,1861,0.19074386594892923,27.70649027062954
park_low,1862,-0.7174110770103554,-22.819809931167384
park_low,1863,-1.73128077980543,-46.36278031714696
park_low,1864,-1.2724728989633642,-20.510445157912955
park_low,1865,-0.7727618497579098,-26.637138264365657
park_low,1866,-0.3846082140731746,143.61206020193862
park_low,1867,0.11099851007450934,-10.860010669485966
park_low,1868,-0.7174110770103554,-22.819809931167384
park_low,1869,-0.769805082236457,-17.70823703608844
park_low,1870,-2.9629167882864063,-18.967894970779557
park_low,1871,0.11099851007450934,-10.860010669485966
park_low,1872,-0.7174110770103554,-22.819809931167384
park_low,1873,-0.20988839445380336,-15.591836961473657
park_low,1874,-1.73128077980543,-46.36278031714696
park_low,1875,-0.20988839445380336,-15.591836961473657
park_low,1876,-1.9040425160179406,-11.497054473709955
park_low,1877,-1.8417110134599408,-54.51852415817845
park_low,1878,-0.769805082236457,-17.70823703608844
park_low,1879,0.19074386594892923,27.70649027062954
park_low,1880,-2.9629167882864063,-18.967894970779557
park_low,1881,-1.765169888109467,-35.3355137618874
park_low,1882,-0.7727618497579098,-26.637138264365657
park_low,1883,0.19074386594892923,27.70649027062954
park_low,1884,-1.2724728989633642,-20.510445157912955
park_low,1885,-1.2777192030763795,-71.60907995797281
park_low,1886,-0.769805082236457,-17.70823703608844
park_low,1887,0.19074386594892923,27.70649027062954
park_low,1888,0.19074386594892923,27.70649027062954
park_low,1889,-1.765169888109467,-35.3355137618874
park_low,1890,-0.20988839445380336,-15.591836961473657
park_low,1891,-0.7174110770103554,-22.819809931167384
park_low,1892,0.8601481858732961,3.740671897685413
park_low,1893,-1.73128077980543,-46.36278031714696
park_low,1894,-1.2777192030763795,-71.60907995797281
park_low,1895,-1.73128077980543,-46.36278031714696
park_low,1896,-0.20988839445380336,-15.591836961473657
park_low,1897,-0.8723011223330264,-49.28859902301008
park_low,1898,0.8601481858732961,3.740671897685413
park_low,1899,-0.7174110770103554,-22.819809931167384
park_low,1900,-1.73128077980543,-46.36278031714696
park_low,1901,-0.7174110770103554,-22.819809931167384
park_low,1902,-0.7727618497579098,-26.637138264365657
park_low,1903,-0.20988839445380336,-15.591836961473657
park_low,1904,-0.3846082140731746,143.61206020193862
park_low,1905,-1.2777192030763795,-71.60907995797281
park_low,1906,0.8601481858732961,3.740671897685413
park_low,1907,0.19074386594892923,27.70649027062954
park_low,1908,-0.3846082140731746,143.61206020193862
park_low,1909,-0.20988839445380336,-15.591836961473657
park_low,1910,-1.8417110134599408,-54.51852415817845
park_low,1911,-0.7727618497579098,-26.637138264365657
park_low,1912,-1.765169888109467,-35.3355137618874
park_low,1913,-0.7727618497579098,-26.637138264365657
park_low,1914,0.19074386594892923,27.70649027062954
park_low,1915,0.11099851007450934,-10.860010669485966
park_low,1916,-2.9629167882864063,-18.967894970779557
park_low,1917,-1.9040425160179406,-11.497054473709955
park_low,1918,-0.3846082140731746,143.61206020193862
park_low,1919,-1.765169888109467,-35.3355137618874
park_low,1920,-0.20988839445380336,-15.591836961473657
park_low,1921,0.11099851007450934,-10.860010669485966
park_low,1922,-0.20988839445380336,-15.591836961473657
park_low,1923,-0.7727618497579098,-26.637138264365657
park_low,1924,-1.9040425160179406,-11.497054473709955
park_low,1925,-1.2724728989633642,-20.510445157912955
park_low,1926,-0.7727618497579098,-26.637138264365657
park_low,1927,0.19074386594892923,27.70649027062954
park_low,1928,-1.2724728989633642,-20.510445157912955
park_low,1929,-2.9629167882864063,-18.967894970779557
park_low,1930,-1.73128077980543,-46.36278031714696
park_low,1931,-1.2724728989633642,-20.510445157912955
park_low,1932,-0.7727618497579098,-26.637138264365657
park_low,1933,-1.8417110134599408,-54.51852415817845
park_low,1934,0.7901723267567068,-22.981493662126752
park_low,1935,0.30697557469618675,0.6152666868534027
park_low,1936,-0.8723011223330264,-49.28859902301008
park_low,1937,-1.765169888109467,-35.3355137618874
park_low,1938,-0.3846082140731746,143.61206020193862
park_low,1939,0.11099851007450934,-10.860010669485966
park_low,1940,-2.9629167882864063,-18.967894970779557
park_low,1941,-1.73128077980543,-46.36278031714696
park_low,1942,-1.2724728989633642,-20.510445157912955
park_low,1943,-1.085221871779888,-24.433095846084136
park_low,1944,-1.2777192030763795,-71.60907995797281
park_low,1945,0.8601481858732961,3.740671897685413
park_low,1946,-0.7174110770103554,-22.819809931167384
park_low,1947,0.11099851007450934,-10.860010669485966
park_low,1948,0.19074386594892923,27.70649027062954
park_low,1949,-0.20988839445380336,-15.591836961473657
park_low,1950,-1.2777192030763795,-71.60907995797281
park_low,1951,-0.8723011223330264,-49.28859902301008
park_low,1952,-1.73128077980543,-46.36278031714696
park_low,1953,0.8601481858732961,3.740671897685413
park_low,1954,-0.3846082140731746,143.61206020193862
park_low,1955,-0.8723011223330264,-49.28859902301008
park_low,1956,-2.9629167882864063,-18.967894970779557
park_low,1957,-1.085221871779888,-24.433095846084136
park_low,1958,0.7901723267567068,-22.981493662126752
park_low,1959,0.8601481858732961,3.740671897685413
park_low,1960,-0.769805082236457,-17.70823703608844
park_low,1961,-1.2724728989633642,-20.510445157912955
park_low,1962,-1.085221871779888,-24.433095846084136
park_low,1963,-0.7174110770103554,-22.819809931167384
park_low,1964,-0.3846082140731746,143.61206020193862
park_low,1965,-0.20988839445380336,-15.591836961473657
park_low,1966,-1.2777192030763795,-71.60907995797281
park_low,1967,0.19074386594892923,27.70649027062954
park_low,1968,-2.9629167882864063,-18.967894970779557
park_low,1969,0.11099851007450934,-10.860010669485966
park_low,1970,0.7901723267567068,-22.981493662126752
park_low,1971,-1.2724728989633642,-20.510445157912955
park_low,1972,0.11099851007450934,-10.860010669485966
park_low,1973,0.7901723267567068,-22.981493662126752
park_low,1974,-1.73128077980543,-46.36278031714696
park_low,1975,0.30697557469618675,0.6152666868534027
park_low,1976,0.8601481858732961,3.740671897685413
park_low,1977,-1.765169888109467,-35.3355137618874
park_low,1978,-0.20988839445380336,-15.591836961473657
park_low,1979,-1.765169888109467,-35.3355137618874
park_low,1980,-0.8723011223330264,-49.28859902301008
park_low,1981,0.7901723267567068,-22.981493662126752
park_low,1982,-0.8723011223330264,-49.28859902301008
park_low,1983,-1.765169888109467,-35.3355137618874
park_low,1984,-0.769805082236457,-17.70823703608844
park_low,1985,-0.20988839445380336,-15.591836961473657
park_low,1986,0.7901723267567068,-22.981493662126752
park_low,1987,-0.8723011223330264,-49.28859902301008
park_low,1988,0.11099851007450934,-10.860010669485966
park_low,1989,0.8601481858732961,3.740671897685413
park_low,1990,-1.9040425160179406,-11.497054473709955
park_low,1991,-1.8417110134599408,-54.51852415817845
park_low,1992,-0.20988839445380336,-15.591836961473657
park_low,1993,-1.765169888109467,-35.3355137618874
park_low,1994,0.8601481858732961,3.740671897685413
park_low,1995,-1.73128077980543,-46.36278031714696
park_low,1996,-0.20988839445380336,-15.591836961473657
park_low,1997,-1.73128077980543,-46.36278031714696
park_low,1998,-1.085221871779888,-24.433095846084136
park_low,1999,-0.20988839445380336,-15.591836961473657
park_low,2000,-1.2724728989633642,-20.510445157912955
park_low,2001,-1.2724728989633642,-20.510445157912955
park_low,2002,-2.9629167882864063,-18.967894970779557
park_low,2003,-0.769805082236457,-17.70823703608844
park_low,2004,-0.769805082236457,-17.70823703608844
park_low,2005,-0.3846082140731746,143.61206020193862
park_low,2006,0.7901723267567068,-22.981493662126752
park_low,2007,-0.8723011223330264,-49.28859902301008
park_low,2008,0.30697557469618675,0.6152666868534027
park_low,2009,0.8601481858732961,3.740671897685413
park_low,2010,-1.085221871779888,-24.433095846084136
park_low,2011,-1.765169888109467,-35.3355137618874
park_low,2012,-2.9629167882864063,-18.967894970779557
park_low,2013,-1.73128077980543,-46.36278031714696
park_low,2014,-1.9040425160179406,-11.497054473709955
park_low,2015,-1.765169888109467,-35.3355137618874
park_low,2016,-0.769805082236457,-17.70823703608844
park_low,2017,-2.9629167882864063,-18.967894970779557
park_low,2018,-1.085221871779888,-24.433095846084136
park_low,2019,-1.73128077980543,-46.36278031714696
park_low,2020,-1.8417110134599408,-54.51852415817845
park_low,2021,0.11099851007450934,-10.860010669485966
park_low,2022,-0.8723011223330264,-49.28859902301008
park_low,2023,-1.2724728989633642,-20.510445157912955
park_low,2024,-0.7174110770103554,-22.819809931167384
park_low,2025,-0.8723011223330264,-49.28859902301008
park_low,2026,0.8601481858732961,3.740671897685413
park_low,2027,-0.7727618497579098,-26.637138264365657
park_low,2028,-0.7174110770103554,-22.819809931167384
park_low,2029,-0.20988839445380336,-15.591836961473657
park_low,2030,-1.085221871779888,-24.433095846084136
park_low,2031,-0.7174110770103554,-22.819809931167384
park_low,2032,-0.769805082236457,-17.70823703608844
park_low,2033,-1.085221871779888,-24.433095846084136
park_low,2034,-0.769805082236457,-17.70823703608844
park_low,2035,0.11099851007450934,-10.860010669485966
park_low,2036,-1.8417110134599408,-54.51852415817845
park_low,2037,-0.769805082236457,-17.70823703608844
park_low,2038,0.11099851007450934,-10.860010669485966
park_low,2039,-0.7174110770103554,-22.819809931167384
park_low,2040,0.11099851007450934,-10.860010669485966
park_low,2041,-1.765169888109467,-35.3355137618874
park_low,2042,-0.7727618497579098,-26.637138264365657
park_low,2043,-2.9629167882864063,-18.967894970779557
park_low,2044,0.7901723267567068,-22.981493662126752
park_low,2045,0.11099851007450934,-10.860010669485966
park_low,2046,-0.8723011223330264,-49.28859902301008
park_low,2047,-1.085221871779888,-24.433095846084136
park_low,2048,-1.765169888109467,-35.3355137618874
park_low,2049,-1.73128077980543,-46.36278031714696
park_low,2050,-1.9040425160179406,-11.497054473709955
park_low,2051,-1.9040425160179406,-11.497054473709955
park_low,2052,-0.769805082236457,-17.70823703608844
park_low,2053,-0.7727618497579098,-26.637138264365657
park_low,2054,-0.769805082236457,-17.70823703608844
park_low,2055,-0.8723011223330264,-49.28859902301008
park_low,2056,-1.765169888109467,-35.3355137618874
park_low,2057,-0.7174110770103554,-22.819809931167384
park_low,2058,-1.085221871779888,-24.433095846084136
park_low,2059,-1.765169888109467,-35.3355137618874
park_low,2060,0.19074386594892923,27.70649027062954
park_low,2061,-1.73128077980543,-46.36278031714696
park_low,2062,0.19074386594892923,27.70649027062954
park_low,2063,-1.73128077980543,-46.36278031714696
park_low,2064,-1.8417110134599408,-54.51852415817845
park_low,2065,-1.765169888109467,-35.3355137618874
park_low,2066,-0.20988839445380336,-15.591836961473657
park_low,2067,-1.9040425160179406,-11.497054473709955
park_low,2068,0.30697557469618675,0.6152666868534027
park_low,2069,0.7901723267567068,-22.981493662126752
park_low,2070,0.30697557469618675,0.6152666868534027
park_low,2071,-0.7727618497579098,-26.637138264365657
park_low,2072,-0.20988839445380336,-15.591836961473657
park_low,2073,-1.765169888109467,-35.3355137618874
park_low,2074,-1.73128077980543,-46.36278031714696
park_low,2075,-0.3846082140731746,143.61206020193862
park_low,2076,-0.3846082140731746,143.61206020193862
park_low,2077,0.30697557469618675,0.6152666868534027
park_low,2078,-0.20988839445380336,-15.591836961473657
park_low,2079,0.11099851007450934,-10.860010669485966
park_low,2080,0.8601481858732961,3.740671897685413
park_low,2081,-1.9040425160179406,-11.497054473709955
park_low,2082,0.19074386594892923,27.70649027062954
park_low,2083,-1.73128077980543,-46.36278031714696
park_low,2084,-1.8417110134599408,-54.51852415817845
park_low,2085,-1.8417110134599408,-54.51852415817845
park_low,2086,-1.73128077980543,-46.36278031714696
park_low,2087,-0.7174110770103554,-22.819809931167384
park_low,2088,0.19074386594892923,27.70649027062954
park_low,2089,0.30697557469618675,0.6152666868534027
park_low,2090,-0.7174110770103554,-22.819809931167384
park_low,2091,-0.769805082236457,-17.70823703608844
park_low,2092,0.30697557469618675,0.6152666868534027
park_low,2093,0.30697557469618675,0.6152666868534027
park_low,2094,0.8601481858732961,3.740671897685413
park_low,2095,-0.769805082236457,-17.70823703608844
park_low,2096,-0.20988839445380336,-15.591836961473657
park_low,2097,-1.085221871779888,-24.433095846084136
park_low,2098,-1.2724728989633642,-20.510445157912955
park_low,2099,-2.9629167882864063,-18.967894970779557
park_low,2100,-0.20988839445380336,-15.591836961473657
park_low,2101,-1.2724728989633642,-20.510445157912955
park_low,2102,-1.9040425160179406,-11.497054473709955
park_low,2103,0.7901723267567068,-22.981493662126752
park_low,2104,-1.2777192030763795,-71.60907995797281
park_low,2105,0.19074386594892923,27.70649027062954
park_low,2106,-0.20988839445380336,-15.591836961473657
park_low,2107,-0.7174110770103554,-22.819809931167384
park_low,2108,-1.73128077980543,-46.36278031714696
park_low,2109,-1.2724728989633642,-20.510445157912955
park_low,2110,-0.3846082140731746,143.61206020193862
park_low,2111,-1.8417110134599408,-54.51852415817845
park_low,2112,-1.2777192030763795,-71.60907995797281
park_low,2113,0.8601481858732961,3.740671897685413
park_low,2114,-0.8723011223330264,-49.28859902301008
park_low,2115,0.7901723267567068,-22.981493662126752
park_low,2116,-0.20988839445380336,-15.591836961473657
park_low,2117,-1.765169888109467,-35.3355137618874
park_low,2118,-0.769805082236457,-17.70823703608844
park_low,2119,-0.3846082140731746,143.61206020193862
park_low,2120,0.19074386594892923,27.70649027062954
park_low,2121,0.7901723267567068,-22.981493662126752
park_low,2122,-0.7174110770103554,-22.819809931167384
park_low,2123,-0.3846082140731746,143.61206020193862
park_low,2124,0.30697557469618675,0.6152666868534027
park_low,2125,-1.2724728989633642,-20.510445157912955
park_low,2126,-1.765169888109467,-35.3355137618874
park_low,2127,-0.7727618497579098,-26.637138264365657
park_low,2128,0.19074386594892923,27.70649027062954
park_low,2129,-1.085221871779888,-24.433095846084136
park_low,2130,-0.3846082140731746,143.61206020193862
park_low,2131,-1.2777192030763795,-71.60907995797281
park_low,2132,-1.73128077980543,-46.36278031714696
park_low,2133,-0.3846082140731746,143.61206020193862
park_low,2134,0.30697557469618675,0.6152666868534027
park_low,2135,-0.7727618497579098,-26.637138264365657
park_low,2136,0.7901723267567068,-22.981493662126752
park_low,2137,-0.8723011223330264,-49.28859902301008
park_low,2138,-0.769805082236457,-17.70823703608844
park_low,2139,-1.765169888109467,-35.3355137618874
park_low,2140,0.30697557469618675,0.6152666868534027
park_low,2141,0.11099851007450934,-10.860010669485966
park_low,2142,-0.20988839445380336,-15.591836961473657
park_low,2143,-1.2724728989633642,-20.510445157912955
park_low,2144,-2.9629167882864063,-18.967894970779557
park_low,2145,-1.765169888109467,-35.3355137618874
park_low,2146,-2.9629167882864063,-18.967894970779557
park_low,2147,-1.2777192030763795,-71.60907995797281
park_low,2148,-1.2724728989633642,-20.510445157912955
park_low,2149,0.7901723267567068,-22.981493662126752
park_low,2150,0.30697557469618675,0.6152666868534027
park_low,2151,-1.73128077980543,-46.36278031714696
park_low,2152,-1.2724728989633642,-20.510445157912955
park_low,2153,0.8601481858732961,3.740671897685413
park_low,2154,-0.8723011223330264,-49.28859902301008
park_low,2155,-0.769805082236457,-17.70823703608844
park_low,2156,-0.20988839445380336,-15.591836961473657
park_low,2157,-0.769805082236457,-17.70823703608844
park_low,2158,-0.3846082140731746,143.61206020193862
park_low,2159,-1.8417110134599408,-54.51852415817845
park_low,2160,-1.9040425160179406,-11.497054473709955
park_low,2161,-0.769805082236457,-17.70823703608844
park_low,2162,0.8601481858732961,3.740671897685413
park_low,2163,-1.085221871779888,-24.433095846084136
park_low,2164,-1.8417110134599408,-54.51852415817845
park_low,2165,0.7901723267567068,-22.981493662126752
park_low,2166,-1.2777192030763795,-71.60907995797281
park_low,2167,-0.3846082140731746,143.61206020193862
park_low,2168,-1.2724728989633642,-20.510445157912955
park_low,2169,-1.2777192030763795,-71.60907995797281
park_low,2170,0.19074386594892923,27.70649027062954
park_low,2171,-1.73128077980543,-46.36278031714696
park_low,2172,0.30697557469618675,0.6152666868534027
park_low,2173,-0.769805082236457,-17.70823703608844
park_low,2174,-1.765169888109467,-35.3355137618874
park_low,2175,-1.9040425160179406,-11.497054473709955
park_low,2176,-2.9629167882864063,-18.967894970779557
park_low,2177,-0.20988839445380336,-15.591836961473657
park_low,2178,-0.20988839445380336,-15.591836961473657
park_low,2179,-0.7727618497579098,-26.637138264365657
park_low,2180,0.19074386594892923,27.70649027062954
park_low,2181,-1.73128077980543,-46.36278031714696
park_low,2182,-1.085221871779888,-24.433095846084136
park_low,2183,-0.769805082236457,-17.70823703608844
park_low,2184,-0.8723011223330264,-49.28859902301008
park_low,2185,-2.9629167882864063,-18.967894970779557
park_low,2186,0.7901723267567068,-22.981493662126752
park_low,2187,-2.9629167882864063,-18.967894970779557
park_low,2188,-0.20988839445380336,-15.591836961473657
park_low,2189,0.8601481858732961,3.740671897685413
park_low,2190,0.7901723267567068,-22.981493662126752
park_low,2191,-1.9040425160179406,-11.497054473709955
park_low,2192,-1.2724728989633642,-20.510445157912955
park_low,2193,-0.8723011223330264,-49.28859902301008
park_low,2194,0.8601481858732961,3.740671897685413
park_low,2195,-1.73128077980543,-46.36278031714696
park_low,2196,-0.8723011223330264,-49.28859902301008
park_low,2197,-1.2777192030763795,-71.60907995797281
park_low,2198,-1.2724728989633642,-20.510445157912955
park_low,2199,-0.7727618497579098,-26.637138264365657
park_low,2200,0.11099851007450934,-10.860010669485966
park_low,2201,-0.20988839445380336,-15.591836961473657
park_low,2202,-1.085221871779888,-24.433095846084136
park_low,2203,-0.3846082140731746,143.61206020193862
park_low,2204,0.7901723267567068,-22.981493662126752
park_low,2205,0.8601481858732961,3.740671897685413
park_low,2206,-0.769805082236457,-17.70823703608844
park_low,2207,0.8601481858732961,3.740671897685413
park_low,2208,-0.8723011223330264,-49.28859902301008
park_low,2209,-1.8417110134599408,-54.51852415817845
park_low,2210,-0.7174110770103554,-22.819809931167384
park_low,2211,-1.2724728989633642,-20.510445157912955
park_low,2212,0.30697557469618675,0.6152666868534027
park_low,2213,-1.73128077980543,-46.36278031714696
park_low,2214,0.30697557469618675,0.6152666868534027
park_low,2215,0.30697557469618675,0.6152666868534027
park_low,2216,-0.7174110770103554,-22.819809931167384
park_low,2217,0.8601481858732961,3.740671897685413
park_low,2218,-0.8723011223330264,-49.28859902301008
park_low,2219,-0.8723011223330264,-49.28859902301008
park_low,2220,0.11099851007450934,-10.860010669485966
park_low,2221,-0.3846082140731746,143.61206020193862
park_low,2222,0.8601481858732961,3.740671897685413
park_low,2223,0.7901723267567068,-22.981493662126752
park_low,2224,-0.7174110770103554,-22.819809931167384
park_low,2225,0.19074386594892923,27.70649027062954
park_low,2226,0.11099851007450934,-10.860010669485966
park_low,2227,-1.765169888109467,-35.3355137618874
park_low,2228,0.7901723267567068,-22.981493662126752
park_low,2229,-0.8723011223330264,-49.28859902301008
park_low,2230,0.7901723267567068,-22.981493662126752
park_low,2231,-1.9040425160179406,-11.497054473709955
park_low,2232,0.8601481858732961,3.740671897685413
park_low,2233,-0.20988839445380336,-15.591836961473657
park_low,2234,0.11099851007450934,-10.860010669485966
park_low,2235,-1.8417110134599408,-54.51852415817845
park_low,2236,-2.9629167882864063,-18.967894970779557
park_low,2237,-1.8417110134599408,-54.51852415817845
park_low,2238,-1.765169888109467,-35.3355137618874
park_low,2239,-2.9629167882864063,-18.967894970779557
park_low,2240,-2.9629167882864063,-18.967894970779557
park_low,2241,-1.9040425160179406,-11.497054473709955
park_low,2242,-1.9040425160179406,-11.497054473709955
park_low,2243,-2.9629167882864063,-18.967894970779557
park_low,2244,-1.2724728989633642,-20.510445157912955
park_low,2245,-1.2724728989633642,-20.510445157912955
park_low,2246,-0.3846082140731746,143.61206020193862
park_low,2247,0.19074386594892923,27.70649027062954
park_low,2248,-1.9040425160179406,-11.497054473709955
park_low,2249,-1.8417110134599408,-54.51852415817845
park_low,2250,-2.9629167882864063,-18.967894970779557
park_low,2251,-0.7174110770103554,-22.819809931167384
park_low,2252,-2.9629167882864063,-18.967894970779557
park_low,2253,0.30697557469618675,0.6152666868534027
park_low,2254,-2.9629167882864063,-18.967894970779557
park_low,2255,0.7901723267567068,-22.981493662126752
park_low,2256,-1.73128077980543,-46.36278031714696
park_low,2257,-1.9040425160179406,-11.497054473709955
park_low,2258,-0.8723011223330264,-49.28859902301008
park_low,2259,-1.73128077980543,-46.36278031714696
park_low,2260,-1.73128077980543,-46.36278031714696
park_low,2261,-1.2777192030763795,-71.60907995797281
park_low,2262,-2.9629167882864063,-18.967894970779557
park_low,2263,-1.765169888109467,-35.3355137618874
park_low,2264,-1.085221871779888,-24.433095846084136
park_low,2265,-0.20988839445380336,-15.591836961473657
park_low,2266,-1.2777192030763795,-71.60907995797281
park_low,2267,-0.7727618497579098,-26.637138264365657
park_low,2268,-0.7174110770103554,-22.819809931167384
park_low,2269,-0.8723011223330264,-49.28859902301008
park_low,2270,-2.9629167882864063,-18.967894970779557
park_low,2271,-0.769805082236457,-17.70823703608844
park_low,2272,-1.9040425160179406,-11.497054473709955
park_low,2273,0.19074386594892923,27.70649027062954
park_low,2274,0.11099851007450934,-10.860010669485966
park_low,2275,-2.9629167882864063,-18.967894970779557
park_low,2276,-0.7727618497579098,-26.637138264365657
park_low,2277,-0.769805082236457,-17.70823703608844
park_low,2278,-1.085221871779888,-24.433095846084136
park_low,2279,0.11099851007450934,-10.860010669485966
park_low,2280,0.19074386594892923,27.70649027062954
park_low,2281,0.19074386594892923,27.70649027062954
park_low,2282,-0.20988839445380336,-15.591836961473657
park_low,2283,-2.9629167882864063,-18.967894970779557
park_low,2284,-1.9040425160179406,-11.497054473709955
park_low,2285,0.19074386594892923,27.70649027062954
park_low,2286,0.30697557469618675,0.6152666868534027
park_low,2287,-1.9040425160179406,-11.497054473709955
park_low,2288,-1.73128077980543,-46.36278031714696
park_low,2289,-2.9629167882864063,-18.967894970779557
park_low,2290,-1.8417110134599408,-54.51852415817845
park_low,2291,-0.7727618497579098,-26.637138264365657
park_low,2292,0.30697557469618675,0.6152666868534027
park_low,2293,-2.9629167882864063,-18.967894970779557
park_low,2294,-1.765169888109467,-35.3355137618874
park_low,2295,-0.769805082236457,-17.70823703608844
park_low,2296,-1.9040425160179406,-11.497054473709955
park_low,2297,-1.73128077980543,-46.36278031714696
park_low,2298,-0.7727618497579098,-26.637138264365657
park_low,2299,0.7901723267567068,-22.981493662126752
park_low,2300,-1.085221871779888,-24.433095846084136
park_low,2301,-0.7174110770103554,-22.819809931167384
park_low,2302,0.30697557469618675,0.6152666868534027
park_low,2303,0.11099851007450934,-10.860010669485966
park_low,2304,-0.8723011223330264,-49.28859902301008
park_low,2305,0.30697557469618675,0.6152666868534027
park_low,2306,-1.9040425160179406,-11.497054473709955
park_low,2307,0.7901723267567068,-22.981493662126752
park_low,2308,0.30697557469618675,0.6152666868534027
park_low,2309,0.7901723267567068,-22.981493662126752
park_low,2310,-0.7174110770103554,-22.819809931167384
park_low,2311,-1.085221871779888,-24.433095846084136
park_low,2312,0.30697557469618675,0.6152666868534027
park_low,2313,-1.765169888109467,-35.3355137618874
park_low,2314,-1.765169888109467,-35.3355137618874
park_low,2315,0.19074386594892923,27.70649027062954
park_low,2316,-1.2777192030763795,-71.60907995797281
park_low,2317,-2.9629167882864063,-18.967894970779557
park_low,2318,-0.8723011223330264,-49.28859902301008
park_low,2319,-1.73128077980543,-46.36278031714696
park_low,2320,-0.8723011223330264,-49.28859902301008
park_low,2321,-0.3846082140731746,143.61206020193862
park_low,2322,-0.7174110770103554,-22.819809931167384
park_low,2323,-1.2777192030763795,-71.60907995797281
park_low,2324,0.19074386594892923,27.70649027062954
park_low,2325,-1.8417110134599408,-54.51852415817845
park_low,2326,-1.9040425160179406,-11.497054473709955
park_low,2327,-1.765169888109467,-35.3355137618874
park_low,2328,0.19074386594892923,27.70649027062954
park_low,2329,-1.9040425160179406,-11.497054473709955
park_low,2330,-1.9040425160179406,-11.497054473709955
park_low,2331,-0.3846082140731746,143.61206020193862
park_low,2332,-1.9040425160179406,-11.497054473709955
park_low,2333,0.30697557469618675,0.6152666868534027
park_low,2334,-0.8723011223330264,-49.28859902301008
park_low,2335,-1.765169888109467,-35.3355137618874
park_low,2336,-1.73128077980543,-46.36278031714696
park_low,2337,-1.73128077980543,-46.36278031714696
park_low,2338,-0.769805082236457,-17.70823703608844
park_low,2339,-2.9629167882864063,-18.967894970779557
park_low,2340,-1.8417110134599408,-54.51852415817845
park_low,2341,-1.765169888109467,-35.3355137618874
park_low,2342,0.8601481858732961,3.740671897685413
park_low,2343,0.11099851007450934,-10.860010669485966
park_low,2344,-2.9629167882864063,-18.967894970779557
park_low,2345,0.19074386594892923,27.70649027062954
park_low,2346,-1.73128077980543,-46.36278031714696
park_low,2347,-0.3846082140731746,143.61206020193862
park_low,2348,-0.20988839445380336,-15.591836961473657
park_low,2349,-1.2724728989633642,-20.510445157912955
park_low,2350,-2.9629167882864063,-18.967894970779557
park_low,2351,-0.3846082140731746,143.61206020193862
park_low,2352,0.7901723267567068,-22.981493662126752
park_low,2353,0.19074386594892923,27.70649027062954
park_low,2354,-0.769805082236457,-17.70823703608844
park_low,2355,-0.7174110770103554,-22.819809931167384
park_low,2356,-0.769805082236457,-17.70823703608844
park_low,2357,-0.3846082140731746,143.61206020193862
park_low,2358,-0.769805082236457,-17.70823703608844
park_low,2359,-1.2724728989633642,-20.510445157912955
park_low,2360,0.19074386594892923,27.70649027062954
park_low,2361,-0.7727618497579098,-26.637138264365657
park_low,2362,0.8601481858732961,3.740671897685413
park_low,2363,-0.769805082236457,-17.70823703608844
park_low,2364,0.30697557469618675,0.6152666868534027
park_low,2365,-0.8723011223330264,-49.28859902301008
park_low,2366,0.30697557469618675,0.6152666868534027
park_low,2367,0.11099851007450934,-10.860010669485966
park_low,2368,-0.8723011223330264,-49.28859902301008
park_low,2369,-1.765169888109467,-35.3355137618874
park_low,2370,-1.085221871779888,-24.433095846084136
park_low,2371,0.30697557469618675,0.6152666868534027
park_low,2372,-0.7727618497579098,-26.637138264365657
park_low,2373,0.8601481858732961,3.740671897685413
park_low,2374,-0.8723011223330264,-49.28859902301008
park_low,2375,0.11099851007450934,-10.860010669485966
park_low,2376,-0.7174110770103554,-22.819809931167384
park_low,2377,0.30697557469618675,0.6152666868534027
park_low,2378,-1.765169888109467,-35.3355137618874
park_low,2379,0.7901723267567068,-22.981493662126752
park_low,2380,0.11099851007450934,-10.860010669485966
park_low,2381,-1.73128077980543,-46.36278031714696
park_low,2382,-2.9629167882864063,-18.967894970779557
park_low,2383,-1.8417110134599408,-54.51852415817845
park_low,2384,-0.20988839445380336,-15.591836961473657
park_low,2385,-1.73128077980543,-46.36278031714696
park_low,2386,0.30697557469618675,0.6152666868534027
park_low,2387,0.8601481858732961,3.740671897685413
park_low,2388,0.19074386594892923,27.70649027062954
park_low,2389,-2.9629167882864063,-18.967894970779557
park_low,2390,-1.9040425160179406,-11.497054473709955
park_low,2391,-1.2724728989633642,-20.510445157912955
park_low,2392,-0.20988839445380336,-15.591836961473657
park_low,2393,-0.7727618497579098,-26.637138264365657
park_low,2394,-0.8723011223330264,-49.28859902301008
park_low,2395,-0.769805082236457,-17.70823703608844
park_low,2396,-1.085221871779888,-24.433095846084136
park_low,2397,-1.2777192030763795,-71.60907995797281
park_low,2398,0.30697557469618675,0.6152666868534027
park_low,2399,0.19074386594892923,27.70649027062954
park_low,2400,0.19074386594892923,27.70649027062954
park_low,2401,-0.7727618497579098,-26.637138264365657
park_low,2402,-1.9040425160179406,-11.497054473709955
park_low,2403,-1.8417110134599408,-54.51852415817845
park_low,2404,0.8601481858732961,3.740671897685413
park_low,2405,-1.73128077980543,-46.36278031714696
park_low,2406,-0.7174110770103554,-22.819809931167384
park_low,2407,-0.3846082140731746,143.61206020193862
park_low,2408,-0.8723011223330264,-49.28859902301008
park_low,2409,-0.7174110770103554,-22.819809931167384
park_low,2410,-1.765169888109467,-35.3355137618874
park_low,2411,-1.765169888109467,-35.3355137618874
park_low,2412,-1.73128077980543,-46.36278031714696
park_low,2413,-0.7727618497579098,-26.637138264365657
park_low,2414,-0.8723011223330264,-49.28859902301008
park_low,2415,-0.7174110770103554,-22.819809931167384
park_low,2416,-1.73128077980543,-46.36278031714696
park_low,2417,-0.20988839445380336,-15.591836961473657
park_low,2418,-2.9629167882864063,-18.967894970779557
park_low,2419,-1.765169888109467,-35.3355137618874
park_low,2420,-0.769805082236457,-17.70823703608844
park_low,2421,-0.20988839445380336,-15.591836961473657
park_low,2422,-2.9629167882864063,-18.967894970779557
park_low,2423,-1.765169888109467,-35.3355137618874
park_low,2424,0.30697557469618675,0.6152666868534027
park_low,2425,-1.085221871779888,-24.433095846084136
park_low,2426,-2.9629167882864063,-18.967894970779557
park_low,2427,0.11099851007450934,-10.860010669485966
park_low,2428,-1.2777192030763795,-71.60907995797281
park_low,2429,-1.9040425160179406,-11.497054473709955
park_low,2430,-1.2724728989633642,-20.510445157912955
park_low,2431,-0.7174110770103554,-22.819809931167384
park_low,2432,-1.085221871779888,-24.433095846084136
park_low,2433,-0.8723011223330264,-49.28859902301008
park_low,2434,-1.765169888109467,-35.3355137618874
park_low,2435,-1.73128077980543,-46.36278031714696
park_low,2436,-2.9629167882864063,-18.967894970779557
park_low,2437,-0.7174110770103554,-22.819809931167384
park_low,2438,-0.20988839445380336,-15.591836961473657
park_low,2439,-0.20988839445380336,-15.591836961473657
park_low,2440,-0.769805082236457,-17.70823703608844
park_low,2441,-0.7174110770103554,-22.819809931167384
park_low,2442,-0.8723011223330264,-49.28859902301008
park_low,2443,-0.20988839445380336,-15.591836961473657
park_low,2444,-0.7727618497579098,-26.637138264365657
park_low,2445,-1.085221871779888,-24.433095846084136
park_low,2446,-0.20988839445380336,-15.591836961473657
park_low,2447,-0.7727618497579098,-26.637138264365657
park_low,2448,-0.8723011223330264,-49.28859902301008
park_low,2449,0.11099851007450934,-10.860010669485966
park_low,2450,-1.9040425160179406,-11.497054473709955
park_low,2451,-0.3846082140731746,143.61206020193862
park_low,2452,0.8601481858732961,3.740671897685413
park_low,2453,-2.9629167882864063,-18.967894970779557
park_low,2454,-1.8417110134599408,-54.51852415817845
park_low,2455,-0.7727618497579098,-26.637138264365657
park_low,2456,0.19074386594892923,27.70649027062954
park_low,2457,-1.2724728989633642,-20.510445157912955
park_low,2458,-0.3846082140731746,143.61206020193862
park_low,2459,-1.73128077980543,-46.36278031714696
park_low,2460,0.8601481858732961,3.740671897685413
park_low,2461,-0.8723011223330264,-49.28859902301008
park_low,2462,-1.2724728989633642,-20.510445157912955
park_low,2463,-0.3846082140731746,143.61206020193862
park_low,2464,-1.9040425160179406,-11.497054473709955
park_low,2465,-0.20988839445380336,-15.591836961473657
park_low,2466,0.8601481858732961,3.740671897685413
park_low,2467,-1.9040425160179406,-11.497054473709955
park_low,2468,0.30697557469618675,0.6152666868534027
park_low,2469,-0.8723011223330264,-49.28859902301008
park_low,2470,0.19074386594892923,27.70649027062954
park_low,2471,-0.769805082236457,-17.70823703608844
park_low,2472,-1.2724728989633642,-20.510445157912955
park_low,2473,-0.3846082140731746,143.61206020193862
park_low,2474,0.11099851007450934,-10.860010669485966
park_low,2475,0.19074386594892923,27.70649027062954
park_low,2476,-1.8417110134599408,-54.51852415817845
park_low,2477,-1.9040425160179406,-11.497054473709955
park_low,2478,0.7901723267567068,-22.981493662126752
park_low,2479,-0.8723011223330264,-49.28859902301008
park_low,2480,-0.7727618497579098,-26.637138264365657
park_low,2481,-0.7174110770103554,-22.819809931167384
park_low,2482,-1.085221871779888,-24.433095846084136
park_low,2483,-0.7727618497579098,-26.637138264365657
park_low,2484,-1.9040425160179406,-11.497054473709955
park_low,2485,-1.9040425160179406,-11.497054473709955
park_low,2486,-1.73128077980543,-46.36278031714696
park_low,2487,-0.7727618497579098,-26.637138264365657
park_low,2488,-0.769805082236457,-17.70823703608844
park_low,2489,-0.769805082236457,-17.70823703608844
park_low,2490,-0.3846082140731746,143.61206020193862
park_low,2491,-0.8723011223330264,-49.28859902301008
park_low,2492,-0.769805082236457,-17.70823703608844
park_low,2493,-0.7174110770103554,-22.819809931167384
park_low,2494,0.30697557469618675,0.6152666868534027
park_low,2495,-1.9040425160179406,-11.497054473709955
park_low,2496,-0.7174110770103554,-22.819809931167384
park_low,2497,-0.769805082236457,-17.70823703608844
park_low,2498,-0.3846082140731746,143.61206020193862
park_low,2499,-0.3846082140731746,143.61206020193862
park_low,2500,0.11099851007450934,-10.860010669485966
park_low,2501,-0.7174110770103554,-22.819809931167384
park_low,2502,-1.765169888109467,-35.3355137618874
park_low,2503,-1.2724728989633642,-20.510445157912955
park_low,2504,-0.20988839445380336,-15.591836961473657
park_low,2505,-0.3846082140731746,143.61206020193862
park_low,2506,-1.73128077980543,-46.36278031714696
park_low,2507,-0.7174110770103554,-22.819809931167384
park_low,2508,-0.769805082236457,-17.70823703608844
park_low,2509,-1.9040425160179406,-11.497054473709955
park_low,2510,-0.3846082140731746,143.61206020193862
park_low,2511,-1.085221871779888,-24.433095846084136
park_low,2512,-1.085221871779888,-24.433095846084136
park_low,2513,-1.73128077980543,-46.36278031714696
park_low,2514,0.8601481858732961,3.740671897685413
park_low,2515,-0.20988839445380336,-15.591836961473657
park_low,2516,0.7901723267567068,-22.981493662126752
park_low,2517,0.19074386594892923,27.70649027062954
park_low,2518,-1.73128077980543,-46.36278031714696
park_low,2519,0.19074386594892923,27.70649027062954
park_low,2520,-1.2777192030763795,-71.60907995797281
park_low,2521,-1.9040425160179406,-11.497054473709955
park_low,2522,-1.2777192030763795,-71.60907995797281
park_low,2523,0.11099851007450934,-10.860010669485966
park_low,2524,0.19074386594892923,27.70649027062954
park_low,2525,-0.3846082140731746,143.61206020193862
park_low,2526,-0.3846082140731746,143.61206020193862
park_low,2527,-0.7727618497579098,-26.637138264365657
park_low,2528,-1.085221871779888,-24.433095846084136
park_low,2529,-0.8723011223330264,-49.28859902301008
park_low,2530,-0.20988839445380336,-15.591836961473657
park_low,2531,-0.7174110770103554,-22.819809931167384
park_low,2532,-2.9629167882864063,-18.967894970779557
park_low,2533,-1.9040425160179406,-11.497054473709955
park_low,2534,0.8601481858732961,3.740671897685413
park_low,2535,-1.765169888109467,-35.3355137618874
park_low,2536,0.7901723267567068,-22.981493662126752
park_low,2537,-1.73128077980543,-46.36278031714696
park_low,2538,-1.9040425160179406,-11.497054473709955
park_low,2539,0.30697557469618675,0.6152666868534027
park_low,2540,0.7901723267567068,-22.981493662126752
park_low,2541,0.7901723267567068,-22.981493662126752
park_low,2542,-0.7174110770103554,-22.819809931167384
park_low,2543,-1.8417110134599408,-54.51852415817845
park_low,2544,-0.3846082140731746,143.61206020193862
park_low,2545,-0.769805082236457,-17.70823703608844
park_low,2546,-0.7727618497579098,-26.637138264365657
park_low,2547,0.11099851007450934,-10.860010669485966
park_low,2548,-1.9040425160179406,-11.497054473709955
park_low,2549,0.19074386594892923,27.70649027062954
park_low,2550,-1.8417110134599408,-54.51852415817845
park_low,2551,-1.2777192030763795,-71.60907995797281
park_low,2552,-0.7727618497579098,-26.637138264365657
park_low,2553,0.11099851007450934,-10.860010669485966
park_low,2554,-1.73128077980543,-46.36278031714696
park_low,2555,-0.3846082140731746,143.61206020193862
park_low,2556,-0.7174110770103554,-22.819809931167384
park_low,2557,-1.73128077980543,-46.36278031714696
park_low,2558,-1.765169888109467,-35.3355137618874
park_low,2559,-0.769805082236457,-17.70823703608844
park_low,2560,-0.769805082236457,-17.70823703608844
park_low,2561,-0.3846082140731746,143.61206020193862
park_low,2562,-1.73128077980543,-46.36278031714696
park_low,2563,0.30697557469618675,0.6152666868534027
park_low,2564,0.30697557469618675,0.6152666868534027
park_low,2565,0.30697557469618675,0.6152666868534027
park_low,2566,-1.2777192030763795,-71.60907995797281
park_low,2567,-1.73128077980543,-46.36278031714696
park_low,2568,-1.2777192030763795,-71.60907995797281
park_low,2569,0.19074386594892923,27.70649027062954
park_low,2570,0.11099851007450934,-10.860010669485966
park_low,2571,-1.73128077980543,-46.36278031714696
park_low,2572,-1.765169888109467,-35.3355137618874
park_low,2573,-0.3846082140731746,143.61206020193862
park_low,2574,-2.9629167882864063,-18.967894970779557
park_low,2575,0.11099851007450934,-10.860010669485966
park_low,2576,0.8601481858732961,3.740671897685413
park_low,2577,0.7901723267567068,-22.981493662126752
park_low,2578,0.30697557469618675,0.6152666868534027
park_low,2579,-1.085221871779888,-24.433095846084136
park_low,2580,-0.7174110770103554,-22.819809931167384
park_low,2581,0.8601481858732961,3.740671897685413
park_low,2582,-0.20988839445380336,-15.591836961473657
park_low,2583,-0.7727618497579098,-26.637138264365657
park_low,2584,-1.8417110134599408,-54.51852415817845
park_low,2585,-1.8417110134599408,-54.51852415817845
park_low,2586,0.11099851007450934,-10.860010669485966
park_low,2587,-0.8723011223330264,-49.28859902301008
park_low,2588,-1.2777192030763795,-71.60907995797281
park_low,2589,-1.9040425160179406,-11.497054473709955
park_low,2590,0.11099851007450934,-10.860010669485966
park_low,2591,-0.8723011223330264,-49.28859902301008
park_low,2592,-0.20988839445380336,-15.591836961473657
park_low,2593,-0.3846082140731746,143.61206020193862
park_low,2594,-0.769805082236457,-17.70823703608844
park_low,2595,0.19074386594892923,27.70649027062954
park_low,2596,-1.2724728989633642,-20.510445157912955
park_low,2597,-1.9040425160179406,-11.497054473709955
park_low,2598,-0.20988839445380336,-15.591836961473657
park_low,2599,-0.20988839445380336,-15.591836961473657
park_low,2600,0.11099851007450934,-10.860010669485966
park_low,2601,0.8601481858732961,3.740671897685413
park_low,2602,-1.9040425160179406,-11.497054473709955
park_low,2603,-1.085221871779888,-24.433095846084136
park_low,2604,-0.769805082236457,-17.70823703608844
park_low,2605,0.19074386594892923,27.70649027062954
park_low,2606,-0.7727618497579098,-26.637138264365657
park_low,2607,-1.73128077980543,-46.36278031714696
park_low,2608,-1.9040425160179406,-11.497054473709955
park_low,2609,-0.769805082236457,-17.70823703608844
park_low,2610,-0.769805082236457,-17.70823703608844
park_low,2611,-0.7174110770103554,-22.819809931167384
park_low,2612,-1.9040425160179406,-11.497054473709955
park_low,2613,-1.765169888109467,-35.3355137618874
park_low,2614,0.11099851007450934,-10.860010669485966
park_low,2615,-1.2777192030763795,-71.60907995797281
park_low,2616,-1.73128077980543,-46.36278031714696
park_low,2617,-0.7174110770103554,-22.819809931167384
park_low,2618,-1.73128077980543,-46.36278031714696
park_low,2619,-0.769805082236457,-17.70823703608844
park_low,2620,-2.9629167882864063,-18.967894970779557
park_low,2621,0.11099851007450934,-10.860010669485966
park_low,2622,0.30697557469618675,0.6152666868534027
park_low,2623,-0.3846082140731746,143.61206020193862
park_low,2624,-0.20988839445380336,-15.591836961473657
park_low,2625,-0.7174110770103554,-22.819809931167384
park_low,2626,-0.3846082140731746,143.61206020193862
park_low,2627,0.11099851007450934,-10.860010669485966
park_low,2628,0.8601481858732961,3.740671897685413
park_low,2629,-1.73128077980543,-46.36278031714696
park_low,2630,-0.3846082140731746,143.61206020193862
park_low,2631,-0.7174110770103554,-22.819809931167384
park_low,2632,-1.2777192030763795,-71.60907995797281
park_low,2633,-0.20988839445380336,-15.591836961473657
park_low,2634,-1.2724728989633642,-20.510445157912955
park_low,2635,0.7901723267567068,-22.981493662126752
park_low,2636,0.8601481858732961,3.740671897685413
park_low,2637,-0.7727618497579098,-26.637138264365657
park_low,2638,-0.7727618497579098,-26.637138264365657
park_low,2639,-0.769805082236457,-17.70823703608844
park_low,2640,-1.2777192030763795,-71.60907995797281
park_low,2641,-0.3846082140731746,143.61206020193862
park_low,2642,0.11099851007450934,-10.860010669485966
park_low,2643,-1.73128077980543,-46.36278031714696
park_low,2644,-0.20988839445380336,-15.591836961473657
park_low,2645,-0.8723011223330264,-49.28859902301008
park_low,2646,0.8601481858732961,3.740671897685413
park_low,2647,-0.769805082236457,-17.70823703608844
park_low,2648,-0.7727618497579098,-26.637138264365657
park_low,2649,-1.73128077980543,-46.36278031714696
park_low,2650,0.30697557469618675,0.6152666868534027
park_low,2651,-1.73128077980543,-46.36278031714696
park_low,2652,-1.085221871779888,-24.433095846084136
park_low,2653,-1.085221871779888,-24.433095846084136
park_low,2654,-1.085221871779888,-24.433095846084136
park_low,2655,-0.7727618497579098,-26.637138264365657
park_low,2656,-1.2724728989633642,-20.510445157912955
park_low,2657,-2.9629167882864063,-18.967894970779557
park_low,2658,-0.8723011223330264,-49.28859902301008
park_low,2659,-0.8723011223330264,-49.28859902301008
park_low,2660,0.30697557469618675,0.6152666868534027
park_low,2661,-1.73128077980543,-46.36278031714696
park_low,2662,-2.9629167882864063,-18.967894970779557
park_low,2663,-0.20988839445380336,-15.591836961473657
park_low,2664,-0.20988839445380336,-15.591836961473657
park_low,2665,-0.7174110770103554,-22.819809931167384
park_low,2666,-1.73128077980543,-46.36278031714696
park_low,2667,0.8601481858732961,3.740671897685413
park_low,2668,-1.9040425160179406,-11.497054473709955
park_low,2669,0.30697557469618675,0.6152666868534027
park_low,2670,-1.73128077980543,-46.36278031714696
park_low,2671,-0.8723011223330264,-49.28859902301008
park_low,2672,0.19074386594892923,27.70649027062954
park_low,2673,-1.085221871779888,-24.433095846084136
park_low,2674,-2.9629167882864063,-18.967894970779557
park_low,2675,-1.9040425160179406,-11.497054473709955
park_low,2676,0.7901723267567068,-22.981493662126752
park_low,2677,0.19074386594892923,27.70649027062954
park_low,2678,-0.769805082236457,-17.70823703608844
park_low,2679,0.11099851007450934,-10.860010669485966
park_low,2680,-0.7727618497579098,-26.637138264365657
park_low,2681,-1.8417110134599408,-54.51852415817845
park_low,2682,0.30697557469618675,0.6152666868534027
park_low,2683,-1.2724728989633642,-20.510445157912955
park_low,2684,-0.769805082236457,-17.70823703608844
park_low,2685,0.30697557469618675,0.6152666868534027
park_low,2686,-0.20988839445380336,-15.591836961473657
park_low,2687,-0.7727618497579098,-26.637138264365657
park_low,2688,0.8601481858732961,3.740671897685413
park_low,2689,-0.7174110770103554,-22.819809931167384
park_low,2690,-1.9040425160179406,-11.497054473709955
park_low,2691,-0.7727618497579098,-26.637138264365657
park_low,2692,-1.8417110134599408,-54.51852415817845
park_low,2693,-1.8417110134599408,-54.51852415817845
park_low,2694,0.11099851007450934,-10.860010669485966
park_low,2695,0.19074386594892923,27.70649027062954
park_low,2696,-1.765169888109467,-35.3355137618874
park_low,2697,0.11099851007450934,-10.860010669485966
park_low,2698,-1.73128077980543,-46.36278031714696
park_low,2699,-1.765169888109467,-35.3355137618874
park_low,2700,-1.9040425160179406,-11.497054473709955
park_low,2701,-0.20988839445380336,-15.591836961473657
park_low,2702,-1.2724728989633642,-20.510445157912955
park_low,2703,-0.769805082236457,-17.70823703608844
park_low,2704,-1.8417110134599408,-54.51852415817845
park_low,2705,0.30697557469618675,0.6152666868534027
park_low,2706,-2.9629167882864063,-18.967894970779557
park_low,2707,-1.2777192030763795,-71.60907995797281
park_low,2708,-0.7727618497579098,-26.637138264365657
park_low,2709,0.19074386594892923,27.70649027062954
park_low,2710,-0.7174110770103554,-22.819809931167384
park_low,2711,0.11099851007450934,-10.860010669485966
park_low,2712,-0.3846082140731746,143.61206020193862
park_low,2713,-0.8723011223330264,-49.28859902301008
park_low,2714,-0.7174110770103554,-22.819809931167384
park_low,2715,-0.7174110770103554,-22.819809931167384
park_low,2716,-1.8417110134599408,-54.51852415817845
park_low,2717,0.11099851007450934,-10.860010669485966
park_low,2718,0.7901723267567068,-22.981493662126752
park_low,2719,-1.2724728989633642,-20.510445157912955
park_low,2720,-0.7727618497579098,-26.637138264365657
park_low,2721,-2.9629167882864063,-18.967894970779557
park_low,2722,-0.8723011223330264,-49.28859902301008
park_low,2723,-1.085221871779888,-24.433095846084136
park_low,2724,-0.769805082236457,-17.70823703608844
park_low,2725,-1.2777192030763795,-71.60907995797281
park_low,2726,0.8601481858732961,3.740671897685413
park_low,2727,-0.20988839445380336,-15.591836961473657
park_low,2728,0.11099851007450934,-10.860010669485966
park_low,2729,0.19074386594892923,27.70649027062954
park_low,2730,0.7901723267567068,-22.981493662126752
park_low,2731,-1.085221871779888,-24.433095846084136
park_low,2732,-1.2777192030763795,-71.60907995797281
park_low,2733,-1.73128077980543,-46.36278031714696
park_low,2734,-0.20988839445380336,-15.591836961473657
park_low,2735,-1.8417110134599408,-54.51852415817845
park_low,2736,-0.3846082140731746,143.61206020193862
park_low,2737,-1.73128077980543,-46.36278031714696
park_low,2738,-1.765169888109467,-35.3355137618874
park_low,2739,-1.2724728989633642,-20.510445157912955
park_low,2740,-2.9629167882864063,-18.967894970779557
park_low,2741,0.8601481858732961,3.740671897685413
park_low,2742,-1.2777192030763795,-71.60907995797281
park_low,2743,0.11099851007450934,-10.860010669485966
park_low,2744,-1.8417110134599408,-54.51852415817845
park_low,2745,0.11099851007450934,-10.860010669485966
park_low,2746,-1.085221871779888,-24.433095846084136
park_low,2747,-0.8723011223330264,-49.28859902301008
park_low,2748,-1.085221871779888,-24.433095846084136
park_low,2749,-2.9629167882864063,-18.967894970779557
park_low,2750,-0.8723011223330264,-49.28859902301008
park_low,2751,-1.2724728989633642,-20.510445157912955
park_low,2752,-0.20988839445380336,-15.591836961473657
park_low,2753,0.7901723267567068,-22.981493662126752
park_low,2754,0.11099851007450934,-10.860010669485966
park_low,2755,-1.765169888109467,-35.3355137618874
park_low,2756,-1.765169888109467,-35.3355137618874
park_low,2757,-1.73128077980543,-46.36278031714696
park_low,2758,-1.9040425160179406,-11.497054473709955
park_low,2759,-1.2777192030763795,-71.60907995797281
park_low,2760,0.30697557469618675,0.6152666868534027
park_low,2761,-0.7174110770103554,-22.819809931167384
park_low,2762,-0.769805082236457,-17.70823703608844
park_low,2763,-0.3846082140731746,143.61206020193862
park_low,2764,-2.9629167882864063,-18.967894970779557
park_low,2765,0.19074386594892923,27.70649027062954
park_low,2766,0.8601481858732961,3.740671897685413
park_low,2767,-1.085221871779888,-24.433095846084136
park_low,2768,0.7901723267567068,-22.981493662126752
park_low,2769,0.11099851007450934,-10.860010669485966
park_low,2770,0.19074386594892923,27.70649027062954
park_low,2771,-1.8417110134599408,-54.51852415817845
park_low,2772,-0.20988839445380336,-15.591836961473657
park_low,2773,-0.20988839445380336,-15.591836961473657
park_low,2774,-0.8723011223330264,-49.28859902301008
park_low,2775,-1.8417110134599408,-54.51852415817845
park_low,2776,-1.2724728989633642,-20.510445157912955
park_low,2777,0.7901723267567068,-22.981493662126752
park_low,2778,-1.73128077980543,-46.36278031714696
park_low,2779,0.7901723267567068,-22.981493662126752
park_low,2780,0.30697557469618675,0.6152666868534027
park_low,2781,-0.7174110770103554,-22.819809931167384
park_low,2782,0.11099851007450934,-10.860010669485966
park_low,2783,-1.9040425160179406,-11.497054473709955
park_low,2784,0.11099851007450934,-10.860010669485966
park_low,2785,0.7901723267567068,-22.981493662126752
park_low,2786,-1.9040425160179406,-11.497054473709955
park_low,2787,-1.8417110134599408,-54.51852415817845
park_low,2788,-1.73128077980543,-46.36278031714696
park_low,2789,0.19074386594892923,27.70649027062954
park_low,2790,0.7901723267567068,-22.981493662126752
park_low,2791,0.11099851007450934,-10.860010669485966
park_low,2792,-1.765169888109467,-35.3355137618874
park_low,2793,-1.765169888109467,-35.3355137618874
park_low,2794,-1.2777192030763795,-71.60907995797281
park_low,2795,-0.3846082140731746,143.61206020193862
park_low,2796,-0.7727618497579098,-26.637138264365657
park_low,2797,0.11099851007450934,-10.860010669485966
park_low,2798,0.30697557469618675,0.6152666868534027
park_low,2799,-1.765169888109467,-35.3355137618874
park_low,2800,0.30697557469618675,0.6152666868534027
park_low,2801,0.19074386594892923,27.70649027062954
park_low,2802,-1.765169888109467,-35.3355137618874
park_low,2803,-0.7174110770103554,-22.819809931167384
park_low,2804,-0.769805082236457,-17.70823703608844
park_low,2805,-2.9629167882864063,-18.967894970779557
park_low,2806,-0.7727618497579098,-26.637138264365657
park_low,2807,-1.8417110134599408,-54.51852415817845
park_low,2808,-1.8417110134599408,-54.51852415817845
park_low,2809,-0.20988839445380336,-15.591836961473657
park_low,2810,0.11099851007450934,-10.860010669485966
park_low,2811,-0.20988839445380336,-15.591836961473657
park_low,2812,-0.769805082236457,-17.70823703608844
park_low,2813,-1.765169888109467,-35.3355137618874
park_low,2814,-0.20988839445380336,-15.591836961473657
park_low,2815,-0.7174110770103554,-22.819809931167384
park_low,2816,0.7901723267567068,-22.981493662126752
park_low,2817,-0.8723011223330264,-49.28859902301008
park_low,2818,0.11099851007450934,-10.860010669485966
park_low,2819,-0.7727618497579098,-26.637138264365657
park_low,2820,-1.9040425160179406,-11.497054473709955
park_low,2821,-0.20988839445380336,-15.591836961473657
park_low,2822,0.19074386594892923,27.70649027062954
park_low,2823,-2.9629167882864063,-18.967894970779557
park_low,2824,-0.3846082140731746,143.61206020193862
park_low,2825,-0.20988839445380336,-15.591836961473657
park_low,2826,-1.73128077980543,-46.36278031714696
park_low,2827,0.11099851007450934,-10.860010669485966
park_low,2828,-1.2777192030763795,-71.60907995797281
park_low,2829,-1.085221871779888,-24.433095846084136
park_low,2830,-0.3846082140731746,143.61206020193862
park_low,2831,-0.8723011223330264,-49.28859902301008
park_low,2832,-1.765169888109467,-35.3355137618874
park_low,2833,-0.3846082140731746,143.61206020193862
park_low,2834,-1.765169888109467,-35.3355137618874
park_low,2835,-0.3846082140731746,143.61206020193862
park_low,2836,-0.7727618497579098,-26.637138264365657
park_low,2837,-1.085221871779888,-24.433095846084136
park_low,2838,-1.2724728989633642,-20.510445157912955
park_low,2839,-1.085221871779888,-24.433095846084136
park_low,2840,0.11099851007450934,-10.860010669485966
park_low,2841,0.11099851007450934,-10.860010669485966
park_low,2842,-2.9629167882864063,-18.967894970779557
park_low,2843,-2.9629167882864063,-18.967894970779557
park_low,2844,-0.3846082140731746,143.61206020193862
park_low,2845,-1.73128077980543,-46.36278031714696
park_low,2846,-1.2777192030763795,-71.60907995797281
park_low,2847,-1.2724728989633642,-20.510445157912955
park_low,2848,-1.8417110134599408,-54.51852415817845
park_low,2849,-1.085221871779888,-24.433095846084136
park_low,2850,-1.8417110134599408,-54.51852415817845
park_low,2851,0.7901723267567068,-22.981493662126752
park_low,2852,0.30697557469618675,0.6152666868534027
park_low,2853,-1.73128077980543,-46.36278031714696
park_low,2854,0.8601481858732961,3.740671897685413
park_low,2855,0.30697557469618675,0.6152666868534027
park_low,2856,-1.085221871779888,-24.433095846084136
park_low,2857,-2.9629167882864063,-18.967894970779557
park_low,2858,-1.8417110134599408,-54.51852415817845
park_low,2859,-1.2724728989633642,-20.510445157912955
park_low,2860,-1.2724728989633642,-20.510445157912955
park_low,2861,-2.9629167882864063,-18.967894970779557
park_low,2862,-1.8417110134599408,-54.51852415817845
park_low,2863,-0.7174110770103554,-22.819809931167384
park_low,2864,-2.9629167882864063,-18.967894970779557
park_low,2865,0.8601481858732961,3.740671897685413
park_low,2866,-0.3846082140731746,143.61206020193862
park_low,2867,-1.2777192030763795,-71.60907995797281
park_low,2868,-0.7174110770103554,-22.819809931167384
park_low,2869,-0.3846082140731746,143.61206020193862
park_low,2870,-1.8417110134599408,-54.51852415817845
park_low,2871,-1.2777192030763795,-71.60907995797281
park_low,2872,0.8601481858732961,3.740671897685413
park_low,2873,-0.8723011223330264,-49.28859902301008
park_low,2874,-2.9629167882864063,-18.967894970779557
park_low,2875,-1.2777192030763795,-71.60907995797281
park_low,2876,0.7901723267567068,-22.981493662126752
park_low,2877,0.8601481858732961,3.740671897685413
park_low,2878,0.30697557469618675,0.6152666868534027
park_low,2879,-1.8417110134599408,-54.51852415817845
park_low,2880,-1.2724728989633642,-20.510445157912955
park_low,2881,0.19074386594892923,27.70649027062954
park_low,2882,0.19074386594892923,27.70649027062954
park_low,2883,-0.8723011223330264,-49.28859902301008
park_low,2884,-1.085221871779888,-24.433095846084136
park_low,2885,-0.7174110770103554,-22.819809931167384
park_low,2886,-1.765169888109467,-35.3355137618874
park_low,2887,-1.9040425160179406,-11.497054473709955
park_low,2888,-0.3846082140731746,143.61206020193862
park_low,2889,-1.2777192030763795,-71.60907995797281
park_low,2890,-1.2724728989633642,-20.510445157912955
park_low,2891,0.8601481858732961,3.740671897685413
park_low,2892,-0.7727618497579098,-26.637138264365657
park_low,2893,0.8601481858732961,3.740671897685413
park_low,2894,-1.9040425160179406,-11.497054473709955
park_low,2895,0.19074386594892923,27.70649027062954
park_low,2896,-2.9629167882864063,-18.967894970779557
park_low,2897,-1.765169888109467,-35.3355137618874
park_low,2898,-0.7727618497579098,-26.637138264365657
park_low,2899,0.19074386594892923,27.70649027062954
park_low,2900,0.19074386594892923,27.70649027062954
park_low,2901,0.11099851007450934,-10.860010669485966
park_low,2902,-1.2777192030763795,-71.60907995797281
park_low,2903,-0.8723011223330264,-49.28859902301008
park_low,2904,-0.7727618497579098,-26.637138264365657
park_low,2905,0.11099851007450934,-10.860010669485966
park_low,2906,-0.7174110770103554,-22.819809931167384
park_low,2907,0.8601481858732961,3.740671897685413
park_low,2908,0.19074386594892923,27.70649027062954
park_low,2909,-2.9629167882864063,-18.967894970779557
park_low,2910,-0.20988839445380336,-15.591836961473657
park_low,2911,0.11099851007450934,-10.860010669485966
park_low,2912,-1.085221871779888,-24.433095846084136
park_low,2913,-1.2724728989633642,-20.510445157912955
park_low,2914,0.30697557469618675,0.6152666868534027
park_low,2915,-0.20988839445380336,-15.591836961473657
park_low,2916,-1.73128077980543,-46.36278031714696
park_low,2917,0.7901723267567068,-22.981493662126752
park_low,2918,-0.7727618497579098,-26.637138264365657
park_low,2919,-1.2724728989633642,-20.510445157912955
park_low,2920,-0.3846082140731746,143.61206020193862
park_low,2921,-1.73128077980543,-46.36278031714696
park_low,2922,-0.8723011223330264,-49.28859902301008
park_low,2923,0.30697557469618675,0.6152666868534027
park_low,2924,-1.2777192030763795,-71.60907995797281
park_low,2925,-0.8723011223330264,-49.28859902301008
park_low,2926,-0.8723011223330264,-49.28859902301008
park_low,2927,-0.7174110770103554,-22.819809931167384
park_low,2928,-1.765169888109467,-35.3355137618874
park_low,2929,-1.9040425160179406,-11.497054473709955
park_low,2930,-0.769805082236457,-17.70823703608844
park_low,2931,-1.085221871779888,-24.433095846084136
park_low,2932,-1.2777192030763795,-71.60907995797281
park_low,2933,-1.2724728989633642,-20.510445157912955
park_low,2934,-1.2777192030763795,-71.60907995797281
park_low,2935,-1.8417110134599408,-54.51852415817845
park_low,2936,-0.7174110770103554,-22.819809931167384
park_low,2937,-2.9629167882864063,-18.967894970779557
park_low,2938,0.7901723267567068,-22.981493662126752
park_low,2939,-0.3846082140731746,143.61206020193862
park_low,2940,-1.085221871779888,-24.433095846084136
park_low,2941,-0.8723011223330264,-49.28859902301008
park_low,2942,-1.9040425160179406,-11.497054473709955
park_low,2943,0.30697557469618675,0.6152666868534027
park_low,2944,-1.2724728989633642,-20.510445157912955
park_low,2945,-0.20988839445380336,-15.591836961473657
park_low,2946,0.30697557469618675,0.6152666868534027
park_low,2947,-0.7174110770103554,-22.819809931167384
park_low,2948,-0.3846082140731746,143.61206020193862
park_low,2949,-1.2724728989633642,-20.510445157912955
park_low,2950,-1.73128077980543,-46.36278031714696
park_low,2951,-2.9629167882864063,-18.967894970779557
park_low,2952,-1.2777192030763795,-71.60907995797281
park_low,2953,0.19074386594892923,27.70649027062954
park_low,2954,-0.8723011223330264,-49.28859902301008
park_low,2955,-0.3846082140731746,143.61206020193862
park_low,2956,-1.2724728989633642,-20.510445157912955
park_low,2957,-2.9629167882864063,-18.967894970779557
park_low,2958,-0.20988839445380336,-15.591836961473657
park_low,2959,-1.8417110134599408,-54.51852415817845
park_low,2960,-0.769805082236457,-17.70823703608844
park_low,2961,0.19074386594892923,27.70649027062954
park_low,2962,-1.73128077980543,-46.36278031714696
park_low,2963,0.30697557469618675,0.6152666868534027
park_low,2964,0.7901723267567068,-22.981493662126752
park_low,2965,-0.769805082236457,-17.70823703608844
park_low,2966,-0.3846082140731746,143.61206020193862
park_low,2967,-0.7727618497579098,-26.637138264365657
park_low,2968,-1.2777192030763795,-71.60907995797281
park_low,2969,-0.20988839445380336,-15.591836961473657
park_low,2970,-0.7174110770103554,-22.819809931167384
park_low,2971,-0.20988839445380336,-15.591836961473657
park_low,2972,0.8601481858732961,3.740671897685413
park_low,2973,-0.7727618497579098,-26.637138264365657
park_low,2974,-0.7174110770103554,-22.819809931167384
park_low,2975,-1.8417110134599408,-54.51852415817845
park_low,2976,-1.2724728989633642,-20.510445157912955
park_low,2977,-1.8417110134599408,-54.51852415817845
park_low,2978,0.19074386594892923,27.70649027062954
park_low,2979,-1.765169888109467,-35.3355137618874
park_low,2980,-0.20988839445380336,-15.591836961473657
park_low,2981,-0.8723011223330264,-49.28859902301008
park_low,2982,-0.7174110770103554,-22.819809931167384
park_low,2983,0.8601481858732961,3.740671897685413
park_low,2984,0.8601481858732961,3.740671897685413
park_low,2985,-0.769805082236457,-17.70823703608844
park_low,2986,-0.3846082140731746,143.61206020193862
park_low,2987,-1.2724728989633642,-20.510445157912955
park_low,2988,-0.20988839445380336,-15.591836961473657
park_low,2989,-0.3846082140731746,143.61206020193862
park_low,2990,-0.20988839445380336,-15.591836961473657
park_low,2991,-0.3846082140731746,143.61206020193862
park_low,2992,-1.2724728989633642,-20.510445157912955
park_low,2993,-0.8723011223330264,-49.28859902301008
park_low,2994,0.8601481858732961,3.740671897685413
park_low,2995,0.11099851007450934,-10.860010669485966
park_low,2996,-0.769805082236457,-17.70823703608844
park_low,2997,-1.2724728989633642,-20.510445157912955
park_low,2998,-1.085221871779888,-24.433095846084136
park_low,2999,-0.7727618497579098,-26.637138264365657
park_low,3000,-0.7727618497579098,-26.637138264365657
park_low,3001,-1.9040425160179406,-11.497054473709955
park_low,3002,0.11099851007450934,-10.860010669485966
park_low,3003,-0.7727618497579098,-26.637138264365657
park_low,3004,-1.8417110134599408,-54.51852415817845
park_low,3005,0.19074386594892923,27.70649027062954
park_low,3006,-1.73128077980543,-46.36278031714696
park_low,3007,0.7901723267567068,-22.981493662126752
park_low,3008,0.19074386594892923,27.70649027062954
park_low,3009,-0.3846082140731746,143.61206020193862
park_low,3010,-1.8417110134599408,-54.51852415817845
park_low,3011,0.11099851007450934,-10.860010669485966
park_low,3012,-1.73128077980543,-46.36278031714696
park_low,3013,-1.8417110134599408,-54.51852415817845
park_low,3014,-0.7174110770103554,-22.819809931167384
park_low,3015,-0.7174110770103554,-22.819809931167384
park_low,3016,0.11099851007450934,-10.860010669485966
park_low,3017,-0.20988839445380336,-15.591836961473657
park_low,3018,-2.9629167882864063,-18.967894970779557
park_low,3019,-0.20988839445380336,-15.591836961473657
park_low,3020,-0.8723011223330264,-49.28859902301008
park_low,3021,-1.8417110134599408,-54.51852415817845
park_low,3022,-1.765169888109467,-35.3355137618874
park_low,3023,0.7901723267567068,-22.981493662126752
park_low,3024,-1.085221871779888,-24.433095846084136
park_low,3025,-1.9040425160179406,-11.497054473709955
park_low,3026,-0.769805082236457,-17.70823703608844
park_low,3027,0.30697557469618675,0.6152666868534027
park_low,3028,-0.20988839445380336,-15.591836961473657
park_low,3029,-1.9040425160179406,-11.497054473709955
park_low,3030,-1.8417110134599408,-54.51852415817845
park_low,3031,-1.085221871779888,-24.433095846084136
park_low,3032,0.30697557469618675,0.6152666868534027
park_low,3033,-1.2724728989633642,-20.510445157912955
park_low,3034,-1.9040425160179406,-11.497054473709955
park_low,3035,0.30697557469618675,0.6152666868534027
park_low,3036,0.8601481858732961,3.740671897685413
park_low,3037,0.30697557469618675,0.6152666868534027
park_low,3038,0.8601481858732961,3.740671897685413
park_low,3039,-0.7727618497579098,-26.637138264365657
park_low,3040,-0.20988839445380336,-15.591836961473657
park_low,3041,-2.9629167882864063,-18.967894970779557
park_low,3042,0.30697557469618675,0.6152666868534027
park_low,3043,-1.765169888109467,-35.3355137618874
park_low,3044,-1.8417110134599408,-54.51852415817845
park_low,3045,-1.765169888109467,-35.3355137618874
park_low,3046,-1.8417110134599408,-54.51852415817845
park_low,3047,-1.2724728989633642,-20.510445157912955
park_low,3048,0.11099851007450934,-10.860010669485966
park_low,3049,-0.769805082236457,-17.70823703608844
park_low,3050,0.7901723267567068,-22.981493662126752
park_low,3051,-1.73128077980543,-46.36278031714696
park_low,3052,-1.9040425160179406,-11.497054473709955
park_low,3053,-0.7174110770103554,-22.819809931167384
park_low,3054,0.7901723267567068,-22.981493662126752
park_low,3055,0.19074386594892923,27.70649027062954
park_low,3056,-1.2777192030763795,-71.60907995797281
park_low,3057,0.11099851007450934,-10.860010669485966
park_low,3058,0.30697557469618675,0.6152666868534027
park_low,3059,0.8601481858732961,3.740671897685413
park_low,3060,-0.3846082140731746,143.61206020193862
park_low,3061,-1.73128077980543,-46.36278031714696
park_low,3062,-1.9040425160179406,-11.497054473709955
park_low,3063,-1.2724728989633642,-20.510445157912955
park_low,3064,-0.7727618497579098,-26.637138264365657
park_low,3065,0.7901723267567068,-22.981493662126752
park_low,3066,-0.7727618497579098,-26.637138264365657
park_low,3067,-0.8723011223330264,-49.28859902301008
park_low,3068,-0.7174110770103554,-22.819809931167384
park_low,3069,0.11099851007450934,-10.860010669485966
park_low,3070,-1.73128077980543,-46.36278031714696
park_low,3071,0.11099851007450934,-10.860010669485966
park_low,3072,0.19074386594892923,27.70649027062954
park_low,3073,0.7901723267567068,-22.981493662126752
park_low,3074,-0.20988839445380336,-15.591836961473657
park_low,3075,0.19074386594892923,27.70649027062954
park_low,3076,0.7901723267567068,-22.981493662126752
park_low,3077,0.11099851007450934,-10.860010669485966
park_low,3078,0.7901723267567068,-22.981493662126752
park_low,3079,-0.8723011223330264,-49.28859902301008
park_low,3080,-1.2777192030763795,-71.60907995797281
park_low,3081,-1.2777192030763795,-71.60907995797281
park_low,3082,0.8601481858732961,3.740671897685413
park_low,3083,0.19074386594892923,27.70649027062954
park_low,3084,0.8601481858732961,3.740671897685413
park_low,3085,0.7901723267567068,-22.981493662126752
park_low,3086,0.7901723267567068,-22.981493662126752
park_low,3087,-0.769805082236457,-17.70823703608844
park_low,3088,-1.9040425160179406,-11.497054473709955
park_low,3089,0.8601481858732961,3.740671897685413
park_low,3090,-1.765169888109467,-35.3355137618874
park_low,3091,0.30697557469618675,0.6152666868534027
park_low,3092,-0.7174110770103554,-22.819809931167384
park_low,3093,0.8601481858732961,3.740671897685413
park_low,3094,-1.765169888109467,-35.3355137618874
park_low,3095,-1.9040425160179406,-11.497054473709955
park_low,3096,-2.9629167882864063,-18.967894970779557
park_low,3097,-1.2724728989633642,-20.510445157912955
park_low,3098,0.7901723267567068,-22.981493662126752
park_low,3099,0.8601481858732961,3.740671897685413
park_low,3100,-1.8417110134599408,-54.51852415817845
park_low,3101,-0.20988839445380336,-15.591836961473657
park_low,3102,-0.3846082140731746,143.61206020193862
park_low,3103,-0.3846082140731746,143.61206020193862
park_low,3104,-1.2724728989633642,-20.510445157912955
park_low,3105,-1.2724728989633642,-20.510445157912955
park_low,3106,-2.9629167882864063,-18.967894970779557
park_low,3107,-0.3846082140731746,143.61206020193862
park_low,3108,-1.8417110134599408,-54.51852415817845
park_low,3109,0.8601481858732961,3.740671897685413
park_low,3110,0.19074386594892923,27.70649027062954
park_low,3111,-1.9040425160179406,-11.497054473709955
park_low,3112,-1.73128077980543,-46.36278031714696
park_low,3113,-1.73128077980543,-46.36278031714696
park_low,3114,0.7901723267567068,-22.981493662126752
park_low,3115,-1.8417110134599408,-54.51852415817845
park_low,3116,-1.9040425160179406,-11.497054473709955
park_low,3117,0.19074386594892923,27.70649027062954
park_low,3118,-1.2724728989633642,-20.510445157912955
park_low,3119,-0.8723011223330264,-49.28859902301008
park_low,3120,-1.765169888109467,-35.3355137618874
park_low,3121,-1.2777192030763795,-71.60907995797281
park_low,3122,0.19074386594892923,27.70649027062954
park_low,3123,-0.8723011223330264,-49.28859902301008
park_low,3124,-2.9629167882864063,-18.967894970779557
park_low,3125,-1.2724728989633642,-20.510445157912955
park_low,3126,-1.8417110134599408,-54.51852415817845
park_low,3127,-1.2724728989633642,-20.510445157912955
park_low,3128,-0.7174110770103554,-22.819809931167384
park_low,3129,-0.7727618497579098,-26.637138264365657
park_low,3130,-1.9040425160179406,-11.497054473709955
park_low,3131,-1.085221871779888,-24.433095846084136
park_low,3132,0.30697557469618675,0.6152666868534027
park_low,3133,0.8601481858732961,3.740671897685413
park_low,3134,-0.8723011223330264,-49.28859902301008
park_low,3135,-0.7727618497579098,-26.637138264365657
park_low,3136,-1.2724728989633642,-20.510445157912955
park_low,3137,-2.9629167882864063,-18.967894970779557
park_low,3138,0.11099851007450934,-10.860010669485966
park_low,3139,-0.8723011223330264,-49.28859902301008
park_low,3140,0.7901723267567068,-22.981493662126752
park_low,3141,-1.8417110134599408,-54.51852415817845
park_low,3142,-0.7174110770103554,-22.819809931167384
park_low,3143,0.30697557469618675,0.6152666868534027
park_low,3144,-0.7727618497579098,-26.637138264365657
park_low,3145,-0.3846082140731746,143.61206020193862
park_low,3146,-0.8723011223330264,-49.28859902301008
park_low,3147,-1.085221871779888,-24.433095846084136
park_low,3148,-0.7727618497579098,-26.637138264365657
park_low,3149,-1.2724728989633642,-20.510445157912955
park_low,3150,0.8601481858732961,3.740671897685413
park_low,3151,-1.9040425160179406,-11.497054473709955
park_low,3152,-0.7727618497579098,-26.637138264365657
park_low,3153,-0.7727618497579098,-26.637138264365657
park_low,3154,-1.765169888109467,-35.3355137618874
park_low,3155,0.19074386594892923,27.70649027062954
park_low,3156,0.19074386594892923,27.70649027062954
park_low,3157,-1.765169888109467,-35.3355137618874
park_low,3158,-1.2777192030763795,-71.60907995797281
park_low,3159,-1.73128077980543,-46.36278031714696
park_low,3160,-0.3846082140731746,143.61206020193862
park_low,3161,0.19074386594892923,27.70649027062954
park_low,3162,-0.20988839445380336,-15.591836961473657
park_low,3163,-0.769805082236457,-17.70823703608844
park_low,3164,-0.8723011223330264,-49.28859902301008
park_low,3165,-0.3846082140731746,143.61206020193862
park_low,3166,-1.2724728989633642,-20.510445157912955
park_low,3167,-1.9040425160179406,-11.497054473709955
park_low,3168,-0.7174110770103554,-22.819809931167384
park_low,3169,0.30697557469618675,0.6152666868534027
park_low,3170,0.30697557469618675,0.6152666868534027
park_low,3171,-1.8417110134599408,-54.51852415817845
park_low,3172,-0.20988839445380336,-15.591836961473657
park_low,3173,-0.20988839445380336,-15.591836961473657
park_low,3174,-0.20988839445380336,-15.591836961473657
park_low,3175,-2.9629167882864063,-18.967894970779557
park_low,3176,-2.9629167882864063,-18.967894970779557
park_low,3177,0.19074386594892923,27.70649027062954
park_low,3178,-0.7727618497579098,-26.637138264365657
park_low,3179,0.7901723267567068,-22.981493662126752
park_low,3180,-1.765169888109467,-35.3355137618874
park_low,3181,-1.8417110134599408,-54.51852415817845
park_low,3182,0.30697557469618675,0.6152666868534027
park_low,3183,-1.73128077980543,-46.36278031714696
park_low,3184,-1.73128077980543,-46.36278031714696
park_low,3185,0.19074386594892923,27.70649027062954
park_low,3186,0.30697557469618675,0.6152666868534027
park_low,3187,-0.7727618497579098,-26.637138264365657
park_low,3188,-1.73128077980543,-46.36278031714696
park_low,3189,-1.73128077980543,-46.36278031714696
park_low,3190,0.7901723267567068,-22.981493662126752
park_low,3191,0.19074386594892923,27.70649027062954
park_low,3192,-0.769805082236457,-17.70823703608844
park_low,3193,-0.7727618497579098,-26.637138264365657
park_low,3194,-2.9629167882864063,-18.967894970779557
park_low,3195,-1.2777192030763795,-71.60907995797281
park_low,3196,0.8601481858732961,3.740671897685413
park_low,3197,-1.8417110134599408,-54.51852415817845
park_low,3198,0.19074386594892923,27.70649027062954
park_low,3199,0.11099851007450934,-10.860010669485966
park_low,3200,-0.20988839445380336,-15.591836961473657
park_low,3201,-0.7174110770103554,-22.819809931167384
park_low,3202,-0.769805082236457,-17.70823703608844
park_low,3203,0.7901723267567068,-22.981493662126752
park_low,3204,-1.73128077980543,-46.36278031714696
park_low,3205,-1.73128077980543,-46.36278031714696
park_low,3206,0.7901723267567068,-22.981493662126752
park_low,3207,-2.9629167882864063,-18.967894970779557
park_low,3208,-1.9040425160179406,-11.497054473709955
park_low,3209,-0.8723011223330264,-49.28859902301008
park_low,3210,0.19074386594892923,27.70649027062954
park_low,3211,-1.73128077980543,-46.36278031714696
park_low,3212,-2.9629167882864063,-18.967894970779557
park_low,3213,-0.769805082236457,-17.70823703608844
park_low,3214,-1.085221871779888,-24.433095846084136
park_low,3215,-0.769805082236457,-17.70823703608844
park_low,3216,0.30697557469618675,0.6152666868534027
park_low,3217,-1.2724728989633642,-20.510445157912955
park_low,3218,-1.8417110134599408,-54.51852415817845
park_low,3219,-1.2724728989633642,-20.510445157912955
park_low,3220,-1.2724728989633642,-20.510445157912955
park_low,3221,-0.769805082236457,-17.70823703608844
park_low,3222,-1.9040425160179406,-11.497054473709955
park_low,3223,-0.8723011223330264,-49.28859902301008
park_low,3224,0.7901723267567068,-22.981493662126752
park_low,3225,0.11099851007450934,-10.860010669485966
park_low,3226,0.11099851007450934,-10.860010669485966
park_low,3227,-0.3846082140731746,143.61206020193862
park_low,3228,-1.765169888109467,-35.3355137618874
park_low,3229,0.30697557469618675,0.6152666868534027
park_low,3230,0.19074386594892923,27.70649027062954
park_low,3231,-1.8417110134599408,-54.51852415817845
park_low,3232,-1.2777192030763795,-71.60907995797281
park_low,3233,-0.8723011223330264,-49.28859902301008
park_low,3234,-1.73128077980543,-46.36278031714696
park_low,3235,0.8601481858732961,3.740671897685413
park_low,3236,0.30697557469618675,0.6152666868534027
park_low,3237,0.19074386594892923,27.70649027062954
park_low,3238,-2.9629167882864063,-18.967894970779557
park_low,3239,0.7901723267567068,-22.981493662126752
park_low,3240,-1.765169888109467,-35.3355137618874
park_low,3241,-1.2777192030763795,-71.60907995797281
park_low,3242,0.8601481858732961,3.740671897685413
park_low,3243,-2.9629167882864063,-18.967894970779557
park_low,3244,-2.9629167882864063,-18.967894970779557
park_low,3245,-1.73128077980543,-46.36278031714696
park_low,3246,0.19074386594892923,27.70649027062954
park_low,3247,0.8601481858732961,3.740671897685413
park_low,3248,-1.8417110134599408,-54.51852415817845
park_low,3249,-0.8723011223330264,-49.28859902301008
park_low,3250,-1.8417110134599408,-54.51852415817845
park_low,3251,-0.20988839445380336,-15.591836961473657
park_low,3252,0.11099851007450934,-10.860010669485966
park_low,3253,-0.7727618497579098,-26.637138264365657
park_low,3254,-1.2777192030763795,-71.60907995797281
park_low,3255,0.30697557469618675,0.6152666868534027
park_low,3256,-1.2777192030763795,-71.60907995797281
park_low,3257,0.30697557469618675,0.6152666868534027
park_low,3258,-0.8723011223330264,-49.28859902301008
park_low,3259,0.11099851007450934,-10.860010669485966
park_low,3260,-0.3846082140731746,143.61206020193862
park_low,3261,-2.9629167882864063,-18.967894970779557
park_low,3262,-1.2724728989633642,-20.510445157912955
park_low,3263,-0.769805082236457,-17.70823703608844
park_low,3264,-0.20988839445380336,-15.591836961473657
park_low,3265,-0.3846082140731746,143.61206020193862
park_low,3266,0.30697557469618675,0.6152666868534027
park_low,3267,-0.8723011223330264,-49.28859902301008
park_low,3268,-1.9040425160179406,-11.497054473709955
park_low,3269,-1.765169888109467,-35.3355137618874
park_low,3270,-2.9629167882864063,-18.967894970779557
park_low,3271,-0.20988839445380336,-15.591836961473657
park_low,3272,-1.9040425160179406,-11.497054473709955
park_low,3273,-1.73128077980543,-46.36278031714696
park_low,3274,-0.8723011223330264,-49.28859902301008
park_low,3275,-1.9040425160179406,-11.497054473709955
park_low,3276,0.8601481858732961,3.740671897685413
park_low,3277,-1.2777192030763795,-71.60907995797281
park_low,3278,-1.085221871779888,-24.433095846084136
park_low,3279,-0.3846082140731746,143.61206020193862
park_low,3280,-1.085221871779888,-24.433095846084136
park_low,3281,-0.8723011223330264,-49.28859902301008
park_low,3282,-0.3846082140731746,143.61206020193862
park_low,3283,-2.9629167882864063,-18.967894970779557
park_low,3284,-0.769805082236457,-17.70823703608844
park_low,3285,-0.20988839445380336,-15.591836961473657
park_low,3286,-0.3846082140731746,143.61206020193862
park_low,3287,-1.9040425160179406,-11.497054473709955
park_low,3288,0.7901723267567068,-22.981493662126752
park_low,3289,-1.2724728989633642,-20.510445157912955
park_low,3290,-0.7727618497579098,-26.637138264365657
park_low,3291,-1.9040425160179406,-11.497054473709955
park_low,3292,-1.085221871779888,-24.433095846084136
park_low,3293,-0.8723011223330264,-49.28859902301008
park_low,3294,-0.7727618497579098,-26.637138264365657
park_low,3295,0.11099851007450934,-10.860010669485966
park_low,3296,-1.9040425160179406,-11.497054473709955
park_low,3297,-1.085221871779888,-24.433095846084136
park_low,3298,0.8601481858732961,3.740671897685413
park_low,3299,-1.765169888109467,-35.3355137618874
park_low,3300,-1.9040425160179406,-11.497054473709955
park_low,3301,-0.8723011223330264,-49.28859902301008
park_low,3302,-0.769805082236457,-17.70823703608844
park_low,3303,-0.3846082140731746,143.61206020193862
park_low,3304,-1.085221871779888,-24.433095846084136
park_low,3305,0.19074386594892923,27.70649027062954
park_low,3306,-0.3846082140731746,143.61206020193862
park_low,3307,0.30697557469618675,0.6152666868534027
park_low,3308,-1.8417110134599408,-54.51852415817845
park_low,3309,-1.085221871779888,-24.433095846084136
park_low,3310,-1.2777192030763795,-71.60907995797281
park_low,3311,0.30697557469618675,0.6152666868534027
park_low,3312,0.8601481858732961,3.740671897685413
park_low,3313,-1.2777192030763795,-71.60907995797281
park_low,3314,-0.3846082140731746,143.61206020193862
park_low,3315,-2.9629167882864063,-18.967894970779557
park_low,3316,-0.7174110770103554,-22.819809931167384
park_low,3317,0.8601481858732961,3.740671897685413
park_low,3318,-0.3846082140731746,143.61206020193862
park_low,3319,0.7901723267567068,-22.981493662126752
park_low,3320,-1.2724728989633642,-20.510445157912955
park_low,3321,0.30697557469618675,0.6152666868534027
park_low,3322,-1.9040425160179406,-11.497054473709955
park_low,3323,-1.765169888109467,-35.3355137618874
park_low,3324,-1.085221871779888,-24.433095846084136
park_low,3325,-1.73128077980543,-46.36278031714696
park_low,3326,0.8601481858732961,3.740671897685413
park_low,3327,-0.7727618497579098,-26.637138264365657
park_low,3328,-1.085221871779888,-24.433095846084136
park_low,3329,-1.2777192030763795,-71.60907995797281
park_low,3330,-0.3846082140731746,143.61206020193862
park_low,3331,-1.085221871779888,-24.433095846084136
park_low,3332,-1.765169888109467,-35.3355137618874
park_low,3333,-0.7727618497579098,-26.637138264365657
park_low,3334,0.11099851007450934,-10.860010669485966
park_low,3335,0.30697557469618675,0.6152666868534027
park_low,3336,-0.769805082236457,-17.70823703608844
park_low,3337,0.11099851007450934,-10.860010669485966
park_low,3338,0.19074386594892923,27.70649027062954
park_low,3339,-1.085221871779888,-24.433095846084136
park_low,3340,-1.2777192030763795,-71.60907995797281
park_low,3341,-1.2724728989633642,-20.510445157912955
park_low,3342,-1.2724728989633642,-20.510445157912955
park_low,3343,-0.7174110770103554,-22.819809931167384
park_low,3344,0.30697557469618675,0.6152666868534027
park_low,3345,0.19074386594892923,27.70649027062954
park_low,3346,-0.3846082140731746,143.61206020193862
park_low,3347,-1.765169888109467,-35.3355137618874
park_low,3348,-0.8723011223330264,-49.28859902301008
park_low,3349,-1.765169888109467,-35.3355137618874
park_low,3350,-0.8723011223330264,-49.28859902301008
park_low,3351,0.8601481858732961,3.740671897685413
park_low,3352,-1.8417110134599408,-54.51852415817845
park_low,3353,-0.7174110770103554,-22.819809931167384
park_low,3354,-1.085221871779888,-24.433095846084136
park_low,3355,-1.9040425160179406,-11.497054473709955
park_low,3356,-2.9629167882864063,-18.967894970779557
park_low,3357,0.11099851007450934,-10.860010669485966
park_low,3358,-1.2724728989633642,-20.510445157912955
park_low,3359,0.30697557469618675,0.6152666868534027
park_low,3360,-0.769805082236457,-17.70823703608844
park_low,3361,-0.769805082236457,-17.70823703608844
park_low,3362,0.8601481858732961,3.740671897685413
park_low,3363,-1.9040425160179406,-11.497054473709955
park_low,3364,-1.2777192030763795,-71.60907995797281
park_low,3365,-0.8723011223330264,-49.28859902301008
park_low,3366,0.19074386594892923,27.70649027062954
park_low,3367,-1.2777192030763795,-71.60907995797281
park_low,3368,-1.2724728989633642,-20.510445157912955
park_low,3369,-2.9629167882864063,-18.967894970779557
park_low,3370,-1.765169888109467,-35.3355137618874
park_low,3371,-0.7727618497579098,-26.637138264365657
park_low,3372,-1.765169888109467,-35.3355137618874
park_low,3373,-2.9629167882864063,-18.967894970779557
park_low,3374,-2.9629167882864063,-18.967894970779557
park_low,3375,-2.9629167882864063,-18.967894970779557
park_low,3376,-2.9629167882864063,-18.967894970779557
park_low,3377,-0.7727618497579098,-26.637138264365657
park_low,3378,0.19074386594892923,27.70649027062954
park_low,3379,-0.769805082236457,-17.70823703608844
park_low,3380,-0.3846082140731746,143.61206020193862
park_low,3381,-1.2777192030763795,-71.60907995797281
park_low,3382,-0.8723011223330264,-49.28859902301008
park_low,3383,-1.9040425160179406,-11.497054473709955
park_low,3384,0.30697557469618675,0.6152666868534027
park_low,3385,-1.9040425160179406,-11.497054473709955
park_low,3386,0.19074386594892923,27.70649027062954
park_low,3387,0.11099851007450934,-10.860010669485966
park_low,3388,-1.765169888109467,-35.3355137618874
park_low,3389,-1.085221871779888,-24.433095846084136
park_low,3390,-0.8723011223330264,-49.28859902301008
park_low,3391,0.19074386594892923,27.70649027062954
park_low,3392,-1.73128077980543,-46.36278031714696
park_low,3393,-1.2777192030763795,-71.60907995797281
park_low,3394,-1.765169888109467,-35.3355137618874
park_low,3395,-1.2724728989633642,-20.510445157912955
park_low,3396,0.30697557469618675,0.6152666868534027
park_low,3397,-1.9040425160179406,-11.497054473709955
park_low,3398,-0.20988839445380336,-15.591836961473657
park_low,3399,0.8601481858732961,3.740671897685413
park_low,3400,-1.8417110134599408,-54.51852415817845
park_low,3401,0.8601481858732961,3.740671897685413
park_low,3402,-1.765169888109467,-35.3355137618874
park_low,3403,-0.8723011223330264,-49.28859902301008
park_low,3404,-1.9040425160179406,-11.497054473709955
park_low,3405,0.11099851007450934,-10.860010669485966
park_low,3406,0.7901723267567068,-22.981493662126752
park_low,3407,0.7901723267567068,-22.981493662126752
park_low,3408,-1.765169888109467,-35.3355137618874
park_low,3409,0.7901723267567068,-22.981493662126752
park_low,3410,0.30697557469618675,0.6152666868534027
park_low,3411,-0.8723011223330264,-49.28859902301008
park_low,3412,-0.20988839445380336,-15.591836961473657
park_low,3413,-0.7174110770103554,-22.819809931167384
park_low,3414,-0.20988839445380336,-15.591836961473657
park_low,3415,-1.9040425160179406,-11.497054473709955
park_low,3416,-0.8723011223330264,-49.28859902301008
park_low,3417,-1.2724728989633642,-20.510445157912955
park_low,3418,0.7901723267567068,-22.981493662126752
park_low,3419,-0.3846082140731746,143.61206020193862
park_low,3420,-0.769805082236457,-17.70823703608844
park_low,3421,-1.9040425160179406,-11.497054473709955
park_low,3422,-1.2724728989633642,-20.510445157912955
park_low,3423,-1.8417110134599408,-54.51852415817845
park_low,3424,-0.769805082236457,-17.70823703608844
park_low,3425,0.30697557469618675,0.6152666868534027
park_low,3426,-0.3846082140731746,143.61206020193862
park_low,3427,0.30697557469618675,0.6152666868534027
park_low,3428,-1.9040425160179406,-11.497054473709955
park_low,3429,0.19074386594892923,27.70649027062954
park_low,3430,-1.2777192030763795,-71.60907995797281
park_low,3431,-2.9629167882864063,-18.967894970779557
park_low,3432,0.11099851007450934,-10.860010669485966
park_low,3433,0.19074386594892923,27.70649027062954
park_low,3434,0.8601481858732961,3.740671897685413
park_low,3435,-1.2777192030763795,-71.60907995797281
park_low,3436,-0.769805082236457,-17.70823703608844
park_low,3437,-1.73128077980543,-46.36278031714696
park_low,3438,-1.2724728989633642,-20.510445157912955
park_low,3439,-0.3846082140731746,143.61206020193862
park_low,3440,-0.7174110770103554,-22.819809931167384
park_low,3441,0.11099851007450934,-10.860010669485966
park_low,3442,-1.765169888109467,-35.3355137618874
park_low,3443,-0.7174110770103554,-22.819809931167384
park_low,3444,-0.7727618497579098,-26.637138264365657
park_low,3445,0.8601481858732961,3.740671897685413
park_low,3446,-1.9040425160179406,-11.497054473709955
park_low,3447,-0.20988839445380336,-15.591836961473657
park_low,3448,-1.2724728989633642,-20.510445157912955
park_low,3449,0.8601481858732961,3.740671897685413
park_low,3450,-1.765169888109467,-35.3355137618874
park_low,3451,0.30697557469618675,0.6152666868534027
park_low,3452,0.30697557469618675,0.6152666868534027
park_low,3453,-1.8417110134599408,-54.51852415817845
park_low,3454,-2.9629167882864063,-18.967894970779557
park_low,3455,-0.20988839445380336,-15.591836961473657
park_low,3456,-0.7174110770103554,-22.819809931167384
park_low,3457,-2.9629167882864063,-18.967894970779557
park_low,3458,-1.2777192030763795,-71.60907995797281
park_low,3459,-1.085221871779888,-24.433095846084136
park_low,3460,-0.20988839445380336,-15.591836961473657
park_low,3461,-1.9040425160179406,-11.497054473709955
park_low,3462,-1.085221871779888,-24.433095846084136
park_low,3463,-1.2724728989633642,-20.510445157912955
park_low,3464,-0.7727618497579098,-26.637138264365657
park_low,3465,0.11099851007450934,-10.860010669485966
park_low,3466,0.30697557469618675,0.6152666868534027
park_low,3467,-0.3846082140731746,143.61206020193862
park_low,3468,-0.3846082140731746,143.61206020193862
park_low,3469,-0.8723011223330264,-49.28859902301008
park_low,3470,0.8601481858732961,3.740671897685413
park_low,3471,-0.8723011223330264,-49.28859902301008
park_low,3472,-1.2724728989633642,-20.510445157912955
park_low,3473,-1.8417110134599408,-54.51852415817845
park_low,3474,-1.2777192030763795,-71.60907995797281
park_low,3475,-1.2724728989633642,-20.510445157912955
park_low,3476,-0.3846082140731746,143.61206020193862
park_low,3477,-1.765169888109467,-35.3355137618874
park_low,3478,-1.9040425160179406,-11.497054473709955
park_low,3479,-1.73128077980543,-46.36278031714696
park_low,3480,-1.085221871779888,-24.433095846084136
park_low,3481,0.19074386594892923,27.70649027062954
park_low,3482,-0.8723011223330264,-49.28859902301008
park_low,3483,-0.8723011223330264,-49.28859902301008
park_low,3484,0.7901723267567068,-22.981493662126752
park_low,3485,-1.765169888109467,-35.3355137618874
park_low,3486,-1.2724728989633642,-20.510445157912955
park_low,3487,0.30697557469618675,0.6152666868534027
park_low,3488,0.11099851007450934,-10.860010669485966
park_low,3489,-0.7174110770103554,-22.819809931167384
park_low,3490,0.19074386594892923,27.70649027062954
park_low,3491,-2.9629167882864063,-18.967894970779557
park_low,3492,-0.769805082236457,-17.70823703608844
park_low,3493,0.11099851007450934,-10.860010669485966
park_low,3494,-1.2777192030763795,-71.60907995797281
park_low,3495,0.19074386594892923,27.70649027062954
park_low,3496,0.19074386594892923,27.70649027062954
park_low,3497,0.19074386594892923,27.70649027062954
park_low,3498,-1.765169888109467,-35.3355137618874
park_low,3499,-1.8417110134599408,-54.51852415817845
park_low,3500,-0.3846082140731746,143.61206020193862
park_low,3501,-0.7174110770103554,-22.819809931167384
park_low,3502,-1.8417110134599408,-54.51852415817845
park_low,3503,0.19074386594892923,27.70649027062954
park_low,3504,-2.9629167882864063,-18.967894970779557
park_low,3505,-2.9629167882864063,-18.967894970779557
park_low,3506,-1.765169888109467,-35.3355137618874
park_low,3507,0.19074386594892923,27.70649027062954
park_low,3508,0.11099851007450934,-10.860010669485966
park_low,3509,0.30697557469618675,0.6152666868534027
park_low,3510,-0.769805082236457,-17.70823703608844
park_low,3511,0.7901723267567068,-22.981493662126752
park_low,3512,-1.765169888109467,-35.3355137618874
park_low,3513,0.30697557469618675,0.6152666868534027
park_low,3514,-1.2777192030763795,-71.60907995797281
park_low,3515,-1.2777192030763795,-71.60907995797281
park_low,3516,-1.9040425160179406,-11.497054473709955
park_low,3517,0.11099851007450934,-10.860010669485966
park_low,3518,-0.8723011223330264,-49.28859902301008
park_low,3519,-1.8417110134599408,-54.51852415817845
park_low,3520,-1.2777192030763795,-71.60907995797281
park_low,3521,-0.8723011223330264,-49.28859902301008
park_low,3522,-1.2724728989633642,-20.510445157912955
park_low,3523,-0.7174110770103554,-22.819809931167384
park_low,3524,-1.73128077980543,-46.36278031714696
park_low,3525,-0.20988839445380336,-15.591836961473657
park_low,3526,0.30697557469618675,0.6152666868534027
park_low,3527,-1.765169888109467,-35.3355137618874
park_low,3528,0.11099851007450934,-10.860010669485966
park_low,3529,-2.9629167882864063,-18.967894970779557
park_low,3530,-0.8723011223330264,-49.28859902301008
park_low,3531,-1.9040425160179406,-11.497054473709955
park_low,3532,-0.7174110770103554,-22.819809931167384
park_low,3533,0.7901723267567068,-22.981493662126752
park_low,3534,0.30697557469618675,0.6152666868534027
park_low,3535,-0.20988839445380336,-15.591836961473657
park_low,3536,0.7901723267567068,-22.981493662126752
park_low,3537,-1.9040425160179406,-11.497054473709955
park_low,3538,-2.9629167882864063,-18.967894970779557
park_low,3539,-1.8417110134599408,-54.51852415817845
park_low,3540,-1.8417110134599408,-54.51852415817845
park_low,3541,-1.2724728989633642,-20.510445157912955
park_low,3542,0.19074386594892923,27.70649027062954
park_low,3543,0.8601481858732961,3.740671897685413
park_low,3544,0.7901723267567068,-22.981493662126752
park_low,3545,0.19074386594892923,27.70649027062954
park_low,3546,-1.765169888109467,-35.3355137618874
park_low,3547,-1.8417110134599408,-54.51852415817845
park_low,3548,-1.2724728989633642,-20.510445157912955
park_low,3549,-1.765169888109467,-35.3355137618874
park_low,3550,-0.8723011223330264,-49.28859902301008
park_low,3551,-0.3846082140731746,143.61206020193862
park_low,3552,-2.9629167882864063,-18.967894970779557
park_low,3553,-0.8723011223330264,-49.28859902301008
park_low,3554,-1.9040425160179406,-11.497054473709955
park_low,3555,-2.9629167882864063,-18.967894970779557
park_low,3556,-2.9629167882864063,-18.967894970779557
park_low,3557,0.8601481858732961,3.740671897685413
park_low,3558,-1.085221871779888,-24.433095846084136
park_low,3559,-0.7727618497579098,-26.637138264365657
park_low,3560,-1.2777192030763795,-71.60907995797281
park_low,3561,-1.73128077980543,-46.36278031714696
park_low,3562,0.19074386594892923,27.70649027062954
park_low,3563,0.7901723267567068,-22.981493662126752
park_low,3564,-0.8723011223330264,-49.28859902301008
park_low,3565,-1.085221871779888,-24.433095846084136
park_low,3566,0.8601481858732961,3.740671897685413
park_low,3567,-1.8417110134599408,-54.51852415817845
park_low,3568,0.19074386594892923,27.70649027062954
park_low,3569,-0.7174110770103554,-22.819809931167384
park_low,3570,-0.769805082236457,-17.70823703608844
park_low,3571,-0.20988839445380336,-15.591836961473657
park_low,3572,-0.7727618497579098,-26.637138264365657
park_low,3573,-0.7174110770103554,-22.819809931167384
park_low,3574,0.8601481858732961,3.740671897685413
park_low,3575,0.19074386594892923,27.70649027062954
park_low,3576,-1.2777192030763795,-71.60907995797281
park_low,3577,-1.8417110134599408,-54.51852415817845
park_low,3578,-2.9629167882864063,-18.967894970779557
park_low,3579,-0.7174110770103554,-22.819809931167384
park_low,3580,0.7901723267567068,-22.981493662126752
park_low,3581,-0.7727618497579098,-26.637138264365657
park_low,3582,-1.2777192030763795,-71.60907995797281
park_low,3583,0.11099851007450934,-10.860010669485966
park_low,3584,-2.9629167882864063,-18.967894970779557
park_low,3585,-0.20988839445380336,-15.591836961473657
park_low,3586,-1.9040425160179406,-11.497054473709955
park_low,3587,-1.73128077980543,-46.36278031714696
park_low,3588,0.30697557469618675,0.6152666868534027
park_low,3589,-1.73128077980543,-46.36278031714696
park_low,3590,-0.7174110770103554,-22.819809931167384
park_low,3591,-0.7727618497579098,-26.637138264365657
park_low,3592,-1.2724728989633642,-20.510445157912955
park_low,3593,0.7901723267567068,-22.981493662126752
park_low,3594,-1.2777192030763795,-71.60907995797281
park_low,3595,-1.085221871779888,-24.433095846084136
park_low,3596,-1.73128077980543,-46.36278031714696
park_low,3597,-1.2777192030763795,-71.60907995797281
park_low,3598,-1.2777192030763795,-71.60907995797281
park_low,3599,-1.73128077980543,-46.36278031714696
park_low,3600,0.30697557469618675,0.6152666868534027
park_low,3601,0.8601481858732961,3.740671897685413
park_low,3602,0.7901723267567068,-22.981493662126752
park_low,3603,-1.9040425160179406,-11.497054473709955
park_low,3604,-1.9040425160179406,-11.497054473709955
park_low,3605,-1.2724728989633642,-20.510445157912955
park_low,3606,-1.73128077980543,-46.36278031714696
park_low,3607,-0.8723011223330264,-49.28859902301008
park_low,3608,-1.73128077980543,-46.36278031714696
park_low,3609,0.19074386594892923,27.70649027062954
park_low,3610,-0.20988839445380336,-15.591836961473657
park_low,3611,0.11099851007450934,-10.860010669485966
park_low,3612,-1.2724728989633642,-20.510445157912955
park_low,3613,-0.3846082140731746,143.61206020193862
park_low,3614,-1.8417110134599408,-54.51852415817845
park_low,3615,0.11099851007450934,-10.860010669485966
park_low,3616,-1.765169888109467,-35.3355137618874
park_low,3617,-0.20988839445380336,-15.591836961473657
park_low,3618,-1.2724728989633642,-20.510445157912955
park_low,3619,-0.20988839445380336,-15.591836961473657
park_low,3620,-0.769805082236457,-17.70823703608844
park_low,3621,-1.765169888109467,-35.3355137618874
park_low,3622,-1.8417110134599408,-54.51852415817845
park_low,3623,-1.2724728989633642,-20.510445157912955
park_low,3624,0.7901723267567068,-22.981493662126752
park_low,3625,-0.7727618497579098,-26.637138264365657
park_low,3626,-0.769805082236457,-17.70823703608844
park_low,3627,0.19074386594892923,27.70649027062954
park_low,3628,-1.085221871779888,-24.433095846084136
park_low,3629,-0.8723011223330264,-49.28859902301008
park_low,3630,-2.9629167882864063,-18.967894970779557
park_low,3631,0.30697557469618675,0.6152666868534027
park_low,3632,-0.769805082236457,-17.70823703608844
park_low,3633,-0.769805082236457,-17.70823703608844
park_low,3634,-2.9629167882864063,-18.967894970779557
park_low,3635,-1.2724728989633642,-20.510445157912955
park_low,3636,-1.73128077980543,-46.36278031714696
park_low,3637,-1.085221871779888,-24.433095846084136
park_low,3638,-1.085221871779888,-24.433095846084136
park_low,3639,-1.2777192030763795,-71.60907995797281
park_low,3640,-1.765169888109467,-35.3355137618874
park_low,3641,-1.2777192030763795,-71.60907995797281
park_low,3642,-1.9040425160179406,-11.497054473709955
park_low,3643,-1.085221871779888,-24.433095846084136
park_low,3644,-0.769805082236457,-17.70823703608844
park_low,3645,-1.2777192030763795,-71.60907995797281
park_low,3646,0.8601481858732961,3.740671897685413
park_low,3647,0.19074386594892923,27.70649027062954
park_low,3648,0.7901723267567068,-22.981493662126752
park_low,3649,0.7901723267567068,-22.981493662126752
park_low,3650,-1.8417110134599408,-54.51852415817845
park_low,3651,-1.2724728989633642,-20.510445157912955
park_low,3652,-0.769805082236457,-17.70823703608844
park_low,3653,-0.20988839445380336,-15.591836961473657
park_low,3654,-0.8723011223330264,-49.28859902301008
park_low,3655,-1.8417110134599408,-54.51852415817845
park_low,3656,0.7901723267567068,-22.981493662126752
park_low,3657,-0.8723011223330264,-49.28859902301008
park_low,3658,0.7901723267567068,-22.981493662126752
park_low,3659,-1.73128077980543,-46.36278031714696
park_low,3660,-1.085221871779888,-24.433095846084136
park_low,3661,0.11099851007450934,-10.860010669485966
park_low,3662,-1.765169888109467,-35.3355137618874
park_low,3663,0.30697557469618675,0.6152666868534027
park_low,3664,-0.3846082140731746,143.61206020193862
park_low,3665,-0.3846082140731746,143.61206020193862
park_low,3666,-1.8417110134599408,-54.51852415817845
park_low,3667,0.19074386594892923,27.70649027062954
park_low,3668,-0.20988839445380336,-15.591836961473657
park_low,3669,-0.8723011223330264,-49.28859902301008
park_low,3670,-2.9629167882864063,-18.967894970779557
park_low,3671,-1.765169888109467,-35.3355137618874
park_low,3672,-0.769805082236457,-17.70823703608844
park_low,3673,-0.8723011223330264,-49.28859902301008
park_low,3674,-0.769805082236457,-17.70823703608844
park_low,3675,0.7901723267567068,-22.981493662126752
park_low,3676,-2.9629167882864063,-18.967894970779557
park_low,3677,-1.8417110134599408,-54.51852415817845
park_low,3678,-0.8723011223330264,-49.28859902301008
park_low,3679,0.11099851007450934,-10.860010669485966
park_low,3680,0.11099851007450934,-10.860010669485966
park_low,3681,-1.085221871779888,-24.433095846084136
park_low,3682,-0.7727618497579098,-26.637138264365657
park_low,3683,0.11099851007450934,-10.860010669485966
park_low,3684,-0.8723011223330264,-49.28859902301008
park_low,3685,-0.8723011223330264,-49.28859902301008
park_low,3686,0.8601481858732961,3.740671897685413
park_low,3687,0.11099851007450934,-10.860010669485966
park_low,3688,-0.8723011223330264,-49.28859902301008
park_low,3689,-0.3846082140731746,143.61206020193862
park_low,3690,0.30697557469618675,0.6152666868534027
park_low,3691,-0.8723011223330264,-49.28859902301008
park_low,3692,-1.2724728989633642,-20.510445157912955
park_low,3693,-2.9629167882864063,-18.967894970779557
park_low,3694,-0.7727618497579098,-26.637138264365657
park_low,3695,0.30697557469618675,0.6152666868534027
park_low,3696,0.11099851007450934,-10.860010669485966
park_low,3697,-1.73128077980543,-46.36278031714696
park_low,3698,-0.7174110770103554,-22.819809931167384
park_low,3699,-0.3846082140731746,143.61206020193862
park_low,3700,-0.8723011223330264,-49.28859902301008
park_low,3701,-1.9040425160179406,-11.497054473709955
park_low,3702,-1.085221871779888,-24.433095846084136
park_low,3703,-0.8723011223330264,-49.28859902301008
park_low,3704,-1.2777192030763795,-71.60907995797281
park_low,3705,-1.765169888109467,-35.3355137618874
park_low,3706,0.30697557469618675,0.6152666868534027
park_low,3707,-1.085221871779888,-24.433095846084136
park_low,3708,0.30697557469618675,0.6152666868534027
park_low,3709,-1.73128077980543,-46.36278031714696
park_low,3710,-0.8723011223330264,-49.28859902301008
park_low,3711,-1.9040425160179406,-11.497054473709955
park_low,3712,-1.2777192030763795,-71.60907995797281
park_low,3713,0.11099851007450934,-10.860010669485966
park_low,3714,-2.9629167882864063,-18.967894970779557
park_low,3715,0.11099851007450934,-10.860010669485966
park_low,3716,-0.8723011223330264,-49.28859902301008
park_low,3717,-1.2724728989633642,-20.510445157912955
park_low,3718,0.8601481858732961,3.740671897685413
park_low,3719,-0.769805082236457,-17.70823703608844
park_low,3720,0.7901723267567068,-22.981493662126752
park_low,3721,-1.2724728989633642,-20.510445157912955
park_low,3722,-1.085221871779888,-24.433095846084136
park_low,3723,-1.73128077980543,-46.36278031714696
park_low,3724,-0.3846082140731746,143.61206020193862
park_low,3725,-0.8723011223330264,-49.28859902301008
park_low,3726,-0.769805082236457,-17.70823703608844
park_low,3727,-0.769805082236457,-17.70823703608844
park_low,3728,-0.20988839445380336,-15.591836961473657
park_low,3729,-0.8723011223330264,-49.28859902301008
park_low,3730,-0.7727618497579098,-26.637138264365657
park_low,3731,-0.7727618497579098,-26.637138264365657
park_low,3732,-0.769805082236457,-17.70823703608844
park_low,3733,-2.9629167882864063,-18.967894970779557
park_low,3734,0.19074386594892923,27.70649027062954
park_low,3735,-1.2724728989633642,-20.510445157912955
park_low,3736,-0.20988839445380336,-15.591836961473657
park_low,3737,0.11099851007450934,-10.860010669485966
park_low,3738,-1.765169888109467,-35.3355137618874
park_low,3739,-0.7727618497579098,-26.637138264365657
park_low,3740,-0.7174110770103554,-22.819809931167384
park_low,3741,0.19074386594892923,27.70649027062954
park_low,3742,-0.3846082140731746,143.61206020193862
park_low,3743,0.7901723267567068,-22.981493662126752
park_low,3744,-1.765169888109467,-35.3355137618874
park_low,3745,-0.7727618497579098,-26.637138264365657
park_low,3746,-1.085221871779888,-24.433095846084136
park_low,3747,-0.7727618497579098,-26.637138264365657
park_low,3748,0.19074386594892923,27.70649027062954
park_low,3749,-1.085221871779888,-24.433095846084136
park_low,3750,-1.8417110134599408,-54.51852415817845
park_low,3751,0.7901723267567068,-22.981493662126752
park_low,3752,-0.3846082140731746,143.61206020193862
park_low,3753,-1.73128077980543,-46.36278031714696
park_low,3754,-2.9629167882864063,-18.967894970779557
park_low,3755,-1.085221871779888,-24.433095846084136
park_low,3756,-0.7174110770103554,-22.819809931167384
park_low,3757,-0.7727618497579098,-26.637138264365657
park_low,3758,0.8601481858732961,3.740671897685413
park_low,3759,0.8601481858732961,3.740671897685413
park_low,3760,-1.2724728989633642,-20.510445157912955
park_low,3761,-1.765169888109467,-35.3355137618874
park_low,3762,-0.7727618497579098,-26.637138264365657
park_low,3763,-0.20988839445380336,-15.591836961473657
park_low,3764,-1.8417110134599408,-54.51852415817845
park_low,3765,-0.7174110770103554,-22.819809931167384
park_low,3766,0.19074386594892923,27.70649027062954
park_low,3767,0.30697557469618675,0.6152666868534027
park_low,3768,-0.20988839445380336,-15.591836961473657
park_low,3769,-0.3846082140731746,143.61206020193862
park_low,3770,-0.3846082140731746,143.61206020193862
park_low,3771,0.30697557469618675,0.6152666868534027
park_low,3772,-1.2724728989633642,-20.510445157912955
park_low,3773,-1.9040425160179406,-11.497054473709955
park_low,3774,-2.9629167882864063,-18.967894970779557
park_low,3775,0.7901723267567068,-22.981493662126752
park_low,3776,0.7901723267567068,-22.981493662126752
park_low,3777,-1.8417110134599408,-54.51852415817845
park_low,3778,0.19074386594892923,27.70649027062954
park_low,3779,-0.7174110770103554,-22.819809931167384
park_low,3780,0.8601481858732961,3.740671897685413
park_low,3781,-1.2724728989633642,-20.510445157912955
park_low,3782,-0.20988839445380336,-15.591836961473657
park_low,3783,-1.2777192030763795,-71.60907995797281
park_low,3784,-0.7727618497579098,-26.637138264365657
park_low,3785,-1.73128077980543,-46.36278031714696
park_low,3786,0.30697557469618675,0.6152666868534027
park_low,3787,-0.7727618497579098,-26.637138264365657
park_low,3788,0.19074386594892923,27.70649027062954
park_low,3789,0.19074386594892923,27.70649027062954
park_low,3790,-1.9040425160179406,-11.497054473709955
park_low,3791,-0.20988839445380336,-15.591836961473657
park_low,3792,0.7901723267567068,-22.981493662126752
park_low,3793,-0.8723011223330264,-49.28859902301008
park_low,3794,-0.769805082236457,-17.70823703608844
park_low,3795,-2.9629167882864063,-18.967894970779557
park_low,3796,-0.769805082236457,-17.70823703608844
park_low,3797,-1.8417110134599408,-54.51852415817845
park_low,3798,-0.20988839445380336,-15.591836961473657
park_low,3799,-0.8723011223330264,-49.28859902301008
park_low,3800,0.7901723267567068,-22.981493662126752
park_low,3801,-0.3846082140731746,143.61206020193862
park_low,3802,-0.20988839445380336,-15.591836961473657
park_low,3803,0.30697557469618675,0.6152666868534027
park_low,3804,-2.9629167882864063,-18.967894970779557
park_low,3805,-2.9629167882864063,-18.967894970779557
park_low,3806,-1.8417110134599408,-54.51852415817845
park_low,3807,-1.9040425160179406,-11.497054473709955
park_low,3808,0.11099851007450934,-10.860010669485966
park_low,3809,-1.73128077980543,-46.36278031714696
park_low,3810,-0.3846082140731746,143.61206020193862
park_low,3811,0.8601481858732961,3.740671897685413
park_low,3812,-1.2777192030763795,-71.60907995797281
park_low,3813,-1.73128077980543,-46.36278031714696
park_low,3814,0.19074386594892923,27.70649027062954
park_low,3815,0.19074386594892923,27.70649027062954
park_low,3816,0.30697557469618675,0.6152666868534027
park_low,3817,0.8601481858732961,3.740671897685413
park_low,3818,-0.7727618497579098,-26.637138264365657
park_low,3819,0.7901723267567068,-22.981493662126752
park_low,3820,0.30697557469618675,0.6152666868534027
park_low,3821,-0.8723011223330264,-49.28859902301008
park_low,3822,0.11099851007450934,-10.860010669485966
park_low,3823,-0.20988839445380336,-15.591836961473657
park_low,3824,-0.3846082140731746,143.61206020193862
park_low,3825,0.8601481858732961,3.740671897685413
park_low,3826,-0.7174110770103554,-22.819809931167384
park_low,3827,-0.20988839445380336,-15.591836961473657
park_low,3828,-0.8723011223330264,-49.28859902301008
park_low,3829,-0.7727618497579098,-26.637138264365657
park_low,3830,-0.20988839445380336,-15.591836961473657
park_low,3831,-1.765169888109467,-35.3355137618874
park_low,3832,-0.7727618497579098,-26.637138264365657
park_low,3833,0.8601481858732961,3.740671897685413
park_low,3834,-0.20988839445380336,-15.591836961473657
park_low,3835,-1.085221871779888,-24.433095846084136
park_low,3836,-1.9040425160179406,-11.497054473709955
park_low,3837,-0.20988839445380336,-15.591836961473657
park_low,3838,-1.2777192030763795,-71.60907995797281
park_low,3839,0.19074386594892923,27.70649027062954
park_low,3840,-1.765169888109467,-35.3355137618874
park_low,3841,-1.8417110134599408,-54.51852415817845
park_low,3842,-0.20988839445380336,-15.591836961473657
park_low,3843,-0.7174110770103554,-22.819809931167384
park_low,3844,-0.7174110770103554,-22.819809931167384
park_low,3845,0.8601481858732961,3.740671897685413
park_low,3846,-1.8417110134599408,-54.51852415817845
park_low,3847,0.11099851007450934,-10.860010669485966
park_low,3848,-0.7727618497579098,-26.637138264365657
park_low,3849,-0.20988839445380336,-15.591836961473657
park_low,3850,-0.8723011223330264,-49.28859902301008
park_low,3851,-1.8417110134599408,-54.51852415817845
park_low,3852,0.11099851007450934,-10.860010669485966
park_low,3853,-0.7174110770103554,-22.819809931167384
park_low,3854,-2.9629167882864063,-18.967894970779557
park_low,3855,0.7901723267567068,-22.981493662126752
park_low,3856,-0.20988839445380336,-15.591836961473657
park_low,3857,-1.2777192030763795,-71.60907995797281
park_low,3858,-0.769805082236457,-17.70823703608844
park_low,3859,-1.73128077980543,-46.36278031714696
park_low,3860,0.8601481858732961,3.740671897685413
park_low,3861,-1.9040425160179406,-11.497054473709955
park_low,3862,-0.3846082140731746,143.61206020193862
park_low,3863,-1.2724728989633642,-20.510445157912955
park_low,3864,-1.9040425160179406,-11.497054473709955
park_low,3865,-0.7727618497579098,-26.637138264365657
park_low,3866,-0.20988839445380336,-15.591836961473657
park_low,3867,-1.765169888109467,-35.3355137618874
park_low,3868,-0.8723011223330264,-49.28859902301008
park_low,3869,-0.7174110770103554,-22.819809931167384
park_low,3870,-0.20988839445380336,-15.591836961473657
park_low,3871,-0.769805082236457,-17.70823703608844
park_low,3872,-0.7727618497579098,-26.637138264365657
park_low,3873,0.30697557469618675,0.6152666868534027
park_low,3874,-1.2777192030763795,-71.60907995797281
park_low,3875,0.19074386594892923,27.70649027062954
park_low,3876,-1.2777192030763795,-71.60907995797281
park_low,3877,-1.9040425160179406,-11.497054473709955
park_low,3878,-1.765169888109467,-35.3355137618874
park_low,3879,-0.8723011223330264,-49.28859902301008
park_low,3880,-1.2724728989633642,-20.510445157912955
park_low,3881,-1.2777192030763795,-71.60907995797281
park_low,3882,0.19074386594892923,27.70649027062954
park_low,3883,-0.20988839445380336,-15.591836961473657
park_low,3884,-0.20988839445380336,-15.591836961473657
park_low,3885,0.30697557469618675,0.6152666868534027
park_low,3886,-0.7727618497579098,-26.637138264365657
park_low,3887,-1.8417110134599408,-54.51852415817845
park_low,3888,-1.765169888109467,-35.3355137618874
park_low,3889,-0.3846082140731746,143.61206020193862
park_low,3890,0.7901723267567068,-22.981493662126752
park_low,3891,-0.769805082236457,-17.70823703608844
park_low,3892,-0.7174110770103554,-22.819809931167384
park_low,3893,-1.2777192030763795,-71.60907995797281
park_low,3894,0.30697557469618675,0.6152666868534027
park_low,3895,-0.20988839445380336,-15.591836961473657
park_low,3896,-1.2777192030763795,-71.60907995797281
park_low,3897,-0.8723011223330264,-49.28859902301008
park_low,3898,0.30697557469618675,0.6152666868534027
park_low,3899,-0.20988839445380336,-15.591836961473657
park_low,3900,0.7901723267567068,-22.981493662126752
park_low,3901,0.30697557469618675,0.6152666868534027
park_low,3902,-1.2777192030763795,-71.60907995797281
park_low,3903,0.8601481858732961,3.740671897685413
park_low,3904,-0.769805082236457,-17.70823703608844
park_low,3905,-0.7727618497579098,-26.637138264365657
park_low,3906,-2.9629167882864063,-18.967894970779557
park_low,3907,-0.7727618497579098,-26.637138264365657
park_low,3908,-0.7174110770103554,-22.819809931167384
park_low,3909,0.8601481858732961,3.740671897685413
park_low,3910,-1.2777192030763795,-71.60907995797281
park_low,3911,0.30697557469618675,0.6152666868534027
park_low,3912,-0.7727618497579098,-26.637138264365657
park_low,3913,-0.3846082140731746,143.61206020193862
park_low,3914,-0.3846082140731746,143.61206020193862
park_low,3915,-1.765169888109467,-35.3355137618874
park_low,3916,-0.20988839445380336,-15.591836961473657
park_low,3917,-1.8417110134599408,-54.51852415817845
park_low,3918,-0.769805082236457,-17.70823703608844
park_low,3919,0.11099851007450934,-10.860010669485966
park_low,3920,0.7901723267567068,-22.981493662126752
park_low,3921,-1.8417110134599408,-54.51852415817845
park_low,3922,-0.7174110770103554,-22.819809931167384
park_low,3923,-1.2724728989633642,-20.510445157912955
park_low,3924,0.11099851007450934,-10.860010669485966
park_low,3925,-1.2724728989633642,-20.510445157912955
park_low,3926,0.30697557469618675,0.6152666868534027
park_low,3927,-0.769805082236457,-17.70823703608844
park_low,3928,-1.765169888109467,-35.3355137618874
park_low,3929,-0.769805082236457,-17.70823703608844
park_low,3930,0.19074386594892923,27.70649027062954
park_low,3931,-0.8723011223330264,-49.28859902301008
park_low,3932,0.7901723267567068,-22.981493662126752
park_low,3933,-0.20988839445380336,-15.591836961473657
park_low,3934,-1.085221871779888,-24.433095846084136
park_low,3935,-0.8723011223330264,-49.28859902301008
park_low,3936,0.7901723267567068,-22.981493662126752
park_low,3937,-1.2724728989633642,-20.510445157912955
park_low,3938,0.30697557469618675,0.6152666868534027
park_low,3939,-1.2724728989633642,-20.510445157912955
park_low,3940,-2.9629167882864063,-18.967894970779557
park_low,3941,0.30697557469618675,0.6152666868534027
park_low,3942,-0.7727618497579098,-26.637138264365657
park_low,3943,-2.9629167882864063,-18.967894970779557
park_low,3944,-1.2724728989633642,-20.510445157912955
park_low,3945,-1.2724728989633642,-20.510445157912955
park_low,3946,0.7901723267567068,-22.981493662126752
park_low,3947,-0.7727618497579098,-26.637138264365657
park_low,3948,-1.73128077980543,-46.36278031714696
park_low,3949,-1.73128077980543,-46.36278031714696
park_low,3950,-0.8723011223330264,-49.28859902301008
park_low,3951,0.30697557469618675,0.6152666868534027
park_low,3952,-1.765169888109467,-35.3355137618874
park_low,3953,-2.9629167882864063,-18.967894970779557
park_low,3954,-0.769805082236457,-17.70823703608844
park_low,3955,-1.2724728989633642,-20.510445157912955
park_low,3956,-1.73128077980543,-46.36278031714696
park_low,3957,-1.9040425160179406,-11.497054473709955
park_low,3958,-1.2724728989633642,-20.510445157912955
park_low,3959,-1.765169888109467,-35.3355137618874
park_low,3960,-2.9629167882864063,-18.967894970779557
park_low,3961,-1.2724728989633642,-20.510445157912955
park_low,3962,-0.7174110770103554,-22.819809931167384
park_low,3963,-1.8417110134599408,-54.51852415817845
park_low,3964,-1.73128077980543,-46.36278031714696
park_low,3965,-0.7174110770103554,-22.819809931167384
park_low,3966,-0.7727618497579098,-26.637138264365657
park_low,3967,-2.9629167882864063,-18.967894970779557
park_low,3968,-2.9629167882864063,-18.967894970779557
park_low,3969,-0.3846082140731746,143.61206020193862
park_low,3970,0.11099851007450934,-10.860010669485966
park_low,3971,-0.7174110770103554,-22.819809931167384
park_low,3972,-2.9629167882864063,-18.967894970779557
park_low,3973,-1.765169888109467,-35.3355137618874
park_low,3974,-1.085221871779888,-24.433095846084136
park_low,3975,-1.8417110134599408,-54.51852415817845
park_low,3976,-1.73128077980543,-46.36278031714696
park_low,3977,-0.20988839445380336,-15.591836961473657
park_low,3978,-1.2777192030763795,-71.60907995797281
park_low,3979,0.8601481858732961,3.740671897685413
park_low,3980,-0.20988839445380336,-15.591836961473657
park_low,3981,-0.20988839445380336,-15.591836961473657
park_low,3982,-0.769805082236457,-17.70823703608844
park_low,3983,-0.769805082236457,-17.70823703608844
park_low,3984,-1.9040425160179406,-11.497054473709955
park_low,3985,-1.9040425160179406,-11.497054473709955
park_low,3986,-0.769805082236457,-17.70823703608844
park_low,3987,-0.8723011223330264,-49.28859902301008
park_low,3988,-0.8723011223330264,-49.28859902301008
park_low,3989,-0.8723011223330264,-49.28859902301008
park_low,3990,-1.9040425160179406,-11.497054473709955
park_low,3991,-1.2724728989633642,-20.510445157912955
park_low,3992,-0.20988839445380336,-15.591836961473657
park_low,3993,-1.085221871779888,-24.433095846084136
park_low,3994,-0.7727618497579098,-26.637138264365657
park_low,3995,-1.2724728989633642,-20.510445157912955
park_low,3996,-1.085221871779888,-24.433095846084136
park_low,3997,-0.7174110770103554,-22.819809931167384
park_low,3998,-0.7727618497579098,-26.637138264365657
park_low,3999,-1.8417110134599408,-54.51852415817845
park_low,4000,0.11099851007450934,-10.860010669485966
park_low,4001,-1.765169888109467,-35.3355137618874
park_low,4002,-1.8417110134599408,-54.51852415817845
park_low,4003,0.19074386594892923,27.70649027062954
park_low,4004,0.30697557469618675,0.6152666868534027
park_low,4005,0.19074386594892923,27.70649027062954
park_low,4006,-1.73128077980543,-46.36278031714696
park_low,4007,0.30697557469618675,0.6152666868534027
park_low,4008,-0.8723011223330264,-49.28859902301008
park_low,4009,-2.9629167882864063,-18.967894970779557
park_low,4010,-0.20988839445380336,-15.591836961473657
park_low,4011,-1.085221871779888,-24.433095846084136
park_low,4012,-1.8417110134599408,-54.51852415817845
park_low,4013,0.7901723267567068,-22.981493662126752
park_low,4014,-2.9629167882864063,-18.967894970779557
park_low,4015,-2.9629167882864063,-18.967894970779557
park_low,4016,-1.2777192030763795,-71.60907995797281
park_low,4017,0.7901723267567068,-22.981493662126752
park_low,4018,-1.8417110134599408,-54.51852415817845
park_low,4019,-1.765169888109467,-35.3355137618874
park_low,4020,-0.8723011223330264,-49.28859902301008
park_low,4021,-0.769805082236457,-17.70823703608844
park_low,4022,-0.8723011223330264,-49.28859902301008
park_low,4023,-1.085221871779888,-24.433095846084136
park_low,4024,-1.9040425160179406,-11.497054473709955
park_low,4025,-0.3846082140731746,143.61206020193862
park_low,4026,-1.765169888109467,-35.3355137618874
park_low,4027,-0.8723011223330264,-49.28859902301008
park_low,4028,-0.3846082140731746,143.61206020193862
park_low,4029,-0.20988839445380336,-15.591836961473657
park_low,4030,0.8601481858732961,3.740671897685413
park_low,4031,-0.769805082236457,-17.70823703608844
park_low,4032,-1.085221871779888,-24.433095846084136
park_low,4033,-0.8723011223330264,-49.28859902301008
park_low,4034,0.19074386594892923,27.70649027062954
park_low,4035,-2.9629167882864063,-18.967894970779557
park_low,4036,-1.2777192030763795,-71.60907995797281
park_low,4037,-1.8417110134599408,-54.51852415817845
park_low,4038,0.11099851007450934,-10.860010669485966
park_low,4039,-0.20988839445380336,-15.591836961473657
park_low,4040,-0.8723011223330264,-49.28859902301008
park_low,4041,0.11099851007450934,-10.860010669485966
park_low,4042,0.11099851007450934,-10.860010669485966
park_low,4043,-1.2724728989633642,-20.510445157912955
park_low,4044,-1.2724728989633642,-20.510445157912955
park_low,4045,-1.765169888109467,-35.3355137618874
park_low,4046,0.30697557469618675,0.6152666868534027
park_low,4047,0.7901723267567068,-22.981493662126752
park_low,4048,-0.8723011223330264,-49.28859902301008
park_low,4049,-0.769805082236457,-17.70823703608844
park_low,4050,-0.769805082236457,-17.70823703608844
park_low,4051,-0.8723011223330264,-49.28859902301008
park_low,4052,-1.085221871779888,-24.433095846084136
park_low,4053,-0.8723011223330264,-49.28859902301008
park_low,4054,-0.7727618497579098,-26.637138264365657
park_low,4055,0.8601481858732961,3.740671897685413
park_low,4056,-1.2777192030763795,-71.60907995797281
park_low,4057,-0.7174110770103554,-22.819809931167384
park_low,4058,-1.9040425160179406,-11.497054473709955
park_low,4059,-1.73128077980543,-46.36278031714696
park_low,4060,-0.20988839445380336,-15.591836961473657
park_low,4061,-1.085221871779888,-24.433095846084136
park_low,4062,-1.8417110134599408,-54.51852415817845
park_low,4063,-1.9040425160179406,-11.497054473709955
park_low,4064,0.30697557469618675,0.6152666868534027
park_low,4065,-0.8723011223330264,-49.28859902301008
park_low,4066,0.30697557469618675,0.6152666868534027
park_low,4067,-1.085221871779888,-24.433095846084136
park_low,4068,-0.769805082236457,-17.70823703608844
park_low,4069,-0.20988839445380336,-15.591836961473657
park_low,4070,-1.765169888109467,-35.3355137618874
park_low,4071,0.30697557469618675,0.6152666868534027
park_low,4072,-1.2777192030763795,-71.60907995797281
park_low,4073,-0.20988839445380336,-15.591836961473657
park_low,4074,-1.2724728989633642,-20.510445157912955
park_low,4075,0.7901723267567068,-22.981493662126752
park_low,4076,-1.085221871779888,-24.433095846084136
park_low,4077,-1.2777192030763795,-71.60907995797281
park_low,4078,0.8601481858732961,3.740671897685413
park_low,4079,-1.2777192030763795,-71.60907995797281
park_low,4080,0.8601481858732961,3.740671897685413
park_low,4081,-1.2777192030763795,-71.60907995797281
park_low,4082,0.19074386594892923,27.70649027062954
park_low,4083,-0.3846082140731746,143.61206020193862
park_low,4084,0.11099851007450934,-10.860010669485966
park_low,4085,-1.085221871779888,-24.433095846084136
park_low,4086,-0.769805082236457,-17.70823703608844
park_low,4087,-0.8723011223330264,-49.28859902301008
park_low,4088,0.19074386594892923,27.70649027062954
park_low,4089,0.11099851007450934,-10.860010669485966
park_low,4090,0.11099851007450934,-10.860010669485966
park_low,4091,0.11099851007450934,-10.860010669485966
park_low,4092,0.11099851007450934,-10.860010669485966
park_low,4093,-0.7174110770103554,-22.819809931167384
park_low,4094,-1.2777192030763795,-71.60907995797281
park_low,4095,0.11099851007450934,-10.860010669485966
park_low,4096,-0.8723011223330264,-49.28859902301008
park_low,4097,0.7901723267567068,-22.981493662126752
park_low,4098,-0.7174110770103554,-22.819809931167384
park_low,4099,0.30697557469618675,0.6152666868534027
park_low,4100,0.8601481858732961,3.740671897685413
park_low,4101,-1.2724728989633642,-20.510445157912955
park_low,4102,-1.9040425160179406,-11.497054473709955
park_low,4103,-0.7727618497579098,-26.637138264365657
park_low,4104,-0.20988839445380336,-15.591836961473657
park_low,4105,-0.7174110770103554,-22.819809931167384
park_low,4106,-0.769805082236457,-17.70823703608844
park_low,4107,-1.2777192030763795,-71.60907995797281
park_low,4108,0.11099851007450934,-10.860010669485966
park_low,4109,0.7901723267567068,-22.981493662126752
park_low,4110,-1.8417110134599408,-54.51852415817845
park_low,4111,-2.9629167882864063,-18.967894970779557
park_low,4112,-0.7727618497579098,-26.637138264365657
park_low,4113,0.11099851007450934,-10.860010669485966
park_low,4114,0.8601481858732961,3.740671897685413
park_low,4115,-0.7174110770103554,-22.819809931167384
park_low,4116,-1.2724728989633642,-20.510445157912955
park_low,4117,-0.8723011223330264,-49.28859902301008
park_low,4118,0.7901723267567068,-22.981493662126752
park_low,4119,0.7901723267567068,-22.981493662126752
park_low,4120,0.19074386594892923,27.70649027062954
park_low,4121,-1.765169888109467,-35.3355137618874
park_low,4122,-0.7727618497579098,-26.637138264365657
park_low,4123,-0.8723011223330264,-49.28859902301008
park_low,4124,0.30697557469618675,0.6152666868534027
park_low,4125,-1.2777192030763795,-71.60907995797281
park_low,4126,-1.2777192030763795,-71.60907995797281
park_low,4127,-1.9040425160179406,-11.497054473709955
park_low,4128,0.8601481858732961,3.740671897685413
park_low,4129,-0.20988839445380336,-15.591836961473657
park_low,4130,0.8601481858732961,3.740671897685413
park_low,4131,0.19074386594892923,27.70649027062954
park_low,4132,0.19074386594892923,27.70649027062954
park_low,4133,-1.73128077980543,-46.36278031714696
park_low,4134,-2.9629167882864063,-18.967894970779557
park_low,4135,-1.2724728989633642,-20.510445157912955
park_low,4136,-1.765169888109467,-35.3355137618874
park_low,4137,-0.769805082236457,-17.70823703608844
park_low,4138,-1.8417110134599408,-54.51852415817845
park_low,4139,-1.73128077980543,-46.36278031714696
park_low,4140,0.19074386594892923,27.70649027062954
park_low,4141,-1.9040425160179406,-11.497054473709955
park_low,4142,-2.9629167882864063,-18.967894970779557
park_low,4143,-0.8723011223330264,-49.28859902301008
park_low,4144,0.19074386594892923,27.70649027062954
park_low,4145,0.11099851007450934,-10.860010669485966
park_low,4146,-2.9629167882864063,-18.967894970779557
park_low,4147,-1.765169888109467,-35.3355137618874
park_low,4148,0.30697557469618675,0.6152666868534027
park_low,4149,-1.765169888109467,-35.3355137618874
park_low,4150,-0.8723011223330264,-49.28859902301008
park_low,4151,-0.3846082140731746,143.61206020193862
park_low,4152,-1.765169888109467,-35.3355137618874
park_low,4153,0.8601481858732961,3.740671897685413
park_low,4154,-0.7174110770103554,-22.819809931167384
park_low,4155,0.11099851007450934,-10.860010669485966
park_low,4156,-2.9629167882864063,-18.967894970779557
park_low,4157,-0.7727618497579098,-26.637138264365657
park_low,4158,-0.7727618497579098,-26.637138264365657
park_low,4159,-1.9040425160179406,-11.497054473709955
park_low,4160,-0.3846082140731746,143.61206020193862
park_low,4161,-0.7727618497579098,-26.637138264365657
park_low,4162,-2.9629167882864063,-18.967894970779557
park_low,4163,0.11099851007450934,-10.860010669485966
park_low,4164,-0.3846082140731746,143.61206020193862
park_low,4165,-1.085221871779888,-24.433095846084136
park_low,4166,-1.73128077980543,-46.36278031714696
park_low,4167,0.19074386594892923,27.70649027062954
park_low,4168,0.8601481858732961,3.740671897685413
park_low,4169,-0.8723011223330264,-49.28859902301008
park_low,4170,-1.2724728989633642,-20.510445157912955
park_low,4171,-0.7727618497579098,-26.637138264365657
park_low,4172,0.19074386594892923,27.70649027062954
park_low,4173,0.7901723267567068,-22.981493662126752
park_low,4174,0.7901723267567068,-22.981493662126752
park_low,4175,-0.7727618497579098,-26.637138264365657
park_low,4176,-2.9629167882864063,-18.967894970779557
park_low,4177,-0.20988839445380336,-15.591836961473657
park_low,4178,-0.20988839445380336,-15.591836961473657
park_low,4179,0.7901723267567068,-22.981493662126752
park_low,4180,-0.3846082140731746,143.61206020193862
park_low,4181,0.19074386594892923,27.70649027062954
park_low,4182,0.7901723267567068,-22.981493662126752
park_low,4183,-1.085221871779888,-24.433095846084136
park_low,4184,-2.9629167882864063,-18.967894970779557
park_low,4185,-1.73128077980543,-46.36278031714696
park_low,4186,-0.769805082236457,-17.70823703608844
park_low,4187,0.8601481858732961,3.740671897685413
park_low,4188,0.8601481858732961,3.740671897685413
park_low,4189,-1.2724728989633642,-20.510445157912955
park_low,4190,-1.73128077980543,-46.36278031714696
park_low,4191,0.7901723267567068,-22.981493662126752
park_low,4192,-0.7174110770103554,-22.819809931167384
park_low,4193,-1.73128077980543,-46.36278031714696
park_low,4194,-0.7174110770103554,-22.819809931167384
park_low,4195,-1.765169888109467,-35.3355137618874
park_low,4196,-1.085221871779888,-24.433095846084136
park_low,4197,-0.769805082236457,-17.70823703608844
park_low,4198,-2.9629167882864063,-18.967894970779557
park_low,4199,-1.9040425160179406,-11.497054473709955
park_low,4200,-0.20988839445380336,-15.591836961473657
park_low,4201,-0.769805082236457,-17.70823703608844
park_low,4202,-0.7727618497579098,-26.637138264365657
park_low,4203,-0.8723011223330264,-49.28859902301008
park_low,4204,-1.2777192030763795,-71.60907995797281
park_low,4205,-0.3846082140731746,143.61206020193862
park_low,4206,-0.20988839445380336,-15.591836961473657
park_low,4207,-1.765169888109467,-35.3355137618874
park_low,4208,0.19074386594892923,27.70649027062954
park_low,4209,0.8601481858732961,3.740671897685413
park_low,4210,-1.765169888109467,-35.3355137618874
park_low,4211,-2.9629167882864063,-18.967894970779557
park_low,4212,-0.20988839445380336,-15.591836961473657
park_low,4213,-2.9629167882864063,-18.967894970779557
park_low,4214,-0.8723011223330264,-49.28859902301008
park_low,4215,-1.765169888109467,-35.3355137618874
park_low,4216,-2.9629167882864063,-18.967894970779557
park_low,4217,-0.8723011223330264,-49.28859902301008
park_low,4218,0.8601481858732961,3.740671897685413
park_low,4219,0.11099851007450934,-10.860010669485966
park_low,4220,0.8601481858732961,3.740671897685413
park_low,4221,-0.769805082236457,-17.70823703608844
park_low,4222,-1.8417110134599408,-54.51852415817845
park_low,4223,0.19074386594892923,27.70649027062954
park_low,4224,-1.2724728989633642,-20.510445157912955
park_low,4225,-1.9040425160179406,-11.497054473709955
park_low,4226,-0.769805082236457,-17.70823703608844
park_low,4227,0.8601481858732961,3.740671897685413
park_low,4228,-0.20988839445380336,-15.591836961473657
park_low,4229,-1.2777192030763795,-71.60907995797281
park_low,4230,0.7901723267567068,-22.981493662126752
park_low,4231,-2.9629167882864063,-18.967894970779557
park_low,4232,-1.2724728989633642,-20.510445157912955
park_low,4233,0.8601481858732961,3.740671897685413
park_low,4234,-0.3846082140731746,143.61206020193862
park_low,4235,-1.2777192030763795,-71.60907995797281
park_low,4236,-1.8417110134599408,-54.51852415817845
park_low,4237,0.30697557469618675,0.6152666868534027
park_low,4238,0.11099851007450934,-10.860010669485966
park_low,4239,-1.8417110134599408,-54.51852415817845
park_low,4240,-0.7174110770103554,-22.819809931167384
park_low,4241,-2.9629167882864063,-18.967894970779557
park_low,4242,-0.769805082236457,-17.70823703608844
park_low,4243,-1.9040425160179406,-11.497054473709955
park_low,4244,0.8601481858732961,3.740671897685413
park_low,4245,-1.2777192030763795,-71.60907995797281
park_low,4246,-1.9040425160179406,-11.497054473709955
park_low,4247,0.8601481858732961,3.740671897685413
park_low,4248,-0.769805082236457,-17.70823703608844
park_low,4249,-1.9040425160179406,-11.497054473709955
park_low,4250,0.8601481858732961,3.740671897685413
park_low,4251,-1.765169888109467,-35.3355137618874
park_low,4252,-1.73128077980543,-46.36278031714696
park_low,4253,-0.7727618497579098,-26.637138264365657
park_low,4254,-0.7727618497579098,-26.637138264365657
park_low,4255,-0.3846082140731746,143.61206020193862
park_low,4256,0.7901723267567068,-22.981493662126752
park_low,4257,-0.20988839445380336,-15.591836961473657
park_low,4258,-1.9040425160179406,-11.497054473709955
park_low,4259,0.8601481858732961,3.740671897685413
park_low,4260,-0.769805082236457,-17.70823703608844
park_low,4261,-1.765169888109467,-35.3355137618874
park_low,4262,-0.3846082140731746,143.61206020193862
park_low,4263,-2.9629167882864063,-18.967894970779557
park_low,4264,-1.765169888109467,-35.3355137618874
park_low,4265,0.19074386594892923,27.70649027062954
park_low,4266,-1.9040425160179406,-11.497054473709955
park_low,4267,-0.8723011223330264,-49.28859902301008
park_low,4268,-1.73128077980543,-46.36278031714696
park_low,4269,-0.769805082236457,-17.70823703608844
park_low,4270,-1.9040425160179406,-11.497054473709955
park_low,4271,0.7901723267567068,-22.981493662126752
park_low,4272,0.19074386594892923,27.70649027062954
park_low,4273,-0.7174110770103554,-22.819809931167384
park_low,4274,0.7901723267567068,-22.981493662126752
park_low,4275,0.19074386594892923,27.70649027062954
park_low,4276,-0.3846082140731746,143.61206020193862
park_low,4277,-0.8723011223330264,-49.28859902301008
park_low,4278,-1.2724728989633642,-20.510445157912955
park_low,4279,-1.9040425160179406,-11.497054473709955
park_low,4280,-1.8417110134599408,-54.51852415817845
park_low,4281,-0.20988839445380336,-15.591836961473657
park_low,4282,-1.2724728989633642,-20.510445157912955
park_low,4283,-1.73128077980543,-46.36278031714696
park_low,4284,-0.3846082140731746,143.61206020193862
park_low,4285,-0.7727618497579098,-26.637138264365657
park_low,4286,0.19074386594892923,27.70649027062954
park_low,4287,-1.2777192030763795,-71.60907995797281
park_low,4288,-1.2777192030763795,-71.60907995797281
park_low,4289,-1.73128077980543,-46.36278031714696
park_low,4290,-1.73128077980543,-46.36278031714696
park_low,4291,-0.3846082140731746,143.61206020193862
park_low,4292,-0.769805082236457,-17.70823703608844
park_low,4293,-1.8417110134599408,-54.51852415817845
park_low,4294,-1.2777192030763795,-71.60907995797281
park_low,4295,0.7901723267567068,-22.981493662126752
park_low,4296,-1.085221871779888,-24.433095846084136
park_low,4297,-1.2777192030763795,-71.60907995797281
park_low,4298,-2.9629167882864063,-18.967894970779557
park_low,4299,-0.20988839445380336,-15.591836961473657
park_low,4300,-0.3846082140731746,143.61206020193862
park_low,4301,-0.7727618497579098,-26.637138264365657
park_low,4302,0.19074386594892923,27.70649027062954
park_low,4303,0.11099851007450934,-10.860010669485966
park_low,4304,-1.2777192030763795,-71.60907995797281
park_low,4305,-0.20988839445380336,-15.591836961473657
park_low,4306,-0.3846082140731746,143.61206020193862
park_low,4307,-1.2777192030763795,-71.60907995797281
park_low,4308,-1.2724728989633642,-20.510445157912955
park_low,4309,-2.9629167882864063,-18.967894970779557
park_low,4310,0.30697557469618675,0.6152666868534027
park_low,4311,-1.085221871779888,-24.433095846084136
park_low,4312,0.30697557469618675,0.6152666868534027
park_low,4313,-1.765169888109467,-35.3355137618874
park_low,4314,-0.20988839445380336,-15.591836961473657
park_low,4315,-0.7727618497579098,-26.637138264365657
park_low,4316,-0.20988839445380336,-15.591836961473657
park_low,4317,-1.2777192030763795,-71.60907995797281
park_low,4318,-1.9040425160179406,-11.497054473709955
park_low,4319,0.8601481858732961,3.740671897685413
park_low,4320,0.19074386594892923,27.70649027062954
park_low,4321,-0.8723011223330264,-49.28859902301008
park_low,4322,-1.2777192030763795,-71.60907995797281
park_low,4323,-0.20988839445380336,-15.591836961473657
park_low,4324,-0.8723011223330264,-49.28859902301008
park_low,4325,0.30697557469618675,0.6152666868534027
park_low,4326,-1.73128077980543,-46.36278031714696
park_low,4327,0.30697557469618675,0.6152666868534027
park_low,4328,-1.2724728989633642,-20.510445157912955
park_low,4329,0.19074386594892923,27.70649027062954
park_low,4330,-0.7174110770103554,-22.819809931167384
park_low,4331,-0.3846082140731746,143.61206020193862
park_low,4332,-0.7174110770103554,-22.819809931167384
park_low,4333,-1.8417110134599408,-54.51852415817845
park_low,4334,-1.2777192030763795,-71.60907995797281
park_low,4335,-1.8417110134599408,-54.51852415817845
park_low,4336,-1.8417110134599408,-54.51852415817845
park_low,4337,-1.085221871779888,-24.433095846084136
park_low,4338,0.30697557469618675,0.6152666868534027
park_low,4339,0.19074386594892923,27.70649027062954
park_low,4340,0.7901723267567068,-22.981493662126752
park_low,4341,0.11099851007450934,-10.860010669485966
park_low,4342,-1.2724728989633642,-20.510445157912955
park_low,4343,-0.7727618497579098,-26.637138264365657
park_low,4344,0.30697557469618675,0.6152666868534027
park_low,4345,0.11099851007450934,-10.860010669485966
park_low,4346,-1.2724728989633642,-20.510445157912955
park_low,4347,0.11099851007450934,-10.860010669485966
park_low,4348,-0.8723011223330264,-49.28859902301008
park_low,4349,-2.9629167882864063,-18.967894970779557
park_low,4350,0.11099851007450934,-10.860010669485966
park_low,4351,-1.73128077980543,-46.36278031714696
park_low,4352,0.7901723267567068,-22.981493662126752
park_low,4353,0.19074386594892923,27.70649027062954
park_low,4354,0.11099851007450934,-10.860010669485966
park_low,4355,0.19074386594892923,27.70649027062954
park_low,4356,0.7901723267567068,-22.981493662126752
park_low,4357,-1.9040425160179406,-11.497054473709955
park_low,4358,-1.73128077980543,-46.36278031714696
park_low,4359,0.7901723267567068,-22.981493662126752
park_low,4360,0.19074386594892923,27.70649027062954
park_low,4361,-0.7174110770103554,-22.819809931167384
park_low,4362,-0.769805082236457,-17.70823703608844
park_low,4363,-0.769805082236457,-17.70823703608844
park_low,4364,0.19074386594892923,27.70649027062954
park_low,4365,0.7901723267567068,-22.981493662126752
park_low,4366,0.7901723267567068,-22.981493662126752
park_low,4367,-1.73128077980543,-46.36278031714696
park_low,4368,-1.765169888109467,-35.3355137618874
park_low,4369,-0.7174110770103554,-22.819809931167384
park_low,4370,-0.7727618497579098,-26.637138264365657
park_low,4371,-2.9629167882864063,-18.967894970779557
park_low,4372,0.11099851007450934,-10.860010669485966
park_low,4373,-1.085221871779888,-24.433095846084136
park_low,4374,0.11099851007450934,-10.860010669485966
park_low,4375,-1.085221871779888,-24.433095846084136
park_low,4376,-0.3846082140731746,143.61206020193862
park_low,4377,-1.73128077980543,-46.36278031714696
park_low,4378,0.7901723267567068,-22.981493662126752
park_low,4379,0.11099851007450934,-10.860010669485966
park_low,4380,-1.9040425160179406,-11.497054473709955
park_low,4381,-1.9040425160179406,-11.497054473709955
park_low,4382,-0.769805082236457,-17.70823703608844
park_low,4383,0.30697557469618675,0.6152666868534027
park_low,4384,0.11099851007450934,-10.860010669485966
park_low,4385,0.11099851007450934,-10.860010669485966
park_low,4386,-1.2777192030763795,-71.60907995797281
park_low,4387,0.7901723267567068,-22.981493662126752
park_low,4388,-1.2777192030763795,-71.60907995797281
park_low,4389,-0.7174110770103554,-22.819809931167384
park_low,4390,-1.2724728989633642,-20.510445157912955
park_low,4391,-0.7174110770103554,-22.819809931167384
park_low,4392,-0.769805082236457,-17.70823703608844
park_low,4393,-1.765169888109467,-35.3355137618874
park_low,4394,-2.9629167882864063,-18.967894970779557
park_low,4395,-1.9040425160179406,-11.497054473709955
park_low,4396,-0.8723011223330264,-49.28859902301008
park_low,4397,-0.7727618497579098,-26.637138264365657
park_low,4398,-0.8723011223330264,-49.28859902301008
park_low,4399,-0.8723011223330264,-49.28859902301008
park_low,4400,-2.9629167882864063,-18.967894970779557
park_low,4401,-1.73128077980543,-46.36278031714696
park_low,4402,-1.9040425160179406,-11.497054473709955
park_low,4403,0.19074386594892923,27.70649027062954
park_low,4404,-0.7727618497579098,-26.637138264365657
park_low,4405,0.30697557469618675,0.6152666868534027
park_low,4406,-0.7727618497579098,-26.637138264365657
park_low,4407,0.11099851007450934,-10.860010669485966
park_low,4408,-1.2724728989633642,-20.510445157912955
park_low,4409,0.7901723267567068,-22.981493662126752
park_low,4410,-1.765169888109467,-35.3355137618874
park_low,4411,-0.7174110770103554,-22.819809931167384
park_low,4412,-0.769805082236457,-17.70823703608844
park_low,4413,-1.085221871779888,-24.433095846084136
park_low,4414,0.7901723267567068,-22.981493662126752
park_low,4415,-0.769805082236457,-17.70823703608844
park_low,4416,-0.3846082140731746,143.61206020193862
park_low,4417,-1.2777192030763795,-71.60907995797281
park_low,4418,0.30697557469618675,0.6152666868534027
park_low,4419,0.19074386594892923,27.70649027062954
park_low,4420,-0.769805082236457,-17.70823703608844
park_low,4421,0.19074386594892923,27.70649027062954
park_low,4422,0.30697557469618675,0.6152666868534027
park_low,4423,0.19074386594892923,27.70649027062954
park_low,4424,0.11099851007450934,-10.860010669485966
park_low,4425,-0.3846082140731746,143.61206020193862
park_low,4426,0.8601481858732961,3.740671897685413
park_low,4427,0.8601481858732961,3.740671897685413
park_low,4428,-0.8723011223330264,-49.28859902301008
park_low,4429,-1.2777192030763795,-71.60907995797281
park_low,4430,0.7901723267567068,-22.981493662126752
park_low,4431,-1.73128077980543,-46.36278031714696
park_low,4432,-1.085221871779888,-24.433095846084136
park_low,4433,-0.769805082236457,-17.70823703608844
park_low,4434,-0.769805082236457,-17.70823703608844
park_low,4435,0.8601481858732961,3.740671897685413
park_low,4436,-0.3846082140731746,143.61206020193862
park_low,4437,0.8601481858732961,3.740671897685413
park_low,4438,-1.73128077980543,-46.36278031714696
park_low,4439,0.8601481858732961,3.740671897685413
park_low,4440,-2.9629167882864063,-18.967894970779557
park_low,4441,-0.7727618497579098,-26.637138264365657
park_low,4442,-1.8417110134599408,-54.51852415817845
park_low,4443,-1.9040425160179406,-11.497054473709955
park_low,4444,-0.7174110770103554,-22.819809931167384
park_low,4445,-1.085221871779888,-24.433095846084136
park_low,4446,-0.7174110770103554,-22.819809931167384
park_low,4447,-2.9629167882864063,-18.967894970779557
park_low,4448,-0.3846082140731746,143.61206020193862
park_low,4449,0.11099851007450934,-10.860010669485966
park_low,4450,0.19074386594892923,27.70649027062954
park_low,4451,-1.73128077980543,-46.36278031714696
park_low,4452,-0.8723011223330264,-49.28859902301008
park_low,4453,-1.085221871779888,-24.433095846084136
park_low,4454,-0.7174110770103554,-22.819809931167384
park_low,4455,-0.3846082140731746,143.61206020193862
park_low,4456,-0.20988839445380336,-15.591836961473657
park_low,4457,-0.769805082236457,-17.70823703608844
park_low,4458,-1.9040425160179406,-11.497054473709955
park_low,4459,-0.7727618497579098,-26.637138264365657
park_low,4460,-1.765169888109467,-35.3355137618874
park_low,4461,0.8601481858732961,3.740671897685413
park_low,4462,-0.7174110770103554,-22.819809931167384
park_low,4463,0.11099851007450934,-10.860010669485966
park_low,4464,-1.765169888109467,-35.3355137618874
park_low,4465,-1.765169888109467,-35.3355137618874
park_low,4466,-0.3846082140731746,143.61206020193862
park_low,4467,-0.7727618497579098,-26.637138264365657
park_low,4468,0.8601481858732961,3.740671897685413
park_low,4469,0.19074386594892923,27.70649027062954
park_low,4470,-1.2724728989633642,-20.510445157912955
park_low,4471,-0.7727618497579098,-26.637138264365657
park_low,4472,-0.3846082140731746,143.61206020193862
park_low,4473,-1.9040425160179406,-11.497054473709955
park_low,4474,-1.73128077980543,-46.36278031714696
park_low,4475,-1.9040425160179406,-11.497054473709955
park_low,4476,-0.7174110770103554,-22.819809931167384
park_low,4477,-0.3846082140731746,143.61206020193862
park_low,4478,-2.9629167882864063,-18.967894970779557
park_low,4479,-1.085221871779888,-24.433095846084136
park_low,4480,-2.9629167882864063,-18.967894970779557
park_low,4481,-0.8723011223330264,-49.28859902301008
park_low,4482,-0.20988839445380336,-15.591836961473657
park_low,4483,-0.8723011223330264,-49.28859902301008
park_low,4484,0.11099851007450934,-10.860010669485966
park_low,4485,-1.2777192030763795,-71.60907995797281
park_low,4486,-1.73128077980543,-46.36278031714696
park_low,4487,-1.765169888109467,-35.3355137618874
park_low,4488,-0.7727618497579098,-26.637138264365657
park_low,4489,0.8601481858732961,3.740671897685413
park_low,4490,-0.20988839445380336,-15.591836961473657
park_low,4491,-0.20988839445380336,-15.591836961473657
park_low,4492,0.19074386594892923,27.70649027062954
park_low,4493,-0.7727618497579098,-26.637138264365657
park_low,4494,-1.2724728989633642,-20.510445157912955
park_low,4495,-1.8417110134599408,-54.51852415817845
park_low,4496,0.7901723267567068,-22.981493662126752
park_low,4497,0.30697557469618675,0.6152666868534027
park_low,4498,-1.085221871779888,-24.433095846084136
park_low,4499,0.7901723267567068,-22.981493662126752
park_low,4500,-0.7174110770103554,-22.819809931167384
park_low,4501,-0.769805082236457,-17.70823703608844
park_low,4502,-2.9629167882864063,-18.967894970779557
park_low,4503,-1.8417110134599408,-54.51852415817845
park_low,4504,-1.765169888109467,-35.3355137618874
park_low,4505,-0.7174110770103554,-22.819809931167384
park_low,4506,-0.7727618497579098,-26.637138264365657
park_low,4507,0.7901723267567068,-22.981493662126752
park_low,4508,-0.20988839445380336,-15.591836961473657
park_low,4509,0.11099851007450934,-10.860010669485966
park_low,4510,-0.7727618497579098,-26.637138264365657
park_low,4511,-1.085221871779888,-24.433095846084136
park_low,4512,-0.3846082140731746,143.61206020193862
park_low,4513,0.19074386594892923,27.70649027062954
park_low,4514,-1.9040425160179406,-11.497054473709955
park_low,4515,-1.765169888109467,-35.3355137618874
park_low,4516,-0.769805082236457,-17.70823703608844
park_low,4517,-1.2777192030763795,-71.60907995797281
park_low,4518,-1.085221871779888,-24.433095846084136
park_low,4519,-1.2777192030763795,-71.60907995797281
park_low,4520,0.7901723267567068,-22.981493662126752
park_low,4521,0.8601481858732961,3.740671897685413
park_low,4522,0.8601481858732961,3.740671897685413
park_low,4523,-1.2724728989633642,-20.510445157912955
park_low,4524,0.30697557469618675,0.6152666868534027
park_low,4525,-1.9040425160179406,-11.497054473709955
park_low,4526,-1.2777192030763795,-71.60907995797281
park_low,4527,0.8601481858732961,3.740671897685413
park_low,4528,-1.2777192030763795,-71.60907995797281
park_low,4529,-2.9629167882864063,-18.967894970779557
park_low,4530,-1.085221871779888,-24.433095846084136
park_low,4531,0.19074386594892923,27.70649027062954
park_low,4532,-1.2724728989633642,-20.510445157912955
park_low,4533,-1.765169888109467,-35.3355137618874
park_low,4534,-0.3846082140731746,143.61206020193862
park_low,4535,-0.769805082236457,-17.70823703608844
park_low,4536,-0.7174110770103554,-22.819809931167384
park_low,4537,0.11099851007450934,-10.860010669485966
park_low,4538,-1.73128077980543,-46.36278031714696
park_low,4539,-1.8417110134599408,-54.51852415817845
park_low,4540,-0.3846082140731746,143.61206020193862
park_low,4541,-0.7727618497579098,-26.637138264365657
park_low,4542,-1.2777192030763795,-71.60907995797281
park_low,4543,0.11099851007450934,-10.860010669485966
park_low,4544,-1.8417110134599408,-54.51852415817845
park_low,4545,-1.73128077980543,-46.36278031714696
park_low,4546,0.30697557469618675,0.6152666868534027
park_low,4547,-0.7727618497579098,-26.637138264365657
park_low,4548,-1.085221871779888,-24.433095846084136
park_low,4549,0.7901723267567068,-22.981493662126752
park_low,4550,-1.2777192030763795,-71.60907995797281
park_low,4551,-1.2724728989633642,-20.510445157912955
park_low,4552,0.30697557469618675,0.6152666868534027
park_low,4553,-0.7727618497579098,-26.637138264365657
park_low,4554,0.19074386594892923,27.70649027062954
park_low,4555,0.8601481858732961,3.740671897685413
park_low,4556,-2.9629167882864063,-18.967894970779557
park_low,4557,-1.73128077980543,-46.36278031714696
park_low,4558,-0.8723011223330264,-49.28859902301008
park_low,4559,-1.2724728989633642,-20.510445157912955
park_low,4560,-1.2724728989633642,-20.510445157912955
park_low,4561,-0.3846082140731746,143.61206020193862
park_low,4562,-0.3846082140731746,143.61206020193862
park_low,4563,-2.9629167882864063,-18.967894970779557
park_low,4564,-1.73128077980543,-46.36278031714696
park_low,4565,0.11099851007450934,-10.860010669485966
park_low,4566,-1.8417110134599408,-54.51852415817845
park_low,4567,-0.7174110770103554,-22.819809931167384
park_low,4568,-1.2777192030763795,-71.60907995797281
park_low,4569,0.7901723267567068,-22.981493662126752
park_low,4570,0.11099851007450934,-10.860010669485966
park_low,4571,-0.769805082236457,-17.70823703608844
park_low,4572,-1.2777192030763795,-71.60907995797281
park_low,4573,0.7901723267567068,-22.981493662126752
park_low,4574,-1.085221871779888,-24.433095846084136
park_low,4575,0.7901723267567068,-22.981493662126752
park_low,4576,0.8601481858732961,3.740671897685413
park_low,4577,-1.8417110134599408,-54.51852415817845
park_low,4578,-0.7174110770103554,-22.819809931167384
park_low,4579,0.30697557469618675,0.6152666868534027
park_low,4580,-0.8723011223330264,-49.28859902301008
park_low,4581,-1.73128077980543,-46.36278031714696
park_low,4582,0.11099851007450934,-10.860010669485966
park_low,4583,-1.9040425160179406,-11.497054473709955
park_low,4584,-1.2724728989633642,-20.510445157912955
park_low,4585,-0.20988839445380336,-15.591836961473657
park_low,4586,0.30697557469618675,0.6152666868534027
park_low,4587,-1.085221871779888,-24.433095846084136
park_low,4588,-1.765169888109467,-35.3355137618874
park_low,4589,-1.2724728989633642,-20.510445157912955
park_low,4590,-1.9040425160179406,-11.497054473709955
park_low,4591,0.7901723267567068,-22.981493662126752
park_low,4592,-1.2777192030763795,-71.60907995797281
park_low,4593,-0.3846082140731746,143.61206020193862
park_low,4594,-1.9040425160179406,-11.497054473709955
park_low,4595,-1.73128077980543,-46.36278031714696
park_low,4596,0.7901723267567068,-22.981493662126752
park_low,4597,-1.73128077980543,-46.36278031714696
park_low,4598,0.30697557469618675,0.6152666868534027
park_low,4599,-0.20988839445380336,-15.591836961473657
park_low,4600,-2.9629167882864063,-18.967894970779557
park_low,4601,-0.7174110770103554,-22.819809931167384
park_low,4602,-0.8723011223330264,-49.28859902301008
park_low,4603,-0.3846082140731746,143.61206020193862
park_low,4604,-1.2724728989633642,-20.510445157912955
park_low,4605,-1.73128077980543,-46.36278031714696
park_low,4606,-1.765169888109467,-35.3355137618874
park_low,4607,-0.7727618497579098,-26.637138264365657
park_low,4608,0.19074386594892923,27.70649027062954
park_low,4609,0.7901723267567068,-22.981493662126752
park_low,4610,-0.7174110770103554,-22.819809931167384
park_low,4611,0.30697557469618675,0.6152666868534027
park_low,4612,-0.7727618497579098,-26.637138264365657
park_low,4613,0.11099851007450934,-10.860010669485966
park_low,4614,-1.085221871779888,-24.433095846084136
park_low,4615,-1.2724728989633642,-20.510445157912955
park_low,4616,-0.8723011223330264,-49.28859902301008
park_low,4617,-2.9629167882864063,-18.967894970779557
park_low,4618,-1.2724728989633642,-20.510445157912955
park_low,4619,-2.9629167882864063,-18.967894970779557
park_low,4620,-1.765169888109467,-35.3355137618874
park_low,4621,-0.769805082236457,-17.70823703608844
park_low,4622,-0.3846082140731746,143.61206020193862
park_low,4623,0.7901723267567068,-22.981493662126752
park_low,4624,-2.9629167882864063,-18.967894970779557
park_low,4625,-0.8723011223330264,-49.28859902301008
park_low,4626,-0.7174110770103554,-22.819809931167384
park_low,4627,-0.8723011223330264,-49.28859902301008
park_low,4628,-1.765169888109467,-35.3355137618874
park_low,4629,0.11099851007450934,-10.860010669485966
park_low,4630,0.30697557469618675,0.6152666868534027
park_low,4631,-0.7727618497579098,-26.637138264365657
park_low,4632,0.11099851007450934,-10.860010669485966
park_low,4633,-1.2777192030763795,-71.60907995797281
park_low,4634,-1.2724728989633642,-20.510445157912955
park_low,4635,-0.769805082236457,-17.70823703608844
park_low,4636,0.8601481858732961,3.740671897685413
park_low,4637,-0.769805082236457,-17.70823703608844
park_low,4638,-1.2777192030763795,-71.60907995797281
park_low,4639,0.30697557469618675,0.6152666868534027
park_low,4640,-1.2777192030763795,-71.60907995797281
park_low,4641,-1.765169888109467,-35.3355137618874
park_low,4642,-1.2777192030763795,-71.60907995797281
park_low,4643,0.11099851007450934,-10.860010669485966
park_low,4644,-1.085221871779888,-24.433095846084136
park_low,4645,-1.765169888109467,-35.3355137618874
park_low,4646,-0.3846082140731746,143.61206020193862
park_low,4647,-1.8417110134599408,-54.51852415817845
park_low,4648,-1.8417110134599408,-54.51852415817845
park_low,4649,0.11099851007450934,-10.860010669485966
park_low,4650,-1.2724728989633642,-20.510445157912955
park_low,4651,-0.8723011223330264,-49.28859902301008
park_low,4652,0.30697557469618675,0.6152666868534027
park_low,4653,0.30697557469618675,0.6152666868534027
park_low,4654,-0.3846082140731746,143.61206020193862
park_low,4655,-0.7727618497579098,-26.637138264365657
park_low,4656,0.8601481858732961,3.740671897685413
park_low,4657,-1.085221871779888,-24.433095846084136
park_low,4658,0.11099851007450934,-10.860010669485966
park_low,4659,-1.73128077980543,-46.36278031714696
park_low,4660,-0.3846082140731746,143.61206020193862
park_low,4661,-1.2777192030763795,-71.60907995797281
park_low,4662,0.8601481858732961,3.740671897685413
park_low,4663,0.11099851007450934,-10.860010669485966
park_low,4664,-0.7727618497579098,-26.637138264365657
park_low,4665,-1.8417110134599408,-54.51852415817845
park_low,4666,0.7901723267567068,-22.981493662126752
park_low,4667,-0.7174110770103554,-22.819809931167384
park_low,4668,-0.7727618497579098,-26.637138264365657
park_low,4669,-1.2777192030763795,-71.60907995797281
park_low,4670,-0.769805082236457,-17.70823703608844
park_low,4671,-0.20988839445380336,-15.591836961473657
park_low,4672,0.7901723267567068,-22.981493662126752
park_low,4673,-1.9040425160179406,-11.497054473709955
park_low,4674,-1.2724728989633642,-20.510445157912955
park_low,4675,0.7901723267567068,-22.981493662126752
park_low,4676,-0.7174110770103554,-22.819809931167384
park_low,4677,-1.2777192030763795,-71.60907995797281
park_low,4678,-0.7727618497579098,-26.637138264365657
park_low,4679,0.8601481858732961,3.740671897685413
park_low,4680,-0.20988839445380336,-15.591836961473657
park_low,4681,-0.769805082236457,-17.70823703608844
park_low,4682,-1.73128077980543,-46.36278031714696
park_low,4683,0.30697557469618675,0.6152666868534027
park_low,4684,0.7901723267567068,-22.981493662126752
park_low,4685,0.11099851007450934,-10.860010669485966
park_low,4686,0.11099851007450934,-10.860010669485966
park_low,4687,0.8601481858732961,3.740671897685413
park_low,4688,-1.9040425160179406,-11.497054473709955
park_low,4689,-1.085221871779888,-24.433095846084136
park_low,4690,-0.3846082140731746,143.61206020193862
park_low,4691,-1.9040425160179406,-11.497054473709955
park_low,4692,0.11099851007450934,-10.860010669485966
park_low,4693,0.11099851007450934,-10.860010669485966
park_low,4694,0.7901723267567068,-22.981493662126752
park_low,4695,-0.20988839445380336,-15.591836961473657
park_low,4696,-1.9040425160179406,-11.497054473709955
park_low,4697,-0.3846082140731746,143.61206020193862
park_low,4698,-1.8417110134599408,-54.51852415817845
park_low,4699,-1.2724728989633642,-20.510445157912955
park_low,4700,-0.3846082140731746,143.61206020193862
park_low,4701,0.11099851007450934,-10.860010669485966
park_low,4702,-1.765169888109467,-35.3355137618874
park_low,4703,-0.769805082236457,-17.70823703608844
park_low,4704,-1.8417110134599408,-54.51852415817845
park_low,4705,0.11099851007450934,-10.860010669485966
park_low,4706,-0.769805082236457,-17.70823703608844
park_low,4707,-2.9629167882864063,-18.967894970779557
park_low,4708,-0.769805082236457,-17.70823703608844
park_low,4709,0.7901723267567068,-22.981493662126752
park_low,4710,-0.3846082140731746,143.61206020193862
park_low,4711,-1.2777192030763795,-71.60907995797281
park_low,4712,-0.769805082236457,-17.70823703608844
park_low,4713,-0.769805082236457,-17.70823703608844
park_low,4714,-0.20988839445380336,-15.591836961473657
park_low,4715,0.30697557469618675,0.6152666868534027
park_low,4716,0.7901723267567068,-22.981493662126752
park_low,4717,-0.769805082236457,-17.70823703608844
park_low,4718,0.19074386594892923,27.70649027062954
park_low,4719,-1.765169888109467,-35.3355137618874
park_low,4720,-0.3846082140731746,143.61206020193862
park_low,4721,-0.769805082236457,-17.70823703608844
park_low,4722,-0.7174110770103554,-22.819809931167384
park_low,4723,0.19074386594892923,27.70649027062954
park_low,4724,0.8601481858732961,3.740671897685413
park_low,4725,-1.2777192030763795,-71.60907995797281
park_low,4726,-1.73128077980543,-46.36278031714696
park_low,4727,-1.2724728989633642,-20.510445157912955
park_low,4728,0.8601481858732961,3.740671897685413
park_low,4729,-0.3846082140731746,143.61206020193862
park_low,4730,0.19074386594892923,27.70649027062954
park_low,4731,-1.085221871779888,-24.433095846084136
park_low,4732,-0.3846082140731746,143.61206020193862
park_low,4733,-0.769805082236457,-17.70823703608844
park_low,4734,-1.73128077980543,-46.36278031714696
park_low,4735,-2.9629167882864063,-18.967894970779557
park_low,4736,-2.9629167882864063,-18.967894970779557
park_low,4737,-0.3846082140731746,143.61206020193862
park_low,4738,-2.9629167882864063,-18.967894970779557
park_low,4739,-1.2724728989633642,-20.510445157912955
park_low,4740,-1.73128077980543,-46.36278031714696
park_low,4741,-1.765169888109467,-35.3355137618874
park_low,4742,-0.7174110770103554,-22.819809931167384
park_low,4743,0.8601481858732961,3.740671897685413
park_low,4744,-1.73128077980543,-46.36278031714696
park_low,4745,-1.2777192030763795,-71.60907995797281
park_low,4746,-1.73128077980543,-46.36278031714696
park_low,4747,0.11099851007450934,-10.860010669485966
park_low,4748,-0.8723011223330264,-49.28859902301008
park_low,4749,-1.8417110134599408,-54.51852415817845
park_low,4750,-1.085221871779888,-24.433095846084136
park_low,4751,-0.8723011223330264,-49.28859902301008
park_low,4752,-1.085221871779888,-24.433095846084136
park_low,4753,-1.73128077980543,-46.36278031714696
park_low,4754,0.19074386594892923,27.70649027062954
park_low,4755,-2.9629167882864063,-18.967894970779557
park_low,4756,-0.3846082140731746,143.61206020193862
park_low,4757,0.11099851007450934,-10.860010669485966
park_low,4758,-1.73128077980543,-46.36278031714696
park_low,4759,-0.7174110770103554,-22.819809931167384
park_low,4760,-0.3846082140731746,143.61206020193862
park_low,4761,-0.20988839445380336,-15.591836961473657
park_low,4762,-0.7727618497579098,-26.637138264365657
park_low,4763,-0.8723011223330264,-49.28859902301008
park_low,4764,-0.7174110770103554,-22.819809931167384
park_low,4765,-2.9629167882864063,-18.967894970779557
park_low,4766,-1.2724728989633642,-20.510445157912955
park_low,4767,0.30697557469618675,0.6152666868534027
park_low,4768,0.19074386594892923,27.70649027062954
park_low,4769,-1.73128077980543,-46.36278031714696
park_low,4770,0.11099851007450934,-10.860010669485966
park_low,4771,0.7901723267567068,-22.981493662126752
park_low,4772,-1.9040425160179406,-11.497054473709955
park_low,4773,-1.9040425160179406,-11.497054473709955
park_low,4774,-1.2724728989633642,-20.510445157912955
park_low,4775,0.30697557469618675,0.6152666868534027
park_low,4776,-0.769805082236457,-17.70823703608844
park_low,4777,-0.20988839445380336,-15.591836961473657
park_low,4778,0.8601481858732961,3.740671897685413
park_low,4779,-0.7174110770103554,-22.819809931167384
park_low,4780,0.11099851007450934,-10.860010669485966
park_low,4781,-1.2777192030763795,-71.60907995797281
park_low,4782,-2.9629167882864063,-18.967894970779557
park_low,4783,-2.9629167882864063,-18.967894970779557
park_low,4784,-0.3846082140731746,143.61206020193862
park_low,4785,-1.765169888109467,-35.3355137618874
park_low,4786,-1.8417110134599408,-54.51852415817845
park_low,4787,-1.085221871779888,-24.433095846084136
park_low,4788,-0.3846082140731746,143.61206020193862
park_low,4789,-0.7727618497579098,-26.637138264365657
park_low,4790,-0.7174110770103554,-22.819809931167384
park_low,4791,-1.73128077980543,-46.36278031714696
park_low,4792,-1.8417110134599408,-54.51852415817845
park_low,4793,-1.765169888109467,-35.3355137618874
park_low,4794,0.11099851007450934,-10.860010669485966
park_low,4795,-0.7174110770103554,-22.819809931167384
park_low,4796,-1.2724728989633642,-20.510445157912955
park_low,4797,-1.8417110134599408,-54.51852415817845
park_low,4798,-1.085221871779888,-24.433095846084136
park_low,4799,-1.2724728989633642,-20.510445157912955
park_low,4800,-0.20988839445380336,-15.591836961473657
park_low,4801,-0.7174110770103554,-22.819809931167384
park_low,4802,-1.73128077980543,-46.36278031714696
park_low,4803,-0.20988839445380336,-15.591836961473657
park_low,4804,0.8601481858732961,3.740671897685413
park_low,4805,-0.7727618497579098,-26.637138264365657
park_low,4806,-0.3846082140731746,143.61206020193862
park_low,4807,-0.3846082140731746,143.61206020193862
park_low,4808,0.7901723267567068,-22.981493662126752
park_low,4809,0.19074386594892923,27.70649027062954
park_low,4810,-1.765169888109467,-35.3355137618874
park_low,4811,-1.085221871779888,-24.433095846084136
park_low,4812,-1.9040425160179406,-11.497054473709955
park_low,4813,0.19074386594892923,27.70649027062954
park_low,4814,-1.765169888109467,-35.3355137618874
park_low,4815,-1.8417110134599408,-54.51852415817845
park_low,4816,-1.2724728989633642,-20.510445157912955
park_low,4817,-1.2724728989633642,-20.510445157912955
park_low,4818,-2.9629167882864063,-18.967894970779557
park_low,4819,-1.085221871779888,-24.433095846084136
park_low,4820,0.8601481858732961,3.740671897685413
park_low,4821,-2.9629167882864063,-18.967894970779557
park_low,4822,-1.73128077980543,-46.36278031714696
park_low,4823,-2.9629167882864063,-18.967894970779557
park_low,4824,-1.73128077980543,-46.36278031714696
park_low,4825,0.30697557469618675,0.6152666868534027
park_low,4826,-1.085221871779888,-24.433095846084136
park_low,4827,-0.769805082236457,-17.70823703608844
park_low,4828,-1.9040425160179406,-11.497054473709955
park_low,4829,-1.085221871779888,-24.433095846084136
park_low,4830,-1.9040425160179406,-11.497054473709955
park_low,4831,-0.7727618497579098,-26.637138264365657
park_low,4832,0.30697557469618675,0.6152666868534027
park_low,4833,-0.3846082140731746,143.61206020193862
park_low,4834,-2.9629167882864063,-18.967894970779557
park_low,4835,-0.3846082140731746,143.61206020193862
park_low,4836,0.19074386594892923,27.70649027062954
park_low,4837,-1.73128077980543,-46.36278031714696
park_low,4838,-1.2724728989633642,-20.510445157912955
park_low,4839,0.19074386594892923,27.70649027062954
park_low,4840,-0.7174110770103554,-22.819809931167384
park_low,4841,-1.2724728989633642,-20.510445157912955
park_low,4842,-0.20988839445380336,-15.591836961473657
park_low,4843,0.8601481858732961,3.740671897685413
park_low,4844,-2.9629167882864063,-18.967894970779557
park_low,4845,-0.3846082140731746,143.61206020193862
park_low,4846,-2.9629167882864063,-18.967894970779557
park_low,4847,0.7901723267567068,-22.981493662126752
park_low,4848,-0.769805082236457,-17.70823703608844
park_low,4849,0.7901723267567068,-22.981493662126752
park_low,4850,-1.2724728989633642,-20.510445157912955
park_low,4851,-0.3846082140731746,143.61206020193862
park_low,4852,-0.8723011223330264,-49.28859902301008
park_low,4853,0.11099851007450934,-10.860010669485966
park_low,4854,-0.3846082140731746,143.61206020193862
park_low,4855,-2.9629167882864063,-18.967894970779557
park_low,4856,-0.7727618497579098,-26.637138264365657
park_low,4857,-1.085221871779888,-24.433095846084136
park_low,4858,0.7901723267567068,-22.981493662126752
park_low,4859,0.8601481858732961,3.740671897685413
park_low,4860,0.7901723267567068,-22.981493662126752
park_low,4861,-1.8417110134599408,-54.51852415817845
park_low,4862,-1.8417110134599408,-54.51852415817845
park_low,4863,0.7901723267567068,-22.981493662126752
park_low,4864,-1.9040425160179406,-11.497054473709955
park_low,4865,-1.9040425160179406,-11.497054473709955
park_low,4866,-1.2777192030763795,-71.60907995797281
park_low,4867,-2.9629167882864063,-18.967894970779557
park_low,4868,-1.2724728989633642,-20.510445157912955
park_low,4869,0.11099851007450934,-10.860010669485966
park_low,4870,-1.73128077980543,-46.36278031714696
park_low,4871,-0.20988839445380336,-15.591836961473657
park_low,4872,-0.7174110770103554,-22.819809931167384
park_low,4873,-0.7727618497579098,-26.637138264365657
park_low,4874,-0.769805082236457,-17.70823703608844
park_low,4875,-1.8417110134599408,-54.51852415817845
park_low,4876,0.8601481858732961,3.740671897685413
park_low,4877,-0.769805082236457,-17.70823703608844
park_low,4878,-0.769805082236457,-17.70823703608844
park_low,4879,0.30697557469618675,0.6152666868534027
park_low,4880,-2.9629167882864063,-18.967894970779557
park_low,4881,-1.8417110134599408,-54.51852415817845
park_low,4882,0.11099851007450934,-10.860010669485966
park_low,4883,-1.73128077980543,-46.36278031714696
park_low,4884,-1.9040425160179406,-11.497054473709955
park_low,4885,0.30697557469618675,0.6152666868534027
park_low,4886,-0.3846082140731746,143.61206020193862
park_low,4887,-2.9629167882864063,-18.967894970779557
park_low,4888,-0.7174110770103554,-22.819809931167384
park_low,4889,-1.765169888109467,-35.3355137618874
park_low,4890,-0.20988839445380336,-15.591836961473657
park_low,4891,0.7901723267567068,-22.981493662126752
park_low,4892,-1.2724728989633642,-20.510445157912955
park_low,4893,-1.765169888109467,-35.3355137618874
park_low,4894,-1.085221871779888,-24.433095846084136
park_low,4895,-0.769805082236457,-17.70823703608844
park_low,4896,0.7901723267567068,-22.981493662126752
park_low,4897,-1.085221871779888,-24.433095846084136
park_low,4898,-0.20988839445380336,-15.591836961473657
park_low,4899,-2.9629167882864063,-18.967894970779557
park_low,4900,0.30697557469618675,0.6152666868534027
park_low,4901,-1.2724728989633642,-20.510445157912955
park_low,4902,0.11099851007450934,-10.860010669485966
park_low,4903,0.11099851007450934,-10.860010669485966
park_low,4904,-0.3846082140731746,143.61206020193862
park_low,4905,-0.8723011223330264,-49.28859902301008
park_low,4906,0.8601481858732961,3.740671897685413
park_low,4907,-0.7727618497579098,-26.637138264365657
park_low,4908,-1.2777192030763795,-71.60907995797281
park_low,4909,-1.085221871779888,-24.433095846084136
park_low,4910,-1.2724728989633642,-20.510445157912955
park_low,4911,-0.8723011223330264,-49.28859902301008
park_low,4912,-0.20988839445380336,-15.591836961473657
park_low,4913,-1.765169888109467,-35.3355137618874
park_low,4914,0.30697557469618675,0.6152666868534027
park_low,4915,-1.085221871779888,-24.433095846084136
park_low,4916,-0.769805082236457,-17.70823703608844
park_low,4917,-0.20988839445380336,-15.591836961473657
park_low,4918,-0.7727618497579098,-26.637138264365657
park_low,4919,-1.9040425160179406,-11.497054473709955
park_low,4920,0.19074386594892923,27.70649027062954
park_low,4921,-0.769805082236457,-17.70823703608844
park_low,4922,-1.2724728989633642,-20.510445157912955
park_low,4923,-1.765169888109467,-35.3355137618874
park_low,4924,-0.7727618497579098,-26.637138264365657
park_low,4925,0.11099851007450934,-10.860010669485966
park_low,4926,-0.20988839445380336,-15.591836961473657
park_low,4927,-0.7174110770103554,-22.819809931167384
park_low,4928,-1.8417110134599408,-54.51852415817845
park_low,4929,-0.7727618497579098,-26.637138264365657
park_low,4930,0.8601481858732961,3.740671897685413
park_low,4931,-1.8417110134599408,-54.51852415817845
park_low,4932,-0.3846082140731746,143.61206020193862
park_low,4933,0.7901723267567068,-22.981493662126752
park_low,4934,-1.8417110134599408,-54.51852415817845
park_low,4935,-0.3846082140731746,143.61206020193862
park_low,4936,0.7901723267567068,-22.981493662126752
park_low,4937,-0.769805082236457,-17.70823703608844
park_low,4938,-1.2777192030763795,-71.60907995797281
park_low,4939,-1.9040425160179406,-11.497054473709955
park_low,4940,-1.2777192030763795,-71.60907995797281
park_low,4941,-0.7174110770103554,-22.819809931167384
park_low,4942,-1.2724728989633642,-20.510445157912955
park_low,4943,0.19074386594892923,27.70649027062954
park_low,4944,-2.9629167882864063,-18.967894970779557
park_low,4945,0.7901723267567068,-22.981493662126752
park_low,4946,0.30697557469618675,0.6152666868534027
park_low,4947,-1.2724728989633642,-20.510445157912955
park_low,4948,0.8601481858732961,3.740671897685413
park_low,4949,-1.8417110134599408,-54.51852415817845
park_low,4950,-0.7174110770103554,-22.819809931167384
park_low,4951,-1.73128077980543,-46.36278031714696
park_low,4952,-1.73128077980543,-46.36278031714696
park_low,4953,-0.8723011223330264,-49.28859902301008
park_low,4954,0.30697557469618675,0.6152666868534027
park_low,4955,-1.2777192030763795,-71.60907995797281
park_low,4956,-1.9040425160179406,-11.497054473709955
park_low,4957,-0.3846082140731746,143.61206020193862
park_low,4958,-0.20988839445380336,-15.591836961473657
park_low,4959,-1.2777192030763795,-71.60907995797281
park_low,4960,-0.3846082140731746,143.61206020193862
park_low,4961,-1.8417110134599408,-54.51852415817845
park_low,4962,-0.8723011223330264,-49.28859902301008
park_low,4963,0.11099851007450934,-10.860010669485966
park_low,4964,-0.3846082140731746,143.61206020193862
park_low,4965,-0.7727618497579098,-26.637138264365657
park_low,4966,-0.20988839445380336,-15.591836961473657
park_low,4967,-1.765169888109467,-35.3355137618874
park_low,4968,-1.765169888109467,-35.3355137618874
park_low,4969,-0.20988839445380336,-15.591836961473657
park_low,4970,-1.765169888109467,-35.3355137618874
park_low,4971,-0.7174110770103554,-22.819809931167384
park_low,4972,0.11099851007450934,-10.860010669485966
park_low,4973,-0.7174110770103554,-22.819809931167384
park_low,4974,0.30697557469618675,0.6152666868534027
park_low,4975,-1.2777192030763795,-71.60907995797281
park_low,4976,0.30697557469618675,0.6152666868534027
park_low,4977,-1.2724728989633642,-20.510445157912955
park_low,4978,0.7901723267567068,-22.981493662126752
park_low,4979,-1.9040425160179406,-11.497054473709955
park_low,4980,0.7901723267567068,-22.981493662126752
park_low,4981,-0.7727618497579098,-26.637138264365657
park_low,4982,0.8601481858732961,3.740671897685413
park_low,4983,0.30697557469618675,0.6152666868534027
park_low,4984,-1.765169888109467,-35.3355137618874
park_low,4985,-1.8417110134599408,-54.51852415817845
park_low,4986,-1.765169888109467,-35.3355137618874
park_low,4987,-1.085221871779888,-24.433095846084136
park_low,4988,-0.7174110770103554,-22.819809931167384
park_low,4989,-0.769805082236457,-17.70823703608844
park_low,4990,-0.7174110770103554,-22.819809931167384
park_low,4991,0.19074386594892923,27.70649027062954
park_low,4992,-1.9040425160179406,-11.497054473709955
park_low,4993,0.8601481858732961,3.740671897685413
park_low,4994,-1.085221871779888,-24.433095846084136
park_low,4995,-1.085221871779888,-24.433095846084136
park_low,4996,0.8601481858732961,3.740671897685413
park_low,4997,0.19074386594892923,27.70649027062954
park_low,4998,-1.73128077980543,-46.36278031714696
park_low,4999,-1.085221871779888,-24.433095846084136
