null_pp,null_rel_pct
0.16997473040900107,40.690505495633346
-0.17935181727408317,-0.5361732542154023
-1.2497736591103932,12.080490209402095
-1.4442959583507398,-2.9614244565298433
0.4242270604129871,20.2183142232873
0.8958327942725657,14.044821634337412
0.16159146195309612,-14.138890062009661
0.31021410415629347,18.06735682480273
0.043113239087593416,-5.3619535347475376
1.0742461550524685,17.28183675774978
0.42628203894762057,-4.0030311692097875
-2.229932477622666,10.634935252357327
0.5786464468577881,-3.7731426931645045
-1.2497736591103932,18.10404076332848
0.31021410415629347,-3.526894058084416
-0.3151451186445354,31.641294797272423
0.5786464468577881,-4.078524786165337
0.043113239087593416,0.04146826652060548
-0.14304889760529674,-10.276710497240433
-0.03861156615609694,-4.5569853151450985
-1.4442959583507398,34.66640998521532
-0.43529365049160484,-27.259749061922307
0.1918725988069705,-4.078524786165337
0.1862811975921174,-10.814404479470381
0.16181664640404847,17.28183675774978
-0.058578370644802334,7.265070709056594
2.5065347857651172,-15.935206029103457
1.7274817463526346,34.66640998521532
0.20188123959900697,21.21099415724861
0.18668415979289468,8.94794705401277
0.20188123959900697,-15.099009954866625
-0.058578370644802334,18.48178911445189
-0.4198911017118402,0.04146826652060548
0.2923227890647856,18.48178911445189
0.00999572619345961,-5.3619535347475376
-0.11401791152207985,-10.276710497240433
-0.00606422098292847,-4.0030311692097875
0.688791828861265,-8.558438931875193
1.0742461550524685,-4.0030311692097875
-0.08657770336893914,9.745063193530196
0.05864512242631372,5.911317787528296
-0.1118305206688687,14.280904842711205
0.1586219282642693,-0.5361732542154023
-0.10825325223886004,23.372825929697136
-0.058578370644802334,7.340366661926466
0.688791828861265,-7.308931431818518
-0.2033653306411805,-3.724440267168172
0.16181664640404847,-21.568249383018745
-0.7160738754535848,-4.5569853151450985
0.45754074303731773,9.13205616139108
0.3800454743780971,0.864766501985906
-0.2033653306411805,7.596740867050775
0.6011300846259356,-6.072911394740857
-0.9024675039485013,21.387570884234133
-0.10825325223886004,-4.5569853151450985
-0.36332751780594286,29.105276433535213
-0.030646184935596434,-8.558438931875193
0.3906688513397044,17.77974226352989
-0.2033653306411805,-12.699829097706006
-1.0098968388748333,0.04146826652060548
-0.05252757009506306,-3.3960019819265512
-0.2738920535334189,18.10404076332848
-0.7050481787525923,13.73569103313465
0.10001883060204593,14.004420132976355
-0.14304889760529674,7.265070709056594
0.19418111044770825,-1.201570679043519
-0.2738920535334189,2.077521546435768
1.1127658037795611,31.641294797272423
-0.0792748196307623,-3.526894058084416
-0.5626984011075703,3.0607078295876455
0.16268039011447305,-1.6881085035055867
1.041244599416565,-0.8843744842369765
-0.0352084347935643,15.093593964234987
1.394174000488054,-15.935206029103457
-0.00013670845530624475,0.04146826652060548
-0.03861156615609694,-0.5361732542154023
0.16181664640404847,9.20004271711571
2.2358660093761475,-27.504862198609242
1.2553987807724112,-18.44398679929323
-0.017168990736273714,18.48178911445189
0.3505467633222156,-4.27374692175362
-0.00013670845530624475,7.265070709056594
0.00999572619345961,-10.276710497240433
0.3800454743780971,-10.276710497240433
-0.04555074380058599,49.925647069350426
0.3232970364782351,-18.44398679929323
0.2528020560677244,16.8762399221961
1.0742461550524685,-40.3877793567228
-0.505048042284805,-0.5361732542154023
0.31021410415629347,-67.30397771307828
1.041244599416565,13.73569103313465
1.5822698280934888,-3.2934762777459268
-1.5034819450854005,-0.5361732542154023
0.5786464468577881,13.064261480023923
1.7274817463526346,11.675314765328476
1.4051177019833445,-16.179880662916258
-0.36332751780594286,-10.884568947883732
1.5822698280934888,-4.27374692175362
0.688791828861265,-2.7029679554461388
0.44922296516495946,-27.504862198609242
-0.009028874904964578,-8.558438931875193
-0.2033653306411805,162.90653740739342
0.39926502701555744,2.63263339993483
1.041244599416565,13.122226931785953
-0.17935181727408317,21.245403893104715
0.043113239087593416,-39.48264072720317
-0.03095869084443841,0.04146826652060548
1.0742461550524685,-12.9217227829755
-1.2497736591103932,-7.616156830860184
0.31021410415629347,17.77974226352989
0.16181664640404847,-46.523517778655
-1.4442959583507398,7.265070709056594
0.2786039531662106,7.038437199521378
-1.4442959583507398,-23.646534104325497
0.3505467633222156,2.5799623688686877
0.0010470528883741892,-4.949681631400662
1.041244599416565,-25.33944624670226
-0.801053308863267,-15.935206029103457
0.4997419662193159,3.010803771110808
-0.801053308863267,-12.9217227829755
-0.10825325223886004,-8.7422950833559
-0.03861156615609694,-2.218290423663901
1.5822698280934888,7.78094809608704
0.05864512242631372,-47.17645554782859
-0.1845534832672918,7.265070709056594
-0.2033653306411805,10.702260964686408
0.688791828861265,7.265070709056594
-0.2076377528588214,21.245403893104715
-0.43529365049160484,2.256461576867558
-0.16880052818434513,8.94794705401277
0.13071120725620614,-7.849089718355956
0.04834673790542032,-4.0030311692097875
0.4242270604129871,-39.48264072720317
0.05864512242631372,21.048128097900637
-0.16880052818434513,15.355957543981352
-0.04555074380058599,-10.814404479470381
0.44922296516495946,-27.259749061922307
0.16181664640404847,42.74014106971756
1.478002339277954,5.911317787528296
-0.0792748196307623,14.280904842711205
0.04778851635149166,-38.8446486552365
0.1586219282642693,-10.081603544848427
0.5209864602641708,12.102494748238584
-0.36332751780594286,31.641294797272423
-0.05252757009506306,78.70298308265971
0.8958327942725657,16.67456378847738
-1.2497736591103932,3.010803771110808
0.44922296516495946,18.06735682480273
-0.044810527848512395,32.96094067614628
0.44922296516495946,0.864766501985906
-1.6778178025694679,-26.313056082160845
-0.0792748196307623,8.94794705401277
-0.7287260669656467,-4.839753619072777
0.18668415979289468,-3.3960019819265512
-0.17935181727408317,-27.504862198609242
0.23804754433392256,-4.078524786165337
1.1819492274653245,20.31032155601569
-0.4198911017118402,18.48178911445189
0.5786464468577881,-20.14133706288764
-0.9024675039485013,101.23534029866036
-0.058578370644802334,12.080490209402095
-0.03861156615609694,-4.0030311692097875
-0.00606422098292847,14.004420132976355
1.5822698280934888,-4.078524786165337
0.36435750103282766,-4.27374692175362
-0.12552467734978415,-24.959993554285578
-0.17935181727408317,-3.3960019819265512
0.5786464468577881,-6.6612816997610516
0.6097296047041605,-10.276710497240433
0.0010470528883741892,-2.9614244565298433
-0.10825325223886004,-4.0030311692097875
2.2358660093761475,-4.5569853151450985
-0.11235626442082039,17.28183675774978
-0.3054210698026699,-4.078524786165337
0.6011300846259356,-10.081603544848427
0.4242270604129871,-8.558438931875193
0.1918725988069705,0.04146826652060548
1.4616500348830879,-5.3619535347475376
1.041244599416565,-34.62117903171609
0.33457055631954125,-40.3877793567228
0.5786464468577881,16.137309005336682
-0.19466522561525249,21.21099415724861
-0.4198911017118402,18.48178911445189
0.1918725988069705,-9.895968986876213
0.26972067301564895,-10.276710497240433
-0.33576938220124525,35.727326701158034
-0.058578370644802334,65.21136808967643
0.8958327942725657,15.093593964234987
0.05864512242631372,0.5465942706398988
0.0916091018483673,-33.21374444224675
-0.2741974333344227,16.137309005336682
0.00999572619345961,-7.308931431818518
0.00999572619345961,29.995661536328267
-0.7050481787525923,18.10404076332848
1.7274817463526346,-4.5569853151450985
0.05864512242631372,7.038437199521378
-1.689401290665661,13.73569103313465
0.35835562409054134,190.3097190243283
1.6593624605044475,-0.0038359853624834496
0.13852174265787634,6.2392066147147895
-0.1118305206688687,-12.9217227829755
-0.30057689291677187,-5.3619535347475376
0.19418111044770825,7.038437199521378
-0.2741974333344227,7.265070709056594
0.0916091018483673,-10.7764289179292
0.16051745893966754,-2.9614244565298433
1.5706936489161796,-7.616156830860184
-0.7401456791303287,-25.15343695062618
-0.00013670845530624475,-21.989749770128757
0.33457055631954125,18.10404076332848
-0.3151451186445354,-4.5569853151450985
-0.058578370644802334,-2.9291310600555684
-0.801053308863267,7.596740867050775
0.30057329476854466,-72.19781680261991
-0.7050481787525923,-4.0030311692097875
-0.058578370644802334,-8.558438931875193
0.6011300846259356,-20.99715135852902
-0.009028874904964578,7.265070709056594
0.8958327942725657,-47.17645554782859
0.3505467633222156,-4.27374692175362
1.0026164971751694,49.925647069350426
-0.4198911017118402,18.10404076332848
-0.7287260669656467,-15.935206029103457
-0.7938159071133528,2.63263339993483
0.6011300846259356,-2.7029679554461388
0.16997473040900107,-3.3960019819265512
-0.0038219454768738557,29.704337441723858
-0.34608910240259316,-10.276710497240433
0.19769300947974253,-24.959993554285578
-0.1118305206688687,-9.811847721093269
0.2528020560677244,-1.0630246735620064
-0.017168990736273714,7.038437199521378
0.0010470528883741892,11.195706723116947
0.38403387494372687,-6.223666195099975
-0.7050481787525923,25.022911528364634
0.09457556784870232,5.004397063638481
-0.2738920535334189,17.77974226352989
0.4242270604129871,-10.276710497240433
-0.00606422098292847,-2.2335130345263385
2.012551393286114,-12.9217227829755
-0.3054210698026699,21.387570884234133
1.5822698280934888,-7.616156830860184
0.39926502701555744,-1.0630246735620064
-0.006523841714639112,-0.8843744842369765
0.4242270604129871,-2.0767928311559585
0.16051745893966754,337.79091355894997
0.18668415979289468,49.925647069350426
0.9206659441209073,17.77974226352989
-0.801053308863267,17.28183675774978
0.46640658963121295,13.122226931785953
-0.058578370644802334,-0.5361732542154023
-0.1118305206688687,-4.078524786165337
2.2358660093761475,13.73569103313465
0.36435750103282766,-17.97391752245654
-0.00606422098292847,-27.504862198609242
-0.03861156615609694,-2.7029679554461388
0.6011300846259356,1.6473613643481597
-0.7050481787525923,-27.504862198609242
0.2528020560677244,36.622797333381634
0.38403387494372687,-3.3960019819265512
0.39926502701555744,-4.27374692175362
-0.1118305206688687,21.943429764248087
0.3906688513397044,14.004420132976355
-0.2076377528588214,-8.335252925287833
-0.0792748196307623,5.911317787528296
-0.03861156615609694,0.7847641990366732
0.043113239087593416,-2.9614244565298433
-0.505048042284805,-10.276710497240433
-0.05252757009506306,-7.616156830860184
-4.641982688069007,5.911317787528296
0.33457055631954125,0.864766501985906
0.5786464468577881,-15.935206029103457
-0.4198911017118402,65.91807055587971
0.2434758227448847,-10.081603544848427
0.44922296516495946,-2.2335130345263385
1.7274817463526346,2.256461576867558
0.5101920150542831,18.06735682480273
-0.03861156615609694,13.122226931785953
1.7274817463526346,10.702260964686408
1.5822698280934888,-10.276710497240433
0.0010470528883741892,0.9214016884970614
0.34238876799479534,7.596740867050775
0.9206659441209073,-0.5573310054388902
-0.009028874904964578,18.48178911445189
0.5786464468577881,-14.599071393320667
0.23608909821264756,-27.504862198609242
-0.1529747467379292,15.261949196023727
0.3505467633222156,-40.3877793567228
0.05864512242631372,-20.99715135852902
-0.70474673753089,2.8499852625433655
-0.058578370644802334,35.727326701158034
-0.7287260669656467,7.038437199521378
-0.009028874904964578,13.122226931785953
-0.03861156615609694,-3.526894058084416
-0.03861156615609694,35.727326701158034
0.13071120725620614,-12.9217227829755
-0.43529365049160484,28.17842089585539
1.0742461550524685,-12.699829097706006
0.20188123959900697,31.641294797272423
0.44922296516495946,-25.33944624670226
0.7523905430874418,-24.646420341805445
0.10597692985484128,-4.949681631400662
-1.2497736591103932,10.634935252357327
0.26361681384434904,-38.8446486552365
0.05864512242631372,23.372825929697136
0.44922296516495946,14.280904842711205
0.00999572619345961,7.596740867050775
0.4242270604129871,-2.2335130345263385
2.5065347857651172,7.038437199521378
-0.10462615523354754,26.11635690996309
-0.3151451186445354,-0.8843744842369765
-0.058578370644802334,0.5465942706398988
0.34238876799479534,-21.699206232645043
-0.0352084347935643,-2.218290423663901
0.13071120725620614,-3.3960019819265512
-0.4198911017118402,-4.5569853151450985
0.30057329476854466,22.454344845033457
-0.16880052818434513,32.96094067614628
-0.2828778532313708,-24.959993554285578
0.5786464468577881,-0.5361732542154023
0.05864512242631372,-72.19781680261991
-0.00606422098292847,-3.526894058084416
0.8958327942725657,16.137309005336682
-0.7050481787525923,-15.935206029103457
0.20188123959900697,-1.9488866283982613
-0.1118305206688687,31.57671909153448
-0.3151451186445354,31.641294797272423
0.19769300947974253,-4.5569853151450985
-0.0792748196307623,-26.896748735579198
-0.1118305206688687,-12.699829097706006
1.1819492274653245,-10.276710497240433
-0.2738920535334189,18.77231901118117
0.0010470528883741892,-0.0038359853624834496
-1.4442959583507398,7.596740867050775
-0.34608910240259316,7.265070709056594
0.6735839854136264,-0.8843744842369765
0.38403387494372687,34.66640998521532
0.05864512242631372,-3.526894058084416
-0.21191448486425904,7.340366661926466
0.05864512242631372,11.627289824075353
-1.5034819450854005,-18.44398679929323
0.26972067301564895,0.7847641990366732
0.27586775984203465,16.137309005336682
0.18511769880842915,-14.599071393320667
0.16159146195309612,13.122226931785953
-0.7287260669656467,-38.8446486552365
-0.19466522561525249,11.322639000940397
0.0797559173132516,18.10404076332848
-0.058578370644802334,-21.989749770128757
2.0755236001364437,-1.9488866283982613
1.041244599416565,-9.956774156348473
-0.36332751780594286,7.64174099114888
0.13852174265787634,13.122226931785953
0.20188123959900697,17.28183675774978
-0.4198911017118402,-4.5569853151450985
-0.113624667977236,162.90653740739342
0.27586775984203465,18.10404076332848
0.8958327942725657,2.8499852625433655
-0.10825325223886004,-0.5361732542154023
-0.2033653306411805,-15.935206029103457
0.44922296516495946,7.38675613760892
0.12573894616055126,21.245403893104715
-0.009028874904964578,35.727326701158034
-0.1845534832672918,29.973871336493364
-0.7287260669656467,-4.078524786165337
-1.4442959583507398,-5.059436089640311
0.10001883060204593,-21.699206232645043
-0.2813777439740256,18.10404076332848
1.5822698280934888,3.1405316026897645
-0.505048042284805,-7.308931431818518
-0.02603624527195943,13.122226931785953
-0.058578370644802334,0.864766501985906
-0.2033653306411805,-14.92608016726255
0.34238876799479534,14.004420132976355
0.17133069084377722,13.987238754500622
0.30057329476854466,-5.3619535347475376
-0.7160738754535848,42.74014106971756
-0.0969281402019457,-8.558438931875193
0.00999572619345961,35.727326701158034
-0.03861156615609694,18.06735682480273
-1.2497736591103932,-23.69499838117953
-0.2741974333344227,21.245403893104715
1.2506582497678416,-4.5569853151450985
-0.34815899640505715,-2.9614244565298433
0.5786464468577881,-4.27374692175362
0.44922296516495946,-39.48264072720317
-0.058578370644802334,5.004397063638481
-0.009028874904964578,-18.44398679929323
0.44922296516495946,-27.504862198609242
0.20178521365593313,36.622797333381634
0.4756248784722886,17.28183675774978
0.3505467633222156,-1.9488866283982613
0.20188123959900697,4.007637341038666
0.8958327942725657,-0.0038359853624834496
0.44922296516495946,13.73569103313465
-0.3054210698026699,7.038437199521378
0.33457055631954125,-0.0038359853624834496
-0.7050481787525923,-1.9488866283982613
-0.03861156615609694,17.77974226352989
-0.054699764903173874,-29.856487290051373
-0.2605077067789484,14.280904842711205
1.0742461550524685,11.195706723116947
-0.6941908539196296,0.04146826652060548
-1.689401290665661,31.57671909153448
-0.1118305206688687,16.137309005336682
2.0755236001364437,34.66640998521532
-0.17935181727408317,7.265070709056594
0.44922296516495946,7.038437199521378
-0.3151451186445354,-12.9217227829755
0.13071120725620614,-0.5361732542154023
1.4616500348830879,13.73569103313465
0.27586775984203465,-18.44398679929323
1.7274817463526346,21.245403893104715
0.0797559173132516,0.04146826652060548
1.7691257909305187,-12.9217227829755
0.4756248784722886,-14.761836885402682
0.36435750103282766,31.57671909153448
0.688791828861265,-2.9800795243972953
0.164306546105706,-10.276710497240433
-0.08657770336893914,-4.0030311692097875
0.00999572619345961,0.864766501985906
-0.2076377528588214,7.596740867050775
0.36435750103282766,-27.504862198609242
-0.3151451186445354,14.280904842711205
0.0916091018483673,-24.646420341805445
0.029992153168686732,2.8499852625433655
0.19288933208800815,14.280904842711205
0.3505467633222156,-4.051877673123212
-0.505048042284805,3.010803771110808
0.16181664640404847,23.425417010667722
-0.04555074380058599,7.64174099114888
0.16181664640404847,7.038437199521378
0.20188123959900697,-39.48264072720317
0.13071120725620614,29.973871336493364
0.3228247438500903,10.634935252357327
0.00999572619345961,21.387570884234133
-0.0166721650619027,-0.8843744842369765
-0.16880052818434513,7.596740867050775
-0.2033653306411805,14.004420132976355
0.20188123959900697,-14.138890062009661
0.20188123959900697,-6.072911394740857
-0.2741974333344227,0.04146826652060548
1.5822698280934888,-2.1385247169656862
0.19288933208800815,-26.313056082160845
0.00999572619345961,35.727326701158034
0.4997419662193159,-3.3960019819265512
-0.00606422098292847,-40.3877793567228
-0.009028874904964578,-26.896748735579198
-0.1845534832672918,-4.0030311692097875
-0.36332751780594286,-39.48264072720317
0.26361681384434904,-8.558438931875193
0.5101920150542831,16.67456378847738
0.2006814916813869,-14.761836885402682
-0.0792748196307623,12.080490209402095
0.0916091018483673,7.265070709056594
0.05864512242631372,-1.9488866283982613
1.0742461550524685,14.280904842711205
-0.058578370644802334,3.010803771110808
-0.33766091036657025,-4.0030311692097875
0.6011300846259356,5.911317787528296
0.689246666015755,-39.48264072720317
-1.217791890634699,5.004397063638481
-0.2738920535334189,-25.15343695062618
0.16997473040900107,21.245403893104715
0.38403387494372687,31.641294797272423
0.16159146195309612,44.743497401818274
-0.2782101086628936,0.7847641990366732
-0.43529365049160484,16.137309005336682
0.0010470528883741892,7.596740867050775
0.4242270604129871,-20.99715135852902
-0.21735499260060465,-25.15343695062618
-0.7287260669656467,49.925647069350426
0.047684826740882966,-4.5569853151450985
-0.2782101086628936,0.864766501985906
-0.801053308863267,0.864766501985906
0.3606517853674941,-23.646534104325497
0.44922296516495946,21.387570884234133
-0.05252757009506306,0.864766501985906
-0.15234167536798235,21.21099415724861
-0.16880052818434513,-12.699829097706006
-0.0808639114232312,16.36942024967121
0.0916091018483673,-15.935206029103457
0.00999572619345961,-26.313056082160845
-0.08771594774860603,-7.616156830860184
0.16997473040900107,0.04146826652060548
0.19769300947974253,13.73569103313465
0.05864512242631372,-7.616156830860184
-0.058578370644802334,-4.078524786165337
0.16181664640404847,-27.504862198609242
0.1507721993692753,-1.9488866283982613
-0.10825325223886004,17.77974226352989
-0.14286895029634947,-20.99715135852902
0.043113239087593416,-20.99715135852902
0.16181664640404847,-38.8446486552365
0.16159146195309612,9.28536351917838
-0.058578370644802334,-4.078524786165337
0.05864512242631372,-12.699829097706006
1.9046788635615386,6.375386923193691
-0.03861156615609694,-24.959993554285578
0.5101920150542831,-27.504862198609242
-0.7160738754535848,8.94794705401277
0.6011300846259356,-1.9488866283982613
1.1127658037795611,7.78094809608704
-0.17935181727408317,11.627289824075353
-1.5034819450854005,-19.279405262215892
-0.00606422098292847,56.59659836344661
-0.3054210698026699,-1.9488866283982613
1.5822698280934888,-4.27374692175362
0.8151733010905959,16.137309005336682
1.5355175086949657,21.245403893104715
0.16159146195309612,-20.99715135852902
0.0010470528883741892,-10.276710497240433
0.46640658963121295,29.973871336493364
0.18668415979289468,17.28183675774978
-0.19466522561525249,-32.18312620050924
1.0742461550524685,-29.856487290051373
-0.0352084347935643,-0.5361732542154023
0.3606517853674941,-4.078524786165337
-0.00013670845530624475,18.48178911445189
-0.30057689291677187,-39.1763748935869
-0.15193756696726807,-4.0030311692097875
0.0797559173132516,-18.44398679929323
-0.40587280791599634,29.704337441723858
-1.5034819450854005,42.74014106971756
-0.0352084347935643,2.077521546435768
0.3505467633222156,16.137309005336682
0.16181664640404847,11.203377655803251
-0.1118305206688687,5.911317787528296
0.27586775984203465,35.727326701158034
-0.00606422098292847,7.596740867050775
5.68491992367111,2.8499852625433655
0.36435750103282766,-4.27374692175362
0.44922296516495946,42.74014106971756
-0.17935181727408317,-39.48264072720317
-0.36332751780594286,17.28183675774978
-0.2738920535334189,7.265070709056594
-0.0352084347935643,-18.44398679929323
0.0010470528883741892,7.596740867050775
-0.2741974333344227,18.06735682480273
0.36435750103282766,31.57671909153448
0.6011300846259356,-7.616156830860184
-0.11211130213329021,-1.9313173035818287
0.0010470528883741892,42.74014106971756
0.1586219282642693,15.355957543981352
0.29653774554932444,-14.92608016726255
-0.36332751780594286,17.77974226352989
-0.16880052818434513,-4.5569853151450985
0.31021410415629347,-7.616156830860184
0.05864512242631372,7.038437199521378
0.8958327942725657,11.627289824075353
-0.03095869084443841,16.98247544783629
-0.05252757009506306,-20.99715135852902
-0.1308138626049503,-4.078524786165337
-0.2033653306411805,7.596740867050775
0.18668415979289468,-72.19781680261991
-0.17935181727408317,-27.259749061922307
0.5786464468577881,16.137309005336682
-0.17935181727408317,-20.99715135852902
0.19769300947974253,7.038437199521378
0.05864512242631372,7.038437199521378
0.16268039011447305,5.004397063638481
0.7210651548527853,7.596740867050775
-0.3151451186445354,-6.072911394740857
-0.36332751780594286,-6.4114126171107975
-0.43529365049160484,-15.935206029103457
-0.7287260669656467,0.864766501985906
0.011603098196312944,-15.935206029103457
-0.33576938220124525,34.66640998521532
0.41530050538439856,28.26539096477251
-1.4442959583507398,-12.9217227829755
-0.06565703993025851,-46.523517778655
-0.009028874904964578,14.909803878090194
-0.21735499260060465,78.70298308265971
-0.08657770336893914,7.265070709056594
-0.21191448486425904,-4.078524786165337
-0.16880052818434513,18.10404076332848
1.041244599416565,8.94794705401277
-0.03861156615609694,-8.335252925287833
-0.058578370644802334,3.010803771110808
0.16159146195309612,-4.5569853151450985
0.1918725988069705,-20.941459572636077
0.1918725988069705,14.004420132976355
-0.7050550900595922,-3.3960019819265512
0.10001883060204593,20.31032155601569
0.32482562098165857,0.6328841260730843
0.3906688513397044,11.627289824075353
0.13071120725620614,0.30087760174787676
-0.4198911017118402,-1.9488866283982613
-0.7160738754535848,31.641294797272423
-0.1118305206688687,40.690505495633346
1.041244599416565,-12.9217227829755
-0.009028874904964578,0.9214016884970614
0.7210651548527853,11.627289824075353
-0.017168990736273714,13.122226931785953
0.34238876799479534,-29.856487290051373
-0.00606422098292847,-16.179880662916258
0.2528020560677244,-7.616156830860184
-0.1118305206688687,35.727326701158034
0.688791828861265,13.122226931785953
-0.17935181727408317,11.675314765328476
-1.689401290665661,17.28183675774978
0.2917628204390065,-14.138890062009661
0.2006814916813869,-12.699829097706006
0.1918725988069705,-4.078524786165337
0.20188123959900697,-18.538109028352324
0.13071120725620614,7.265070709056594
-0.47282598073482546,3.010803771110808
0.1918725988069705,-10.814404479470381
-1.689401290665661,-2.2335130345263385
-0.3054210698026699,-9.956774156348473
-0.03861156615609694,18.48178911445189
-0.06218863734826252,-14.92608016726255
-0.43529365049160484,35.812396677192986
-0.03861156615609694,-8.558438931875193
0.16181664640404847,5.911317787528296
-0.06487068597181327,-4.27374692175362
0.2528020560677244,-16.179880662916258
-0.2033653306411805,-12.699829097706006
-0.3844846724136027,17.28183675774978
0.34238876799479534,-3.3960019819265512
0.1918725988069705,-1.9488866283982613
-0.03861156615609694,14.280904842711205
-0.4198911017118402,31.57671909153448
0.1918725988069705,-4.051877673123212
0.34238876799479534,0.864766501985906
-0.34167038395473925,-33.21374444224675
0.20188123959900697,21.387570884234133
-0.08657770336893914,2.077521546435768
1.0026164971751694,21.245403893104715
0.34238876799479534,-1.9459217090021586
-0.17935181727408317,7.596740867050775
1.0742461550524685,78.70298308265971
-1.4442959583507398,35.727326701158034
-0.30057689291677187,13.987238754500622
-0.1990960786250156,-38.8446486552365
0.31021410415629347,18.10404076332848
0.00999572619345961,-10.056424393302532
-0.01631420073264045,49.925647069350426
-0.21191448486425904,49.925647069350426
0.34238876799479534,-4.27374692175362
-0.4669169529303681,-9.956774156348473
-0.19466522561525249,16.137309005336682
0.40158367324280136,15.719889307234046
-0.030646184935596434,0.7801741743172745
0.6011300846259356,-6.870466107188114
0.16051745893966754,5.911317787528296
0.38403387494372687,7.038437199521378
-0.30057689291677187,-18.44398679929323
-0.11211130213329021,42.74014106971756
-0.06565703993025851,13.99269216824317
-0.00606422098292847,-4.5569853151450985
-0.009028874904964578,-39.48264072720317
0.44922296516495946,13.987238754500622
-0.3151451186445354,-2.9291310600555684
0.5786464468577881,-1.9488866283982613
0.688791828861265,-13.360315882929202
-0.7287260669656467,-4.0030311692097875
-1.6778178025694679,-15.935206029103457
-0.1567945449410138,5.911317787528296
-0.05252757009506306,-5.3619535347475376
1.5822698280934888,-12.699829097706006
-0.7429272192252189,12.102494748238584
0.36435750103282766,-14.138890062009661
-0.009028874904964578,-4.078524786165337
-0.4198911017118402,3.010803771110808
-0.0792748196307623,31.641294797272423
-0.058578370644802334,0.864766501985906
-0.19466522561525249,9.13205616139108
-0.15234167536798235,-1.201570679043519
-0.03861156615609694,-20.99715135852902
1.5572188396577433,-4.5569853151450985
-0.017168990736273714,-27.15700683138211
1.2553987807724112,17.77974226352989
-1.4276687895233653,0.864766501985906
-0.801053308863267,17.77974226352989
-1.4442959583507398,21.387570884234133
0.1918725988069705,-27.259749061922307
-0.21376361882889733,-4.0030311692097875
0.0916091018483673,17.77974226352989
0.3906688513397044,-4.078524786165337
-0.1114831986007296,18.10404076332848
-0.19466522561525249,-27.259749061922307
0.30057329476854466,-2.2335130345263385
-0.009028874904964578,16.98247544783629
-0.36332751780594286,17.77974226352989
-0.7050481787525923,15.093593964234987
0.32482562098165857,4.781531668460141
0.5786464468577881,31.57671909153448
0.688791828861265,-1.6881085035055867
0.0010470528883741892,-7.616156830860184
-0.36332751780594286,0.04146826652060548
-0.2076377528588214,3.1405316026897645
-0.024598674677790366,49.925647069350426
0.5786464468577881,7.596740867050775
0.18668415979289468,-15.935206029103457
-0.17935181727408317,18.10404076332848
0.34238876799479534,-13.360315882929202
-0.0352084347935643,0.04146826652060548
1.7274817463526346,-1.9488866283982613
-0.03861156615609694,-18.44398679929323
0.4756248784722886,18.77231901118117
-1.5034819450854005,-27.259749061922307
0.27586775984203465,2.077521546435768
-0.05252757009506306,18.48178911445189
-0.00013670845530624475,28.17842089585539
-0.2738920535334189,49.925647069350426
1.041244599416565,-39.48264072720317
-0.2738920535334189,34.66640998521532
0.05864512242631372,105.99337358565266
0.1589884271769304,-14.138890062009661
0.5786464468577881,-39.48264072720317
-0.009028874904964578,-0.5361732542154023
0.44922296516495946,59.12019203474566
0.00999572619345961,18.77231901118117
1.394174000488054,-4.078524786165337
0.27586775984203465,-14.138890062009661
0.8958327942725657,-14.761836885402682
1.1127658037795611,-12.9217227829755
0.39926502701555744,7.038437199521378
-0.43529365049160484,-4.27374692175362
-0.43529365049160484,0.04146826652060548
0.16181664640404847,22.526360517017405
-0.17935181727408317,26.931671492324774
-0.058578370644802334,-7.616156830860184
-0.3151451186445354,-10.276710497240433
0.3505467633222156,0.864766501985906
0.5786464468577881,-15.935206029103457
-0.4198911017118402,-14.761836885402682
0.007968033397800145,13.122226931785953
-0.058578370644802334,-0.5573310054388902
0.38403387494372687,16.137309005336682
-0.01631420073264045,5.460778799335178
0.31021410415629347,49.925647069350426
0.05864512242631372,29.704337441723858
1.6593624605044475,-4.27374692175362
-0.03861156615609694,21.387570884234133
1.9525911882714773,-26.313056082160845
-0.044810527848512395,-10.276710497240433
-0.3054210698026699,-10.276710497240433
0.36435750103282766,-18.44398679929323
-0.17935181727408317,21.245403893104715
0.05864512242631372,21.21099415724861
0.18511769880842915,5.911317787528296
-0.2738920535334189,-1.6881085035055867
-1.2497736591103932,-3.526894058084416
1.9263509282651272,7.596740867050775
0.44922296516495946,-3.3960019819265512
-0.43529365049160484,-21.699206232645043
0.5209864602641708,-18.44398679929323
-0.1845534832672918,21.245403893104715
-0.19466522561525249,-12.699829097706006
0.3548113137883401,19.31827048195189
0.3505467633222156,-2.9291310600555684
0.5101920150542831,-15.935206029103457
-0.4198911017118402,83.67494295132117
0.33457055631954125,-4.0030311692097875
-0.009028874904964578,-4.5569853151450985
-0.1118305206688687,21.34879511607822
0.3232970364782351,-29.856487290051373
0.5101920150542831,-10.081603544848427
-0.1118305206688687,2.8499852625433655
-0.36332751780594286,17.28183675774978
2.0755236001364437,-2.7029679554461388
1.041244599416565,4.781531668460141
-0.16880052818434513,-14.138890062009661
0.4242270604129871,21.21099415724861
-0.7050481787525923,-12.9217227829755
0.8958327942725657,21.245403893104715
0.36435750103282766,-1.2870816333418091
-0.2738920535334189,-10.050876275630035
-0.15193756696726807,-0.8843744842369765
0.1586219282642693,-39.48264072720317
-0.08657770336893914,35.727326701158034
0.32482562098165857,11.627289824075353
0.15438855266195128,42.74014106971756
-0.24481175478387227,-1.9488866283982613
0.16159146195309612,-1.9488866283982613
-1.5034819450854005,21.245403893104715
-0.505048042284805,16.8762399221961
-0.35281270793989095,-8.558438931875193
-0.08867063383433955,-7.308931431818518
-1.5458874043595952,2.63263339993483
1.041244599416565,42.74014106971756
-0.2033653306411805,-4.0030311692097875
-0.17935181727408317,-4.078524786165337
-0.06565703993025851,18.48178911445189
1.1127658037795611,14.071100412859938
-0.10462615523354754,-7.849089718355956
-0.037097603046434724,-4.27374692175362
-0.14304889760529674,-4.0030311692097875
1.5822698280934888,34.66640998521532
-0.0792748196307623,16.137309005336682
-0.7160738754535848,-10.314891826852532
0.1918725988069705,-27.15700683138211
0.27586775984203465,0.04146826652060548
-0.07376395554197326,-4.5569853151450985
-0.21735499260060465,34.66640998521532
-0.05252757009506306,17.77974226352989
-0.0352084347935643,-39.1763748935869
2.2358660093761475,7.596740867050775
0.5786464468577881,-10.276710497240433
0.16181664640404847,14.280904842711205
-0.2741974333344227,17.77974226352989
0.20188123959900697,-6.6612816997610516
0.3505467633222156,6.2392066147147895
-0.7287260669656467,5.004397063638481
-0.06194194306377323,-39.1763748935869
-0.1118305206688687,18.10404076332848
0.05864512242631372,-39.48264072720317
0.18668415979289468,5.911317787528296
-0.3054210698026699,18.10404076332848
-0.009028874904964578,-39.05484876941181
2.0755236001364437,21.245403893104715
-1.4442959583507398,11.195706723116947
-0.0754261473078616,13.73569103313465
-0.10825325223886004,-1.9488866283982613
-0.05252757009506306,-4.5569853151450985
0.6011300846259356,21.387570884234133
-0.0352084347935643,-7.616156830860184
0.6735839854136264,14.280904842711205
0.0916091018483673,-27.504862198609242
-0.03861156615609694,-10.276710497240433
-0.18590351632647606,3.010803771110808
0.44922296516495946,31.57671909153448
0.17133069084377722,7.265070709056594
-0.21735499260060465,166.76254514455465
-0.4198911017118402,-25.344122145253287
-0.43529365049160484,-10.7764289179292
0.8958327942725657,35.727326701158034
-0.05252757009506306,17.28183675774978
0.44922296516495946,17.28183675774978
0.7210651548527853,19.915807279684387
-0.2076377528588214,0.04146826652060548
-1.3009460764488114,-27.504862198609242
-0.3054210698026699,16.137309005336682
0.3606517853674941,-47.17645554782859
-1.4442959583507398,-27.504862198609242
0.05864512242631372,17.77974226352989
-0.2782101086628936,-2.9291310600555684
0.3505467633222156,-4.27374692175362
-0.009028874904964578,-3.526894058084416
0.047684826740882966,8.94794705401277
-0.1529747467379292,-4.078524786165337
-0.024598674677790366,-3.526894058084416
-1.2497736591103932,16.67456378847738
0.4242270604129871,31.641294797272423
0.8958327942725657,-16.179880662916258
0.34238876799479534,23.425417010667722
-0.00606422098292847,-1.9488866283982613
0.5101920150542831,-6.4114126171107975
-2.065249419239362,-15.935206029103457
0.1918725988069705,-12.9217227829755
0.3505467633222156,21.245403893104715
-0.1118305206688687,29.973871336493364
0.5786464468577881,56.59659836344661
-4.641982688069007,0.04146826652060548
0.16530219056865675,49.925647069350426
-0.14304889760529674,15.093593964234987
0.16268039011447305,17.28183675774978
-0.18919986416985762,-32.5199083846189
-0.21937163611603822,9.13205616139108
0.16181664640404847,16.137309005336682
-0.00013670845530624475,14.280904842711205
-0.30057689291677187,32.96094067614628
0.688791828861265,-16.04309329983733
0.6526028477519574,-4.0030311692097875
0.047684826740882966,-7.616156830860184
0.2515737123508759,-0.5361732542154023
-0.02705603350502108,15.093593964234987
0.39926502701555744,-10.207342532722286
0.46640658963121295,0.04146826652060548
0.3505467633222156,-13.360315882929202
-0.19466522561525249,-9.956774156348473
-1.4442959583507398,-29.01925450775799
0.1918725988069705,-9.811847721093269
-0.05252757009506306,-3.526894058084416
0.688791828861265,-27.504862198609242
0.5786464468577881,-4.078524786165337
0.010798211727321849,16.137309005336682
-0.06487068597181327,-12.9217227829755
0.26972067301564895,-3.3960019819265512
0.2528020560677244,20.943839012767775
0.20188123959900697,-8.761451691770763
0.508558186780643,-4.27374692175362
0.0916091018483673,-27.504862198609242
0.0010470528883741892,11.627289824075353
0.007968033397800145,42.74014106971756
0.688791828861265,-5.3619535347475376
-0.0792748196307623,-1.43261949820052
0.4997419662193159,-27.504862198609242
0.0010470528883741892,-2.7029679554461388
-0.7050481787525923,-8.558438931875193
-0.03095869084443841,-14.761836885402682
-0.15963008896540815,8.799725091799269
0.00999572619345961,-3.4464653984667657
0.5786464468577881,49.72568543360479
-0.3054210698026699,-4.0030311692097875
-0.009028874904964578,7.038437199521378
0.10001883060204593,-24.959993554285578
0.3505467633222156,5.004397063638481
1.1127658037795611,-0.5573310054388902
0.047684826740882966,-38.8446486552365
1.041244599416565,0.864766501985906
-0.10825325223886004,16.137309005336682
0.3505467633222156,0.864766501985906
0.3505467633222156,44.982432429205495
0.047684826740882966,0.864766501985906
-0.3151451186445354,-20.99715135852902
-0.058578370644802334,-38.8446486552365
-0.16333932667981615,49.925647069350426
1.5822698280934888,0.864766501985906
0.17133069084377722,0.7847641990366732
0.8958327942725657,35.727326701158034
-0.15193756696726807,15.093593964234987
-0.03861156615609694,113.64449905433763
0.05864512242631372,7.265070709056594
-0.08771594774860603,0.04146826652060548
-0.024598674677790366,17.28183675774978
0.1589884271769304,34.66640998521532
-1.4442959583507398,31.57671909153448
-0.10825325223886004,40.8108960601293
-4.641982688069007,7.596740867050775
-0.00606422098292847,35.727326701158034
0.16159146195309612,-9.956774156348473
-0.7050481787525923,18.48178911445189
-0.19723665039468066,14.004420132976355
0.39926502701555744,-3.3960019819265512
0.4997419662193159,-4.5569853151450985
-0.058578370644802334,21.245403893104715
0.4242270604129871,18.48178911445189
-0.16880052818434513,-1.9488866283982613
0.2515737123508759,-8.558438931875193
0.043113239087593416,-4.27374692175362
-0.0352084347935643,49.925647069350426
0.1918725988069705,78.70298308265971
-1.5034819450854005,-24.959993554285578
-0.34815899640505715,-18.44398679929323
-0.1529747467379292,12.102494748238584
0.20178521365593313,-10.884568947883732
0.2521351458422851,8.94794705401277
0.20178521365593313,-4.078524786165337
0.3505467633222156,7.265070709056594
-0.7287260669656467,15.093593964234987
-0.5399423494487576,34.66640998521532
0.5786464468577881,18.10404076332848
-0.08657770336893914,35.727326701158034
0.05864512242631372,26.49447126537633
0.0010470528883741892,13.122226931785953
0.16268039011447305,21.245403893104715
-0.7287260669656467,-18.44398679929323
0.3505467633222156,-1.0630246735620064
-0.43529365049160484,-4.27374692175362
0.20178521365593313,-39.48264072720317
-0.05252757009506306,10.438571144155382
-0.00606422098292847,-39.48264072720317
0.19288933208800815,-8.761451691770763
-0.0754261473078616,-33.21374444224675
-1.2497736591103932,49.925647069350426
1.5822698280934888,-32.31398079172564
0.00999572619345961,25.38713772153157
0.32482562098165857,15.261949196023727
0.00999572619345961,17.77974226352989
0.44922296516495946,21.245403893104715
0.05864512242631372,-4.27374692175362
-0.43529365049160484,13.572532083973394
0.16997473040900107,7.038437199521378
-0.3151451186445354,29.704337441723858
0.44922296516495946,2.1338652505476157
0.20178521365593313,5.004397063638481
1.1127658037795611,10.468692416633777
0.16268039011447305,-12.699829097706006
-0.2076377528588214,-10.276710497240433
0.05864512242631372,-8.558438931875193
0.3505467633222156,-39.48264072720317
0.26361681384434904,0.04146826652060548
-0.10825325223886004,7.265070709056594
0.18668415979289468,-3.3960019819265512
1.0742461550524685,18.10404076332848
0.20188123959900697,12.102494748238584
-0.0792748196307623,3.930661283315428
0.8958327942725657,16.137309005336682
0.44922296516495946,-10.081603544848427
0.5786464468577881,-9.956774156348473
-0.505048042284805,16.137309005336682
-0.16333932667981615,18.10404076332848
0.38403387494372687,7.596740867050775
-0.17135948528698036,0.04146826652060548
-0.7287260669656467,11.195706723116947
0.20188123959900697,13.987238754500622
0.39926502701555744,-27.15700683138211
0.16997473040900107,1.4586853266479543
-0.10825325223886004,337.79091355894997
0.05864512242631372,-2.2335130345263385
-1.4442959583507398,17.28183675774978
0.05864512242631372,5.911317787528296
0.5786464468577881,22.526360517017405
-0.7287260669656467,2.1338652505476157
-0.058578370644802334,-14.138890062009661
-0.33766091036657025,-15.935206029103457
-0.05873740317876268,-32.18312620050924
-1.5034819450854005,42.74014106971756
0.44922296516495946,-7.616156830860184
-0.00606422098292847,11.322639000940397
-0.0352084347935643,-27.259749061922307
0.16051745893966754,14.280904842711205
0.5576777925041181,-12.9217227829755
-0.15963008896540815,-14.959477299015035
-0.17935181727408317,-27.259749061922307
-1.1793887582032776,-0.5361732542154023
-0.17935181727408317,-7.719198499706887
-0.801053308863267,97.1706774401698
-1.2497736591103932,7.038437199521378
0.04778851635149166,-4.27374692175362
-0.30057689291677187,-12.9217227829755
-0.7287260669656467,-40.3877793567228
1.041244599416565,18.06735682480273
-0.36332751780594286,-5.059436089640311
-0.6941908539196296,9.28536351917838
1.5822698280934888,49.925647069350426
0.1918725988069705,5.911317787528296
0.30057329476854466,11.627289824075353
0.05864512242631372,17.28183675774978
-0.7938159071133528,-14.92608016726255
0.4997419662193159,-4.5569853151450985
-0.03861156615609694,17.77974226352989
-0.058578370644802334,-12.9217227829755
-0.4198911017118402,17.28183675774978
-0.505048042284805,5.004397063638481
0.00999572619345961,-24.75912696901911
0.05864512242631372,16.67456378847738
0.00999572619345961,-9.956774156348473
0.16181664640404847,11.627289824075353
0.6011300846259356,8.94794705401277
0.0010470528883741892,-18.44398679929323
-0.06194194306377323,7.038437199521378
-0.1845534832672918,-9.956774156348473
-0.1308138626049503,-2.9614244565298433
0.05864512242631372,13.73569103313465
0.3906688513397044,-18.44398679929323
-0.032041593914278056,21.245403893104715
-1.2497736591103932,190.3097190243283
-0.2941137015527696,-20.941459572636077
-0.7050481787525923,-10.035404744287794
-0.10825325223886004,0.864766501985906
0.20188123959900697,-18.44398679929323
0.14193829180449308,-0.5361732542154023
0.1918725988069705,-39.48264072720317
-0.024598674677790366,-29.856487290051373
-0.505048042284805,-3.526894058084416
-0.15193756696726807,-17.629709512600787
0.0010470528883741892,18.10404076332848
-0.00013670845530624475,-3.724440267168172
-0.19466522561525249,337.79091355894997
0.44922296516495946,-40.19327155395332
-0.0352084347935643,19.86333807164408
0.5101920150542831,-10.276710497240433
-0.17935181727408317,-18.44398679929323
1.1127658037795611,-10.050876275630035
-0.505048042284805,13.338180719551389
0.3505467633222156,-1.9488866283982613
-1.4442959583507398,17.77974226352989
-0.2033653306411805,11.195706723116947
0.6011300846259356,18.06735682480273
-0.10462615523354754,18.48178911445189
1.0742461550524685,-7.616156830860184
1.041244599416565,-10.884568947883732
0.39926502701555744,17.28183675774978
-0.05613709104258011,7.265070709056594
0.5786464468577881,-18.44398679929323
-0.023658355110180922,-1.9313173035818287
-0.4342998201327942,0.04146826652060548
0.5786464468577881,-2.7029679554461388
0.4266084430863691,-6.6612816997610516
-0.4198911017118402,10.702260964686408
0.6011300846259356,31.641294797272423
0.00999572619345961,-18.538109028352324
0.33049120169057705,5.911317787528296
-0.17935181727408317,17.28183675774978
-0.21735499260060465,-4.078524786165337
0.5209864602641708,-1.0630246735620064
0.16051745893966754,7.5933355445900945
-0.36332751780594286,10.438571144155382
-0.0792748196307623,-12.9217227829755
0.5786464468577881,-24.959993554285578
-0.009028874904964578,13.122226931785953
-0.10825325223886004,-2.9291310600555684
-0.10825325223886004,15.355957543981352
0.44922296516495946,-8.558438931875193
-0.024598674677790366,35.727326701158034
1.2553987807724112,-27.259749061922307
-0.113624667977236,-24.959993554285578
0.34238876799479534,-2.9614244565298433
-0.16880052818434513,25.055670452889288
0.3505467633222156,-4.949681631400662
-1.4442959583507398,7.596740867050775
-0.4198911017118402,7.596740867050775
-0.1845534832672918,-16.179880662916258
0.6011300846259356,-3.3960019819265512
-0.1118305206688687,3.6844645149518556
-0.00606422098292847,11.627289824075353
-0.505048042284805,-8.7422950833559
0.05864512242631372,-7.616156830860184
-0.6802110654890579,49.925647069350426
-0.4198911017118402,-1.9488866283982613
0.39926502701555744,17.28183675774978
-0.19466522561525249,-8.558438931875193
-0.8246288976755036,21.245403893104715
0.16051745893966754,23.372825929697136
-0.36332751780594286,-21.699206232645043
-1.003876189520175,-6.508667502822483
0.44922296516495946,21.387570884234133
-0.05252757009506306,-8.558438931875193
0.5786464468577881,42.74014106971756
0.33457055631954125,14.004420132976355
-0.2738920535334189,-2.1385247169656862
-0.7050550900595922,-10.081603544848427
-0.3151451186445354,16.137309005336682
-0.00606422098292847,-33.21374444224675
-0.08657770336893914,-15.935206029103457
0.45325600338022703,17.77974226352989
-0.009028874904964578,-8.558438931875193
0.04980822178464671,-38.8446486552365
-0.058578370644802334,-39.48264072720317
0.34238876799479534,-2.9800795243972953
0.20188123959900697,7.596740867050775
0.20188123959900697,18.10404076332848
0.3505467633222156,0.04146826652060548
-0.05252757009506306,-25.908721899119882
-0.43529365049160484,7.596740867050775
0.44922296516495946,-4.078524786165337
-0.10825325223886004,-20.99715135852902
0.20188123959900697,-39.48264072720317
2.012551393286114,-3.526894058084416
0.23608909821264756,8.94794705401277
0.8958327942725657,0.04146826652060548
-1.5034819450854005,11.627289824075353
0.16159146195309612,-12.699829097706006
-0.6694664349971302,-38.8446486552365
0.6011300846259356,17.77974226352989
1.5055984623564311,18.10404076332848
-1.2497736591103932,-20.941459572636077
-0.4198911017118402,25.66939669000617
0.46640658963121295,337.79091355894997
0.20188123959900697,-0.5361732542154023
1.7274817463526346,11.627289824075353
0.34238876799479534,0.864766501985906
0.1586219282642693,14.004420132976355
0.043113239087593416,21.245403893104715
-1.6778178025694679,7.38675613760892
0.37149901830778975,0.864766501985906
-0.058578370644802334,-18.538109028352324
-0.505048042284805,7.64174099114888
0.043113239087593416,-15.935206029103457
-0.0792748196307623,21.245403893104715
0.16159146195309612,26.49447126537633
-1.4442959583507398,1.5584248676019077
-0.3363651125119391,-10.276710497240433
0.043113239087593416,-4.27374692175362
0.16159146195309612,14.280904842711205
-0.7160738754535848,-12.699829097706006
0.16997473040900107,20.943839012767775
0.4997419662193159,-24.959993554285578
-0.16880052818434513,-2.2335130345263385
0.00999572619345961,-12.699829097706006
0.8958327942725657,7.265070709056594
0.23804754433392256,11.195706723116947
-0.24481175478387227,-7.616156830860184
1.5822698280934888,-24.646420341805445
-0.10825325223886004,2.63263339993483
0.44922296516495946,0.04146826652060548
-0.024598674677790366,0.864766501985906
0.38403387494372687,-15.935206029103457
1.041244599416565,0.04146826652060548
0.8958327942725657,-38.8446486552365
0.39926502701555744,-6.6612816997610516
-0.1118305206688687,-20.99715135852902
0.8958327942725657,-10.276710497240433
-0.36332751780594286,16.137309005336682
-0.17935181727408317,21.245403893104715
0.18511769880842915,15.355957543981352
0.33457055631954125,7.596740867050775
-1.1634612938655475,34.66640998521532
-0.17935181727408317,18.06735682480273
-0.0792748196307623,-24.959993554285578
0.511416933333918,-47.17645554782859
-2.366301450965275,19.86333807164408
0.688791828861265,-4.27374692175362
-0.10825325223886004,7.140872871365899
0.16181664640404847,-72.19781680261991
1.0742461550524685,-18.44398679929323
-0.801053308863267,-4.192298132741622
0.043113239087593416,-11.168027150779878
-0.21376361882889733,21.943429764248087
0.23804754433392256,11.627289824075353
0.44922296516495946,-24.959993554285578
-0.19466522561525249,-27.504862198609242
0.5786464468577881,-12.9217227829755
-0.3151451186445354,-2.9291310600555684
-0.009028874904964578,-18.44398679929323
-0.4198911017118402,-8.335252925287833
-0.12894786135221284,-15.935206029103457
-0.06565703993025851,-17.282591027452373
0.20188123959900697,-2.9614244565298433
-0.1118305206688687,18.10404076332848
0.00999572619345961,34.66640998521532
0.18668415979289468,13.367861072660569
0.3800454743780971,-40.3877793567228
-0.1529747467379292,40.690505495633346
-0.9024675039485013,-2.2335130345263385
-0.2033653306411805,-18.538109028352324
0.043113239087593416,14.909803878090194
0.6011300846259356,-14.92608016726255
0.1918725988069705,-0.5361732542154023
0.16159146195309612,-4.846002185727043
-1.393529444639474,-14.92608016726255
-0.00013670845530624475,7.770689351416952
-0.1118305206688687,-3.3960019819265512
-0.10825325223886004,18.48178911445189
1.478002339277954,18.10404076332848
-0.34608910240259316,41.70914557438718
-0.7050481787525923,-4.078524786165337
-0.13638257532230327,40.690505495633346
0.17133069084377722,5.004397063638481
-0.17935181727408317,13.122226931785953
0.2515737123508759,23.372825929697136
0.20188123959900697,-10.081603544848427
-0.0352084347935643,7.038437199521378
0.46640658963121295,-2.9614244565298433
-0.1118305206688687,-5.3619535347475376
0.16181664640404847,-4.5569853151450985
0.043113239087593416,21.245403893104715
-0.7401456791303287,-18.44398679929323
-0.10825325223886004,-7.616156830860184
0.05864512242631372,-12.699829097706006
1.5822698280934888,5.676239989432423
0.3665757928180873,-15.935206029103457
-0.009028874904964578,-27.259749061922307
-0.2741974333344227,0.04146826652060548
-0.17935181727408317,49.925647069350426
-1.2497736591103932,0.864766501985906
0.10001883060204593,-18.44398679929323
-0.03861156615609694,18.06735682480273
0.1918725988069705,18.06735682480273
0.00999572619345961,56.467438218838886
-0.03861156615609694,-3.526894058084416
-0.09955662759262136,-4.5569853151450985
-1.2497736591103932,34.66640998521532
1.7274817463526346,-48.23772936159969
-0.7287260669656467,-12.9217227829755
-1.4442959583507398,29.973871336493364
-0.21735499260060465,-40.3877793567228
-0.4198911017118402,-4.5569853151450985
0.3906688513397044,37.68406649791521
-0.36332751780594286,3.010803771110808
-0.10825325223886004,-9.956774156348473
-1.5034819450854005,-8.558438931875193
1.0742461550524685,-21.925067375973722
-0.1118305206688687,-14.114341188560951
0.5101920150542831,14.044821634337412
1.5572188396577433,17.77974226352989
0.30407817344469507,-5.3619535347475376
-0.17935181727408317,21.387570884234133
-0.00606422098292847,12.102494748238584
0.36435750103282766,-1.9488866283982613
0.2341443478001918,-8.761451691770763
0.44922296516495946,-15.935206029103457
0.043113239087593416,7.038437199521378
0.1918725988069705,21.245403893104715
-0.0792748196307623,-7.616156830860184
-0.2782101086628936,-7.576370497613808
0.2028095494411093,-40.3877793567228
-2.229932477622666,-14.761836885402682
0.37149901830778975,-27.259749061922307
-1.689401290665661,7.38675613760892
0.16181664640404847,14.280904842711205
0.1586219282642693,0.7847641990366732
-0.5626984011075703,-17.416640261134116
0.1507721993692753,7.265070709056594
0.3505467633222156,-3.526894058084416
0.029992153168686732,-0.5361732542154023
0.19769300947974253,-14.138890062009661
0.2528020560677244,-10.884568947883732
-0.24785046675102862,-8.558438931875193
1.041244599416565,29.973871336493364
-0.1118305206688687,0.864766501985906
0.11090382931134693,17.28183675774978
-0.6299094769965032,21.387570884234133
2.5062562280628145,13.987238754500622
0.18668415979289468,13.122226931785953
-0.017168990736273714,18.48178911445189
0.05864512242631372,-8.558438931875193
-1.4442959583507398,-4.078524786165337
-0.2033653306411805,-15.935206029103457
1.5822698280934888,0.7847641990366732
-0.7160738754535848,-0.8843744842369765
-0.4198911017118402,-7.616156830860184
0.07156747467034513,11.1052927428243
0.3614545749440984,-18.44398679929323
0.5786464468577881,23.372825929697136
0.5786464468577881,2.3456424366310573
0.3505467633222156,-2.2335130345263385
-0.10462615523354754,15.355957543981352
0.10001883060204593,7.038437199521378
0.4242270604129871,-26.896748735579198
-0.4198911017118402,8.94794705401277
-0.7160738754535848,-14.761836885402682
-0.017168990736273714,-2.0767928311559585
-0.11401791152207985,-3.526894058084416
-2.065249419239362,-20.99715135852902
0.007968033397800145,21.387570884234133
-0.0673472244820494,-15.935206029103457
0.6735839854136264,2.077521546435768
-0.10825325223886004,-0.5361732542154023
0.1918725988069705,31.57671909153448
0.05864512242631372,-4.0030311692097875
-0.14304889760529674,-0.8843744842369765
-0.009028874904964578,-12.9217227829755
-0.0792748196307623,20.2183142232873
-0.2033653306411805,-1.9488866283982613
-0.7050481787525923,-38.8446486552365
-1.0098968388748333,21.21099415724861
-0.21191448486425904,14.280904842711205
-0.7160738754535848,-4.949681631400662
-0.36332751780594286,0.04146826652060548
-0.43529365049160484,21.34879511607822
-0.0673472244820494,34.66640998521532
-0.2033653306411805,7.038437199521378
-1.742434198484417,-3.3960019819265512
-1.3009460764488114,78.70298308265971
2.0755236001364437,2.3456424366310573
-0.19466522561525249,-12.9217227829755
-1.2497736591103932,16.137309005336682
0.16181664640404847,2.63263339993483
0.047684826740882966,7.038437199521378
-0.058578370644802334,15.355957543981352
0.3228247438500903,-29.856487290051373
1.0742461550524685,-4.0030311692097875
-0.05613709104258011,-12.9217227829755
-0.06565703993025851,-27.259749061922307
0.0010470528883741892,-18.44398679929323
-0.2033653306411805,15.355957543981352
-0.3151451186445354,162.90653740739342
-0.058578370644802334,-2.7029679554461388
0.2006814916813869,-0.5361732542154023
-1.5034819450854005,16.137309005336682
-0.4198911017118402,13.73569103313465
0.4242270604129871,-39.48264072720317
-0.1114831986007296,-14.92608016726255
0.05864512242631372,-18.44398679929323
-0.904254043280354,31.641294797272423
0.047684826740882966,31.57671909153448
-1.4442959583507398,17.77974226352989
-0.24416541236390005,0.864766501985906
-0.03095869084443841,3.930661283315428
0.00999572619345961,17.28183675774978
-0.43529365049160484,-4.949681631400662
-0.017168990736273714,-52.37795764006779
0.36435750103282766,25.66939669000617
0.2515737123508759,-14.138890062009661
-0.0792748196307623,17.77974226352989
-0.00606422098292847,-0.5361732542154023
0.39926502701555744,7.265070709056594
-0.17935181727408317,-2.9291310600555684
-0.4198911017118402,-3.3960019819265512
1.5822698280934888,42.74014106971756
0.6011300846259356,29.973871336493364
0.6011300846259356,0.864766501985906
-0.009028874904964578,3.010803771110808
-1.2497736591103932,22.549677118574028
0.32482562098165857,-4.078524786165337
0.38403387494372687,-16.179880662916258
1.5822698280934888,-6.223666195099975
-1.2497736591103932,14.280904842711205
0.4242270604129871,-27.504862198609242
-0.10825325223886004,-8.47556500141717
0.1918725988069705,13.987238754500622
0.8958327942725657,20.943839012767775
-0.18717108190088227,-5.3619535347475376
2.2358660093761475,17.28183675774978
-1.2497736591103932,31.641294797272423
-0.505048042284805,-40.19327155395332
-0.009028874904964578,17.77974226352989
0.27586775984203465,0.864766501985906
1.041244599416565,12.080490209402095
0.511416933333918,-23.69499838117953
1.5822698280934888,-1.9488866283982613
-0.032041593914278056,-7.616156830860184
-0.05252757009506306,5.911317787528296
0.13071120725620614,-2.9291310600555684
0.20188123959900697,-4.5569853151450985
0.8958327942725657,0.864766501985906
0.1507721993692753,-10.814404479470381
0.8958327942725657,-6.072911394740857
-0.044810527848512395,-4.0030311692097875
0.3505467633222156,-38.8446486552365
3.1299622614874876,-4.5569853151450985
-0.7287260669656467,11.627289824075353
0.2528020560677244,-7.616156830860184
0.8958327942725657,31.641294797272423
0.689246666015755,5.911317787528296
0.6011300846259356,0.04146826652060548
-0.16880052818434513,0.864766501985906
-0.05252757009506306,22.64623650589953
0.0010470528883741892,-12.699829097706006
1.5822698280934888,34.66640998521532
-0.17935181727408317,-7.616156830860184
0.1918725988069705,-1.2870816333418091
0.3505467633222156,2.7421836373235626
-0.36332751780594286,24.499597763939295
0.6011300846259356,-4.0030311692097875
0.0010470528883741892,42.74014106971756
1.394174000488054,-4.5569853151450985
0.688791828861265,16.8762399221961
1.2553987807724112,5.004397063638481
-0.3054210698026699,-3.4464653984667657
0.46640658963121295,6.375386923193691
0.5786464468577881,-24.959993554285578
1.2553987807724112,10.438571144155382
0.18668415979289468,-8.7422950833559
-0.0792748196307623,-39.48264072720317
0.13071120725620614,-39.48264072720317
-0.36332751780594286,17.28183675774978
2.5062562280628145,-38.8446486552365
0.29653774554932444,-10.081603544848427
-0.10825325223886004,-2.9800795243972953
1.041244599416565,-3.526894058084416
0.26972067301564895,-4.078524786165337
-0.10825325223886004,18.06735682480273
1.041244599416565,10.634935252357327
-0.1118305206688687,-12.9217227829755
-0.1118305206688687,16.67456378847738
-1.4442959583507398,31.57671909153448
0.2341443478001918,-39.48264072720317
-0.505048042284805,-11.378279124648387
-1.217791890634699,21.245403893104715
0.1918725988069705,11.627289824075353
1.5822698280934888,35.727326701158034
-0.801053308863267,18.48178911445189
0.3505467633222156,-14.92608016726255
-0.2033653306411805,-47.17645554782859
0.5786464468577881,15.355957543981352
-1.5034819450854005,-14.761836885402682
-0.2741974333344227,-0.5361732542154023
1.5822698280934888,-10.276710497240433
0.08869433021277813,-3.526894058084416
-0.4198911017118402,-39.1763748935869
-1.742434198484417,-2.7029679554461388
-0.05252757009506306,-29.856487290051373
-0.0352084347935643,34.66640998521532
0.00999572619345961,-27.504862198609242
0.20178521365593313,-3.526894058084416
-0.36332751780594286,18.10404076332848
-0.1118305206688687,-7.616156830860184
-1.003876189520175,-10.276710497240433
2.5062562280628145,5.911317787528296
-0.03861156615609694,22.64623650589953
0.2006814916813869,7.770689351416952
-0.16880052818434513,-21.925067375973722
-0.40904271775737755,44.44184669975891
-0.2741974333344227,7.596740867050775
-1.5034819450854005,-12.9217227829755
0.20188123959900697,17.28183675774978
2.0755236001364437,-5.059436089640311
-0.7050481787525923,-4.5569853151450985
-0.3363651125119391,5.911317787528296
0.39926502701555744,13.99269216824317
0.16997473040900107,49.925647069350426
1.2553987807724112,35.727326701158034
-0.0792748196307623,-10.081603544848427
-0.03861156615609694,42.74014106971756
-0.16880052818434513,-29.856487290051373
0.39926502701555744,-12.9217227829755
-0.30057689291677187,-6.479229712029983
-0.05873740317876268,-4.839753619072777
0.1918725988069705,-1.9488866283982613
0.9206659441209073,-1.9488866283982613
0.4242270604129871,17.28183675774978
-0.7050550900595922,42.74014106971756
0.5786464468577881,29.704337441723858
0.38403387494372687,21.943429764248087
-0.009028874904964578,-12.9217227829755
0.04834673790542032,14.044821634337412
-0.03095869084443841,-4.0030311692097875
-0.904254043280354,17.77974226352989
-0.1118305206688687,-4.078524786165337
0.8958327942725657,26.49447126537633
0.1589884271769304,-4.27374692175362
-0.6484834959849031,34.66640998521532
0.047684826740882966,2.8499852625433655
0.16181664640404847,-10.207342532722286
0.4242270604129871,0.04146826652060548
0.10001883060204593,31.641294797272423
-0.26997640021527164,-12.699829097706006
1.5822698280934888,-2.9291310600555684
-0.15193756696726807,-3.526894058084416
0.30057329476854466,31.57671909153448
0.20188123959900697,-27.259749061922307
1.041244599416565,-4.27374692175362
0.3505467633222156,-23.69499838117953
-0.058578370644802334,-14.138890062009661
-1.217791890634699,-3.526894058084416
0.1918725988069705,16.137309005336682
-1.5458874043595952,-38.8446486552365
-1.0098968388748333,-4.5569853151450985
-1.4442959583507398,0.04146826652060548
0.07156747467034513,-10.276710497240433
0.3800454743780971,2.63263339993483
-0.7938159071133528,-10.276710497240433
-0.1118305206688687,-12.9217227829755
-0.06194194306377323,-0.5361732542154023
0.8958327942725657,-6.6612816997610516
0.18511769880842915,-8.558438931875193
-0.05252757009506306,7.265070709056594
1.041244599416565,20.943839012767775
0.20188123959900697,-4.846002185727043
0.19418111044770825,-27.504862198609242
0.26972067301564895,14.280904842711205
0.043113239087593416,10.438571144155382
-0.009028874904964578,-25.412180632315827
1.5822698280934888,7.265070709056594
0.05909883430361802,-0.8843744842369765
-0.05252757009506306,-1.6881085035055867
-0.7050481787525923,17.77974226352989
-0.2741974333344227,8.94794705401277
1.7691257909305187,10.949350225159302
1.5572188396577433,7.596740867050775
-2.229932477622666,-1.9488866283982613
-0.7287260669656467,17.77974226352989
0.2006814916813869,8.94794705401277
-0.21735499260060465,16.137309005336682
0.1918725988069705,-15.935206029103457
-0.21937163611603822,-12.9217227829755
-0.054699764903173874,-12.699829097706006
-0.1118305206688687,-5.3619535347475376
-0.19466522561525249,17.77974226352989
0.36435750103282766,0.04146826652060548
-0.14258406777394997,17.28183675774978
0.9544380869215774,-27.15700683138211
-0.2941137015527696,17.28183675774978
0.689246666015755,-5.568099291779881
-0.36332751780594286,7.78094809608704
-0.15193756696726807,56.59659836344661
1.7993968814994363,3.010803771110808
-1.2497736591103932,-0.0038359853624834496
0.4861271218686462,-23.69499838117953
-0.34608910240259316,-1.6881085035055867
0.00999572619345961,-10.884568947883732
1.4616500348830879,44.44184669975891
-0.43529365049160484,-25.344122145253287
-0.06565703993025851,-4.27374692175362
0.0010470528883741892,7.140872871365899
0.18668415979289468,-4.0030311692097875
-0.10825325223886004,15.093593964234987
-0.19466522561525249,-24.959993554285578
0.8958327942725657,-4.078524786165337
-1.689401290665661,0.864766501985906
1.7274817463526346,-10.207342532722286
-0.36332751780594286,7.017127675090229
-0.2033653306411805,-5.3619535347475376
0.31021410415629347,-8.558438931875193
0.34238876799479534,-7.616156830860184
0.0010470528883741892,13.122226931785953
-1.4442959583507398,-12.699829097706006
-0.21191448486425904,-10.081603544848427
-0.23758498733152322,18.48178911445189
0.688791828861265,-1.9488866283982613
-0.017168990736273714,42.74014106971756
0.3505467633222156,-27.259749061922307
0.8958327942725657,-3.526894058084416
-0.058578370644802334,6.2392066147147895
1.041244599416565,34.66640998521532
0.20178521365593313,0.864766501985906
0.16159146195309612,31.57671909153448
-0.030646184935596434,-33.21374444224675
-0.03095869084443841,-24.959993554285578
-0.1118305206688687,0.04146826652060548
-0.16880052818434513,-2.1385247169656862
-0.00606422098292847,-39.48264072720317
-0.05252757009506306,7.038437199521378
-0.17935181727408317,15.093593964234987
-0.7287260669656467,17.28183675774978
1.5822698280934888,-27.15700683138211
0.06288897005254657,-0.0038359853624834496
-0.10825325223886004,-0.8843744842369765
0.4997419662193159,-5.3619535347475376
-0.00606422098292847,-38.8446486552365
0.46841303106282,-12.699829097706006
-0.33766091036657025,34.66640998521532
-0.36332751780594286,13.122226931785953
-0.2033653306411805,44.44184669975891
0.5786464468577881,-3.7731426931645045
0.3505467633222156,49.925647069350426
-0.1118305206688687,34.66640998521532
1.0742461550524685,2.1338652505476157
0.5786464468577881,-10.276710497240433
-0.058578370644802334,18.48178911445189
0.16051745893966754,2.63263339993483
1.8449462246318096,-10.081603544848427
0.2521351458422851,-4.078524786165337
-0.2738920535334189,-24.959993554285578
0.1589884271769304,3.010803771110808
0.688791828861265,16.8762399221961
0.00999572619345961,-10.276710497240433
-0.009028874904964578,46.053468342377464
0.33457055631954125,5.911317787528296
-0.024598674677790366,-2.2335130345263385
0.16716157712011298,-8.558438931875193
-1.689401290665661,-24.959993554285578
0.3505467633222156,7.770689351416952
1.5355175086949657,19.915807279684387
0.5101920150542831,-1.9488866283982613
0.44922296516495946,-12.699829097706006
-0.009028874904964578,-1.9488866283982613
0.32482562098165857,-1.6881085035055867
-0.00606422098292847,-15.05231678178359
-0.505048042284805,-10.081603544848427
-1.2497736591103932,-12.699829097706006
-0.10462615523354754,21.34879511607822
0.46841303106282,17.28183675774978
-0.009028874904964578,-3.526894058084416
-0.505048042284805,337.79091355894997
-1.2497736591103932,65.91807055587971
0.00999572619345961,-24.959993554285578
-0.19466522561525249,-4.0030311692097875
0.16997473040900107,-2.9614244565298433
-0.15193756696726807,-24.959993554285578
-0.03095869084443841,-5.059436089640311
-0.4198911017118402,-12.9217227829755
-0.05252757009506306,-32.5199083846189
0.05864512242631372,3.010803771110808
0.00999572619345961,-1.6881085035055867
-0.6299094769965032,14.280904842711205
0.5786464468577881,7.596740867050775
0.26972067301564895,-14.92608016726255
-0.36332751780594286,0.04146826652060548
-0.505048042284805,-10.276710497240433
-0.3151451186445354,49.925647069350426
-0.05252757009506306,1.5584248676019077
-0.19466522561525249,-39.48264072720317
-0.2033653306411805,-2.2335130345263385
0.16268039011447305,-20.941459572636077
-0.43529365049160484,14.280904842711205
-0.21735499260060465,-25.908721899119882
0.9544380869215774,-21.699206232645043
-0.43529365049160484,17.28183675774978
-0.21191448486425904,49.925647069350426
0.8958327942725657,-0.0038359853624834496
0.36435750103282766,0.7847641990366732
-0.03095869084443841,-10.276710497240433
1.5822698280934888,22.497428542256994
-0.1118305206688687,-7.616156830860184
0.1586219282642693,16.137309005336682
-0.25449515339122203,-5.3619535347475376
-0.017168990736273714,56.59659836344661
-0.19466522561525249,42.74014106971756
0.29120460839181234,-13.7293368035301
-0.30057689291677187,15.719889307234046
0.688791828861265,-23.69499838117953
0.7523905430874418,17.77974226352989
0.3505467633222156,-20.99715135852902
0.688791828861265,3.010803771110808
-0.14304889760529674,3.010803771110808
-1.0098968388748333,7.596740867050775
0.8958327942725657,0.7847641990366732
0.0916091018483673,3.010803771110808
-1.2497736591103932,49.925647069350426
0.36435750103282766,7.265070709056594
-0.1118305206688687,-26.313056082160845
1.394174000488054,-1.0630246735620064
1.8449462246318096,-3.3960019819265512
0.16051745893966754,8.94794705401277
0.8958327942725657,-1.9488866283982613
-0.08657770336893914,0.7801741743172745
-0.17135948528698036,-4.27374692175362
0.31021410415629347,21.245403893104715
0.05864512242631372,22.64623650589953
-1.4442959583507398,2.63263339993483
-0.10462615523354754,-12.9217227829755
-1.689401290665661,-3.3960019819265512
-0.12385572129947438,-20.941459572636077
-0.009028874904964578,-2.7029679554461388
-0.0792748196307623,-2.7029679554461388
0.00999572619345961,42.74014106971756
-1.4442959583507398,-2.7029679554461388
1.2553987807724112,7.265070709056594
-0.21735499260060465,14.280904842711205
-0.7160738754535848,18.48178911445189
0.16159146195309612,13.122226931785953
0.19288933208800815,-27.259749061922307
-0.1118305206688687,0.04146826652060548
1.0026164971751694,-6.6612816997610516
-0.36332751780594286,-3.724440267168172
-0.3151451186445354,0.864766501985906
0.5101920150542831,25.38713772153157
-0.03095869084443841,2.7421836373235626
0.05864512242631372,14.280904842711205
0.3505467633222156,-27.259749061922307
-0.009028874904964578,-10.276710497240433
0.688791828861265,21.387570884234133
-0.2076377528588214,-12.699829097706006
-0.00606422098292847,-38.8446486552365
-0.3151451186445354,29.973871336493364
-0.2033653306411805,-4.078524786165337
0.16181664640404847,7.596740867050775
0.16051745893966754,15.355957543981352
-0.058578370644802334,-4.27374692175362
-1.689401290665661,5.911317787528296
-0.03095869084443841,190.3097190243283
-0.17935181727408317,3.010803771110808
2.2358660093761475,7.038437199521378
0.0916091018483673,29.973871336493364
0.6735839854136264,-4.27374692175362
0.20188123959900697,20.943839012767775
-0.7050481787525923,49.925647069350426
-0.00606422098292847,0.7801741743172745
1.2553987807724112,14.044821634337412
0.00999572619345961,17.28183675774978
-0.4198911017118402,7.038437199521378
0.3505467633222156,-39.1763748935869
0.36435750103282766,-11.378279124648387
0.3232970364782351,-7.719198499706887
0.1918725988069705,14.280904842711205
0.5786464468577881,-26.313056082160845
-0.03861156615609694,49.925647069350426
-0.10825325223886004,18.06735682480273
0.7210651548527853,-39.48264072720317
-0.7050481787525923,-39.48264072720317
1.5822698280934888,-10.7764289179292
-0.31021122470612056,2.1338652505476157
-0.10825325223886004,0.864766501985906
0.39926502701555744,-40.50475954614454
-0.43529365049160484,-20.99715135852902
-0.07196222189562931,-25.412180632315827
0.18668415979289468,0.864766501985906
-0.1118305206688687,-12.9217227829755
0.5101920150542831,18.06735682480273
-0.15234167536798235,-39.1763748935869
0.13852174265787634,14.044821634337412
-0.09849685936731763,-23.69499838117953
-0.505048042284805,-15.935206029103457
-0.16880052818434513,-0.8843744842369765
0.4266084430863691,42.74014106971756
-0.1118305206688687,-4.0030311692097875
-0.10825325223886004,10.438571144155382
0.688791828861265,23.372825929697136
1.041244599416565,21.245403893104715
0.0797559173132516,2.1338652505476157
-0.505048042284805,-33.21374444224675
-0.1845534832672918,-11.364274034145852
0.38403387494372687,-48.23772936159969
-0.06194194306377323,34.66640998521532
1.041244599416565,-4.27374692175362
-0.06194194306377323,-24.646420341805445
1.9263509282651272,16.8762399221961
0.18668415979289468,-15.935206029103457
-0.16880052818434513,0.04146826652060548
0.043113239087593416,-3.526894058084416
0.39926502701555744,56.59659836344661
-0.19466522561525249,-32.18312620050924
-0.15193756696726807,-8.558438931875193
-0.03861156615609694,2.077521546435768
-0.0792748196307623,0.864766501985906
1.1127658037795611,-1.6881085035055867
0.1862811975921174,7.265070709056594
0.13852174265787634,-6.072911394740857
1.2553987807724112,-3.3960019819265512
-0.05252757009506306,32.96094067614628
0.20188123959900697,5.911317787528296
-0.33576938220124525,18.10404076332848
0.46640658963121295,31.641294797272423
-0.1118305206688687,7.5933355445900945
-0.009028874904964578,-4.078524786165337
-1.4442959583507398,-24.959993554285578
-0.36332751780594286,15.719889307234046
0.4242270604129871,7.038437199521378
0.19769300947974253,31.641294797272423
-1.689401290665661,44.44184669975891
0.3505467633222156,7.38675613760892
0.16268039011447305,-18.44398679929323
1.2553987807724112,21.245403893104715
1.041244599416565,7.596740867050775
-0.03861156615609694,190.3097190243283
-0.505048042284805,6.375386923193691
-0.03861156615609694,42.74014106971756
-0.054699764903173874,-24.959993554285578
-0.00013670845530624475,-27.15700683138211
-0.19466522561525249,3.0607078295876455
-0.1118305206688687,-14.138890062009661
-0.801053308863267,-2.2335130345263385
0.34238876799479534,20.943839012767775
-0.16880052818434513,35.727326701158034
0.20178521365593313,78.70298308265971
-0.16880052818434513,31.641294797272423
0.4997419662193159,-4.5569853151450985
-0.2033653306411805,-2.7029679554461388
-0.43529365049160484,-7.308931431818518
0.36435750103282766,5.911317787528296
-0.2033653306411805,-18.44398679929323
-0.3151451186445354,-4.27374692175362
0.05864512242631372,24.499597763939295
-0.801053308863267,-2.9614244565298433
0.05864512242631372,18.10404076332848
-1.4442959583507398,32.96094067614628
-0.03861156615609694,0.864766501985906
-0.04555074380058599,-4.0030311692097875
-0.7050481787525923,18.48178911445189
-0.7160738754535848,-4.5569853151450985
0.13071120725620614,-29.856487290051373
-1.742434198484417,-4.078524786165337
0.31021410415629347,16.8762399221961
-0.0792748196307623,-4.0030311692097875
-0.17935181727408317,11.627289824075353
1.3402699205612447,7.78094809608704
-1.4442959583507398,-33.21374444224675
0.16268039011447305,7.265070709056594
-1.4442959583507398,-2.0982517115565
-0.058578370644802334,11.675314765328476
-0.113624667977236,-1.9488866283982613
-0.7287260669656467,-4.078524786165337
0.3665757928180873,0.7847641990366732
0.05909883430361802,-27.259749061922307
-0.7287260669656467,-32.18312620050924
1.5822698280934888,18.48178911445189
-0.505048042284805,17.77974226352989
-0.00606422098292847,6.143586275435377
-1.4276687895233653,-12.9217227829755
-0.05252757009506306,31.641294797272423
-0.00606422098292847,26.931671492324774
0.5786464468577881,0.864766501985906
0.2006814916813869,-4.27374692175362
-0.09849685936731763,7.140872871365899
-0.30057689291677187,28.26539096477251
-1.2497736591103932,-14.138890062009661
-0.1118305206688687,3.010803771110808
-0.801053308863267,2.3456424366310573
-0.3151451186445354,3.010803771110808
0.18668415979289468,7.038437199521378
-0.26997640021527164,-27.259749061922307
-0.06565703993025851,-1.5881115983279661
-1.689401290665661,16.8762399221961
0.8958327942725657,4.781531668460141
0.4997419662193159,2.8499852625433655
-0.6941908539196296,-4.27374692175362
0.20188123959900697,34.66640998521532
-0.00606422098292847,42.74014106971756
0.44922296516495946,18.06735682480273
-0.3054210698026699,11.627289824075353
-0.3054210698026699,-14.92608016726255
1.394174000488054,0.04146826652060548
-0.23758498733152322,14.909803878090194
-0.0352084347935643,2.077521546435768
-0.33576938220124525,-7.616156830860184
-0.1118305206688687,-6.756081256335111
-0.1118305206688687,29.704337441723858
0.16159146195309612,-7.616156830860184
0.00999572619345961,0.7847641990366732
1.3997807965823006,-38.8446486552365
0.4242270604129871,2.3456424366310573
0.33049120169057705,-8.364184247992258
-0.15193756696726807,7.770689351416952
-0.14304889760529674,-32.18312620050924
-0.023658355110180922,17.77974226352989
-0.1529747467379292,17.77974226352989
-0.30057689291677187,-29.856487290051373
-0.2738920535334189,-4.0030311692097875
-0.06194194306377323,0.7847641990366732
-0.10825325223886004,-13.989261657391179
1.1127658037795611,-4.949681631400662
0.16159146195309612,-12.699829097706006
0.6011300846259356,-21.699206232645043
-0.636274644842378,34.458378268200114
-1.2497736591103932,-12.9217227829755
0.46640658963121295,17.77974226352989
-0.0352084347935643,-0.5361732542154023
0.047684826740882966,-2.2335130345263385
-0.17935181727408317,3.6844645149518556
-0.0352084347935643,-5.3619535347475376
-0.4198911017118402,-8.558438931875193
2.0755236001364437,11.25863723715804
0.047684826740882966,-12.9217227829755
-0.636274644842378,14.044821634337412
0.5786464468577881,31.641294797272423
-0.03861156615609694,-7.616156830860184
0.16997473040900107,-4.5569853151450985
-0.36332751780594286,2.1338652505476157
-0.058578370644802334,5.911317787528296
-0.00013670845530624475,-0.5361732542154023
-0.00013670845530624475,-39.1763748935869
0.44922296516495946,-7.616156830860184
-0.00606422098292847,-14.114341188560951
-0.14304889760529674,7.596740867050775
-0.17935181727408317,-4.27374692175362
-0.12588186608270502,0.04146826652060548
-0.009028874904964578,-4.0030311692097875
-0.17935181727408317,2.077521546435768
-1.4276687895233653,17.28183675774978
-0.2738920535334189,2.077521546435768
0.0916091018483673,-4.0030311692097875
-0.17935181727408317,-39.48264072720317
-0.1114831986007296,-4.5569853151450985
-0.1845534832672918,3.010803771110808
-0.672261773514369,14.004420132976355
-0.3054210698026699,34.66640998521532
-0.18590351632647606,-39.48264072720317
0.4997419662193159,31.641294797272423
-0.21376361882889733,-4.078524786165337
0.44922296516495946,-29.411046480398078
0.33049120169057705,19.915807279684387
1.5822698280934888,-38.8446486552365
0.34238876799479534,-47.17645554782859
-0.505048042284805,14.071100412859938
1.1127658037795611,-47.17645554782859
0.508558186780643,11.1052927428243
-0.03095869084443841,-10.276710497240433
-0.0352084347935643,3.010803771110808
-1.4276687895233653,13.122226931785953
-0.21735499260060465,11.627289824075353
0.26972067301564895,-4.5569853151450985
-0.505048042284805,-0.5361732542154023
2.0755236001364437,-4.27374692175362
-1.4442959583507398,-4.0030311692097875
2.0755236001364437,16.8762399221961
-0.15193756696726807,-4.078524786165337
-0.017168990736273714,35.727326701158034
0.043113239087593416,5.911317787528296
-0.16880052818434513,-13.360315882929202
-0.21376361882889733,-64.12884555227778
-1.1634612938655475,-14.807425866768156
0.44922296516495946,5.911317787528296
1.5822698280934888,-19.279405262215892
-0.43529365049160484,-4.5569853151450985
0.5786464468577881,13.73569103313465
0.29120460839181234,21.245403893104715
0.34238876799479534,0.04146826652060548
-0.058578370644802334,11.627289824075353
-0.9024675039485013,0.864766501985906
0.20188123959900697,-10.814404479470381
1.5572188396577433,-39.48264072720317
0.1918725988069705,0.864766501985906
-0.2033653306411805,-20.99715135852902
0.03258673623427275,18.10404076332848
-0.43529365049160484,7.38675613760892
0.27586775984203465,3.930661283315428
0.19769300947974253,12.102494748238584
-0.03095869084443841,22.526360517017405
-1.689401290665661,25.66939669000617
-0.8246288976755036,11.627289824075353
0.20188123959900697,0.864766501985906
0.20188123959900697,-7.616156830860184
0.08869433021277813,5.004397063638481
-0.2033653306411805,7.038437199521378
0.1918725988069705,-14.138890062009661
-0.5626984011075703,-3.2934762777459268
0.16268039011447305,16.137309005336682
0.06288897005254657,21.21099415724861
-0.08657770336893914,40.690505495633346
-0.21735499260060465,16.98247544783629
0.30057329476854466,-12.699829097706006
-0.3054210698026699,-47.17645554782859
-0.36332751780594286,16.8762399221961
0.16716157712011298,-14.761836885402682
0.1918725988069705,7.340366661926466
-0.6299094769965032,0.864766501985906
-0.17935181727408317,32.93493596372664
-0.636274644842378,17.77974226352989
0.9206659441209073,0.864766501985906
-1.689401290665661,17.77974226352989
-0.10462615523354754,-12.9217227829755
-0.36332751780594286,-27.15700683138211
-0.009028874904964578,-3.9950082705257763
0.8958327942725657,-10.814404479470381
0.2528020560677244,49.925647069350426
-0.0808639114232312,7.038437199521378
-0.30057689291677187,35.812396677192986
0.24600207104221977,-24.959993554285578
0.043113239087593416,-2.9800795243972953
0.290241718641295,7.038437199521378
-1.2497736591103932,-38.8446486552365
-0.3151451186445354,5.676239989432423
-0.1118305206688687,-18.44398679929323
-0.009028874904964578,-15.935206029103457
0.05864512242631372,-4.5569853151450985
0.05864512242631372,-10.032654483473237
0.043113239087593416,7.038437199521378
0.05864512242631372,18.48178911445189
-0.03861156615609694,14.280904842711205
-0.16880052818434513,-47.17645554782859
0.008010320845787419,14.044821634337412
-0.43529365049160484,-2.9614244565298433
0.34238876799479534,8.94794705401277
1.394174000488054,-20.99715135852902
-0.9869487568887413,-33.21374444224675
0.36435750103282766,-4.27374692175362
-0.2076377528588214,-18.44398679929323
-0.10825325223886004,-7.308931431818518
-1.2497736591103932,-21.925067375973722
1.5822698280934888,-8.558438931875193
0.05864512242631372,-2.9291310600555684
-0.7160738754535848,13.976408821605908
-0.1118305206688687,-21.699206232645043
1.5822698280934888,-10.276710497240433
-0.9024675039485013,21.245403893104715
1.041244599416565,-1.9488866283982613
-0.16880052818434513,-17.97391752245654
-0.7287260669656467,-18.538109028352324
0.16181664640404847,49.925647069350426
0.7398260597725317,-21.699206232645043
-0.0792748196307623,-27.15700683138211
-0.10825325223886004,42.74014106971756
-0.17935181727408317,36.622797333381634
-0.113624667977236,-10.276710497240433
-0.801053308863267,29.704337441723858
0.0010470528883741892,-15.935206029103457
-0.10825325223886004,5.911317787528296
-0.33576938220124525,9.20004271711571
0.29653774554932444,-4.27374692175362
0.688791828861265,-4.078524786165337
0.41530050538439856,-0.5361732542154023
-0.4198911017118402,-18.44398679929323
0.9206659441209073,35.727326701158034
-0.05252757009506306,13.122226931785953
0.9544380869215774,-33.21374444224675
-0.7160738754535848,-2.7029679554461388
1.7993968814994363,0.04146826652060548
-0.672261773514369,7.038437199521378
0.33457055631954125,-40.3877793567228
0.26972067301564895,-25.15343695062618
0.3505467633222156,-4.5569853151450985
-0.19466522561525249,-27.504862198609242
0.33457055631954125,-2.2335130345263385
0.0010470528883741892,-2.2335130345263385
-1.2497736591103932,-15.347575898405239
-0.6694664349971302,-0.0038359853624834496
-0.16880052818434513,-5.3619535347475376
0.511416933333918,7.038437199521378
-0.03861156615609694,34.66640998521532
-0.17935181727408317,-39.48264072720317
0.02132813869805661,18.10404076332848
-0.1118305206688687,12.080490209402095
-0.12588186608270502,-4.27374692175362
-0.2738920535334189,5.004397063638481
-0.10462615523354754,16.98247544783629
-0.33576938220124525,-1.9488866283982613
0.0797559173132516,0.04146826652060548
-0.06565703993025851,29.704337441723858
-1.2497736591103932,-10.207342532722286
-0.21735499260060465,-4.078524786165337
-0.009028874904964578,10.949350225159302
-0.16880052818434513,7.42035891896474
0.6526028477519574,8.94794705401277
-0.9024675039485013,-3.7731426931645045
0.18668415979289468,30.10403746147668
0.5786464468577881,-16.179880662916258
1.041244599416565,21.245403893104715
-0.00606422098292847,-7.616156830860184
-0.05252757009506306,7.038437199521378
-1.2497736591103932,-1.9488866283982613
-0.01631420073264045,-21.699206232645043
0.18668415979289468,15.355957543981352
-0.10825325223886004,3.010803771110808
-0.35243879767473646,13.73569103313465
-0.009028874904964578,2.077521546435768
-0.35243879767473646,40.690505495633346
0.05864512242631372,21.943429764248087
-0.023658355110180922,-14.92608016726255
2.2358660093761475,42.74014106971756
-0.34815899640505715,-4.0030311692097875
0.16997473040900107,-3.2934762777459268
-0.2738920535334189,-7.616156830860184
-0.03861156615609694,-2.0767928311559585
0.33457055631954125,-7.616156830860184
-0.00013670845530624475,-18.44398679929323
-0.0808639114232312,-18.44398679929323
0.688791828861265,-3.3960019819265512
0.6011300846259356,-10.276710497240433
-0.058578370644802334,-7.616156830860184
-0.6941908539196296,7.596740867050775
-0.10825325223886004,-13.7293368035301
-0.30057689291677187,-18.44398679929323
0.33457055631954125,-0.5361732542154023
0.16997473040900107,-2.2335130345263385
0.0010470528883741892,-24.959993554285578
-1.4442959583507398,13.73569103313465
1.5822698280934888,-9.956774156348473
-1.5034819450854005,31.57671909153448
0.00999572619345961,35.727326701158034
-0.037097603046434724,26.11635690996309
-0.17935181727408317,-25.500717827492917
0.688791828861265,17.77974226352989
-0.10825325223886004,-20.99715135852902
0.05864512242631372,-2.9614244565298433
-0.4198911017118402,-17.69873454515182
-1.0098968388748333,11.627289824075353
0.4997419662193159,7.340366661926466
-0.4198911017118402,12.080490209402095
-0.4198911017118402,-18.44398679929323
0.1918725988069705,-4.078524786165337
-0.21735499260060465,-15.935206029103457
0.36435750103282766,21.387570884234133
-0.7287260669656467,-14.138890062009661
-1.393529444639474,21.943429764248087
-0.06194194306377323,7.596740867050775
0.6011300846259356,-16.179880662916258
-0.4198911017118402,-21.699206232645043
-1.689401290665661,-14.138890062009661
-0.00606422098292847,-4.078524786165337
-0.03095869084443841,-8.558438931875193
-0.0352084347935643,17.77974226352989
-0.2033653306411805,-4.27374692175362
0.2528020560677244,7.38675613760892
0.5786464468577881,-12.9217227829755
-0.024598674677790366,5.911317787528296
1.041244599416565,-47.17645554782859
0.27586775984203465,-7.616156830860184
-0.7287260669656467,31.57671909153448
1.1127658037795611,-4.27374692175362
-0.058578370644802334,-8.558438931875193
0.16268039011447305,-4.5569853151450985
-0.3151451186445354,-9.956774156348473
0.00999572619345961,-4.340986430734897
-0.21376361882889733,-2.2335130345263385
0.18668415979289468,-24.75912696901911
-0.13552797458412166,7.596740867050775
2.5065347857651172,-0.0038359853624834496
-0.505048042284805,42.74014106971756
0.05864512242631372,15.355957543981352
-0.30057689291677187,-15.935206029103457
-0.15193756696726807,-33.21374444224675
0.5786464468577881,-24.959993554285578
0.0007110155177981082,13.987238754500622
-0.7050481787525923,34.458378268200114
0.30824932449865255,-4.0030311692097875
-0.03095869084443841,-16.04309329983733
-0.7160738754535848,16.137309005336682
-0.00606422098292847,-4.5569853151450985
-0.03095869084443841,14.280904842711205
0.11090382931134693,-24.959993554285578
-0.0352084347935643,-32.5199083846189
0.16051745893966754,-8.335252925287833
0.2434758227448847,7.596740867050775
2.0755236001364437,-39.48264072720317
0.05864512242631372,-12.699829097706006
-0.0352084347935643,56.59659836344661
0.26972067301564895,-1.0630246735620064
0.9206659441209073,-1.9488866283982613
-1.4442959583507398,3.010803771110808
-1.2497736591103932,21.245403893104715
1.5822698280934888,-3.526894058084416
0.043113239087593416,25.020376398596255
-1.0098968388748333,-39.48264072720317
0.1918725988069705,-18.44398679929323
-0.672261773514369,-5.059436089640311
-0.5365632179043522,-27.259749061922307
-0.05252757009506306,-8.558438931875193
0.1918725988069705,7.265070709056594
0.44922296516495946,7.265070709056594
0.5786464468577881,-10.032654483473237
-0.058578370644802334,-0.5361732542154023
1.7274817463526346,-2.7029679554461388
-0.4198911017118402,18.48178911445189
0.1918725988069705,-9.956774156348473
-0.2033653306411805,-27.15700683138211
0.2528020560677244,-40.19327155395332
-0.009028874904964578,10.438571144155382
-1.4442959583507398,-20.14133706288764
-1.2497736591103932,21.245403893104715
-0.15193756696726807,12.102494748238584
-0.6694664349971302,-2.7029679554461388
0.20188123959900697,18.10404076332848
-0.017168990736273714,0.04146826652060548
0.17133069084377722,-10.276710497240433
0.1918725988069705,-5.3619535347475376
-1.2497736591103932,49.925647069350426
-0.04555074380058599,16.36942024967121
0.20188123959900697,-4.078524786165337
0.8958327942725657,-7.308931431818518
1.2553987807724112,-10.814404479470381
-0.058578370644802334,-15.935206029103457
0.0916091018483673,-47.17645554782859
1.0742461550524685,-3.526894058084416
-1.2497736591103932,15.093593964234987
1.5822698280934888,49.925647069350426
-0.024598674677790366,-39.05484876941181
0.532244698972776,-0.5361732542154023
-0.33576938220124525,-24.959993554285578
1.0742461550524685,0.864766501985906
0.36435750103282766,7.140872871365899
0.18668415979289468,-16.179880662916258
-0.3151451186445354,78.70298308265971
-0.0352084347935643,16.137309005336682
0.13071120725620614,-4.340986430734897
-0.05252757009506306,0.864766501985906
0.688791828861265,-38.8446486552365
0.047684826740882966,21.245403893104715
-0.7050481787525923,-32.31398079172564
0.6011300846259356,15.719889307234046
-0.113624667977236,13.122226931785953
-0.3151451186445354,7.038437199521378
0.17133069084377722,5.004397063638481
0.4242270604129871,7.596740867050775
-0.16880052818434513,-14.138890062009661
-0.00606422098292847,17.28183675774978
1.5822698280934888,34.66640998521532
-0.03095869084443841,7.038437199521378
-0.0673472244820494,-4.949681631400662
0.047684826740882966,-10.276710497240433
0.2528020560677244,14.004420132976355
0.17133069084377722,-1.9488866283982613
-1.2497736591103932,-8.558438931875193
1.1127658037795611,-15.784946091776693
-0.017168990736273714,16.137309005336682
0.2434758227448847,5.911317787528296
0.1589884271769304,-14.761836885402682
-0.34167038395473925,-4.5569853151450985
2.2358660093761475,-10.276710497240433
0.3800454743780971,-2.9800795243972953
0.19769300947974253,-1.43261949820052
-0.17935181727408317,-9.956774156348473
-0.2782101086628936,-19.60800199927033
-0.7050481787525923,-27.504862198609242
0.05864512242631372,2.1338652505476157
-0.21735499260060465,18.06735682480273
-0.03861156615609694,-10.035404744287794
0.3505467633222156,23.372825929697136
0.16159146195309612,17.77974226352989
-0.1118305206688687,-24.959993554285578
-0.7050481787525923,-10.081603544848427
-0.12588186608270502,-2.2335130345263385
-0.2738920535334189,42.74014106971756
0.043113239087593416,-4.078524786165337
-0.03861156615609694,-10.276710497240433
-0.08657770336893914,7.265070709056594
-0.058578370644802334,-6.6612816997610516
-0.05252757009506306,-2.2335130345263385
-0.03861156615609694,-16.25322274257984
-0.1118305206688687,-8.558438931875193
0.3505467633222156,7.265070709056594
0.00999572619345961,-8.558438931875193
-1.5464783585181123,7.265070709056594
-0.05252757009506306,-4.27374692175362
-0.2076377528588214,-4.5569853151450985
0.1586219282642693,-12.699829097706006
0.4997419662193159,-2.2335130345263385
0.33049120169057705,-4.0030311692097875
-0.43529365049160484,15.355957543981352
-0.00013670845530624475,7.596740867050775
-0.01631420073264045,7.265070709056594
-0.0352084347935643,21.245403893104715
-0.0792748196307623,14.280904842711205
0.20188123959900697,12.080490209402095
-0.43529365049160484,13.987238754500622
-1.1722824620921233,-7.616156830860184
0.17133069084377722,-2.7029679554461388
-0.2738920535334189,-4.846002185727043
-0.08657770336893914,-25.344122145253287
1.041244599416565,-2.7029679554461388
-0.40904271775737755,14.280904842711205
0.5576777925041181,7.265070709056594
-0.05252757009506306,2.8499852625433655
-0.2782101086628936,14.044821634337412
1.8449462246318096,-14.138890062009661
0.16159146195309612,-20.99715135852902
-0.21376361882889733,29.973871336493364
0.3505467633222156,-23.69499838117953
-0.0764545697770406,15.719889307234046
0.00999572619345961,-2.9291310600555684
-0.08657770336893914,5.911317787528296
-0.34608910240259316,31.641294797272423
0.44922296516495946,-39.48264072720317
0.2521351458422851,-15.347575898405239
-0.17935181727408317,2.1338652505476157
0.00999572619345961,-8.558438931875193
-1.5034819450854005,-18.44398679929323
0.5101920150542831,5.911317787528296
-0.21376361882889733,3.010803771110808
-0.12588186608270502,18.10404076332848
0.688791828861265,166.76254514455465
-0.2741974333344227,15.093593964234987
0.2006814916813869,-14.761836885402682
-0.904254043280354,-11.3721980247369
0.05909883430361802,20.943839012767775
0.3505467633222156,-0.0038359853624834496
0.05864512242631372,7.78094809608704
2.2358660093761475,17.77974226352989
0.14193829180449308,0.864766501985906
-0.03861156615609694,0.04146826652060548
-0.15193756696726807,-10.276710497240433
0.16997473040900107,16.98247544783629
0.2898819605452614,13.73569103313465
-0.05252757009506306,16.137309005336682
1.3402699205612447,-4.27374692175362
0.20188123959900697,2.3456424366310573
0.16159146195309612,14.044821634337412
-0.16880052818434513,-4.0030311692097875
1.7993968814994363,35.727326701158034
-0.19723665039468066,17.28183675774978
-0.00606422098292847,-1.9488866283982613
-0.017168990736273714,7.038437199521378
-0.009028874904964578,-8.558438931875193
-0.0808639114232312,-25.246355178563757
0.26972067301564895,29.973871336493364
0.4242270604129871,-12.699829097706006
-0.4198911017118402,-10.32835572313355
-1.2497736591103932,29.973871336493364
-0.03095869084443841,-8.47556500141717
5.68491992367111,-4.5569853151450985
0.1918725988069705,40.690505495633346
0.16159146195309612,5.004397063638481
-0.03095869084443841,18.10404076332848
0.3943868690328035,10.702260964686408
-0.801053308863267,-1.9488866283982613
0.16181664640404847,11.627289824075353
0.4242270604129871,-12.9217227829755
-0.0792748196307623,-23.69499838117953
-0.030646184935596434,15.093593964234987
-0.14304889760529674,-39.48264072720317
-0.024598674677790366,-39.48264072720317
0.1918725988069705,-5.3619535347475376
-4.641982688069007,-8.558438931875193
-1.2497736591103932,35.727326701158034
0.00999572619345961,21.245403893104715
-0.2738920535334189,13.122226931785953
-0.21191448486425904,7.265070709056594
-0.0352084347935643,2.077521546435768
0.04834673790542032,-6.4114126171107975
0.32482562098165857,-4.078524786165337
-0.2738920535334189,-1.9488866283982613
0.6011300846259356,15.093593964234987
0.511416933333918,1.6473613643481597
0.09457556784870232,7.038437199521378
-0.4198911017118402,7.596740867050775
-0.0352084347935643,31.641294797272423
-0.801053308863267,16.137309005336682
1.5822698280934888,21.048128097900637
-0.36332751780594286,-10.276710497240433
0.6011300846259356,-16.25322274257984
0.00999572619345961,11.627289824075353
-0.11211130213329021,15.355957543981352
-0.7287260669656467,19.86333807164408
0.05864512242631372,22.526360517017405
-0.058578370644802334,-2.7029679554461388
-0.43529365049160484,0.864766501985906
-0.7160738754535848,-4.949681631400662
-0.009028874904964578,25.66939669000617
-0.4198911017118402,35.727326701158034
-0.17935181727408317,35.727326701158034
1.7274817463526346,-1.9488866283982613
0.2528020560677244,-23.69499838117953
0.30057329476854466,-4.5569853151450985
1.5822698280934888,21.21099415724861
-0.30057689291677187,-15.935206029103457
0.8958327942725657,2.077521546435768
-0.7160738754535848,11.627289824075353
0.2006814916813869,-12.9217227829755
-0.16880052818434513,21.387570884234133
0.4997419662193159,-39.48264072720317
0.8958327942725657,-0.5361732542154023
0.00999572619345961,-4.27374692175362
-0.058578370644802334,-5.568099291779881
-0.08657770336893914,-39.48264072720317
1.1127658037795611,7.038437199521378
0.5786464468577881,18.10404076332848
0.6011300846259356,-0.5361732542154023
0.19769300947974253,-12.699829097706006
-1.4442959583507398,-20.99715135852902
-0.0352084347935643,-14.138890062009661
1.041244599416565,-6.479229712029983
-0.7050481787525923,-40.3877793567228
-0.0792748196307623,-1.9488866283982613
0.8958327942725657,32.96094067614628
-0.16880052818434513,11.627289824075353
0.36435750103282766,54.8947718800322
-0.16333932667981615,-8.558438931875193
-0.03861156615609694,16.8762399221961
-0.3054210698026699,0.7801741743172745
0.6097296047041605,-4.5569853151450985
1.0742461550524685,166.76254514455465
0.16997473040900107,3.6844645149518556
0.688791828861265,44.44184669975891
-0.0792748196307623,7.596740867050775
2.5065347857651172,15.355957543981352
0.46640658963121295,142.47851188950472
0.30057329476854466,18.06735682480273
-0.801053308863267,-12.699829097706006
0.8958327942725657,16.137309005336682
0.46640658963121295,-3.9671451152817934
-0.10825325223886004,-4.078524786165337
-0.009028874904964578,-25.50918068073222
-0.7287260669656467,5.004397063638481
-0.14304889760529674,-14.92608016726255
-0.0578213917780388,-27.259749061922307
-0.06218863734826252,-7.616156830860184
0.3505467633222156,-3.526894058084416
0.689246666015755,-1.9488866283982613
-0.03861156615609694,-4.0030311692097875
-0.34608910240259316,-2.9800795243972953
0.8958327942725657,18.41275292458747
-0.3866153392160762,20.31032155601569
0.16159146195309612,-4.27374692175362
0.007990116497257959,-6.6612816997610516
-0.05252757009506306,-7.719198499706887
-0.3641364936922235,11.627289824075353
0.16181664640404847,2.1338652505476157
1.041244599416565,5.911317787528296
-0.2033653306411805,-2.0982517115565
1.2553987807724112,14.044821634337412
0.00999572619345961,17.77974226352989
0.2528020560677244,-14.761836885402682
0.007968033397800145,-15.935206029103457
-0.34167038395473925,-20.14133706288764
-0.7160738754535848,17.28183675774978
-1.2497736591103932,-4.0030311692097875
-1.2497736591103932,11.25863723715804
-0.03095869084443841,36.622797333381634
-0.10462615523354754,-27.259749061922307
0.27586775984203465,14.280904842711205
-0.05252757009506306,-1.9488866283982613
-0.00606422098292847,-16.973394138905665
-0.4198911017118402,8.171102781843985
0.2786039531662106,35.727326701158034
-0.13552797458412166,-40.19327155395332
0.3505467633222156,-2.0982517115565
0.20188123959900697,5.911317787528296
0.17133069084377722,-3.526894058084416
-1.5034819450854005,21.943429764248087
0.4266084430863691,18.10404076332848
0.16181664640404847,17.28183675774978
0.16159146195309612,-12.699829097706006
0.46640658963121295,7.038437199521378
-0.21766434981102795,-10.814404479470381
0.1586219282642693,-27.259749061922307
1.5822698280934888,-32.31398079172564
0.44922296516495946,101.23534029866036
1.041244599416565,-20.99715135852902
0.00999572619345961,-40.3877793567228
-0.7287260669656467,7.265070709056594
0.1918725988069705,-1.9488866283982613
0.44922296516495946,8.94794705401277
-0.16880052818434513,-32.18312620050924
-0.017168990736273714,-1.9488866283982613
-0.16880052818434513,-21.699206232645043
-0.3054210698026699,35.727326701158034
0.5786464468577881,-40.19327155395332
0.2006814916813869,7.038437199521378
0.03708543951820231,-27.504862198609242
0.44922296516495946,-14.138890062009661
-0.19466522561525249,-14.138890062009661
0.19769300947974253,18.10404076332848
1.2553987807724112,-2.1385247169656862
0.4242270604129871,-12.9217227829755
0.2341443478001918,14.280904842711205
0.5786464468577881,-33.21374444224675
-0.10825325223886004,7.038437199521378
-0.08657770336893914,-25.33944624670226
-1.6778178025694679,14.004420132976355
0.20188123959900697,14.280904842711205
0.5786464468577881,-12.9217227829755
-0.03861156615609694,28.26539096477251
0.6735839854136264,13.73569103313465
0.44922296516495946,-4.078524786165337
0.3505467633222156,-12.699829097706006
-0.0792748196307623,-12.9217227829755
0.38403387494372687,11.627289824075353
0.16181664640404847,-12.9217227829755
1.394174000488054,-19.279405262215892
-0.3866153392160762,-29.856487290051373
0.3906688513397044,-2.1385247169656862
-0.0352084347935643,15.719889307234046
-0.18590351632647606,-4.27374692175362
-1.393529444639474,16.98247544783629
1.041244599416565,35.727326701158034
-1.2497736591103932,-38.8446486552365
0.5786464468577881,0.864766501985906
-0.058578370644802334,0.04146826652060548
0.701364549953977,17.77974226352989
-0.113624667977236,-2.2335130345263385
0.1918725988069705,21.245403893104715
-0.0792748196307623,162.90653740739342
-0.10825325223886004,14.071100412859938
0.1862811975921174,-27.504862198609242
0.36435750103282766,10.634935252357327
-0.4198911017118402,21.245403893104715
-0.7050550900595922,-10.081603544848427
-0.2033653306411805,5.911317787528296
-0.36332751780594286,35.727326701158034
-0.19466522561525249,-10.276710497240433
1.041244599416565,-2.2335130345263385
0.8958327942725657,-2.7029679554461388
0.16181664640404847,-10.276710497240433
0.8958327942725657,-4.0030311692097875
-0.1567945449410138,-4.516151465019735
-0.70474673753089,-15.935206029103457
-0.0792748196307623,42.74014106971756
0.6011300846259356,0.04146826652060548
-1.4442959583507398,-38.8446486552365
0.6011300846259356,5.39666366246006
-0.017168990736273714,49.925647069350426
0.33457055631954125,13.73569103313465
0.00999572619345961,-10.276710497240433
-0.7050481787525923,13.122226931785953
0.3228247438500903,-18.44398679929323
-0.4198911017118402,19.31827048195189
1.2506582497678416,17.28183675774978
0.0010470528883741892,11.627289824075353
0.17887008538654098,14.280904842711205
-1.5034819450854005,13.987238754500622
-0.4198911017118402,44.44184669975891
0.44922296516495946,-1.0630246735620064
-0.9024675039485013,22.497428542256994
-1.2497736591103932,-14.138890062009661
-0.7050481787525923,17.28183675774978
-0.3151451186445354,21.245403893104715
0.34238876799479534,-10.081603544848427
0.1918725988069705,5.911317787528296
0.38403387494372687,10.874657446200438
0.3505467633222156,-6.072911394740857
-0.801053308863267,16.137309005336682
-0.19466522561525249,16.137309005336682
1.041244599416565,162.90653740739342
0.028096139822852573,-18.44398679929323
0.2434758227448847,-0.5573310054388902
1.5822698280934888,-2.1385247169656862
1.041244599416565,-25.15343695062618
1.041244599416565,19.915807279684387
-0.05252757009506306,7.265070709056594
0.029992153168686732,-10.814404479470381
-0.801053308863267,-11.3721980247369
-1.2497736591103932,-20.99715135852902
0.01708766172106726,17.28183675774978
-0.2033653306411805,-27.504862198609242
-0.09849685936731763,0.864766501985906
-0.19466522561525249,22.549677118574028
-0.009028874904964578,-0.5361732542154023
1.041244599416565,15.719889307234046
-0.2033653306411805,9.745063193530196
-0.7160738754535848,11.627289824075353
1.394174000488054,-6.6612816997610516
0.16997473040900107,-14.138890062009661
-0.0764545697770406,25.148547317028253
0.0010470528883741892,-2.2335130345263385
-0.672261773514369,-27.504862198609242
-0.113624667977236,-39.48264072720317
-1.2497736591103932,0.7801741743172745
-0.36332751780594286,-24.959993554285578
-0.009028874904964578,11.675314765328476
-0.7160738754535848,-3.526894058084416
-0.1118305206688687,-6.870466107188114
0.1507721993692753,-39.48264072720317
0.5786464468577881,-7.616156830860184
-0.2033653306411805,-4.0030311692097875
-0.0792748196307623,18.10404076332848
-0.16880052818434513,-1.9488866283982613
-0.16880052818434513,-12.699829097706006
1.5055984623564311,14.044821634337412
-0.0352084347935643,-38.8446486552365
0.4242270604129871,-3.526894058084416
-0.36332751780594286,-39.1763748935869
-0.017168990736273714,13.122226931785953
-0.009028874904964578,-4.078524786165337
0.16181664640404847,-39.48264072720317
0.19769300947974253,-39.48264072720317
-0.058578370644802334,5.911317787528296
-0.2738920535334189,21.245403893104715
1.2358599040804323,-2.7029679554461388
-0.0764545697770406,31.138589891912048
-0.43529365049160484,-24.959993554285578
0.043113239087593416,5.911317787528296
-0.24481175478387227,-12.9217227829755
0.39926502701555744,-15.935206029103457
0.20188123959900697,18.10404076332848
0.16051745893966754,-0.0038359853624834496
-1.4442959583507398,44.44184669975891
-0.03861156615609694,-27.504862198609242
0.04778851635149166,-6.6612816997610516
0.3505467633222156,-27.504862198609242
-0.10825325223886004,29.704337441723858
1.0742461550524685,18.48178911445189
-0.03095869084443841,36.622797333381634
-0.7050481787525923,-4.051877673123212
-0.0352084347935643,-1.9488866283982613
0.4997419662193159,-10.884568947883732
-0.2941137015527696,-14.138890062009661
-0.1118305206688687,0.04146826652060548
1.5822698280934888,-19.279405262215892
-0.7287260669656467,-4.27374692175362
-0.10825325223886004,49.925647069350426
-0.0352084347935643,35.727326701158034
-0.006523841714639112,15.093593964234987
0.047684826740882966,-25.33944624670226
0.20188123959900697,18.48178911445189
-0.058578370644802334,-4.0030311692097875
-1.2497736591103932,7.265070709056594
-0.10825325223886004,-8.558438931875193
-1.4442959583507398,-2.0982517115565
-0.00013670845530624475,-4.5569853151450985
0.6011300846259356,-39.48264072720317
-0.7160738754535848,-14.92608016726255
-0.05252757009506306,18.10404076332848
0.8958327942725657,18.48178911445189
0.44922296516495946,-29.856487290051373
0.32482562098165857,7.596740867050775
0.2528020560677244,18.06735682480273
-1.689401290665661,-1.9488866283982613
-0.0352084347935643,20.943839012767775
0.688791828861265,13.976408821605908
0.29653774554932444,-2.9614244565298433
-0.10462615523354754,14.071100412859938
0.05864512242631372,21.21099415724861
0.16181664640404847,15.093593964234987
0.5786464468577881,0.864766501985906
0.047684826740882966,7.038437199521378
0.5786464468577881,35.727326701158034
0.32482562098165857,-3.526894058084416
2.5065347857651172,-2.2335130345263385
-0.10825325223886004,-14.138890062009661
0.0010470528883741892,35.727326701158034
0.16268039011447305,-4.5569853151450985
-1.5034819450854005,-4.949681631400662
0.043113239087593416,337.79091355894997
-0.009028874904964578,-14.138890062009661
-0.16880052818434513,0.7847641990366732
0.16181664640404847,-8.558438931875193
0.2923227890647856,0.04146826652060548
0.1918725988069705,-40.3877793567228
0.8958327942725657,-24.959993554285578
-0.01631420073264045,11.627289824075353
0.26972067301564895,14.909803878090194
-0.3054210698026699,44.743497401818274
0.18668415979289468,-12.9217227829755
-0.4198911017118402,7.265070709056594
0.3906688513397044,337.79091355894997
0.4242270604129871,15.093593964234987
-0.4198911017118402,21.245403893104715
1.041244599416565,-3.3960019819265512
-0.00606422098292847,0.04146826652060548
0.8958327942725657,-12.699829097706006
0.5786464468577881,20.943839012767775
-0.0969281402019457,-4.27374692175362
0.31021410415629347,-7.308931431818518
0.6097296047041605,-2.2335130345263385
5.4090943948656385,-2.9291310600555684
-0.18590351632647606,7.64174099114888
0.38403387494372687,-1.9459217090021586
-0.058578370644802334,35.727326701158034
-0.801053308863267,-18.44398679929323
-0.16880052818434513,-2.7029679554461388
-0.36332751780594286,18.10404076332848
0.29653774554932444,-8.558438931875193
0.043113239087593416,12.080490209402095
-0.36332751780594286,-2.9291310600555684
0.16159146195309612,-17.96488556547557
-0.35281270793989095,18.10404076332848
0.05909883430361802,18.48178911445189
-0.10825325223886004,-1.9488866283982613
0.3505467633222156,-1.0630246735620064
-0.00606422098292847,-2.7029679554461388
0.44922296516495946,-27.504862198609242
-0.10462615523354754,13.73569103313465
-0.05252757009506306,2.077521546435768
-0.17935181727408317,-1.816396467890097
0.20188123959900697,-4.27374692175362
1.041244599416565,-2.9800795243972953
-0.7938159071133528,-4.27374692175362
0.11090382931134693,-5.3619535347475376
0.010798211727321849,2.8499852625433655
0.508558186780643,9.20004271711571
-0.009028874904964578,14.044821634337412
0.16268039011447305,35.727326701158034
-0.1435785576040279,-4.27374692175362
0.16181664640404847,31.641294797272423
0.44922296516495946,31.641294797272423
-0.43529365049160484,-38.8446486552365
0.19288933208800815,-4.078524786165337
-0.4669169529303681,0.864766501985906
0.36435750103282766,2.256461576867558
0.00999572619345961,15.093593964234987
0.16159146195309612,18.10404076332848
-0.05252757009506306,34.458378268200114
-0.00606422098292847,25.022911528364634
-0.3151451186445354,7.038437199521378
0.44922296516495946,5.911317787528296
-0.19466522561525249,-38.8446486552365
0.16051745893966754,-18.44398679929323
0.20188123959900697,-20.14133706288764
-0.15193756696726807,-14.138890062009661
-0.43529365049160484,14.004420132976355
-0.36332751780594286,-14.114341188560951
-0.40587280791599634,-0.0038359853624834496
-0.009028874904964578,18.10404076332848
-0.10825325223886004,-15.935206029103457
-0.36332751780594286,-5.3619535347475376
0.688791828861265,15.093593964234987
-0.1845534832672918,31.641294797272423
-4.641982688069007,-1.9488866283982613
-0.11235626442082039,-4.27374692175362
-0.1845534832672918,44.743497401818274
-0.05613709104258011,-10.035404744287794
-0.2033653306411805,14.044821634337412
-0.10825325223886004,-5.3619535347475376
0.0540268970479552,-2.9614244565298433
-0.801053308863267,20.943839012767775
-0.801053308863267,11.627289824075353
-0.18590351632647606,17.77974226352989
-0.0352084347935643,18.10404076332848
0.00999572619345961,-0.8843744842369765
-0.14258406777394997,-2.0767928311559585
-1.4442959583507398,14.280904842711205
0.6735839854136264,18.10404076332848
-0.16880052818434513,31.641294797272423
-0.00013670845530624475,18.48178911445189
-0.672261773514369,20.943839012767775
-0.40587280791599634,-8.558438931875193
0.19769300947974253,7.038437199521378
-0.2033653306411805,-4.27374692175362
0.16181664640404847,35.727326701158034
0.00999572619345961,-1.9488866283982613
0.00999572619345961,-4.5569853151450985
0.8958327942725657,-33.21374444224675
-0.009028874904964578,-10.035404744287794
0.9206659441209073,7.265070709056594
0.16051745893966754,19.31827048195189
0.32482562098165857,-38.8446486552365
-0.009028874904964578,31.641294797272423
0.16997473040900107,7.265070709056594
0.8958327942725657,7.038437199521378
0.13852174265787634,20.943839012767775
0.2028095494411093,-13.840528630824332
-0.2741974333344227,-0.5361732542154023
-0.7287260669656467,-8.558438931875193
1.394174000488054,18.10404076332848
-0.3054210698026699,13.122226931785953
-0.113624667977236,7.596740867050775
-0.05252757009506306,-1.9488866283982613
0.44922296516495946,7.038437199521378
-0.15193756696726807,-52.37795764006779
-0.36332751780594286,-27.504862198609242
-0.03861156615609694,337.79091355894997
0.44922296516495946,17.77974226352989
-1.2497736591103932,7.038437199521378
0.010798211727321849,-15.935206029103457
0.2434758227448847,-4.516151465019735
-0.009028874904964578,-18.44398679929323
0.6011300846259356,-36.94575770724904
-0.058578370644802334,0.7847641990366732
0.2528020560677244,17.77974226352989
-0.33024755429270924,5.004397063638481
-0.4198911017118402,-14.138890062009661
0.16997473040900107,22.454344845033457
-0.03861156615609694,49.925647069350426
0.043113239087593416,-4.27374692175362
0.16181664640404847,-57.74051646520421
-0.16880052818434513,16.8762399221961
-0.00606422098292847,-52.37795764006779
0.4997419662193159,-14.807425866768156
-0.7050481787525923,20.943839012767775
0.05864512242631372,-21.925067375973722
0.44922296516495946,7.265070709056594
-1.4442959583507398,-5.568099291779881
0.272507160170109,-26.896748735579198
-0.26997640021527164,-10.814404479470381
-0.1114831986007296,7.64174099114888
-2.065249419239362,0.864766501985906
-0.10825325223886004,-14.138890062009661
0.46640658963121295,-23.69499838117953
-0.7287260669656467,-24.959993554285578
1.041244599416565,-4.949681631400662
-0.03861156615609694,-2.9614244565298433
-0.00606422098292847,-1.6881085035055867
-0.16880052818434513,-3.3960019819265512
1.0742461550524685,-8.558438931875193
-0.2738920535334189,-27.504862198609242
0.36435750103282766,-3.526894058084416
0.00999572619345961,-18.44398679929323
-0.11235626442082039,-4.949681631400662
0.2006814916813869,-2.2335130345263385
0.3906688513397044,15.093593964234987
0.6011300846259356,14.044821634337412
-0.801053308863267,-4.27374692175362
-1.4442959583507398,-21.699206232645043
-0.17935181727408317,-14.114341188560951
-0.1118305206688687,14.280904842711205
-0.17935181727408317,-0.5361732542154023
-0.2915464995984715,35.727326701158034
-0.16880052818434513,-21.568249383018745
0.31021410415629347,-10.119080267352768
-0.08657770336893914,0.7847641990366732
0.13071120725620614,31.641294797272423
0.047684826740882966,-29.856487290051373
0.42628203894762057,-18.44398679929323
0.1918725988069705,-2.1385247169656862
0.44922296516495946,14.280904842711205
0.04778851635149166,7.265070709056594
-1.1793887582032776,14.280904842711205
-0.0792748196307623,-1.6881085035055867
-0.16880052818434513,-3.3960019819265512
-0.23758498733152322,0.864766501985906
0.18668415979289468,-1.9488866283982613
0.44922296516495946,-0.5361732542154023
0.3614545749440984,-29.53902122319777
-0.13552797458412166,-18.538109028352324
-0.024598674677790366,-15.935206029103457
-0.15234167536798235,-4.27374692175362
-0.0792748196307623,-2.9614244565298433
-0.03095869084443841,21.21099415724861
2.012551393286114,35.727326701158034
-0.7287260669656467,-15.935206029103457
-0.05252757009506306,-18.44398679929323
1.041244599416565,-4.5569853151450985
0.0916091018483673,21.245403893104715
-0.08657770336893914,-4.078524786165337
0.34238876799479534,2.077521546435768
1.7274817463526346,13.122226931785953
0.34238876799479534,21.245403893104715
0.8958327942725657,7.596740867050775
0.05864512242631372,31.57671909153448
-0.14304889760529674,-4.078524786165337
-0.4198911017118402,-7.616156830860184
1.172089607772758,-27.504862198609242
-0.2741974333344227,-1.6881085035055867
0.3906688513397044,-7.616156830860184
0.1586219282642693,10.438571144155382
-0.05252757009506306,7.038437199521378
-0.12894786135221284,-2.7029679554461388
-1.4442959583507398,13.73569103313465
0.8958327942725657,-2.2335130345263385
0.05864512242631372,-1.0630246735620064
0.3505467633222156,7.265070709056594
0.1918725988069705,18.10404076332848
0.688791828861265,18.10404076332848
-0.6299094769965032,-39.48264072720317
0.20188123959900697,14.280904842711205
0.24091768007056805,18.06735682480273
-0.009028874904964578,19.31827048195189
-0.2741974333344227,-20.941459572636077
-0.0352084347935643,-2.9800795243972953
-1.4442959583507398,18.10404076332848
0.2786039531662106,-6.6612816997610516
1.9525911882714773,-39.48264072720317
0.532244698972776,31.641294797272423
-0.00606422098292847,-0.0038359853624834496
0.26972067301564895,-72.19781680261991
-0.1118305206688687,-5.3619535347475376
-0.10825325223886004,-15.935206029103457
-0.058578370644802334,-18.44398679929323
0.36435750103282766,13.064261480023923
-0.08867063383433955,-12.9217227829755
0.16051745893966754,-18.44398679929323
0.3906688513397044,0.04146826652060548
1.041244599416565,78.70298308265971
0.2341443478001918,8.799725091799269
0.0402605423540356,17.28183675774978
0.4242270604129871,11.627289824075353
-0.058578370644802334,-20.99715135852902
-0.009028874904964578,-6.870466107188114
0.5786464468577881,-6.6612816997610516
-0.9024675039485013,20.31032155601569
0.47654322778642794,2.8499852625433655
0.36435750103282766,-14.138890062009661
1.5822698280934888,-1.9488866283982613
-0.16880052818434513,-14.138890062009661
0.1507721993692753,35.727326701158034
0.688791828861265,14.044821634337412
-1.4442959583507398,7.265070709056594
0.44922296516495946,21.245403893104715
0.4242270604129871,6.375386923193691
0.18668415979289468,-25.412180632315827
0.0916091018483673,16.137309005336682
1.3997807965823006,7.265070709056594
-0.058578370644802334,7.596740867050775
-0.058578370644802334,7.596740867050775
-0.0792748196307623,18.694892084583277
0.0010470528883741892,-2.7029679554461388
0.24600207104221977,7.596740867050775
-0.0352084347935643,-2.2335130345263385
-0.0352084347935643,-7.616156830860184
-0.2941137015527696,7.596740867050775
0.047684826740882966,-8.558438931875193
-0.21735499260060465,5.911317787528296
0.16181664640404847,-14.761836885402682
1.7274817463526346,-3.526894058084416
-0.03095869084443841,11.627289824075353
-0.36332751780594286,11.627289824075353
2.0755236001364437,17.77974226352989
-0.058578370644802334,21.245403893104715
-0.00013670845530624475,-27.259749061922307
0.6011300846259356,-12.699829097706006
0.2528020560677244,-8.558438931875193
-0.01631420073264045,-3.526894058084416
0.5786464468577881,21.245403893104715
-0.19466522561525249,-38.8446486552365
-0.3054210698026699,-39.48264072720317
0.18668415979289468,31.641294797272423
-0.058578370644802334,-0.5361732542154023
0.02132813869805661,13.73569103313465
0.34238876799479534,7.038437199521378
-0.009028874904964578,-7.308931431818518
1.1127658037795611,-4.27374692175362
-0.36332751780594286,-29.856487290051373
0.4997419662193159,7.38675613760892
0.38403387494372687,-29.856487290051373
-0.43529365049160484,42.74014106971756
0.047684826740882966,-18.44398679929323
0.37149901830778975,49.925647069350426
-0.04555074380058599,29.995661536328267
-0.00606422098292847,7.596740867050775
0.33457055631954125,-16.179880662916258
0.5786464468577881,5.911317787528296
-0.058578370644802334,-2.9291310600555684
0.4756248784722886,21.245403893104715
0.4242270604129871,-7.616156830860184
-0.43529365049160484,-0.5361732542154023
0.1918725988069705,22.526360517017405
0.44922296516495946,-20.99715135852902
0.4756248784722886,2.077521546435768
-0.03861156615609694,-24.959993554285578
-0.21735499260060465,22.526360517017405
-0.3151451186445354,-10.814404479470381
0.5786464468577881,31.641294797272423
-0.10825325223886004,42.74014106971756
0.39926502701555744,15.66197399815461
0.16159146195309612,44.44184669975891
-0.21735499260060465,18.10404076332848
-0.03861156615609694,0.7847641990366732
0.41530050538439856,40.690505495633346
0.6011300846259356,-6.870466107188114
-0.0969281402019457,-8.558438931875193
0.36435750103282766,-4.5569853151450985
-0.9024675039485013,5.911317787528296
0.00999572619345961,0.864766501985906
-0.4198911017118402,11.1052927428243
1.5706936489161796,7.38675613760892
0.2341443478001918,-8.558438931875193
-0.08771594774860603,7.596740867050775
1.5572188396577433,-9.150666438419684
-0.6299094769965032,23.372825929697136
-0.03095869084443841,-4.579917727602352
-0.12552467734978415,7.596740867050775
2.0755236001364437,-27.15700683138211
-0.7050481787525923,-1.9488866283982613
0.00999572619345961,-18.44398679929323
-0.21191448486425904,42.74014106971756
0.20188123959900697,17.28183675774978
-0.009028874904964578,-12.699829097706006
0.5786464468577881,-10.276710497240433
0.27586775984203465,29.973871336493364
0.3505467633222156,7.596740867050775
-0.113624667977236,59.12019203474566
-0.36332751780594286,-4.078524786165337
-0.058578370644802334,-9.956774156348473
-1.2497736591103932,-16.179880662916258
-0.19466522561525249,-10.207342532722286
0.16181664640404847,5.911317787528296
-0.26997640021527164,17.77974226352989
-1.2497736591103932,-38.8446486552365
0.05864512242631372,42.74014106971756
0.36435750103282766,-7.616156830860184
-0.2915464995984715,5.004397063638481
1.041244599416565,-7.616156830860184
-0.10825325223886004,-1.9488866283982613
0.00999572619345961,18.10404076332848
0.16716157712011298,20.943839012767775
0.047684826740882966,-2.7029679554461388
0.10001883060204593,-40.19327155395332
-0.6299094769965032,-7.616156830860184
-0.00013670845530624475,17.28183675774978
0.34238876799479534,-14.599071393320667
-0.4198911017118402,-37.61074050176849
1.041244599416565,-27.15700683138211
-0.801053308863267,-2.9291310600555684
0.36435750103282766,-24.959993554285578
-0.058578370644802334,-12.699829097706006
-0.1529747467379292,-1.5881115983279661
0.532244698972776,-18.44398679929323
0.44922296516495946,16.137309005336682
0.16159146195309612,-2.9291310600555684
-0.058578370644802334,7.265070709056594
0.38403387494372687,-1.6881085035055867
-0.36332751780594286,-2.7029679554461388
-0.05252757009506306,7.770689351416952
-0.03861156615609694,49.925647069350426
-0.36332751780594286,-25.344122145253287
-0.05252757009506306,-29.856487290051373
-0.0792748196307623,-6.223666195099975
-0.3866153392160762,-12.699829097706006
-0.36332751780594286,11.627289824075353
1.5822698280934888,11.627289824075353
-0.801053308863267,7.265070709056594
-0.43529365049160484,-4.5569853151450985
1.5822698280934888,-24.16125495693031
1.2626976131714267,3.010803771110808
-0.10825325223886004,-18.44398679929323
-0.6299094769965032,-7.616156830860184
0.16159146195309612,-17.96488556547557
-0.0352084347935643,11.627289824075353
1.394174000488054,-8.335252925287833
-0.4198911017118402,-1.9488866283982613
0.36435750103282766,-0.5361732542154023
-1.4442959583507398,-7.616156830860184
-0.24416541236390005,-14.761836885402682
-0.14304889760529674,-0.5361732542154023
-0.34167038395473925,7.596740867050775
0.3906688513397044,14.81756871123022
-0.3151451186445354,-40.19327155395332
-0.017168990736273714,7.38675613760892
-0.4198911017118402,-15.935206029103457
0.36435750103282766,35.812396677192986
0.19288933208800815,13.73569103313465
-1.1995607566951416,-1.5881115983279661
-0.3054210698026699,-18.44398679929323
0.16181664640404847,35.727326701158034
-0.03861156615609694,-1.9488866283982613
-0.14304889760529674,35.727326701158034
0.16268039011447305,7.265070709056594
0.6735839854136264,11.627289824075353
-0.009028874904964578,-9.956774156348473
-0.21191448486425904,21.245403893104715
0.010798211727321849,0.864766501985906
0.1586219282642693,0.04146826652060548
-0.21937163611603822,15.093593964234987
0.31021410415629347,-4.5569853151450985
0.043113239087593416,-47.17645554782859
0.1918725988069705,0.04146826652060548
-0.024598674677790366,16.137309005336682
-0.0352084347935643,-8.558438931875193
-0.21766434981102795,-2.7029679554461388
0.688791828861265,-18.44398679929323
-0.2738920535334189,20.943839012767775
-0.19466522561525249,-39.1763748935869
-0.0792748196307623,15.719889307234046
1.5822698280934888,2.8499852625433655
0.04778851635149166,0.864766501985906
-0.36332751780594286,-4.846002185727043
0.4997419662193159,-39.48264072720317
-0.16880052818434513,-12.9217227829755
-1.4442959583507398,-12.699829097706006
0.3193683602170187,-33.21374444224675
1.5572188396577433,-39.48264072720317
0.689246666015755,-10.276710497240433
-1.2497736591103932,26.49447126537633
-0.017168990736273714,36.622797333381634
-0.2813777439740256,23.372825929697136
-0.14286895029634947,-29.856487290051373
-0.30057689291677187,7.596740867050775
0.37149901830778975,-38.8446486552365
-0.16880052818434513,-33.21374444224675
1.5822698280934888,-18.44398679929323
0.00999572619345961,-10.276710497240433
0.05909883430361802,2.63263339993483
0.38403387494372687,13.122226931785953
0.20178521365593313,2.8499852625433655
0.5786464468577881,13.73569103313465
-0.4198911017118402,-12.9217227829755
-0.00606422098292847,-1.0630246735620064
0.047684826740882966,-12.699829097706006
-0.505048042284805,-27.504862198609242
0.3193683602170187,5.911317787528296
-0.024598674677790366,-27.259749061922307
0.16181664640404847,-8.558438931875193
0.5786464468577881,-15.935206029103457
0.2528020560677244,7.265070709056594
0.3505467633222156,34.66640998521532
-0.1567945449410138,7.265070709056594
-0.03095869084443841,-8.558438931875193
1.041244599416565,0.864766501985906
-0.058578370644802334,11.627289824075353
-0.009028874904964578,-6.876348225171473
-0.4198911017118402,-27.259749061922307
0.1918725988069705,31.641294797272423
-0.2076377528588214,-39.48264072720317
-0.34167038395473925,42.74014106971756
0.6011300846259356,-1.0630246735620064
-0.3151451186445354,-18.44398679929323
0.13071120725620614,44.44184669975891
-0.17935181727408317,18.06735682480273
-0.00606422098292847,0.864766501985906
1.041244599416565,-36.94575770724904
0.3614545749440984,31.641294797272423
0.3505467633222156,20.675489494425566
-0.7050481787525923,5.911317787528296
-0.505048042284805,49.925647069350426
0.3505467633222156,-4.27374692175362
-0.009028874904964578,-24.646420341805445
0.5101920150542831,-3.526894058084416
-0.06565703993025851,-6.6612816997610516
0.16268039011447305,-39.05484876941181
-0.17935181727408317,-40.3877793567228
-0.05252757009506306,-4.0030311692097875
-0.00013670845530624475,31.641294797272423
-0.3151451186445354,-0.5361732542154023
-0.058578370644802334,-1.9488866283982613
-0.08657770336893914,0.864766501985906
-0.2033653306411805,42.74014106971756
0.3505467633222156,-0.5361732542154023
0.16159146195309612,-15.935206029103457
-0.0352084347935643,-3.3960019819265512
0.0797559173132516,-7.616156830860184
-0.03095869084443841,-3.3960019819265512
-0.1114831986007296,2.8499852625433655
-0.21376361882889733,11.627289824075353
0.2341443478001918,7.240585088475593
-1.5034819450854005,9.13205616139108
-0.6299094769965032,0.04146826652060548
0.05864512242631372,-3.526894058084416
-0.16880052818434513,7.596740867050775
-0.16880052818434513,7.596740867050775
0.3505467633222156,-2.2335130345263385
2.0755236001364437,-39.1763748935869
0.00999572619345961,-2.9614244565298433
-2.229932477622666,-4.078524786165337
0.16051745893966754,-29.856487290051373
0.34238876799479534,7.596740867050775
-0.3054210698026699,-4.27374692175362
-0.19466522561525249,21.245403893104715
-0.23758498733152322,11.627289824075353
0.37149901830778975,15.719889307234046
1.0742461550524685,0.04146826652060548
0.39926502701555744,7.5933355445900945
-0.058578370644802334,13.122226931785953
0.36435750103282766,0.04146826652060548
0.043113239087593416,7.596740867050775
-0.05252757009506306,-4.0030311692097875
-0.024598674677790366,-3.526894058084416
-0.4198911017118402,35.727326701158034
1.5822698280934888,7.038437199521378
0.44922296516495946,13.122226931785953
-0.23758498733152322,-12.699829097706006
0.17133069084377722,11.675314765328476
-0.5626984011075703,-4.078524786165337
-0.6941908539196296,15.66197399815461
-0.36332751780594286,17.28183675774978
0.05864512242631372,21.245403893104715
-0.1118305206688687,11.627289824075353
0.46841303106282,-8.558438931875193
0.16159146195309612,21.943429764248087
0.5786464468577881,337.79091355894997
1.5822698280934888,-7.616156830860184
-0.505048042284805,34.66640998521532
-0.1118305206688687,31.641294797272423
-0.05252757009506306,42.74014106971756
-0.0792748196307623,-1.201570679043519
-0.2033653306411805,-39.48264072720317
0.2528020560677244,-4.949681631400662
-0.3054210698026699,-27.259749061922307
0.24466803898715012,-6.152960897313826
-0.058578370644802334,1.562435408792224
0.00999572619345961,-24.959993554285578
0.1918725988069705,-25.344122145253287
0.18668415979289468,2.63263339993483
-0.2033653306411805,166.76254514455465
-0.01631420073264045,-10.207342532722286
-0.10825325223886004,-4.27374692175362
1.7274817463526346,17.77974226352989
0.16268039011447305,31.641294797272423
-0.1118305206688687,21.245403893104715
-0.19466522561525249,22.64623650589953
-1.5034819450854005,-4.078524786165337
-0.7287260669656467,17.28183675774978
0.4242270604129871,-39.48264072720317
-0.2033653306411805,14.909803878090194
0.17133069084377722,-18.44398679929323
1.3837758509206166,-1.6881085035055867
-0.43529365049160484,-12.699829097706006
1.0742461550524685,-18.44398679929323
-0.2915464995984715,18.10404076332848
0.6735839854136264,15.355957543981352
0.30824932449865255,49.925647069350426
0.44922296516495946,-40.19327155395332
-0.08657770336893914,-38.8446486552365
-0.16880052818434513,-4.078524786165337
0.15042606883719006,-10.119080267352768
0.16181664640404847,-2.2335130345263385
0.5786464468577881,-4.949681631400662
-0.43529365049160484,-25.412180632315827
-0.05252757009506306,-2.7029679554461388
-0.2076377528588214,2.3456424366310573
-0.08657770336893914,-1.9488866283982613
-0.17935181727408317,13.987238754500622
-0.43529365049160484,-24.959993554285578
-0.13638257532230327,14.044821634337412
2.2358660093761475,18.10404076332848
0.20188123959900697,-10.814404479470381
0.13852174265787634,14.004420132976355
0.39926502701555744,-20.99715135852902
0.17133069084377722,16.137309005336682
-0.01631420073264045,0.864766501985906
0.0010470528883741892,-1.201570679043519
-1.217791890634699,31.641294797272423
0.33049120169057705,20.2183142232873
-0.08657770336893914,-3.3960019819265512
0.46640658963121295,29.973871336493364
-0.04555074380058599,-1.0630246735620064
0.20188123959900697,-4.949681631400662
-0.0352084347935643,-10.7764289179292
-0.36332751780594286,-4.0030311692097875
0.00999572619345961,17.77974226352989
1.5822698280934888,-39.48264072720317
-0.19466522561525249,-1.6881085035055867
-0.2813777439740256,-4.5569853151450985
0.5101920150542831,-4.078524786165337
-0.05873740317876268,18.10404076332848
0.0010470528883741892,13.122226931785953
0.05864512242631372,-7.616156830860184
0.10001883060204593,-2.7029679554461388
0.41530050538439856,0.864766501985906
-0.05252757009506306,337.79091355894997
0.0010470528883741892,7.596740867050775
-0.7160738754535848,14.280904842711205
0.6011300846259356,31.138589891912048
0.19769300947974253,-3.9671451152817934
-0.10825325223886004,-39.48264072720317
-0.3151451186445354,-14.138890062009661
0.00999572619345961,42.74014106971756
-0.3151451186445354,-20.941459572636077
-0.0792748196307623,-1.0630246735620064
0.047684826740882966,-14.138890062009661
-0.00606422098292847,-1.9313173035818287
0.04980822178464671,0.04146826652060548
3.145522483251163,-3.526894058084416
-0.21735499260060465,13.73569103313465
-0.03095869084443841,-18.44398679929323
-0.9869487568887413,-4.0030311692097875
0.4242270604129871,-29.856487290051373
0.13071120725620614,-1.6881085035055867
1.041244599416565,13.122226931785953
0.1918725988069705,-3.3960019819265512
-0.009028874904964578,26.931671492324774
0.00999572619345961,35.727326701158034
-0.02705603350502108,14.909803878090194
-0.10825325223886004,-18.05000878013754
0.16159146195309612,-11.378279124648387
-0.03861156615609694,-8.558438931875193
0.44922296516495946,15.719889307234046
0.6011300846259356,-0.0038359853624834496
-0.10825325223886004,8.94794705401277
0.20188123959900697,14.280904842711205
-0.03861156615609694,21.245403893104715
-0.19466522561525249,15.093593964234987
2.012551393286114,2.329516804521694
-0.2033653306411805,11.627289824075353
0.1918725988069705,-23.69499838117953
0.3505467633222156,18.10404076332848
0.20188123959900697,-12.699829097706006
-0.7050481787525923,-23.69499838117953
-0.16880052818434513,5.39666366246006
0.20188123959900697,-2.0767928311559585
-0.1845534832672918,23.372825929697136
1.5822698280934888,-8.558438931875193
-0.03095869084443841,-4.5569853151450985
0.04778851635149166,5.911317787528296
0.0010470528883741892,7.265070709056594
-0.037097603046434724,-9.956774156348473
-0.01631420073264045,32.93493596372664
1.041244599416565,-4.0030311692097875
-1.4442959583507398,0.864766501985906
1.5822698280934888,31.641294797272423
-0.505048042284805,-2.7029679554461388
-0.03861156615609694,-1.9488866283982613
0.20188123959900697,-4.078524786165337
0.39926502701555744,49.72568543360479
0.1918725988069705,-4.27374692175362
-0.00606422098292847,15.093593964234987
0.688791828861265,-8.558438931875193
-0.0352084347935643,42.74014106971756
-0.19466522561525249,11.627289824075353
0.36435750103282766,-1.6881085035055867
0.05864512242631372,-12.699829097706006
-0.4198911017118402,15.093593964234987
-0.1118305206688687,21.245403893104715
-0.7050481787525923,-4.078524786165337
0.043113239087593416,-6.6612816997610516
-0.36332751780594286,-0.5361732542154023
0.27586775984203465,-21.989749770128757
0.0540268970479552,31.641294797272423
1.5822698280934888,7.596740867050775
-1.5464783585181123,7.265070709056594
0.27586775984203465,-9.956774156348473
-0.25449515339122203,2.1338652505476157
-1.2497736591103932,20.943839012767775
0.16268039011447305,-40.19327155395332
0.043113239087593416,3.010803771110808
-0.14304889760529674,-12.9217227829755
0.0010470528883741892,0.7801741743172745
-0.904254043280354,7.596740867050775
-0.03861156615609694,16.137309005336682
0.0916091018483673,7.38675613760892
0.6011300846259356,-2.2335130345263385
0.511416933333918,5.676239989432423
0.3943868690328035,0.04146826652060548
1.041244599416565,-8.558438931875193
-0.03861156615609694,35.727326701158034
-0.03095869084443841,49.925647069350426
-1.689401290665661,-38.8446486552365
-0.023658355110180922,-3.3960019819265512
0.0010470528883741892,-3.526894058084416
0.05160574619961226,-32.31398079172564
1.394174000488054,0.04146826652060548
-0.7160738754535848,7.596740867050775
-0.113624667977236,5.004397063638481
-0.03861156615609694,5.911317787528296
0.44922296516495946,5.911317787528296
0.18668415979289468,-14.92608016726255
0.39926502701555744,0.5465942706398988
-0.6299094769965032,-10.081603544848427
-0.1118305206688687,-4.078524786165337
-1.4442959583507398,-6.6612816997610516
1.041244599416565,18.06735682480273
0.2786039531662106,13.73569103313465
-0.0808639114232312,-4.051877673123212
0.0010470528883741892,5.911317787528296
-1.6778178025694679,34.66640998521532
0.3665757928180873,-29.856487290051373
1.041244599416565,-0.5361732542154023
-0.1845534832672918,-2.2335130345263385
0.23608909821264756,-57.74051646520421
0.0010470528883741892,21.245403893104715
0.1918725988069705,-4.949681631400662
0.06288897005254657,-2.1385247169656862
0.00999572619345961,14.280904842711205
0.14193829180449308,17.77974226352989
-0.505048042284805,-0.5361732542154023
-0.7050481787525923,14.044821634337412
-0.113624667977236,-6.152960897313826
-0.7050481787525923,-4.5569853151450985
-0.06218863734826252,17.77974226352989
-0.7160738754535848,7.038437199521378
-0.33576938220124525,7.265070709056594
0.2515737123508759,23.372825929697136
-1.4442959583507398,18.10404076332848
0.13071120725620614,20.31032155601569
-0.10462615523354754,7.596740867050775
0.34238876799479534,-7.308931431818518
0.39926502701555744,21.387570884234133
-0.47282598073482546,14.044821634337412
-0.05252757009506306,0.864766501985906
-0.08771594774860603,-3.3960019819265512
0.16997473040900107,18.48178911445189
-0.1118305206688687,-39.1763748935869
0.1862811975921174,20.943839012767775
0.45754074303731773,-38.8446486552365
-0.10825325223886004,-39.48264072720317
0.13071120725620614,-4.516151465019735
0.4266084430863691,44.982432429205495
1.7691257909305187,-10.276710497240433
0.6011300846259356,16.137309005336682
1.5822698280934888,14.97768290564685
2.0013801206858988,17.77974226352989
-0.801053308863267,-2.2335130345263385
0.1589884271769304,-20.14133706288764
-1.5464783585181123,18.06735682480273
-0.70474673753089,49.925647069350426
-0.36332751780594286,7.596740867050775
1.7274817463526346,7.265070709056594
0.1918725988069705,14.004420132976355
0.16997473040900107,-8.558438931875193
-1.1722824620921233,-21.699206232645043
-0.0352084347935643,49.925647069350426
0.3906688513397044,-0.5361732542154023
-0.030646184935596434,16.8762399221961
-1.3009460764488114,-7.308931431818518
-0.0792748196307623,5.004397063638481
-1.4442959583507398,-2.7029679554461388
-0.17935181727408317,-4.5569853151450985
0.5786464468577881,7.596740867050775
0.2515737123508759,-24.646420341805445
-0.17935181727408317,-24.75912696901911
0.047684826740882966,-15.935206029103457
-0.05252757009506306,10.468692416633777
0.23804754433392256,-8.558438931875193
-0.03095869084443841,14.004420132976355
0.6011300846259356,-9.811847721093269
1.041244599416565,-1.6881085035055867
0.5786464468577881,5.004397063638481
-0.4198911017118402,14.280904842711205
-0.16880052818434513,-4.0030311692097875
0.8958327942725657,5.39666366246006
1.0742461550524685,16.98247544783629
1.3837758509206166,8.94794705401277
-1.5464783585181123,-15.935206029103457
-0.10825325223886004,8.171102781843985
-0.0352084347935643,-1.9488866283982613
-0.05252757009506306,2.63263339993483
-1.4442959583507398,-10.276710497240433
-0.19466522561525249,-2.9800795243972953
1.2506582497678416,-40.19327155395332
0.8958327942725657,-20.99715135852902
-0.4198911017118402,49.925647069350426
-1.1722824620921233,-6.756081256335111
0.26361681384434904,8.94794705401277
-0.3151451186445354,-4.27374692175362
-0.15193756696726807,-10.814404479470381
5.4090943948656385,32.96094067614628
0.6735839854136264,-2.7029679554461388
-0.36332751780594286,34.66640998521532
-0.07376395554197326,-4.078524786165337
-0.05252757009506306,-3.3960019819265512
-0.9024675039485013,-20.99715135852902
-0.00606422098292847,18.10404076332848
-0.2782101086628936,15.093593964234987
0.44922296516495946,-4.5569853151450985
0.688791828861265,-0.5361732542154023
0.16181664640404847,13.987238754500622
-0.21191448486425904,-1.9488866283982613
0.00999572619345961,-0.8843744842369765
-0.03861156615609694,0.7847641990366732
1.041244599416565,31.57671909153448
1.0742461550524685,13.73569103313465
0.043113239087593416,-18.538109028352324
-0.17935181727408317,-14.761836885402682
-0.19466522561525249,-4.949681631400662
-0.2741974333344227,-4.5569853151450985
-0.03095869084443841,-52.37795764006779
0.29653774554932444,3.010803771110808
-1.2497736591103932,-5.3619535347475376
0.26972067301564895,-47.17645554782859
-0.11211130213329021,-4.27374692175362
-0.08048260070473123,-0.5361732542154023
5.68491992367111,7.038437199521378
-0.30057689291677187,7.038437199521378
0.34238876799479534,13.73569103313465
-0.058578370644802334,29.704337441723858
0.6011300846259356,-12.9217227829755
0.39926502701555744,-24.646420341805445
-0.2738920535334189,-12.9217227829755
-1.6051186114402711,-26.313056082160845
2.012551393286114,-38.8446486552365
2.0755236001364437,15.719889307234046
-0.19466522561525249,18.10404076332848
-0.19466522561525249,5.911317787528296
0.3505467633222156,-2.9614244565298433
0.39926502701555744,17.28183675774978
-0.0352084347935643,78.70298308265971
0.3228247438500903,18.10404076332848
1.394174000488054,15.093593964234987
0.39926502701555744,-12.699829097706006
-0.03095869084443841,1.562435408792224
0.5852349986313943,16.137309005336682
-0.1118305206688687,11.627289824075353
-0.801053308863267,-39.48264072720317
-1.689401290665661,16.137309005336682
0.3906688513397044,-3.3960019819265512
-0.18590351632647606,31.138589891912048
-0.05252757009506306,16.98247544783629
0.2028095494411093,19.915807279684387
-1.4442959583507398,5.911317787528296
0.0010470528883741892,7.596740867050775
-0.43529365049160484,14.97768290564685
-0.43529365049160484,-6.6612816997610516
0.05864512242631372,-12.9217227829755
0.31021410415629347,14.044821634337412
-0.08048260070473123,23.372825929697136
-0.21735499260060465,-23.646534104325497
-0.009028874904964578,-1.0630246735620064
-0.05252757009506306,15.093593964234987
-0.00606422098292847,-4.0030311692097875
1.0742461550524685,41.70914557438718
0.16997473040900107,0.864766501985906
-0.6802110654890579,-14.761836885402682
-0.43529365049160484,-15.935206029103457
-1.393529444639474,-23.69499838117953
0.16159146195309612,-14.138890062009661
0.3548113137883401,11.627289824075353
-0.00606422098292847,7.038437199521378
-0.05252757009506306,-7.616156830860184
0.688791828861265,-27.259749061922307
-1.4442959583507398,35.727326701158034
1.5822698280934888,-1.9488866283982613
0.16997473040900107,16.137309005336682
0.44922296516495946,2.3456424366310573
0.3505467633222156,11.627289824075353
0.6735839854136264,-39.48264072720317
-0.6230753889609728,-2.7029679554461388
-0.1118305206688687,78.70298308265971
0.1589884271769304,-4.078524786165337
-0.1567945449410138,-4.0030311692097875
0.15438855266195128,-8.558438931875193
0.8958327942725657,-10.081603544848427
0.19769300947974253,14.280904842711205
-0.801053308863267,21.245403893104715
-0.43529365049160484,20.943839012767775
1.5822698280934888,-6.479229712029983
-0.7938159071133528,0.864766501985906
0.508558186780643,31.641294797272423
1.9192044825252697,15.093593964234987
-0.35243879767473646,-7.308931431818518
0.2434758227448847,35.727326701158034
0.4242270604129871,17.28183675774978
1.3837758509206166,29.704337441723858
0.5101920150542831,-5.3619535347475376
0.34238876799479534,18.10404076332848
0.3505467633222156,-14.138890062009661
0.36435750103282766,-20.99715135852902
-0.7050481787525923,18.48178911445189
-0.10825325223886004,34.66640998521532
0.5786464468577881,-0.5361732542154023
0.32482562098165857,-1.9488866283982613
1.3837758509206166,-7.616156830860184
0.4997419662193159,11.675314765328476
0.18668415979289468,-2.0767928311559585
0.00999572619345961,-18.538109028352324
-0.505048042284805,-2.2335130345263385
-0.0352084347935643,0.864766501985906
1.5572188396577433,-9.956774156348473
-1.2497736591103932,-11.168027150779878
1.5822698280934888,-7.2466025351224115
-0.70474673753089,-9.956774156348473
0.3505467633222156,-3.9950082705257763
-0.4198911017118402,34.66640998521532
-0.11211130213329021,15.261949196023727
-0.1308138626049503,42.74014106971756
-0.08771594774860603,35.727326701158034
0.5786464468577881,28.17842089585539
-0.3054210698026699,49.925647069350426
0.6011300846259356,-10.276710497240433
-0.06565703993025851,11.195706723116947
-0.7429272192252189,-39.48264072720317
0.6011300846259356,-25.344122145253287
0.3505467633222156,42.74014106971756
-0.03095869084443841,35.727326701158034
0.18668415979289468,-3.526894058084416
0.2006814916813869,0.7847641990366732
-0.05252757009506306,32.96094067614628
0.047684826740882966,-29.856487290051373
-0.05252757009506306,-4.0030311692097875
-0.009028874904964578,-29.856487290051373
0.24091768007056805,-4.5569853151450985
-0.04555074380058599,-4.5569853151450985
-0.05252757009506306,11.627289824075353
0.3505467633222156,14.81756871123022
-0.15875648059594238,15.093593964234987
-0.10825325223886004,42.74014106971756
-0.03861156615609694,14.280904842711205
-0.2033653306411805,78.70298308265971
0.6011300846259356,29.704337441723858
-0.05252757009506306,35.727326701158034
-0.1118305206688687,-2.9291310600555684
-0.801053308863267,-0.5361732542154023
-0.2076377528588214,56.59659836344661
0.16159146195309612,28.26539096477251
-1.217791890634699,-0.0038359853624834496
1.5822698280934888,-7.616156830860184
2.2358660093761475,-39.48264072720317
-0.4198911017118402,-0.5361732542154023
-1.1634612938655475,10.634935252357327
-0.03861156615609694,11.627289824075353
-0.17935181727408317,35.727326701158034
-0.3363651125119391,-4.078524786165337
-0.6299094769965032,8.94794705401277
-0.00606422098292847,-14.138890062009661
0.6011300846259356,16.98247544783629
1.9046788635615386,18.48178911445189
-0.10825325223886004,7.596740867050775
-0.054699764903173874,-39.48264072720317
0.18668415979289468,-3.4464653984667657
-0.058578370644802334,21.245403893104715
0.8958327942725657,42.74014106971756
0.3906688513397044,-19.60800199927033
0.14193829180449308,13.122226931785953
0.1918725988069705,21.245403893104715
0.26972067301564895,-8.558438931875193
0.1918725988069705,-3.526894058084416
-0.10462615523354754,7.038437199521378
0.043113239087593416,14.004420132976355
-0.15193756696726807,17.77974226352989
-0.16880052818434513,-0.8843744842369765
0.19769300947974253,22.497428542256994
-0.03861156615609694,-24.75912696901911
0.4997419662193159,8.94794705401277
-0.21376361882889733,-0.8843744842369765
-0.17935181727408317,-12.699829097706006
0.5786464468577881,12.080490209402095
-0.08657770336893914,190.3097190243283
1.5822698280934888,0.864766501985906
-0.4198911017118402,17.77974226352989
0.5786464468577881,-18.44398679929323
0.04778851635149166,17.28183675774978
0.03258673623427275,-8.558438931875193
0.00999572619345961,-18.44398679929323
-0.3054210698026699,-2.9800795243972953
0.36435750103282766,-5.568099291779881
-0.05252757009506306,-7.616156830860184
0.16181664640404847,7.340366661926466
0.16997473040900107,11.627289824075353
0.6011300846259356,7.596740867050775
1.041244599416565,-8.558438931875193
0.03708543951820231,35.727326701158034
-0.24481175478387227,-3.3960019819265512
0.00999572619345961,21.21099415724861
5.4090943948656385,23.372825929697136
-0.15875648059594238,-4.5569853151450985
-0.2033653306411805,18.48178911445189
0.32482562098165857,-11.378279124648387
0.688791828861265,-21.699206232645043
-0.2741974333344227,7.265070709056594
0.26972067301564895,-20.99715135852902
1.394174000488054,-15.935206029103457
0.05864512242631372,-27.309788344432455
0.6735839854136264,-14.761836885402682
0.20188123959900697,7.596740867050775
0.1918725988069705,21.943429764248087
-0.4198911017118402,-15.935206029103457
-0.2076377528588214,-1.9488866283982613
-0.2033653306411805,-6.479229712029983
-0.07376395554197326,-2.9291310600555684
-0.4198911017118402,-8.47556500141717
-0.2741974333344227,16.137309005336682
0.44922296516495946,2.329516804521694
-0.17935181727408317,-40.19327155395332
-0.9024675039485013,16.137309005336682
-0.3151451186445354,-39.48264072720317
-0.19466522561525249,13.122226931785953
-0.36332751780594286,21.245403893104715
-0.1118305206688687,-1.9488866283982613
-0.15193756696726807,14.044821634337412
0.36435750103282766,13.122226931785953
-0.05252757009506306,-12.9217227829755
0.3505467633222156,2.5799623688686877
0.272507160170109,18.10404076332848
-0.10825325223886004,-18.44398679929323
-0.19466522561525249,-10.32835572313355
1.5822698280934888,7.596740867050775
0.1918725988069705,17.77974226352989
-0.6299094769965032,-0.5361732542154023
0.3505467633222156,23.372825929697136
-1.4442959583507398,337.79091355894997
0.16181664640404847,-2.2335130345263385
0.6011300846259356,-3.3960019819265512
-1.0098968388748333,-10.276710497240433
0.05864512242631372,-4.949681631400662
-0.801053308863267,8.94794705401277
0.44922296516495946,78.70298308265971
0.3614545749440984,-4.5569853151450985
-0.36332751780594286,-3.526894058084416
-0.1118305206688687,6.375386923193691
-0.17935181727408317,17.77974226352989
-0.00606422098292847,-0.5361732542154023
0.00999572619345961,-39.48264072720317
-0.16880052818434513,-15.784946091776693
0.2528020560677244,-18.44398679929323
-0.2741974333344227,-8.761451691770763
-1.1634612938655475,-6.6612816997610516
0.4242270604129871,-39.48264072720317
-0.35281270793989095,49.925647069350426
1.394174000488054,35.727326701158034
0.2006814916813869,15.355957543981352
-0.09849685936731763,-7.616156830860184
-0.19466522561525249,-2.9614244565298433
-0.037097603046434724,-4.192298132741622
-0.2813777439740256,31.641294797272423
-0.11211130213329021,-9.956774156348473
-0.2782101086628936,-4.5569853151450985
-1.4442959583507398,14.280904842711205
-0.009028874904964578,0.864766501985906
0.33457055631954125,-7.616156830860184
0.4242270604129871,15.719889307234046
-0.16880052818434513,5.911317787528296
0.44922296516495946,-1.9488866283982613
0.30057329476854466,-3.526894058084416
0.2521351458422851,-4.27374692175362
-0.009028874904964578,-15.935206029103457
0.00999572619345961,-18.44398679929323
-0.4198911017118402,-12.699829097706006
0.5786464468577881,13.064261480023923
0.18668415979289468,-12.699829097706006
-0.0792748196307623,7.596740867050775
-0.05252757009506306,17.28183675774978
-0.03861156615609694,7.770689351416952
-0.03861156615609694,7.596740867050775
-0.3151451186445354,7.5933355445900945
-0.2033653306411805,29.704337441723858
-0.34167038395473925,-1.9488866283982613
0.30057329476854466,-14.761836885402682
-1.2497736591103932,11.195706723116947
-0.037097603046434724,-4.0030311692097875
-1.2497736591103932,31.641294797272423
-0.365708981743811,-5.3619535347475376
-0.05252757009506306,-1.9488866283982613
-0.2033653306411805,12.080490209402095
-0.30057689291677187,13.73569103313465
-0.024598674677790366,-4.340986430734897
-0.08657770336893914,-7.308931431818518
-0.2741974333344227,-1.9488866283982613
-0.16880052818434513,-1.5881115983279661
-0.40904271775737755,-21.568249383018745
0.1586219282642693,-0.0038359853624834496
-0.0352084347935643,-17.97391752245654
0.03258673623427275,-21.699206232645043
0.075532725310448,22.454344845033457
0.6011300846259356,34.66640998521532
-0.10462615523354754,-4.078524786165337
0.05864512242631372,-29.856487290051373
-0.14304889760529674,7.038437199521378
-0.1567945449410138,-3.3960019819265512
-0.05252757009506306,-0.5573310054388902
-0.09849685936731763,-2.9614244565298433
0.20188123959900697,16.98247544783629
-0.03861156615609694,-8.558438931875193
-1.1634612938655475,-23.69499838117953
-4.641982688069007,-46.523517778655
-0.03861156615609694,-5.3619535347475376
-0.05252757009506306,-24.959993554285578
0.1586219282642693,-7.849089718355956
-0.10825325223886004,11.627289824075353
0.6011300846259356,-4.078524786165337
0.16181664640404847,21.245403893104715
0.31021410415629347,21.21099415724861
-0.36332751780594286,-38.8446486552365
-0.2033653306411805,0.04146826652060548
-0.05252757009506306,-12.9217227829755
0.16159146195309612,35.812396677192986
-0.3151451186445354,-23.69499838117953
0.36435750103282766,7.038437199521378
-0.1118305206688687,5.911317787528296
0.34238876799479534,7.265070709056594
0.1918725988069705,0.04146826652060548
-0.7050481787525923,-1.6881085035055867
0.19769300947974253,2.63263339993483
0.39926502701555744,13.338180719551389
2.5065347857651172,12.102494748238584
-0.10825325223886004,18.48178911445189
-1.2497736591103932,18.48178911445189
-0.08657770336893914,-24.959993554285578
0.12573894616055126,-3.526894058084416
0.043113239087593416,10.874657446200438
-1.393529444639474,0.864766501985906
-1.393529444639474,-4.27374692175362
-0.0352084347935643,-24.959993554285578
0.6011300846259356,-2.7029679554461388
-0.7429272192252189,0.864766501985906
0.44922296516495946,-39.48264072720317
0.029992153168686732,29.105276433535213
0.6735839854136264,65.21136808967643
-0.08657770336893914,5.004397063638481
0.4266084430863691,13.122226931785953
0.05864512242631372,-6.152960897313826
-0.36332751780594286,34.66640998521532
-0.2738920535334189,-4.078524786165337
1.5822698280934888,0.04146826652060548
-0.14258406777394997,15.093593964234987
-1.2497736591103932,-27.259749061922307
-0.032041593914278056,25.022911528364634
0.10448198804280939,-7.616156830860184
0.20188123959900697,13.73569103313465
-4.641982688069007,21.245403893104715
-0.2915464995984715,-7.395869948132882
-1.689401290665661,14.044821634337412
-0.22703734199817482,-38.8446486552365
0.16997473040900107,-0.5361732542154023
-0.13638257532230327,-3.526894058084416
-0.2741974333344227,-10.081603544848427
0.3505467633222156,-12.9217227829755
0.00999572619345961,15.093593964234987
0.16997473040900107,-6.870466107188114
0.39926502701555744,-23.69499838117953
-0.2033653306411805,7.038437199521378
-0.9024675039485013,-5.3619535347475376
0.1918725988069705,-20.99715135852902
0.3906688513397044,2.8499852625433655
0.007990116497257959,-38.8446486552365
0.4242270604129871,35.727326701158034
-0.08048260070473123,35.727326701158034
0.272507160170109,-12.9217227829755
0.00999572619345961,31.641294797272423
-0.1118305206688687,-7.616156830860184
0.1918725988069705,16.137309005336682
-0.43529365049160484,31.641294797272423
-0.00013670845530624475,-3.526894058084416
0.20188123959900697,3.010803771110808
0.27586775984203465,-15.935206029103457
-0.43529365049160484,-1.43261949820052
0.33049120169057705,-0.5361732542154023
-0.505048042284805,20.943839012767775
0.3943868690328035,-7.849089718355956
0.1918725988069705,-14.138890062009661
-0.2033653306411805,5.004397063638481
0.05864512242631372,2.077521546435768
1.041244599416565,-9.895968986876213
-1.1634612938655475,2.8499852625433655
0.26972067301564895,-9.150666438419684
0.2006814916813869,-2.2335130345263385
0.16181664640404847,-10.814404479470381
0.16268039011447305,12.080490209402095
-0.11211130213329021,-11.111584414861227
-1.4442959583507398,-2.7029679554461388
-0.058578370644802334,-2.7029679554461388
0.5786464468577881,0.864766501985906
0.00999572619345961,18.10404076332848
-0.17935181727408317,-12.699829097706006
-0.2033653306411805,-1.9488866283982613
0.00999572619345961,18.06735682480273
0.4242270604129871,0.04146826652060548
-1.2497736591103932,-7.616156830860184
-0.7050481787525923,-25.15343695062618
-0.009028874904964578,-2.1385247169656862
0.3614545749440984,-19.60800199927033
0.1918725988069705,18.745431048207855
0.17133069084377722,-0.0038359853624834496
0.39926502701555744,21.245403893104715
-0.21735499260060465,7.038437199521378
0.047684826740882966,-1.5881115983279661
-0.03861156615609694,11.627289824075353
0.4242270604129871,-8.558438931875193
1.5822698280934888,26.49447126537633
0.44922296516495946,-4.078524786165337
0.05864512242631372,5.911317787528296
1.041244599416565,-18.44398679929323
-0.505048042284805,34.66640998521532
0.09457556784870232,17.28183675774978
0.688791828861265,18.10404076332848
0.18668415979289468,-39.48264072720317
0.1589884271769304,49.925647069350426
0.0010470528883741892,12.102494748238584
-0.7050481787525923,17.28183675774978
-0.4198911017118402,35.727326701158034
0.34238876799479534,0.04146826652060548
-0.2033653306411805,0.864766501985906
0.39926502701555744,21.245403893104715
-0.70474673753089,-20.99715135852902
0.3505467633222156,142.47851188950472
-0.03095869084443841,-37.61074050176849
0.39926502701555744,49.925647069350426
-1.5034819450854005,7.038437199521378
0.34238876799479534,-40.3877793567228
-0.05252757009506306,31.641294797272423
1.5822698280934888,-4.0030311692097875
-0.18795389361926648,-10.050876275630035
-0.05252757009506306,-12.9217227829755
0.1918725988069705,0.04146826652060548
0.2515737123508759,-4.5569853151450985
0.20188123959900697,11.1052927428243
0.44922296516495946,42.74014106971756
1.0742461550524685,-27.504862198609242
0.29653774554932444,31.641294797272423
0.0010470528883741892,16.137309005336682
0.33457055631954125,0.04146826652060548
1.7274817463526346,7.38675613760892
-2.065249419239362,11.195706723116947
0.3505467633222156,-23.69499838117953
-0.0352084347935643,-18.44398679929323
0.20188123959900697,7.265070709056594
-0.21735499260060465,35.727326701158034
-0.2033653306411805,-19.60800199927033
0.35835562409054134,11.1052927428243
0.3505467633222156,-39.48264072720317
0.1918725988069705,65.21136808967643
-1.2497736591103932,-20.99715135852902
-0.0352084347935643,-3.526894058084416
-0.17935181727408317,7.038437199521378
-0.801053308863267,22.526360517017405
-0.26997640021527164,-18.44398679929323
0.16997473040900107,-0.5361732542154023
-0.11235626442082039,-4.051877673123212
0.5786464468577881,-9.956774156348473
0.26972067301564895,-3.724440267168172
-0.2033653306411805,0.6328841260730843
0.6011300846259356,-15.935206029103457
-0.9024675039485013,-25.246355178563757
-0.0792748196307623,-3.3960019819265512
0.05864512242631372,7.265070709056594
0.08613586021859794,35.727326701158034
-0.7050481787525923,-39.48264072720317
0.29120460839181234,36.622797333381634
1.2553987807724112,-1.9488866283982613
0.2923227890647856,-7.616156830860184
0.1589884271769304,21.387570884234133
-0.16880052818434513,-14.807425866768156
-0.08867063383433955,21.048128097900637
-1.4442959583507398,-1.9459217090021586
-0.17935181727408317,21.34879511607822
0.13071120725620614,13.73569103313465
0.00999572619345961,-10.081603544848427
-0.43529365049160484,13.122226931785953
-0.10825325223886004,-12.9217227829755
0.047684826740882966,14.280904842711205
0.00999572619345961,-4.27374692175362
-0.4198911017118402,13.987238754500622
0.44922296516495946,-21.699206232645043
0.5786464468577881,7.038437199521378
0.5786464468577881,15.355957543981352
0.16997473040900107,11.195706723116947
0.3505467633222156,11.25863723715804
0.38403387494372687,2.077521546435768
-0.00013670845530624475,14.280904842711205
-0.3363651125119391,7.038437199521378
-0.058578370644802334,5.911317787528296
0.20188123959900697,10.702260964686408
0.32482562098165857,5.004397063638481
-0.505048042284805,21.387570884234133
-0.4726112652643114,-7.616156830860184
-0.10825325223886004,13.73569103313465
1.7274817463526346,22.526360517017405
-0.4198911017118402,-5.3619535347475376
-1.2497736591103932,15.719889307234046
-0.2605077067789484,-5.3619535347475376
0.33457055631954125,18.06735682480273
1.1127658037795611,-4.0030311692097875
-1.2497736591103932,35.727326701158034
-0.7287260669656467,-7.616156830860184
0.34238876799479534,17.77974226352989
-0.0352084347935643,-18.041078592126844
-0.36332751780594286,0.7847641990366732
0.44922296516495946,-3.526894058084416
-0.43529365049160484,18.77231901118117
-0.017168990736273714,-23.69499838117953
-0.2033653306411805,-12.699829097706006
0.5786464468577881,3.0607078295876455
-0.03095869084443841,7.770689351416952
1.172089607772758,31.641294797272423
0.19769300947974253,-39.48264072720317
-0.4198911017118402,20.943839012767775
-0.006523841714639112,-14.138890062009661
0.46640658963121295,78.70298308265971
-0.4198911017118402,29.704337441723858
0.36435750103282766,17.28183675774978
3.2512246509059537,-12.699829097706006
-0.17935181727408317,-4.27374692175362
-0.3054210698026699,-27.504862198609242
0.18668415979289468,-4.192298132741622
-0.5365632179043522,34.66640998521532
0.38403387494372687,49.925647069350426
-0.3054210698026699,-40.3877793567228
0.05909883430361802,7.596740867050775
-1.4442959583507398,19.86333807164408
-0.2741974333344227,17.77974226352989
0.20188123959900697,17.77974226352989
0.16159146195309612,-20.99715135852902
-0.4198911017118402,-0.5361732542154023
-0.2893681985950519,-8.558438931875193
0.3232970364782351,0.04146826652060548
3.2512246509059537,22.526360517017405
-0.17935181727408317,-4.0030311692097875
0.3906688513397044,-0.8843744842369765
-0.9024675039485013,11.195706723116947
-0.009028874904964578,21.245403893104715
1.041244599416565,18.06735682480273
0.1589884271769304,14.280904842711205
-0.10462615523354754,3.930661283315428
0.2786039531662106,-2.7029679554461388
0.05864512242631372,34.66640998521532
0.0010470528883741892,9.13205616139108
0.4242270604129871,-10.814404479470381
0.36435750103282766,13.987238754500622
-0.032041593914278056,18.06735682480273
0.1918725988069705,-4.0030311692097875
0.13071120725620614,13.122226931785953
-0.10825325223886004,-1.0630246735620064
-0.3054210698026699,-8.558438931875193
0.04778851635149166,16.137309005336682
-0.1118305206688687,-2.9291310600555684
0.3505467633222156,10.702260964686408
0.5101920150542831,-2.9614244565298433
0.1918725988069705,11.627289824075353
-0.17935181727408317,-4.949681631400662
-0.00606422098292847,49.925647069350426
1.0742461550524685,-3.9671451152817934
-0.03861156615609694,-15.935206029103457
-0.16880052818434513,-3.9671451152817934
0.3906688513397044,0.7847641990366732
1.478002339277954,18.06735682480273
0.0916091018483673,-32.31398079172564
0.16181664640404847,-14.138890062009661
0.10001883060204593,0.7847641990366732
0.16159146195309612,-14.138890062009661
0.36435750103282766,18.10404076332848
-0.03861156615609694,-0.0038359853624834496
0.0010470528883741892,-7.616156830860184
-0.43529365049160484,17.77974226352989
0.0010470528883741892,-12.699829097706006
0.5786464468577881,5.911317787528296
-0.7050550900595922,-14.138890062009661
0.8958327942725657,-18.44398679929323
-0.4198911017118402,5.676239989432423
-0.024598674677790366,-4.5569853151450985
0.0916091018483673,44.44184669975891
1.7274817463526346,-40.19327155395332
0.2006814916813869,-24.959993554285578
0.1586219282642693,-7.965552930046018
0.16997473040900107,17.28183675774978
-0.0792748196307623,21.245403893104715
1.5822698280934888,20.943839012767775
1.2506582497678416,-1.9488866283982613
-0.16880052818434513,-15.935206029103457
-0.9024675039485013,-21.699206232645043
-0.21735499260060465,-15.935206029103457
-1.0556011267440089,23.425417010667722
0.5786464468577881,-4.5569853151450985
-0.08657770336893914,-0.8843744842369765
0.7398260597725317,-38.8446486552365
0.0010470528883741892,31.641294797272423
-0.8246288976755036,31.138589891912048
0.6011300846259356,-4.078524786165337
-0.21376361882889733,0.864766501985906
0.29653774554932444,-4.5569853151450985
-1.2497736591103932,-5.568099291779881
-1.4442959583507398,-15.935206029103457
-0.10825325223886004,2.63263339993483
0.043113239087593416,-1.9488866283982613
0.44922296516495946,-18.44398679929323
1.394174000488054,23.425417010667722
-1.1634612938655475,-14.761836885402682
-0.2782101086628936,-2.9291310600555684
0.16159146195309612,-10.081603544848427
0.0010470528883741892,-39.48264072720317
-0.017168990736273714,-8.558438931875193
0.6011300846259356,10.949350225159302
0.39926502701555744,-10.276710497240433
-0.024598674677790366,2.63263339993483
-0.21735499260060465,5.911317787528296
-1.4442959583507398,-18.538109028352324
-0.10462615523354754,-2.7029679554461388
0.36435750103282766,25.020376398596255
-0.7287260669656467,-27.15700683138211
0.3800454743780971,40.690505495633346
-0.2915464995984715,-38.8446486552365
0.8958327942725657,-4.340986430734897
-0.43529365049160484,-25.344122145253287
-0.1118305206688687,-2.2335130345263385
-0.1118305206688687,-1.9488866283982613
3.1299622614874876,7.038437199521378
-0.08657770336893914,5.911317787528296
0.33049120169057705,-8.558438931875193
-0.10825325223886004,15.093593964234987
-0.017168990736273714,-7.616156830860184
0.16997473040900107,-1.43261949820052
0.0010470528883741892,17.77974226352989
-0.2076377528588214,31.641294797272423
-0.33576938220124525,0.04146826652060548
1.1819492274653245,-4.27374692175362
0.16051745893966754,42.74014106971756
-0.024598674677790366,14.280904842711205
-0.03861156615609694,-7.308931431818518
0.8958327942725657,18.48178911445189
-0.2033653306411805,14.280904842711205
-0.21376361882889733,40.690505495633346
0.2528020560677244,13.99269216824317
-0.08657770336893914,40.690505495633346
0.0797559173132516,10.634935252357327
-0.2033653306411805,-5.3619535347475376
1.041244599416565,17.28183675774978
0.44922296516495946,13.73569103313465
0.44922296516495946,18.48178911445189
-1.2497736591103932,18.10404076332848
-1.4442959583507398,-14.138890062009661
-0.7429272192252189,-14.761836885402682
-0.10825325223886004,-13.7293368035301
-0.1118305206688687,-8.558438931875193
0.5786464468577881,21.245403893104715
0.508558186780643,-2.7029679554461388
0.46640658963121295,34.66640998521532
-0.00606422098292847,-12.9217227829755
0.05864512242631372,3.2533966319815937
-0.0352084347935643,-8.558438931875193
-0.0792748196307623,-27.504862198609242
-0.7050550900595922,20.943839012767775
0.39926502701555744,10.702260964686408
0.10001883060204593,5.911317787528296
0.043113239087593416,-39.1763748935869
0.00999572619345961,-4.5569853151450985
-0.35281270793989095,-20.941459572636077
0.44922296516495946,-7.616156830860184
0.2006814916813869,21.34879511607822
-0.03095869084443841,-4.5569853151450985
-0.08771594774860603,0.04146826652060548
-0.7401456791303287,-17.416640261134116
0.5786464468577881,21.245403893104715
0.16181664640404847,-3.9671451152817934
0.3505467633222156,7.265070709056594
0.5786464468577881,-1.6881085035055867
-0.10462615523354754,-39.1763748935869
-0.05252757009506306,-16.04309329983733
1.0026164971751694,-30.108523831933937
-0.505048042284805,26.49447126537633
-0.03095869084443841,-27.309788344432455
0.17133069084377722,-39.48264072720317
-0.4198911017118402,-2.3141928410932953
-0.10825325223886004,0.04146826652060548
-0.17935181727408317,0.04146826652060548
1.2553987807724112,-8.7422950833559
-3.297318649963638,-52.37795764006779
-0.2738920535334189,-10.276710497240433
1.7993968814994363,-12.699829097706006
-0.1567945449410138,-10.7764289179292
-0.25331001659545593,5.911317787528296
0.44922296516495946,5.911317787528296
0.36435750103282766,5.004397063638481
-0.058578370644802334,-4.5569853151450985
-0.0352084347935643,-39.48264072720317
-0.1118305206688687,12.080490209402095
0.45448722164395744,-4.0030311692097875
-0.36332751780594286,18.06735682480273
0.0010470528883741892,-40.3877793567228
-0.10825325223886004,78.70298308265971
-1.2497736591103932,-18.44398679929323
0.688791828861265,21.245403893104715
-0.0808639114232312,-39.1763748935869
0.00999572619345961,17.28183675774978
-0.1114831986007296,-20.99715135852902
-0.31021122470612056,49.925647069350426
0.0010470528883741892,-4.27374692175362
-0.01631420073264045,-3.526894058084416
0.32482562098165857,-4.078524786165337
0.3906688513397044,20.943839012767775
0.17133069084377722,-14.138890062009661
-0.7287260669656467,-2.9291310600555684
-0.19466522561525249,-18.44398679929323
-0.31021122470612056,42.74014106971756
-1.0098968388748333,13.73569103313465
0.2917628204390065,11.627289824075353
-0.1118305206688687,2.256461576867558
0.007968033397800145,-0.5361732542154023
-0.00606422098292847,-14.138890062009661
-0.0352084347935643,49.925647069350426
1.041244599416565,-12.699829097706006
0.03258673623427275,8.94794705401277
-0.4198911017118402,7.038437199521378
-0.7050481787525923,-10.276710497240433
-0.009028874904964578,-39.48264072720317
-0.505048042284805,-39.48264072720317
0.16051745893966754,11.195706723116947
0.0010470528883741892,10.438571144155382
0.5101920150542831,-4.0030311692097875
0.18668415979289468,-5.059436089640311
0.8958327942725657,18.10404076332848
0.1918725988069705,-27.259749061922307
0.44922296516495946,-16.179880662916258
0.05864512242631372,-5.568099291779881
-0.009028874904964578,12.862794183118371
0.39926502701555744,-0.0038359853624834496
0.5786464468577881,-25.15343695062618
0.043113239087593416,-9.956774156348473
0.701364549953977,-2.9614244565298433
0.00999572619345961,-12.9217227829755
0.2603273292909475,-27.504862198609242
-0.15193756696726807,13.572532083973394
0.44922296516495946,-14.138890062009661
-0.801053308863267,5.911317787528296
0.18668415979289468,-21.925067375973722
0.511416933333918,20.943839012767775
-0.3151451186445354,7.596740867050775
-0.36332751780594286,-40.19327155395332
-4.641982688069007,-12.9217227829755
-0.058578370644802334,-3.9671451152817934
-0.1114831986007296,-12.699829097706006
0.8958327942725657,0.864766501985906
0.8958327942725657,78.70298308265971
0.1918725988069705,-1.201570679043519
0.16268039011447305,7.596740867050775
0.6011300846259356,-20.99715135852902
0.1918725988069705,0.5465942706398988
-0.36332751780594286,23.372825929697136
-0.2782101086628936,17.77974226352989
-0.1118305206688687,-7.616156830860184
0.46640658963121295,-2.2335130345263385
0.688791828861265,-4.27374692175362
0.32482562098165857,-2.7029679554461388
0.36435750103282766,-3.526894058084416
-0.6941908539196296,0.04146826652060548
0.16159146195309612,-12.699829097706006
0.13852174265787634,2.329516804521694
-0.16880052818434513,18.694892084583277
2.0755236001364437,-5.3619535347475376
-1.5034819450854005,-2.7029679554461388
-0.1114831986007296,-18.44398679929323
0.36435750103282766,-10.081603544848427
-0.1118305206688687,18.06735682480273
-0.7287260669656467,21.245403893104715
0.18668415979289468,-10.081603544848427
-0.03861156615609694,-3.9671451152817934
-0.16880052818434513,17.28183675774978
-0.43529365049160484,-5.568099291779881
1.2553987807724112,7.596740867050775
0.20188123959900697,21.245403893104715
1.0742461550524685,8.799725091799269
1.0742461550524685,7.038437199521378
-0.17935181727408317,10.634935252357327
-0.7287260669656467,-1.9488866283982613
0.8958327942725657,-0.5361732542154023
0.16530219056865675,19.31827048195189
-0.16880052818434513,-4.0030311692097875
-0.07376395554197326,-4.078524786165337
-0.00606422098292847,-39.48264072720317
0.16181664640404847,21.245403893104715
-0.7429272192252189,17.28183675774978
-0.2033653306411805,-7.308931431818518
-0.4198911017118402,-8.558438931875193
0.6011300846259356,-0.5361732542154023
-0.01631420073264045,17.28183675774978
0.34238876799479534,22.526360517017405
0.2528020560677244,0.864766501985906
-0.2782101086628936,15.10643195994704
0.10001883060204593,-12.9217227829755
-0.4198911017118402,-7.616156830860184
-0.18590351632647606,7.38675613760892
0.31021410415629347,-3.3960019819265512
-0.12385572129947438,2.077521546435768
0.30057329476854466,7.596740867050775
-0.2033653306411805,11.203377655803251
0.4997419662193159,9.745063193530196
0.20188123959900697,-2.9291310600555684
0.3505467633222156,-14.92608016726255
0.6011300846259356,15.719889307234046
0.05160574619961226,-24.959993554285578
-0.1845534832672918,11.627289824075353
-0.01631420073264045,-3.3960019819265512
-1.4442959583507398,-12.9217227829755
-0.03095869084443841,16.137309005336682
-0.05252757009506306,31.641294797272423
-1.217791890634699,-14.138890062009661
-0.672261773514369,16.137309005336682
0.16997473040900107,-9.956774156348473
-0.9718979137563235,78.70298308265971
-0.058578370644802334,56.467438218838886
-0.113624667977236,-4.27374692175362
-1.6778178025694679,13.73569103313465
-0.7287260669656467,-23.69499838117953
0.44922296516495946,-8.558438931875193
0.32482562098165857,-4.5569853151450985
-0.17935181727408317,7.265070709056594
0.27586775984203465,19.915807279684387
-0.4198911017118402,16.137309005336682
0.31021410415629347,31.641294797272423
-0.43529365049160484,49.925647069350426
0.15438855266195128,4.781531668460141
3.1299622614874876,-4.078524786165337
1.1127658037795611,-12.9217227829755
-0.7287260669656467,16.8762399221961
0.1586219282642693,16.98247544783629
-0.009028874904964578,-6.223666195099975
-1.0556011267440089,-39.48264072720317
0.24466803898715012,-7.308931431818518
0.0010470528883741892,1.6473613643481597
0.16181664640404847,-1.9488866283982613
-0.4198911017118402,-4.078524786165337
-0.2741974333344227,35.727326701158034
0.26972067301564895,-40.3877793567228
1.041244599416565,-15.935206029103457
-0.08657770336893914,-2.9291310600555684
1.7993968814994363,-7.616156830860184
-0.21735499260060465,-5.3619535347475376
-0.2941137015527696,-6.223666195099975
0.30824932449865255,-12.699829097706006
-0.1845534832672918,40.690505495633346
1.394174000488054,-0.0038359853624834496
-1.2497736591103932,49.925647069350426
0.05864512242631372,-27.15700683138211
0.39926502701555744,-4.078524786165337
0.32482562098165857,-15.935206029103457
1.478002339277954,0.864766501985906
-0.2033653306411805,-2.7029679554461388
0.16181664640404847,-5.3619535347475376
-0.4198911017118402,18.745431048207855
-0.36332751780594286,-27.259749061922307
0.32482562098165857,15.093593964234987
0.20188123959900697,17.28183675774978
0.36435750103282766,13.122226931785953
0.6011300846259356,-2.7029679554461388
-0.30057689291677187,-0.5361732542154023
0.272507160170109,22.526360517017405
0.4242270604129871,-4.078524786165337
-0.19466522561525249,44.44184669975891
-0.00606422098292847,21.21099415724861
-0.1118305206688687,23.503575342205522
-0.645465049471885,-12.699829097706006
0.5786464468577881,18.48178911445189
0.34238876799479534,56.59659836344661
-1.5578744236929156,0.7847641990366732
-0.05252757009506306,18.10404076332848
0.44922296516495946,-39.1763748935869
1.4616500348830879,-21.699206232645043
-0.19466522561525249,-4.5569853151450985
1.394174000488054,-27.504862198609242
-0.009028874904964578,-23.646534104325497
-1.1793887582032776,-23.646534104325497
-1.5034819450854005,-21.699206232645043
-0.6802110654890579,-2.7029679554461388
0.047684826740882966,-34.62117903171609
2.2358660093761475,-33.21374444224675
0.44922296516495946,11.627289824075353
1.5822698280934888,18.10404076332848
1.041244599416565,-8.558438931875193
0.7210651548527853,-14.138890062009661
0.4242270604129871,-10.081603544848427
0.16181664640404847,17.77974226352989
0.20188123959900697,-13.7293368035301
1.2553987807724112,97.1706774401698
0.1862811975921174,15.093593964234987
-0.7050481787525923,-2.9800795243972953
0.00999572619345961,-4.5569853151450985
0.38403387494372687,13.122226931785953
-0.505048042284805,162.90653740739342
-0.7287260669656467,-1.9488866283982613
0.532244698972776,0.7847641990366732
-0.7050481787525923,-5.3619535347475376
-0.36332751780594286,-38.8446486552365
0.007968033397800145,0.7847641990366732
0.05864512242631372,-4.5569853151450985
0.3800454743780971,-4.0030311692097875
0.30057329476854466,18.10404076332848
-0.7287260669656467,18.48178911445189
0.05864512242631372,-7.616156830860184
0.20188123959900697,-38.8446486552365
2.012551393286114,13.122226931785953
0.39926502701555744,7.265070709056594
0.8958327942725657,18.06735682480273
-0.1118305206688687,-27.259749061922307
0.00999572619345961,16.8762399221961
-0.9718979137563235,7.038437199521378
0.39926502701555744,-38.8446486552365
0.15438855266195128,-18.44398679929323
0.2028095494411093,17.28183675774978
3.1299622614874876,5.911317787528296
0.44922296516495946,26.49447126537633
-0.2076377528588214,15.719889307234046
-0.7050481787525923,20.943839012767775
-0.10825325223886004,3.010803771110808
0.2006814916813869,-20.99715135852902
-1.2497736591103932,7.038437199521378
0.39926502701555744,42.74014106971756
0.1589884271769304,7.038437199521378
0.44922296516495946,15.66197399815461
-0.10825325223886004,29.973871336493364
-0.1118305206688687,17.77974226352989
-0.43529365049160484,18.06735682480273
-0.36332751780594286,-27.504862198609242
-0.15963008896540815,-1.0630246735620064
-0.1118305206688687,-52.37795764006779
-0.04555074380058599,5.911317787528296
-0.0166721650619027,49.925647069350426
1.172089607772758,-12.9217227829755
1.041244599416565,-13.840528630824332
-0.7050481787525923,11.627289824075353
-0.3151451186445354,-21.989749770128757
0.047684826740882966,-0.8843744842369765
-0.16880052818434513,-0.5361732542154023
-0.10825325223886004,-1.0630246735620064
3.1299622614874876,-14.807425866768156
1.4616500348830879,78.70298308265971
-0.7050481787525923,6.375386923193691
0.1918725988069705,8.94794705401277
1.394174000488054,12.102494748238584
-0.2741974333344227,14.044821634337412
0.0916091018483673,-39.05484876941181
-0.02603624527195943,14.280904842711205
-0.3151451186445354,-7.161763165519547
0.3505467633222156,34.66640998521532
0.5786464468577881,15.093593964234987
0.5786464468577881,-4.5569853151450985
0.0010470528883741892,18.10404076332848
-0.16880052818434513,-4.0030311692097875
-0.05873740317876268,-18.44398679929323
-0.03861156615609694,-5.568099291779881
0.05864512242631372,-0.0038359853624834496
0.2006814916813869,34.66640998521532
0.0010470528883741892,14.004420132976355
0.5786464468577881,-38.8446486552365
0.10001883060204593,17.28183675774978
1.041244599416565,14.044821634337412
0.5786464468577881,-27.504862198609242
-0.2033653306411805,-38.8446486552365
-0.2033653306411805,17.28183675774978
0.0916091018483673,-11.111584414861227
0.3232970364782351,-4.27374692175362
-0.17935181727408317,-2.7029679554461388
1.041244599416565,-4.0030311692097875
-0.05252757009506306,-18.538109028352324
-0.0792748196307623,11.627289824075353
0.42628203894762057,-18.44398679929323
-0.43529365049160484,40.690505495633346
2.5062562280628145,-15.935206029103457
1.0742461550524685,40.690505495633346
0.6526028477519574,9.20004271711571
-0.00606422098292847,0.864766501985906
0.6735839854136264,18.10404076332848
-0.03095869084443841,-10.276710497240433
-0.40587280791599634,-25.908721899119882
0.5786464468577881,25.66939669000617
0.10001883060204593,21.387570884234133
-0.2741974333344227,17.224157523989543
-0.18590351632647606,0.864766501985906
0.1586219282642693,0.04146826652060548
-0.15193756696726807,35.727326701158034
-0.3151451186445354,-4.27374692175362
-0.14304889760529674,2.8499852625433655
-0.7050481787525923,49.925647069350426
0.1918725988069705,18.10404076332848
0.272507160170109,-10.035404744287794
-0.1845534832672918,-20.99715135852902
0.4242270604129871,-27.504862198609242
0.8958327942725657,13.064261480023923
0.8958327942725657,8.94794705401277
0.1918725988069705,42.74014106971756
-0.03095869084443841,13.122226931785953
-0.9024675039485013,-8.558438931875193
1.7274817463526346,32.93493596372664
0.39926502701555744,-2.9291310600555684
-0.19466522561525249,0.864766501985906
0.39926502701555744,26.11635690996309
-0.9024675039485013,-4.949681631400662
1.9046788635615386,-15.935206029103457
-0.43529365049160484,0.6309309569732581
-0.6299094769965032,3.010803771110808
0.4756248784722886,7.265070709056594
-0.801053308863267,21.387570884234133
-0.1118305206688687,-38.8446486552365
-0.21376361882889733,7.265070709056594
-0.19466522561525249,-8.558438931875193
-0.0764545697770406,-2.9291310600555684
0.1589884271769304,-38.8446486552365
0.00999572619345961,35.727326701158034
1.7691257909305187,-12.699829097706006
0.8413545350956095,-24.959993554285578
-0.05252757009506306,17.28183675774978
0.16997473040900107,16.137309005336682
0.3505467633222156,-7.308931431818518
-0.505048042284805,-4.5569853151450985
0.16181664640404847,-1.9488866283982613
0.30407817344469507,-2.9614244565298433
0.20188123959900697,21.387570884234133
-1.393529444639474,18.48178911445189
1.2506582497678416,-10.814404479470381
-3.297318649963638,-10.276710497240433
-0.6802110654890579,40.690505495633346
-0.21735499260060465,-23.646534104325497
0.18668415979289468,7.596740867050775
0.0010470528883741892,49.925647069350426
-1.4442959583507398,26.11635690996309
-0.12385572129947438,5.004397063638481
-0.2738920535334189,13.122226931785953
0.20188123959900697,14.81756871123022
0.6011300846259356,-27.259749061922307
0.5101920150542831,17.77974226352989
-0.365708981743811,-2.7029679554461388
-0.10825325223886004,113.64449905433763
-0.4198911017118402,20.943839012767775
0.5786464468577881,17.28183675774978
0.688791828861265,44.44184669975891
0.3505467633222156,-38.8446486552365
0.20188123959900697,5.004397063638481
0.00999572619345961,49.925647069350426
0.8958327942725657,-1.43261949820052
-0.7050481787525923,11.627289824075353
0.5101920150542831,20.021864907847988
-0.044810527848512395,-4.5569853151450985
0.16997473040900107,-1.9313173035818287
0.20188123959900697,1.4586853266479543
-0.03861156615609694,-4.5569853151450985
-0.36332751780594286,42.74014106971756
0.20188123959900697,-1.9488866283982613
0.0010470528883741892,7.596740867050775
-0.030646184935596434,7.596740867050775
0.5786464468577881,10.438571144155382
0.8958327942725657,-27.504862198609242
-0.21735499260060465,-6.6612816997610516
-0.009028874904964578,13.73569103313465
-0.3151451186445354,0.864766501985906
0.0916091018483673,-38.8446486552365
-0.0166721650619027,-23.646534104325497
0.2341443478001918,0.7801741743172745
0.8958327942725657,5.911317787528296
-0.02705603350502108,-24.959993554285578
1.5355175086949657,3.010803771110808
-0.19466522561525249,17.77974226352989
0.5786464468577881,21.245403893104715
0.16181664640404847,13.122226931785953
-0.08867063383433955,7.038437199521378
-0.6941908539196296,21.245403893104715
0.047684826740882966,29.973871336493364
0.6735839854136264,-40.3877793567228
0.0010470528883741892,18.48178911445189
-0.21376361882889733,13.122226931785953
-0.05252757009506306,-4.078524786165337
1.8449462246318096,16.8762399221961
0.2028095494411093,49.925647069350426
0.689246666015755,-4.078524786165337
-2.065249419239362,-15.935206029103457
-1.2497736591103932,0.04146826652060548
0.05909883430361802,-2.7029679554461388
-0.14304889760529674,14.044821634337412
0.4242270604129871,14.004420132976355
0.1918725988069705,7.38675613760892
-0.04555074380058599,21.245403893104715
0.1589884271769304,-5.3619535347475376
0.4242270604129871,35.727326701158034
0.05864512242631372,11.627289824075353
-0.801053308863267,40.690505495633346
-0.0792748196307623,-17.416640261134116
-0.0352084347935643,10.438571144155382
-0.14304889760529674,-10.276710497240433
0.05864512242631372,-15.935206029103457
0.24600207104221977,-23.69499838117953
0.16997473040900107,78.70298308265971
-0.1114831986007296,-39.48264072720317
0.41530050538439856,21.21099415724861
0.075532725310448,16.8762399221961
-0.00606422098292847,-6.6612816997610516
-0.30057689291677187,-20.99715135852902
1.3402699205612447,22.526360517017405
-0.4198911017118402,-39.48264072720317
-0.1118305206688687,-7.616156830860184
0.17887008538654098,-10.276710497240433
0.31021410415629347,35.727326701158034
-0.43529365049160484,-12.9217227829755
1.041244599416565,31.641294797272423
1.5822698280934888,-7.308931431818518
0.5786464468577881,3.010803771110808
0.16997473040900107,-20.99715135852902
0.043113239087593416,-10.276710497240433
1.3997807965823006,-18.44398679929323
0.2341443478001918,-10.884568947883732
0.688791828861265,7.265070709056594
0.2341443478001918,7.017127675090229
-1.5034819450854005,5.911317787528296
-0.2033653306411805,-39.48264072720317
0.16268039011447305,-0.5361732542154023
0.4997419662193159,3.1405316026897645
0.2917628204390065,14.044821634337412
0.0916091018483673,-24.959993554285578
-0.47282598073482546,23.372825929697136
0.05864512242631372,17.77974226352989
-0.10825325223886004,-3.526894058084416
0.04778851635149166,31.57671909153448
0.00999572619345961,35.727326701158034
0.3800454743780971,12.862794183118371
0.5786464468577881,-2.9800795243972953
-3.297318649963638,-14.138890062009661
-0.01631420073264045,-10.276710497240433
0.20188123959900697,-39.48264072720317
-0.08771594774860603,-4.949681631400662
0.38403387494372687,-15.935206029103457
-1.689401290665661,-21.699206232645043
-0.33766091036657025,42.74014106971756
0.043113239087593416,-27.15700683138211
-0.8246288976755036,18.48178911445189
0.1918725988069705,-24.959993554285578
1.041244599416565,-1.9488866283982613
0.46640658963121295,-7.616156830860184
0.2341443478001918,11.195706723116947
0.9206659441209073,18.10404076332848
0.29653774554932444,-10.32835572313355
0.2028095494411093,-30.108523831933937
-2.065249419239362,12.102504841680373
-0.2893681985950519,-21.699206232645043
0.19769300947974253,-1.9488866283982613
0.3800454743780971,32.96094067614628
1.5822698280934888,-4.0030311692097875
0.36435750103282766,-39.48264072720317
-0.17935181727408317,-38.8446486552365
-0.08657770336893914,-2.7029679554461388
0.39926502701555744,-4.078524786165337
0.00999572619345961,16.137309005336682
-0.2033653306411805,-27.259749061922307
-0.1114831986007296,-0.5361732542154023
-0.10825325223886004,3.010803771110808
-0.009028874904964578,18.10404076332848
1.9022587109706586,18.48178911445189
-0.0754261473078616,-0.5361732542154023
-0.17935181727408317,-1.9459217090021586
-0.058578370644802334,-7.616156830860184
0.4242270604129871,14.280904842711205
-0.7287260669656467,31.641294797272423
0.34238876799479534,26.49447126537633
0.7398260597725317,-3.7731426931645045
-0.1118305206688687,-7.616156830860184
1.2553987807724112,-2.0982517115565
0.7210651548527853,6.2554190503992375
1.5822698280934888,-6.6612816997610516
1.5572188396577433,-0.5361732542154023
-0.1118305206688687,21.245403893104715
1.0742461550524685,-20.99715135852902
-0.21735499260060465,31.641294797272423
0.16181664640404847,-47.17645554782859
0.1589884271769304,-27.504862198609242
-0.16880052818434513,40.690505495633346
0.44922296516495946,18.06735682480273
-0.7287260669656467,-23.69499838117953
1.041244599416565,-10.276710497240433
-0.6694664349971302,7.038437199521378
1.041244599416565,18.10404076332848
-0.7429272192252189,7.265070709056594
0.3228247438500903,-27.504862198609242
-0.36332751780594286,101.23534029866036
-0.43529365049160484,49.925647069350426
-0.10462615523354754,8.94794705401277
-0.505048042284805,0.04146826652060548
-1.393529444639474,-4.0030311692097875
-0.6299094769965032,-24.959993554285578
-0.7160738754535848,-3.7731426931645045
1.041244599416565,35.727326701158034
1.2506582497678416,-7.616156830860184
-0.2033653306411805,-0.5361732542154023
0.18668415979289468,-1.6881085035055867
-0.7287260669656467,-5.568099291779881
-0.024598674677790366,-29.856487290051373
0.16159146195309612,-3.526894058084416
0.39926502701555744,15.093593964234987
0.688791828861265,-4.27374692175362
-0.7050550900595922,-40.19327155395332
0.029992153168686732,-4.27374692175362
0.4242270604129871,-9.811847721093269
-0.1845534832672918,-7.616156830860184
-0.21376361882889733,-8.7422950833559
1.5822698280934888,-4.0030311692097875
0.20257742939561063,-28.028858425570593
-0.35281270793989095,26.49447126537633
-0.2593454515750621,-14.599071393320667
0.1586219282642693,-47.17645554782859
0.36435750103282766,44.743497401818274
1.394174000488054,-14.761836885402682
0.05864512242631372,17.77974226352989
-0.19466522561525249,31.641294797272423
-0.18590351632647606,-38.8446486552365
2.012551393286114,2.8499852625433655
0.8958327942725657,8.94794705401277
0.05864512242631372,10.702260964686408
-0.00606422098292847,-4.27374692175362
-0.2741974333344227,15.093593964234987
-0.024598674677790366,-12.699829097706006
0.27586775984203465,-3.526894058084416
-0.21376361882889733,16.67456378847738
-0.10462615523354754,5.911317787528296
-0.10825325223886004,-4.0030311692097875
-0.9024675039485013,35.727326701158034
0.1918725988069705,-27.259749061922307
-0.21376361882889733,-18.041078592126844
0.8958327942725657,-4.078524786165337
2.0013801206858988,-2.2335130345263385
-1.2497736591103932,17.77974226352989
0.4242270604129871,-29.856487290051373
-0.16880052818434513,-2.9800795243972953
0.0010470528883741892,-4.27374692175362
0.26972067301564895,7.265070709056594
0.20188123959900697,-0.8843744842369765
0.18668415979289468,-0.8843744842369765
-0.19723665039468066,-4.0030311692097875
-1.2497736591103932,15.355957543981352
0.4687821404458741,-2.9614244565298433
-0.058578370644802334,32.96094067614628
0.6011300846259356,-5.059436089640311
0.20188123959900697,18.10404076332848
-0.10825325223886004,-11.111584414861227
-0.1118305206688687,-2.9800795243972953
-0.03861156615609694,-8.558438931875193
0.16181664640404847,-10.276710497240433
0.04980822178464671,23.372825929697136
0.3505467633222156,-7.965552930046018
0.3906688513397044,-21.699206232645043
-0.1118305206688687,-18.44398679929323
-0.17935181727408317,-9.150666438419684
0.0010470528883741892,0.04146826652060548
-0.21937163611603822,3.010803771110808
-0.00606422098292847,-1.0630246735620064
0.047684826740882966,-3.3960019819265512
-0.21735499260060465,-10.884568947883732
0.13071120725620614,42.74014106971756
0.16997473040900107,-39.48264072720317
-0.505048042284805,-10.276710497240433
0.44922296516495946,-23.646534104325497
-0.009028874904964578,-4.0030311692097875
-0.08048260070473123,20.943839012767775
0.05864512242631372,-4.579917727602352
-0.47282598073482546,7.38675613760892
-0.00013670845530624475,8.94794705401277
-0.505048042284805,26.49447126537633
-0.6299094769965032,-7.576370497613808
0.7210651548527853,-2.218290423663901
0.13071120725620614,-2.2335130345263385
0.32482562098165857,-7.616156830860184
-0.36332751780594286,32.96094067614628
-0.9024675039485013,-12.699829097706006
-0.017168990736273714,20.021864907847988
-0.11401791152207985,0.864766501985906
-0.7160738754535848,44.44184669975891
-0.3151451186445354,-4.27374692175362
0.15042606883719006,-5.3619535347475376
-0.7287260669656467,13.122226931785953
1.172089607772758,0.864766501985906
-1.5464783585181123,7.596740867050775
-0.0792748196307623,-12.699829097706006
-0.05252757009506306,-40.19327155395332
-0.2741974333344227,-3.526894058084416
0.2528020560677244,-3.3960019819265512
1.394174000488054,-48.23772936159969
-0.1118305206688687,13.122226931785953
-0.7287260669656467,-2.2406475835398503
-0.15193756696726807,13.122226931785953
-0.4198911017118402,-15.935206029103457
0.5209864602641708,7.770689351416952
-0.16880052818434513,-4.051877673123212
0.16051745893966754,65.91807055587971
-0.1845534832672918,-0.5361732542154023
-1.2497736591103932,-3.526894058084416
0.00999572619345961,23.372825929697136
0.3505467633222156,-4.078524786165337
0.5101920150542831,-3.3960019819265512
-0.14304889760529674,-10.276710497240433
-0.7287260669656467,337.79091355894997
-0.17935181727408317,-11.378279124648387
-0.00606422098292847,44.743497401818274
0.7398260597725317,-8.558438931875193
0.44922296516495946,7.38675613760892
-0.30057689291677187,-1.0630246735620064
0.047684826740882966,13.987238754500622
0.05864512242631372,-40.3877793567228
-0.058578370644802334,-2.7029679554461388
0.10001883060204593,14.280904842711205
1.0742461550524685,-12.699829097706006
-0.505048042284805,34.66640998521532
1.0742461550524685,-10.276710497240433
0.03258673623427275,-10.207342532722286
0.30057329476854466,-4.078524786165337
-0.10462615523354754,-7.308931431818518
-1.217791890634699,-3.3960019819265512
-0.2593454515750621,10.438571144155382
-0.30057689291677187,17.28183675774978
-0.00606422098292847,18.48178911445189
-0.00606422098292847,-47.17645554782859
0.16181664640404847,7.38675613760892
0.043113239087593416,-18.44398679929323
0.8413545350956095,14.81756871123022
0.44922296516495946,-14.138890062009661
0.46640658963121295,18.77231901118117
0.16997473040900107,34.66640998521532
1.5822698280934888,-1.0630246735620064
2.0755236001364437,15.355957543981352
-2.366301450965275,-38.8446486552365
-0.00013670845530624475,7.596740867050775
-0.3151451186445354,-27.259749061922307
1.041244599416565,-14.138890062009661
-0.18590351632647606,6.2392066147147895
0.45325600338022703,44.44184669975891
-0.058578370644802334,-8.558438931875193
-0.801053308863267,-3.724440267168172
-0.0352084347935643,-20.99715135852902
0.1918725988069705,-4.27374692175362
0.16181664640404847,12.080490209402095
0.0010470528883741892,35.727326701158034
-0.33576938220124525,19.915807279684387
2.0755236001364437,18.10404076332848
0.19769300947974253,3.010803771110808
0.2006814916813869,-18.44398679929323
-0.35281270793989095,-14.138890062009661
0.6011300846259356,42.74014106971756
-0.2033653306411805,17.77974226352989
0.007968033397800145,21.245403893104715
-0.8246288976755036,0.04146826652060548
0.16268039011447305,-4.846002185727043
0.19769300947974253,29.973871336493364
0.688791828861265,0.05646438547059542
0.2434758227448847,78.70298308265971
0.46640658963121295,-3.526894058084416
-0.1118305206688687,31.641294797272423
1.0742461550524685,18.48178911445189
-0.2741974333344227,-10.814404479470381
-1.4442959583507398,-5.059436089640311
0.32482562098165857,35.727326701158034
0.39926502701555744,-4.27374692175362
0.532244698972776,-3.3960019819265512
-0.2741974333344227,-10.276710497240433
0.8958327942725657,7.038437199521378
0.16997473040900107,-1.9488866283982613
-0.801053308863267,-23.69499838117953
1.2358599040804323,-20.99715135852902
-0.10462615523354754,-1.9488866283982613
-0.30057689291677187,12.080490209402095
-0.058578370644802334,32.96094067614628
0.32482562098165857,-12.9217227829755
0.06288897005254657,-26.313056082160845
0.44922296516495946,17.28183675774978
0.08869433021277813,7.038437199521378
0.6011300846259356,35.727326701158034
-0.2033653306411805,-0.8843744842369765
-0.0352084347935643,-18.041078592126844
0.00999572619345961,23.372825929697136
-0.505048042284805,-40.19327155395332
0.2341443478001918,-4.078524786165337
0.1918725988069705,13.122226931785953
-0.14304889760529674,-2.9614244565298433
-0.009028874904964578,49.925647069350426
1.5822698280934888,-47.17645554782859
0.20188123959900697,-39.05484876941181
0.16268039011447305,0.7847641990366732
-0.05252757009506306,-25.344122145253287
0.0010470528883741892,-20.99715135852902
1.041244599416565,29.973871336493364
0.1918725988069705,26.11635690996309
0.4242270604129871,15.093593964234987
0.1918725988069705,16.137309005336682
-0.801053308863267,15.093593964234987
-0.33576938220124525,7.596740867050775
-0.904254043280354,22.64623650589953
-0.21735499260060465,-15.05231678178359
-0.9024675039485013,26.49447126537633
0.39926502701555744,-2.9291310600555684
1.2553987807724112,17.28183675774978
-0.2033653306411805,-27.504862198609242
-0.4669169529303681,-6.6612816997610516
-0.03861156615609694,-14.138890062009661
-0.00606422098292847,17.28183675774978
0.3800454743780971,-15.347575898405239
-0.05252757009506306,23.503575342205522
0.4997419662193159,-12.699829097706006
1.5055984623564311,18.06735682480273
-0.05873740317876268,-40.19327155395332
1.2553987807724112,5.911317787528296
-0.05252757009506306,23.372825929697136
0.3505467633222156,15.093593964234987
0.24091768007056805,17.77974226352989
-0.17935181727408317,-4.27374692175362
-1.2497736591103932,-29.01925450775799
-0.16880052818434513,18.48178911445189
-0.505048042284805,-32.31398079172564
0.13071120725620614,-1.2870816333418091
-1.4442959583507398,20.2183142232873
0.2341443478001918,7.596740867050775
0.05864512242631372,-4.0030311692097875
-0.01631420073264045,29.995661536328267
1.5822698280934888,-33.21374444224675
0.44922296516495946,40.690505495633346
-1.5464783585181123,49.925647069350426
-0.9869487568887413,-36.94575770724904
0.16181664640404847,17.28183675774978
0.3193683602170187,-9.956774156348473
0.19769300947974253,-24.959993554285578
-0.43529365049160484,-0.8843744842369765
0.29653774554932444,-7.616156830860184
0.46640658963121295,0.864766501985906
0.16530219056865675,7.038437199521378
0.3505467633222156,7.596740867050775
-0.05252757009506306,-4.27374692175362
-0.3054210698026699,11.627289824075353
0.36435750103282766,7.265070709056594
-0.6299094769965032,-12.699829097706006
-0.43529365049160484,0.04146826652060548
0.36435750103282766,-12.9217227829755
-1.4442959583507398,42.74014106971756
-0.3294928383793912,-4.27374692175362
0.18511769880842915,65.91807055587971
0.00999572619345961,-20.99715135852902
0.27586775984203465,-47.17645554782859
-0.11401791152207985,-4.5569853151450985
0.4242270604129871,78.70298308265971
0.2528020560677244,34.66640998521532
0.043113239087593416,7.596740867050775
-0.3054210698026699,-21.699206232645043
-0.10462615523354754,0.864766501985906
-0.2738920535334189,-10.119080267352768
0.16181664640404847,-13.840528630824332
0.44922296516495946,34.66640998521532
-0.18919986416985762,-6.072911394740857
1.041244599416565,11.627289824075353
0.1586219282642693,-18.44398679929323
0.4242270604129871,-6.152960897313826
0.18511769880842915,-39.48264072720317
-0.17935181727408317,65.21136808967643
1.041244599416565,15.355957543981352
1.041244599416565,-39.48264072720317
-0.04555074380058599,-2.9800795243972953
0.3505467633222156,20.943839012767775
0.39926502701555744,5.911317787528296
0.10001883060204593,-14.761836885402682
0.0010470528883741892,-0.5361732542154023
-0.05252757009506306,14.280904842711205
0.04778851635149166,-4.078524786165337
-0.12894786135221284,-0.5361732542154023
-0.21735499260060465,0.864766501985906
0.13071120725620614,-2.7029679554461388
-1.2497736591103932,-7.616156830860184
0.0010470528883741892,-0.5361732542154023
0.47654322778642794,0.04146826652060548
-1.4442959583507398,13.122226931785953
0.46640658963121295,78.70298308265971
1.5355175086949657,-2.7029679554461388
-0.6802110654890579,-2.9291310600555684
-0.7287260669656467,21.245403893104715
-1.4276687895233653,-4.5569853151450985
0.10001883060204593,14.004420132976355
-0.05252757009506306,-4.078524786165337
0.19769300947974253,-1.201570679043519
-0.30057689291677187,-4.0030311692097875
0.2341443478001918,-4.27374692175362
-0.03861156615609694,-10.081603544848427
1.2553987807724112,-31.812916858342703
0.20188123959900697,-4.516151465019735
0.11980487094519213,-21.699206232645043
0.00999572619345961,-7.616156830860184
-0.04555074380058599,31.641294797272423
-0.505048042284805,-0.5361732542154023
0.39926502701555744,-3.9671451152817934
0.18668415979289468,11.627289824075353
-0.24894497083856326,56.59659836344661
-1.2497736591103932,7.038437199521378
-0.5399423494487576,-2.2335130345263385
-1.5034819450854005,-0.0038359853624834496
1.5822698280934888,-39.48264072720317
0.13071120725620614,1.562435408792224
-0.044810527848512395,-14.138890062009661
-0.07196222189562931,35.727326701158034
0.44922296516495946,-10.276710497240433
-0.01631420073264045,7.038437199521378
1.0742461550524685,13.987238754500622
0.18668415979289468,-1.9488866283982613
-0.21735499260060465,-4.5569853151450985
0.6735839854136264,7.596740867050775
0.32482562098165857,7.038437199521378
-0.24416541236390005,0.864766501985906
0.16181664640404847,31.641294797272423
0.00999572619345961,42.74014106971756
-0.3151451186445354,-20.99715135852902
0.0010470528883741892,7.038437199521378
0.688791828861265,-6.152960897313826
0.44922296516495946,-29.856487290051373
0.6097296047041605,-1.0630246735620064
1.5822698280934888,-2.9800795243972953
3.1299622614874876,-4.078524786165337
0.3505467633222156,2.63263339993483
1.7274817463526346,-7.719198499706887
-0.4198911017118402,22.549677118574028
-0.03095869084443841,-32.18312620050924
-0.4198911017118402,-10.119080267352768
-0.03095869084443841,-1.0630246735620064
-1.1793887582032776,-15.935206029103457
-1.4442959583507398,16.137309005336682
0.0010470528883741892,-4.078524786165337
-0.04555074380058599,7.596740867050775
0.36435750103282766,-2.7029679554461388
-0.2738920535334189,12.102494748238584
-0.4198911017118402,31.641294797272423
-0.4198911017118402,5.911317787528296
0.1918725988069705,-27.259749061922307
-0.31021122470612056,13.122226931785953
-0.16880052818434513,16.137309005336682
0.20188123959900697,-1.9488866283982613
-0.00606422098292847,-34.62117903171609
-0.17935181727408317,-10.884568947883732
0.0010470528883741892,6.2392066147147895
-0.36332751780594286,-4.078524786165337
-0.1118305206688687,29.704337441723858
0.4242270604129871,-72.19781680261991
0.6735839854136264,-0.5361732542154023
1.2553987807724112,-4.949681631400662
-0.0754261473078616,-24.959993554285578
-0.17935181727408317,7.265070709056594
-1.2497736591103932,18.10404076332848
0.16181664640404847,0.6404920401140275
-0.1118305206688687,-5.3619535347475376
-1.2497736591103932,18.06735682480273
0.03258673623427275,-4.078524786165337
-0.3151451186445354,-12.9217227829755
-0.36332751780594286,-3.3960019819265512
-1.2059451917661819,12.102494748238584
0.8958327942725657,7.038437199521378
0.043113239087593416,-8.7422950833559
-0.4342998201327942,-15.099009954866625
-0.36332751780594286,7.78094809608704
1.0742461550524685,7.038437199521378
-0.7287260669656467,18.48178911445189
0.16181664640404847,18.06735682480273
-1.4442959583507398,-16.25322274257984
-0.058578370644802334,14.280904842711205
1.1127658037795611,17.77974226352989
-0.0792748196307623,-46.523517778655
-0.03095869084443841,-4.5569853151450985
-0.7517570922798555,7.038437199521378
-0.7401456791303287,14.81756871123022
0.075532725310448,2.1338652505476157
1.394174000488054,0.5465942706398988
0.6011300846259356,-12.699829097706006
0.18668415979289468,0.04146826652060548
1.6593624605044475,-15.935206029103457
-0.037097603046434724,14.280904842711205
1.4051177019833445,13.064261480023923
0.00999572619345961,-15.935206029103457
-0.801053308863267,-14.761836885402682
-0.01631420073264045,0.04146826652060548
1.5822698280934888,13.976408821605908
-0.03861156615609694,-18.44398679929323
1.9022587109706586,12.102494748238584
-0.058578370644802334,-2.9800795243972953
-0.35243879767473646,7.340366661926466
-0.18590351632647606,-29.856487290051373
-0.2033653306411805,44.982432429205495
0.10001883060204593,13.122226931785953
-0.36332751780594286,35.727326701158034
-0.08657770336893914,-10.814404479470381
1.5822698280934888,14.97768290564685
-0.47282598073482546,-4.078524786165337
0.18668415979289468,18.48178911445189
-0.2076377528588214,-13.840528630824332
-0.05252757009506306,-39.48264072720317
-0.7287260669656467,1.4586853266479543
0.34238876799479534,-4.5569853151450985
0.532244698972776,-8.558438931875193
0.3505467633222156,-2.7029679554461388
-0.1118305206688687,-1.9488866283982613
0.043113239087593416,29.704337441723858
-0.113624667977236,18.10404076332848
1.7274817463526346,7.64174099114888
-0.03861156615609694,-4.0030311692097875
0.44922296516495946,-9.956774156348473
-0.7050481787525923,-39.48264072720317
1.2553987807724112,7.596740867050775
0.6735839854136264,-0.5361732542154023
0.20188123959900697,25.66939669000617
-0.00606422098292847,7.038437199521378
0.2006814916813869,-12.699829097706006
0.46640658963121295,18.48178911445189
-0.4198911017118402,16.98247544783629
0.19769300947974253,-5.3619535347475376
0.04778851635149166,-2.3141928410932953
0.16997473040900107,-21.925067375973722
-0.17935181727408317,0.04146826652060548
0.9544380869215774,17.28183675774978
0.0010470528883741892,-21.699206232645043
0.075532725310448,-10.884568947883732
0.1589884271769304,15.719889307234046
-0.24785046675102862,-5.3619535347475376
-0.36332751780594286,7.596740867050775
0.16268039011447305,-2.9800795243972953
-0.2738920535334189,17.77974226352989
-0.36332751780594286,21.245403893104715
0.05864512242631372,18.48178911445189
1.5822698280934888,-12.9217227829755
0.6011300846259356,-14.761836885402682
0.0010470528883741892,-25.908721899119882
0.26972067301564895,337.79091355894997
-0.2076377528588214,32.96094067614628
-0.2033653306411805,7.596740867050775
0.05864512242631372,-27.259749061922307
0.6011300846259356,40.690505495633346
1.2553987807724112,-4.5569853151450985
0.6011300846259356,5.911317787528296
-0.21376361882889733,-20.941459572636077
1.041244599416565,-1.43261949820052
-0.23758498733152322,18.06735682480273
0.16181664640404847,7.596740867050775
0.3800454743780971,-10.081603544848427
-0.16880052818434513,7.38675613760892
0.2528020560677244,0.04146826652060548
0.007968033397800145,2.63263339993483
0.18668415979289468,42.74014106971756
0.33457055631954125,-10.276710497240433
-0.05252757009506306,-3.526894058084416
0.16181664640404847,18.10404076332848
0.16268039011447305,18.694892084583277
-0.33576938220124525,-7.616156830860184
-0.10825325223886004,-0.5361732542154023
-0.7160738754535848,-0.5361732542154023
0.34238876799479534,21.21099415724861
0.075532725310448,8.799725091799269
-0.05873740317876268,-4.0030311692097875
-1.4276687895233653,7.38675613760892
0.04834673790542032,-1.9488866283982613
0.043113239087593416,-2.9614244565298433
-0.017168990736273714,11.627289824075353
0.44922296516495946,-4.27374692175362
-1.5034819450854005,-10.056424393302532
1.041244599416565,17.77974226352989
1.5822698280934888,-15.935206029103457
-0.36332751780594286,7.340366661926466
0.6011300846259356,-5.3619535347475376
0.16181664640404847,-27.259749061922307
0.8958327942725657,15.093593964234987
0.33457055631954125,-12.9217227829755
0.1918725988069705,0.04146826652060548
0.36435750103282766,-47.17645554782859
-0.16880052818434513,40.690505495633346
-0.00013670845530624475,-24.959993554285578
-0.00606422098292847,7.38675613760892
-0.36332751780594286,3.010803771110808
-0.2033653306411805,34.66640998521532
-1.4442959583507398,21.245403893104715
0.6735839854136264,11.25863723715804
-1.2497736591103932,-7.616156830860184
-0.7050481787525923,12.102494748238584
0.2028095494411093,-25.246355178563757
0.5786464468577881,-18.44398679929323
0.20257742939561063,-38.8446486552365
0.26972067301564895,20.943839012767775
-0.0673472244820494,-2.7029679554461388
0.37149901830778975,5.911317787528296
0.3606517853674941,-23.69499838117953
-0.08657770336893914,7.038437199521378
1.041244599416565,-5.3619535347475376
-0.023658355110180922,5.911317787528296
0.19418111044770825,-17.97391752245654
-0.05252757009506306,31.57671909153448
0.075532725310448,-1.9488866283982613
-0.7050481787525923,-0.5361732542154023
-0.03861156615609694,31.57671909153448
0.3505467633222156,10.702260964686408
0.4997419662193159,-13.989261657391179
-0.10825325223886004,-33.21374444224675
-0.9718979137563235,5.39666366246006
-0.3294928383793912,17.28183675774978
-0.16880052818434513,-33.21374444224675
-0.00606422098292847,-7.395869948132882
-0.17935181727408317,-1.9488866283982613
-0.0764545697770406,18.77231901118117
-1.4442959583507398,35.727326701158034
-0.04555074380058599,-0.5361732542154023
0.20188123959900697,-10.814404479470381
-0.03095869084443841,-7.616156830860184
-0.2741974333344227,-27.259749061922307
1.041244599416565,-18.44398679929323
-0.30057689291677187,-39.48264072720317
0.6011300846259356,21.245403893104715
-0.2828778532313708,-1.6881085035055867
-0.36332751780594286,-0.0038359853624834496
-0.00606422098292847,-12.9217227829755
0.1918725988069705,-14.138890062009661
-0.024598674677790366,34.66640998521532
0.0010470528883741892,-14.761836885402682
0.16181664640404847,35.727326701158034
-0.00606422098292847,-1.9488866283982613
1.3997807965823006,13.122226931785953
-0.36332751780594286,-1.9488866283982613
-0.058578370644802334,26.49447126537633
-0.4198911017118402,-0.5361732542154023
-0.2738920535334189,13.73569103313465
0.16181664640404847,-0.8843744842369765
0.6011300846259356,-9.956774156348473
-0.08771594774860603,17.77974226352989
0.5786464468577881,-1.2870816333418091
-0.05873740317876268,-12.9217227829755
0.2528020560677244,-10.276710497240433
-0.505048042284805,-4.078524786165337
0.047684826740882966,3.010803771110808
-1.2497736591103932,17.77974226352989
-0.40587280791599634,-3.526894058084416
-0.14258406777394997,15.355957543981352
-1.1995607566951416,-2.3141928410932953
0.6011300846259356,-4.27374692175362
0.44922296516495946,31.641294797272423
1.0742461550524685,-1.9459217090021586
-0.2076377528588214,-26.896748735579198
-0.03095869084443841,-19.279405262215892
0.4242270604129871,5.004397063638481
-0.16880052818434513,15.355957543981352
0.18668415979289468,7.38675613760892
-0.10825325223886004,-10.814404479470381
-0.06565703993025851,5.004397063638481
0.19769300947974253,18.694892084583277
1.1127658037795611,-4.078524786165337
0.4242270604129871,18.10404076332848
-0.10462615523354754,14.280904842711205
-0.801053308863267,-10.814404479470381
1.5822698280934888,18.48178911445189
-0.10825325223886004,0.864766501985906
0.2786039531662106,-3.526894058084416
-0.9024675039485013,21.245403893104715
-1.5464783585181123,-15.935206029103457
0.16997473040900107,-2.9800795243972953
0.5786464468577881,18.06735682480273
-0.0352084347935643,14.280904842711205
0.16997473040900107,21.21099415724861
0.23804754433392256,0.864766501985906
0.532244698972776,11.195706723116947
-0.7050481787525923,34.66640998521532
0.01708766172106726,2.5799623688686877
-0.03095869084443841,11.627289824075353
-0.10825325223886004,-27.504862198609242
-0.0764545697770406,0.6328841260730843
-0.044810527848512395,35.727326701158034
-0.3151451186445354,-1.9488866283982613
0.5786464468577881,-21.925067375973722
-0.16880052818434513,-14.92608016726255
-0.05252757009506306,-12.699829097706006
0.11980487094519213,18.48178911445189
0.20188123959900697,-46.523517778655
-0.00606422098292847,17.77974226352989
-0.03095869084443841,-20.99715135852902
-0.0792748196307623,-8.7422950833559
0.0010470528883741892,-15.935206029103457
-0.2033653306411805,19.915807279684387
-1.4442959583507398,-18.44398679929323
1.0026164971751694,11.627289824075353
-0.2941137015527696,31.641294797272423
-0.05252757009506306,-12.699829097706006
0.0402605423540356,2.8499852625433655
-0.10825325223886004,17.28183675774978
-0.03861156615609694,20.943839012767775
-0.058578370644802334,17.77974226352989
-0.024598674677790366,0.04146826652060548
0.3505467633222156,-0.5361732542154023
0.00999572619345961,3.010803771110808
0.6011300846259356,5.911317787528296
0.19769300947974253,-7.616156830860184
0.0010470528883741892,-6.6612816997610516
-0.10825325223886004,17.77974226352989
-0.7287260669656467,-8.558438931875193
-0.113624667977236,18.10404076332848
0.16181664640404847,-12.9217227829755
-0.00606422098292847,-18.44398679929323
-0.4198911017118402,0.04146826652060548
0.05864512242631372,-1.9488866283982613
-0.15875648059594238,-7.616156830860184
-0.17935181727408317,11.627289824075353
-0.12552467734978415,-4.27374692175362
0.20188123959900697,-14.92608016726255
0.1918725988069705,21.34879511607822
-0.7050550900595922,30.10403746147668
-0.23758498733152322,-7.616156830860184
0.1589884271769304,26.49447126537633
-0.7050481787525923,-4.340986430734897
0.3505467633222156,49.925647069350426
0.32482562098165857,-3.7731426931645045
-0.3054210698026699,21.245403893104715
1.9192044825252697,-4.27374692175362
0.4242270604129871,31.641294797272423
-0.4726112652643114,-10.035404744287794
0.688791828861265,15.093593964234987
-0.16880052818434513,21.245403893104715
-0.009028874904964578,-0.5361732542154023
-0.4198911017118402,3.010803771110808
-0.03095869084443841,21.943429764248087
0.44922296516495946,-9.895968986876213
0.05864512242631372,-16.25322274257984
-0.7287260669656467,0.04146826652060548
-0.1118305206688687,16.137309005336682
0.043113239087593416,21.245403893104715
-0.03095869084443841,22.526360517017405
-0.00606422098292847,-4.078524786165337
2.2358660093761475,-4.27374692175362
-0.00606422098292847,17.28183675774978
1.7274817463526346,17.77974226352989
-0.9024675039485013,-8.558438931875193
0.688791828861265,21.943429764248087
-0.03861156615609694,-14.761836885402682
0.5786464468577881,-20.99715135852902
1.041244599416565,-8.558438931875193
0.043113239087593416,41.70914557438718
-0.6299094769965032,7.596740867050775
-0.0792748196307623,-39.48264072720317
-0.7429272192252189,13.73569103313465
0.44922296516495946,0.864766501985906
1.7274817463526346,-9.150666438419684
0.2006814916813869,11.627289824075353
-0.058578370644802334,6.2392066147147895
0.32482562098165857,-10.276710497240433
2.5065347857651172,16.137309005336682
-0.009028874904964578,22.549677118574028
-0.6802110654890579,-24.959993554285578
0.1507721993692753,-47.17645554782859
0.5786464468577881,18.48178911445189
0.20188123959900697,5.004397063638481
0.3906688513397044,-14.761836885402682
-0.009028874904964578,11.195706723116947
0.36435750103282766,0.864766501985906
0.16181664640404847,-27.504862198609242
-0.3151451186445354,-1.9488866283982613
0.45325600338022703,-0.5361732542154023
-0.10825325223886004,0.7847641990366732
0.19769300947974253,-27.504862198609242
-0.03861156615609694,-17.416640261134116
1.041244599416565,-20.14133706288764
-0.06565703993025851,-12.9217227829755
-0.36332751780594286,-4.078524786165337
-0.058578370644802334,18.48178911445189
-0.3054210698026699,11.627289824075353
0.6011300846259356,-12.699829097706006
-0.03861156615609694,17.77974226352989
-0.00013670845530624475,-2.9291310600555684
0.44922296516495946,7.265070709056594
0.688791828861265,16.137309005336682
0.19769300947974253,-3.3960019819265512
0.10001883060204593,29.704337441723858
0.17887008538654098,-7.616156830860184
0.44922296516495946,-4.846002185727043
-0.10825325223886004,31.641294797272423
0.508558186780643,-11.168027150779878
2.0755236001364437,2.3456424366310573
-0.058578370644802334,-7.308931431818518
0.39926502701555744,-40.19327155395332
0.44922296516495946,11.627289824075353
-0.009028874904964578,40.690505495633346
0.3906688513397044,2.329516804521694
-0.904254043280354,-10.276710497240433
-0.6299094769965032,-20.99715135852902
-1.2497736591103932,-8.558438931875193
0.5786464468577881,-1.9488866283982613
-0.058578370644802334,14.044821634337412
0.3232970364782351,12.102494748238584
-0.15193756696726807,16.137309005336682
0.5786464468577881,-0.5361732542154023
-0.1308138626049503,-27.504862198609242
0.20188123959900697,12.080490209402095
0.8958327942725657,-21.699206232645043
-0.03861156615609694,0.04146826652060548
0.5209864602641708,29.973871336493364
0.2028095494411093,42.74014106971756
-0.6230753889609728,17.77974226352989
-0.05252757009506306,18.06735682480273
0.39926502701555744,13.99269216824317
1.394174000488054,-14.138890062009661
-0.2033653306411805,14.909803878090194
-0.17935181727408317,-7.308931431818518
-2.9938116358139317,7.596740867050775
0.20188123959900697,7.265070709056594
0.05909883430361802,-12.699829097706006
0.3232970364782351,16.137309005336682
-1.4442959583507398,-10.276710497240433
0.1918725988069705,16.8762399221961
0.2341443478001918,-0.5361732542154023
1.041244599416565,-27.259749061922307
-1.2497736591103932,-36.94575770724904
0.16181664640404847,162.90653740739342
1.2553987807724112,13.976408821605908
0.16181664640404847,-0.8843744842369765
-0.2033653306411805,-8.558438931875193
-0.05252757009506306,31.641294797272423
0.33457055631954125,-39.48264072720317
0.6011300846259356,12.102494748238584
0.0010470528883741892,-4.0030311692097875
0.16181664640404847,16.137309005336682
1.5822698280934888,-20.99715135852902
0.18668415979289468,0.864766501985906
-0.017168990736273714,-38.8446486552365
-0.5671450383307745,6.2392066147147895
0.3505467633222156,-36.94575770724904
0.8958327942725657,-2.2335130345263385
-0.05252757009506306,32.96094067614628
-0.1118305206688687,21.245403893104715
-0.43529365049160484,18.10404076332848
-0.0352084347935643,29.704337441723858
1.5822698280934888,7.265070709056594
0.1586219282642693,0.864766501985906
-0.03095869084443841,0.7847641990366732
-2.065249419239362,-2.9800795243972953
-0.00013670845530624475,13.122226931785953
-0.14304889760529674,14.044821634337412
-0.21735499260060465,11.627289824075353
-0.10825325223886004,-27.259749061922307
0.3906688513397044,-3.526894058084416
0.1589884271769304,16.137309005336682
-0.113624667977236,14.280904842711205
0.46841303106282,17.77974226352989
0.047684826740882966,-12.9217227829755
0.1918725988069705,3.010803771110808
-0.058578370644802334,-20.99715135852902
0.44922296516495946,-38.8446486552365
0.0010470528883741892,10.438571144155382
-0.05252757009506306,7.038437199521378
-0.10825325223886004,0.04146826652060548
0.19288933208800815,-6.072911394740857
0.9544380869215774,13.122226931785953
1.5572188396577433,-39.48264072720317
-0.15193756696726807,-10.081603544848427
0.16159146195309612,-20.99715135852902
-0.21735499260060465,5.911317787528296
0.688791828861265,-24.959993554285578
1.0742461550524685,-34.62117903171609
0.16159146195309612,21.245403893104715
0.4997419662193159,16.137309005336682
-0.7287260669656467,-0.5361732542154023
0.20178521365593313,6.2392066147147895
0.3505467633222156,-2.9291310600555684
0.8958327942725657,-7.308931431818518
0.532244698972776,-25.412180632315827
0.16181664640404847,-47.17645554782859
-0.36332751780594286,-5.3619535347475376
0.46640658963121295,-9.150666438419684
-0.2033653306411805,11.322639000940397
0.18668415979289468,-0.8843744842369765
-0.9024675039485013,-12.699829097706006
-0.16880052818434513,21.245403893104715
0.0010470528883741892,13.73569103313465
0.4242270604129871,25.055670452889288
-1.4442959583507398,13.987238754500622
-0.40587280791599634,11.627289824075353
0.36435750103282766,12.102494748238584
-0.505048042284805,-8.335252925287833
-0.36332751780594286,21.245403893104715
0.37149901830778975,-12.9217227829755
-0.21735499260060465,21.387570884234133
0.05864512242631372,-27.504862198609242
-0.10825325223886004,56.59659836344661
-0.7287260669656467,7.038437199521378
0.6011300846259356,17.28183675774978
-0.12894786135221284,0.6328841260730843
-0.03861156615609694,15.355957543981352
0.3606517853674941,25.38713772153157
0.44922296516495946,-17.97391752245654
-0.4198911017118402,-3.3960019819265512
-0.14304889760529674,-6.6612816997610516
0.4242270604129871,17.28183675774978
0.1862811975921174,22.526360517017405
-0.25331001659545593,16.8762399221961
0.6097296047041605,-4.078524786165337
0.043113239087593416,42.74014106971756
0.18668415979289468,-18.44398679929323
0.0916091018483673,-12.9217227829755
-0.36332751780594286,-21.699206232645043
-0.636274644842378,-10.276710497240433
-0.0352084347935643,-39.48264072720317
-0.17935181727408317,18.06735682480273
0.8958327942725657,-1.9459217090021586
0.44922296516495946,23.372825929697136
1.5822698280934888,-2.7029679554461388
-0.2033653306411805,18.10404076332848
-0.058578370644802334,19.31827048195189
0.2923227890647856,-33.21374444224675
-0.10462615523354754,0.864766501985906
0.16051745893966754,63.45249366120692
1.041244599416565,5.004397063638481
1.041244599416565,5.004397063638481
-0.17935181727408317,-47.17645554782859
-0.801053308863267,11.322639000940397
0.20188123959900697,18.10404076332848
0.24600207104221977,5.004397063638481
-0.2741974333344227,-19.279405262215892
-0.03861156615609694,8.94794705401277
-0.02705603350502108,16.137309005336682
0.17133069084377722,17.28183675774978
0.6735839854136264,-8.558438931875193
0.6011300846259356,14.071100412859938
-0.505048042284805,29.973871336493364
0.3232970364782351,-39.48264072720317
0.0010470528883741892,7.596740867050775
0.30407817344469507,35.727326701158034
-0.6230753889609728,23.372825929697136
-0.2033653306411805,3.010803771110808
-0.1118305206688687,11.1052927428243
-0.1529747467379292,-1.9488866283982613
0.1918725988069705,14.044821634337412
0.16181664640404847,-72.19781680261991
-0.03095869084443841,-8.558438931875193
-0.21735499260060465,7.596740867050775
1.394174000488054,20.943839012767775
-0.0808639114232312,-5.3619535347475376
0.5786464468577881,-27.504862198609242
-0.36332751780594286,-7.616156830860184
0.0797559173132516,-18.44398679929323
-0.2076377528588214,31.57671909153448
0.36435750103282766,13.73569103313465
0.20188123959900697,-12.699829097706006
-1.4442959583507398,7.78094809608704
1.5822698280934888,17.663083151548147
0.05864512242631372,-8.558438931875193
1.1819492274653245,18.06735682480273
0.8958327942725657,23.372825929697136
0.33457055631954125,-4.0030311692097875
0.35835562409054134,-4.27374692175362
0.3906688513397044,-22.688931087626568
-0.36332751780594286,-14.138890062009661
-0.1118305206688687,-38.8446486552365
0.32482562098165857,10.634935252357327
0.16051745893966754,-39.48264072720317
-1.4442959583507398,7.596740867050775
1.5822698280934888,5.911317787528296
5.68491992367111,20.021864907847988
-0.43529365049160484,-13.360315882929202
-0.017168990736273714,-3.9950082705257763
-0.4198911017118402,35.727326701158034
-0.04555074380058599,2.8499852625433655
0.29120460839181234,-0.5361732542154023
-0.33576938220124525,18.06735682480273
1.041244599416565,46.053468342377464
-0.4198911017118402,-0.5361732542154023
0.3505467633222156,78.70298308265971
0.5101920150542831,-4.949681631400662
0.0010470528883741892,17.77974226352989
0.44922296516495946,-24.959993554285578
0.7398260597725317,-5.3619535347475376
-0.10825325223886004,35.727326701158034
0.2341443478001918,14.004420132976355
0.10001883060204593,-9.150666438419684
-0.19723665039468066,-10.056424393302532
-0.2741974333344227,-3.3960019819265512
1.5822698280934888,-0.8843744842369765
-0.801053308863267,-12.9217227829755
-0.03861156615609694,-5.989201726962683
0.39926502701555744,21.245403893104715
0.46640658963121295,20.943839012767775
0.04834673790542032,-17.96488556547557
0.688791828861265,16.137309005336682
0.00999572619345961,-19.279405262215892
-0.14304889760529674,14.280904842711205
0.9206659441209073,-4.0030311692097875
0.039476640067074374,-7.616156830860184
-0.16880052818434513,-10.276710497240433
0.16159146195309612,-8.47556500141717
-0.505048042284805,16.137309005336682
-0.058578370644802334,21.245403893104715
-0.3151451186445354,42.74014106971756
0.0010470528883741892,-4.27374692175362
-0.0792748196307623,-15.935206029103457
-0.1118305206688687,17.28183675774978
-1.4442959583507398,-0.0038359853624834496
-0.24481175478387227,-47.17645554782859
-0.17935181727408317,-10.814404479470381
0.0010470528883741892,35.727326701158034
0.30824932449865255,31.57671909153448
1.2358599040804323,-1.816396467890097
0.00999572619345961,18.48178911445189
-0.09849685936731763,-5.059436089640311
-0.1118305206688687,11.627289824075353
-2.065249419239362,7.596740867050775
0.1918725988069705,-3.9671451152817934
-0.00606422098292847,-1.9488866283982613
-1.003876189520175,15.355957543981352
0.043113239087593416,13.73569103313465
2.0755236001364437,-1.6881085035055867
-0.4198911017118402,-1.6881085035055867
0.0010470528883741892,-15.935206029103457
0.16716157712011298,18.10404076332848
-0.33576938220124525,40.690505495633346
-1.4442959583507398,-5.3619535347475376
-0.2033653306411805,-20.99715135852902
-0.1118305206688687,7.017127675090229
-0.7050481787525923,-10.49519433671714
-0.10825325223886004,-8.47556500141717
-0.16880052818434513,-1.9488866283982613
-1.4442959583507398,19.86333807164408
-0.43529365049160484,-4.27374692175362
-0.017168990736273714,14.071100412859938
0.688791828861265,-10.119080267352768
-0.12894786135221284,42.74014106971756
1.2358599040804323,-21.699206232645043
0.44922296516495946,0.5465942706398988
0.36435750103282766,-21.699206232645043
0.33457055631954125,14.280904842711205
0.6735839854136264,21.21099415724861
-2.1165382348720505,-4.27374692175362
-0.058578370644802334,-19.60800199927033
0.5786464468577881,-39.48264072720317
1.9046788635615386,44.44184669975891
0.36435750103282766,-4.5569853151450985
-0.030646184935596434,-7.616156830860184
-0.2076377528588214,-5.3619535347475376
-0.21191448486425904,-14.92608016726255
-1.4442959583507398,-4.078524786165337
0.0010470528883741892,17.77974226352989
-0.4198911017118402,-0.0038359853624834496
0.3505467633222156,31.57671909153448
0.8958327942725657,-3.526894058084416
2.2358660093761475,-27.259749061922307
0.1862811975921174,-4.340986430734897
-0.4198911017118402,-29.01925450775799
0.3505467633222156,-12.9217227829755
0.4242270604129871,11.627289824075353
-0.16880052818434513,-13.989261657391179
-0.1118305206688687,-2.2335130345263385
0.2786039531662106,-36.94575770724904
0.3505467633222156,7.770689351416952
-0.30057689291677187,-15.935206029103457
-0.505048042284805,-4.27374692175362
0.20188123959900697,-2.9800795243972953
-0.15193756696726807,-27.504862198609242
0.4242270604129871,18.48178911445189
-1.2497736591103932,-2.9614244565298433
-0.16880052818434513,-2.2335130345263385
0.30057329476854466,42.74014106971756
-1.2497736591103932,49.925647069350426
-0.34815899640505715,0.5465942706398988
-0.03861156615609694,-0.5361732542154023
-0.35281270793989095,-18.44398679929323
-0.009028874904964578,-7.616156830860184
0.047684826740882966,-72.19781680261991
-1.2497736591103932,-31.812916858342703
-0.24481175478387227,3.010803771110808
-0.06194194306377323,44.44184669975891
-0.3844846724136027,-32.18312620050924
-0.7050481787525923,3.010803771110808
0.05864512242631372,7.770689351416952
0.18668415979289468,49.925647069350426
-0.7160738754535848,7.265070709056594
0.30057329476854466,-12.699829097706006
-0.7287260669656467,-10.276710497240433
-0.7050481787525923,-32.18312620050924
0.17887008538654098,-27.259749061922307
2.2358660093761475,32.96094067614628
0.2006814916813869,-7.308931431818518
-0.505048042284805,-24.959993554285578
-0.023658355110180922,5.911317787528296
-0.18919986416985762,-72.19781680261991
-0.16880052818434513,78.70298308265971
0.20188123959900697,35.727326701158034
-0.00606422098292847,-40.3877793567228
0.20188123959900697,-4.5569853151450985
0.043113239087593416,22.526360517017405
-0.251589205680858,-0.5361732542154023
0.1918725988069705,21.245403893104715
0.6011300846259356,-33.21374444224675
-0.6299094769965032,42.74014106971756
0.3505467633222156,11.195706723116947
0.3906688513397044,21.245403893104715
0.20188123959900697,-2.9291310600555684
0.16997473040900107,-11.378279124648387
0.0010470528883741892,46.053468342377464
0.16159146195309612,7.265070709056594
-0.10825325223886004,19.31827048195189
1.7274817463526346,31.57671909153448
0.34238876799479534,-16.179880662916258
0.0010470528883741892,-29.01925450775799
0.36435750103282766,14.071100412859938
-0.9024675039485013,16.98247544783629
1.9192044825252697,35.727326701158034
-0.40587280791599634,40.690505495633346
0.1918725988069705,12.080490209402095
-0.4198911017118402,-10.035404744287794
-0.1118305206688687,40.690505495633346
0.05864512242631372,15.093593964234987
-0.36332751780594286,34.66640998521532
0.05864512242631372,18.10404076332848
-0.12385572129947438,-40.3877793567228
1.5822698280934888,-7.616156830860184
-0.7287260669656467,44.44184669975891
0.6011300846259356,-10.276710497240433
-0.0792748196307623,49.925647069350426
-1.2497736591103932,18.10404076332848
0.5101920150542831,-4.4418334411038245
-0.6299094769965032,20.021864907847988
-1.4442959583507398,5.911317787528296
0.10436798978421465,-2.9800795243972953
0.3232970364782351,2.63263339993483
0.4997419662193159,5.911317787528296
-0.15193756696726807,-11.168027150779878
-0.03861156615609694,-7.616156830860184
0.16181664640404847,-14.599071393320667
-0.0792748196307623,14.280904842711205
1.1127658037795611,13.73569103313465
0.0916091018483673,-30.108523831933937
-0.11401791152207985,16.137309005336682
0.1918725988069705,11.627289824075353
0.2917628204390065,8.94794705401277
1.5822698280934888,-4.5569853151450985
-0.058578370644802334,12.080490209402095
0.5786464468577881,16.98247544783629
0.15042606883719006,-4.5569853151450985
0.0010470528883741892,7.240585088475593
0.13071120725620614,-8.761451691770763
1.0742461550524685,29.704337441723858
0.3505467633222156,21.245403893104715
1.041244599416565,21.245403893104715
0.1918725988069705,-33.21374444224675
1.0026164971751694,-21.699206232645043
-0.5365632179043522,-12.9217227829755
-0.7160738754535848,-4.27374692175362
-0.009028874904964578,65.91807055587971
-0.19723665039468066,4.169944995986889
-0.10825325223886004,7.596740867050775
-0.05252757009506306,-2.9614244565298433
-0.24785046675102862,-3.3960019819265512
0.5786464468577881,-20.941459572636077
0.00999572619345961,16.137309005336682
-0.05252757009506306,22.526360517017405
-0.00606422098292847,21.245403893104715
-1.689401290665661,-2.2335130345263385
-0.21766434981102795,14.004420132976355
1.1127658037795611,-4.0030311692097875
-0.2033653306411805,5.911317787528296
-1.4276687895233653,-3.3960019819265512
0.1918725988069705,13.122226931785953
0.44922296516495946,-7.616156830860184
-0.03861156615609694,-1.9488866283982613
0.2341443478001918,3.010803771110808
0.32482562098165857,34.66640998521532
-0.16880052818434513,5.911317787528296
0.2528020560677244,-39.48264072720317
-1.1995607566951416,-21.699206232645043
0.44922296516495946,17.77974226352989
0.1918725988069705,-4.078524786165337
-0.2741974333344227,-2.9614244565298433
-0.1114831986007296,-2.7029679554461388
-1.4442959583507398,-4.949681631400662
-1.5034819450854005,-18.538109028352324
-0.03861156615609694,-8.558438931875193
0.688791828861265,7.596740867050775
-0.03861156615609694,-6.479229712029983
-0.00606422098292847,13.976408821605908
0.17133069084377722,-7.849089718355956
0.11090382931134693,7.596740867050775
-0.6484834959849031,-12.699829097706006
0.14193829180449308,15.093593964234987
-0.16333932667981615,11.627289824075353
-1.2497736591103932,-4.949681631400662
-1.4442959583507398,9.28536351917838
-0.06487068597181327,14.004420132976355
0.46640658963121295,-5.3619535347475376
-1.4442959583507398,35.727326701158034
1.7274817463526346,-4.078524786165337
-0.113624667977236,5.911317787528296
-0.2033653306411805,7.038437199521378
0.00999572619345961,-2.9614244565298433
-0.7287260669656467,-2.7029679554461388
-0.4198911017118402,15.355957543981352
0.30407817344469507,2.077521546435768
0.1589884271769304,-2.2335130345263385
-0.05252757009506306,-16.179880662916258
0.13852174265787634,15.719889307234046
-0.113624667977236,15.093593964234987
0.16159146195309612,-12.9217227829755
0.0916091018483673,14.044821634337412
0.1918725988069705,16.137309005336682
-1.0098968388748333,14.280904842711205
0.2341443478001918,-4.516151465019735
0.0010470528883741892,16.8762399221961
1.041244599416565,-12.699829097706006
0.5101920150542831,-39.1763748935869
-0.00606422098292847,-16.179880662916258
0.16997473040900107,-11.3721980247369
-0.009028874904964578,-18.538109028352324
0.16159146195309612,-0.5573310054388902
-0.14286895029634947,-0.5361732542154023
0.0010470528883741892,-3.3960019819265512
-1.4442959583507398,-24.646420341805445
0.05864512242631372,10.634935252357327
-0.009028874904964578,-4.949681631400662
-0.2033653306411805,-3.526894058084416
0.44922296516495946,12.080490209402095
0.44922296516495946,-40.3877793567228
-0.00606422098292847,-27.309788344432455
1.5822698280934888,-39.82546707978458
-0.0166721650619027,0.7847641990366732
-0.00606422098292847,3.1405316026897645
0.2341443478001918,-48.23772936159969
0.1918725988069705,-18.44398679929323
-0.12552467734978415,2.077521546435768
1.1127658037795611,20.943839012767775
0.8958327942725657,49.925647069350426
-0.801053308863267,7.38675613760892
-0.36332751780594286,-47.17645554782859
0.20188123959900697,6.2392066147147895
-0.00606422098292847,-0.5361732542154023
-0.4198911017118402,-39.48264072720317
-0.058578370644802334,-7.616156830860184
-0.05252757009506306,14.044821634337412
0.0916091018483673,7.038437199521378
0.36435750103282766,-4.5569853151450985
-0.08657770336893914,15.719889307234046
0.1918725988069705,5.004397063638481
0.1918725988069705,-29.856487290051373
0.029992153168686732,-10.276710497240433
0.1586219282642693,-4.5569853151450985
-0.36332751780594286,-20.99715135852902
-0.009028874904964578,17.28183675774978
-0.037097603046434724,17.28183675774978
0.05864512242631372,-10.276710497240433
0.00999572619345961,13.73569103313465
-2.229932477622666,13.73569103313465
0.0010470528883741892,-25.15343695062618
-0.00606422098292847,11.627289824075353
-0.1845534832672918,41.70914557438718
-0.0352084347935643,-48.23772936159969
-0.7050481787525923,0.864766501985906
0.6011300846259356,-15.935206029103457
0.6011300846259356,-12.9217227829755
1.041244599416565,7.038437199521378
0.3800454743780971,-1.9488866283982613
0.6011300846259356,32.96094067614628
0.164306546105706,-4.0030311692097875
0.32482562098165857,11.627289824075353
-0.017168990736273714,-2.9614244565298433
0.16997473040900107,13.987238754500622
-0.801053308863267,-2.0767928311559585
0.05864512242631372,-10.276710497240433
-0.10825325223886004,20.021864907847988
-0.7287260669656467,17.28183675774978
-0.03095869084443841,-6.4114126171107975
0.38403387494372687,8.799725091799269
0.4997419662193159,40.690505495633346
-0.43529365049160484,-12.9217227829755
-0.801053308863267,-7.616156830860184
-0.058578370644802334,-13.7293368035301
-0.058578370644802334,-18.44398679929323
0.5786464468577881,15.093593964234987
0.13071120725620614,21.245403893104715
0.38403387494372687,7.596740867050775
-0.35281270793989095,7.596740867050775
-1.0098968388748333,17.28183675774978
1.394174000488054,32.96094067614628
-1.4442959583507398,7.265070709056594
0.20188123959900697,-9.956774156348473
-0.05252757009506306,-1.9488866283982613
-0.03861156615609694,-4.538637862515627
1.4051177019833445,3.1405316026897645
0.19769300947974253,16.8762399221961
0.4242270604129871,5.911317787528296
-0.13638257532230327,18.10404076332848
-1.5034819450854005,0.6309309569732581
-0.1118305206688687,15.093593964234987
0.4242270604129871,-4.516151465019735
-0.19466522561525249,0.7847641990366732
-0.21735499260060465,-4.078524786165337
-0.10462615523354754,-17.96488556547557
-0.03861156615609694,-33.21374444224675
0.39926502701555744,-12.699829097706006
-0.36332751780594286,-27.504862198609242
-0.030646184935596434,-15.935206029103457
0.17133069084377722,-15.935206029103457
-0.19466522561525249,16.98247544783629
-0.03861156615609694,16.137309005336682
-0.4198911017118402,-25.500717827492917
-0.19466522561525249,2.1338652505476157
0.05864512242631372,2.8499852625433655
-0.06565703993025851,49.925647069350426
-0.0352084347935643,11.627289824075353
0.688791828861265,-27.15700683138211
-0.6941908539196296,7.596740867050775
0.16181664640404847,7.038437199521378
0.00999572619345961,-0.5573310054388902
-0.36332751780594286,42.74014106971756
-0.058578370644802334,7.38675613760892
-0.34815899640505715,-20.99715135852902
-0.2033653306411805,0.04146826652060548
0.14193829180449308,16.137309005336682
0.3505467633222156,-4.27374692175362
0.2898819605452614,42.74014106971756
-0.05252757009506306,31.641294797272423
0.39926502701555744,7.038437199521378
0.20188123959900697,-14.761836885402682
-0.36332751780594286,-17.416640261134116
0.00999572619345961,-4.0030311692097875
-0.009028874904964578,-33.21374444224675
0.10001883060204593,-10.276710497240433
-0.2033653306411805,-39.48264072720317
-0.10825325223886004,-24.959993554285578
-0.1118305206688687,7.265070709056594
1.5822698280934888,-39.48264072720317
-2.366301450965275,-38.8446486552365
0.16997473040900107,15.719889307234046
0.15042606883719006,-2.0767928311559585
-0.1118305206688687,-2.7029679554461388
-0.00606422098292847,42.74014106971756
0.688791828861265,17.28183675774978
-0.16880052818434513,-10.276710497240433
-0.009028874904964578,40.690505495633346
-0.4198911017118402,-12.9217227829755
0.32482562098165857,0.04146826652060548
-0.7287260669656467,-6.6612816997610516
-0.36332751780594286,-39.48264072720317
-0.08657770336893914,31.641294797272423
-0.00606422098292847,44.44184669975891
0.16159146195309612,-8.558438931875193
-2.065249419239362,-4.078524786165337
0.44922296516495946,-1.9313173035818287
0.27586775984203465,-24.16125495693031
-0.08048260070473123,-24.959993554285578
-0.009028874904964578,-14.92608016726255
-0.13552797458412166,5.911317787528296
1.7274817463526346,-2.2335130345263385
-0.03861156615609694,0.04146826652060548
-0.904254043280354,13.73569103313465
0.34238876799479534,-4.27374692175362
-0.12894786135221284,-23.69499838117953
-0.05252757009506306,15.093593964234987
1.041244599416565,-10.314891826852532
-0.9024675039485013,5.911317787528296
-0.009028874904964578,13.99269216824317
0.6011300846259356,15.719889307234046
0.043113239087593416,17.77974226352989
-0.08867063383433955,-6.6612816997610516
0.16159146195309612,18.06735682480273
0.4242270604129871,24.499597763939295
-0.2033653306411805,2.8499852625433655
2.0755236001364437,-1.9488866283982613
0.39926502701555744,-14.138890062009661
-1.2497736591103932,-12.9217227829755
-0.0352084347935643,-4.949681631400662
-0.00606422098292847,-18.05000878013754
-0.11211130213329021,5.911317787528296
1.9192044825252697,18.06735682480273
0.1918725988069705,-15.935206029103457
0.6011300846259356,0.864766501985906
-0.43529365049160484,7.265070709056594
0.043113239087593416,-2.9291310600555684
-0.009028874904964578,31.641294797272423
0.30057329476854466,3.2533966319815937
-0.05613709104258011,-3.526894058084416
0.7210651548527853,17.77974226352989
0.6011300846259356,-3.526894058084416
-0.4198911017118402,-27.259749061922307
-0.10825325223886004,-32.18312620050924
-0.17935181727408317,-12.9217227829755
-0.0808639114232312,10.949350225159302
0.3505467633222156,-0.5361732542154023
-0.30057689291677187,-0.5361732542154023
-0.9024675039485013,17.28183675774978
0.043113239087593416,3.010803771110808
0.3800454743780971,0.04146826652060548
-0.6299094769965032,-4.5569853151450985
0.46640658963121295,14.280904842711205
-0.35281270793989095,-20.99715135852902
-0.801053308863267,-16.179880662916258
0.05864512242631372,15.093593964234987
0.33457055631954125,-29.856487290051373
-2.9938116358139317,44.44184669975891
-0.11235626442082039,-18.44398679929323
-0.4198911017118402,2.8499852625433655
0.043113239087593416,-4.27374692175362
0.36435750103282766,-1.9488866283982613
0.05864512242631372,-3.3960019819265512
-0.17935181727408317,15.093593964234987
-0.19466522561525249,17.77974226352989
0.18668415979289468,40.690505495633346
0.46640658963121295,-18.44398679929323
0.05864512242631372,34.66640998521532
0.18668415979289468,11.322639000940397
-0.03095869084443841,-12.699829097706006
0.16268039011447305,-21.699206232645043
1.5822698280934888,-10.050876275630035
0.40158367324280136,-15.935206029103457
-1.689401290665661,2.1338652505476157
0.010798211727321849,-15.935206029103457
0.0010470528883741892,-8.335252925287833
-0.7050481787525923,17.28183675774978
0.44922296516495946,17.28183675774978
-0.03861156615609694,-29.856487290051373
0.2341443478001918,31.641294797272423
-0.17935181727408317,-4.0030311692097875
1.2553987807724112,-14.138890062009661
-0.10825325223886004,-4.5569853151450985
0.19418111044770825,14.909803878090194
-0.08657770336893914,18.10404076332848
-0.505048042284805,-24.959993554285578
-1.4442959583507398,-4.27374692175362
0.6011300846259356,5.911317787528296
0.10001883060204593,-25.33944624670226
0.15042606883719006,15.719889307234046
-0.4198911017118402,-0.8843744842369765
-0.113624667977236,-9.956774156348473
0.30057329476854466,35.727326701158034
-0.058578370644802334,2.077521546435768
-0.00606422098292847,-18.44398679929323
-0.21735499260060465,17.77974226352989
-0.801053308863267,-40.19327155395332
0.007968033397800145,0.864766501985906
0.39926502701555744,5.911317787528296
-1.2497736591103932,11.627289824075353
-0.3866153392160762,-2.218290423663901
0.688791828861265,49.925647069350426
0.36435750103282766,78.70298308265971
0.3665757928180873,21.387570884234133
0.689246666015755,7.038437199521378
0.4242270604129871,-18.44398679929323
-0.12588186608270502,-4.949681631400662
0.10001883060204593,17.28183675774978
1.5822698280934888,31.57671909153448
-0.15193756696726807,-50.443152489164476
0.0916091018483673,16.137309005336682
0.3505467633222156,14.280904842711205
0.16181664640404847,10.949350225159302
0.10001883060204593,18.48178911445189
-0.05252757009506306,18.10404076332848
0.16051745893966754,-18.44398679929323
-0.21735499260060465,40.690505495633346
-0.2033653306411805,-38.8446486552365
-0.6299094769965032,22.526360517017405
0.18668415979289468,-40.3877793567228
-0.07196222189562931,-3.526894058084416
0.688791828861265,190.3097190243283
-0.505048042284805,-1.9488866283982613
-1.4442959583507398,49.925647069350426
-0.18590351632647606,-29.856487290051373
-0.10462615523354754,-8.558438931875193
0.19769300947974253,0.04146826652060548
-0.17935181727408317,14.004420132976355
0.8958327942725657,5.911317787528296
0.2898819605452614,-16.179880662916258
1.9022587109706586,-33.21374444224675
1.5822698280934888,-14.761836885402682
0.4242270604129871,-4.0030311692097875
0.688791828861265,-4.5569853151450985
-0.10825325223886004,0.6328841260730843
-0.05252757009506306,-0.8843744842369765
0.4242270604129871,0.04146826652060548
-0.009028874904964578,-6.6612816997610516
-0.05613709104258011,-3.9671451152817934
-0.7050481787525923,12.080490209402095
-0.113624667977236,-4.5569853151450985
-0.2033653306411805,35.727326701158034
-0.058578370644802334,-7.308931431818518
0.23804754433392256,13.987238754500622
0.36435750103282766,22.526360517017405
-0.01631420073264045,-40.19327155395332
-0.3054210698026699,-5.568099291779881
-0.4198911017118402,-7.616156830860184
-0.3151451186445354,5.911317787528296
-0.505048042284805,-4.0030311692097875
0.5786464468577881,-39.82546707978458
-0.1529747467379292,-6.6612816997610516
0.0010470528883741892,15.093593964234987
-0.505048042284805,-9.895968986876213
0.6011300846259356,-14.761836885402682
-1.4442959583507398,0.864766501985906
-0.4198911017118402,-40.3877793567228
-0.1118305206688687,-26.313056082160845
0.4242270604129871,11.627289824075353
-0.113624667977236,-1.816396467890097
-0.16880052818434513,18.10404076332848
-0.7050481787525923,-2.9291310600555684
-0.0792748196307623,-4.27374692175362
0.20188123959900697,-1.2870816333418091
0.44922296516495946,-47.17645554782859
0.3800454743780971,-6.756081256335111
0.34238876799479534,7.038437199521378
-1.393529444639474,-4.0030311692097875
0.2515737123508759,-10.081603544848427
-0.03861156615609694,-39.48264072720317
-0.19723665039468066,8.799725091799269
0.8958327942725657,-24.646420341805445
0.18668415979289468,2.1338652505476157
0.44922296516495946,44.44184669975891
-0.801053308863267,3.010803771110808
-0.36332751780594286,-3.526894058084416
0.9544380869215774,31.641294797272423
1.041244599416565,-3.526894058084416
-0.0792748196307623,7.596740867050775
0.16159146195309612,13.73569103313465
-0.9024675039485013,17.77974226352989
0.10001883060204593,-0.8843744842369765
-0.4342998201327942,-4.949681631400662
-0.00606422098292847,7.017127675090229
-1.2497736591103932,-4.078524786165337
0.3505467633222156,13.976408821605908
-0.058578370644802334,40.690505495633346
1.041244599416565,15.719889307234046
-0.7287260669656467,-12.9217227829755
1.041244599416565,-7.616156830860184
-1.3009460764488114,21.245403893104715
0.8958327942725657,17.77974226352989
0.18668415979289468,-9.150666438419684
0.1586219282642693,18.10404076332848
-0.26997640021527164,17.28183675774978
1.041244599416565,-18.44398679929323
-1.0098968388748333,2.8499852625433655
0.4997419662193159,17.77974226352989
2.012551393286114,13.122226931785953
-0.08657770336893914,18.06735682480273
0.1918725988069705,32.96094067614628
0.5786464468577881,-14.138890062009661
0.047684826740882966,-11.3721980247369
-1.4442959583507398,-29.856487290051373
-0.19466522561525249,-5.3619535347475376
0.16181664640404847,13.122226931785953
-0.36332751780594286,14.044821634337412
-0.7401456791303287,-2.7029679554461388
2.0755236001364437,7.038437199521378
-4.641982688069007,7.596740867050775
-1.4442959583507398,21.245403893104715
-0.7050481787525923,-4.5569853151450985
0.2434758227448847,-4.078524786165337
-1.689401290665661,-8.335252925287833
0.17133069084377722,15.093593964234987
0.6011300846259356,0.04146826652060548
0.8958327942725657,17.28183675774978
-0.5671450383307745,2.077521546435768
-0.19466522561525249,8.171102781843985
-0.3151451186445354,13.122226931785953
0.11090382931134693,7.265070709056594
0.4997419662193159,-2.7029679554461388
-0.35243879767473646,-4.949681631400662
-0.0352084347935643,-12.699829097706006
-0.06218863734826252,-4.078524786165337
0.0916091018483673,-27.259749061922307
0.16997473040900107,-8.558438931875193
0.075532725310448,15.355957543981352
0.00999572619345961,13.338180719551389
0.1589884271769304,-40.3877793567228
-0.505048042284805,35.727326701158034
-0.4198911017118402,7.596740867050775
0.0540268970479552,32.96094067614628
-0.2741974333344227,-10.276710497240433
0.05864512242631372,15.093593964234987
0.34238876799479534,-4.0030311692097875
0.4242270604129871,13.73569103313465
-0.4198911017118402,-2.9291310600555684
-0.7287260669656467,190.3097190243283
-1.2497736591103932,42.74014106971756
-0.009028874904964578,-6.870466107188114
-0.4198911017118402,14.280904842711205
0.44922296516495946,-8.558438931875193
-0.2033653306411805,-8.558438931875193
-0.03095869084443841,5.911317787528296
-0.16880052818434513,-9.956774156348473
-0.2738920535334189,-10.276710497240433
1.1127658037795611,44.743497401818274
-0.7401456791303287,-3.3960019819265512
0.3193683602170187,31.641294797272423
-0.18590351632647606,18.06735682480273
-0.6299094769965032,7.596740867050775
-0.3294928383793912,0.04146826652060548
-0.058578370644802334,-24.646420341805445
0.18668415979289468,-2.9614244565298433
0.20188123959900697,-30.108523831933937
-0.43529365049160484,7.265070709056594
-0.03861156615609694,-4.27374692175362
-0.4726112652643114,166.76254514455465
-0.30057689291677187,-18.44398679929323
-0.2033653306411805,-14.92608016726255
1.0742461550524685,21.387570884234133
-0.16880052818434513,17.77974226352989
-0.2782101086628936,0.04146826652060548
1.7274817463526346,-20.99715135852902
0.20188123959900697,-4.949681631400662
-0.037097603046434724,-12.699829097706006
1.394174000488054,-12.9217227829755
0.5786464468577881,-52.37795764006779
1.041244599416565,15.093593964234987
0.16997473040900107,5.676239989432423
-0.18590351632647606,15.719889307234046
0.44922296516495946,7.140872871365899
0.44922296516495946,-21.925067375973722
0.18668415979289468,-17.96488556547557
1.5822698280934888,20.943839012767775
-0.05252757009506306,25.022911528364634
-0.058578370644802334,0.7847641990366732
0.6526028477519574,15.093593964234987
-0.10825325223886004,-0.5361732542154023
1.5822698280934888,5.911317787528296
0.8958327942725657,-4.0030311692097875
0.1918725988069705,21.245403893104715
0.8958327942725657,-17.416640261134116
-0.36332751780594286,2.1338652505476157
0.20188123959900697,-27.15700683138211
0.34238876799479534,-11.111584414861227
-0.17935181727408317,-24.959993554285578
-0.36332751780594286,-12.699829097706006
-1.689401290665661,18.48178911445189
-0.0792748196307623,-15.935206029103457
0.15438855266195128,-23.69499838117953
0.16268039011447305,11.627289824075353
-0.2738920535334189,-4.0030311692097875
0.30824932449865255,3.0607078295876455
-0.16880052818434513,-0.0038359853624834496
0.6011300846259356,-14.761836885402682
0.16268039011447305,-4.078524786165337
1.478002339277954,18.06735682480273
-0.05252757009506306,2.8499852625433655
-0.24481175478387227,49.925647069350426
0.1918725988069705,0.864766501985906
0.32482562098165857,-1.9488866283982613
0.18668415979289468,-2.2335130345263385
-0.18919986416985762,18.10404076332848
-0.3151451186445354,-10.207342532722286
0.2917628204390065,31.641294797272423
-0.7160738754535848,-23.646534104325497
-0.08657770336893914,-3.526894058084416
-0.03861156615609694,-4.051877673123212
5.68491992367111,35.727326701158034
-0.113624667977236,13.122226931785953
0.39926502701555744,13.122226931785953
0.075532725310448,18.745431048207855
0.00999572619345961,-2.2335130345263385
0.039476640067074374,-4.0030311692097875
0.21439504517602853,-10.814404479470381
0.6011300846259356,-14.761836885402682
0.15438855266195128,-15.935206029103457
-0.0352084347935643,-0.5361732542154023
-0.7287260669656467,-10.276710497240433
-0.636274644842378,7.265070709056594
-0.1435785576040279,18.10404076332848
0.44922296516495946,11.195706723116947
0.36435750103282766,31.57671909153448
-1.4442959583507398,-12.699829097706006
0.2006814916813869,-4.0030311692097875
-0.21376361882889733,-2.7029679554461388
0.32482562098165857,0.864766501985906
-0.36332751780594286,-40.19327155395332
-0.00606422098292847,22.526360517017405
0.05864512242631372,2.077521546435768
0.4756248784722886,-7.616156830860184
0.16997473040900107,-15.935206029103457
-0.058578370644802334,-39.48264072720317
1.394174000488054,8.94794705401277
0.029992153168686732,16.137309005336682
-0.10825325223886004,65.21136808967643
-0.2033653306411805,-4.078524786165337
0.16997473040900107,-10.814404479470381
-0.16880052818434513,49.925647069350426
0.8958327942725657,-4.5569853151450985
0.20188123959900697,-12.9217227829755
0.2341443478001918,16.137309005336682
-0.17935181727408317,13.572532083973394
-0.36332751780594286,-24.959993554285578
-0.7050550900595922,7.038437199521378
1.041244599416565,-2.2335130345263385
0.13071120725620614,65.21136808967643
0.18668415979289468,35.727326701158034
0.20188123959900697,-7.616156830860184
-0.0808639114232312,35.727326701158034
-0.017168990736273714,-6.4114126171107975
-0.17935181727408317,-39.1763748935869
-0.4198911017118402,0.7847641990366732
0.27586775984203465,35.727326701158034
1.5822698280934888,35.727326701158034
-0.17935181727408317,190.3097190243283
-0.26997640021527164,3.3672510681168424
0.00999572619345961,18.48178911445189
-0.19466522561525249,10.874657446200438
-0.4198911017118402,0.7847641990366732
-0.2033653306411805,7.038437199521378
0.6011300846259356,7.596740867050775
2.0755236001364437,-27.504862198609242
-0.1118305206688687,16.137309005336682
-0.0792748196307623,-10.814404479470381
0.4242270604129871,44.743497401818274
-1.2497736591103932,5.004397063638481
-0.03861156615609694,-7.616156830860184
0.2528020560677244,34.66640998521532
0.26972067301564895,-27.259749061922307
0.1918725988069705,-0.5361732542154023
-0.7287260669656467,0.04146826652060548
-0.0792748196307623,2.077521546435768
0.2006814916813869,7.38675613760892
1.5822698280934888,21.245403893104715
0.0010470528883741892,-3.526894058084416
0.05864512242631372,11.322639000940397
0.5786464468577881,7.78094809608704
-0.3151451186445354,-14.92608016726255
0.1918725988069705,-10.081603544848427
-0.2033653306411805,12.102494748238584
-0.03861156615609694,34.66640998521532
0.16159146195309612,-18.538109028352324
-0.2033653306411805,-47.17645554782859
0.16181664640404847,-3.9950082705257763
-0.16880052818434513,49.925647069350426
-0.19466522561525249,-10.081603544848427
0.32482562098165857,-0.5361732542154023
0.8958327942725657,-1.9313173035818287
-0.00606422098292847,31.641294797272423
-0.36332751780594286,-10.081603544848427
-0.030646184935596434,20.943839012767775
0.3906688513397044,34.66640998521532
-0.3151451186445354,7.38675613760892
-0.2941137015527696,-2.9614244565298433
0.6011300846259356,78.70298308265971
0.32482562098165857,-20.99715135852902
0.2006814916813869,-14.761836885402682
1.2553987807724112,17.77974226352989
0.33457055631954125,-3.526894058084416
-0.3054210698026699,0.7847641990366732
1.9046788635615386,-2.9800795243972953
1.4051177019833445,-8.558438931875193
-0.4198911017118402,-14.761836885402682
0.18668415979289468,7.265070709056594
-0.2033653306411805,-18.44398679929323
-0.16880052818434513,-2.9291310600555684
0.31021410415629347,20.675489494425566
-1.5034819450854005,-4.078524786165337
0.0540268970479552,7.265070709056594
1.5822698280934888,-38.8446486552365
0.18668415979289468,-21.989749770128757
-0.16880052818434513,34.66640998521532
3.1299622614874876,5.004397063638481
-0.15875648059594238,-4.0030311692097875
-0.17935181727408317,-17.416640261134116
-0.10825325223886004,17.77974226352989
-0.03861156615609694,18.06735682480273
-0.21735499260060465,-27.259749061922307
-1.0098968388748333,18.48178911445189
0.2528020560677244,-39.48264072720317
-0.6802110654890579,-2.7029679554461388
0.0010470528883741892,0.5465942706398988
-0.3151451186445354,26.11635690996309
0.6011300846259356,-25.246355178563757
0.0010470528883741892,-19.60800199927033
0.05864512242631372,-27.504862198609242
0.20188123959900697,2.077521546435768
0.38403387494372687,5.676239989432423
1.3997807965823006,2.63263339993483
-0.24481175478387227,3.010803771110808
-0.058578370644802334,-29.856487290051373
-0.058578370644802334,-47.17645554782859
-0.07196222189562931,-39.1763748935869
0.20188123959900697,7.38675613760892
0.16181664640404847,-34.62117903171609
0.44922296516495946,78.70298308265971
0.36435750103282766,3.010803771110808
0.8958327942725657,21.387570884234133
0.6011300846259356,36.622797333381634
0.6011300846259356,-8.558438931875193
-0.43529365049160484,-7.616156830860184
-0.1845534832672918,10.702260964686408
-0.08771594774860603,18.694892084583277
-0.9024675039485013,-4.4418334411038245
0.4756248784722886,-4.5569853151450985
-0.4198911017118402,-9.956774156348473
0.16997473040900107,16.8762399221961
-0.16880052818434513,-12.699829097706006
-0.7050481787525923,18.10404076332848
0.46640658963121295,-8.558438931875193
0.17133069084377722,14.044821634337412
-0.30057689291677187,0.864766501985906
1.041244599416565,13.73569103313465
0.05864512242631372,31.57671909153448
0.05864512242631372,-7.616156830860184
-1.4442959583507398,12.080490209402095
-1.4442959583507398,35.727326701158034
-0.7050481787525923,35.727326701158034
-0.058578370644802334,17.77974226352989
0.04778851635149166,20.2183142232873
0.00999572619345961,26.49447126537633
0.44922296516495946,-5.568099291779881
-0.33576938220124525,10.468692416633777
0.008010320845787419,12.102494748238584
0.532244698972776,17.28183675774978
-0.9869487568887413,-14.138890062009661
0.0010470528883741892,7.38675613760892
-0.17935181727408317,11.195706723116947
1.5822698280934888,49.925647069350426
-0.7050481787525923,14.044821634337412
-0.08657770336893914,11.627289824075353
-0.36332751780594286,7.596740867050775
-0.05252757009506306,0.7847641990366732
0.3548113137883401,-2.9614244565298433
-0.9024675039485013,44.44184669975891
-0.04555074380058599,13.122226931785953
0.532244698972776,29.704337441723858
-0.24481175478387227,40.690505495633346
0.6011300846259356,-0.5361732542154023
-1.1634612938655475,0.04146826652060548
-0.36332751780594286,5.004397063638481
0.3505467633222156,-19.60800199927033
-0.21766434981102795,16.8762399221961
-0.6230753889609728,7.038437199521378
0.043113239087593416,-4.839753619072777
-0.05252757009506306,-0.5361732542154023
-0.17935181727408317,23.503575342205522
-1.4442959583507398,13.122226931785953
-1.5034819450854005,40.690505495633346
-0.10825325223886004,-4.27374692175362
-0.0673472244820494,7.596740867050775
-1.2497736591103932,-7.616156830860184
-0.10825325223886004,14.280904842711205
1.041244599416565,36.622797333381634
0.0010470528883741892,-10.081603544848427
-0.10825325223886004,17.28183675774978
0.3505467633222156,-5.059436089640311
0.30057329476854466,-4.5569853151450985
0.3505467633222156,44.44184669975891
0.16159146195309612,-1.9488866283982613
-1.4442959583507398,-27.259749061922307
-0.7287260669656467,15.66197399815461
0.5786464468577881,-16.04309329983733
0.6011300846259356,-2.7029679554461388
-0.05252757009506306,13.122226931785953
0.9544380869215774,-4.0030311692097875
0.17133069084377722,-4.27374692175362
0.3505467633222156,21.245403893104715
-0.017168990736273714,18.10404076332848
-0.058578370644802334,49.925647069350426
-0.058578370644802334,5.911317787528296
-0.1118305206688687,49.925647069350426
-0.16880052818434513,31.641294797272423
1.4616500348830879,-27.504862198609242
-0.24416541236390005,-2.9291310600555684
-0.05252757009506306,-3.724440267168172
-0.009028874904964578,34.66640998521532
-0.017168990736273714,-14.92608016726255
-0.31021122470612056,18.10404076332848
-0.0792748196307623,-10.314891826852532
-0.024598674677790366,-24.959993554285578
-0.06565703993025851,5.911317787528296
-0.6941908539196296,14.071100412859938
-0.7401456791303287,2.63263339993483
0.5786464468577881,-7.616156830860184
-0.2738920535334189,11.627289824075353
-0.10462615523354754,-2.7029679554461388
1.5822698280934888,5.004397063638481
-0.05252757009506306,-39.05484876941181
-0.13638257532230327,11.195706723116947
-0.21735499260060465,31.641294797272423
-0.00606422098292847,2.63263339993483
0.16997473040900107,11.627289824075353
0.08869433021277813,-1.0630246735620064
-0.017168990736273714,16.137309005336682
-0.7050481787525923,-4.27374692175362
0.00999572619345961,-7.308931431818518
-0.23758498733152322,21.943429764248087
0.31021410415629347,-4.5569853151450985
1.041244599416565,-7.308931431818518
0.6011300846259356,9.745063193530196
-0.7287260669656467,7.78094809608704
-0.08657770336893914,-39.48264072720317
-0.18590351632647606,-4.5569853151450985
-1.4442959583507398,-27.259749061922307
3.2512246509059537,35.727326701158034
-0.2033653306411805,-48.23772936159969
-0.4198911017118402,12.102494748238584
0.18668415979289468,7.340366661926466
-0.3054210698026699,-4.0030311692097875
-0.2033653306411805,17.28183675774978
-0.7938159071133528,13.73569103313465
0.16181664640404847,-10.081603544848427
0.2434758227448847,-2.1385247169656862
0.1918725988069705,-2.9291310600555684
-0.16880052818434513,17.28183675774978
0.16997473040900107,-3.526894058084416
0.689246666015755,7.596740867050775
-0.19466522561525249,-1.5881115983279661
-0.21735499260060465,13.73569103313465
0.44922296516495946,49.925647069350426
-0.1118305206688687,-7.616156830860184
0.8958327942725657,31.641294797272423
0.3800454743780971,42.74014106971756
-0.4669169529303681,-12.699829097706006
-1.2497736591103932,-4.27374692175362
0.3906688513397044,13.122226931785953
-0.03095869084443841,-2.0982517115565
-0.7287260669656467,31.641294797272423
0.6526028477519574,11.627289824075353
-1.4442959583507398,18.10404076332848
0.26972067301564895,7.596740867050775
0.00999572619345961,18.48178911445189
0.0010470528883741892,-23.69499838117953
0.46841303106282,-4.538637862515627
0.1918725988069705,-13.989261657391179
0.16181664640404847,7.265070709056594
0.6011300846259356,-39.1763748935869
1.041244599416565,-2.2335130345263385
0.16997473040900107,-10.276710497240433
0.8958327942725657,-0.8843744842369765
-0.006523841714639112,11.195706723116947
-0.6299094769965032,-4.5569853151450985
-1.4442959583507398,-0.5361732542154023
-1.2497736591103932,29.704337441723858
1.5355175086949657,12.080490209402095
-0.4198911017118402,21.245403893104715
-1.003876189520175,-0.0038359853624834496
1.5822698280934888,15.093593964234987
-0.05252757009506306,-2.9614244565298433
1.394174000488054,3.010803771110808
0.16268039011447305,-2.0982517115565
-0.14304889760529674,-12.9217227829755
-0.00606422098292847,32.96094067614628
-0.0792748196307623,-0.5361732542154023
1.2506582497678416,-7.308931431818518
-0.058578370644802334,36.622797333381634
0.047684826740882966,-12.699829097706006
-0.9869487568887413,-14.138890062009661
-1.689401290665661,42.74014106971756
-0.009028874904964578,18.10404076332848
-0.17935181727408317,-39.48264072720317
-0.058578370644802334,190.3097190243283
-0.06565703993025851,-4.27374692175362
0.2528020560677244,18.10404076332848
-0.36332751780594286,-4.051877673123212
1.5355175086949657,-18.44398679929323
-0.7287260669656467,-4.078524786165337
-0.2033653306411805,-4.078524786165337
-0.4198911017118402,7.265070709056594
-0.032041593914278056,-39.48264072720317
-0.6484834959849031,17.28183675774978
-0.4198911017118402,-4.078524786165337
-0.058578370644802334,-18.44398679929323
-1.689401290665661,9.20004271711571
0.8958327942725657,0.7801741743172745
-0.43529365049160484,-39.48264072720317
-0.14304889760529674,49.925647069350426
0.8958327942725657,-29.856487290051373
-0.05252757009506306,21.245403893104715
-0.017168990736273714,-18.44398679929323
0.36435750103282766,21.245403893104715
0.007990116497257959,-7.308931431818518
-0.18590351632647606,0.04146826652060548
0.33457055631954125,-27.504862198609242
-0.35243879767473646,-39.48264072720317
0.6011300846259356,15.261949196023727
-0.0792748196307623,8.799725091799269
-0.030646184935596434,7.017127675090229
0.32482562098165857,-4.078524786165337
-0.21735499260060465,16.36942024967121
0.36435750103282766,10.438571144155382
-0.3054210698026699,26.49447126537633
-0.1114831986007296,29.704337441723858
-0.06565703993025851,14.280904842711205
-0.9869487568887413,44.44184669975891
-0.08657770336893914,20.943839012767775
-0.505048042284805,-4.078524786165337
-1.689401290665661,-1.9488866283982613
-0.009028874904964578,49.925647069350426
0.7210651548527853,-7.616156830860184
-0.00013670845530624475,-10.035404744287794
0.44922296516495946,-39.48264072720317
-0.05252757009506306,49.925647069350426
0.043113239087593416,-8.761451691770763
-0.505048042284805,0.864766501985906
0.1589884271769304,-8.558438931875193
-1.2497736591103932,-7.616156830860184
0.3614545749440984,-4.078524786165337
0.272507160170109,-0.5361732542154023
0.26972067301564895,-14.92608016726255
-2.229932477622666,-10.814404479470381
-0.05252757009506306,13.367861072660569
-0.15193756696726807,21.245403893104715
0.46841303106282,-16.179880662916258
0.32482562098165857,0.04146826652060548
-0.19466522561525249,17.77974226352989
0.18668415979289468,5.911317787528296
-0.2741974333344227,18.06735682480273
-0.17935181727408317,7.265070709056594
-0.3363651125119391,17.77974226352989
-1.4442959583507398,0.04146826652060548
0.1918725988069705,11.322639000940397
0.16997473040900107,7.5933355445900945
0.047684826740882966,-4.27374692175362
0.2006814916813869,-5.3619535347475376
-0.00606422098292847,-7.616156830860184
0.44922296516495946,7.38675613760892
0.44922296516495946,2.1338652505476157
-0.16880052818434513,32.96094067614628
-0.7160738754535848,5.911317787528296
0.11980487094519213,-27.15700683138211
-1.2497736591103932,17.28183675774978
-0.15234167536798235,-2.9614244565298433
0.44922296516495946,-12.699829097706006
-1.2497736591103932,17.77974226352989
-0.35281270793989095,-27.504862198609242
0.0010470528883741892,-15.935206029103457
0.37149901830778975,-14.138890062009661
0.05864512242631372,11.195706723116947
0.1918725988069705,-38.8446486552365
-0.03861156615609694,2.8499852625433655
0.043113239087593416,14.044821634337412
-0.03861156615609694,-4.27374692175362
0.6011300846259356,14.004420132976355
-0.11401791152207985,-5.3619535347475376
-0.505048042284805,16.36942024967121
0.18668415979289468,2.3456424366310573
0.20188123959900697,13.976408821605908
-0.801053308863267,44.44184669975891
0.31021410415629347,17.77974226352989
0.5786464468577881,-39.48264072720317
-0.6299094769965032,13.73569103313465
-0.00606422098292847,-38.8446486552365
-0.4198911017118402,-2.9291310600555684
-0.16880052818434513,21.943429764248087
-0.03861156615609694,-4.078524786165337
5.68491992367111,-8.558438931875193
-0.00606422098292847,7.038437199521378
-0.7287260669656467,-1.9488866283982613
0.3232970364782351,-50.443152489164476
0.047684826740882966,15.719889307234046
-0.7287260669656467,-6.479229712029983
0.39926502701555744,-8.558438931875193
-0.00606422098292847,21.21099415724861
-0.0764545697770406,-4.0030311692097875
0.0402605423540356,5.911317787528296
-0.06565703993025851,18.48178911445189
0.44922296516495946,16.36942024967121
0.0402605423540356,7.038437199521378
0.26972067301564895,-2.2335130345263385
0.18668415979289468,17.28183675774978
1.9046788635615386,-4.5569853151450985
-1.3009460764488114,-12.9217227829755
-0.36332751780594286,-39.48264072720317
0.16268039011447305,15.093593964234987
-0.6802110654890579,0.04146826652060548
0.8958327942725657,0.04146826652060548
-0.19466522561525249,-4.078524786165337
-0.11235626442082039,7.038437199521378
1.0742461550524685,5.911317787528296
0.20188123959900697,-5.3619535347475376
-1.4442959583507398,7.265070709056594
0.00999572619345961,0.7847641990366732
-0.10825325223886004,-24.959993554285578
-0.2033653306411805,-17.629709512600787
-1.4442959583507398,-2.9614244565298433
0.028096139822852573,-1.9488866283982613
-0.21376361882889733,8.94794705401277
0.39926502701555744,18.06735682480273
0.688791828861265,-18.05000878013754
0.13071120725620614,-2.343863389814117
-0.3151451186445354,5.911317787528296
-0.05252757009506306,-5.3619535347475376
-0.2033653306411805,0.7847641990366732
0.08869433021277813,-3.3960019819265512
-0.08048260070473123,-7.576370497613808
-0.16880052818434513,24.499597763939295
0.11980487094519213,-7.616156830860184
-0.2076377528588214,-2.2335130345263385
-0.1118305206688687,-4.5569853151450985
0.06288897005254657,-24.959993554285578
-0.10825325223886004,-6.072911394740857
-0.1118305206688687,-1.9488866283982613
-0.801053308863267,35.727326701158034
-0.8246288976755036,-27.259749061922307
0.44922296516495946,-0.5361732542154023
-1.2497736591103932,-7.616156830860184
-0.0969281402019457,-10.276710497240433
-0.058578370644802334,49.925647069350426
0.3505467633222156,-4.078524786165337
-0.05252757009506306,-7.308931431818518
-0.03861156615609694,17.77974226352989
-0.03095869084443841,-9.895968986876213
-1.689401290665661,-8.558438931875193
0.2006814916813869,-38.8446486552365
-0.21735499260060465,21.21099415724861
1.5822698280934888,-18.44398679929323
0.30057329476854466,-47.17645554782859
0.3943868690328035,0.7847641990366732
-0.17935181727408317,-25.33944624670226
-0.03095869084443841,-4.0030311692097875
0.05864512242631372,7.265070709056594
0.6011300846259356,-20.6258465634771
-0.2033653306411805,-11.378279124648387
-1.2497736591103932,-2.9291310600555684
-0.00606422098292847,-2.9614244565298433
-0.05252757009506306,-38.8446486552365
-0.017168990736273714,0.864766501985906
0.5786464468577881,-2.1385247169656862
-0.9024675039485013,14.044821634337412
0.1918725988069705,337.79091355894997
-0.03861156615609694,-8.7422950833559
0.1586219282642693,26.49447126537633
0.532244698972776,-9.956774156348473
-0.14304889760529674,0.04146826652060548
-0.6941908539196296,34.66640998521532
-0.05613709104258011,-12.9217227829755
-0.03095869084443841,7.038437199521378
0.24600207104221977,-10.276710497240433
0.4242270604129871,11.627289824075353
-0.4198911017118402,-7.616156830860184
-0.7160738754535848,14.280904842711205
1.5822698280934888,-2.9614244565298433
3.116572218641195,-14.92608016726255
-0.17935181727408317,7.265070709056594
-0.7287260669656467,-20.14133706288764
0.16997473040900107,35.727326701158034
0.32482562098165857,10.438571144155382
-0.02603624527195943,-27.15700683138211
-0.2033653306411805,-4.0030311692097875
-0.30057689291677187,7.265070709056594
0.2006814916813869,22.526360517017405
-0.10825325223886004,3.010803771110808
-0.505048042284805,-14.138890062009661
-0.3054210698026699,-2.2335130345263385
0.9206659441209073,-10.276710497240433
-0.0166721650619027,0.04146826652060548
0.36435750103282766,-2.2335130345263385
0.5101920150542831,-23.69499838117953
-0.1118305206688687,-3.3960019819265512
0.3505467633222156,7.038437199521378
0.38403387494372687,-9.811847721093269
0.34238876799479534,-24.959993554285578
-0.05252757009506306,-39.48264072720317
1.6593624605044475,-14.92608016726255
0.1507721993692753,18.48178911445189
0.5101920150542831,-4.27374692175362
0.00999572619345961,14.280904842711205
-0.1118305206688687,-1.6881085035055867
-0.058578370644802334,19.915807279684387
-0.16880052818434513,40.690505495633346
0.3505467633222156,-29.856487290051373
1.5822698280934888,-4.5569853151450985
-1.3009460764488114,29.704337441723858
-0.16880052818434513,13.73569103313465
-0.1529747467379292,14.004420132976355
-0.4198911017118402,-23.69499838117953
0.33457055631954125,-2.2335130345263385
-0.801053308863267,-20.99715135852902
-0.3844846724136027,-12.9217227829755
0.05864512242631372,-15.935206029103457
1.1127658037795611,-24.959993554285578
0.16051745893966754,13.987238754500622
0.5786464468577881,0.04146826652060548
0.20188123959900697,-15.935206029103457
0.8958327942725657,7.038437199521378
0.4242270604129871,0.864766501985906
0.34238876799479534,21.245403893104715
-0.34167038395473925,-18.44398679929323
0.16181664640404847,-3.526894058084416
0.33457055631954125,-2.7029679554461388
0.36435750103282766,-27.504862198609242
0.44922296516495946,22.549677118574028
0.00999572619345961,42.74014106971756
-0.113624667977236,-64.12884555227778
-0.10825325223886004,-18.05000878013754
0.16997473040900107,0.04146826652060548
0.00999572619345961,13.367861072660569
0.18668415979289468,-2.9800795243972953
1.041244599416565,-0.5361732542154023
1.6593624605044475,15.093593964234987
0.44922296516495946,-0.5573310054388902
0.26972067301564895,-36.94575770724904
-0.03861156615609694,-39.48264072720317
0.44922296516495946,13.122226931785953
-0.08657770336893914,17.77974226352989
0.18668415979289468,7.038437199521378
0.8958327942725657,-21.699206232645043
0.10001883060204593,-7.616156830860184
-0.06218863734826252,32.96094067614628
-0.3054210698026699,-1.9488866283982613
0.20188123959900697,-5.3619535347475376
-0.03095869084443841,-5.568099291779881
-0.4198911017118402,-20.99715135852902
-0.058578370644802334,78.70298308265971
0.5786464468577881,18.10404076332848
1.041244599416565,-3.3960019819265512
1.0026164971751694,0.7847641990366732
-1.5464783585181123,34.458378268200114
-0.10462615523354754,5.004397063638481
-0.15193756696726807,-39.48264072720317
0.26972067301564895,13.73569103313465
-0.30057689291677187,-10.032654483473237
-0.21735499260060465,16.8762399221961
0.6011300846259356,-36.94575770724904
-0.00606422098292847,-32.18312620050924
0.3800454743780971,13.987238754500622
0.19288933208800815,42.74014106971756
-0.06487068597181327,34.66640998521532
0.6011300846259356,7.38675613760892
0.8958327942725657,-4.27374692175362
1.2553987807724112,32.174458576936104
-0.10462615523354754,-1.5881115983279661
1.5822698280934888,-1.9488866283982613
0.00999572619345961,21.245403893104715
-1.0556011267440089,7.38675613760892
-0.05252757009506306,21.245403893104715
0.6011300846259356,14.044821634337412
0.0010470528883741892,-21.989749770128757
-0.505048042284805,-10.276710497240433
0.05864512242631372,-38.8446486552365
-0.058578370644802334,-1.9488866283982613
0.4242270604129871,-4.27374692175362
-0.0792748196307623,2.63263339993483
0.18668415979289468,-40.19327155395332
-0.19466522561525249,18.10404076332848
-0.19466522561525249,15.719889307234046
-0.9024675039485013,-21.989749770128757
-0.7160738754535848,-14.761836885402682
-0.33576938220124525,49.925647069350426
-0.7050481787525923,17.77974226352989
-0.10825325223886004,7.596740867050775
0.3505467633222156,12.080490209402095
-0.23758498733152322,-40.3877793567228
0.44922296516495946,20.943839012767775
-0.2941137015527696,7.038437199521378
0.00999572619345961,49.925647069350426
-0.3151451186445354,17.77974226352989
-0.03095869084443841,-12.9217227829755
-1.2497736591103932,-14.92608016726255
-0.21376361882889733,-12.699829097706006
2.2358660093761475,-0.0038359853624834496
0.05864512242631372,18.48178911445189
0.7523905430874418,12.080490209402095
-0.06565703993025851,21.245403893104715
-0.08771594774860603,13.122226931785953
-0.15234167536798235,7.038437199521378
-1.2497736591103932,21.245403893104715
0.0010470528883741892,11.195706723116947
0.2528020560677244,-2.9614244565298433
0.16051745893966754,-39.48264072720317
-0.0352084347935643,-39.48264072720317
-0.2741974333344227,3.010803771110808
0.32482562098165857,49.925647069350426
0.2341443478001918,-14.138890062009661
-0.05252757009506306,-8.558438931875193
-0.35281270793989095,-12.9217227829755
0.3906688513397044,7.038437199521378
0.8958327942725657,0.04146826652060548
0.18668415979289468,16.137309005336682
-0.009028874904964578,12.102504841680373
0.8958327942725657,-9.956774156348473
-0.14286895029634947,22.526360517017405
-0.00606422098292847,0.04146826652060548
5.68491992367111,35.727326701158034
-0.30057689291677187,-27.259749061922307
0.20188123959900697,13.122226931785953
-0.01631420073264045,-27.259749061922307
0.36435750103282766,8.678186683473351
2.2358660093761475,-10.814404479470381
0.10597692985484128,-1.9488866283982613
0.32482562098165857,-47.17645554782859
-0.058578370644802334,337.79091355894997
-0.1845534832672918,-18.44398679929323
0.16268039011447305,-4.5569853151450985
-0.2741974333344227,59.12019203474566
0.2028095494411093,32.96094067614628
-0.024598674677790366,-4.051877673123212
-1.217791890634699,-1.6881085035055867
-0.14304889760529674,-38.8446486552365
1.041244599416565,35.727326701158034
0.8958327942725657,13.122226931785953
0.15438855266195128,42.74014106971756
-0.06487068597181327,-4.949681631400662
0.20188123959900697,14.004420132976355
-1.4442959583507398,-14.92608016726255
0.26361681384434904,-15.935206029103457
0.02132813869805661,31.641294797272423
0.30407817344469507,12.102494748238584
2.0013801206858988,-25.344122145253287
0.20188123959900697,-14.114341188560951
0.8958327942725657,18.10404076332848
-0.05252757009506306,31.641294797272423
1.2553987807724112,-12.9217227829755
2.0755236001364437,23.425417010667722
0.688791828861265,7.596740867050775
-0.7160738754535848,5.676239989432423
-0.7287260669656467,35.727326701158034
0.4997419662193159,-1.0630246735620064
0.3906688513397044,-4.27374692175362
-0.9024675039485013,17.28183675774978
-0.801053308863267,-40.19327155395332
0.41530050538439856,18.10404076332848
-0.113624667977236,2.63263339993483
-0.08048260070473123,18.10404076332848
-0.058578370644802334,15.093593964234987
-1.4442959583507398,8.171102781843985
0.043113239087593416,-0.7898570125005707
-0.4726112652643114,29.704337441723858
0.17887008538654098,-4.27374692175362
-0.672261773514369,24.499597763939295
1.3997807965823006,22.454344845033457
0.5101920150542831,18.06735682480273
0.32482562098165857,-24.959993554285578
-1.4442959583507398,-14.761836885402682
-0.009028874904964578,49.925647069350426
-0.2033653306411805,-3.3960019819265512
-0.05873740317876268,-4.0030311692097875
0.05864512242631372,17.77974226352989
0.30057329476854466,-14.138890062009661
0.11090382931134693,21.245403893104715
-0.3151451186445354,-39.48264072720317
-0.31021122470612056,-39.48264072720317
0.05864512242631372,18.06735682480273
-0.17935181727408317,-4.27374692175362
0.16268039011447305,0.7847641990366732
-0.3151451186445354,-27.15700683138211
0.4997419662193159,-38.8446486552365
-0.00606422098292847,14.071100412859938
0.03708543951820231,-15.935206029103457
0.30407817344469507,16.67456378847738
0.16159146195309612,-3.526894058084416
0.46640658963121295,35.727326701158034
-0.22245526381397998,34.66640998521532
0.39926502701555744,7.596740867050775
0.3800454743780971,16.36942024967121
-0.23758498733152322,44.44184669975891
-0.9024675039485013,-4.5569853151450985
-0.4198911017118402,13.73569103313465
-0.03095869084443841,-12.699829097706006
0.04778851635149166,7.038437199521378
-0.2033653306411805,16.137309005336682
-0.009028874904964578,-2.9291310600555684
-0.03861156615609694,-4.078524786165337
0.18668415979289468,7.770689351416952
0.41530050538439856,31.641294797272423
-0.47282598073482546,-27.259749061922307
2.2358660093761475,5.911317787528296
-0.12385572129947438,16.137309005336682
-0.801053308863267,18.10404076332848
0.047684826740882966,-10.276710497240433
-0.3151451186445354,16.8762399221961
0.34238876799479534,18.06735682480273
-0.43529365049160484,-1.9488866283982613
-0.2033653306411805,5.911317787528296
0.3505467633222156,-15.935206029103457
1.041244599416565,22.497428542256994
-0.058578370644802334,5.004397063638481
0.3800454743780971,13.73569103313465
0.23608909821264756,-4.27374692175362
0.16051745893966754,11.627289824075353
0.00999572619345961,35.727326701158034
-0.801053308863267,-39.1763748935869
0.2341443478001918,7.140872871365899
0.8958327942725657,16.8762399221961
-0.30057689291677187,34.66640998521532
-0.06218863734826252,-18.44398679929323
-0.17135948528698036,-20.99715135852902
-0.15963008896540815,190.3097190243283
0.16997473040900107,-12.9217227829755
-0.2076377528588214,-15.935206029103457
0.00999572619345961,0.04146826652060548
1.2553987807724112,16.137309005336682
-0.3866153392160762,7.038437199521378
0.2341443478001918,-4.516151465019735
-0.2893681985950519,-9.956774156348473
-0.2033653306411805,13.987238754500622
-1.1634612938655475,0.04146826652060548
0.38403387494372687,-3.526894058084416
-1.2497736591103932,-0.8843744842369765
-0.03095869084443841,-9.956774156348473
0.1589884271769304,-3.3960019819265512
0.33457055631954125,17.77974226352989
-0.0808639114232312,-0.5361732542154023
0.40158367324280136,3.010803771110808
-0.43529365049160484,0.7847641990366732
-0.1118305206688687,-4.5569853151450985
-0.801053308863267,-14.138890062009661
-0.7287260669656467,-39.1763748935869
0.047684826740882966,21.21099415724861
-0.113624667977236,-4.0030311692097875
-0.03095869084443841,17.77974226352989
0.06288897005254657,35.727326701158034
-0.9869487568887413,-7.616156830860184
-0.19466522561525249,17.77974226352989
1.0742461550524685,-2.9291310600555684
-0.4198911017118402,18.06735682480273
0.16051745893966754,-0.5361732542154023
-0.04555074380058599,-15.935206029103457
-0.17935181727408317,20.021864907847988
-0.06487068597181327,21.21099415724861
0.8151733010905959,-2.9614244565298433
0.2341443478001918,-7.719198499706887
0.44922296516495946,-12.699829097706006
-0.05252757009506306,1.6473613643481597
-0.7287260669656467,-1.2870816333418091
-0.1118305206688687,-0.5361732542154023
0.3505467633222156,-3.3960019819265512
0.0402605423540356,-11.168027150779878
0.36435750103282766,-15.935206029103457
-0.2738920535334189,-11.168027150779878
0.3505467633222156,13.122226931785953
-0.25331001659545593,49.72568543360479
0.32482562098165857,-2.7029679554461388
0.16181664640404847,40.690505495633346
-0.9024675039485013,-4.27374692175362
1.1127658037795611,-3.526894058084416
1.041244599416565,-14.92608016726255
-0.03861156615609694,-12.699829097706006
-0.43529365049160484,31.641294797272423
-0.08048260070473123,-4.0030311692097875
-0.05252757009506306,-9.150666438419684
-0.19723665039468066,35.727326701158034
-0.0808639114232312,31.641294797272423
0.4242270604129871,-17.629709512600787
0.1586219282642693,5.911317787528296
0.047684826740882966,-4.27374692175362
-0.113624667977236,35.727326701158034
0.32482562098165857,42.74014106971756
-0.4198911017118402,-18.44398679929323
-0.2893681985950519,-25.908721899119882
0.00999572619345961,29.973871336493364
-0.03861156615609694,-10.276710497240433
0.3505467633222156,-10.276710497240433
0.688791828861265,7.140872871365899
-0.024598674677790366,18.10404076332848
-1.1793887582032776,-48.23772936159969
-1.2497736591103932,-2.2335130345263385
0.689246666015755,29.704337441723858
-0.03095869084443841,13.367861072660569
-0.30057689291677187,21.387570884234133
-0.16880052818434513,22.526360517017405
-0.19466522561525249,-1.6881085035055867
0.020540003346487624,18.10404076332848
-0.2033653306411805,32.96094067614628
0.34238876799479534,0.6328841260730843
1.5822698280934888,-5.3619535347475376
0.31021410415629347,-2.2335130345263385
0.6011300846259356,-24.959993554285578
0.2515737123508759,8.94794705401277
-0.43529365049160484,-8.7422950833559
2.5065347857651172,-27.504862198609242
0.46841303106282,-24.959993554285578
1.0742461550524685,7.265070709056594
1.041244599416565,29.973871336493364
-0.12385572129947438,-27.15700683138211
0.2521351458422851,-7.616156830860184
0.39926502701555744,-4.27374692175362
0.30057329476854466,-0.5361732542154023
2.0755236001364437,-0.5361732542154023
-0.4198911017118402,11.627289824075353
-0.2033653306411805,-18.44398679929323
-1.4442959583507398,-12.699829097706006
-0.1118305206688687,-3.9671451152817934
0.16181664640404847,-15.935206029103457
-0.10825325223886004,18.06735682480273
0.1918725988069705,13.122226931785953
-0.03861156615609694,-26.313056082160845
-0.505048042284805,22.526360517017405
0.2528020560677244,-24.959993554285578
-0.2033653306411805,15.093593964234987
-0.14304889760529674,-14.761836885402682
-0.00606422098292847,20.021864907847988
0.2028095494411093,78.70298308265971
0.3505467633222156,-10.276710497240433
-0.024598674677790366,-4.0030311692097875
-0.21735499260060465,-14.138890062009661
0.8958327942725657,-21.568249383018745
0.5786464468577881,5.004397063638481
-0.0792748196307623,20.675489494425566
-0.3151451186445354,14.280904842711205
0.5209864602641708,-0.5361732542154023
0.30407817344469507,-2.7029679554461388
0.4242270604129871,13.122226931785953
-0.00606422098292847,-27.504862198609242
0.5786464468577881,0.864766501985906
-0.7287260669656467,-6.6612816997610516
0.44922296516495946,7.038437199521378
-0.33576938220124525,49.925647069350426
1.5822698280934888,-2.9614244565298433
-0.11211130213329021,10.874657446200438
3.2512246509059537,11.627289824075353
-0.801053308863267,-2.0767928311559585
-0.058578370644802334,-36.94575770724904
0.3505467633222156,31.138589891912048
0.1918725988069705,-12.9217227829755
-0.058578370644802334,-52.37795764006779
-0.058578370644802334,-17.97391752245654
0.1918725988069705,13.122226931785953
1.5822698280934888,49.925647069350426
-0.03861156615609694,0.7847641990366732
-0.00606422098292847,40.690505495633346
0.32482562098165857,17.28183675774978
0.34238876799479534,0.04146826652060548
2.0755236001364437,5.911317787528296
-0.801053308863267,17.28183675774978
-0.2738920535334189,15.093593964234987
0.1586219282642693,5.911317787528296
-0.1845534832672918,-4.27374692175362
1.5822698280934888,-4.27374692175362
0.6735839854136264,10.438571144155382
0.44922296516495946,-0.8843744842369765
-0.2741974333344227,18.48178911445189
-0.43529365049160484,-1.9488866283982613
0.16181664640404847,-39.48264072720317
-0.24416541236390005,-8.558438931875193
0.16181664640404847,13.73569103313465
-0.4198911017118402,11.627289824075353
0.8958327942725657,35.727326701158034
0.18668415979289468,-5.3619535347475376
0.5786464468577881,-1.9488866283982613
-0.18590351632647606,2.077521546435768
0.20188123959900697,-39.48264072720317
0.05864512242631372,101.23534029866036
-0.1118305206688687,15.66197399815461
0.0010470528883741892,-0.5361732542154023
-0.10462615523354754,-4.949681631400662
-0.7050550900595922,5.911317787528296
0.4997419662193159,7.64174099114888
0.20188123959900697,11.627289824075353
0.043113239087593416,7.265070709056594
0.36435750103282766,-2.7029679554461388
-0.16880052818434513,36.622797333381634
0.043113239087593416,5.911317787528296
-1.4442959583507398,0.04146826652060548
-0.4342998201327942,-1.9488866283982613
0.11090382931134693,11.627289824075353
0.688791828861265,-1.6881085035055867
-0.058578370644802334,-20.99715135852902
-0.6299094769965032,-8.335252925287833
-0.7401456791303287,-29.856487290051373
-0.14258406777394997,12.080490209402095
0.4242270604129871,17.77974226352989
0.16268039011447305,12.102504841680373
0.36435750103282766,44.44184669975891
0.16268039011447305,-7.616156830860184
-0.19466522561525249,-0.5361732542154023
-0.16880052818434513,18.10404076332848
-0.2076377528588214,44.44184669975891
-0.505048042284805,-1.9488866283982613
-0.43529365049160484,-4.27374692175362
-0.1118305206688687,16.8762399221961
0.3505467633222156,0.864766501985906
-0.17935181727408317,2.1338652505476157
0.0010470528883741892,31.641294797272423
-0.2941137015527696,-1.2870816333418091
0.043113239087593416,-14.138890062009661
1.394174000488054,-0.5361732542154023
-0.1435785576040279,34.66640998521532
-0.2893681985950519,0.04146826652060548
0.38403387494372687,-15.935206029103457
-0.058578370644802334,-9.956774156348473
0.6011300846259356,-10.7764289179292
0.3505467633222156,11.627289824075353
-0.0352084347935643,-18.44398679929323
-0.1114831986007296,7.265070709056594
0.36435750103282766,-5.3619535347475376
0.32482562098165857,-29.856487290051373
0.4997419662193159,-3.526894058084416
-0.08867063383433955,-7.308931431818518
-0.05252757009506306,-4.051877673123212
0.6011300846259356,16.8762399221961
0.0916091018483673,21.245403893104715
0.36435750103282766,-3.526894058084416
-0.058578370644802334,-4.0030311692097875
1.041244599416565,15.093593964234987
-1.217791890634699,190.3097190243283
0.6011300846259356,-33.21374444224675
-0.0764545697770406,-24.959993554285578
-1.4442959583507398,15.093593964234987
1.0742461550524685,-4.0030311692097875
0.3614545749440984,2.63263339993483
1.7993968814994363,-2.1385247169656862
0.3228247438500903,7.265070709056594
0.06288897005254657,-7.2466025351224115
0.16051745893966754,11.1052927428243
-0.0352084347935643,-1.0630246735620064
0.20188123959900697,40.690505495633346
0.3505467633222156,5.911317787528296
0.3800454743780971,-27.259749061922307
3.2512246509059537,-4.0030311692097875
0.44922296516495946,14.280904842711205
0.16181664640404847,-5.059436089640311
-0.0352084347935643,3.010803771110808
-0.21735499260060465,-21.699206232645043
-1.3009460764488114,-1.9459217090021586
0.2006814916813869,18.10404076332848
0.3505467633222156,9.20004271711571
-0.47282598073482546,-10.276710497240433
0.2528020560677244,-0.8843744842369765
0.6477004407264604,-4.5569853151450985
-0.10825325223886004,17.77974226352989
0.1589884271769304,17.77974226352989
0.34238876799479534,-4.0030311692097875
1.041244599416565,-4.0030311692097875
0.20188123959900697,26.931671492324774
-0.17935181727408317,7.596740867050775
0.688791828861265,-8.558438931875193
1.9263509282651272,3.010803771110808
-0.43529365049160484,20.943839012767775
-0.10825325223886004,44.44184669975891
0.1589884271769304,-4.5569853151450985
-0.7160738754535848,-9.956774156348473
0.13071120725620614,2.8499852625433655
0.4242270604129871,7.265070709056594
0.27586775984203465,-38.8446486552365
-0.25331001659545593,-9.956774156348473
-0.21735499260060465,-14.138890062009661
0.30057329476854466,-4.078524786165337
-0.43529365049160484,0.04146826652060548
-0.03861156615609694,7.038437199521378
0.44922296516495946,0.7847641990366732
-0.9024675039485013,-5.3619535347475376
0.5101920150542831,-23.69499838117953
0.16530219056865675,21.21099415724861
-0.7050481787525923,7.265070709056594
-0.36332751780594286,-4.0030311692097875
-0.1118305206688687,4.007637341038666
-0.058578370644802334,21.245403893104715
-0.33576938220124525,2.63263339993483
1.394174000488054,-9.956774156348473
-0.2738920535334189,23.372825929697136
0.8958327942725657,8.94794705401277
-0.33576938220124525,7.038437199521378
0.5786464468577881,-0.5361732542154023
-0.17935181727408317,-18.44398679929323
-0.34167038395473925,1.5584248676019077
-0.24416541236390005,-11.378279124648387
0.16181664640404847,-1.6881085035055867
-0.10462615523354754,-3.3960019819265512
0.16997473040900107,-3.3960019819265512
-0.12894786135221284,2.077521546435768
1.041244599416565,-27.15700683138211
0.42628203894762057,-1.9488866283982613
0.20188123959900697,25.66939669000617
0.16181664640404847,-10.081603544848427
0.2341443478001918,-5.568099291779881
-0.1118305206688687,-27.504862198609242
-0.19466522561525249,-46.523517778655
0.043113239087593416,42.74014106971756
0.1586219282642693,15.093593964234987
-0.33576938220124525,2.1338652505476157
0.8958327942725657,14.044821634337412
0.00999572619345961,-2.7029679554461388
0.5786464468577881,16.67456378847738
0.16181664640404847,3.010803771110808
-1.2497736591103932,0.30087760174787676
0.0010470528883741892,15.093593964234987
-0.21735499260060465,2.8499852625433655
-0.17935181727408317,60.61303780141854
0.6735839854136264,-57.74051646520421
0.688791828861265,-7.616156830860184
0.18668415979289468,-6.6612816997610516
0.3232970364782351,-32.31398079172564
-0.3866153392160762,-4.538637862515627
0.2434758227448847,-8.558438931875193
0.16181664640404847,49.925647069350426
0.2515737123508759,35.727326701158034
-0.2033653306411805,11.25863723715804
-0.505048042284805,-4.078524786165337
0.27586775984203465,-10.814404479470381
-0.17935181727408317,-0.5361732542154023
1.5355175086949657,0.04146826652060548
-0.00606422098292847,-12.9217227829755
2.2358660093761475,-7.616156830860184
0.30407817344469507,-4.5569853151450985
-1.0098968388748333,-20.99715135852902
1.0742461550524685,7.265070709056594
0.8958327942725657,-12.699829097706006
-0.03861156615609694,-6.4114126171107975
-1.4442959583507398,-4.078524786165337
0.44922296516495946,-10.884568947883732
0.2006814916813869,-15.935206029103457
0.16997473040900107,-27.259749061922307
0.164306546105706,18.10404076332848
0.32482562098165857,-10.081603544848427
0.05160574619961226,-12.9217227829755
-1.689401290665661,-20.99715135852902
0.1918725988069705,11.195706723116947
0.00999572619345961,31.641294797272423
0.20188123959900697,-33.21374444224675
1.4051177019833445,-30.108523831933937
-0.00606422098292847,17.28183675774978
-1.4442959583507398,-10.081603544848427
0.00999572619345961,5.676239989432423
-0.17935181727408317,31.57671909153448
0.0010470528883741892,-4.078524786165337
1.041244599416565,-4.0030311692097875
0.32482562098165857,21.245403893104715
-0.4198911017118402,-1.9488866283982613
0.20257742939561063,-6.223666195099975
0.5786464468577881,5.911317787528296
-1.4442959583507398,-5.3619535347475376
0.18668415979289468,-0.5361732542154023
-1.217791890634699,-33.21374444224675
0.0916091018483673,-39.48264072720317
-0.19466522561525249,-11.111584414861227
0.36435750103282766,-9.956774156348473
-0.058578370644802334,-27.259749061922307
0.00999572619345961,14.044821634337412
-0.14304889760529674,-3.9671451152817934
0.13071120725620614,-27.259749061922307
-0.1529747467379292,-3.3960019819265512
-0.2741974333344227,-20.99715135852902
-0.058578370644802334,7.265070709056594
-0.3054210698026699,-14.92608016726255
-0.16880052818434513,9.20004271711571
-0.35281270793989095,-1.5881115983279661
0.047684826740882966,-23.69499838117953
-0.2076377528588214,-15.935206029103457
-0.2033653306411805,17.28183675774978
-0.43529365049160484,21.943429764248087
-0.21735499260060465,-12.9217227829755
-0.2033653306411805,11.627289824075353
1.8449462246318096,18.10404076332848
0.1918725988069705,2.63263339993483
-1.4442959583507398,-14.138890062009661
-0.00013670845530624475,34.66640998521532
0.5786464468577881,-7.616156830860184
0.33457055631954125,15.355957543981352
-0.7050481787525923,11.627289824075353
0.36435750103282766,1.562435408792224
0.39926502701555744,-4.0030311692097875
-0.16880052818434513,-15.935206029103457
0.45448722164395744,28.26539096477251
-0.0673472244820494,-38.8446486552365
-0.505048042284805,11.627289824075353
0.0010470528883741892,-2.7029679554461388
-0.00606422098292847,-18.44398679929323
0.00999572619345961,-12.699829097706006
-0.05252757009506306,32.96094067614628
-0.4198911017118402,18.77231901118117
-0.1845534832672918,-12.699829097706006
1.041244599416565,-20.99715135852902
0.3800454743780971,-7.616156830860184
-0.06565703993025851,13.122226931785953
-0.21735499260060465,-5.568099291779881
-0.36332751780594286,-4.5569853151450985
-0.04555074380058599,-5.3619535347475376
-1.2497736591103932,-29.856487290051373
0.3505467633222156,28.17842089585539
0.6011300846259356,-4.5569853151450985
-0.17935181727408317,-24.959993554285578
0.4242270604129871,-5.568099291779881
0.34238876799479534,-2.9800795243972953
-0.00013670845530624475,5.911317787528296
0.7398260597725317,-23.69499838117953
-0.00606422098292847,-1.2870816333418091
-0.00606422098292847,-27.259749061922307
-0.009028874904964578,-12.699829097706006
1.0742461550524685,-2.9291310600555684
-0.2738920535334189,0.864766501985906
0.05864512242631372,-4.0030311692097875
-0.505048042284805,13.73569103313465
0.00999572619345961,-4.5569853151450985
-0.4726112652643114,-7.308931431818518
-0.505048042284805,18.10404076332848
-0.36332751780594286,34.66640998521532
-0.4198911017118402,4.007637341038666
-0.058578370644802334,-8.558438931875193
0.153020433690436,-16.973394138905665
-0.16880052818434513,31.57671909153448
-1.2497736591103932,25.38713772153157
-0.25331001659545593,-19.279405262215892
0.0010470528883741892,20.31032155601569
0.3505467633222156,-21.699206232645043
1.0026164971751694,0.864766501985906
0.05864512242631372,7.038437199521378
0.16181664640404847,21.387570884234133
-0.113624667977236,-27.504862198609242
0.04778851635149166,-3.526894058084416
-0.10825325223886004,-1.9488866283982613
0.1589884271769304,337.79091355894997
-4.641982688069007,15.355957543981352
0.16181664640404847,-29.856487290051373
-0.0352084347935643,21.34879511607822
1.394174000488054,-27.259749061922307
0.4242270604129871,13.338180719551389
-0.017168990736273714,-27.259749061922307
-0.19466522561525249,-9.956774156348473
0.8958327942725657,-27.259749061922307
1.0742461550524685,18.10404076332848
0.8958327942725657,29.995661536328267
1.0742461550524685,11.627289824075353
-0.7287260669656467,-4.0030311692097875
0.36435750103282766,-10.276710497240433
-0.009028874904964578,-39.48264072720317
-0.058578370644802334,29.704337441723858
0.2521351458422851,-12.9217227829755
-0.17935181727408317,78.70298308265971
-0.2076377528588214,-10.814404479470381
-0.30057689291677187,-4.27374692175362
-0.05252757009506306,3.010803771110808
1.041244599416565,21.245403893104715
0.41530050538439856,7.265070709056594
-0.0352084347935643,31.641294797272423
0.33049120169057705,2.63263339993483
0.26972067301564895,-9.811847721093269
-1.4442959583507398,15.093593964234987
0.29653774554932444,17.77974226352989
-0.2033653306411805,-64.12884555227778
0.18668415979289468,7.596740867050775
-0.16880052818434513,21.245403893104715
0.16181664640404847,-38.8446486552365
2.2358660093761475,19.31827048195189
-0.2033653306411805,16.137309005336682
-0.00606422098292847,-1.9488866283982613
0.3505467633222156,3.010803771110808
-0.0808639114232312,-2.9291310600555684
0.23608909821264756,-47.17645554782859
0.8958327942725657,-0.5361732542154023
0.043113239087593416,22.526360517017405
0.5786464468577881,42.74014106971756
0.6011300846259356,-14.761836885402682
0.16181664640404847,-10.276710497240433
0.39926502701555744,-12.9217227829755
-0.43529365049160484,-10.276710497240433
-0.1118305206688687,-27.259749061922307
0.4242270604129871,78.70298308265971
-0.03861156615609694,-14.92608016726255
0.32482562098165857,-4.0030311692097875
-0.009028874904964578,0.864766501985906
0.18668415979289468,-24.959993554285578
0.0916091018483673,13.99269216824317
-1.2497736591103932,-27.504862198609242
-0.1529747467379292,11.627289824075353
-0.36332751780594286,-7.616156830860184
0.05909883430361802,7.596740867050775
-0.00606422098292847,-2.0767928311559585
-0.00606422098292847,-4.5569853151450985
-0.505048042284805,5.911317787528296
0.12573894616055126,-57.74051646520421
-0.30057689291677187,7.64174099114888
1.478002339277954,2.1338652505476157
0.36435750103282766,-12.699829097706006
0.1918725988069705,16.137309005336682
-0.2738920535334189,18.48178911445189
-1.5034819450854005,-10.081603544848427
0.0010470528883741892,14.280904842711205
-0.5626984011075703,18.10404076332848
0.18668415979289468,-3.3960019819265512
1.3837758509206166,17.77974226352989
0.39926502701555744,-27.259749061922307
0.6011300846259356,-0.5361732542154023
-0.0166721650619027,-7.2466025351224115
-0.2076377528588214,-3.526894058084416
-1.2497736591103932,166.76254514455465
-0.14304889760529674,18.48178911445189
1.5822698280934888,21.21099415724861
-0.21735499260060465,-18.44398679929323
2.2358660093761475,-4.078524786165337
0.8958327942725657,-12.9217227829755
0.043113239087593416,31.57671909153448
-0.2033653306411805,-6.072911394740857
0.20188123959900697,-20.99715135852902
-0.009028874904964578,17.28183675774978
-0.16880052818434513,15.093593964234987
0.5576777925041181,-38.8446486552365
-0.009028874904964578,5.911317787528296
0.36435750103282766,-20.99715135852902
1.5822698280934888,-4.0030311692097875
-1.5578744236929156,-39.05484876941181
0.1918725988069705,18.10404076332848
-1.4276687895233653,7.265070709056594
0.029992153168686732,-20.99715135852902
-0.2738920535334189,-12.699829097706006
1.1127658037795611,29.704337441723858
-0.2033653306411805,-5.3619535347475376
-0.19466522561525249,-18.44398679929323
0.5786464468577881,14.044821634337412
0.688791828861265,-3.7731426931645045
0.24600207104221977,17.77974226352989
0.6011300846259356,29.973871336493364
1.2358599040804323,17.28183675774978
-0.7287260669656467,21.245403893104715
-0.1118305206688687,-24.959993554285578
-0.16880052818434513,16.137309005336682
0.30057329476854466,-1.9488866283982613
0.34238876799479534,21.245403893104715
-0.36332751780594286,-27.15700683138211
1.041244599416565,-4.5569853151450985
-0.35281270793989095,-47.17645554782859
-0.801053308863267,13.73569103313465
0.0010470528883741892,-14.138890062009661
0.1918725988069705,13.122226931785953
-0.7429272192252189,162.90653740739342
-0.9024675039485013,7.265070709056594
-0.3151451186445354,21.387570884234133
0.32482562098165857,14.044821634337412
0.17133069084377722,-67.30397771307828
0.4997419662193159,12.080490209402095
-0.17935181727408317,-4.078524786165337
-1.2497736591103932,-39.48264072720317
-0.4198911017118402,5.911317787528296
0.0010470528883741892,-12.9217227829755
-0.21735499260060465,4.169944995986889
0.20188123959900697,-7.616156830860184
0.4242270604129871,15.355957543981352
2.5062562280628145,-10.276710497240433
0.05864512242631372,21.21099415724861
-0.11235626442082039,-8.558438931875193
-1.003876189520175,12.102504841680373
1.5822698280934888,7.265070709056594
-0.19466522561525249,-4.0030311692097875
-0.3151451186445354,-5.3619535347475376
-1.4442959583507398,7.596740867050775
0.00999572619345961,5.911317787528296
-0.4198911017118402,-1.0630246735620064
-0.6299094769965032,14.044821634337412
-0.03861156615609694,31.641294797272423
-0.05252757009506306,-0.5361732542154023
0.8958327942725657,7.38675613760892
-0.7287260669656467,7.770689351416952
-0.10825325223886004,0.864766501985906
0.05909883430361802,-5.059436089640311
0.05909883430361802,-10.276710497240433
0.16051745893966754,7.038437199521378
0.24600207104221977,-7.308931431818518
1.5355175086949657,-14.959477299015035
-0.36332751780594286,-4.5569853151450985
-0.7050481787525923,13.122226931785953
-0.14304889760529674,40.690505495633346
0.6011300846259356,-18.44398679929323
-0.43529365049160484,-2.0982517115565
0.00999572619345961,21.245403893104715
-0.17935181727408317,-12.699829097706006
0.16181664640404847,12.862794183118371
0.3505467633222156,-29.856487290051373
-0.00606422098292847,17.28183675774978
0.32482562098165857,16.137309005336682
0.5786464468577881,-4.5569853151450985
-0.17935181727408317,-0.5361732542154023
-0.0352084347935643,40.690505495633346
0.10001883060204593,-12.699829097706006
-0.15193756696726807,13.122226931785953
0.10597692985484128,-2.9291310600555684
0.1918725988069705,-2.2335130345263385
1.3402699205612447,7.596740867050775
0.2528020560677244,-24.959993554285578
-0.03861156615609694,8.94794705401277
-0.7050481787525923,0.04146826652060548
-0.4198911017118402,-3.7731426931645045
0.6011300846259356,21.387570884234133
1.041244599416565,-12.699829097706006
0.7398260597725317,-24.959993554285578
-0.21735499260060465,-3.7731426931645045
0.0010470528883741892,7.265070709056594
-0.0352084347935643,5.911317787528296
0.16051745893966754,0.864766501985906
-0.07196222189562931,21.245403893104715
1.5822698280934888,42.74014106971756
-0.0352084347935643,39.760585038296945
0.5786464468577881,337.79091355894997
-0.16880052818434513,-21.699206232645043
-1.5034819450854005,13.73569103313465
0.16181664640404847,-4.27374692175362
0.16997473040900107,3.010803771110808
-0.1118305206688687,22.526360517017405
-0.505048042284805,18.48178911445189
-0.2593454515750621,-4.5569853151450985
-0.1529747467379292,0.04146826652060548
0.16159146195309612,18.48178911445189
-0.0352084347935643,11.1052927428243
0.33457055631954125,0.7847641990366732
0.1586219282642693,18.48178911445189
-0.0808639114232312,-24.959993554285578
0.32482562098165857,-12.699829097706006
1.5822698280934888,4.169944995986889
0.043113239087593416,-15.935206029103457
0.39926502701555744,-12.9217227829755
0.2028095494411093,-1.9488866283982613
1.5822698280934888,-7.308931431818518
-0.36332751780594286,-4.0030311692097875
-0.0352084347935643,5.911317787528296
0.8958327942725657,162.90653740739342
-0.03861156615609694,-24.959993554285578
0.05864512242631372,-2.7029679554461388
-0.17935181727408317,7.038437199521378
-0.1435785576040279,12.080490209402095
0.12573894616055126,-10.081603544848427
-0.19466522561525249,-36.94575770724904
-0.7287260669656467,7.596740867050775
0.16997473040900107,18.10404076332848
-0.09849685936731763,-2.218290423663901
-0.0792748196307623,-12.9217227829755
-0.14304889760529674,-12.9217227829755
-0.801053308863267,18.06735682480273
-0.058578370644802334,0.30087760174787676
-0.40587280791599634,-5.3619535347475376
0.16997473040900107,2.077521546435768
-0.1118305206688687,-1.9488866283982613
0.5101920150542831,-14.761836885402682
-0.009028874904964578,-21.699206232645043
0.4242270604129871,-38.8446486552365
-0.2782101086628936,18.06735682480273
0.37149901830778975,-10.276710497240433
-0.3151451186445354,-26.341743077570804
-1.5034819450854005,-24.959993554285578
0.00999572619345961,-16.973394138905665
-0.04555074380058599,-39.1763748935869
-0.21735499260060465,-12.9217227829755
1.2553987807724112,-4.078524786165337
0.0916091018483673,-10.056424393302532
0.5786464468577881,-39.48264072720317
-1.0098968388748333,5.911317787528296
-0.3363651125119391,-4.5569853151450985
-0.19466522561525249,-4.949681631400662
-0.70474673753089,10.438571144155382
2.0755236001364437,12.102494748238584
-0.05252757009506306,34.66640998521532
-0.6694664349971302,-21.699206232645043
-0.03095869084443841,35.727326701158034
1.5822698280934888,5.911317787528296
0.1507721993692753,-4.0030311692097875
1.1127658037795611,34.458378268200114
-0.40904271775737755,-9.956774156348473
0.27586775984203465,25.66939669000617
0.26972067301564895,21.21099415724861
0.039476640067074374,-4.078524786165337
-0.19466522561525249,2.1338652505476157
-0.03861156615609694,15.261949196023727
0.00999572619345961,-0.5361732542154023
0.5786464468577881,-8.47556500141717
0.043113239087593416,-36.94575770724904
0.4242270604129871,21.245403893104715
-0.1118305206688687,49.925647069350426
-0.1118305206688687,-52.37795764006779
0.1918725988069705,-5.3619535347475376
2.2358660093761475,-2.9291310600555684
-0.6230753889609728,0.04146826652060548
0.6011300846259356,18.10404076332848
-0.7050481787525923,-4.5569853151450985
1.0742461550524685,15.093593964234987
-0.0352084347935643,7.017127675090229
-0.0352084347935643,-18.44398679929323
-0.0352084347935643,-2.9614244565298433
-0.10825325223886004,-50.443152489164476
-0.03861156615609694,21.21099415724861
0.44922296516495946,32.96094067614628
0.18668415979289468,-1.9488866283982613
-0.7050481787525923,17.77974226352989
-0.0792748196307623,-9.956774156348473
1.041244599416565,11.1052927428243
0.34238876799479534,-0.0038359853624834496
0.4997419662193159,32.96094067614628
1.5822698280934888,19.31827048195189
1.394174000488054,32.96094067614628
0.0010470528883741892,-5.3619535347475376
0.27586775984203465,-4.27374692175362
-0.21376361882889733,-14.761836885402682
-0.00606422098292847,15.093593964234987
0.31021410415629347,5.911317787528296
-0.43529365049160484,12.102494748238584
0.1507721993692753,-4.27374692175362
0.3228247438500903,-4.338863877690476
-0.801053308863267,16.137309005336682
-0.24894497083856326,21.943429764248087
-0.505048042284805,42.74014106971756
0.04778851635149166,-39.48264072720317
-0.03861156615609694,16.8762399221961
-0.017168990736273714,0.04146826652060548
1.5055984623564311,0.864766501985906
0.043113239087593416,42.74014106971756
1.7274817463526346,7.596740867050775
-0.505048042284805,2.8499852625433655
-0.23758498733152322,15.093593964234987
-0.21735499260060465,-4.0030311692097875
-0.505048042284805,-21.568249383018745
1.5822698280934888,-52.37795764006779
0.3505467633222156,11.627289824075353
0.24600207104221977,-1.9313173035818287
0.05864512242631372,3.010803771110808
-0.6484834959849031,17.28183675774978
0.6735839854136264,22.497428542256994
-1.2059451917661819,13.987238754500622
-0.34815899640505715,-47.17645554782859
0.047684826740882966,7.265070709056594
0.00999572619345961,-27.504862198609242
1.9046788635615386,-18.041078592126844
-0.0792748196307623,17.77974226352989
0.3505467633222156,-4.5569853151450985
-0.801053308863267,14.280904842711205
-1.2497736591103932,29.704337441723858
1.0742461550524685,-14.138890062009661
0.6735839854136264,-2.0767928311559585
0.8958327942725657,7.596740867050775
-0.36332751780594286,-2.9800795243972953
-0.03861156615609694,-6.6612816997610516
0.18668415979289468,-15.935206029103457
0.18668415979289468,-10.32835572313355
-0.00606422098292847,12.080490209402095
0.20188123959900697,-0.5361732542154023
-0.4198911017118402,0.864766501985906
-0.030646184935596434,-29.856487290051373
-1.2497736591103932,-2.7029679554461388
0.05864512242631372,10.438571144155382
0.0010470528883741892,0.864766501985906
0.9544380869215774,42.74014106971756
-0.7287260669656467,21.245403893104715
1.5822698280934888,-38.8446486552365
1.2553987807724112,2.077521546435768
0.4997419662193159,5.676239989432423
0.508558186780643,-7.2466025351224115
-0.36332751780594286,-11.111584414861227
1.5822698280934888,-6.152960897313826
0.03258673623427275,17.28183675774978
0.16530219056865675,-24.646420341805445
-0.15963008896540815,-4.078524786165337
0.16268039011447305,-14.92608016726255
-0.36332751780594286,12.862794183118371
-0.04555074380058599,29.973871336493364
0.3505467633222156,-38.8446486552365
0.2006814916813869,31.138589891912048
1.4051177019833445,-0.5361732542154023
-0.36332751780594286,11.627289824075353
-0.12385572129947438,-4.078524786165337
0.39926502701555744,-38.8446486552365
-0.17006217304951132,-7.616156830860184
0.10448198804280939,-2.7029679554461388
1.2553987807724112,18.745431048207855
-0.17935181727408317,18.017598264756508
-0.09849685936731763,-39.48264072720317
-0.12552467734978415,7.38675613760892
-0.7287260669656467,18.48178911445189
0.16159146195309612,14.044821634337412
0.17133069084377722,3.010803771110808
0.16997473040900107,42.74014106971756
-0.009028874904964578,-6.6612816997610516
-0.0792748196307623,-3.526894058084416
-0.36332751780594286,11.627289824075353
0.0916091018483673,-8.558438931875193
-1.2497736591103932,2.8499852625433655
0.18668415979289468,11.627289824075353
0.04834673790542032,78.70298308265971
-1.3009460764488114,31.641294797272423
-0.3294928383793912,-12.699829097706006
0.39926502701555744,17.77974226352989
-0.36332751780594286,-4.27374692175362
-0.7287260669656467,17.77974226352989
-0.21376361882889733,-12.9217227829755
-0.2033653306411805,18.41275292458747
1.5822698280934888,17.28183675774978
-0.0352084347935643,-10.276710497240433
-0.17935181727408317,11.627289824075353
0.3505467633222156,34.66640998521532
-0.017168990736273714,17.77974226352989
0.05864512242631372,17.77974226352989
0.17887008538654098,-24.959993554285578
-0.70474673753089,-15.935206029103457
0.39926502701555744,35.727326701158034
1.2553987807724112,-4.078524786165337
-0.4198911017118402,-33.21374444224675
0.2528020560677244,7.596740867050775
1.5822698280934888,16.8762399221961
0.18668415979289468,-4.078524786165337
0.0010470528883741892,17.28183675774978
-0.18590351632647606,31.641294797272423
2.2358660093761475,-8.558438931875193
0.688791828861265,25.020376398596255
0.36435750103282766,-7.616156830860184
-0.636274644842378,49.925647069350426
-0.2738920535334189,22.526360517017405
-0.009028874904964578,-2.9614244565298433
-0.3151451186445354,31.641294797272423
0.16159146195309612,-2.343863389814117
-0.36332751780594286,-4.5569853151450985
0.1918725988069705,20.943839012767775
-0.2033653306411805,7.038437199521378
-0.7287260669656467,-38.8446486552365
-0.017168990736273714,21.387570884234133
0.4242270604129871,83.67494295132117
0.2786039531662106,-20.99715135852902
0.1918725988069705,17.77974226352989
-0.21735499260060465,-3.7731426931645045
0.1918725988069705,-32.31398079172564
-1.4442959583507398,-7.616156830860184
1.1127658037795611,-10.119080267352768
0.688791828861265,42.74014106971756
-0.4198911017118402,-29.856487290051373
0.8958327942725657,-3.2934762777459268
-0.2593454515750621,-3.3960019819265512
0.007968033397800145,7.64174099114888
-0.4198911017118402,0.7847641990366732
0.26972067301564895,23.503575342205522
0.3505467633222156,-27.259749061922307
0.2341443478001918,-6.6612816997610516
-0.36332751780594286,-11.111584414861227
-0.058578370644802334,3.010803771110808
0.3505467633222156,20.31032155601569
-0.07196222189562931,14.280904842711205
-0.4726112652643114,-7.965552930046018
0.043113239087593416,-10.7764289179292
0.16181664640404847,13.367861072660569
1.041244599416565,-14.138890062009661
-0.33576938220124525,12.862794183118371
1.7274817463526346,17.663083151548147
-0.7429272192252189,15.093593964234987
0.05864512242631372,-7.616156830860184
0.16159146195309612,49.925647069350426
-0.0969281402019457,78.70298308265971
0.27586775984203465,15.719889307234046
-0.18590351632647606,-14.138890062009661
1.5822698280934888,-14.138890062009661
-0.7050481787525923,-17.416640261134116
-0.08771594774860603,18.10404076332848
-0.43529365049160484,0.864766501985906
-0.0352084347935643,29.973871336493364
1.1819492274653245,-7.849089718355956
1.4616500348830879,-40.19327155395332
-0.19466522561525249,21.387570884234133
-0.4198911017118402,18.06735682480273
-0.1118305206688687,7.64174099114888
-0.2076377528588214,-3.3960019819265512
-1.689401290665661,-4.5569853151450985
-0.21735499260060465,-27.504862198609242
-0.14304889760529674,13.122226931785953
1.2553987807724112,14.044821634337412
0.00999572619345961,-6.6612816997610516
0.3505467633222156,11.627289824075353
-0.505048042284805,-27.504862198609242
0.2434758227448847,23.425417010667722
-1.4442959583507398,7.017127675090229
-0.0352084347935643,-20.99715135852902
-0.03861156615609694,-46.523517778655
1.0742461550524685,-3.3960019819265512
0.6011300846259356,190.3097190243283
-0.009028874904964578,-18.44398679929323
0.05864512242631372,-10.056424393302532
-0.3844846724136027,-7.308931431818518
1.7691257909305187,35.727326701158034
-0.17935181727408317,13.122226931785953
-0.017168990736273714,-1.9488866283982613
0.2006814916813869,-10.884568947883732
-0.2738920535334189,35.727326701158034
-0.3054210698026699,-0.5361732542154023
-0.09849685936731763,-39.1763748935869
0.043113239087593416,25.66939669000617
0.511416933333918,7.265070709056594
0.23608909821264756,32.174458576936104
-0.05252757009506306,0.04146826652060548
-0.17935181727408317,-38.8446486552365
0.1586219282642693,-4.27374692175362
-1.4442959583507398,-24.75912696901911
-0.03095869084443841,-12.9217227829755
0.1586219282642693,49.925647069350426
-0.19466522561525249,-5.3619535347475376
-1.4442959583507398,20.2183142232873
-0.14304889760529674,0.04146826652060548
-1.4442959583507398,31.641294797272423
0.31021410415629347,7.596740867050775
0.6011300846259356,15.093593964234987
0.15438855266195128,-1.5881115983279661
-0.4198911017118402,0.04146826652060548
0.2006814916813869,-4.0030311692097875
-0.0969281402019457,-0.5361732542154023
0.16181664640404847,-0.8843744842369765
0.0010470528883741892,-7.2466025351224115
-0.16880052818434513,-2.9614244565298433
-0.0352084347935643,21.245403893104715
-0.03095869084443841,13.73569103313465
0.16181664640404847,-12.699829097706006
-0.00606422098292847,-1.6881085035055867
0.20188123959900697,-4.078524786165337
0.5101920150542831,21.21099415724861
0.38403387494372687,11.627289824075353
-0.7287260669656467,-1.9313173035818287
0.44922296516495946,10.702260964686408
-0.16880052818434513,34.66640998521532
-0.19466522561525249,-12.9217227829755
1.5822698280934888,0.30087760174787676
0.6011300846259356,13.987238754500622
0.1918725988069705,-5.059436089640311
2.0755236001364437,-10.814404479470381
0.34238876799479534,-2.7029679554461388
2.012551393286114,18.10404076332848
-1.4442959583507398,-10.081603544848427
-0.05252757009506306,2.63263339993483
-0.16333932667981615,49.925647069350426
0.5786464468577881,2.1338652505476157
1.3997807965823006,18.10404076332848
-0.10825325223886004,-3.7731426931645045
0.19769300947974253,3.010803771110808
0.44922296516495946,-47.17645554782859
-0.113624667977236,-9.956774156348473
-0.1845534832672918,-4.27374692175362
0.6011300846259356,-14.599071393320667
0.19418111044770825,-2.7029679554461388
-0.9718979137563235,29.704337441723858
-1.2497736591103932,-12.699829097706006
-0.34815899640505715,-40.19327155395332
0.4756248784722886,-21.699206232645043
-0.10825325223886004,-10.276710497240433
0.047684826740882966,34.66640998521532
0.3193683602170187,-4.27374692175362
-0.009028874904964578,15.261949196023727
0.39926502701555744,-38.8446486552365
0.19288933208800815,-33.21374444224675
-0.03861156615609694,15.355957543981352
-0.2033653306411805,15.093593964234987
-0.113624667977236,-10.814404479470381
-0.09849685936731763,-3.526894058084416
-0.009028874904964578,18.10404076332848
-0.19466522561525249,-27.259749061922307
-0.6299094769965032,15.719889307234046
0.36435750103282766,14.280904842711205
-0.2033653306411805,23.372825929697136
0.5786464468577881,-10.276710497240433
-0.1845534832672918,-25.412180632315827
-0.03861156615609694,5.911317787528296
-0.14286895029634947,49.925647069350426
0.20188123959900697,13.122226931785953
0.38403387494372687,13.73569103313465
-0.3151451186445354,-16.179880662916258
0.0916091018483673,18.10404076332848
0.20188123959900697,7.770689351416952
-0.21735499260060465,-4.0030311692097875
0.0916091018483673,18.10404076332848
0.20188123959900697,-9.956774156348473
1.7274817463526346,-10.081603544848427
0.9206659441209073,18.10404076332848
0.19288933208800815,21.245403893104715
0.18668415979289468,3.6844645149518556
-0.47282598073482546,-15.935206029103457
-0.18590351632647606,-2.9291310600555684
1.5822698280934888,-39.48264072720317
0.20188123959900697,21.245403893104715
1.1127658037795611,-8.558438931875193
0.16181664640404847,-10.276710497240433
1.041244599416565,-20.99715135852902
-0.2593454515750621,17.77974226352989
1.9046788635615386,-12.9217227829755
0.46841303106282,17.77974226352989
0.16997473040900107,7.38675613760892
-0.009028874904964578,-25.412180632315827
0.34238876799479534,-0.8843744842369765
-0.1118305206688687,337.79091355894997
-0.801053308863267,-0.5361732542154023
0.13071120725620614,-12.9217227829755
0.32482562098165857,13.73569103313465
-0.009028874904964578,17.28183675774978
2.5065347857651172,0.04146826652060548
-0.054699764903173874,-18.44398679929323
0.3505467633222156,21.245403893104715
-1.689401290665661,-8.558438931875193
0.20188123959900697,-17.416640261134116
-0.04555074380058599,42.74014106971756
0.00999572619345961,-39.48264072720317
0.1918725988069705,-4.078524786165337
0.11090382931134693,-8.335252925287833
-0.21376361882889733,32.93493596372664
-0.113624667977236,56.59659836344661
0.688791828861265,-1.816396467890097
-0.17935181727408317,-12.699829097706006
2.2358660093761475,-24.959993554285578
1.0742461550524685,0.864766501985906
-0.113624667977236,-4.5569853151450985
-0.0792748196307623,-4.5569853151450985
0.3906688513397044,-5.3619535347475376
-0.7050481787525923,-2.7029679554461388
0.0797559173132516,-0.5361732542154023
-0.2033653306411805,7.596740867050775
-0.024598674677790366,-13.840528630824332
0.00999572619345961,-2.9291310600555684
0.32482562098165857,13.987238754500622
0.3800454743780971,35.727326701158034
0.6011300846259356,-1.0630246735620064
-0.19466522561525249,10.949350225159302
0.024815749751703208,-10.276710497240433
0.34238876799479534,21.245403893104715
-0.21735499260060465,-4.846002185727043
1.0026164971751694,-14.138890062009661
-0.15193756696726807,0.864766501985906
-0.505048042284805,0.864766501985906
0.39926502701555744,6.143586275435377
-0.18590351632647606,-4.078524786165337
-0.19466522561525249,83.67494295132117
0.5786464468577881,17.28183675774978
0.3800454743780971,-8.558438931875193
-0.7160738754535848,18.10404076332848
-0.25449515339122203,44.44184669975891
-0.05252757009506306,29.973871336493364
-0.03861156615609694,-4.27374692175362
0.46640658963121295,-18.041078592126844
0.6011300846259356,-20.99715135852902
3.116572218641195,-27.259749061922307
-0.3151451186445354,2.329516804521694
-1.2497736591103932,13.73569103313465
0.047684826740882966,-39.48264072720317
-0.31021122470612056,49.925647069350426
0.0010470528883741892,18.10404076332848
-0.1118305206688687,23.372825929697136
0.36435750103282766,-18.44398679929323
-0.7938159071133528,21.245403893104715
-0.058578370644802334,17.77974226352989
0.1589884271769304,7.038437199521378
0.20188123959900697,14.044821634337412
-0.05252757009506306,5.004397063638481
1.041244599416565,65.91807055587971
0.5786464468577881,-4.0030311692097875
1.5822698280934888,13.122226931785953
-0.2738920535334189,-4.0030311692097875
-1.2497736591103932,-2.7029679554461388
-0.00606422098292847,-39.1763748935869
-0.10825325223886004,44.743497401818274
0.2515737123508759,11.627289824075353
-0.10825325223886004,-33.21374444224675
-0.36332751780594286,21.387570884234133
0.33457055631954125,40.690505495633346
0.1589884271769304,-1.6881085035055867
0.043113239087593416,11.322639000940397
0.1586219282642693,-0.5361732542154023
-0.4198911017118402,3.010803771110808
1.7274817463526346,7.038437199521378
0.00999572619345961,21.21099415724861
0.18668415979289468,-8.558438931875193
-0.19466522561525249,-1.9488866283982613
-0.00606422098292847,65.91807055587971
0.27586775984203465,7.596740867050775
0.36435750103282766,-36.94575770724904
-0.03095869084443841,-10.276710497240433
0.043113239087593416,18.10404076332848
0.27586775984203465,-5.3619535347475376
-0.08657770336893914,-1.9488866283982613
0.0916091018483673,-14.138890062009661
2.5065347857651172,-0.5361732542154023
-0.03861156615609694,35.727326701158034
-0.10825325223886004,18.48178911445189
0.8958327942725657,-7.616156830860184
-0.16880052818434513,18.10404076332848
0.18668415979289468,44.982432429205495
-0.00606422098292847,-29.856487290051373
0.13071120725620614,-18.44398679929323
-0.1118305206688687,-6.6612816997610516
0.18668415979289468,-10.276710497240433
0.36435750103282766,14.004420132976355
-0.7287260669656467,4.007637341038666
1.5822698280934888,15.093593964234987
-0.0792748196307623,-11.168027150779878
-0.10825325223886004,40.690505495633346
-0.1845534832672918,0.04146826652060548
1.5822698280934888,18.06735682480273
-0.8246288976755036,-38.8446486552365
-1.2497736591103932,-14.92608016726255
0.00999572619345961,13.122226931785953
-0.4198911017118402,0.864766501985906
1.0742461550524685,-14.761836885402682
2.0755236001364437,17.28183675774978
0.2341443478001918,-12.699829097706006
-0.505048042284805,-39.48264072720317
-0.16880052818434513,0.04146826652060548
-0.017168990736273714,-40.3877793567228
2.2358660093761475,29.704337441723858
-1.5464783585181123,49.925647069350426
-1.4442959583507398,-4.27374692175362
3.1299622614874876,-17.629709512600787
-0.10825325223886004,-0.5361732542154023
-0.024598674677790366,0.04146826652060548
0.532244698972776,-3.3960019819265512
-0.43529365049160484,18.10404076332848
0.6011300846259356,-11.378279124648387
0.2434758227448847,-2.9291310600555684
0.688791828861265,14.044821634337412
0.44922296516495946,2.8499852625433655
-0.4198911017118402,12.862794183118371
-0.16880052818434513,-4.27374692175362
0.27586775984203465,-27.309788344432455
0.16997473040900107,20.31032155601569
0.10001883060204593,-20.99715135852902
-0.7160738754535848,-1.0630246735620064
0.18668415979289468,3.1405316026897645
-0.04555074380058599,-17.97391752245654
-0.3151451186445354,-0.8843744842369765
0.5101920150542831,-4.27374692175362
-0.36332751780594286,-13.360315882929202
1.5822698280934888,8.171102781843985
0.39926502701555744,-18.05000878013754
0.20188123959900697,15.093593964234987
0.5101920150542831,11.627289824075353
-0.0352084347935643,7.38675613760892
0.20188123959900697,25.66939669000617
0.34238876799479534,20.943839012767775
-0.03095869084443841,-12.699829097706006
0.1918725988069705,22.526360517017405
0.16268039011447305,-21.699206232645043
-0.00606422098292847,-27.504862198609242
-0.9024675039485013,7.5933355445900945
0.2923227890647856,-24.16125495693031
-0.34815899640505715,-15.935206029103457
-0.00606422098292847,16.137309005336682
-0.00606422098292847,16.137309005336682
-0.16880052818434513,-47.17645554782859
-0.7160738754535848,-15.935206029103457
1.394174000488054,-10.276710497240433
0.19769300947974253,0.04146826652060548
0.3505467633222156,-2.9800795243972953
-0.17135948528698036,-15.935206029103457
-0.3151451186445354,-2.9291310600555684
0.16997473040900107,-33.21374444224675
0.1918725988069705,-0.5361732542154023
0.26972067301564895,20.31032155601569
0.2528020560677244,-52.37795764006779
-0.16880052818434513,-15.935206029103457
1.2553987807724112,-2.9291310600555684
-0.00606422098292847,-40.3877793567228
0.2528020560677244,49.925647069350426
0.2341443478001918,-5.3619535347475376
0.8958327942725657,11.195706723116947
0.16181664640404847,-26.313056082160845
0.20188123959900697,-3.526894058084416
-0.30057689291677187,16.137309005336682
-0.0352084347935643,14.071100412859938
0.27586775984203465,-8.558438931875193
-0.16880052818434513,0.04146826652060548
-0.2033653306411805,18.48178911445189
0.20188123959900697,-13.989261657391179
-0.9024675039485013,78.70298308265971
0.4242270604129871,-7.616156830860184
-0.7938159071133528,18.10404076332848
-1.4442959583507398,-12.9217227829755
0.0916091018483673,0.04146826652060548
0.36435750103282766,7.596740867050775
-0.5399423494487576,-0.5361732542154023
-0.4342998201327942,44.743497401818274
0.6011300846259356,16.98247544783629
-0.1845534832672918,-32.18312620050924
2.012551393286114,-8.558438931875193
-0.00606422098292847,12.862794183118371
-0.03095869084443841,0.04146826652060548
-0.0352084347935643,-12.9217227829755
-0.1845534832672918,31.641294797272423
-0.2738920535334189,21.245403893104715
1.041244599416565,34.66640998521532
-0.03861156615609694,35.727326701158034
0.05864512242631372,13.73569103313465
-0.2741974333344227,-0.5361732542154023
0.44922296516495946,22.526360517017405
0.1589884271769304,-24.959993554285578
-0.40904271775737755,0.864766501985906
0.1918725988069705,7.596740867050775
0.44922296516495946,-15.935206029103457
0.36435750103282766,-27.15700683138211
-0.43529365049160484,-39.1763748935869
0.45325600338022703,-27.504862198609242
-0.009028874904964578,-7.616156830860184
0.1918725988069705,0.7847641990366732
-0.7287260669656467,-34.62117903171609
0.039476640067074374,10.949350225159302
-0.19723665039468066,-33.21374444224675
-0.058578370644802334,-0.5361732542154023
-0.0792748196307623,5.911317787528296
-0.7050481787525923,0.864766501985906
-0.2741974333344227,34.66640998521532
0.1586219282642693,49.925647069350426
0.1586219282642693,-4.5569853151450985
0.05864512242631372,-2.7029679554461388
-0.7050481787525923,7.038437199521378
0.8958327942725657,49.925647069350426
0.3505467633222156,-64.12884555227778
0.27586775984203465,2.077521546435768
-0.30057689291677187,-11.364274034145852
-0.03095869084443841,-15.935206029103457
0.46640658963121295,-2.2335130345263385
-0.05613709104258011,29.973871336493364
-0.113624667977236,18.48178911445189
-0.0808639114232312,-7.965552930046018
-1.2497736591103932,-39.48264072720317
-0.1845534832672918,337.79091355894997
0.30407817344469507,15.093593964234987
-1.0556011267440089,3.010803771110808
0.18668415979289468,2.63263339993483
-0.672261773514369,2.077521546435768
-0.0352084347935643,-1.9488866283982613
-0.2076377528588214,7.265070709056594
-0.4198911017118402,6.2554190503992375
-0.1118305206688687,-14.761836885402682
-0.4198911017118402,-2.7029679554461388
-0.058578370644802334,-0.0038359853624834496
-0.009028874904964578,-14.138890062009661
0.17133069084377722,7.265070709056594
0.688791828861265,-12.9217227829755
-0.7287260669656467,-10.276710497240433
-0.058578370644802334,17.77974226352989
0.39926502701555744,49.925647069350426
0.3800454743780971,7.265070709056594
-0.017168990736273714,-18.538109028352324
0.2898819605452614,-4.0030311692097875
0.05864512242631372,-2.2335130345263385
2.012551393286114,-4.5569853151450985
0.1586219282642693,-12.9217227829755
0.4997419662193159,0.864766501985906
-0.34815899640505715,18.694892084583277
0.17133069084377722,-39.48264072720317
0.00999572619345961,0.04146826652060548
0.3505467633222156,-4.0030311692097875
-0.19466522561525249,-12.9217227829755
-0.10825325223886004,2.1338652505476157
-0.03095869084443841,17.28183675774978
-0.0166721650619027,9.745063193530196
-0.15193756696726807,7.596740867050775
0.06288897005254657,16.137309005336682
-0.14304889760529674,49.925647069350426
0.0010470528883741892,337.79091355894997
-0.7287260669656467,-1.9488866283982613
-0.17935181727408317,18.10404076332848
0.689246666015755,0.5465942706398988
-0.21735499260060465,-15.935206029103457
-0.4198911017118402,-2.2335130345263385
-0.0792748196307623,-3.526894058084416
-0.36332751780594286,0.30087760174787676
0.1918725988069705,-14.138890062009661
-0.36332751780594286,-23.69499838117953
-0.03095869084443841,2.077521546435768
-0.00606422098292847,12.080490209402095
-0.21735499260060465,6.375386923193691
0.2006814916813869,-5.3619535347475376
1.2553987807724112,-6.072911394740857
-0.505048042284805,-8.558438931875193
0.2006814916813869,15.093593964234987
-0.00606422098292847,-23.69499838117953
0.9544380869215774,17.28183675774978
0.05864512242631372,15.355957543981352
-0.009028874904964578,-2.1385247169656862
0.5786464468577881,-4.0030311692097875
-0.058578370644802334,-9.956774156348473
-0.18590351632647606,34.66640998521532
-0.1118305206688687,-2.9291310600555684
-0.7160738754535848,-39.48264072720317
0.39926502701555744,-4.0030311692097875
-0.7160738754535848,40.690505495633346
0.039476640067074374,22.526360517017405
-0.17935181727408317,49.925647069350426
-0.1118305206688687,-4.5569853151450985
-0.0792748196307623,15.261949196023727
-0.2738920535334189,-16.179880662916258
-0.03861156615609694,-12.699829097706006
-0.16880052818434513,-8.47556500141717
2.5062562280628145,-7.616156830860184
0.043113239087593416,16.137309005336682
0.16051745893966754,15.355957543981352
-1.5034819450854005,31.641294797272423
-0.21735499260060465,-72.19781680261991
-0.2741974333344227,-14.761836885402682
0.3505467633222156,34.66640998521532
1.041244599416565,0.864766501985906
-0.19723665039468066,-24.959993554285578
0.38403387494372687,13.122226931785953
-0.7429272192252189,42.74014106971756
-0.02603624527195943,11.627289824075353
0.16181664640404847,-14.138890062009661
0.39926502701555744,17.28183675774978
0.36435750103282766,-3.9950082705257763
-1.2497736591103932,31.641294797272423
0.6011300846259356,-39.48264072720317
0.05160574619961226,21.387570884234133
0.30057329476854466,15.093593964234987
0.44922296516495946,21.21099415724861
0.17133069084377722,21.21099415724861
1.5822698280934888,-39.48264072720317
1.5822698280934888,-15.784946091776693
-1.6778178025694679,-0.5361732542154023
-0.18590351632647606,0.864766501985906
-0.7050481787525923,-5.568099291779881
-0.03095869084443841,5.911317787528296
0.5209864602641708,-1.9313173035818287
1.394174000488054,-14.92608016726255
-0.43529365049160484,7.265070709056594
-0.2741974333344227,-40.19327155395332
-0.16880052818434513,12.102494748238584
-0.3151451186445354,23.372825929697136
0.20257742939561063,-3.526894058084416
-0.06218863734826252,-2.2335130345263385
0.32482562098165857,18.10404076332848
-0.00606422098292847,-2.7029679554461388
0.8958327942725657,-20.99715135852902
-0.17935181727408317,-2.2335130345263385
0.44922296516495946,-4.0030311692097875
2.0755236001364437,5.004397063638481
-1.4442959583507398,-2.2335130345263385
1.041244599416565,18.10404076332848
-1.2497736591103932,0.864766501985906
-0.6299094769965032,-1.816396467890097
-0.10825325223886004,-10.814404479470381
-0.18590351632647606,42.74014106971756
0.3193683602170187,31.57671909153448
-0.35281270793989095,-14.599071393320667
-0.06194194306377323,3.010803771110808
-0.4198911017118402,-40.19327155395332
0.05864512242631372,7.596740867050775
0.34238876799479534,-4.078524786165337
0.05864512242631372,-12.9217227829755
-0.0808639114232312,11.627289824075353
0.29120460839181234,16.137309005336682
-0.03861156615609694,-27.259749061922307
-0.06194194306377323,2.077521546435768
0.03258673623427275,-9.956774156348473
0.44922296516495946,-4.078524786165337
0.36435750103282766,8.94794705401277
0.3665757928180873,-14.138890062009661
0.44922296516495946,-8.335252925287833
0.8958327942725657,-4.27374692175362
0.20188123959900697,29.704337441723858
0.04980822178464671,-28.028858425570593
-0.6802110654890579,17.77974226352989
0.16181664640404847,-29.53902122319777
0.39926502701555744,-14.761836885402682
-0.009028874904964578,-24.959993554285578
0.00999572619345961,-4.078524786165337
-0.05252757009506306,-4.949681631400662
-0.9024675039485013,10.438571144155382
0.16159146195309612,7.265070709056594
0.05909883430361802,7.038437199521378
0.16159146195309612,7.596740867050775
0.16997473040900107,17.28183675774978
0.2028095494411093,337.79091355894997
2.0755236001364437,-29.856487290051373
-0.9024675039485013,35.727326701158034
0.4756248784722886,5.911317787528296
0.33457055631954125,-4.078524786165337
-0.36332751780594286,-10.276710497240433
-1.2497736591103932,-2.2335130345263385
-1.0098968388748333,-64.12884555227778
-0.05252757009506306,18.10404076332848
-0.05252757009506306,-4.078524786165337
-1.5034819450854005,13.73569103313465
0.3505467633222156,0.864766501985906
0.1918725988069705,35.727326701158034
-0.07376395554197326,-2.3141928410932953
1.394174000488054,11.627289824075353
-0.00013670845530624475,18.48178911445189
-0.35281270793989095,21.245403893104715
0.18668415979289468,11.627289824075353
-0.0352084347935643,23.372825929697136
-0.03095869084443841,20.943839012767775
-0.00606422098292847,11.627289824075353
0.2341443478001918,-29.856487290051373
-0.1845534832672918,-25.15343695062618
-0.1118305206688687,7.340366661926466
0.0797559173132516,-12.9217227829755
0.16997473040900107,-0.5361732542154023
-0.2033653306411805,-3.526894058084416
-0.08657770336893914,11.627289824075353
0.30057329476854466,14.044821634337412
0.00999572619345961,-21.699206232645043
0.32482562098165857,3.010803771110808
-0.2813777439740256,-0.5361732542154023
-0.058578370644802334,10.438571144155382
0.05864512242631372,-4.5569853151450985
-0.009028874904964578,-27.504862198609242
0.00999572619345961,34.66640998521532
0.688791828861265,-10.119080267352768
2.0755236001364437,0.04146826652060548
0.0010470528883741892,0.864766501985906
-0.044810527848512395,-2.9291310600555684
-0.03861156615609694,-5.568099291779881
0.2434758227448847,-1.6881085035055867
0.272507160170109,-7.616156830860184
1.5822698280934888,15.719889307234046
1.1127658037795611,34.66640998521532
-1.4442959583507398,15.719889307234046
0.38403387494372687,-14.761836885402682
0.8958327942725657,7.265070709056594
-0.801053308863267,-30.108523831933937
1.5822698280934888,-6.6612816997610516
-0.2033653306411805,-10.814404479470381
-0.1118305206688687,22.526360517017405
-1.2497736591103932,-1.9488866283982613
1.041244599416565,11.627289824075353
-1.2497736591103932,-5.3619535347475376
-0.1118305206688687,-1.43261949820052
0.2528020560677244,-1.0630246735620064
1.5822698280934888,7.596740867050775
0.688791828861265,-39.48264072720317
0.8958327942725657,-0.5573310054388902
-0.30057689291677187,17.28183675774978
0.16159146195309612,20.943839012767775
-0.4198911017118402,12.080490209402095
-0.1118305206688687,-9.150666438419684
-0.21735499260060465,-10.050876275630035
0.5786464468577881,32.96094067614628
-0.03095869084443841,13.987238754500622
0.3228247438500903,21.245403893104715
0.00999572619345961,-0.5361732542154023
-0.17935181727408317,-12.699829097706006
0.16181664640404847,7.596740867050775
-0.7050481787525923,0.7847641990366732
0.6011300846259356,-40.3877793567228
-0.43529365049160484,-4.338863877690476
1.5822698280934888,-24.959993554285578
-0.03095869084443841,35.727326701158034
1.5822698280934888,-9.956774156348473
-0.15193756696726807,35.727326701158034
-0.34167038395473925,-13.360315882929202
-0.3151451186445354,0.9214016884970614
0.1918725988069705,32.96094067614628
-0.06565703993025851,-6.508667502822483
0.0010470528883741892,49.925647069350426
-0.05252757009506306,13.122226931785953
0.31021410415629347,18.10404076332848
-0.18590351632647606,-3.526894058084416
0.2923227890647856,-5.3619535347475376
-0.00606422098292847,-30.108523831933937
0.3505467633222156,0.04146826652060548
0.3505467633222156,18.10404076332848
-0.21735499260060465,20.2183142232873
0.0916091018483673,49.925647069350426
-1.2497736591103932,-15.935206029103457
1.5822698280934888,-14.138890062009661
0.10001883060204593,-15.935206029103457
-0.14304889760529674,-1.9488866283982613
0.6097296047041605,35.727326701158034
0.1918725988069705,11.675314765328476
-1.003876189520175,-2.9291310600555684
1.041244599416565,-12.9217227829755
-0.3054210698026699,-4.0030311692097875
0.1589884271769304,-1.6881085035055867
-0.03095869084443841,21.245403893104715
-0.3151451186445354,0.864766501985906
-0.33576938220124525,-20.99715135852902
-0.801053308863267,11.627289824075353
-0.2741974333344227,-0.0038359853624834496
0.5786464468577881,-1.9313173035818287
0.17133069084377722,-16.25322274257984
0.3906688513397044,34.66640998521532
0.3228247438500903,-12.699829097706006
1.5822698280934888,78.70298308265971
0.17133069084377722,16.137309005336682
0.7398260597725317,29.704337441723858
-0.058578370644802334,-0.0038359853624834496
1.3837758509206166,10.438571144155382
0.39926502701555744,7.038437199521378
-0.00606422098292847,-24.75912696901911
0.0797559173132516,-8.558438931875193
-0.06565703993025851,17.28183675774978
0.8958327942725657,-3.526894058084416
-0.7050481787525923,-39.48264072720317
-0.16880052818434513,-10.32835572313355
1.5822698280934888,-10.081603544848427
1.394174000488054,-8.558438931875193
0.16159146195309612,22.549677118574028
0.34238876799479534,21.21099415724861
-0.19466522561525249,18.77231901118117
0.00999572619345961,-8.558438931875193
-0.05252757009506306,-8.558438931875193
0.36435750103282766,5.911317787528296
-0.2033653306411805,18.48178911445189
0.05864512242631372,-24.959993554285578
0.11980487094519213,-15.935206029103457
0.16268039011447305,-2.2335130345263385
1.7993968814994363,-4.0030311692097875
0.44922296516495946,-27.259749061922307
0.8958327942725657,11.627289824075353
-0.16880052818434513,-14.114341188560951
-0.33576938220124525,5.676239989432423
0.20188123959900697,11.627289824075353
0.6011300846259356,13.122226931785953
-1.003876189520175,83.67494295132117
0.44922296516495946,65.91807055587971
-0.058578370644802334,21.245403893104715
-1.4442959583507398,-10.081603544848427
-0.4198911017118402,10.634935252357327
-0.009028874904964578,34.66640998521532
-0.03095869084443841,49.925647069350426
-0.05252757009506306,14.81756871123022
-0.36332751780594286,49.925647069350426
-0.672261773514369,-4.949681631400662
0.16051745893966754,3.010803771110808
-0.00606422098292847,-2.0767928311559585
-1.2497736591103932,0.04146826652060548
0.33457055631954125,-10.035404744287794
-0.2033653306411805,7.596740867050775
-0.21735499260060465,-47.17645554782859
0.1918725988069705,-3.3960019819265512
-0.2813777439740256,44.982432429205495
0.27586775984203465,-7.616156830860184
0.3505467633222156,-27.504862198609242
-0.10825325223886004,6.540833177903198
-0.14304889760529674,23.425417010667722
-0.19466522561525249,-40.3877793567228
0.3906688513397044,-25.33944624670226
-0.3151451186445354,9.13205616139108
0.6011300846259356,-2.9614244565298433
-0.0792748196307623,-18.44398679929323
-0.801053308863267,2.1338652505476157
1.7274817463526346,4.781531668460141
-0.03095869084443841,29.704337441723858
-0.4198911017118402,-10.081603544848427
0.6735839854136264,-7.616156830860184
0.36435750103282766,17.77974226352989
0.00999572619345961,7.596740867050775
0.27586775984203465,18.10404076332848
-0.4198911017118402,17.28183675774978
0.05864512242631372,15.093593964234987
-0.7050481787525923,-1.9488866283982613
-0.1118305206688687,-47.17645554782859
-0.0808639114232312,-0.5361732542154023
-0.00606422098292847,15.719889307234046
-0.1118305206688687,-7.616156830860184
-0.0352084347935643,11.627289824075353
-0.08867063383433955,-2.2335130345263385
-1.4442959583507398,-33.21374444224675
0.6011300846259356,16.137309005336682
-0.05252757009506306,11.627289824075353
-1.2497736591103932,-2.7029679554461388
3.1299622614874876,17.77974226352989
-0.43529365049160484,-4.078524786165337
0.34238876799479534,-2.9800795243972953
0.6097296047041605,11.627289824075353
-0.0792748196307623,-8.558438931875193
0.44922296516495946,0.30087760174787676
1.2553987807724112,-15.784946091776693
-0.36332751780594286,44.44184669975891
0.30824932449865255,-9.956774156348473
0.047684826740882966,2.077521546435768
0.1918725988069705,20.021864907847988
0.0010470528883741892,-20.99715135852902
-0.21735499260060465,-3.3960019819265512
-1.4442959583507398,-4.949681631400662
0.33457055631954125,-4.078524786165337
0.44922296516495946,31.641294797272423
0.44922296516495946,-10.276710497240433
0.8958327942725657,-2.7029679554461388
1.041244599416565,-18.44398679929323
-0.0969281402019457,-4.0030311692097875
0.44922296516495946,7.265070709056594
1.0742461550524685,-2.7029679554461388
-0.36332751780594286,0.7801741743172745
-0.009028874904964578,18.48178911445189
-0.024598674677790366,7.038437199521378
0.6011300846259356,-39.48264072720317
-0.08657770336893914,3.6844645149518556
-0.3151451186445354,21.387570884234133
-0.36332751780594286,20.943839012767775
1.0742461550524685,14.044821634337412
0.10001883060204593,11.1052927428243
-1.5034819450854005,-1.9488866283982613
0.00999572619345961,-10.814404479470381
0.37149901830778975,16.67456378847738
0.19418111044770825,-39.48264072720317
-0.01631420073264045,-4.5569853151450985
0.16181664640404847,31.641294797272423
0.10448198804280939,-38.8446486552365
-0.6299094769965032,31.641294797272423
1.1127658037795611,-14.138890062009661
-0.4198911017118402,31.138589891912048
-0.16880052818434513,-12.9217227829755
-0.4198911017118402,0.7847641990366732
0.00999572619345961,-12.699829097706006
0.26972067301564895,29.704337441723858
-0.2033653306411805,-14.92608016726255
-0.7050481787525923,-27.15700683138211
0.1918725988069705,49.925647069350426
-0.15193756696726807,8.94794705401277
-0.2738920535334189,-18.44398679929323
-0.17935181727408317,-18.538109028352324
0.00999572619345961,11.675314765328476
0.18668415979289468,42.74014106971756
-0.2033653306411805,49.925647069350426
0.043113239087593416,17.28183675774978
-0.05252757009506306,0.864766501985906
-2.366301450965275,-4.078524786165337
0.6011300846259356,15.261949196023727
-0.00606422098292847,-17.96488556547557
0.16181664640404847,5.004397063638481
0.0010470528883741892,-39.48264072720317
0.32482562098165857,-18.44398679929323
0.2528020560677244,-2.2335130345263385
-1.4442959583507398,42.74014106971756
0.36435750103282766,-2.2335130345263385
-0.365708981743811,-4.078524786165337
0.0010470528883741892,-14.138890062009661
0.3548113137883401,4.781531668460141
0.27586775984203465,-2.1385247169656862
-0.36332751780594286,29.704337441723858
-0.12588186608270502,-24.959993554285578
-0.009028874904964578,-0.5361732542154023
0.31021410415629347,7.265070709056594
-0.4342998201327942,-15.935206029103457
-0.05252757009506306,-22.688931087626568
-0.017168990736273714,16.137309005336682
-0.36332751780594286,13.122226931785953
0.18668415979289468,-7.616156830860184
-0.12894786135221284,16.98247544783629
0.688791828861265,11.1052927428243
0.44922296516495946,-4.4418334411038245
-0.1118305206688687,16.137309005336682
-1.2497736591103932,11.627289824075353
-0.6299094769965032,-4.5569853151450985
0.5786464468577881,-0.0038359853624834496
0.19288933208800815,13.987238754500622
0.26972067301564895,-4.27374692175362
-0.4198911017118402,42.74014106971756
1.5822698280934888,17.28183675774978
-0.10825325223886004,-7.616156830860184
0.05864512242631372,-24.646420341805445
0.24600207104221977,49.925647069350426
0.1918725988069705,-7.616156830860184
-0.505048042284805,7.265070709056594
-0.05252757009506306,-2.7029679554461388
0.05864512242631372,7.265070709056594
-0.7287260669656467,49.925647069350426
0.16051745893966754,-3.3960019819265512
-0.19466522561525249,-6.4114126171107975
-0.017168990736273714,31.641294797272423
0.16051745893966754,-14.807425866768156
0.44922296516495946,11.627289824075353
-0.17935181727408317,-1.9488866283982613
-2.366301450965275,-27.259749061922307
0.30057329476854466,-4.949681631400662
-0.13552797458412166,-23.69499838117953
0.047684826740882966,-27.15700683138211
0.043113239087593416,42.74014106971756
0.16181664640404847,-12.699829097706006
0.00999572619345961,-25.908721899119882
2.2358660093761475,-14.761836885402682
0.6526028477519574,42.74014106971756
1.4051177019833445,14.81756871123022
-0.3054210698026699,-15.935206029103457
-0.0808639114232312,-14.807425866768156
0.6011300846259356,18.06735682480273
0.44922296516495946,-19.279405262215892
-1.2497736591103932,16.98247544783629
0.10001883060204593,-2.9291310600555684
1.5822698280934888,14.071100412859938
0.05864512242631372,-2.9291310600555684
-0.2941137015527696,-24.959993554285578
0.34238876799479534,17.77974226352989
-0.113624667977236,22.526360517017405
0.13071120725620614,11.195706723116947
0.19769300947974253,-19.60800199927033
0.26972067301564895,5.004397063638481
-0.6299094769965032,-0.5361732542154023
-0.058578370644802334,11.322639000940397
-0.2893681985950519,-27.15700683138211
-0.43529365049160484,-4.949681631400662
-0.0792748196307623,2.8499852625433655
0.44922296516495946,-6.072911394740857
-0.47282598073482546,17.77974226352989
-0.009028874904964578,-16.179880662916258
-0.3151451186445354,-27.259749061922307
-0.14304889760529674,12.862794183118371
-0.08657770336893914,-14.138890062009661
-0.058578370644802334,-9.150666438419684
-0.15193756696726807,-12.699829097706006
-0.505048042284805,0.864766501985906
-0.03861156615609694,0.864766501985906
0.1918725988069705,-27.15700683138211
1.394174000488054,-7.616156830860184
-0.03095869084443841,-18.44398679929323
-0.6694664349971302,2.1338652505476157
0.32482562098165857,-4.078524786165337
-0.06565703993025851,7.596740867050775
-0.3294928383793912,40.690505495633346
-0.00606422098292847,18.06735682480273
0.0540268970479552,-4.27374692175362
0.39926502701555744,14.909803878090194
0.0010470528883741892,-7.719198499706887
0.8958327942725657,16.8762399221961
-0.058578370644802334,35.727326701158034
-0.2033653306411805,-5.3619535347475376
0.8958327942725657,-10.276710497240433
0.38403387494372687,49.925647069350426
-0.10825325223886004,15.261949196023727
0.20188123959900697,-14.92608016726255
-0.009028874904964578,-12.9217227829755
0.44922296516495946,42.74014106971756
0.1589884271769304,-2.2335130345263385
-0.113624667977236,-47.17645554782859
-0.058578370644802334,-10.276710497240433
-0.2033653306411805,3.010803771110808
0.6011300846259356,18.06735682480273
0.16159146195309612,-8.558438931875193
-1.2497736591103932,42.74014106971756
-0.19466522561525249,7.038437199521378
0.2341443478001918,-3.9950082705257763
0.27586775984203465,44.982432429205495
-0.801053308863267,13.987238754500622
0.047684826740882966,78.70298308265971
-0.2738920535334189,14.280904842711205
-0.7050481787525923,-22.688931087626568
0.32482562098165857,-33.21374444224675
0.6011300846259356,31.641294797272423
0.36435750103282766,35.727326701158034
-0.03095869084443841,7.038437199521378
1.1127658037795611,-18.44398679929323
-0.15193756696726807,14.044821634337412
-0.43529365049160484,-4.27374692175362
0.09457556784870232,-2.9291310600555684
0.36435750103282766,-0.5361732542154023
-0.21735499260060465,7.265070709056594
0.16181664640404847,4.007637341038666
-0.03861156615609694,0.7847641990366732
-0.47282598073482546,17.28183675774978
-0.1118305206688687,-1.0630246735620064
0.5576777925041181,-29.856487290051373
-0.3151451186445354,12.102494748238584
0.26972067301564895,-15.935206029103457
-0.21735499260060465,9.20004271711571
0.16181664640404847,1.6473613643481597
0.16997473040900107,17.28183675774978
-0.21191448486425904,-24.959993554285578
-1.393529444639474,17.663083151548147
0.44922296516495946,-2.2335130345263385
0.5101920150542831,0.7847641990366732
0.8151733010905959,-4.5569853151450985
-0.06487068597181327,59.12019203474566
0.44922296516495946,7.038437199521378
-0.36332751780594286,-2.2335130345263385
-1.2497736591103932,17.77974226352989
1.3837758509206166,-4.839753619072777
0.19418111044770825,18.06735682480273
0.30824932449865255,-39.48264072720317
-0.05252757009506306,44.743497401818274
0.029992153168686732,5.911317787528296
-0.2033653306411805,-15.935206029103457
1.041244599416565,21.245403893104715
0.6011300846259356,3.010803771110808
-0.05252757009506306,-5.3619535347475376
1.394174000488054,-39.48264072720317
0.6011300846259356,65.21136808967643
-1.4442959583507398,49.925647069350426
0.3505467633222156,25.38713772153157
-0.04555074380058599,0.04146826652060548
0.16051745893966754,35.727326701158034
0.39926502701555744,78.70298308265971
0.16268039011447305,7.038437199521378
-1.4276687895233653,-15.935206029103457
-0.00606422098292847,-7.616156830860184
-0.801053308863267,-2.2335130345263385
0.46640658963121295,25.020376398596255
-0.21735499260060465,31.641294797272423
0.16181664640404847,-5.3619535347475376
1.394174000488054,18.10404076332848
0.1918725988069705,-18.44398679929323
0.3943868690328035,0.864766501985906
1.041244599416565,-4.0030311692097875
0.5786464468577881,-14.138890062009661
0.2341443478001918,-4.0030311692097875
-0.24785046675102862,-10.814404479470381
1.394174000488054,0.864766501985906
-0.19466522561525249,17.28183675774978
0.5786464468577881,10.949350225159302
1.1127658037795611,13.122226931785953
0.0010470528883741892,18.10404076332848
0.2341443478001918,0.04146826652060548
-0.04555074380058599,-4.051877673123212
-1.0098968388748333,-40.19327155395332
1.5822698280934888,25.38713772153157
-0.113624667977236,18.10404076332848
-0.7050481787525923,-3.3960019819265512
0.36435750103282766,-20.99715135852902
0.5786464468577881,10.702260964686408
-0.12552467734978415,-0.0038359853624834496
0.1589884271769304,-14.92608016726255
-0.0792748196307623,-12.699829097706006
0.44922296516495946,42.74014106971756
-0.2782101086628936,10.438571144155382
-0.1118305206688687,16.8762399221961
0.7398260597725317,-7.616156830860184
0.4242270604129871,7.596740867050775
-0.7050481787525923,-3.526894058084416
0.075532725310448,-15.935206029103457
0.16997473040900107,21.245403893104715
-1.393529444639474,-1.9488866283982613
5.68491992367111,-6.6612816997610516
0.16181664640404847,17.28183675774978
0.34238876799479534,-18.44398679929323
-0.36332751780594286,-21.989749770128757
-0.21735499260060465,-52.37795764006779
0.8958327942725657,-10.276710497240433
-0.16880052818434513,7.340366661926466
-0.6941908539196296,0.04146826652060548
0.4997419662193159,-4.078524786165337
-0.19466522561525249,2.1338652505476157
-0.801053308863267,6.143586275435377
-0.08771594774860603,5.911317787528296
-0.08657770336893914,7.265070709056594
0.16159146195309612,7.38675613760892
0.33457055631954125,-38.8446486552365
0.689246666015755,-2.9291310600555684
1.041244599416565,21.245403893104715
-0.36332751780594286,14.004420132976355
-0.2741974333344227,78.70298308265971
2.2358660093761475,-27.504862198609242
1.5706936489161796,-4.078524786165337
-0.2593454515750621,-15.935206029103457
0.688791828861265,35.727326701158034
0.3505467633222156,-2.7029679554461388
-0.13552797458412166,21.245403893104715
0.16181664640404847,32.96094067614628
0.010798211727321849,-12.699829097706006
-0.21735499260060465,-18.041078592126844
-0.1118305206688687,18.10404076332848
-0.02603624527195943,-21.699206232645043
-0.037097603046434724,5.911317787528296
0.16181664640404847,-14.761836885402682
-0.04555074380058599,-20.99715135852902
0.5786464468577881,42.74014106971756
-0.36332751780594286,-2.9614244565298433
-0.14304889760529674,-1.6881085035055867
-0.0352084347935643,-8.558438931875193
-0.19466522561525249,15.093593964234987
-0.08657770336893914,0.864766501985906
-1.4442959583507398,-2.343863389814117
1.2506582497678416,-40.19327155395332
-0.16880052818434513,-0.5361732542154023
0.047684826740882966,-7.719198499706887
0.3614545749440984,-10.276710497240433
0.8958327942725657,-2.0767928311559585
0.2528020560677244,7.038437199521378
0.44922296516495946,7.38675613760892
-0.009028874904964578,65.21136808967643
-0.03861156615609694,7.265070709056594
0.043113239087593416,-4.5569853151450985
-0.032041593914278056,-14.138890062009661
-0.05252757009506306,-4.078524786165337
0.4266084430863691,-15.935206029103457
0.23804754433392256,0.864766501985906
0.5786464468577881,7.596740867050775
0.1918725988069705,-24.75912696901911
-0.009028874904964578,0.7847641990366732
-0.113624667977236,22.526360517017405
0.3800454743780971,17.28183675774978
-0.505048042284805,-0.0038359853624834496
-0.15875648059594238,-4.516151465019735
0.18668415979289468,-39.48264072720317
-0.10825325223886004,-29.01925450775799
-0.3151451186445354,0.04146826652060548
-1.2497736591103932,7.38675613760892
2.5062562280628145,-4.27374692175362
0.20188123959900697,24.499597763939295
-1.393529444639474,-18.44398679929323
-1.4442959583507398,13.987238754500622
-1.2497736591103932,13.122226931785953
0.44922296516495946,-8.335252925287833
0.00999572619345961,49.925647069350426
2.2358660093761475,12.862794183118371
-1.4442959583507398,7.265070709056594
0.8958327942725657,-15.935206029103457
0.3906688513397044,49.925647069350426
-0.04555074380058599,19.86333807164408
0.043113239087593416,2.8499852625433655
0.05864512242631372,16.137309005336682
-0.6941908539196296,-20.99715135852902
0.1589884271769304,7.038437199521378
0.16716157712011298,-52.37795764006779
-0.30057689291677187,21.21099415724861
-0.7287260669656467,35.727326701158034
-1.4442959583507398,7.038437199521378
1.6434454601476833,-14.92608016726255
0.043113239087593416,11.195706723116947
-0.009028874904964578,8.94794705401277
-0.3151451186445354,-15.935206029103457
0.1918725988069705,7.038437199521378
-0.2076377528588214,-2.2335130345263385
-0.009028874904964578,-12.9217227829755
0.38403387494372687,-57.74051646520421
0.18668415979289468,-1.9488866283982613
-0.058578370644802334,22.526360517017405
-1.4442959583507398,32.96094067614628
-0.113624667977236,-10.276710497240433
-0.9024675039485013,-21.989749770128757
0.3505467633222156,162.90653740739342
0.3505467633222156,19.915807279684387
-0.03095869084443841,31.57671909153448
-1.4442959583507398,-1.9488866283982613
-0.7050481787525923,-4.27374692175362
-0.4198911017118402,-4.5569853151450985
-0.16880052818434513,7.038437199521378
-1.2497736591103932,-7.576370497613808
-0.19466522561525249,-14.92608016726255
-0.17935181727408317,-1.9313173035818287
-0.05252757009506306,18.06735682480273
0.1589884271769304,17.663083151548147
0.18668415979289468,7.596740867050775
0.05864512242631372,21.245403893104715
-0.03095869084443841,14.280904842711205
1.5822698280934888,49.925647069350426
-0.0352084347935643,40.690505495633346
0.20188123959900697,78.70298308265971
1.7274817463526346,-0.8843744842369765
0.043113239087593416,337.79091355894997
-1.689401290665661,-12.699829097706006
-0.14304889760529674,7.596740867050775
-0.43529365049160484,-4.0030311692097875
-0.17935181727408317,7.38675613760892
-0.024598674677790366,35.727326701158034
0.44922296516495946,-14.92608016726255
-0.2033653306411805,34.66640998521532
-0.0808639114232312,-23.69499838117953
-1.4442959583507398,12.080490209402095
-0.00013670845530624475,-7.616156830860184
0.0010470528883741892,-17.96488556547557
-1.217791890634699,-20.99715135852902
0.34238876799479534,-18.44398679929323
0.16181664640404847,-15.935206029103457
-0.009028874904964578,32.96094067614628
0.32482562098165857,49.925647069350426
-0.36332751780594286,7.38675613760892
-0.1118305206688687,-0.0038359853624834496
-0.36332751780594286,-12.699829097706006
0.36435750103282766,-29.856487290051373
-0.801053308863267,-24.959993554285578
-1.2497736591103932,-6.6612816997610516
1.041244599416565,56.59659836344661
-0.7160738754535848,5.911317787528296
0.19769300947974253,-3.3960019819265512
0.0916091018483673,31.641294797272423
-1.2497736591103932,7.038437199521378
0.34238876799479534,-10.276710497240433
0.6011300846259356,14.97768290564685
-0.3435549586043235,-12.699829097706006
-0.0352084347935643,7.038437199521378
1.1819492274653245,18.10404076332848
-0.08657770336893914,-10.814404479470381
-0.024598674677790366,-7.616156830860184
0.9206659441209073,34.66640998521532
0.1586219282642693,21.21099415724861
-0.33576938220124525,49.925647069350426
0.1589884271769304,7.265070709056594
1.2506582497678416,21.245403893104715
-0.43529365049160484,-40.19327155395332
-1.2497736591103932,7.038437199521378
-0.0792748196307623,-2.2335130345263385
0.18668415979289468,-4.078524786165337
-0.05252757009506306,-39.48264072720317
0.4242270604129871,337.79091355894997
0.04834673790542032,5.004397063638481
0.00999572619345961,-4.078524786165337
0.39926502701555744,34.66640998521532
0.05864512242631372,0.04146826652060548
0.15042606883719006,18.06735682480273
-0.113624667977236,35.727326701158034
0.8958327942725657,13.976408821605908
0.16181664640404847,-3.7731426931645045
-1.5464783585181123,20.943839012767775
0.3906688513397044,-8.558438931875193
-1.1192685529603073,-4.0030311692097875
-0.0038219454768738557,-36.94575770724904
1.172089607772758,-4.27374692175362
0.27586775984203465,-2.7029679554461388
0.16997473040900107,-14.761836885402682
0.32482562098165857,11.627289824075353
0.1918725988069705,-12.9217227829755
0.1918725988069705,42.74014106971756
0.3228247438500903,-15.935206029103457
1.1127658037795611,17.77974226352989
0.5786464468577881,-12.9217227829755
0.688791828861265,-8.558438931875193
-0.801053308863267,44.982432429205495
0.20188123959900697,-29.856487290051373
1.5572188396577433,8.799725091799269
0.36435750103282766,7.38675613760892
0.043113239087593416,40.690505495633346
1.5822698280934888,34.66640998521532
-0.0352084347935643,-10.276710497240433
0.34238876799479534,2.8499852625433655
0.1589884271769304,7.596740867050775
-0.0764545697770406,-12.699829097706006
1.2553987807724112,21.245403893104715
-0.009028874904964578,-1.0630246735620064
-0.19466522561525249,-13.7293368035301
-0.2033653306411805,-34.62117903171609
0.05864512242631372,-7.616156830860184
-0.03861156615609694,21.245403893104715
-0.13552797458412166,-7.616156830860184
-0.10825325223886004,16.137309005336682
0.38403387494372687,-14.761836885402682
0.16159146195309612,18.10404076332848
0.19769300947974253,-5.568099291779881
-0.14304889760529674,-2.2335130345263385
1.0742461550524685,-12.699829097706006
0.4997419662193159,-4.078524786165337
-0.4198911017118402,21.387570884234133
-0.34608910240259316,35.812396677192986
-0.054699764903173874,-27.259749061922307
-1.689401290665661,-0.5361732542154023
0.13071120725620614,14.280904842711205
1.394174000488054,-3.526894058084416
-1.2497736591103932,18.48178911445189
0.36435750103282766,0.864766501985906
1.0026164971751694,13.572532083973394
0.3505467633222156,11.627289824075353
0.33457055631954125,-8.558438931875193
0.3505467633222156,-12.9217227829755
1.041244599416565,-34.62117903171609
2.2358660093761475,13.73569103313465
0.047684826740882966,-19.279405262215892
0.34238876799479534,-27.259749061922307
-0.17935181727408317,18.77231901118117
0.18668415979289468,166.76254514455465
1.7274817463526346,49.925647069350426
-0.13552797458412166,17.28183675774978
-0.9024675039485013,-23.69499838117953
0.44922296516495946,-3.526894058084416
0.27586775984203465,5.911317787528296
-0.03861156615609694,0.864766501985906
0.1918725988069705,7.596740867050775
-0.18590351632647606,-7.308931431818518
-0.12385572129947438,-0.8843744842369765
0.17133069084377722,29.973871336493364
-0.17935181727408317,-2.9614244565298433
-0.505048042284805,17.77974226352989
-0.16880052818434513,-6.6612816997610516
-0.21191448486425904,-10.814404479470381
-0.17935181727408317,17.77974226352989
-0.7050481787525923,-4.27374692175362
-0.06194194306377323,337.79091355894997
0.2603273292909475,-2.1385247169656862
-0.03095869084443841,21.245403893104715
0.2515737123508759,-2.2335130345263385
-0.1845534832672918,-38.8446486552365
0.5209864602641708,-12.699829097706006
0.3505467633222156,-33.21374444224675
0.44922296516495946,-14.761836885402682
0.6526028477519574,2.1338652505476157
-0.4198911017118402,-1.9488866283982613
0.3505467633222156,-21.699206232645043
0.5786464468577881,17.28183675774978
-0.0352084347935643,11.675314765328476
-0.009028874904964578,17.77974226352989
0.39926502701555744,-6.6612816997610516
-1.4442959583507398,18.06735682480273
-0.05252757009506306,-18.44398679929323
0.38403387494372687,13.987238754500622
-0.03861156615609694,-48.23772936159969
-0.4198911017118402,-4.949681631400662
-0.032041593914278056,-25.500717827492917
-0.05252757009506306,13.987238754500622
0.5786464468577881,7.265070709056594
-0.17135948528698036,-2.2335130345263385
-0.2033653306411805,49.925647069350426
-0.08771594774860603,21.245403893104715
0.44922296516495946,6.143586275435377
0.16159146195309612,26.49447126537633
0.10001883060204593,-12.699829097706006
0.20257742939561063,15.093593964234987
-0.7287260669656467,-7.616156830860184
0.047684826740882966,-4.5569853151450985
-0.30057689291677187,-1.9313173035818287
-0.009028874904964578,0.06718008166101717
-0.7160738754535848,17.28183675774978
0.1589884271769304,18.41275292458747
1.1819492274653245,-1.9488866283982613
-0.16880052818434513,13.122226931785953
-0.36332751780594286,18.48178911445189
1.5822698280934888,21.245403893104715
0.2006814916813869,16.8762399221961
0.8958327942725657,-15.935206029103457
-0.0792748196307623,-0.8843744842369765
0.36435750103282766,35.727326701158034
0.043113239087593416,-12.9217227829755
0.20188123959900697,7.596740867050775
-0.801053308863267,21.245403893104715
-0.17935181727408317,7.038437199521378
0.00999572619345961,6.582397351912052
0.2006814916813869,-10.276710497240433
-0.4198911017118402,0.7847641990366732
-0.7287260669656467,13.73569103313465
-0.17935181727408317,44.44184669975891
0.34238876799479534,44.743497401818274
0.6011300846259356,32.93493596372664
-0.801053308863267,-20.99715135852902
0.3665757928180873,-4.27374692175362
-0.00606422098292847,-2.9291310600555684
2.5065347857651172,35.812396677192986
-0.03095869084443841,-38.8446486552365
-0.009028874904964578,-4.949681631400662
-0.19466522561525249,11.627289824075353
-0.14304889760529674,-4.949681631400662
1.5822698280934888,-2.7029679554461388
-0.7287260669656467,-3.526894058084416
1.5822698280934888,-12.9217227829755
0.2341443478001918,5.004397063638481
-0.05252757009506306,-18.44398679929323
0.33457055631954125,-0.0038359853624834496
0.0010470528883741892,-10.276710497240433
-0.4198911017118402,-12.9217227829755
-0.17135948528698036,18.10404076332848
0.1918725988069705,21.245403893104715
0.16181664640404847,-4.078524786165337
-0.19466522561525249,-12.9217227829755
1.172089607772758,13.73569103313465
0.688791828861265,-23.69499838117953
0.0010470528883741892,-7.616156830860184
1.5822698280934888,-6.6612816997610516
-1.217791890634699,-15.935206029103457
-0.505048042284805,7.038437199521378
-0.18590351632647606,21.245403893104715
-1.5034819450854005,22.526360517017405
1.5822698280934888,18.10404076332848
0.34238876799479534,-27.15700683138211
0.18668415979289468,10.438571144155382
0.16181664640404847,-25.33944624670226
-0.15963008896540815,-37.61074050176849
0.13071120725620614,-18.44398679929323
-0.17935181727408317,-15.935206029103457
0.6011300846259356,-29.856487290051373
-0.7050481787525923,-27.504862198609242
-0.00606422098292847,17.28183675774978
0.1586219282642693,5.911317787528296
1.3402699205612447,-1.0630246735620064
0.20188123959900697,-15.935206029103457
-1.689401290665661,-12.699829097706006
0.33457055631954125,-50.443152489164476
0.04778851635149166,-2.7029679554461388
0.04778851635149166,-6.479229712029983
-0.16880052818434513,-47.17645554782859
-0.16880052818434513,0.9214016884970614
0.16997473040900107,35.727326701158034
0.3505467633222156,-0.5361732542154023
-0.03861156615609694,-33.21374444224675
-0.009028874904964578,-12.9217227829755
0.1918725988069705,35.727326701158034
-0.0792748196307623,18.06735682480273
-0.00013670845530624475,-12.699829097706006
-0.15875648059594238,15.355957543981352
-0.7160738754535848,-9.150666438419684
-0.43529365049160484,-29.856487290051373
1.041244599416565,21.245403893104715
0.38403387494372687,8.171102781843985
0.36435750103282766,0.864766501985906
1.0742461550524685,5.911317787528296
0.23608909821264756,-10.081603544848427
-0.8246288976755036,-4.340986430734897
1.041244599416565,18.06735682480273
0.6011300846259356,15.093593964234987
0.8958327942725657,15.355957543981352
0.6011300846259356,6.2392066147147895
1.5822698280934888,4.007637341038666
0.0540268970479552,11.627289824075353
-0.21735499260060465,7.265070709056594
0.688791828861265,-4.0030311692097875
-0.1118305206688687,-4.27374692175362
0.3800454743780971,-1.9488866283982613
-0.3054210698026699,-9.956774156348473
0.39926502701555744,-0.8843744842369765
-0.03095869084443841,21.245403893104715
0.2006814916813869,21.245403893104715
2.0755236001364437,7.265070709056594
-0.058578370644802334,-7.719198499706887
0.13071120725620614,7.78094809608704
1.2553987807724112,17.77974226352989
0.0010470528883741892,-0.0038359853624834496
0.2006814916813869,-4.27374692175362
0.05864512242631372,7.038437199521378
-0.10825325223886004,-39.48264072720317
0.2341443478001918,-4.27374692175362
0.39926502701555744,0.04146826652060548
0.688791828861265,83.67494295132117
0.5786464468577881,19.915807279684387
0.0010470528883741892,5.911317787528296
-0.0792748196307623,17.77974226352989
0.047684826740882966,-0.5361732542154023
-0.113624667977236,-10.276710497240433
0.0010470528883741892,-4.078524786165337
0.20188123959900697,-0.0038359853624834496
0.3505467633222156,34.66640998521532
0.31021410415629347,-0.0038359853624834496
1.1127658037795611,-15.935206029103457
-0.17935181727408317,7.265070709056594
0.3505467633222156,21.387570884234133
0.5786464468577881,-10.207342532722286
-0.2741974333344227,-2.2335130345263385
-0.26997640021527164,-12.699829097706006
0.0010470528883741892,11.627289824075353
-0.35243879767473646,18.06735682480273
0.8958327942725657,-33.21374444224675
0.688791828861265,-27.259749061922307
0.0010470528883741892,15.093593964234987
-0.3054210698026699,-24.16125495693031
-0.2593454515750621,-20.99715135852902
0.18511769880842915,-46.523517778655
1.5822698280934888,-7.161763165519547
-1.4276687895233653,1.562435408792224
0.16159146195309612,22.526360517017405
1.041244599416565,18.48178911445189
0.39926502701555744,-4.949681631400662
-0.009028874904964578,34.66640998521532
0.38403387494372687,-7.616156830860184
-0.10462615523354754,7.38675613760892
0.20188123959900697,-4.516151465019735
-0.17935181727408317,337.79091355894997
1.041244599416565,-0.0038359853624834496
0.34238876799479534,-16.179880662916258
0.18668415979289468,11.627289824075353
0.043113239087593416,-4.0030311692097875
0.16159146195309612,12.080490209402095
0.36435750103282766,35.727326701158034
1.041244599416565,21.245403893104715
0.5101920150542831,-12.699829097706006
0.6011300846259356,19.86333807164408
-0.2033653306411805,-72.19781680261991
0.4756248784722886,-12.699829097706006
1.5822698280934888,-20.14133706288764
-0.2813777439740256,-10.814404479470381
0.6011300846259356,12.102494748238584
0.13071120725620614,-10.032654483473237
-0.03095869084443841,-27.504862198609242
0.19769300947974253,-29.856487290051373
1.5822698280934888,21.387570884234133
-0.113624667977236,-27.259749061922307
-0.037097603046434724,49.925647069350426
-0.2033653306411805,28.26539096477251
0.0010470528883741892,17.77974226352989
-0.058578370644802334,35.727326701158034
-0.4198911017118402,18.41275292458747
0.16997473040900107,-1.9488866283982613
0.5786464468577881,-17.416640261134116
0.16181664640404847,-39.1763748935869
-0.21735499260060465,11.675314765328476
-1.2497736591103932,17.28183675774978
-0.7050481787525923,21.387570884234133
0.6735839854136264,-25.33944624670226
-0.2828778532313708,9.745063193530196
-0.05252757009506306,-12.699829097706006
0.5786464468577881,0.9214016884970614
-0.113624667977236,7.265070709056594
0.46841303106282,12.080490209402095
-0.058578370644802334,0.864766501985906
-0.15193756696726807,0.06718008166101717
-0.2033653306411805,-8.558438931875193
0.46640658963121295,-8.558438931875193
-1.4442959583507398,-1.9488866283982613
0.18668415979289468,-15.935206029103457
1.394174000488054,49.925647069350426
-1.217791890634699,-14.92608016726255
0.688791828861265,13.73569103313465
0.043113239087593416,-2.7029679554461388
-0.2033653306411805,16.137309005336682
-0.365708981743811,-39.48264072720317
-0.00606422098292847,-16.25322274257984
0.3228247438500903,0.04146826652060548
-0.058578370644802334,9.20004271711571
-0.17935181727408317,22.549677118574028
0.6011300846259356,-12.9217227829755
-0.009028874904964578,17.28183675774978
0.05864512242631372,-10.081603544848427
-0.16880052818434513,7.64174099114888
1.5822698280934888,-12.9217227829755
0.1918725988069705,-0.5361732542154023
0.0010470528883741892,-47.17645554782859
-0.1118305206688687,-15.935206029103457
0.2006814916813869,-11.3721980247369
0.6735839854136264,-8.335252925287833
1.8449462246318096,41.70914557438718
0.3505467633222156,17.77974226352989
0.20188123959900697,-2.9800795243972953
0.2006814916813869,-27.259749061922307
-0.9024675039485013,13.064261480023923
1.5822698280934888,34.66640998521532
0.3800454743780971,0.864766501985906
-0.17935181727408317,21.245403893104715
-0.16880052818434513,18.06735682480273
0.05864512242631372,5.911317787528296
-0.35281270793989095,-30.108523831933937
0.44922296516495946,17.28183675774978
-0.0673472244820494,16.137309005336682
-1.2497736591103932,-27.259749061922307
-0.0352084347935643,11.627289824075353
-1.4442959583507398,13.122226931785953
-0.505048042284805,18.10404076332848
-0.5399423494487576,-3.3960019819265512
0.6735839854136264,-2.0767928311559585
0.33457055631954125,-3.3960019819265512
-0.2741974333344227,-24.959993554285578
0.2528020560677244,-2.2335130345263385
1.5706936489161796,-27.504862198609242
-0.009028874904964578,21.245403893104715
0.2528020560677244,17.28183675774978
0.31021410415629347,-0.8843744842369765
0.2341443478001918,-39.48264072720317
-1.0098968388748333,0.864766501985906
1.5822698280934888,17.28183675774978
-0.058578370644802334,-4.078524786165337
-0.01631420073264045,-1.6881085035055867
-1.689401290665661,-9.956774156348473
-0.17935181727408317,-7.308931431818518
0.5786464468577881,29.973871336493364
0.6011300846259356,11.627289824075353
-0.01631420073264045,11.627289824075353
0.8958327942725657,18.06735682480273
0.029992153168686732,-38.8446486552365
1.394174000488054,-7.308931431818518
-0.19466522561525249,17.28183675774978
-0.14304889760529674,-15.935206029103457
-0.17935181727408317,-4.0030311692097875
-0.21191448486425904,-12.699829097706006
0.27586775984203465,-12.699829097706006
0.047684826740882966,-47.17645554782859
0.08613586021859794,-14.138890062009661
-0.17006217304951132,7.265070709056594
0.45754074303731773,10.702260964686408
0.1918725988069705,-15.935206029103457
-0.17135948528698036,-12.9217227829755
-0.2738920535334189,0.04146826652060548
-1.4442959583507398,-17.97391752245654
-0.04555074380058599,18.10404076332848
0.44922296516495946,65.21136808967643
-0.7287260669656467,-18.44398679929323
-0.14304889760529674,-7.616156830860184
0.688791828861265,18.10404076332848
0.8413545350956095,18.48178911445189
-0.11235626442082039,0.7847641990366732
0.39926502701555744,-2.2335130345263385
0.34238876799479534,34.66640998521532
1.6593624605044475,-8.558438931875193
-0.0352084347935643,11.627289824075353
-0.058578370644802334,-6.4114126171107975
-0.3054210698026699,-0.5361732542154023
0.44922296516495946,7.265070709056594
-0.16880052818434513,6.143586275435377
0.39926502701555744,17.28183675774978
-0.009028874904964578,78.70298308265971
0.16051745893966754,-5.3619535347475376
1.0742461550524685,0.7847641990366732
0.043113239087593416,-27.259749061922307
0.16997473040900107,-72.19781680261991
0.05864512242631372,39.760585038296945
0.0010470528883741892,-3.526894058084416
0.0540268970479552,-1.9488866283982613
-0.00606422098292847,10.702260964686408
-0.009028874904964578,0.864766501985906
0.26972067301564895,-4.078524786165337
-0.70474673753089,-18.44398679929323
-0.7287260669656467,-10.276710497240433
0.13071120725620614,-4.078524786165337
0.1918725988069705,-2.2335130345263385
0.0540268970479552,83.67494295132117
0.029992153168686732,-4.051877673123212
-0.024598674677790366,-3.3960019819265512
-0.1118305206688687,40.690505495633346
0.532244698972776,7.38675613760892
1.7274817463526346,-2.343863389814117
1.2553987807724112,21.245403893104715
-0.03861156615609694,14.044821634337412
-0.4198911017118402,-14.138890062009661
-0.06194194306377323,-5.3619535347475376
-0.058578370644802334,-20.99715135852902
1.9192044825252697,-15.935206029103457
-0.3151451186445354,17.28183675774978
0.18668415979289468,-0.5361732542154023
0.46841303106282,40.690505495633346
-0.2033653306411805,17.77974226352989
0.39926502701555744,-2.2335130345263385
0.6735839854136264,-23.69499838117953
0.2006814916813869,-6.152960897313826
-0.3151451186445354,15.093593964234987
0.1589884271769304,-4.0030311692097875
-0.009028874904964578,31.641294797272423
-0.24481175478387227,-39.48264072720317
0.11090382931134693,20.31032155601569
-0.2033653306411805,5.911317787528296
-2.065249419239362,15.093593964234987
0.20188123959900697,-14.138890062009661
-1.1634612938655475,14.280904842711205
-0.11211130213329021,14.280904842711205
0.20188123959900697,-47.17645554782859
-0.10825325223886004,17.77974226352989
-0.10825325223886004,-3.526894058084416
0.688791828861265,-2.9614244565298433
-0.35281270793989095,7.038437199521378
0.3800454743780971,13.122226931785953
-0.4726112652643114,15.355957543981352
-0.16880052818434513,40.690505495633346
-0.1529747467379292,29.704337441723858
-0.33576938220124525,35.727326701158034
1.9022587109706586,40.690505495633346
-0.006523841714639112,7.596740867050775
0.04980822178464671,13.73569103313465
-0.3151451186445354,17.28183675774978
-0.0764545697770406,29.995661536328267
-0.1118305206688687,-0.0038359853624834496
-0.801053308863267,-38.8446486552365
0.34238876799479534,-27.15700683138211
-0.05252757009506306,-0.8843744842369765
-0.03095869084443841,15.093593964234987
1.5822698280934888,-3.3960019819265512
-0.36332751780594286,-7.616156830860184
0.46640658963121295,-0.8843744842369765
-0.16880052818434513,2.3456424366310573
-0.21191448486425904,0.04146826652060548
-0.636274644842378,16.137309005336682
0.5101920150542831,40.690505495633346
-1.2497736591103932,-6.479229712029983
-1.4442959583507398,-40.19327155395332
0.4242270604129871,-2.0982517115565
1.041244599416565,2.077521546435768
-0.009028874904964578,-4.0030311692097875
-0.08771594774860603,16.137309005336682
0.2341443478001918,12.102494748238584
-0.3363651125119391,0.7801741743172745
-1.2497736591103932,7.340366661926466
0.3505467633222156,18.06735682480273
1.0742461550524685,21.245403893104715
0.18668415979289468,34.66640998521532
0.8958327942725657,-0.5361732542154023
1.2553987807724112,-15.935206029103457
-0.1118305206688687,-4.27374692175362
0.12573894616055126,-1.9488866283982613
-0.03861156615609694,-38.8446486552365
0.30824932449865255,-10.081603544848427
-1.1793887582032776,-4.078524786165337
0.46640658963121295,21.048128097900637
0.33457055631954125,7.596740867050775
0.1918725988069705,-7.308931431818518
0.4242270604129871,-1.9488866283982613
0.16997473040900107,-7.616156830860184
0.6011300846259356,-8.558438931875193
-1.2497736591103932,7.265070709056594
0.0010470528883741892,5.911317787528296
-0.505048042284805,-10.056424393302532
0.16181664640404847,7.038437199521378
0.6011300846259356,2.077521546435768
-0.6299094769965032,0.04146826652060548
-1.689401290665661,42.74014106971756
-0.05252757009506306,11.627289824075353
-0.7050481787525923,-17.629709512600787
0.18668415979289468,-0.5361732542154023
-0.017168990736273714,-1.0630246735620064
-0.023658355110180922,18.10404076332848
0.20188123959900697,-23.69499838117953
-0.0792748196307623,6.143586275435377
0.532244698972776,2.1338652505476157
0.04980822178464671,-10.276710497240433
-0.15193756696726807,18.06735682480273
-0.1845534832672918,15.355957543981352
-1.2497736591103932,-14.761836885402682
-0.6299094769965032,-10.081603544848427
-1.5034819450854005,-8.761451691770763
0.46640658963121295,-10.814404479470381
1.9192044825252697,16.8762399221961
-0.17935181727408317,17.77974226352989
-0.009028874904964578,-4.078524786165337
-1.2497736591103932,83.67494295132117
0.44922296516495946,18.10404076332848
0.5786464468577881,-33.21374444224675
-0.8347748247719909,-27.504862198609242
0.532244698972776,-3.7731426931645045
-0.18590351632647606,-20.99715135852902
0.8958327942725657,-20.99715135852902
0.30057329476854466,-38.8446486552365
0.5209864602641708,-2.7029679554461388
1.9263509282651272,-21.699206232645043
0.043113239087593416,-4.5569853151450985
0.16181664640404847,-14.138890062009661
-0.4198911017118402,-12.9217227829755
-0.36332751780594286,17.77974226352989
0.16159146195309612,-10.276710497240433
1.394174000488054,-20.99715135852902
0.20188123959900697,-8.558438931875193
-0.19466522561525249,-10.276710497240433
-0.17935181727408317,-12.9217227829755
-0.17935181727408317,2.8499852625433655
-0.33576938220124525,17.28183675774978
-0.009028874904964578,0.30087760174787676
-0.7287260669656467,17.77974226352989
-0.9718979137563235,-2.0767928311559585
0.00999572619345961,-27.259749061922307
0.16268039011447305,78.70298308265971
-0.8246288976755036,11.627289824075353
-0.34608910240259316,29.973871336493364
0.18668415979289468,7.596740867050775
2.0755236001364437,21.943429764248087
-0.044810527848512395,-12.699829097706006
-0.0792748196307623,-1.9488866283982613
0.508558186780643,0.864766501985906
-0.1118305206688687,-17.97391752245654
0.46640658963121295,0.7847641990366732
-0.16880052818434513,-7.616156830860184
0.16181664640404847,-27.259749061922307
-0.00606422098292847,-2.9800795243972953
0.4997419662193159,-8.558438931875193
0.3505467633222156,-13.360315882929202
0.05864512242631372,0.7847641990366732
-0.00606422098292847,-27.504862198609242
-0.801053308863267,42.74014106971756
-0.017168990736273714,-0.5361732542154023
-0.4669169529303681,-24.959993554285578
-0.505048042284805,35.727326701158034
-0.18590351632647606,2.329516804521694
0.16181664640404847,-9.150666438419684
-1.689401290665661,7.140872871365899
0.20178521365593313,3.010803771110808
0.00999572619345961,12.102494748238584
0.16997473040900107,7.78094809608704
-0.15234167536798235,34.66640998521532
-0.058578370644802334,-27.504862198609242
0.05864512242631372,16.137309005336682
0.30057329476854466,5.911317787528296
0.10001883060204593,21.245403893104715
0.0010470528883741892,-14.138890062009661
-0.2076377528588214,-8.558438931875193
0.19769300947974253,-10.814404479470381
-1.2497736591103932,-2.7029679554461388
0.0402605423540356,-1.2870816333418091
0.00999572619345961,-23.69499838117953
0.0010470528883741892,-7.616156830860184
1.5822698280934888,5.004397063638481
0.44922296516495946,-12.9217227829755
-0.34608910240259316,16.8762399221961
-0.33576938220124525,7.265070709056594
0.688791828861265,-19.279405262215892
2.0755236001364437,-8.558438931875193
-0.2782101086628936,-1.2870816333418091
1.7274817463526346,0.864766501985906
1.1127658037795611,-4.27374692175362
0.16997473040900107,2.077521546435768
0.32482562098165857,17.28183675774978
-1.393529444639474,-2.9614244565298433
-0.35243879767473646,-2.0767928311559585
0.0010470528883741892,-8.558438931875193
-0.9869487568887413,-27.259749061922307
-0.15193756696726807,2.1338652505476157
-1.6778178025694679,21.245403893104715
0.5786464468577881,11.25863723715804
0.043113239087593416,-10.276710497240433
0.19769300947974253,42.74014106971756
0.10001883060204593,3.010803771110808
0.05864512242631372,13.987238754500622
-0.3054210698026699,2.329516804521694
-4.641982688069007,18.10404076332848
-0.00606422098292847,-2.9614244565298433
-0.0792748196307623,-27.259749061922307
0.00999572619345961,-10.814404479470381
0.8958327942725657,13.99269216824317
0.511416933333918,78.70298308265971
-0.05252757009506306,-4.5569853151450985
0.5278616403526657,-4.516151465019735
0.10001883060204593,-2.2335130345263385
-0.0352084347935643,-20.99715135852902
-0.36332751780594286,20.021864907847988
-0.00606422098292847,17.77974226352989
-1.742434198484417,-20.99715135852902
-0.009028874904964578,7.596740867050775
0.3906688513397044,24.499597763939295
-0.10825325223886004,21.245403893104715
1.5822698280934888,17.77974226352989
-1.4442959583507398,-16.04309329983733
1.0026164971751694,49.925647069350426
-0.10825325223886004,49.925647069350426
1.041244599416565,-10.276710497240433
0.01708766172106726,-24.959993554285578
0.44922296516495946,-40.19327155395332
0.6526028477519574,18.10404076332848
-0.2738920535334189,7.038437199521378
-0.3641364936922235,0.864766501985906
0.31021410415629347,-13.360315882929202
-0.05252757009506306,-1.9488866283982613
-1.4442959583507398,18.10404076332848
-0.3151451186445354,25.66939669000617
0.043113239087593416,17.77974226352989
-0.11235626442082039,21.245403893104715
0.2006814916813869,14.280904842711205
-0.801053308863267,49.925647069350426
-0.2813777439740256,-10.276710497240433
-0.017168990736273714,7.038437199521378
0.00999572619345961,-10.276710497240433
0.532244698972776,-8.7422950833559
-0.0352084347935643,0.7847641990366732
-0.4198911017118402,7.596740867050775
-0.7287260669656467,-12.699829097706006
-0.2033653306411805,17.77974226352989
0.1918725988069705,14.280904842711205
-0.33576938220124525,-20.99715135852902
1.2553987807724112,-40.19327155395332
-0.2033653306411805,44.44184669975891
0.6011300846259356,18.48178911445189
1.041244599416565,-2.2335130345263385
-0.058578370644802334,-8.558438931875193
1.7274817463526346,-0.0038359853624834496
0.2898819605452614,7.596740867050775
0.44922296516495946,0.04146826652060548
-1.4442959583507398,-20.99715135852902
0.16997473040900107,-2.9291310600555684
-0.801053308863267,337.79091355894997
-0.024598674677790366,7.5933355445900945
0.272507160170109,-15.935206029103457
-1.6051186114402711,-27.15700683138211
-0.00606422098292847,-14.761836885402682
0.00999572619345961,-15.935206029103457
-1.689401290665661,18.06735682480273
-0.43529365049160484,12.102494748238584
1.041244599416565,20.2183142232873
0.44922296516495946,-14.761836885402682
-0.017168990736273714,17.28183675774978
0.4242270604129871,49.925647069350426
-0.05252757009506306,-12.9217227829755
-1.5034819450854005,17.77974226352989
-0.7050481787525923,-14.761836885402682
-0.24894497083856326,14.280904842711205
-0.13638257532230327,-0.5361732542154023
-0.03861156615609694,15.261949196023727
-0.2741974333344227,34.66640998521532
0.047684826740882966,-38.8446486552365
0.16181664640404847,0.04146826652060548
-0.00606422098292847,-4.27374692175362
0.34238876799479534,5.004397063638481
0.3505467633222156,-4.5569853151450985
0.047684826740882966,-8.558438931875193
0.16181664640404847,-39.48264072720317
0.05864512242631372,0.864766501985906
0.44922296516495946,18.10404076332848
0.00999572619345961,-4.27374692175362
0.46640658963121295,34.66640998521532
0.19288933208800815,-1.9459217090021586
-0.3151451186445354,-4.5569853151450985
-0.2941137015527696,17.77974226352989
-0.05873740317876268,-10.276710497240433
-0.6299094769965032,-7.616156830860184
-0.058578370644802334,49.925647069350426
-0.12552467734978415,5.460778799335178
0.3505467633222156,-12.699829097706006
0.05864512242631372,162.90653740739342
-0.0792748196307623,13.987238754500622
-1.1634612938655475,7.265070709056594
-1.1793887582032776,0.04146826652060548
-0.058578370644802334,-4.078524786165337
-0.3151451186445354,-0.5573310054388902
1.5055984623564311,-14.138890062009661
0.19769300947974253,-8.335252925287833
0.05864512242631372,-72.19781680261991
1.5355175086949657,7.265070709056594
-0.2033653306411805,-64.12884555227778
-0.0352084347935643,31.57671909153448
0.05864512242631372,-1.9488866283982613
-0.1118305206688687,-10.7764289179292
-0.17135948528698036,-29.856487290051373
-0.10825325223886004,-8.558438931875193
0.0010470528883741892,5.911317787528296
-0.00606422098292847,-10.081603544848427
-0.009028874904964578,-4.0030311692097875
-0.4198911017118402,-7.616156830860184
0.20188123959900697,-8.558438931875193
0.1918725988069705,7.596740867050775
0.33049120169057705,-0.5361732542154023
0.11370801353783558,5.911317787528296
1.2506582497678416,-39.48264072720317
0.5786464468577881,-25.908721899119882
-0.1118305206688687,-10.081603544848427
-0.058578370644802334,15.093593964234987
-0.058578370644802334,10.438571144155382
-0.19466522561525249,-27.259749061922307
0.18668415979289468,17.77974226352989
0.1918725988069705,16.137309005336682
0.0010470528883741892,5.911317787528296
0.9544380869215774,-12.699829097706006
-0.17935181727408317,0.7847641990366732
-0.1118305206688687,17.77974226352989
-0.7050550900595922,13.122226931785953
0.27586775984203465,-12.699829097706006
-1.0556011267440089,18.694892084583277
-0.21735499260060465,3.010803771110808
-0.14304889760529674,-4.27374692175362
-0.058578370644802334,2.077521546435768
0.20188123959900697,3.010803771110808
0.37149901830778975,15.261949196023727
0.16181664640404847,3.1405316026897645
-0.2941137015527696,12.102494748238584
0.5786464468577881,15.093593964234987
0.00999572619345961,-39.48264072720317
0.36435750103282766,35.812396677192986
-0.0352084347935643,-16.973394138905665
-0.17935181727408317,13.122226931785953
0.20188123959900697,49.925647069350426
-0.15193756696726807,3.010803771110808
0.020540003346487624,9.20004271711571
0.3505467633222156,11.627289824075353
0.05864512242631372,12.862794183118371
-0.35243879767473646,0.7801741743172745
-0.08867063383433955,-9.150666438419684
-0.17935181727408317,13.122226931785953
0.8958327942725657,7.265070709056594
1.5822698280934888,12.102494748238584
-0.05873740317876268,5.911317787528296
0.4756248784722886,31.641294797272423
2.5062562280628145,26.49447126537633
-0.2738920535334189,-14.761836885402682
-0.7287260669656467,-27.504862198609242
0.16159146195309612,-4.27374692175362
0.44922296516495946,-15.935206029103457
-0.00013670845530624475,49.925647069350426
0.688791828861265,-0.5361732542154023
-0.17935181727408317,-4.078524786165337
0.16159146195309612,-7.308931431818518
0.2528020560677244,190.3097190243283
-0.06565703993025851,21.245403893104715
0.44922296516495946,42.74014106971756
0.16159146195309612,-4.27374692175362
0.16181664640404847,11.195706723116947
-0.17935181727408317,35.727326701158034
0.18668415979289468,8.171102781843985
-0.2738920535334189,-2.0982517115565
-0.113624667977236,11.322639000940397
0.688791828861265,14.280904842711205
-0.2033653306411805,17.77974226352989
1.2553987807724112,-12.699829097706006
0.39926502701555744,-1.9459217090021586
-0.04555074380058599,0.864766501985906
-0.21191448486425904,-8.558438931875193
-0.7287260669656467,-10.081603544848427
0.32482562098165857,-39.82546707978458
1.0742461550524685,-3.526894058084416
0.09457556784870232,0.864766501985906
-0.17935181727408317,18.48178911445189
-0.17935181727408317,7.265070709056594
0.16181664640404847,-7.965552930046018
-0.06565703993025851,40.690505495633346
0.5786464468577881,-4.078524786165337
0.2528020560677244,-20.99715135852902
-0.1435785576040279,17.77974226352989
-0.9024675039485013,17.77974226352989
-0.0792748196307623,5.911317787528296
0.20188123959900697,50.85720312813283
0.4242270604129871,0.864766501985906
0.1586219282642693,2.077521546435768
0.36435750103282766,-4.27374692175362
0.5209864602641708,-24.959993554285578
-0.3151451186445354,-8.558438931875193
0.05864512242631372,21.245403893104715
1.0742461550524685,11.627289824075353
0.1918725988069705,101.23534029866036
0.0010470528883741892,-18.44398679929323
-0.1118305206688687,101.23534029866036
-0.2033653306411805,0.04146826652060548
0.23804754433392256,18.06735682480273
-0.023658355110180922,-18.44398679929323
0.5786464468577881,31.641294797272423
-0.17935181727408317,-40.3877793567228
-0.43529365049160484,12.862794183118371
0.44922296516495946,-4.27374692175362
-1.4442959583507398,-7.308931431818518
0.33457055631954125,17.28183675774978
0.19769300947974253,13.976408821605908
-0.05252757009506306,-7.616156830860184
0.4242270604129871,-18.44398679929323
0.26972067301564895,7.038437199521378
-0.3054210698026699,-23.69499838117953
-0.2941137015527696,337.79091355894997
0.32482562098165857,-33.21374444224675
0.33457055631954125,-12.699829097706006
0.05864512242631372,12.862794183118371
0.18668415979289468,31.641294797272423
-0.15193756696726807,-12.9217227829755
-0.16880052818434513,17.28183675774978
0.46640658963121295,-5.568099291779881
-0.03095869084443841,-33.21374444224675
-0.05252757009506306,-26.313056082160845
-0.00606422098292847,2.1338652505476157
1.0742461550524685,18.10404076332848
0.028096139822852573,41.70914557438718
0.46640658963121295,17.77974226352989
-0.7287260669656467,7.038437199521378
-0.13638257532230327,-15.935206029103457
-0.801053308863267,-7.308931431818518
0.1589884271769304,0.04146826652060548
-0.05252757009506306,0.04146826652060548
-0.12894786135221284,0.04146826652060548
-0.017168990736273714,16.137309005336682
-0.2741974333344227,-1.9488866283982613
0.6526028477519574,-0.8843744842369765
0.16181664640404847,56.59659836344661
0.26972067301564895,-12.9217227829755
0.38403387494372687,-4.516151465019735
0.36435750103282766,-21.568249383018745
0.04778851635149166,21.387570884234133
0.6011300846259356,-12.699829097706006
0.9544380869215774,-29.856487290051373
-0.03095869084443841,-37.61074050176849
0.19769300947974253,-7.616156830860184
-0.365708981743811,-15.935206029103457
-0.21735499260060465,16.137309005336682
-0.4198911017118402,-5.3619535347475376
-0.00606422098292847,-27.504862198609242
-0.01631420073264045,44.44184669975891
0.11090382931134693,-27.259749061922307
-0.0792748196307623,-24.16125495693031
-0.05252757009506306,-38.8446486552365
-0.08657770336893914,-21.925067375973722
-0.2033653306411805,-4.5569853151450985
-0.16880052818434513,-4.949681631400662
-1.5034819450854005,-8.558438931875193
-0.21735499260060465,15.093593964234987
0.14193829180449308,18.10404076332848
0.2006814916813869,78.70298308265971
-1.689401290665661,-39.48264072720317
1.041244599416565,35.727326701158034
-0.33576938220124525,20.943839012767775
0.1918725988069705,23.425417010667722
-0.15875648059594238,-1.0630246735620064
0.47654322778642794,-16.179880662916258
-0.1567945449410138,35.727326701158034
-0.7287260669656467,3.010803771110808
0.00999572619345961,-4.949681631400662
-0.12588186608270502,-7.719198499706887
-0.801053308863267,16.137309005336682
0.3906688513397044,11.203377655803251
0.34238876799479534,18.10404076332848
-0.08657770336893914,1.562435408792224
-0.30057689291677187,11.627289824075353
-0.0352084347935643,-4.0030311692097875
0.3505467633222156,14.909803878090194
-0.505048042284805,21.943429764248087
-0.0969281402019457,13.122226931785953
0.44922296516495946,-6.072911394740857
0.2006814916813869,-5.3619535347475376
-0.7160738754535848,-1.6881085035055867
0.6011300846259356,15.093593964234987
0.39926502701555744,-4.0030311692097875
-0.6484834959849031,18.06735682480273
-0.16880052818434513,7.265070709056594
-0.05252757009506306,-10.276710497240433
0.4242270604129871,28.26539096477251
0.043113239087593416,0.864766501985906
-0.03861156615609694,0.5465942706398988
0.043113239087593416,-0.5361732542154023
-0.1567945449410138,-7.2466025351224115
-1.2497736591103932,-4.0030311692097875
-0.36332751780594286,-23.69499838117953
1.041244599416565,-4.0030311692097875
0.08613586021859794,-27.504862198609242
-0.03095869084443841,-2.1385247169656862
0.05864512242631372,-25.344122145253287
0.03258673623427275,-18.44398679929323
0.20188123959900697,13.73569103313465
0.16997473040900107,15.093593964234987
-0.19723665039468066,-22.688931087626568
-1.3009460764488114,-40.3877793567228
-0.14304889760529674,17.28183675774978
-0.03095869084443841,-15.935206029103457
0.9544380869215774,22.526360517017405
-0.0808639114232312,-4.0030311692097875
-0.4198911017118402,-18.44398679929323
1.041244599416565,-3.3960019819265512
-0.4198911017118402,-1.9488866283982613
1.2553987807724112,-4.5569853151450985
-0.1529747467379292,13.122226931785953
-0.05252757009506306,-4.27374692175362
-1.4442959583507398,-38.8446486552365
-1.689401290665661,20.943839012767775
-0.16880052818434513,-3.526894058084416
-0.21735499260060465,-1.9488866283982613
0.2528020560677244,13.987238754500622
0.2006814916813869,15.093593964234987
0.34238876799479534,21.245403893104715
0.00999572619345961,-26.896748735579198
0.32482562098165857,7.5933355445900945
1.5822698280934888,-46.523517778655
-0.36332751780594286,-47.17645554782859
0.27586775984203465,-3.526894058084416
-0.03861156615609694,-8.558438931875193
-0.35243879767473646,-1.9488866283982613
0.36435750103282766,42.74014106971756
1.5822698280934888,22.526360517017405
-0.2915464995984715,7.265070709056594
0.8958327942725657,-2.9800795243972953
0.4242270604129871,17.28183675774978
1.0742461550524685,35.727326701158034
0.00999572619345961,-10.081603544848427
0.2341443478001918,-39.48264072720317
0.5786464468577881,337.79091355894997
0.16997473040900107,-10.276710497240433
0.1586219282642693,5.911317787528296
-0.4198911017118402,16.98247544783629
0.05864512242631372,0.04146826652060548
0.44922296516495946,14.004420132976355
-0.801053308863267,21.245403893104715
-1.5034819450854005,22.526360517017405
0.3193683602170187,7.265070709056594
-0.16880052818434513,7.265070709056594
1.5055984623564311,-0.8843744842369765
-0.009028874904964578,14.280904842711205
0.0402605423540356,-6.6612816997610516
0.05864512242631372,-20.99715135852902
0.1918725988069705,16.137309005336682
-0.009028874904964578,14.044821634337412
0.10001883060204593,16.137309005336682
0.13071120725620614,4.007637341038666
0.047684826740882966,-18.44398679929323
-0.17935181727408317,-10.814404479470381
0.41530050538439856,2.077521546435768
-1.4442959583507398,-2.9291310600555684
0.20188123959900697,6.2392066147147895
-0.4198911017118402,10.438571144155382
0.4242270604129871,-2.218290423663901
0.8958327942725657,-27.259749061922307
-0.10825325223886004,-4.5569853151450985
0.18668415979289468,34.66640998521532
0.3505467633222156,42.74014106971756
-0.5626984011075703,18.10404076332848
0.31021410415629347,-46.523517778655
-0.03861156615609694,-25.33944624670226
-0.10825325223886004,10.438571144155382
0.26972067301564895,29.704337441723858
-0.3151451186445354,5.911317787528296
-0.35281270793989095,83.67494295132117
-0.4198911017118402,29.704337441723858
0.1918725988069705,-4.27374692175362
-0.017168990736273714,6.2392066147147895
1.041244599416565,-2.7029679554461388
-0.7287260669656467,-10.276710497240433
-0.03095869084443841,3.010803771110808
-0.4198911017118402,-12.9217227829755
0.44922296516495946,21.245403893104715
-0.1118305206688687,0.04146826652060548
-0.3151451186445354,7.340366661926466
0.13071120725620614,-6.479229712029983
-1.4442959583507398,49.925647069350426
0.8958327942725657,11.627289824075353
0.3505467633222156,-4.516151465019735
0.00999572619345961,-3.4464653984667657
-0.07196222189562931,-11.3721980247369
-0.2741974333344227,337.79091355894997
1.478002339277954,-15.935206029103457
0.16051745893966754,-9.150666438419684
1.4051177019833445,17.28183675774978
-1.4442959583507398,21.21099415724861
-0.009028874904964578,0.04146826652060548
-0.36332751780594286,-18.44398679929323
-0.030646184935596434,-6.756081256335111
-0.2076377528588214,10.949350225159302
-0.017168990736273714,0.864766501985906
1.172089607772758,-10.276710497240433
-0.113624667977236,7.265070709056594
-0.11235626442082039,-2.9614244565298433
-0.1118305206688687,-3.9671451152817934
-0.009028874904964578,11.981195077857143
0.36435750103282766,-10.276710497240433
0.05160574619961226,15.719889307234046
-0.0673472244820494,42.74014106971756
-0.058578370644802334,0.7801741743172745
-1.6051186114402711,31.57671909153448
-0.058578370644802334,-4.078524786165337
0.30057329476854466,7.596740867050775
0.03258673623427275,17.28183675774978
-0.009028874904964578,7.017127675090229
-0.15234167536798235,42.74014106971756
0.5101920150542831,-0.0038359853624834496
1.5822698280934888,-27.504862198609242
0.00999572619345961,-7.616156830860184
0.20188123959900697,-33.21374444224675
0.9544380869215774,17.28183675774978
-1.4442959583507398,32.96094067614628
-0.43529365049160484,21.943429764248087
0.30057329476854466,-27.504862198609242
-0.15193756696726807,-38.8446486552365
-0.113624667977236,8.94794705401277
0.1918725988069705,-33.21374444224675
0.44922296516495946,-20.99715135852902
-0.2033653306411805,-10.814404479470381
0.1918725988069705,16.137309005336682
0.4242270604129871,42.74014106971756
-0.00013670845530624475,0.864766501985906
0.06501811123083465,18.06735682480273
0.0797559173132516,-3.526894058084416
-0.058578370644802334,35.727326701158034
0.16268039011447305,-10.081603544848427
-0.3151451186445354,-4.27374692175362
0.39926502701555744,-1.9488866283982613
0.1918725988069705,-52.37795764006779
-1.393529444639474,-3.526894058084416
0.05864512242631372,25.055670452889288
0.34238876799479534,-7.308931431818518
-0.10825325223886004,-4.27374692175362
0.17133069084377722,-15.935206029103457
-0.0352084347935643,12.102494748238584
-0.3151451186445354,18.06735682480273
0.05864512242631372,-12.699829097706006
-0.7160738754535848,-15.935206029103457
0.3505467633222156,7.140872871365899
-0.2941137015527696,7.017127675090229
0.16159146195309612,-18.44398679929323
-0.08657770336893914,-27.504862198609242
0.11090382931134693,-4.078524786165337
-0.0969281402019457,-10.276710497240433
-0.18717108190088227,4.007637341038666
-0.9024675039485013,-2.7029679554461388
-0.17935181727408317,-52.37795764006779
-0.36332751780594286,-2.9800795243972953
-0.00606422098292847,7.038437199521378
-1.5034819450854005,-7.616156830860184
-0.009028874904964578,16.137309005336682
0.2028095494411093,7.38675613760892
1.2553987807724112,32.96094067614628
-0.9024675039485013,22.526360517017405
-0.5365632179043522,-1.9488866283982613
0.039476640067074374,-7.616156830860184
-0.7160738754535848,-9.956774156348473
-0.009028874904964578,-39.48264072720317
1.7274817463526346,0.04146826652060548
-0.009028874904964578,-10.814404479470381
-0.0352084347935643,-7.616156830860184
-0.17935181727408317,-4.27374692175362
2.5062562280628145,18.745431048207855
-0.47282598073482546,49.925647069350426
0.3505467633222156,-12.9217227829755
1.6593624605044475,26.49447126537633
-0.1845534832672918,23.372825929697136
0.26972067301564895,23.372825929697136
0.2006814916813869,0.7801741743172745
-0.801053308863267,13.122226931785953
-0.4726112652643114,-1.201570679043519
-1.4442959583507398,-10.276710497240433
-0.19466522561525249,-8.558438931875193
0.19769300947974253,2.8499852625433655
1.2553987807724112,-15.935206029103457
-1.393529444639474,11.627289824075353
-0.044810527848512395,-4.949681631400662
0.3665757928180873,-12.9217227829755
-0.06334890996530876,2.3456424366310573
0.043113239087593416,7.265070709056594
-0.2033653306411805,-3.526894058084416
0.4997419662193159,-5.3619535347475376
-0.3054210698026699,18.10404076332848
-0.009028874904964578,-8.558438931875193
-0.2738920535334189,21.34879511607822
0.16181664640404847,-4.0030311692097875
0.5786464468577881,-2.7029679554461388
-0.18590351632647606,29.973871336493364
-0.2033653306411805,-10.276710497240433
0.44922296516495946,35.727326701158034
-0.058578370644802334,-7.616156830860184
1.2553987807724112,-16.25322274257984
-0.505048042284805,-4.27374692175362
0.0010470528883741892,-1.0630246735620064
0.8958327942725657,-7.308931431818518
0.4266084430863691,-20.99715135852902
1.394174000488054,-4.5569853151450985
2.5065347857651172,-27.259749061922307
0.5786464468577881,-4.949681631400662
0.19769300947974253,18.48178911445189
-0.17935181727408317,-4.27374692175362
-0.4198911017118402,-2.2335130345263385
0.31021410415629347,-39.1763748935869
0.688791828861265,14.280904842711205
-0.8246288976755036,337.79091355894997
1.041244599416565,-4.5569853151450985
0.688791828861265,-15.935206029103457
0.6477004407264604,-18.44398679929323
0.10001883060204593,-4.0030311692097875
-0.044810527848512395,-9.956774156348473
-0.17935181727408317,-2.7029679554461388
0.29653774554932444,-18.44398679929323
1.394174000488054,22.526360517017405
0.16159146195309612,-2.2335130345263385
-0.505048042284805,78.70298308265971
-0.05252757009506306,-4.078524786165337
-0.2076377528588214,7.596740867050775
-0.1845534832672918,3.1405316026897645
0.4997419662193159,-33.21374444224675
-0.4198911017118402,-12.9217227829755
-0.36332751780594286,7.038437199521378
-0.03861156615609694,-0.8843744842369765
0.16181664640404847,-27.504862198609242
-0.113624667977236,-1.9488866283982613
0.05864512242631372,-5.3619535347475376
-0.801053308863267,-27.259749061922307
-0.7287260669656467,-10.081603544848427
-0.009028874904964578,-4.078524786165337
5.68491992367111,-10.276710497240433
1.0742461550524685,-10.276710497240433
-0.1118305206688687,49.925647069350426
-0.113624667977236,-18.44398679929323
0.18668415979289468,18.48178911445189
0.5786464468577881,-14.114341188560951
0.40158367324280136,-4.27374692175362
-0.8246288976755036,-4.27374692175362
-0.35243879767473646,31.641294797272423
0.20188123959900697,40.8108960601293
0.0010470528883741892,-7.616156830860184
-0.00606422098292847,23.372825929697136
-0.14304889760529674,18.10404076332848
0.043113239087593416,18.10404076332848
-0.02603624527195943,14.044821634337412
1.0742461550524685,7.596740867050775
0.8958327942725657,21.245403893104715
0.3228247438500903,12.102494748238584
-1.689401290665661,7.265070709056594
-0.03095869084443841,-14.138890062009661
5.68491992367111,-0.5361732542154023
0.00999572619345961,34.66640998521532
0.3548113137883401,-4.5569853151450985
-0.17935181727408317,-27.504862198609242
0.16997473040900107,-18.44398679929323
-0.1845534832672918,49.925647069350426
-0.33576938220124525,-1.9488866283982613
-0.05252757009506306,-10.32835572313355
0.36435750103282766,39.760585038296945
0.3800454743780971,7.596740867050775
0.39926502701555744,-32.18312620050924
0.043113239087593416,31.641294797272423
0.043113239087593416,-38.8446486552365
0.3800454743780971,166.76254514455465
-0.0352084347935643,11.627289824075353
-0.017168990736273714,-4.078524786165337
0.3232970364782351,16.8762399221961
-0.30057689291677187,2.077521546435768
1.0742461550524685,17.77974226352989
-1.4442959583507398,-11.168027150779878
0.05864512242631372,1.562435408792224
1.5706936489161796,6.2392066147147895
0.3505467633222156,18.48178911445189
0.46640658963121295,3.0607078295876455
0.05864512242631372,-7.616156830860184
0.16159146195309612,-0.5361732542154023
0.16268039011447305,35.727326701158034
-0.17935181727408317,0.864766501985906
0.16181664640404847,7.265070709056594
1.5822698280934888,17.77974226352989
0.39926502701555744,-18.44398679929323
-0.07376395554197326,7.038437199521378
0.31021410415629347,-4.27374692175362
-0.16880052818434513,-1.9488866283982613
1.9525911882714773,0.04146826652060548
-0.2033653306411805,2.63263339993483
0.6011300846259356,-24.959993554285578
0.6735839854136264,-27.504862198609242
-0.30057689291677187,25.66939669000617
0.16181664640404847,21.245403893104715
-0.21376361882889733,-3.526894058084416
0.6011300846259356,16.137309005336682
-0.05252757009506306,18.017598264756508
-1.2497736591103932,-10.276710497240433
-0.009028874904964578,-3.526894058084416
-0.16880052818434513,-0.5361732542154023
0.5786464468577881,-12.699829097706006
0.3505467633222156,-7.576370497613808
-0.03095869084443841,21.245403893104715
0.6735839854136264,-0.8843744842369765
0.34238876799479534,-28.028858425570593
-0.505048042284805,-20.99715135852902
0.6011300846259356,-27.309788344432455
1.5822698280934888,-14.138890062009661
-0.7050481787525923,22.526360517017405
0.17887008538654098,-4.0030311692097875
0.33457055631954125,0.864766501985906
0.16997473040900107,-12.699829097706006
0.20188123959900697,-7.965552930046018
-0.9024675039485013,11.627289824075353
0.7523905430874418,-32.31398079172564
-0.00606422098292847,-10.814404479470381
-0.15963008896540815,18.48178911445189
-0.36332751780594286,-19.279405262215892
-0.01631420073264045,-24.959993554285578
-0.058578370644802334,-4.949681631400662
0.3505467633222156,-12.9217227829755
-0.058578370644802334,5.911317787528296
-0.009028874904964578,-10.050876275630035
0.05864512242631372,-4.078524786165337
-0.10825325223886004,7.265070709056594
-0.1118305206688687,10.438571144155382
-0.1118305206688687,-32.5199083846189
0.20188123959900697,-20.99715135852902
-0.024598674677790366,-18.44398679929323
0.06288897005254657,7.596740867050775
1.7274817463526346,-3.526894058084416
-0.2033653306411805,-23.69499838117953
-0.801053308863267,42.74014106971756
-0.2033653306411805,5.911317787528296
0.23608909821264756,-2.2335130345263385
0.34238876799479534,-27.15700683138211
-0.2915464995984715,42.74014106971756
-0.058578370644802334,16.8762399221961
-0.03861156615609694,-12.699829097706006
-0.04555074380058599,13.572532083973394
0.2528020560677244,17.28183675774978
1.5822698280934888,-18.44398679929323
-0.21735499260060465,-2.2335130345263385
-0.009028874904964578,-64.12884555227778
-0.00606422098292847,-38.8446486552365
-0.31021122470612056,-16.179880662916258
0.0010470528883741892,-40.19327155395332
-0.2076377528588214,-10.814404479470381
0.09457556784870232,-4.5569853151450985
-0.12552467734978415,-20.99715135852902
-0.113624667977236,2.8499852625433655
-0.00606422098292847,-1.9488866283982613
1.1819492274653245,32.96094067614628
0.6735839854136264,4.007637341038666
0.1918725988069705,5.911317787528296
2.0755236001364437,14.004420132976355
-0.10825325223886004,-0.0038359853624834496
-1.2497736591103932,-47.17645554782859
-0.08657770336893914,-15.935206029103457
-0.02603624527195943,7.038437199521378
-0.00606422098292847,-12.699829097706006
0.44922296516495946,21.21099415724861
-0.113624667977236,16.8762399221961
0.00999572619345961,-4.27374692175362
0.5786464468577881,10.702260964686408
-0.3054210698026699,-12.9217227829755
0.8958327942725657,13.73569103313465
-0.4198911017118402,-15.347575898405239
0.20188123959900697,-4.078524786165337
1.3402699205612447,20.943839012767775
0.16159146195309612,-12.699829097706006
0.20188123959900697,-4.0030311692097875
0.3505467633222156,-30.108523831933937
-0.2033653306411805,-18.44398679929323
-0.6299094769965032,-0.5361732542154023
-0.0352084347935643,17.77974226352989
0.10001883060204593,22.526360517017405
-0.17935181727408317,29.973871336493364
-1.2497736591103932,15.355957543981352
0.47654322778642794,15.10643195994704
0.34238876799479534,18.48178911445189
1.2553987807724112,7.265070709056594
-0.36332751780594286,-20.99715135852902
-1.2497736591103932,-40.3877793567228
0.32482562098165857,-14.92608016726255
0.6011300846259356,7.265070709056594
-0.21376361882889733,-10.276710497240433
-0.06487068597181327,7.038437199521378
0.511416933333918,21.245403893104715
-1.5464783585181123,-8.558438931875193
-0.17935181727408317,-5.3619535347475376
-0.4198911017118402,-4.27374692175362
1.2553987807724112,17.28183675774978
-1.2497736591103932,-5.989201726962683
0.00999572619345961,16.137309005336682
0.23608909821264756,8.94794705401277
-0.009028874904964578,-10.814404479470381
-0.17935181727408317,-27.259749061922307
-0.1118305206688687,-7.849089718355956
-0.21191448486425904,11.627289824075353
0.5786464468577881,-12.699829097706006
-2.229932477622666,-10.276710497240433
-0.43529365049160484,-16.179880662916258
0.6011300846259356,31.641294797272423
1.7274817463526346,-32.18312620050924
-0.03095869084443841,-4.27374692175362
0.3606517853674941,5.911317787528296
0.6735839854136264,7.038437199521378
0.44922296516495946,-4.0030311692097875
-0.03861156615609694,14.044821634337412
0.6011300846259356,4.007637341038666
-0.017168990736273714,49.925647069350426
0.20188123959900697,16.98247544783629
1.9022587109706586,7.038437199521378
-0.10462615523354754,-7.616156830860184
-0.06487068597181327,-3.3960019819265512
0.32482562098165857,-39.48264072720317
0.34238876799479534,3.010803771110808
-0.7050481787525923,-1.0630246735620064
-0.21735499260060465,-15.935206029103457
-0.05252757009506306,-3.3960019819265512
-0.04555074380058599,31.641294797272423
-0.4198911017118402,18.48178911445189
-0.36332751780594286,-15.935206029103457
-0.15963008896540815,23.503575342205522
0.3505467633222156,-40.19327155395332
0.0010470528883741892,-5.3619535347475376
-0.2033653306411805,8.94794705401277
-0.2738920535334189,-23.69499838117953
-0.801053308863267,34.66640998521532
-0.024598674677790366,17.77974226352989
1.9046788635615386,-39.48264072720317
-0.17935181727408317,0.864766501985906
0.16268039011447305,-10.276710497240433
-0.01631420073264045,-8.558438931875193
0.047684826740882966,-37.61074050176849
-0.2076377528588214,-2.2335130345263385
0.35835562409054134,-18.44398679929323
0.32482562098165857,7.038437199521378
0.3505467633222156,-27.15700683138211
0.06288897005254657,21.387570884234133
-0.7050481787525923,83.67494295132117
0.44922296516495946,5.911317787528296
-1.5034819450854005,2.077521546435768
-0.1990960786250156,-12.9217227829755
-0.05252757009506306,3.010803771110808
-0.1308138626049503,-2.2335130345263385
-0.00013670845530624475,-2.2335130345263385
-0.0792748196307623,-33.21374444224675
-0.1114831986007296,-3.526894058084416
-0.17935181727408317,18.10404076332848
-0.7401456791303287,2.8499852625433655
-0.0352084347935643,17.28183675774978
-1.393529444639474,-14.716740593373498
-0.7050550900595922,13.73569103313465
-0.3054210698026699,3.010803771110808
-0.1118305206688687,-4.27374692175362
1.5822698280934888,34.66640998521532
0.3906688513397044,-2.9291310600555684
-1.4442959583507398,7.265070709056594
0.3228247438500903,-18.44398679929323
-0.33576938220124525,-13.7293368035301
-0.35243879767473646,7.596740867050775
0.3505467633222156,17.28183675774978
-0.2738920535334189,-27.259749061922307
-0.03861156615609694,18.06735682480273
0.0916091018483673,-27.259749061922307
0.32482562098165857,-7.616156830860184
0.26972067301564895,-27.504862198609242
-0.05873740317876268,21.21099415724861
0.0010470528883741892,-10.081603544848427
-0.14286895029634947,-7.616156830860184
0.19769300947974253,35.727326701158034
-0.03861156615609694,-15.935206029103457
0.39926502701555744,-4.5569853151450985
5.68491992367111,7.596740867050775
-0.0792748196307623,-12.699829097706006
-0.05252757009506306,16.137309005336682
0.4242270604129871,12.080490209402095
-0.13638257532230327,18.10404076332848
-0.113624667977236,8.678186683473351
0.043113239087593416,-14.114341188560951
-0.0764545697770406,-4.949681631400662
-0.505048042284805,-20.99715135852902
-0.15193756696726807,17.28183675774978
3.1299622614874876,32.96094067614628
-0.03095869084443841,42.74014106971756
0.5209864602641708,34.66640998521532
-0.4198911017118402,2.1338652505476157
-0.03095869084443841,5.911317787528296
-0.505048042284805,15.093593964234987
0.30057329476854466,13.987238754500622
-0.1118305206688687,-1.9488866283982613
0.8958327942725657,14.004420132976355
-0.08657770336893914,5.004397063638481
2.5062562280628145,-15.935206029103457
0.0010470528883741892,13.73569103313465
1.5822698280934888,18.48178911445189
-0.03861156615609694,7.038437199521378
-0.11401791152207985,-3.526894058084416
0.38403387494372687,-12.9217227829755
-0.0754261473078616,337.79091355894997
-0.10825325223886004,-0.5361732542154023
0.688791828861265,-12.9217227829755
0.16268039011447305,31.138589891912048
-0.01631420073264045,18.48178911445189
0.3505467633222156,17.77974226352989
-0.14286895029634947,-27.259749061922307
-0.3151451186445354,35.812396677192986
0.4997419662193159,-9.956774156348473
-0.19466522561525249,190.3097190243283
-0.2741974333344227,29.995661536328267
-0.1118305206688687,-39.48264072720317
-0.4198911017118402,-27.259749061922307
0.6011300846259356,-39.48264072720317
-0.01631420073264045,-18.44398679929323
-0.36332751780594286,-39.48264072720317
-0.00606422098292847,-39.48264072720317
-0.044810527848512395,3.010803771110808
-0.024598674677790366,15.355957543981352
-2.229932477622666,18.10404076332848
-0.1118305206688687,-8.558438931875193
0.4861271218686462,-46.523517778655
0.04834673790542032,-15.784946091776693
0.3505467633222156,-4.078524786165337
0.0010470528883741892,-27.504862198609242
-0.3151451186445354,-0.5361732542154023
-0.6802110654890579,-4.27374692175362
-0.2033653306411805,-12.699829097706006
0.33457055631954125,-2.7029679554461388
-0.017168990736273714,14.044821634337412
-0.18590351632647606,-11.378279124648387
-0.22703734199817482,-2.7029679554461388
0.5786464468577881,3.1405316026897645
0.20188123959900697,35.812396677192986
-1.689401290665661,-2.3141928410932953
1.5822698280934888,-24.959993554285578
0.36435750103282766,7.265070709056594
0.4242270604129871,49.925647069350426
-0.7050481787525923,-14.761836885402682
0.18668415979289468,-24.959993554285578
-0.06565703993025851,-1.6881085035055867
-0.03861156615609694,-4.5569853151450985
-0.05252757009506306,-3.526894058084416
-0.03861156615609694,8.94794705401277
-1.2497736591103932,14.280904842711205
-0.505048042284805,32.96094067614628
0.5786464468577881,-9.895968986876213
-1.217791890634699,7.038437199521378
0.20188123959900697,-21.568249383018745
1.0026164971751694,18.017598264756508
0.16051745893966754,18.10404076332848
-0.08657770336893914,-38.8446486552365
-0.4198911017118402,-3.526894058084416
0.44922296516495946,25.055670452889288
-0.03861156615609694,-27.15700683138211
0.00999572619345961,-27.15700683138211
0.0010470528883741892,12.862794183118371
0.6477004407264604,32.96094067614628
0.30057329476854466,-18.44398679929323
0.1589884271769304,-10.276710497240433
1.5706936489161796,18.06735682480273
0.36435750103282766,-4.5569853151450985
-0.1118305206688687,-15.935206029103457
-0.03861156615609694,10.438571144155382
0.043113239087593416,18.10404076332848
0.33457055631954125,13.73569103313465
-0.00606422098292847,18.10404076332848
0.3943868690328035,-3.3960019819265512
-0.2782101086628936,0.864766501985906
0.40158367324280136,18.48178911445189
0.36435750103282766,-15.935206029103457
-0.058578370644802334,-27.504862198609242
-0.4198911017118402,-12.699829097706006
0.2528020560677244,-4.192298132741622
0.3505467633222156,-4.0030311692097875
-0.2033653306411805,-8.558438931875193
0.1918725988069705,6.375386923193691
0.13071120725620614,34.66640998521532
0.1918725988069705,-6.6612816997610516
0.16181664640404847,32.96094067614628
-0.14304889760529674,-7.308931431818518
0.39926502701555744,7.596740867050775
0.00999572619345961,-39.48264072720317
0.05864512242631372,-14.959477299015035
1.5822698280934888,-24.959993554285578
-0.113624667977236,-2.218290423663901
-0.2741974333344227,-2.2335130345263385
-0.21191448486425904,3.3672510681168424
-0.0352084347935643,78.70298308265971
-0.6299094769965032,-2.9291310600555684
-0.0792748196307623,-14.138890062009661
-0.08048260070473123,78.70298308265971
-0.4198911017118402,-5.3619535347475376
-0.08657770336893914,-5.3619535347475376
-0.03095869084443841,-8.558438931875193
-0.7050481787525923,-2.9291310600555684
0.20188123959900697,-4.078524786165337
0.3505467633222156,-15.935206029103457
0.0010470528883741892,-0.5361732542154023
0.3505467633222156,-4.0030311692097875
-0.05252757009506306,-5.3619535347475376
-0.13638257532230327,9.13205616139108
-0.21937163611603822,16.98247544783629
-0.15193756696726807,-2.2335130345263385
-0.17935181727408317,18.10404076332848
0.7398260597725317,-3.526894058084416
0.16268039011447305,-10.276710497240433
0.7398260597725317,35.727326701158034
-1.0556011267440089,-4.0030311692097875
0.4242270604129871,-21.989749770128757
-1.2497736591103932,18.48178911445189
-0.17935181727408317,-4.5569853151450985
-0.017168990736273714,-14.138890062009661
0.688791828861265,34.66640998521532
-0.6484834959849031,-2.9614244565298433
0.20188123959900697,-13.989261657391179
0.05864512242631372,17.28183675774978
-0.03861156615609694,49.925647069350426
-0.2033653306411805,11.627289824075353
-0.10825325223886004,-4.078524786165337
-0.058578370644802334,-8.558438931875193
1.5822698280934888,5.911317787528296
-1.0556011267440089,21.245403893104715
1.3837758509206166,-27.259749061922307
-0.17935181727408317,25.020376398596255
-1.2497736591103932,-3.526894058084416
0.047684826740882966,-47.17645554782859
0.29653774554932444,-9.811847721093269
0.1918725988069705,-7.616156830860184
1.041244599416565,0.04146826652060548
0.1589884271769304,-27.15700683138211
0.3505467633222156,-4.27374692175362
0.32482562098165857,0.30087760174787676
0.44922296516495946,-20.99715135852902
0.05160574619961226,11.627289824075353
-1.689401290665661,18.10404076332848
0.30057329476854466,-8.558438931875193
-0.0792748196307623,0.864766501985906
0.16159146195309612,-5.3619535347475376
1.0742461550524685,31.641294797272423
-0.3844846724136027,0.864766501985906
1.3997807965823006,-0.5361732542154023
0.6011300846259356,49.925647069350426
-1.2497736591103932,42.74014106971756
-0.16880052818434513,-4.949681631400662
0.20188123959900697,-0.0038359853624834496
-0.113624667977236,-8.558438931875193
0.043113239087593416,12.862794183118371
-0.03861156615609694,-7.308931431818518
1.0742461550524685,-29.856487290051373
0.0010470528883741892,-4.839753619072777
0.8958327942725657,-47.17645554782859
0.27586775984203465,-4.516151465019735
0.2006814916813869,-7.576370497613808
0.043113239087593416,18.48178911445189
1.3402699205612447,-29.856487290051373
0.34238876799479534,-4.078524786165337
-1.4442959583507398,0.04146826652060548
0.5786464468577881,13.572532083973394
-0.70474673753089,-1.9488866283982613
0.16268039011447305,12.080490209402095
-0.00606422098292847,14.004420132976355
-0.05252757009506306,-2.2335130345263385
-0.3151451186445354,18.48178911445189
0.47654322778642794,-6.508667502822483
0.1589884271769304,35.812396677192986
0.20188123959900697,-29.856487290051373
-0.00606422098292847,21.387570884234133
-0.43529365049160484,18.10404076332848
-0.16880052818434513,7.596740867050775
0.32482562098165857,-12.699829097706006
0.4266084430863691,-15.935206029103457
0.39926502701555744,-25.412180632315827
-0.12894786135221284,1.562435408792224
1.5822698280934888,17.28183675774978
0.34238876799479534,-7.616156830860184
0.32482562098165857,14.280904842711205
0.4997419662193159,-24.959993554285578
0.16051745893966754,21.245403893104715
0.00999572619345961,18.48178911445189
1.5822698280934888,-3.9671451152817934
-0.7050481787525923,-12.9217227829755
-0.4198911017118402,-4.5569853151450985
1.5822698280934888,15.261949196023727
-0.030646184935596434,-2.9800795243972953
-0.05252757009506306,-5.568099291779881
0.5786464468577881,-20.99715135852902
0.5209864602641708,29.704337441723858
0.16268039011447305,17.77974226352989
-0.10825325223886004,-4.27374692175362
0.6011300846259356,4.781531668460141
-0.6299094769965032,-18.44398679929323
0.18668415979289468,-0.8843744842369765
0.3505467633222156,-0.5361732542154023
0.043113239087593416,-4.078524786165337
0.09457556784870232,31.641294797272423
1.5822698280934888,-8.558438931875193
0.1586219282642693,17.28183675774978
-0.03095869084443841,-3.9671451152817934
0.5101920150542831,-18.05000878013754
-0.2741974333344227,-12.699829097706006
-0.31021122470612056,-0.8843744842369765
0.4242270604129871,25.055670452889288
0.39926502701555744,16.98247544783629
-0.36332751780594286,7.596740867050775
-0.06565703993025851,-5.3619535347475376
0.0010470528883741892,-32.31398079172564
0.06288897005254657,14.044821634337412
-0.7050481787525923,-4.27374692175362
-0.2741974333344227,-15.935206029103457
0.1918725988069705,-23.646534104325497
-0.43529365049160484,-4.949681631400662
-0.14304889760529674,22.454344845033457
-0.25449515339122203,7.265070709056594
-1.2497736591103932,3.0607078295876455
-0.00013670845530624475,25.38713772153157
0.3606517853674941,-8.558438931875193
0.0010470528883741892,3.010803771110808
-0.7287260669656467,-12.9217227829755
0.8958327942725657,-12.9217227829755
0.5786464468577881,-2.9800795243972953
-0.40904271775737755,7.265070709056594
-0.2076377528588214,21.245403893104715
-0.024598674677790366,-17.97391752245654
0.05864512242631372,20.021864907847988
-0.2741974333344227,-15.935206029103457
-0.801053308863267,-8.558438931875193
0.4687821404458741,-12.9217227829755
0.2898819605452614,11.627289824075353
0.5786464468577881,9.28536351917838
-0.16880052818434513,10.949350225159302
-1.689401290665661,29.973871336493364
-0.00606422098292847,-4.5569853151450985
-0.03861156615609694,-4.27374692175362
-0.03095869084443841,17.28183675774978
0.3906688513397044,34.458378268200114
0.2521351458422851,-1.9488866283982613
0.20188123959900697,15.093593964234987
-0.03861156615609694,-3.3960019819265512
-0.03861156615609694,14.280904842711205
-0.10462615523354754,18.10404076332848
0.38403387494372687,21.245403893104715
0.00999572619345961,-0.5361732542154023
1.0742461550524685,-3.3960019819265512
-0.17935181727408317,13.122226931785953
-0.1118305206688687,17.77974226352989
0.36435750103282766,0.864766501985906
-1.4442959583507398,14.280904842711205
-0.09849685936731763,18.10404076332848
2.0755236001364437,-38.8446486552365
-0.05252757009506306,0.04146826652060548
-1.217791890634699,-10.814404479470381
-0.03095869084443841,-39.48264072720317
-0.21735499260060465,-1.6881085035055867
-0.23758498733152322,16.8762399221961
0.3505467633222156,7.596740867050775
-0.19723665039468066,23.372825929697136
-0.3054210698026699,-18.44398679929323
-0.03095869084443841,-4.27374692175362
0.6011300846259356,17.28183675774978
0.688791828861265,34.66640998521532
0.4242270604129871,-0.0038359853624834496
-0.3151451186445354,-4.27374692175362
0.27586775984203465,7.265070709056594
-0.009028874904964578,-4.078524786165337
0.5786464468577881,2.077521546435768
1.5822698280934888,5.911317787528296
0.32482562098165857,7.596740867050775
-0.2033653306411805,14.044821634337412
-1.2497736591103932,20.31032155601569
0.05864512242631372,-0.8843744842369765
-0.01631420073264045,14.280904842711205
1.5822698280934888,-4.5569853151450985
0.20188123959900697,-14.92608016726255
-0.17935181727408317,10.702260964686408
-0.9024675039485013,-8.558438931875193
-1.2497736591103932,18.06735682480273
2.012551393286114,7.596740867050775
0.16051745893966754,3.010803771110808
-0.3054210698026699,13.122226931785953
0.0010470528883741892,-20.99715135852902
-0.36332751780594286,3.2533966319815937
0.20188123959900697,-7.616156830860184
-0.33576938220124525,22.64623650589953
0.05909883430361802,15.093593964234987
0.16181664640404847,-24.959993554285578
1.2553987807724112,0.9214016884970614
-0.0352084347935643,-3.526894058084416
1.1127658037795611,0.864766501985906
-3.297318649963638,34.66640998521532
0.5786464468577881,5.911317787528296
0.2434758227448847,-12.699829097706006
-0.10825325223886004,-33.21374444224675
0.36435750103282766,-12.9217227829755
1.7274817463526346,49.72568543360479
-0.017168990736273714,49.925647069350426
-0.16880052818434513,0.04146826652060548
0.34238876799479534,21.245403893104715
-1.2497736591103932,-18.44398679929323
0.46841303106282,-21.699206232645043
0.20188123959900697,-27.259749061922307
0.3906688513397044,-14.761836885402682
-0.03095869084443841,-14.138890062009661
-0.10462615523354754,12.080490209402095
-0.08657770336893914,-9.150666438419684
0.3505467633222156,-1.9488866283982613
1.5572188396577433,40.690505495633346
0.043113239087593416,49.925647069350426
-0.31021122470612056,18.06735682480273
0.16181664640404847,49.925647069350426
-0.4198911017118402,-0.0038359853624834496
0.1589884271769304,9.13205616139108
-0.801053308863267,2.63263339993483
0.10001883060204593,-18.44398679929323
0.44922296516495946,5.911317787528296
-0.03095869084443841,-27.259749061922307
0.16051745893966754,7.596740867050775
0.0010470528883741892,15.261949196023727
0.04834673790542032,31.641294797272423
0.40158367324280136,0.04146826652060548
-0.05252757009506306,35.727326701158034
-0.17935181727408317,44.44184669975891
-0.2033653306411805,-20.99715135852902
0.16997473040900107,7.240585088475593
0.44922296516495946,-10.814404479470381
0.043113239087593416,-4.5569853151450985
0.1918725988069705,-14.761836885402682
-0.17935181727408317,-2.0982517115565
0.20188123959900697,-20.99715135852902
-0.3151451186445354,-14.138890062009661
-0.4342998201327942,-3.9671451152817934
-1.689401290665661,18.10404076332848
-1.2497736591103932,-40.19327155395332
-0.024598674677790366,17.28183675774978
0.2923227890647856,15.093593964234987
-0.06487068597181327,-4.078524786165337
-0.01631420073264045,3.1405316026897645
0.1589884271769304,-12.699829097706006
-1.4442959583507398,-4.27374692175362
-0.21376361882889733,-39.48264072720317
-1.5034819450854005,0.864766501985906
0.3505467633222156,35.727326701158034
-1.4442959583507398,7.038437199521378
0.508558186780643,-47.17645554782859
0.18668415979289468,17.28183675774978
0.1918725988069705,18.10404076332848
0.4242270604129871,7.38675613760892
0.00999572619345961,-33.21374444224675
3.116572218641195,-2.7029679554461388
0.6011300846259356,-10.081603544848427
-0.21376361882889733,-21.925067375973722
-1.689401290665661,7.596740867050775
0.043113239087593416,-15.935206029103457
1.2553987807724112,34.66640998521532
0.688791828861265,-12.9217227829755
-0.1118305206688687,7.265070709056594
-0.34815899640505715,-4.5569853151450985
-0.2741974333344227,-2.2335130345263385
-0.0352084347935643,-7.616156830860184
0.6011300846259356,15.093593964234987
-0.009028874904964578,21.245403893104715
1.041244599416565,35.727326701158034
0.008010320845787419,17.77974226352989
-1.2497736591103932,-15.935206029103457
0.153020433690436,0.06718008166101717
0.6011300846259356,-14.138890062009661
0.4242270604129871,34.66640998521532
0.688791828861265,7.038437199521378
0.688791828861265,5.911317787528296
-0.0352084347935643,35.727326701158034
-0.7287260669656467,22.526360517017405
-0.2033653306411805,34.66640998521532
1.3997807965823006,-27.15700683138211
-0.10825325223886004,0.7847641990366732
0.34238876799479534,11.627289824075353
1.041244599416565,29.973871336493364
-0.36332751780594286,-15.935206029103457
-0.7050481787525923,-23.69499838117953
0.0010470528883741892,16.137309005336682
0.20188123959900697,-15.935206029103457
-0.7160738754535848,-18.44398679929323
0.0916091018483673,17.28183675774978
0.4997419662193159,-7.616156830860184
0.0540268970479552,11.627289824075353
-0.009028874904964578,-17.416640261134116
-0.3363651125119391,-48.23772936159969
-0.7050481787525923,-47.17645554782859
0.33457055631954125,21.943429764248087
-0.113624667977236,7.038437199521378
0.18668415979289468,-3.526894058084416
-0.10825325223886004,-14.761836885402682
-0.00606422098292847,17.28183675774978
-0.35281270793989095,13.122226931785953
-0.21735499260060465,0.04146826652060548
-0.34608910240259316,36.622797333381634
-0.03861156615609694,16.8762399221961
-0.06565703993025851,34.458378268200114
-0.801053308863267,15.261949196023727
0.2434758227448847,18.10404076332848
-1.003876189520175,-4.949681631400662
-0.07376395554197326,-6.6612816997610516
-0.21735499260060465,-4.0030311692097875
0.4242270604129871,-1.9488866283982613
-0.801053308863267,10.438571144155382
-0.07196222189562931,25.022911528364634
0.0010470528883741892,3.010803771110808
0.043113239087593416,18.10404076332848
-0.15234167536798235,11.25863723715804
-0.40904271775737755,13.73569103313465
0.33457055631954125,-22.688931087626568
-0.03095869084443841,-6.6612816997610516
0.36435750103282766,-0.7898570125005707
-0.1118305206688687,35.727326701158034
-0.00606422098292847,7.770689351416952
-0.30057689291677187,-12.9217227829755
0.047684826740882966,34.66640998521532
-0.0166721650619027,-18.44398679929323
-0.1118305206688687,13.73569103313465
0.32482562098165857,-8.558438931875193
0.5101920150542831,49.925647069350426
0.1918725988069705,-13.989261657391179
-0.058578370644802334,-6.6612816997610516
0.047684826740882966,-38.8446486552365
1.0742461550524685,22.526360517017405
-0.12894786135221284,44.44184669975891
-0.05252757009506306,101.23534029866036
0.1918725988069705,21.21099415724861
0.09457556784870232,18.10404076332848
1.5822698280934888,15.093593964234987
-0.25449515339122203,16.8762399221961
-0.4198911017118402,-15.935206029103457
-0.21735499260060465,-2.0982517115565
0.16159146195309612,14.280904842711205
-0.801053308863267,-0.0038359853624834496
0.16997473040900107,-39.48264072720317
-0.05252757009506306,5.004397063638481
-0.009028874904964578,-40.3877793567228
0.13071120725620614,3.010803771110808
0.5786464468577881,-24.959993554285578
-0.113624667977236,-20.941459572636077
0.1918725988069705,16.137309005336682
0.3606517853674941,-9.956774156348473
-1.4442959583507398,-4.0030311692097875
-0.0754261473078616,7.265070709056594
0.8958327942725657,23.503575342205522
-0.36332751780594286,21.245403893104715
-0.03095869084443841,-47.17645554782859
-0.05252757009506306,6.2392066147147895
-0.0673472244820494,-1.43261949820052
-0.058578370644802334,-1.9488866283982613
-0.024598674677790366,-15.347575898405239
0.33457055631954125,7.596740867050775
-0.0352084347935643,16.137309005336682
1.041244599416565,18.48178911445189
0.36435750103282766,-12.699829097706006
0.44922296516495946,-10.276710497240433
-0.2033653306411805,-5.3619535347475376
-0.00606422098292847,-0.0038359853624834496
-0.0792748196307623,-4.078524786165337
-0.43529365049160484,-8.558438931875193
0.18668415979289468,-21.989749770128757
0.44922296516495946,11.627289824075353
0.16159146195309612,-2.7029679554461388
1.5822698280934888,-4.5569853151450985
-0.22703734199817482,18.77231901118117
0.16181664640404847,-5.568099291779881
0.18668415979289468,190.3097190243283
1.041244599416565,-2.7029679554461388
-0.2741974333344227,-9.956774156348473
0.2341443478001918,-4.27374692175362
0.36435750103282766,17.28183675774978
2.2358660093761475,34.66640998521532
-1.4442959583507398,25.055670452889288
-0.17935181727408317,8.94794705401277
1.041244599416565,7.265070709056594
-0.00606422098292847,-4.5569853151450985
0.16159146195309612,-8.558438931875193
0.6735839854136264,-25.33944624670226
-0.43529365049160484,0.04146826652060548
1.7274817463526346,11.25863723715804
-0.0038219454768738557,-14.92608016726255
-0.05252757009506306,-4.5569853151450985
0.34238876799479534,-4.27374692175362
0.043113239087593416,42.74014106971756
-0.03095869084443841,-0.5361732542154023
-1.2497736591103932,-10.276710497240433
-0.00606422098292847,7.038437199521378
0.20188123959900697,14.280904842711205
-0.03095869084443841,-0.5361732542154023
-0.36332751780594286,-29.856487290051373
0.0010470528883741892,31.138589891912048
-0.4726112652643114,8.94794705401277
0.5786464468577881,3.6844645149518556
-0.70474673753089,20.943839012767775
-0.2741974333344227,-17.97391752245654
-0.7287260669656467,-27.259749061922307
0.34238876799479534,-24.16125495693031
0.44922296516495946,-4.0030311692097875
-0.1114831986007296,-12.9217227829755
0.2786039531662106,-1.9488866283982613
1.7274817463526346,7.038437199521378
1.041244599416565,5.911317787528296
1.5822698280934888,18.10404076332848
-0.2076377528588214,18.48178911445189
0.05864512242631372,-12.699829097706006
0.16181664640404847,-4.0030311692097875
-0.19466522561525249,-7.308931431818518
-0.7287260669656467,-12.9217227829755
-0.0352084347935643,-1.9313173035818287
0.8958327942725657,18.10404076332848
-0.801053308863267,-12.9217227829755
0.00999572619345961,3.010803771110808
0.34238876799479534,-12.9217227829755
0.33457055631954125,13.73569103313465
0.689246666015755,15.093593964234987
-0.1845534832672918,-1.9488866283982613
-0.0792748196307623,-47.17645554782859
-0.21735499260060465,-29.856487290051373
1.041244599416565,3.6844645149518556
0.03258673623427275,-47.17645554782859
0.20178521365593313,18.10404076332848
-0.08657770336893914,-20.99715135852902
1.5822698280934888,-4.516151465019735
-0.801053308863267,18.06735682480273
-1.217791890634699,-5.3619535347475376
0.00999572619345961,0.04146826652060548
0.31021410415629347,-15.935206029103457
-0.14286895029634947,16.36942024967121
-0.03861156615609694,17.77974226352989
0.6011300846259356,-5.3619535347475376
-0.037097603046434724,-2.2335130345263385
-0.0792748196307623,21.21099415724861
0.3505467633222156,-27.15700683138211
0.6011300846259356,16.137309005336682
-0.10825325223886004,-3.3960019819265512
0.44922296516495946,-4.27374692175362
0.0010470528883741892,17.28183675774978
0.20188123959900697,-39.48264072720317
0.8958327942725657,-7.616156830860184
-0.044810527848512395,6.143586275435377
-0.801053308863267,0.864766501985906
0.39926502701555744,-38.8446486552365
-0.7287260669656467,2.63263339993483
-0.0166721650619027,23.372825929697136
0.7398260597725317,10.438571144155382
-0.21766434981102795,-8.7422950833559
-0.0792748196307623,-10.276710497240433
0.16997473040900107,-1.9488866283982613
0.16268039011447305,7.265070709056594
1.7274817463526346,13.122226931785953
-0.03095869084443841,-33.21374444224675
-0.35281270793989095,29.704337441723858
0.18668415979289468,0.04146826652060548
-0.10462615523354754,-29.856487290051373
0.44922296516495946,21.21099415724861
-0.505048042284805,17.77974226352989
2.012551393286114,7.265070709056594
-0.1845534832672918,-8.558438931875193
-0.801053308863267,35.727326701158034
0.46640658963121295,-24.959993554285578
0.34238876799479534,-38.8446486552365
-0.2738920535334189,-3.3960019819265512
-1.689401290665661,26.11635690996309
5.68491992367111,5.911317787528296
-0.17935181727408317,-2.2335130345263385
1.5822698280934888,-39.48264072720317
-0.00013670845530624475,11.627289824075353
0.44922296516495946,13.73569103313465
0.6097296047041605,7.596740867050775
-0.36332751780594286,-2.2335130345263385
0.16181664640404847,-39.48264072720317
-0.00013670845530624475,17.28183675774978
-0.34815899640505715,-1.0630246735620064
0.5101920150542831,-38.8446486552365
0.1918725988069705,-12.699829097706006
-0.009028874904964578,-27.15700683138211
-0.10825325223886004,-40.19327155395332
1.172089607772758,20.2183142232873
0.16159146195309612,12.102494748238584
-0.17935181727408317,-0.5361732542154023
-0.1118305206688687,0.04146826652060548
0.020540003346487624,17.28183675774978
-0.36332751780594286,17.28183675774978
-0.009028874904964578,0.864766501985906
-0.7401456791303287,7.596740867050775
-1.2497736591103932,17.77974226352989
-0.2033653306411805,-12.9217227829755
-0.06194194306377323,-4.0030311692097875
-0.7160738754535848,-8.558438931875193
-0.43529365049160484,-7.308931431818518
-0.672261773514369,14.044821634337412
0.16181664640404847,35.727326701158034
0.34238876799479534,-4.0030311692097875
1.478002339277954,-1.9488866283982613
-0.16880052818434513,-10.276710497240433
2.0755236001364437,-2.9614244565298433
-0.36332751780594286,-4.078524786165337
0.19769300947974253,0.864766501985906
-0.21735499260060465,11.627289824075353
0.32482562098165857,-12.699829097706006
-0.03861156615609694,0.864766501985906
-0.0792748196307623,-12.699829097706006
1.0742461550524685,-4.5569853151450985
-0.12385572129947438,-10.814404479470381
0.44922296516495946,-39.48264072720317
2.5062562280628145,-19.279405262215892
-1.4442959583507398,-30.108523831933937
1.0742461550524685,-9.956774156348473
-0.4726112652643114,13.122226931785953
0.4242270604129871,5.911317787528296
-0.4198911017118402,30.10403746147668
-0.024598674677790366,5.676239989432423
0.18668415979289468,0.04146826652060548
1.041244599416565,10.438571144155382
-0.00606422098292847,7.038437199521378
-0.1118305206688687,-7.616156830860184
0.20188123959900697,-12.699829097706006
0.00999572619345961,-6.072911394740857
-0.03095869084443841,7.038437199521378
0.688791828861265,18.10404076332848
-0.06487068597181327,-16.25322274257984
-0.801053308863267,9.745063193530196
1.041244599416565,7.596740867050775
-0.00013670845530624475,-47.17645554782859
-0.70474673753089,-12.9217227829755
-0.9024675039485013,2.63263339993483
-0.009028874904964578,13.73569103313465
-0.4198911017118402,13.73569103313465
-0.17935181727408317,-0.8843744842369765
0.19769300947974253,-20.99715135852902
-0.12588186608270502,2.3456424366310573
0.13071120725620614,-14.138890062009661
0.2028095494411093,5.004397063638481
-0.058578370644802334,-32.31398079172564
-0.05252757009506306,-14.138890062009661
-0.904254043280354,-2.1385247169656862
-0.14286895029634947,-23.69499838117953
0.8958327942725657,-15.935206029103457
1.9046788635615386,28.26539096477251
0.18668415979289468,-39.48264072720317
0.40158367324280136,22.526360517017405
-0.0792748196307623,-18.44398679929323
-0.34815899640505715,14.004420132976355
-0.03861156615609694,-4.27374692175362
-1.2497736591103932,-10.314891826852532
-0.009028874904964578,40.690505495633346
-0.009028874904964578,-11.378279124648387
-0.5399423494487576,-0.5361732542154023
-0.03861156615609694,13.122226931785953
-0.6299094769965032,-33.21374444224675
0.1918725988069705,15.261949196023727
-0.18590351632647606,-21.989749770128757
1.5822698280934888,16.8762399221961
-0.43529365049160484,34.66640998521532
0.14193829180449308,-1.9488866283982613
-0.505048042284805,-47.17645554782859
-0.058578370644802334,-27.504862198609242
0.20188123959900697,-2.9291310600555684
0.00999572619345961,-39.1763748935869
-0.03861156615609694,14.044821634337412
0.6097296047041605,18.48178911445189
-0.06565703993025851,-1.9488866283982613
0.8958327942725657,-20.99715135852902
0.00999572619345961,-24.959993554285578
-0.21735499260060465,-4.27374692175362
-0.03861156615609694,-47.17645554782859
-0.16880052818434513,-1.5881115983279661
0.007968033397800145,-47.17645554782859
-0.9024675039485013,13.122226931785953
-0.00606422098292847,35.727326701158034
0.0010470528883741892,-0.0038359853624834496
0.34238876799479534,-1.9488866283982613
-0.7287260669656467,-11.3721980247369
0.20188123959900697,337.79091355894997
-0.25449515339122203,14.071100412859938
-0.058578370644802334,17.77974226352989
0.0010470528883741892,15.093593964234987
0.16051745893966754,15.093593964234987
0.05864512242631372,20.943839012767775
2.012551393286114,-40.19327155395332
-0.43529365049160484,190.3097190243283
-0.2033653306411805,-23.69499838117953
1.041244599416565,22.549677118574028
-0.00606422098292847,13.73569103313465
0.05864512242631372,21.048128097900637
-0.4198911017118402,-2.9614244565298433
1.7274817463526346,15.719889307234046
0.20188123959900697,-20.99715135852902
0.20188123959900697,0.864766501985906
0.20178521365593313,-40.3877793567228
-0.43529365049160484,-38.8446486552365
0.20188123959900697,-4.0030311692097875
-0.3151451186445354,-4.27374692175362
0.16159146195309612,7.265070709056594
-0.10825325223886004,18.06735682480273
-0.4198911017118402,-24.959993554285578
-1.217791890634699,-5.3619535347475376
0.38403387494372687,-8.558438931875193
-1.5034819450854005,-12.699829097706006
-0.1435785576040279,15.093593964234987
-0.17935181727408317,21.245403893104715
-0.17935181727408317,-4.0030311692097875
-0.21735499260060465,-27.309788344432455
0.0916091018483673,-4.0030311692097875
-0.01631420073264045,25.022911528364634
-0.904254043280354,17.28183675774978
0.05909883430361802,-26.313056082160845
-0.16880052818434513,15.261949196023727
-0.16880052818434513,0.864766501985906
-0.21735499260060465,21.245403893104715
0.17133069084377722,21.245403893104715
1.5822698280934888,-15.935206029103457
-0.04555074380058599,13.73569103313465
0.1918725988069705,7.265070709056594
-0.21735499260060465,14.280904842711205
-0.2915464995984715,-38.8446486552365
0.39926502701555744,49.925647069350426
0.5786464468577881,7.265070709056594
0.16997473040900107,34.66640998521532
-0.2033653306411805,-10.276710497240433
-0.36332751780594286,-23.69499838117953
0.00999572619345961,23.425417010667722
0.1918725988069705,-32.31398079172564
-0.030646184935596434,-40.19327155395332
-0.2076377528588214,15.093593964234987
1.041244599416565,-2.9614244565298433
-0.0754261473078616,35.727326701158034
0.30057329476854466,-1.2870816333418091
-1.689401290665661,-3.3960019819265512
-0.058578370644802334,-10.276710497240433
0.46640658963121295,-39.48264072720317
0.39926502701555744,-7.616156830860184
0.20188123959900697,-10.276710497240433
1.0742461550524685,49.72568543360479
1.5822698280934888,49.925647069350426
-0.7287260669656467,5.911317787528296
0.05864512242631372,-4.27374692175362
0.3505467633222156,-2.2335130345263385
-1.4442959583507398,-13.7293368035301
-0.16880052818434513,-0.5361732542154023
-0.1118305206688687,42.74014106971756
0.44922296516495946,-4.949681631400662
-0.1845534832672918,21.34879511607822
-4.641982688069007,-12.699829097706006
1.2506582497678416,30.10403746147668
-0.1118305206688687,-12.9217227829755
-0.6941908539196296,11.627289824075353
0.36435750103282766,21.245403893104715
0.05160574619961226,-4.078524786165337
1.7274817463526346,-39.48264072720317
-0.10462615523354754,-14.114341188560951
-0.05252757009506306,0.864766501985906
-0.03861156615609694,-38.8446486552365
0.20188123959900697,13.73569103313465
0.8958327942725657,-39.48264072720317
-0.15875648059594238,-9.956774156348473
-0.9024675039485013,-4.5569853151450985
-0.01631420073264045,21.245403893104715
1.4616500348830879,25.022911528364634
0.3228247438500903,-5.3619535347475376
-0.017168990736273714,-1.6881085035055867
-0.009028874904964578,-2.2335130345263385
-0.00606422098292847,-3.3960019819265512
-0.08657770336893914,-5.3619535347475376
-0.7160738754535848,7.038437199521378
0.17133069084377722,337.79091355894997
-0.009028874904964578,-3.3960019819265512
0.20188123959900697,7.596740867050775
-0.16880052818434513,59.12019203474566
0.4242270604129871,-10.276710497240433
1.0742461550524685,35.727326701158034
-0.06218863734826252,-29.856487290051373
-0.0166721650619027,-4.078524786165337
-1.4442959583507398,-7.616156830860184
-0.03095869084443841,-15.099009954866625
-0.3054210698026699,-1.9488866283982613
0.20188123959900697,18.06735682480273
-0.4198911017118402,-0.5361732542154023
-1.2497736591103932,-18.44398679929323
0.3505467633222156,17.77974226352989
0.008010320845787419,-16.179880662916258
0.5786464468577881,15.355957543981352
-0.2076377528588214,49.925647069350426
-0.7050481787525923,7.265070709056594
0.3906688513397044,-6.756081256335111
-0.0792748196307623,-8.7422950833559
0.6011300846259356,-3.526894058084416
-0.08771594774860603,17.77974226352989
0.16997473040900107,14.004420132976355
-1.689401290665661,42.74014106971756
-0.05252757009506306,-7.616156830860184
-0.10825325223886004,-18.44398679929323
1.7274817463526346,0.05646438547059542
0.1918725988069705,49.925647069350426
-0.03861156615609694,13.987238754500622
0.32482562098165857,-10.276710497240433
0.20188123959900697,5.911317787528296
0.44922296516495946,-2.2335130345263385
-0.1118305206688687,-4.27374692175362
0.08869433021277813,26.931671492324774
-0.10825325223886004,16.137309005336682
-0.05252757009506306,-27.504862198609242
0.043113239087593416,-0.5361732542154023
-0.1567945449410138,7.596740867050775
-1.4442959583507398,-4.078524786165337
1.2553987807724112,-9.956774156348473
-0.024598674677790366,7.265070709056594
-0.02603624527195943,0.04146826652060548
-1.2497736591103932,15.719889307234046
-0.17935181727408317,7.038437199521378
0.0010470528883741892,-9.150666438419684
-0.03095869084443841,15.355957543981352
0.047684826740882966,-10.081603544848427
-0.18590351632647606,-2.9614244565298433
0.05864512242631372,5.004397063638481
-0.1118305206688687,3.6844645149518556
0.05864512242631372,-15.935206029103457
-1.1793887582032776,0.864766501985906
-0.24481175478387227,-0.5361732542154023
-0.03861156615609694,7.038437199521378
0.18668415979289468,-39.48264072720317
-0.10825325223886004,14.280904842711205
0.1918725988069705,31.641294797272423
-0.10462615523354754,44.44184669975891
0.8413545350956095,-33.21374444224675
1.041244599416565,-27.814500464003437
-0.3054210698026699,7.038437199521378
2.2358660093761475,-4.27374692175362
0.2515737123508759,-14.92608016726255
0.1918725988069705,7.038437199521378
-0.08657770336893914,2.1338652505476157
-0.05252757009506306,-7.849089718355956
0.18668415979289468,-2.2335130345263385
-1.2497736591103932,15.719889307234046
0.26972067301564895,35.727326701158034
-1.6778178025694679,34.458378268200114
0.05864512242631372,26.11635690996309
1.394174000488054,-1.9488866283982613
-0.2033653306411805,-18.44398679929323
0.36435750103282766,0.864766501985906
0.32482562098165857,13.122226931785953
-0.009028874904964578,-11.378279124648387
0.44922296516495946,44.44184669975891
-1.3009460764488114,0.864766501985906
-0.03861156615609694,-3.3960019819265512
2.2358660093761475,56.59659836344661
0.008010320845787419,-8.558438931875193
-0.03861156615609694,26.49447126537633
-1.2497736591103932,-4.5569853151450985
-0.08771594774860603,7.38675613760892
0.00999572619345961,-10.032654483473237
-0.05252757009506306,34.66640998521532
0.13071120725620614,0.04146826652060548
-0.15193756696726807,12.080490209402095
-0.2033653306411805,5.911317787528296
-0.36332751780594286,-2.9291310600555684
0.2006814916813869,-3.3960019819265512
0.0010470528883741892,16.137309005336682
0.8958327942725657,-39.48264072720317
-0.08657770336893914,7.596740867050775
0.3606517853674941,-10.884568947883732
0.2006814916813869,11.195706723116947
0.6011300846259356,14.280904842711205
0.16997473040900107,-12.699829097706006
0.029992153168686732,8.94794705401277
-0.009028874904964578,-4.5569853151450985
-0.058578370644802334,-12.699829097706006
-0.19466522561525249,16.137309005336682
0.1918725988069705,7.265070709056594
1.2553987807724112,14.280904842711205
0.4242270604129871,-39.48264072720317
-0.25449515339122203,0.04146826652060548
-0.058578370644802334,0.864766501985906
3.1299622614874876,-12.9217227829755
-0.30057689291677187,-5.3619535347475376
-0.0352084347935643,-6.6612816997610516
0.34238876799479534,-10.276710497240433
1.4051177019833445,16.67456378847738
-1.4442959583507398,11.627289824075353
-0.09849685936731763,-29.856487290051373
0.16159146195309612,-1.9488866283982613
-0.4198911017118402,17.28183675774978
0.44922296516495946,9.28536351917838
-0.505048042284805,-1.6881085035055867
0.043113239087593416,31.641294797272423
-0.05252757009506306,11.627289824075353
0.16181664640404847,-1.9488866283982613
-0.05252757009506306,21.387570884234133
-0.024598674677790366,-7.308931431818518
0.6011300846259356,5.911317787528296
-0.2738920535334189,-4.078524786165337
-0.03861156615609694,25.022911528364634
0.44922296516495946,-39.48264072720317
-0.01631420073264045,0.04146826652060548
0.32482562098165857,0.864766501985906
-0.01631420073264045,35.727326701158034
5.68491992367111,-13.7293368035301
-0.16880052818434513,-4.078524786165337
0.1589884271769304,22.526360517017405
0.1918725988069705,-1.9488866283982613
-0.05873740317876268,11.627289824075353
-0.11401791152207985,-13.088584208910845
0.44922296516495946,2.63263339993483
1.394174000488054,-0.5361732542154023
0.16268039011447305,29.704337441723858
1.2553987807724112,31.57671909153448
-1.5458874043595952,-14.138890062009661
2.0013801206858988,49.925647069350426
-0.36332751780594286,21.943429764248087
0.16997473040900107,-32.31398079172564
0.5786464468577881,-47.17645554782859
-0.9024675039485013,-0.5361732542154023
1.7274817463526346,-39.48264072720317
0.15042606883719006,-4.27374692175362
-0.14304889760529674,-18.44398679929323
1.7274817463526346,49.925647069350426
-0.505048042284805,2.8499852625433655
-1.4442959583507398,-64.12884555227778
0.2521351458422851,14.280904842711205
-0.16880052818434513,0.04146826652060548
-0.33576938220124525,-1.9488866283982613
-0.7050481787525923,25.022911528364634
1.172089607772758,0.30087760174787676
-0.16880052818434513,21.245403893104715
0.043113239087593416,-2.9614244565298433
0.37149901830778975,-14.761836885402682
0.688791828861265,11.627289824075353
-0.636274644842378,11.627289824075353
-0.7050481787525923,11.627289824075353
0.2006814916813869,-3.526894058084416
1.2553987807724112,14.280904842711205
0.2006814916813869,-4.078524786165337
0.1918725988069705,11.627289824075353
0.6011300846259356,-37.61074050176849
0.36435750103282766,-14.114341188560951
-1.5034819450854005,23.372825929697136
0.0010470528883741892,-4.0030311692097875
-0.801053308863267,18.48178911445189
0.05864512242631372,-1.0630246735620064
0.13071120725620614,-10.276710497240433
-0.0792748196307623,13.122226931785953
-0.43529365049160484,-12.9217227829755
-0.7160738754535848,17.28183675774978
-0.14304889760529674,7.017127675090229
1.041244599416565,-3.3960019819265512
0.6735839854136264,-2.9800795243972953
-0.801053308863267,-27.15700683138211
-0.4198911017118402,-14.761836885402682
-0.05873740317876268,5.911317787528296
-1.2497736591103932,-10.814404479470381
0.008010320845787419,15.719889307234046
-0.037097603046434724,18.10404076332848
0.00999572619345961,16.137309005336682
0.043113239087593416,-29.856487290051373
-0.00606422098292847,0.864766501985906
-0.0792748196307623,-9.956774156348473
0.4997419662193159,-20.99715135852902
0.05864512242631372,-10.056424393302532
0.03258673623427275,35.727326701158034
0.20188123959900697,97.1706774401698
0.3232970364782351,-4.27374692175362
0.16159146195309612,0.864766501985906
0.20188123959900697,17.28183675774978
0.32482562098165857,2.329516804521694
-0.03861156615609694,0.7847641990366732
0.33457055631954125,-27.259749061922307
0.6011300846259356,-18.44398679929323
-1.2497736591103932,-6.152960897313826
0.04834673790542032,-25.33944624670226
-1.2497736591103932,3.010803771110808
-0.1118305206688687,31.641294797272423
-2.229932477622666,7.038437199521378
-0.505048042284805,-15.935206029103457
0.029992153168686732,25.66939669000617
0.18668415979289468,18.48178911445189
0.0916091018483673,0.864766501985906
-0.21191448486425904,-21.699206232645043
-0.16880052818434513,7.038437199521378
-0.13638257532230327,-39.1763748935869
0.3505467633222156,-0.5361732542154023
0.688791828861265,11.627289824075353
-0.16880052818434513,-38.8446486552365
-0.0754261473078616,18.10404076332848
-0.904254043280354,17.28183675774978
0.16159146195309612,34.66640998521532
0.38403387494372687,11.627289824075353
1.0742461550524685,25.055670452889288
-0.08657770336893914,16.8762399221961
0.3800454743780971,11.627289824075353
0.05864512242631372,-4.0030311692097875
-1.2497736591103932,11.627289824075353
-0.0792748196307623,-8.335252925287833
0.00999572619345961,-4.949681631400662
1.5822698280934888,3.010803771110808
0.16181664640404847,25.055670452889288
0.4997419662193159,-7.2466025351224115
0.29653774554932444,-2.2335130345263385
0.4997419662193159,15.719889307234046
-0.7160738754535848,-8.558438931875193
0.01628764452296947,-48.23772936159969
-0.2738920535334189,11.627289824075353
0.2341443478001918,-14.761836885402682
1.0742461550524685,-1.9488866283982613
-0.19466522561525249,14.044821634337412
-1.2497736591103932,34.66640998521532
0.16997473040900107,21.048128097900637
0.1918725988069705,11.627289824075353
-0.36332751780594286,3.010803771110808
-0.058578370644802334,-38.8446486552365
-0.009028874904964578,-17.416640261134116
-1.4276687895233653,21.245403893104715
1.5822698280934888,11.322639000940397
-0.505048042284805,13.122226931785953
-1.4276687895233653,-14.138890062009661
-0.30057689291677187,49.72568543360479
-0.00606422098292847,17.28183675774978
0.15438855266195128,-4.0030311692097875
0.44922296516495946,-14.761836885402682
-0.2741974333344227,-23.69499838117953
0.5786464468577881,8.94794705401277
0.272507160170109,-4.949681631400662
-0.03095869084443841,-18.05000878013754
0.27586775984203465,-33.21374444224675
0.31021410415629347,11.675314765328476
1.5822698280934888,-4.949681631400662
0.7398260597725317,0.30087760174787676
0.30057329476854466,-12.9217227829755
-0.06565703993025851,-12.699829097706006
-0.058578370644802334,17.28183675774978
0.272507160170109,5.911317787528296
0.3800454743780971,-10.276710497240433
-0.21376361882889733,-8.7422950833559
1.041244599416565,18.06735682480273
-0.4198911017118402,-8.558438931875193
-0.03861156615609694,10.468692416633777
0.18668415979289468,-48.23772936159969
-0.1435785576040279,-4.5569853151450985
-0.00013670845530624475,16.8762399221961
-0.03861156615609694,6.143586275435377
0.0010470528883741892,-40.3877793567228
-0.009028874904964578,9.945425506145359
0.38403387494372687,-4.078524786165337
0.16181664640404847,-8.558438931875193
0.6011300846259356,13.122226931785953
0.688791828861265,-7.616156830860184
0.39926502701555744,-14.761836885402682
-0.2033653306411805,-7.616156830860184
0.38403387494372687,7.5933355445900945
0.043113239087593416,15.093593964234987
1.041244599416565,29.704337441723858
-0.17935181727408317,25.66939669000617
0.2341443478001918,-25.908721899119882
-0.16880052818434513,-5.568099291779881
0.3505467633222156,21.387570884234133
-0.2741974333344227,17.28183675774978
-0.03861156615609694,-39.48264072720317
-0.009028874904964578,-10.081603544848427
-0.4198911017118402,-2.7029679554461388
2.2358660093761475,-10.050876275630035
0.00999572619345961,40.690505495633346
-0.6802110654890579,-4.078524786165337
-0.904254043280354,3.1405316026897645
0.33457055631954125,49.925647069350426
-0.10825325223886004,17.28183675774978
-1.4442959583507398,-47.17645554782859
0.1918725988069705,-13.7293368035301
0.2006814916813869,18.48178911445189
0.047684826740882966,-0.8843744842369765
-0.05252757009506306,49.925647069350426
0.2006814916813869,7.265070709056594
-0.24416541236390005,-10.032654483473237
0.39926502701555744,-0.5361732542154023
-0.7050481787525923,16.98247544783629
-0.16880052818434513,-5.3619535347475376
-0.00606422098292847,17.663083151548147
-0.43529365049160484,21.21099415724861
0.2521351458422851,0.5465942706398988
0.44922296516495946,11.627289824075353
0.688791828861265,29.973871336493364
-0.7050481787525923,-12.9217227829755
0.18668415979289468,-34.62117903171609
-0.03861156615609694,101.23534029866036
-0.21735499260060465,-39.48264072720317
1.041244599416565,-5.3619535347475376
0.3800454743780971,17.28183675774978
-0.03861156615609694,22.549677118574028
0.13071120725620614,17.77974226352989
0.05864512242631372,-0.5361732542154023
0.20188123959900697,14.071100412859938
0.5209864602641708,-20.99715135852902
0.2006814916813869,-0.0038359853624834496
0.3505467633222156,35.727326701158034
-0.34608910240259316,7.596740867050775
-0.0352084347935643,-10.081603544848427
1.041244599416565,2.1338652505476157
0.3193683602170187,18.10404076332848
-0.01631420073264045,44.44184669975891
0.16997473040900107,14.004420132976355
-0.16880052818434513,7.265070709056594
-1.4442959583507398,-27.504862198609242
-1.4442959583507398,-30.108523831933937
-0.2782101086628936,0.864766501985906
-0.08048260070473123,-15.05231678178359
1.041244599416565,-12.699829097706006
0.688791828861265,40.690505495633346
-0.7050550900595922,-14.138890062009661
-0.7287260669656467,35.727326701158034
-0.17935181727408317,3.010803771110808
0.1918725988069705,7.265070709056594
-0.2033653306411805,-17.96488556547557
0.3906688513397044,11.1052927428243
-0.19466522561525249,-48.23772936159969
-0.21376361882889733,-0.0038359853624834496
-0.505048042284805,-7.576370497613808
0.2515737123508759,-21.568249383018745
-0.9869487568887413,49.72568543360479
-1.1793887582032776,-4.27374692175362
-0.801053308863267,-4.078524786165337
-0.18590351632647606,28.17842089585539
0.26972067301564895,-0.8843744842369765
0.36435750103282766,-4.27374692175362
-0.4198911017118402,-3.526894058084416
0.5101920150542831,11.195706723116947
0.44922296516495946,7.38675613760892
-0.058578370644802334,-15.935206029103457
-0.2033653306411805,-38.8446486552365
-0.00606422098292847,-0.8843744842369765
-0.18590351632647606,-24.959993554285578
-0.1118305206688687,17.28183675774978
-0.2941137015527696,54.8947718800322
0.39926502701555744,15.093593964234987
0.16997473040900107,-8.558438931875193
-0.4198911017118402,-4.078524786165337
0.13071120725620614,-14.761836885402682
-0.058578370644802334,-4.078524786165337
1.2553987807724112,15.66197399815461
1.1819492274653245,-25.15343695062618
0.10001883060204593,-29.411046480398078
0.44922296516495946,-5.3619535347475376
-0.17935181727408317,34.66640998521532
-0.43529365049160484,3.010803771110808
0.5786464468577881,22.526360517017405
-0.05252757009506306,11.627289824075353
0.043113239087593416,-40.3877793567228
0.33457055631954125,-17.629709512600787
1.394174000488054,2.63263339993483
-0.0792748196307623,-7.395869948132882
-0.21191448486425904,21.387570884234133
-1.4442959583507398,0.04146826652060548
0.00999572619345961,5.004397063638481
-0.7429272192252189,-18.44398679929323
0.0010470528883741892,16.137309005336682
0.16181664640404847,-32.18312620050924
-0.18590351632647606,21.245403893104715
-0.12552467734978415,-2.9800795243972953
0.4242270604129871,-2.9614244565298433
-0.009028874904964578,-4.0030311692097875
0.15438855266195128,-2.343863389814117
-0.36332751780594286,35.727326701158034
0.3505467633222156,49.925647069350426
0.31021410415629347,-4.078524786165337
-0.4198911017118402,-8.558438931875193
1.7691257909305187,-5.568099291779881
-0.801053308863267,34.66640998521532
0.34238876799479534,-4.078524786165337
-0.25449515339122203,21.245403893104715
1.5055984623564311,14.280904842711205
0.0010470528883741892,1.562435408792224
0.05864512242631372,11.627289824075353
0.2528020560677244,-48.23772936159969
1.9022587109706586,9.745063193530196
-0.4198911017118402,-4.27374692175362
0.5786464468577881,11.1052927428243
1.041244599416565,11.627289824075353
-0.7429272192252189,42.74014106971756
0.00999572619345961,42.74014106971756
0.1586219282642693,17.77974226352989
0.2006814916813869,21.245403893104715
-0.24894497083856326,-10.814404479470381
-0.15193756696726807,49.925647069350426
0.16181664640404847,-24.959993554285578
-0.19466522561525249,16.8762399221961
1.5822698280934888,12.102504841680373
1.5822698280934888,-0.8843744842369765
0.2341443478001918,-3.526894058084416
-0.10825325223886004,18.48178911445189
1.041244599416565,-1.2870816333418091
0.23804754433392256,-14.138890062009661
0.3906688513397044,-27.814500464003437
-0.04555074380058599,-1.5881115983279661
0.34238876799479534,10.702260964686408
-1.689401290665661,-39.48264072720317
-0.24785046675102862,-18.44398679929323
-0.1118305206688687,-10.056424393302532
0.8958327942725657,-4.949681631400662
-0.16880052818434513,-10.081603544848427
0.0916091018483673,5.004397063638481
0.21439504517602853,-7.616156830860184
1.041244599416565,40.690505495633346
-0.17935181727408317,-10.276710497240433
-1.4442959583507398,17.77974226352989
-0.21735499260060465,1.5584248676019077
-0.05252757009506306,17.77974226352989
-0.33576938220124525,-10.814404479470381
0.16181664640404847,31.641294797272423
-0.04555074380058599,-4.949681631400662
-1.2497736591103932,17.77974226352989
1.5706936489161796,-7.308931431818518
0.8958327942725657,-25.15343695062618
-0.4198911017118402,30.10403746147668
0.0010470528883741892,-15.935206029103457
0.32482562098165857,-18.44398679929323
1.5822698280934888,20.943839012767775
-0.14304889760529674,7.596740867050775
-0.1118305206688687,59.12019203474566
-0.03861156615609694,-48.23772936159969
1.041244599416565,-4.078524786165337
-0.009028874904964578,-2.7029679554461388
0.272507160170109,5.911317787528296
0.2528020560677244,2.8499852625433655
0.44922296516495946,23.503575342205522
0.043113239087593416,7.265070709056594
-4.641982688069007,2.077521546435768
-1.2497736591103932,-4.949681631400662
0.05160574619961226,31.641294797272423
1.5822698280934888,15.719889307234046
1.0742461550524685,18.745431048207855
0.8958327942725657,22.526360517017405
0.05864512242631372,18.10404076332848
-0.3844846724136027,15.093593964234987
-0.21735499260060465,-10.276710497240433
0.1918725988069705,-5.3619535347475376
-0.1118305206688687,31.641294797272423
0.00999572619345961,21.387570884234133
-0.5399423494487576,0.864766501985906
-0.505048042284805,18.48178911445189
0.1586219282642693,17.77974226352989
-1.3009460764488114,14.044821634337412
-0.017168990736273714,35.727326701158034
0.00999572619345961,2.256461576867558
0.17133069084377722,7.017127675090229
0.6011300846259356,-11.111584414861227
-0.1845534832672918,-27.504862198609242
-0.00606422098292847,22.549677118574028
-0.4198911017118402,-7.308931431818518
-0.43529365049160484,-47.17645554782859
-0.43529365049160484,-2.7029679554461388
0.36435750103282766,0.04146826652060548
-0.009028874904964578,-0.8843744842369765
0.4242270604129871,-2.1385247169656862
0.1918725988069705,-4.5569853151450985
1.041244599416565,23.372825929697136
0.043113239087593416,7.38675613760892
-1.2497736591103932,-2.7029679554461388
-0.43529365049160484,15.719889307234046
-0.1118305206688687,16.137309005336682
-0.11211130213329021,-2.7029679554461388
-0.04555074380058599,-10.119080267352768
-0.113624667977236,35.727326701158034
1.5822698280934888,-29.856487290051373
0.10001883060204593,15.719889307234046
-0.03095869084443841,-39.48264072720317
-0.058578370644802334,-3.3960019819265512
-0.00606422098292847,7.38675613760892
0.6011300846259356,-7.616156830860184
-0.1845534832672918,-1.201570679043519
-0.2738920535334189,-14.761836885402682
0.39926502701555744,-64.12884555227778
-0.024598674677790366,7.596740867050775
-0.17935181727408317,-24.959993554285578
0.4242270604129871,14.071100412859938
-0.03095869084443841,-25.246355178563757
0.1862811975921174,-2.1385247169656862
0.36435750103282766,11.627289824075353
-0.3151451186445354,-7.616156830860184
0.20188123959900697,-4.078524786165337
0.1918725988069705,-48.23772936159969
1.5822698280934888,49.925647069350426
0.44922296516495946,-16.179880662916258
1.041244599416565,12.080490209402095
0.5786464468577881,-27.15700683138211
-0.17935181727408317,-10.276710497240433
1.1127658037795611,5.911317787528296
-0.017168990736273714,-2.9291310600555684
2.5065347857651172,-15.935206029103457
-0.10462615523354754,-33.21374444224675
0.13071120725620614,21.34879511607822
0.0010470528883741892,17.663083151548147
0.26361681384434904,-39.48264072720317
0.37149901830778975,34.66640998521532
1.0742461550524685,40.690505495633346
-0.16880052818434513,-15.935206029103457
1.9192044825252697,5.911317787528296
0.8958327942725657,-27.15700683138211
0.00999572619345961,-8.558438931875193
0.00999572619345961,8.171102781843985
-0.0352084347935643,-8.558438931875193
-1.4442959583507398,0.04146826652060548
1.0742461550524685,31.57671909153448
-0.0792748196307623,-33.21374444224675
-0.19466522561525249,11.627289824075353
-1.4442959583507398,-38.8446486552365
0.36435750103282766,-18.44398679929323
-0.10462615523354754,25.022911528364634
1.3997807965823006,18.694892084583277
-0.7050481787525923,12.080490209402095
0.34238876799479534,5.911317787528296
-0.05252757009506306,16.137309005336682
0.16159146195309612,7.596740867050775
-0.2033653306411805,-20.99715135852902
-0.16880052818434513,-39.48264072720317
1.1127658037795611,19.915807279684387
0.16159146195309612,-5.3619535347475376
0.19769300947974253,-14.138890062009661
0.34238876799479534,-12.9217227829755
-0.05252757009506306,-4.27374692175362
0.39926502701555744,2.077521546435768
-0.14304889760529674,35.727326701158034
0.6735839854136264,-4.0030311692097875
0.4861271218686462,7.038437199521378
0.8958327942725657,-14.138890062009661
1.041244599416565,2.63263339993483
-1.1634612938655475,-7.616156830860184
-0.2076377528588214,42.74014106971756
1.2553987807724112,-2.0982517115565
1.2553987807724112,21.245403893104715
0.4242270604129871,-10.056424393302532
-0.00606422098292847,-25.500717827492917
-0.0792748196307623,-17.416640261134116
0.44922296516495946,-52.37795764006779
-1.2497736591103932,-7.616156830860184
-0.6299094769965032,-4.579917727602352
0.16181664640404847,17.28183675774978
1.1127658037795611,15.719889307234046
0.1918725988069705,16.137309005336682
0.05864512242631372,0.864766501985906
2.2358660093761475,17.77974226352989
0.4242270604129871,-2.2335130345263385
-1.2497736591103932,11.195706723116947
-0.05252757009506306,-39.48264072720317
0.46640658963121295,-10.276710497240433
1.7274817463526346,-3.526894058084416
-0.03861156615609694,14.004420132976355
-0.03861156615609694,101.23534029866036
-0.34167038395473925,2.256461576867558
-1.5464783585181123,49.925647069350426
-0.058578370644802334,-27.504862198609242
0.8958327942725657,7.340366661926466
-0.15193756696726807,-25.908721899119882
-1.2497736591103932,34.66640998521532
-0.9024675039485013,49.925647069350426
0.36435750103282766,-3.526894058084416
-0.3054210698026699,7.140872871365899
0.16181664640404847,-10.035404744287794
-0.058578370644802334,-12.9217227829755
0.18668415979289468,-2.9614244565298433
-0.36332751780594286,13.73569103313465
-0.4198911017118402,32.96094067614628
0.047684826740882966,-12.699829097706006
0.39926502701555744,-1.9459217090021586
-0.2033653306411805,-7.616156830860184
-0.36332751780594286,39.760585038296945
-0.1118305206688687,18.10404076332848
-1.4442959583507398,13.122226931785953
-1.4442959583507398,11.627289824075353
0.3906688513397044,7.265070709056594
0.8958327942725657,-4.5569853151450985
2.2358660093761475,-4.051877673123212
0.4997419662193159,22.526360517017405
-0.505048042284805,-12.9217227829755
0.2528020560677244,-2.0767928311559585
-0.0166721650619027,-1.9488866283982613
1.5822698280934888,18.06735682480273
0.2528020560677244,10.438571144155382
0.18668415979289468,-27.504862198609242
-0.10462615523354754,-14.138890062009661
0.1918725988069705,-46.523517778655
-0.43529365049160484,-10.081603544848427
0.33457055631954125,-3.526894058084416
-0.3054210698026699,-10.7764289179292
-1.5034819450854005,-0.5361732542154023
0.043113239087593416,-10.035404744287794
-0.18590351632647606,-23.69499838117953
0.6735839854136264,-24.959993554285578
0.4242270604129871,-10.050876275630035
0.3505467633222156,-14.138890062009661
0.6735839854136264,-4.5569853151450985
0.8958327942725657,13.122226931785953
0.4242270604129871,13.122226931785953
-0.4198911017118402,-8.558438931875193
1.041244599416565,25.020376398596255
-1.4442959583507398,0.04146826652060548
-0.801053308863267,35.727326701158034
0.16181664640404847,-21.699206232645043
-0.36332751780594286,-4.4418334411038245
-0.10825325223886004,-10.276710497240433
0.1918725988069705,-4.27374692175362
-2.9938116358139317,-4.5569853151450985
-0.0352084347935643,-0.5361732542154023
-0.00013670845530624475,0.864766501985906
-0.3054210698026699,-10.207342532722286
-0.00606422098292847,8.171102781843985
-0.0792748196307623,16.36942024967121
0.511416933333918,29.704337441723858
0.13852174265787634,-8.47556500141717
-0.30057689291677187,-7.308931431818518
-0.058578370644802334,-19.60800199927033
-0.03095869084443841,-6.756081256335111
0.16181664640404847,-4.5569853151450985
0.3906688513397044,11.627289824075353
-0.06565703993025851,13.73569103313465
1.5055984623564311,-12.9217227829755
-0.1845534832672918,7.038437199521378
-0.2033653306411805,78.70298308265971
-1.4442959583507398,42.74014106971756
-0.08657770336893914,-39.48264072720317
-0.21735499260060465,8.171102781843985
-0.009028874904964578,-12.9217227829755
-1.689401290665661,-8.7422950833559
1.5822698280934888,-4.0030311692097875
0.8958327942725657,23.372825929697136
0.20188123959900697,-4.078524786165337
-0.1118305206688687,-24.959993554285578
-0.00606422098292847,-18.538109028352324
-0.1118305206688687,-2.7029679554461388
-0.17935181727408317,15.093593964234987
-0.17935181727408317,-4.051877673123212
-0.4198911017118402,-2.2335130345263385
0.34238876799479534,-27.504862198609242
3.1299622614874876,10.438571144155382
-0.05252757009506306,-24.959993554285578
0.39926502701555744,-23.646534104325497
0.8958327942725657,-0.8843744842369765
1.5822698280934888,-38.8446486552365
0.19418111044770825,-7.719198499706887
0.1918725988069705,-7.616156830860184
-0.03095869084443841,18.06735682480273
-0.35243879767473646,18.10404076332848
0.34238876799479534,7.265070709056594
-1.2497736591103932,21.21099415724861
0.00999572619345961,13.122226931785953
-0.43529365049160484,19.86333807164408
-0.1118305206688687,83.67494295132117
-0.3151451186445354,-24.959993554285578
0.043113239087593416,-14.138890062009661
0.16159146195309612,7.596740867050775
1.394174000488054,-18.44398679929323
-0.7050481787525923,7.038437199521378
-0.0792748196307623,17.28183675774978
-0.505048042284805,-4.5569853151450985
1.5822698280934888,42.74014106971756
-0.058578370644802334,5.911317787528296
-1.4442959583507398,-39.48264072720317
-0.10825325223886004,0.864766501985906
-0.024598674677790366,24.499597763939295
-0.1435785576040279,-3.9671451152817934
-0.9024675039485013,-7.616156830860184
0.8958327942725657,7.038437199521378
0.5101920150542831,3.010803771110808
-0.16880052818434513,16.8762399221961
-0.7287260669656467,-2.2335130345263385
-0.009028874904964578,18.48178911445189
-0.05252757009506306,11.627289824075353
-0.03861156615609694,-18.44398679929323
0.0010470528883741892,-18.44398679929323
-0.009028874904964578,7.340366661926466
0.00999572619345961,-7.616156830860184
2.5065347857651172,13.122226931785953
0.00999572619345961,-24.959993554285578
-0.16880052818434513,-4.078524786165337
0.1918725988069705,-39.48264072720317
-0.113624667977236,-12.9217227829755
-1.2497736591103932,-0.5361732542154023
-0.7160738754535848,14.81756871123022
1.8449462246318096,49.925647069350426
1.0742461550524685,21.245403893104715
-0.9718979137563235,15.355957543981352
0.19769300947974253,-20.14133706288764
-0.2033653306411805,-2.7029679554461388
-0.17935181727408317,11.195706723116947
1.0742461550524685,0.04146826652060548
-0.3151451186445354,-10.032654483473237
0.36435750103282766,-8.558438931875193
-0.17935181727408317,-3.3960019819265512
-0.19466522561525249,5.004397063638481
-0.14304889760529674,-4.5569853151450985
-0.05252757009506306,-2.9291310600555684
1.041244599416565,-12.9217227829755
0.16181664640404847,13.338180719551389
-0.36332751780594286,14.97768290564685
0.16159146195309612,-12.9217227829755
-0.00606422098292847,-10.814404479470381
0.5786464468577881,16.137309005336682
2.2358660093761475,23.425417010667722
0.44922296516495946,21.245403893104715
-1.4442959583507398,0.5465942706398988
0.6011300846259356,16.67456378847738
0.0916091018483673,22.526360517017405
0.16181664640404847,2.1338652505476157
0.5101920150542831,7.596740867050775
-0.25331001659545593,35.727326701158034
0.11090382931134693,-0.5573310054388902
0.029992153168686732,-4.5569853151450985
0.44922296516495946,-1.9488866283982613
-0.05252757009506306,-40.19327155395332
0.508558186780643,-18.44398679929323
-0.3151451186445354,22.526360517017405
0.30057329476854466,42.74014106971756
-1.2497736591103932,-2.0767928311559585
-0.3294928383793912,8.799725091799269
0.5101920150542831,-4.051877673123212
0.38403387494372687,2.1338652505476157
-0.08048260070473123,-2.3141928410932953
0.44922296516495946,16.137309005336682
0.16181664640404847,-10.814404479470381
-0.017168990736273714,34.66640998521532
0.16181664640404847,11.627289824075353
-0.3151451186445354,11.627289824075353
-0.21735499260060465,5.911317787528296
0.16181664640404847,101.23534029866036
0.16051745893966754,-39.48264072720317
1.3402699205612447,-11.168027150779878
-0.0792748196307623,-10.276710497240433
-1.4442959583507398,13.122226931785953
-0.21735499260060465,13.987238754500622
-0.2033653306411805,-10.884568947883732
-0.10825325223886004,21.245403893104715
-1.4442959583507398,34.66640998521532
-0.14304889760529674,14.280904842711205
0.4687821404458741,-2.2335130345263385
-0.33576938220124525,-2.9800795243972953
0.4997419662193159,-10.050876275630035
1.0742461550524685,35.812396677192986
-0.19723665039468066,-7.616156830860184
0.511416933333918,40.690505495633346
0.32482562098165857,-20.99715135852902
0.13071120725620614,10.438571144155382
0.44922296516495946,5.911317787528296
-0.05252757009506306,17.28183675774978
0.688791828861265,18.10404076332848
-0.19466522561525249,-4.078524786165337
-0.36332751780594286,35.727326701158034
-1.689401290665661,-4.949681631400662
1.0742461550524685,-33.21374444224675
0.2341443478001918,78.70298308265971
0.20188123959900697,-27.504862198609242
0.4266084430863691,-12.9217227829755
-0.15963008896540815,29.973871336493364
0.3906688513397044,31.641294797272423
0.44922296516495946,23.372825929697136
0.16181664640404847,21.245403893104715
1.2553987807724112,-2.9291310600555684
0.16997473040900107,5.911317787528296
0.688791828861265,-4.949681631400662
0.16181664640404847,5.39666366246006
1.394174000488054,-3.526894058084416
0.16997473040900107,0.864766501985906
1.8449462246318096,-8.558438931875193
-0.009028874904964578,-20.99715135852902
-0.36332751780594286,11.195706723116947
0.46640658963121295,-27.259749061922307
0.32482562098165857,-4.27374692175362
-0.0792748196307623,4.781531668460141
0.05864512242631372,21.245403893104715
0.16181664640404847,-4.078524786165337
0.13071120725620614,11.627289824075353
-0.113624667977236,-1.9488866283982613
-1.2497736591103932,5.004397063638481
0.688791828861265,-24.959993554285578
-0.05873740317876268,0.04146826652060548
0.0010470528883741892,13.122226931785953
0.00999572619345961,-15.935206029103457
-0.7401456791303287,-4.0030311692097875
-0.43529365049160484,-0.8843744842369765
0.16159146195309612,7.38675613760892
-0.009028874904964578,-3.526894058084416
-0.4198911017118402,0.864766501985906
-1.6051186114402711,-5.3619535347475376
-0.14304889760529674,13.73569103313465
-0.7050481787525923,7.42035891896474
-0.1118305206688687,7.265070709056594
0.44922296516495946,-14.92608016726255
-0.18590351632647606,-12.9217227829755
-0.1845534832672918,-27.504862198609242
0.05864512242631372,17.28183675774978
0.34238876799479534,56.59659836344661
0.00999572619345961,22.526360517017405
0.38403387494372687,21.245403893104715
0.33457055631954125,5.004397063638481
0.30407817344469507,18.48178911445189
-0.16880052818434513,0.04146826652060548
0.00999572619345961,-14.761836885402682
-0.10825325223886004,7.38675613760892
0.24091768007056805,-47.17645554782859
-0.9024675039485013,0.04146826652060548
-0.14304889760529674,1.6473613643481597
-1.4442959583507398,35.727326701158034
0.36435750103282766,-0.5361732542154023
0.32482562098165857,-13.7293368035301
1.0742461550524685,-24.16125495693031
-0.7160738754535848,11.627289824075353
-0.10462615523354754,-4.0030311692097875
-0.00013670845530624475,15.10643195994704
-0.7287260669656467,11.322639000940397
0.3505467633222156,7.265070709056594
0.6735839854136264,7.038437199521378
1.0742461550524685,-4.5569853151450985
-0.0969281402019457,-24.959993554285578
0.5786464468577881,-12.9217227829755
-0.1118305206688687,-10.314891826852532
-0.10825325223886004,7.038437199521378
1.0026164971751694,-4.5569853151450985
-0.34815899640505715,-12.9217227829755
0.6526028477519574,-1.0630246735620064
-0.12588186608270502,-12.9217227829755
-0.024598674677790366,-39.48264072720317
-0.18590351632647606,11.627289824075353
0.10001883060204593,-47.17645554782859
0.689246666015755,337.79091355894997
-0.801053308863267,7.265070709056594
1.478002339277954,-10.814404479470381
-1.4442959583507398,29.973871336493364
-0.058578370644802334,-10.081603544848427
-0.16880052818434513,0.864766501985906
-0.17935181727408317,-24.959993554285578
1.041244599416565,17.77974226352989
-0.024598674677790366,10.634935252357327
-0.3641364936922235,162.90653740739342
0.6011300846259356,12.102494748238584
-0.01631420073264045,2.1338652505476157
-0.03861156615609694,42.74014106971756
-1.689401290665661,-2.9291310600555684
-0.05530137165783735,-14.599071393320667
0.18668415979289468,-39.48264072720317
-0.006523841714639112,5.911317787528296
0.33457055631954125,7.038437199521378
-1.689401290665661,7.596740867050775
0.16530219056865675,-27.15700683138211
0.36435750103282766,65.91807055587971
0.2006814916813869,-27.259749061922307
-0.3151451186445354,4.007637341038666
0.44922296516495946,-24.959993554285578
0.39926502701555744,-24.959993554285578
0.6011300846259356,18.48178911445189
0.09457556784870232,-4.0030311692097875
0.00999572619345961,-39.1763748935869
-0.21376361882889733,-2.3141928410932953
0.3505467633222156,-15.935206029103457
0.00999572619345961,24.499597763939295
0.44922296516495946,7.038437199521378
-0.43529365049160484,15.719889307234046
-0.058578370644802334,-21.699206232645043
-0.3151451186445354,-2.9291310600555684
-0.3054210698026699,-1.0630246735620064
0.37149901830778975,-5.568099291779881
0.20188123959900697,13.976408821605908
-0.1118305206688687,13.976408821605908
1.041244599416565,0.5465942706398988
-0.43529365049160484,16.137309005336682
-0.15875648059594238,-8.7422950833559
0.1589884271769304,0.864766501985906
1.5822698280934888,7.596740867050775
0.18668415979289468,-7.616156830860184
-0.01631420073264045,-1.9488866283982613
-0.36332751780594286,12.862794183118371
0.6011300846259356,18.06735682480273
-1.217791890634699,-1.816396467890097
-0.4198911017118402,8.94794705401277
1.041244599416565,-1.9488866283982613
-0.024598674677790366,-4.0030311692097875
0.05160574619961226,-1.0630246735620064
-1.1793887582032776,-6.6612816997610516
-0.08657770336893914,-7.616156830860184
0.3505467633222156,-1.9488866283982613
-0.058578370644802334,0.04146826652060548
0.20178521365593313,-7.616156830860184
-0.17935181727408317,0.864766501985906
1.0742461550524685,-8.558438931875193
-0.21766434981102795,-4.078524786165337
0.19769300947974253,-19.60800199927033
-0.058578370644802334,-2.7029679554461388
-1.2497736591103932,-1.9488866283982613
-0.044810527848512395,26.49447126537633
-0.1118305206688687,14.280904842711205
2.0755236001364437,-27.504862198609242
-0.17935181727408317,18.10404076332848
-0.00606422098292847,2.329516804521694
-0.017168990736273714,-1.9488866283982613
-0.00013670845530624475,18.48178911445189
-0.36332751780594286,-13.989261657391179
0.16268039011447305,19.86333807164408
0.8958327942725657,-10.276710497240433
0.20188123959900697,11.627289824075353
0.3228247438500903,-21.699206232645043
-0.113624667977236,-21.925067375973722
-2.366301450965275,-12.699829097706006
0.23804754433392256,-15.935206029103457
-1.2497736591103932,9.745063193530196
2.2358660093761475,-7.616156830860184
-0.33576938220124525,7.596740867050775
-0.024598674677790366,31.57671909153448
-0.33576938220124525,7.038437199521378
0.1862811975921174,-5.568099291779881
-0.17935181727408317,42.74014106971756
0.4242270604129871,-18.44398679929323
-0.16880052818434513,10.438571144155382
-0.2033653306411805,15.355957543981352
-0.009028874904964578,28.17842089585539
1.7691257909305187,-39.48264072720317
-0.05873740317876268,11.627289824075353
0.3505467633222156,40.690505495633346
1.041244599416565,-4.340986430734897
0.00999572619345961,7.265070709056594
0.05864512242631372,-4.078524786165337
-0.2741974333344227,15.093593964234987
-0.1845534832672918,17.77974226352989
-0.08657770336893914,-2.2335130345263385
0.0010470528883741892,-27.259749061922307
0.20188123959900697,-2.7029679554461388
0.3505467633222156,40.690505495633346
0.3193683602170187,-4.5569853151450985
-1.5464783585181123,-0.5361732542154023
0.0010470528883741892,18.06735682480273
-0.2941137015527696,23.372825929697136
-0.4198911017118402,2.077521546435768
0.6011300846259356,5.911317787528296
-0.36332751780594286,15.355957543981352
-0.044810527848512395,-20.99715135852902
0.00999572619345961,18.745431048207855
0.5786464468577881,21.245403893104715
0.16997473040900107,-39.48264072720317
0.24600207104221977,8.799725091799269
-0.1118305206688687,-10.814404479470381
-0.1118305206688687,-4.27374692175362
-0.08657770336893914,8.94794705401277
-0.00606422098292847,-40.19327155395332
-0.30057689291677187,21.245403893104715
0.3800454743780971,-20.99715135852902
0.33457055631954125,5.911317787528296
0.0916091018483673,-0.5361732542154023
0.20178521365593313,-24.959993554285578
-0.10825325223886004,-7.616156830860184
0.1918725988069705,17.77974226352989
0.688791828861265,14.280904842711205
-0.30057689291677187,-3.526894058084416
0.1918725988069705,18.06735682480273
0.5786464468577881,-0.5361732542154023
1.5822698280934888,16.137309005336682
0.4242270604129871,-4.078524786165337
0.8958327942725657,13.73569103313465
-0.03095869084443841,-1.9488866283982613
-0.23758498733152322,-40.19327155395332
-0.16880052818434513,-24.16125495693031
-0.2893681985950519,16.98247544783629
-0.505048042284805,49.925647069350426
0.05864512242631372,-3.526894058084416
0.26972067301564895,15.355957543981352
-0.1118305206688687,15.719889307234046
0.39926502701555744,11.627289824075353
-0.017168990736273714,-12.9217227829755
0.16181664640404847,-8.558438931875193
0.1918725988069705,17.28183675774978
0.44922296516495946,34.66640998521532
0.16181664640404847,49.925647069350426
0.33457055631954125,-5.3619535347475376
-0.24785046675102862,7.596740867050775
-0.03861156615609694,-4.839753619072777
-0.08657770336893914,7.596740867050775
0.34238876799479534,-15.935206029103457
0.3228247438500903,-1.9488866283982613
-0.00606422098292847,-12.699829097706006
-0.505048042284805,-2.9800795243972953
-0.672261773514369,-0.5361732542154023
-0.00606422098292847,35.727326701158034
0.047684826740882966,18.48178911445189
-0.10825325223886004,3.010803771110808
0.1918725988069705,42.74014106971756
0.00999572619345961,11.627289824075353
0.3906688513397044,5.004397063638481
-2.229932477622666,-2.7029679554461388
1.394174000488054,-47.17645554782859
1.041244599416565,-4.078524786165337
-0.36332751780594286,-22.688931087626568
-0.7050481787525923,-11.168027150779878
0.05864512242631372,-0.5361732542154023
0.00999572619345961,-10.814404479470381
1.041244599416565,-27.504862198609242
0.36435750103282766,5.004397063638481
-0.03095869084443841,17.224157523989543
-0.10825325223886004,-10.207342532722286
0.04834673790542032,-18.44398679929323
0.38403387494372687,-12.9217227829755
-0.3054210698026699,-10.276710497240433
-0.10462615523354754,-29.411046480398078
-0.0578213917780388,-3.3960019819265512
0.6097296047041605,7.265070709056594
0.16181664640404847,0.864766501985906
-0.06194194306377323,21.245403893104715
0.0010470528883741892,-3.526894058084416
0.39926502701555744,31.641294797272423
-0.19466522561525249,3.010803771110808
-0.1845534832672918,-24.959993554285578
0.5101920150542831,7.596740867050775
0.19769300947974253,-10.814404479470381
-0.009028874904964578,-10.276710497240433
0.6735839854136264,35.727326701158034
-0.9718979137563235,-14.761836885402682
-0.4198911017118402,-14.138890062009661
-0.0792748196307623,21.245403893104715
-0.6299094769965032,49.925647069350426
0.2006814916813869,-21.989749770128757
0.39926502701555744,-40.3877793567228
-0.03861156615609694,2.3456424366310573
0.16268039011447305,-13.360315882929202
-0.1118305206688687,15.093593964234987
0.10001883060204593,44.982432429205495
-0.113624667977236,25.020376398596255
0.0010470528883741892,11.25863723715804
-0.24481175478387227,22.526360517017405
-0.023658355110180922,2.8499852625433655
-0.0352084347935643,-24.959993554285578
-1.1634612938655475,-0.7898570125005707
-0.33576938220124525,12.080490209402095
0.20188123959900697,31.641294797272423
0.00999572619345961,8.171102781843985
-0.16880052818434513,-14.138890062009661
-0.113624667977236,31.641294797272423
0.2528020560677244,-38.8446486552365
-0.1118305206688687,-18.44398679929323
-0.024598674677790366,21.245403893104715
0.41530050538439856,-1.201570679043519
0.16268039011447305,7.38675613760892
0.10597692985484128,0.864766501985906
0.44922296516495946,-3.526894058084416
-0.3151451186445354,-14.807425866768156
-0.3151451186445354,-38.8446486552365
-0.1118305206688687,-12.9217227829755
0.007990116497257959,3.010803771110808
0.4242270604129871,-27.259749061922307
-0.1118305206688687,-4.27374692175362
-0.023658355110180922,0.04146826652060548
-0.23758498733152322,21.245403893104715
-0.7050481787525923,-25.15343695062618
-0.17935181727408317,20.021864907847988
-1.4442959583507398,-4.5569853151450985
0.043113239087593416,23.372825929697136
0.5786464468577881,7.265070709056594
-0.7160738754535848,11.195706723116947
0.39926502701555744,18.06735682480273
0.0010470528883741892,1.562435408792224
2.5062562280628145,18.10404076332848
0.6011300846259356,31.641294797272423
0.5101920150542831,-24.959993554285578
0.5786464468577881,-24.959993554285578
0.26972067301564895,-4.0030311692097875
1.8449462246318096,-10.276710497240433
-1.4442959583507398,13.976408821605908
-0.0352084347935643,-15.935206029103457
1.0742461550524685,-16.179880662916258
-0.18590351632647606,-15.935206029103457
-0.3151451186445354,5.911317787528296
0.6011300846259356,-2.2335130345263385
-0.16880052818434513,35.727326701158034
-0.1845534832672918,-4.27374692175362
0.32482562098165857,16.36942024967121
-0.19466522561525249,-9.811847721093269
2.2358660093761475,-18.538109028352324
-1.689401290665661,-0.0038359853624834496
-0.009028874904964578,-1.9488866283982613
-0.9869487568887413,-32.31398079172564
0.44922296516495946,-27.504862198609242
-0.17935181727408317,21.21099415724861
1.7274817463526346,-10.035404744287794
-0.009028874904964578,7.770689351416952
0.18668415979289468,44.44184669975891
1.7274817463526346,7.596740867050775
0.29120460839181234,-4.4418334411038245
0.8958327942725657,-20.99715135852902
0.17133069084377722,-4.4418334411038245
0.16181664640404847,-1.9488866283982613
0.10001883060204593,-4.27374692175362
-0.16880052818434513,35.727326701158034
-0.16880052818434513,15.093593964234987
1.0742461550524685,7.38675613760892
-0.3866153392160762,18.10404076332848
0.075532725310448,-1.9488866283982613
0.16181664640404847,-2.7029679554461388
0.043113239087593416,-4.27374692175362
-0.33576938220124525,7.38675613760892
-0.36332751780594286,-27.504862198609242
-0.06565703993025851,7.017127675090229
-0.2738920535334189,-32.5199083846189
0.17887008538654098,49.925647069350426
-0.058578370644802334,-14.761836885402682
-0.505048042284805,15.261949196023727
0.6011300846259356,-10.32835572313355
-0.17935181727408317,-20.99715135852902
-0.7050481787525923,-12.699829097706006
-0.2033653306411805,0.04146826652060548
-0.36332751780594286,-32.5199083846189
-0.10462615523354754,0.6309309569732581
-0.0792748196307623,7.596740867050775
-0.1845534832672918,15.093593964234987
1.5572188396577433,23.372825929697136
-1.1995607566951416,49.925647069350426
-0.06565703993025851,15.355957543981352
0.7523905430874418,-20.99715135852902
-0.34815899640505715,16.137309005336682
-0.2033653306411805,21.245403893104715
0.18668415979289468,2.63263339993483
0.3505467633222156,35.727326701158034
0.1918725988069705,-33.21374444224675
0.5101920150542831,11.627289824075353
0.44922296516495946,4.007637341038666
-0.00606422098292847,17.77974226352989
0.20188123959900697,-12.9217227829755
0.00999572619345961,56.59659836344661
-1.2497736591103932,3.010803771110808
0.16268039011447305,-4.27374692175362
0.8958327942725657,0.864766501985906
-0.0808639114232312,-14.761836885402682
0.24600207104221977,-4.5569853151450985
0.688791828861265,-12.9217227829755
-0.2033653306411805,-27.259749061922307
-0.7050481787525923,-15.935206029103457
-1.2497736591103932,40.690505495633346
-0.06565703993025851,-6.508667502822483
0.44922296516495946,-10.276710497240433
-0.21735499260060465,-39.48264072720317
0.30057329476854466,-3.3960019819265512
0.8958327942725657,7.265070709056594
0.00999572619345961,28.26539096477251
0.5786464468577881,0.864766501985906
2.5065347857651172,-39.48264072720317
0.05864512242631372,-39.48264072720317
0.16268039011447305,17.28183675774978
-0.7050481787525923,2.63263339993483
0.4242270604129871,35.727326701158034
0.4997419662193159,-39.1763748935869
0.05864512242631372,42.74014106971756
-0.21735499260060465,10.438571144155382
-0.16880052818434513,3.010803771110808
-0.03095869084443841,-5.3619535347475376
0.1918725988069705,-10.276710497240433
-0.009028874904964578,14.004420132976355
0.8413545350956095,-10.035404744287794
0.20188123959900697,-38.8446486552365
-0.00606422098292847,17.77974226352989
-0.04555074380058599,-8.558438931875193
0.4997419662193159,-15.935206029103457
0.4997419662193159,31.641294797272423
-0.05252757009506306,40.690505495633346
1.7993968814994363,-1.2870816333418091
-0.01631420073264045,18.10404076332848
-1.2497736591103932,-18.538109028352324
-0.03861156615609694,23.372825929697136
-0.0754261473078616,14.280904842711205
0.20188123959900697,-1.201570679043519
0.38403387494372687,-33.21374444224675
0.44922296516495946,-10.276710497240433
-0.17935181727408317,-1.0630246735620064
1.394174000488054,25.022911528364634
-1.2497736591103932,7.038437199521378
0.5786464468577881,7.265070709056594
-0.21735499260060465,7.596740867050775
-0.505048042284805,2.077521546435768
0.18511769880842915,31.57671909153448
-0.505048042284805,-3.526894058084416
1.5822698280934888,-10.276710497240433
1.0742461550524685,-2.2335130345263385
-0.1845534832672918,-4.0030311692097875
0.34238876799479534,-1.9488866283982613
-0.36332751780594286,6.143586275435377
0.0010470528883741892,15.261949196023727
-1.4442959583507398,101.23534029866036
0.18668415979289468,18.06735682480273
0.2006814916813869,23.425417010667722
1.7274817463526346,2.63263339993483
0.1586219282642693,-14.761836885402682
0.5786464468577881,35.727326701158034
0.20188123959900697,21.245403893104715
1.3997807965823006,20.943839012767775
-0.505048042284805,15.093593964234987
-0.03095869084443841,42.74014106971756
-0.43529365049160484,16.137309005336682
-0.801053308863267,0.04146826652060548
1.041244599416565,-4.0030311692097875
0.20188123959900697,15.093593964234987
1.041244599416565,16.137309005336682
0.043113239087593416,-7.719198499706887
0.043113239087593416,-12.699829097706006
0.3505467633222156,21.245403893104715
-0.10825325223886004,2.077521546435768
0.16159146195309612,-4.5569853151450985
-0.2741974333344227,-12.9217227829755
-1.2497736591103932,16.137309005336682
-0.10825325223886004,7.38675613760892
-1.4442959583507398,-18.44398679929323
-0.10825325223886004,-33.21374444224675
-0.009028874904964578,7.265070709056594
2.0755236001364437,-4.078524786165337
0.44922296516495946,14.004420132976355
-0.017168990736273714,-3.526894058084416
0.44922296516495946,42.74014106971756
0.47654322778642794,5.911317787528296
0.8958327942725657,0.864766501985906
-0.017168990736273714,6.2392066147147895
-0.03861156615609694,40.690505495633346
-0.672261773514369,-10.119080267352768
0.3943868690328035,0.864766501985906
1.041244599416565,7.265070709056594
-0.24894497083856326,0.04146826652060548
0.5786464468577881,13.99269216824317
-0.058578370644802334,19.31827048195189
0.1589884271769304,-20.99715135852902
0.5101920150542831,-2.2335130345263385
-0.05252757009506306,-2.2335130345263385
-0.16880052818434513,-2.7029679554461388
-0.0792748196307623,15.719889307234046
0.8958327942725657,7.38675613760892
0.13071120725620614,3.6844645149518556
0.5786464468577881,3.010803771110808
0.5786464468577881,18.10404076332848
0.5786464468577881,-1.9488866283982613
0.16997473040900107,18.10404076332848
0.18668415979289468,30.10403746147668
-0.0166721650619027,-18.44398679929323
-0.03861156615609694,2.077521546435768
-0.009028874904964578,-2.7029679554461388
5.4090943948656385,-12.9217227829755
0.17133069084377722,7.78094809608704
0.3665757928180873,17.77974226352989
0.16051745893966754,29.704337441723858
-0.07376395554197326,31.57671909153448
-0.00606422098292847,-7.616156830860184
-1.2497736591103932,-17.416640261134116
1.041244599416565,17.28183675774978
0.4997419662193159,-4.27374692175362
0.688791828861265,0.04146826652060548
-0.058578370644802334,-0.8843744842369765
-0.1567945449410138,49.925647069350426
-0.24481175478387227,34.66640998521532
-0.3054210698026699,-11.378279124648387
0.20188123959900697,12.862794183118371
-0.03861156615609694,-11.168027150779878
-0.009028874904964578,-4.27374692175362
-0.2076377528588214,-9.811847721093269
0.00999572619345961,-21.925067375973722
0.3505467633222156,-6.6612816997610516
-0.6299094769965032,-4.0030311692097875
0.39926502701555744,11.195706723116947
0.08613586021859794,31.57671909153448
0.5101920150542831,13.976408821605908
-0.017168990736273714,3.010803771110808
0.00999572619345961,-9.956774156348473
0.16051745893966754,12.102494748238584
0.30057329476854466,4.007637341038666
0.8958327942725657,101.23534029866036
0.8958327942725657,5.911317787528296
0.3906688513397044,-4.27374692175362
-0.7287260669656467,-12.9217227829755
-1.5464783585181123,3.010803771110808
0.23608909821264756,-14.138890062009661
-0.36332751780594286,7.770689351416952
0.3906688513397044,8.94794705401277
0.8958327942725657,-3.526894058084416
0.05864512242631372,-0.0038359853624834496
1.1819492274653245,-21.568249383018745
0.00999572619345961,-12.9217227829755
-0.6299094769965032,0.6328841260730843
0.44922296516495946,-16.179880662916258
0.3665757928180873,78.70298308265971
-0.058578370644802334,-0.0038359853624834496
0.3505467633222156,-27.504862198609242
-0.2741974333344227,-12.699829097706006
-0.3054210698026699,3.010803771110808
0.075532725310448,13.122226931785953
-0.058578370644802334,-1.9488866283982613
0.19769300947974253,7.265070709056594
0.05864512242631372,19.31827048195189
0.34238876799479534,11.627289824075353
0.10597692985484128,7.596740867050775
0.18668415979289468,-3.9950082705257763
-0.17935181727408317,-20.99715135852902
-0.009028874904964578,42.74014106971756
0.6011300846259356,-14.959477299015035
-0.21735499260060465,-2.2335130345263385
-0.058578370644802334,34.66640998521532
0.532244698972776,-27.259749061922307
-0.16880052818434513,49.925647069350426
0.1862811975921174,17.77974226352989
-0.2033653306411805,-1.2870816333418091
0.028096139822852573,7.038437199521378
-1.1634612938655475,2.3456424366310573
0.0916091018483673,31.641294797272423
-0.058578370644802334,21.245403893104715
0.16997473040900107,-4.0030311692097875
0.36435750103282766,20.943839012767775
-0.7050481787525923,-21.699206232645043
-0.4198911017118402,31.138589891912048
0.34238876799479534,7.038437199521378
0.1918725988069705,35.727326701158034
1.5822698280934888,16.137309005336682
0.16051745893966754,5.911317787528296
-0.801053308863267,49.925647069350426
0.3505467633222156,3.930661283315428
0.3505467633222156,-2.9614244565298433
0.6011300846259356,-48.23772936159969
0.5786464468577881,-18.44398679929323
-0.6802110654890579,35.727326701158034
0.00999572619345961,10.949350225159302
0.05909883430361802,-3.3960019819265512
1.7274817463526346,28.17842089585539
-0.12588186608270502,-1.6881085035055867
0.047684826740882966,-39.48264072720317
-1.6778178025694679,-14.138890062009661
0.32482562098165857,-0.0038359853624834496
-0.16880052818434513,-24.959993554285578
0.4266084430863691,8.94794705401277
-0.9024675039485013,-12.9217227829755
-0.14304889760529674,10.438571144155382
0.1586219282642693,-4.27374692175362
-0.044810527848512395,-1.0630246735620064
0.5786464468577881,13.73569103313465
-0.7050481787525923,-5.3619535347475376
0.02132813869805661,-4.949681631400662
-1.4442959583507398,22.64623650589953
-0.4198911017118402,17.77974226352989
-1.2497736591103932,-15.347575898405239
0.20188123959900697,-18.44398679929323
0.3800454743780971,-3.526894058084416
-0.00606422098292847,0.04146826652060548
-0.3054210698026699,-12.699829097706006
1.394174000488054,-4.27374692175362
0.4242270604129871,11.627289824075353
-0.7287260669656467,-34.62117903171609
0.00999572619345961,32.96094067614628
0.16997473040900107,16.137309005336682
0.46640658963121295,-12.699829097706006
0.4997419662193159,44.982432429205495
1.394174000488054,5.911317787528296
-0.5365632179043522,21.21099415724861
0.39926502701555744,-13.360315882929202
-0.0792748196307623,11.627289824075353
1.7274817463526346,-5.3619535347475376
-0.06565703993025851,-0.5361732542154023
-0.16880052818434513,2.63263339993483
-0.7287260669656467,31.641294797272423
-0.4198911017118402,17.77974226352989
0.1918725988069705,-6.072911394740857
0.27586775984203465,-15.935206029103457
0.44922296516495946,-33.21374444224675
0.32482562098165857,14.004420132976355
-0.08048260070473123,-38.8446486552365
0.3228247438500903,34.66640998521532
-0.36332751780594286,-12.9217227829755
0.2515737123508759,29.704337441723858
0.32482562098165857,-2.1385247169656862
-0.03095869084443841,0.04146826652060548
0.0010470528883741892,-0.5361732542154023
0.36435750103282766,-33.21374444224675
0.34238876799479534,23.372825929697136
-0.1118305206688687,11.195706723116947
-1.2497736591103932,-20.99715135852902
-0.10825325223886004,78.70298308265971
-0.03861156615609694,14.044821634337412
-0.03095869084443841,10.438571144155382
-0.801053308863267,16.8762399221961
2.0755236001364437,-12.699829097706006
0.24091768007056805,-1.9488866283982613
0.20188123959900697,0.04146826652060548
0.3228247438500903,-15.935206029103457
-0.33576938220124525,11.195706723116947
0.19288933208800815,-4.078524786165337
-0.30057689291677187,12.862794183118371
-0.1118305206688687,21.387570884234133
0.16159146195309612,-10.814404479470381
0.2006814916813869,25.66939669000617
-0.10462615523354754,16.137309005336682
-1.2059451917661819,7.038437199521378
0.8958327942725657,-21.989749770128757
0.44922296516495946,-15.935206029103457
-0.009028874904964578,-14.92608016726255
1.0742461550524685,49.925647069350426
0.5101920150542831,-27.259749061922307
-0.4198911017118402,-0.8843744842369765
-1.742434198484417,16.8762399221961
-0.00013670845530624475,18.48178911445189
-0.3151451186445354,0.864766501985906
-0.017168990736273714,0.04146826652060548
-0.058578370644802334,-39.48264072720317
-0.00606422098292847,-4.340986430734897
0.20188123959900697,-24.959993554285578
0.1589884271769304,42.74014106971756
0.16530219056865675,-3.3960019819265512
-0.21191448486425904,-27.259749061922307
0.6011300846259356,-15.935206029103457
-0.5939505857670261,49.925647069350426
-0.801053308863267,-38.8446486552365
0.8958327942725657,25.020376398596255
-0.801053308863267,0.864766501985906
0.4242270604129871,-27.15700683138211
-0.16880052818434513,14.280904842711205
0.6011300846259356,-2.2335130345263385
-0.34608910240259316,-3.3960019819265512
0.2006814916813869,-2.2335130345263385
1.2553987807724112,17.77974226352989
0.16181664640404847,-14.761836885402682
-1.689401290665661,78.70298308265971
-0.0352084347935643,-4.27374692175362
-0.06565703993025851,18.48178911445189
0.44922296516495946,35.727326701158034
0.1589884271769304,7.38675613760892
0.00999572619345961,11.627289824075353
-0.03095869084443841,-0.0038359853624834496
-0.2033653306411805,-7.616156830860184
-0.1118305206688687,6.143586275435377
0.2006814916813869,35.727326701158034
-0.00606422098292847,-7.308931431818518
-0.00606422098292847,-15.935206029103457
0.5786464468577881,-15.05231678178359
0.16181664640404847,-2.9291310600555684
0.39926502701555744,-3.526894058084416
0.4997419662193159,-10.276710497240433
0.1918725988069705,-3.526894058084416
-0.10825325223886004,24.499597763939295
1.5822698280934888,14.280904842711205
1.041244599416565,-14.761836885402682
0.19418111044770825,16.36942024967121
1.5822698280934888,-3.526894058084416
1.5822698280934888,-33.21374444224675
-1.1634612938655475,0.864766501985906
0.8958327942725657,-6.870466107188114
-0.05252757009506306,16.137309005336682
1.1819492274653245,-27.504862198609242
-0.3054210698026699,-0.0038359853624834496
-0.30057689291677187,-14.761836885402682
0.047684826740882966,40.690505495633346
-0.03861156615609694,-4.078524786165337
0.36435750103282766,31.641294797272423
-1.4442959583507398,-8.47556500141717
-0.05252757009506306,34.66640998521532
0.5786464468577881,0.04146826652060548
-1.2497736591103932,12.080490209402095
-1.4442959583507398,44.982432429205495
1.2553987807724112,18.48178911445189
-0.009028874904964578,21.245403893104715
1.0742461550524685,-7.616156830860184
0.0010470528883741892,-4.949681631400662
0.047684826740882966,7.596740867050775
0.38403387494372687,-57.74051646520421
-0.058578370644802334,-2.2335130345263385
-0.024598674677790366,-7.616156830860184
-0.19466522561525249,13.122226931785953
0.3800454743780971,-4.192298132741622
0.1918725988069705,7.265070709056594
-0.1308138626049503,-20.99715135852902
-0.24785046675102862,31.57671909153448
0.5786464468577881,-1.5881115983279661
0.05864512242631372,-39.48264072720317
-0.17935181727408317,7.038437199521378
-0.10825325223886004,34.66640998521532
-0.7050481787525923,11.627289824075353
0.20188123959900697,-12.699829097706006
0.1918725988069705,-18.44398679929323
-0.05252757009506306,-2.2335130345263385
0.00999572619345961,78.70298308265971
0.5209864602641708,49.72568543360479
-0.16880052818434513,-39.48264072720317
-0.08657770336893914,12.862794183118371
-1.2497736591103932,-4.0030311692097875
0.30057329476854466,-3.3960019819265512
-0.0352084347935643,-4.078524786165337
0.2341443478001918,-14.138890062009661
-0.1845534832672918,13.99269216824317
0.5786464468577881,-39.48264072720317
-0.05252757009506306,20.2183142232873
0.8958327942725657,-12.9217227829755
-0.030646184935596434,-3.724440267168172
-0.10462615523354754,-4.27374692175362
0.10001883060204593,14.909803878090194
0.16181664640404847,14.004420132976355
-0.4198911017118402,18.06735682480273
0.3505467633222156,13.976408821605908
-0.30057689291677187,31.641294797272423
0.5101920150542831,-4.5569853151450985
-0.7287260669656467,3.010803771110808
-0.7050481787525923,18.48178911445189
-0.33576938220124525,7.340366661926466
0.44922296516495946,34.66640998521532
0.6011300846259356,-2.9800795243972953
-0.3054210698026699,-12.9217227829755
-0.08657770336893914,31.641294797272423
0.2006814916813869,17.663083151548147
-0.03095869084443841,13.73569103313465
0.5852349986313943,-8.558438931875193
-0.17935181727408317,35.727326701158034
0.16181664640404847,17.28183675774978
0.34238876799479534,-20.99715135852902
0.16159146195309612,18.48178911445189
1.041244599416565,-36.94575770724904
-0.505048042284805,-18.538109028352324
0.34238876799479534,11.627289824075353
0.30407817344469507,18.48178911445189
-0.2033653306411805,-25.412180632315827
0.5101920150542831,13.122226931785953
0.5786464468577881,32.96094067614628
1.0742461550524685,-5.3619535347475376
1.5822698280934888,7.038437199521378
-0.7287260669656467,14.280904842711205
2.012551393286114,31.138589891912048
-0.2033653306411805,-29.856487290051373
0.18668415979289468,0.04146826652060548
0.05909883430361802,13.064261480023923
-1.5578744236929156,18.06735682480273
0.2434758227448847,-14.92608016726255
-0.0352084347935643,11.627289824075353
-0.4198911017118402,-7.308931431818518
-1.4442959583507398,7.017127675090229
0.47654322778642794,337.79091355894997
-0.058578370644802334,7.265070709056594
-0.6941908539196296,-2.343863389814117
1.3997807965823006,-47.17645554782859
0.7398260597725317,-0.8843744842369765
0.10001883060204593,5.911317787528296
0.4756248784722886,-4.078524786165337
-0.505048042284805,-15.935206029103457
0.17133069084377722,-8.558438931875193
0.6011300846259356,-20.99715135852902
0.688791828861265,-21.989749770128757
0.3906688513397044,-21.568249383018745
-0.3151451186445354,-5.3619535347475376
-1.5464783585181123,-4.0030311692097875
-0.25946925715412406,12.102504841680373
-0.03095869084443841,-4.27374692175362
-0.05252757009506306,-3.9671451152817934
-1.689401290665661,-38.8446486552365
0.16716157712011298,11.627289824075353
0.4242270604129871,-14.761836885402682
0.1918725988069705,-38.8446486552365
-0.00606422098292847,-21.568249383018745
0.00999572619345961,-24.16125495693031
0.16997473040900107,-26.896748735579198
-0.10462615523354754,7.596740867050775
-0.00606422098292847,-39.48264072720317
-0.19466522561525249,-27.259749061922307
-1.2497736591103932,0.04146826652060548
0.3606517853674941,-21.568249383018745
0.39926502701555744,-4.5569853151450985
0.39926502701555744,-18.44398679929323
-0.00606422098292847,35.727326701158034
0.9206659441209073,-2.9291310600555684
-1.0556011267440089,-0.0038359853624834496
0.26972067301564895,-14.138890062009661
0.05864512242631372,-3.4464653984667657
0.1918725988069705,13.987238754500622
0.05864512242631372,-4.051877673123212
0.1589884271769304,-15.935206029103457
1.5822698280934888,17.77974226352989
-2.065249419239362,-2.9291310600555684
-0.03095869084443841,-0.5361732542154023
0.18668415979289468,2.1338652505476157
0.1589884271769304,0.04146826652060548
0.2006814916813869,42.74014106971756
0.40158367324280136,-39.48264072720317
0.2006814916813869,11.195706723116947
0.6011300846259356,-12.9217227829755
-0.14304889760529674,-18.44398679929323
-0.17935181727408317,-4.27374692175362
-0.05252757009506306,-24.959993554285578
0.047684826740882966,-5.3619535347475376
0.2006814916813869,0.864766501985906
0.2006814916813869,7.596740867050775
-0.2033653306411805,-18.538109028352324
0.00999572619345961,29.973871336493364
2.0013801206858988,21.245403893104715
1.041244599416565,3.1405316026897645
-0.16880052818434513,-8.558438931875193
1.0742461550524685,13.73569103313465
0.08613586021859794,-10.276710497240433
-0.1845534832672918,21.245403893104715
0.16997473040900107,17.28183675774978
0.4242270604129871,-4.0030311692097875
0.33457055631954125,-39.48264072720317
0.3505467633222156,-1.9488866283982613
0.18668415979289468,-8.7422950833559
0.44922296516495946,-4.5569853151450985
-0.6941908539196296,-5.3619535347475376
0.1918725988069705,-46.523517778655
-0.7160738754535848,34.66640998521532
-0.10825325223886004,17.28183675774978
1.172089607772758,-30.108523831933937
-0.16880052818434513,16.8762399221961
-0.05252757009506306,-12.9217227829755
0.688791828861265,17.28183675774978
1.2553987807724112,0.7847641990366732
-0.16880052818434513,-24.959993554285578
0.20188123959900697,-0.8843744842369765
-0.4198911017118402,40.690505495633346
0.3505467633222156,18.10404076332848
0.1918725988069705,11.981195077857143
0.30057329476854466,21.943429764248087
-0.0792748196307623,-14.959477299015035
-0.00013670845530624475,17.77974226352989
-0.43529365049160484,-24.959993554285578
-0.15193756696726807,29.973871336493364
-0.24416541236390005,17.28183675774978
0.46841303106282,-1.6881085035055867
-0.30057689291677187,17.663083151548147
-0.17935181727408317,-11.3721980247369
0.8958327942725657,-0.5361732542154023
0.5786464468577881,-40.3877793567228
1.7993968814994363,11.627289824075353
-0.017168990736273714,-3.526894058084416
0.3505467633222156,19.86333807164408
0.05160574619961226,17.77974226352989
-0.05252757009506306,11.627289824075353
-0.15234167536798235,7.265070709056594
0.20188123959900697,-38.8446486552365
0.1586219282642693,-18.05000878013754
0.16181664640404847,11.25863723715804
0.1918725988069705,-8.761451691770763
-0.2741974333344227,-4.078524786165337
-0.2738920535334189,-10.276710497240433
1.041244599416565,15.093593964234987
0.16997473040900107,-47.17645554782859
-0.24481175478387227,29.704337441723858
0.10001883060204593,-10.276710497240433
0.5209864602641708,-38.8446486552365
0.44922296516495946,-0.8843744842369765
-0.36332751780594286,18.10404076332848
-0.16880052818434513,14.044821634337412
0.05864512242631372,13.73569103313465
0.20178521365593313,-39.48264072720317
-1.4442959583507398,13.73569103313465
-0.36332751780594286,78.70298308265971
-0.03861156615609694,-12.699829097706006
0.40158367324280136,78.70298308265971
0.2006814916813869,34.66640998521532
-0.017168990736273714,-8.558438931875193
0.3800454743780971,13.987238754500622
0.008010320845787419,-33.21374444224675
-0.43529365049160484,22.526360517017405
-0.009028874904964578,-32.18312620050924
-2.366301450965275,-4.078524786165337
1.3402699205612447,35.727326701158034
-0.25449515339122203,-6.508667502822483
-0.10462615523354754,21.245403893104715
0.007968033397800145,-11.111584414861227
-1.4442959583507398,25.020376398596255
0.36435750103282766,7.596740867050775
0.4242270604129871,7.038437199521378
0.00999572619345961,17.28183675774978
-0.2033653306411805,17.28183675774978
-2.229932477622666,0.04146826652060548
0.3505467633222156,49.925647069350426
0.36435750103282766,-4.5569853151450985
0.00999572619345961,-3.3960019819265512
-1.4442959583507398,-2.7029679554461388
0.007968033397800145,-1.6881085035055867
-0.2738920535334189,-38.8446486552365
-0.4198911017118402,-4.078524786165337
-0.03095869084443841,17.28183675774978
-0.26997640021527164,-0.0038359853624834496
-0.05252757009506306,-50.443152489164476
-0.058578370644802334,-33.21374444224675
-0.17935181727408317,35.812396677192986
2.2358660093761475,-18.44398679929323
0.13071120725620614,-3.3960019819265512
0.7523905430874418,40.690505495633346
2.0755236001364437,-18.44398679929323
0.33457055631954125,35.727326701158034
-0.4198911017118402,7.038437199521378
-0.2033653306411805,7.038437199521378
0.3505467633222156,0.9214016884970614
0.32482562098165857,13.122226931785953
-0.7050481787525923,-0.0038359853624834496
-1.4442959583507398,-1.9488866283982613
0.3228247438500903,31.57671909153448
-0.1308138626049503,14.280904842711205
-0.24416541236390005,-0.5361732542154023
1.394174000488054,21.387570884234133
-0.19466522561525249,0.04146826652060548
-0.15234167536798235,0.04146826652060548
0.15438855266195128,-15.935206029103457
-0.2738920535334189,-4.0030311692097875
-0.17935181727408317,11.203377655803251
1.478002339277954,14.280904842711205
-0.058578370644802334,-25.908721899119882
0.2341443478001918,-39.1763748935869
-0.0792748196307623,-18.44398679929323
-0.17935181727408317,5.911317787528296
0.0010470528883741892,0.7847641990366732
0.0010470528883741892,7.038437199521378
0.2006814916813869,0.864766501985906
0.3505467633222156,-2.7029679554461388
0.5209864602641708,21.048128097900637
0.47654322778642794,-2.9800795243972953
-0.009028874904964578,7.038437199521378
0.0010470528883741892,-3.3960019819265512
0.0010470528883741892,7.265070709056594
0.043113239087593416,34.66640998521532
-0.030646184935596434,-27.15700683138211
-0.0352084347935643,18.10404076332848
1.5822698280934888,-1.9488866283982613
-0.05252757009506306,0.864766501985906
0.1918725988069705,13.73569103313465
0.688791828861265,0.04146826652060548
0.5786464468577881,7.596740867050775
0.3505467633222156,-1.9488866283982613
-0.21735499260060465,21.245403893104715
1.0742461550524685,-39.48264072720317
-0.12588186608270502,18.06735682480273
1.394174000488054,22.526360517017405
-0.1118305206688687,-12.9217227829755
0.00999572619345961,11.25863723715804
-0.06565703993025851,44.44184669975891
0.17133069084377722,-40.3877793567228
1.0742461550524685,29.704337441723858
0.18668415979289468,-27.15700683138211
-0.21735499260060465,0.04146826652060548
-0.3054210698026699,-0.5361732542154023
1.0742461550524685,-23.646534104325497
-0.16880052818434513,-39.1763748935869
0.043113239087593416,42.74014106971756
-0.06194194306377323,-12.699829097706006
-0.0792748196307623,-18.44398679929323
0.5101920150542831,-0.5361732542154023
0.33457055631954125,-3.526894058084416
0.2006814916813869,-5.3619535347475376
-1.2497736591103932,-13.7293368035301
-0.33576938220124525,7.038437199521378
-0.08657770336893914,-8.558438931875193
-0.0808639114232312,25.38713772153157
-0.058578370644802334,22.526360517017405
0.16181664640404847,78.70298308265971
1.0742461550524685,-16.25322274257984
0.39926502701555744,17.77974226352989
-1.393529444639474,7.265070709056594
-0.009028874904964578,-33.21374444224675
-0.113624667977236,-0.0038359853624834496
-1.2497736591103932,21.245403893104715
0.18668415979289468,-12.9217227829755
-0.505048042284805,-14.138890062009661
0.32482562098165857,13.122226931785953
-0.801053308863267,-4.27374692175362
0.0010470528883741892,49.925647069350426
0.13071120725620614,13.122226931785953
0.16051745893966754,-29.411046480398078
0.34238876799479534,-27.259749061922307
0.00999572619345961,21.245403893104715
0.32482562098165857,7.265070709056594
0.3505467633222156,-1.9488866283982613
1.5822698280934888,18.48178911445189
-0.1118305206688687,162.90653740739342
0.0010470528883741892,-2.2335130345263385
-0.7050550900595922,18.48178911445189
-0.0792748196307623,25.66939669000617
-0.0969281402019457,5.911317787528296
-0.9024675039485013,13.73569103313465
-0.0792748196307623,-40.3877793567228
-0.505048042284805,78.70298308265971
0.16181664640404847,-8.7422950833559
-0.1118305206688687,-4.0030311692097875
0.5786464468577881,20.943839012767775
-0.009028874904964578,-14.138890062009661
1.394174000488054,337.79091355894997
1.5572188396577433,5.911317787528296
0.3906688513397044,-10.314891826852532
-0.024598674677790366,-18.44398679929323
0.5786464468577881,34.66640998521532
-0.00606422098292847,78.70298308265971
0.1918725988069705,-14.599071393320667
-0.15193756696726807,-11.168027150779878
0.44922296516495946,0.04146826652060548
-0.03861156615609694,13.122226931785953
3.1299622614874876,-4.5569853151450985
-0.36332751780594286,-17.97391752245654
-0.2605077067789484,7.038437199521378
-0.0792748196307623,13.064261480023923
0.04778851635149166,18.06735682480273
-0.18590351632647606,-8.558438931875193
-0.16880052818434513,-15.935206029103457
-2.065249419239362,-29.411046480398078
-1.6778178025694679,34.66640998521532
0.19288933208800815,17.28183675774978
0.32482562098165857,7.265070709056594
-0.2033653306411805,-4.0030311692097875
0.3505467633222156,14.280904842711205
-1.4442959583507398,7.596740867050775
-0.30057689291677187,21.387570884234133
0.17133069084377722,17.77974226352989
0.46640658963121295,-8.335252925287833
-0.10825325223886004,42.74014106971756
0.16268039011447305,15.093593964234987
-0.2593454515750621,14.044821634337412
-0.1118305206688687,25.66939669000617
-0.16880052818434513,-2.2335130345263385
0.2521351458422851,0.04146826652060548
0.44922296516495946,17.28183675774978
1.041244599416565,7.265070709056594
0.3505467633222156,17.77974226352989
-0.4198911017118402,-4.27374692175362
-0.00606422098292847,17.77974226352989
-0.05252757009506306,7.038437199521378
0.32482562098165857,2.5799623688686877
-2.9938116358139317,-3.526894058084416
-1.4442959583507398,0.864766501985906
-1.2497736591103932,-4.5569853151450985
-0.30057689291677187,0.7847641990366732
0.8958327942725657,44.44184669975891
0.043113239087593416,-18.44398679929323
0.5786464468577881,7.265070709056594
-0.2076377528588214,-39.48264072720317
-0.017168990736273714,7.265070709056594
1.5355175086949657,-17.416640261134116
-0.10825325223886004,8.171102781843985
0.5101920150542831,28.26539096477251
1.1819492274653245,-4.5569853151450985
-0.10825325223886004,7.265070709056594
-0.6299094769965032,7.038437199521378
-0.21376361882889733,-4.078524786165337
-0.3151451186445354,49.925647069350426
0.5576777925041181,-4.051877673123212
-0.113624667977236,0.04146826652060548
-0.10825325223886004,-4.0030311692097875
0.8958327942725657,-24.959993554285578
0.20188123959900697,-11.3721980247369
-0.21735499260060465,18.10404076332848
-0.03095869084443841,34.66640998521532
-0.03095869084443841,7.265070709056594
-0.00606422098292847,7.265070709056594
-1.4442959583507398,-1.0630246735620064
0.36435750103282766,-12.699829097706006
0.00999572619345961,-7.616156830860184
-0.01631420073264045,17.77974226352989
-0.009028874904964578,-23.646534104325497
-1.003876189520175,11.627289824075353
-1.2497736591103932,13.73569103313465
-0.030646184935596434,-29.856487290051373
-0.3866153392160762,-2.9291310600555684
0.36435750103282766,13.122226931785953
0.13071120725620614,11.1052927428243
-0.6299094769965032,7.038437199521378
0.16051745893966754,34.66640998521532
0.19288933208800815,-1.0630246735620064
-0.1308138626049503,3.010803771110808
0.0010470528883741892,-2.7029679554461388
0.1918725988069705,19.86333807164408
-0.19466522561525249,7.017127675090229
0.1918725988069705,-16.179880662916258
-0.3151451186445354,-23.69499838117953
-0.05252757009506306,-50.443152489164476
1.7274817463526346,7.596740867050775
0.44922296516495946,-1.9488866283982613
-0.19466522561525249,-1.6881085035055867
-0.03861156615609694,11.627289824075353
-0.08657770336893914,-8.558438931875193
0.3505467633222156,-14.761836885402682
-0.0792748196307623,11.627289824075353
-0.2738920535334189,21.387570884234133
0.1589884271769304,5.004397063638481
-0.1118305206688687,6.375386923193691
1.0742461550524685,1.6473613643481597
-0.03861156615609694,34.66640998521532
-1.2497736591103932,-4.0030311692097875
0.18668415979289468,-33.21374444224675
1.5822698280934888,0.9214016884970614
-0.7050481787525923,-4.0030311692097875
-0.044810527848512395,-1.2870816333418091
1.7993968814994363,23.372825929697136
-0.058578370644802334,5.911317787528296
1.041244599416565,34.66640998521532
0.6735839854136264,-7.395869948132882
-0.16880052818434513,4.007637341038666
0.0540268970479552,-23.69499838117953
-0.9024675039485013,-1.9488866283982613
0.20188123959900697,41.70914557438718
-0.06565703993025851,14.280904842711205
-0.17935181727408317,-12.9217227829755
1.3837758509206166,-5.3619535347475376
0.44922296516495946,10.702260964686408
3.1299622614874876,-12.9217227829755
-0.0808639114232312,-12.699829097706006
-0.08657770336893914,-4.078524786165337
-0.4198911017118402,-9.956774156348473
-1.4276687895233653,13.987238754500622
-0.0792748196307623,2.5799623688686877
-0.00013670845530624475,-38.8446486552365
-0.36332751780594286,-40.3877793567228
-0.3151451186445354,21.245403893104715
-0.058578370644802334,13.122226931785953
-0.3866153392160762,-27.504862198609242
0.6011300846259356,13.122226931785953
0.30057329476854466,-2.0767928311559585
-0.1118305206688687,49.925647069350426
0.2006814916813869,78.70298308265971
0.5786464468577881,0.864766501985906
-0.06487068597181327,7.265070709056594
0.5786464468577881,-9.956774156348473
1.5572188396577433,-16.25322274257984
-0.08867063383433955,-0.7898570125005707
-0.10825325223886004,28.26539096477251
0.16530219056865675,-2.2335130345263385
-0.2915464995984715,-7.719198499706887
-0.7050481787525923,-10.081603544848427
0.36435750103282766,17.77974226352989
0.18668415979289468,14.280904842711205
-0.2738920535334189,-25.412180632315827
-0.1845534832672918,-7.616156830860184
-0.801053308863267,7.038437199521378
0.3505467633222156,-21.699206232645043
0.3505467633222156,-10.081603544848427
-0.0352084347935643,16.67456378847738
-0.36332751780594286,40.690505495633346
-0.6299094769965032,-27.15700683138211
1.9022587109706586,12.080490209402095
-0.009028874904964578,54.8947718800322
0.20188123959900697,42.74014106971756
0.5278616403526657,-7.308931431818518
-0.2741974333344227,-25.33944624670226
-0.00606422098292847,-10.884568947883732
-0.03861156615609694,-4.5569853151450985
-0.17935181727408317,-2.7029679554461388
-0.7287260669656467,-15.935206029103457
0.1918725988069705,78.70298308265971
-1.689401290665661,-8.558438931875193
-0.058578370644802334,-2.9291310600555684
0.8958327942725657,-39.48264072720317
-0.032041593914278056,-2.9614244565298433
2.2358660093761475,35.727326701158034
1.9046788635615386,3.1405316026897645
0.18668415979289468,16.137309005336682
-0.10462615523354754,-39.48264072720317
-0.904254043280354,-1.2870816333418091
0.8958327942725657,18.10404076332848
-0.4198911017118402,-12.9217227829755
0.34238876799479534,0.6328841260730843
1.041244599416565,-12.9217227829755
1.0742461550524685,-3.3960019819265512
-0.12894786135221284,13.122226931785953
-0.7050481787525923,7.038437199521378
-0.21735499260060465,-4.0030311692097875
0.688791828861265,-16.973394138905665
0.39926502701555744,-39.1763748935869
0.16181664640404847,-3.526894058084416
0.30057329476854466,35.727326701158034
-0.7160738754535848,-4.27374692175362
0.16181664640404847,15.355957543981352
0.27586775984203465,-13.360315882929202
-4.641982688069007,15.093593964234987
-0.2033653306411805,-8.558438931875193
0.4242270604129871,-8.558438931875193
-0.017168990736273714,7.038437199521378
-0.0352084347935643,65.91807055587971
0.13071120725620614,-29.01925450775799
-0.0352084347935643,-0.5361732542154023
1.4051177019833445,-4.27374692175362
-0.36332751780594286,-27.504862198609242
-0.009028874904964578,-18.44398679929323
1.0026164971751694,16.137309005336682
1.8449462246318096,-7.308931431818518
0.3665757928180873,16.8762399221961
-0.24481175478387227,-7.965552930046018
-0.2033653306411805,-18.44398679929323
-1.689401290665661,-40.3877793567228
-0.0166721650619027,34.66640998521532
0.0402605423540356,-8.558438931875193
-0.16880052818434513,35.727326701158034
0.20178521365593313,18.77231901118117
-0.7287260669656467,-14.92608016726255
-0.17935181727408317,-6.6612816997610516
-0.2741974333344227,12.102494748238584
0.047684826740882966,337.79091355894997
-0.4726112652643114,-7.616156830860184
-0.9024675039485013,26.931671492324774
0.1918725988069705,0.04146826652060548
-0.18590351632647606,-4.5569853151450985
-2.065249419239362,7.265070709056594
0.4997419662193159,44.44184669975891
-0.03095869084443841,-39.48264072720317
-0.21735499260060465,34.458378268200114
0.19769300947974253,-0.5361732542154023
-0.2076377528588214,5.004397063638481
-0.7287260669656467,21.245403893104715
-0.36332751780594286,11.627289824075353
-0.3151451186445354,34.66640998521532
-1.5034819450854005,3.1405316026897645
-0.7287260669656467,-12.9217227829755
0.30407817344469507,22.526360517017405
1.0742461550524685,26.49447126537633
0.19288933208800815,17.77974226352989
1.7274817463526346,31.641294797272423
-0.00606422098292847,40.690505495633346
-0.1308138626049503,-12.699829097706006
-0.17935181727408317,-2.7029679554461388
-0.03861156615609694,-20.99715135852902
1.1127658037795611,7.038437199521378
0.3800454743780971,-20.99715135852902
-1.6051186114402711,-2.9800795243972953
0.0916091018483673,-57.74051646520421
-0.10825325223886004,-27.259749061922307
2.5065347857651172,17.28183675774978
-0.1118305206688687,-4.192298132741622
0.2006814916813869,0.5465942706398988
0.8958327942725657,-4.0030311692097875
-0.43529365049160484,21.387570884234133
0.36435750103282766,8.94794705401277
0.5209864602641708,5.911317787528296
0.0010470528883741892,-7.616156830860184
-1.5464783585181123,32.96094067614628
0.0010470528883741892,20.943839012767775
-0.1118305206688687,-8.558438931875193
0.04834673790542032,11.627289824075353
2.5065347857651172,-4.0030311692097875
-0.801053308863267,-15.935206029103457
1.0742461550524685,7.596740867050775
-1.3009460764488114,2.1338652505476157
0.16159146195309612,14.044821634337412
-0.505048042284805,-4.5569853151450985
1.5822698280934888,-10.276710497240433
-0.17935181727408317,-10.276710497240433
0.1586219282642693,11.627289824075353
0.05864512242631372,-2.7029679554461388
-0.7050481787525923,-1.9313173035818287
0.13071120725620614,-12.9217227829755
0.04778851635149166,-24.959993554285578
0.30057329476854466,13.122226931785953
0.1918725988069705,17.28183675774978
0.043113239087593416,-38.8446486552365
-0.3151451186445354,-13.7293368035301
0.05864512242631372,44.44184669975891
1.0742461550524685,40.690505495633346
0.5786464468577881,-4.340986430734897
-0.17935181727408317,18.10404076332848
-1.2497736591103932,42.74014106971756
0.16159146195309612,-4.27374692175362
0.16997473040900107,-10.276710497240433
0.30824932449865255,-4.5569853151450985
0.16159146195309612,-0.5361732542154023
0.39926502701555744,15.093593964234987
-0.0352084347935643,49.925647069350426
-0.801053308863267,-4.949681631400662
-1.2497736591103932,0.04146826652060548
0.16530219056865675,-39.48264072720317
0.3505467633222156,-18.44398679929323
0.16181664640404847,35.727326701158034
1.5822698280934888,11.627289824075353
-0.10825325223886004,-39.48264072720317
0.33457055631954125,7.038437199521378
0.13071120725620614,31.641294797272423
-1.689401290665661,-12.699829097706006
-1.2497736591103932,16.137309005336682
-0.08771594774860603,-39.48264072720317
2.0755236001364437,-2.2335130345263385
-0.10825325223886004,-15.935206029103457
0.39926502701555744,-39.05484876941181
-1.2497736591103932,-3.526894058084416
-0.801053308863267,18.10404076332848
-0.21376361882889733,7.038437199521378
-0.10462615523354754,7.596740867050775
-0.9024675039485013,-2.9291310600555684
0.29120460839181234,-21.699206232645043
0.3906688513397044,-2.0767928311559585
-0.801053308863267,15.093593964234987
-1.2497736591103932,16.98247544783629
0.17133069084377722,-29.856487290051373
0.16181664640404847,-1.9488866283982613
0.5786464468577881,-4.5569853151450985
0.1918725988069705,2.077521546435768
0.39926502701555744,7.596740867050775
-0.03095869084443841,-23.69499838117953
0.1589884271769304,-23.69499838117953
-0.017168990736273714,16.8762399221961
-0.10825325223886004,5.004397063638481
0.6735839854136264,42.74014106971756
-0.3151451186445354,-10.32835572313355
0.2528020560677244,22.526360517017405
0.05864512242631372,-0.8843744842369765
1.9022587109706586,-0.8843744842369765
0.3232970364782351,35.727326701158034
-0.17935181727408317,-4.27374692175362
-0.058578370644802334,-4.078524786165337
0.1918725988069705,-27.504862198609242
0.34238876799479534,4.007637341038666
-0.3151451186445354,-2.0982517115565
0.00999572619345961,15.093593964234987
0.05864512242631372,35.727326701158034
0.8958327942725657,49.925647069350426
0.17133069084377722,-3.526894058084416
-0.3054210698026699,-4.078524786165337
-0.0352084347935643,-9.895968986876213
1.394174000488054,7.596740867050775
-1.4442959583507398,35.727326701158034
1.5822698280934888,31.641294797272423
0.5101920150542831,-27.259749061922307
0.2006814916813869,42.74014106971756
-0.2033653306411805,15.261949196023727
0.44922296516495946,-4.078524786165337
-0.037097603046434724,-4.078524786165337
0.5786464468577881,5.004397063638481
-0.03861156615609694,13.73569103313465
-0.2738920535334189,-38.8446486552365
-0.032041593914278056,-38.8446486552365
2.0755236001364437,-6.6612816997610516
-0.14304889760529674,-3.2934762777459268
0.5786464468577881,-4.0030311692097875
0.34238876799479534,17.663083151548147
-0.05252757009506306,-11.378279124648387
0.05864512242631372,-38.8446486552365
0.2341443478001918,17.28183675774978
-0.0792748196307623,-14.761836885402682
-0.3294928383793912,-8.558438931875193
-0.19466522561525249,21.245403893104715
-0.00606422098292847,18.06735682480273
1.041244599416565,-6.6612816997610516
0.13071120725620614,-12.9217227829755
-0.10825325223886004,7.596740867050775
2.2358660093761475,5.911317787528296
0.6011300846259356,-4.5569853151450985
-0.7160738754535848,3.010803771110808
-0.058578370644802334,13.73569103313465
-0.9718979137563235,-3.526894058084416
-1.4442959583507398,78.70298308265971
-3.297318649963638,-4.078524786165337
0.5101920150542831,-12.9217227829755
0.16181664640404847,-6.508667502822483
-0.00606422098292847,7.596740867050775
-0.10825325223886004,13.122226931785953
0.13071120725620614,97.1706774401698
1.041244599416565,10.438571144155382
-0.4198911017118402,0.864766501985906
0.5101920150542831,-8.558438931875193
-0.00606422098292847,-33.21374444224675
-1.2497736591103932,14.044821634337412
-0.9024675039485013,44.982432429205495
1.2358599040804323,13.122226931785953
0.5786464468577881,7.78094809608704
1.0742461550524685,-6.6612816997610516
-0.36332751780594286,17.28183675774978
1.5822698280934888,29.995661536328267
-0.4669169529303681,-18.44398679929323
-0.08657770336893914,-10.814404479470381
-0.058578370644802334,12.102494748238584
0.4242270604129871,-18.44398679929323
-0.4342998201327942,-18.44398679929323
-2.366301450965275,-2.9291310600555684
0.16997473040900107,-4.0030311692097875
1.0742461550524685,21.943429764248087
0.20188123959900697,-15.935206029103457
-0.2741974333344227,16.8762399221961
0.4756248784722886,-8.558438931875193
0.6011300846259356,22.526360517017405
-0.00606422098292847,-39.48264072720317
0.1586219282642693,-3.2934762777459268
0.0916091018483673,-7.616156830860184
0.20188123959900697,-10.7764289179292
-0.009028874904964578,7.265070709056594
-0.30057689291677187,-33.21374444224675
1.9192044825252697,-2.3141928410932953
-0.05252757009506306,7.038437199521378
-0.10462615523354754,14.044821634337412
-0.16880052818434513,18.41275292458747
0.16268039011447305,13.987238754500622
3.2512246509059537,-27.504862198609242
-0.7160738754535848,-10.276710497240433
0.16181664640404847,35.727326701158034
-0.017168990736273714,-39.48264072720317
0.44922296516495946,7.265070709056594
-0.43529365049160484,65.91807055587971
-0.3151451186445354,9.28536351917838
-0.0352084347935643,34.66640998521532
3.116572218641195,0.30087760174787676
-0.16880052818434513,-15.935206029103457
1.4051177019833445,-23.69499838117953
-0.04555074380058599,-5.3619535347475376
-0.10825325223886004,-40.19327155395332
-0.2033653306411805,0.7847641990366732
-0.10462615523354754,337.79091355894997
-0.2033653306411805,-4.078524786165337
0.31021410415629347,16.36942024967121
-0.2033653306411805,31.57671909153448
1.041244599416565,7.596740867050775
-0.1118305206688687,-7.2466025351224115
-1.2497736591103932,28.17842089585539
0.16051745893966754,-19.279405262215892
-0.36332751780594286,-12.9217227829755
-0.3151451186445354,0.864766501985906
1.5822698280934888,-1.6881085035055867
-2.229932477622666,-7.308931431818518
-0.1118305206688687,-27.259749061922307
-0.1118305206688687,18.10404076332848
0.3505467633222156,-12.9217227829755
0.16181664640404847,-4.27374692175362
0.1589884271769304,3.2533966319815937
-0.16880052818434513,44.982432429205495
1.0742461550524685,-24.959993554285578
-0.2033653306411805,-18.44398679929323
-0.7287260669656467,5.676239989432423
-0.16880052818434513,11.627289824075353
-0.03095869084443841,34.66640998521532
-0.636274644842378,26.49447126537633
0.0010470528883741892,-4.078524786165337
0.20188123959900697,14.280904842711205
-0.05252757009506306,-33.21374444224675
-0.06487068597181327,-20.99715135852902
0.0010470528883741892,-9.956774156348473
-0.17935181727408317,-1.9488866283982613
-0.05252757009506306,-4.051877673123212
-0.19466522561525249,-14.138890062009661
-0.00606422098292847,13.987238754500622
-0.4198911017118402,-3.526894058084416
0.39926502701555744,-27.259749061922307
1.9192044825252697,-12.699829097706006
0.043113239087593416,21.245403893104715
-0.19466522561525249,7.265070709056594
-0.23758498733152322,13.73569103313465
-0.113624667977236,18.48178911445189
-0.21735499260060465,18.48178911445189
1.5822698280934888,-28.028858425570593
-0.10462615523354754,16.8762399221961
-0.3054210698026699,49.72568543360479
-0.05530137165783735,1.6473613643481597
0.7398260597725317,5.911317787528296
0.32482562098165857,15.093593964234987
-0.0808639114232312,26.49447126537633
0.16159146195309612,29.973871336493364
0.20188123959900697,-14.92608016726255
-0.36332751780594286,11.627289824075353
-0.636274644842378,-33.21374444224675
-0.058578370644802334,-57.74051646520421
-0.009028874904964578,7.596740867050775
0.00999572619345961,-47.17645554782859
-0.03861156615609694,21.387570884234133
0.39926502701555744,-10.276710497240433
-0.0166721650619027,15.093593964234987
-0.35281270793989095,25.055670452889288
0.05864512242631372,-2.9291310600555684
-0.7160738754535848,-7.616156830860184
0.3665757928180873,14.044821634337412
0.39926502701555744,-29.856487290051373
0.047684826740882966,-39.48264072720317
0.3505467633222156,7.038437199521378
0.1918725988069705,-6.072911394740857
0.272507160170109,7.265070709056594
0.16159146195309612,10.438571144155382
0.16159146195309612,22.454344845033457
0.2028095494411093,21.245403893104715
0.16159146195309612,-4.0030311692097875
-0.17006217304951132,-39.48264072720317
1.4616500348830879,11.627289824075353
-1.4442959583507398,-5.3619535347475376
0.0916091018483673,-38.8446486552365
0.05864512242631372,-12.9217227829755
-4.641982688069007,-4.949681631400662
0.5101920150542831,-18.44398679929323
0.4242270604129871,-23.69499838117953
1.2553987807724112,-1.9488866283982613
0.008010320845787419,-39.48264072720317
-0.00013670845530624475,-4.5569853151450985
-1.689401290665661,-3.526894058084416
0.05864512242631372,19.915807279684387
0.043113239087593416,23.372825929697136
-0.08048260070473123,2.256461576867558
-0.24416541236390005,-2.9614244565298433
0.18668415979289468,-2.343863389814117
-0.0792748196307623,-4.078524786165337
0.00999572619345961,-2.2335130345263385
-0.0754261473078616,2.077521546435768
-0.36332751780594286,12.080490209402095
-1.2497736591103932,7.265070709056594
-1.4442959583507398,14.909803878090194
1.5355175086949657,-2.7029679554461388
0.16997473040900107,-4.0030311692097875
0.2341443478001918,12.080490209402095
0.1918725988069705,-4.0030311692097875
0.5101920150542831,-3.3960019819265512
-0.10825325223886004,-18.44398679929323
0.32482562098165857,13.73569103313465
0.1589884271769304,5.004397063638481
0.2528020560677244,-4.078524786165337
0.33457055631954125,0.864766501985906
0.5786464468577881,-9.895968986876213
-0.12894786135221284,42.74014106971756
0.4242270604129871,166.76254514455465
-0.6802110654890579,-3.526894058084416
-0.7160738754535848,78.70298308265971
-0.35281270793989095,-3.526894058084416
0.44922296516495946,13.338180719551389
-0.12588186608270502,-13.840528630824332
-0.33576938220124525,0.864766501985906
0.44922296516495946,31.641294797272423
0.16997473040900107,49.925647069350426
-0.1845534832672918,-4.5569853151450985
0.20188123959900697,31.641294797272423
0.5101920150542831,-6.223666195099975
-0.24894497083856326,4.169944995986889
-0.12552467734978415,-2.9800795243972953
1.041244599416565,22.64623650589953
0.4997419662193159,-48.23772936159969
-0.01631420073264045,7.265070709056594
1.4051177019833445,10.438571144155382
-0.10462615523354754,11.195706723116947
0.043113239087593416,21.245403893104715
0.16159146195309612,-4.949681631400662
-0.7287260669656467,12.102494748238584
0.3548113137883401,-26.313056082160845
-0.04555074380058599,-8.558438931875193
-0.017168990736273714,-9.956774156348473
-1.5034819450854005,-27.259749061922307
-0.19466522561525249,0.864766501985906
0.6011300846259356,7.038437199521378
-0.505048042284805,-0.5361732542154023
0.16159146195309612,-14.92608016726255
0.16159146195309612,-8.558438931875193
1.1127658037795611,7.265070709056594
0.00999572619345961,18.10404076332848
-0.15875648059594238,31.641294797272423
0.31021410415629347,-19.279405262215892
-0.00606422098292847,12.080490209402095
0.2028095494411093,-4.5569853151450985
0.532244698972776,-2.218290423663901
0.00999572619345961,-4.0030311692097875
0.688791828861265,-4.078524786165337
0.00999572619345961,19.86333807164408
0.26972067301564895,16.137309005336682
-0.017168990736273714,-10.276710497240433
-0.1118305206688687,16.8762399221961
-1.4442959583507398,-7.849089718355956
-0.0352084347935643,-4.0030311692097875
-0.2893681985950519,-3.3960019819265512
-0.0352084347935643,-21.699206232645043
1.5055984623564311,9.20004271711571
0.32482562098165857,21.245403893104715
-0.009028874904964578,7.265070709056594
-0.36332751780594286,0.9214016884970614
0.16997473040900107,13.73569103313465
-0.7050481787525923,-12.699829097706006
1.7274817463526346,-9.956774156348473
-0.4198911017118402,-4.579917727602352
0.05864512242631372,7.38675613760892
0.44922296516495946,17.77974226352989
-0.7160738754535848,-3.3960019819265512
0.18668415979289468,-3.9950082705257763
-0.00606422098292847,21.21099415724861
0.05909883430361802,42.74014106971756
-0.009028874904964578,-27.15700683138211
0.30824932449865255,-10.814404479470381
-1.2497736591103932,-6.6612816997610516
-0.1118305206688687,2.256461576867558
0.16181664640404847,-4.0030311692097875
-1.2497736591103932,10.438571144155382
-0.4198911017118402,2.3456424366310573
0.39926502701555744,-12.9217227829755
-0.00606422098292847,-9.956774156348473
0.03258673623427275,18.48178911445189
-0.02603624527195943,-1.0630246735620064
-0.6941908539196296,13.976408821605908
-0.7160738754535848,8.799725091799269
0.043113239087593416,15.719889307234046
0.5786464468577881,-7.616156830860184
0.00999572619345961,-12.699829097706006
0.6011300846259356,-18.44398679929323
0.20188123959900697,-27.259749061922307
0.27586775984203465,-12.9217227829755
-0.16880052818434513,13.122226931785953
-1.1192685529603073,3.930661283315428
-0.1118305206688687,11.195706723116947
-0.801053308863267,-4.0030311692097875
-0.00606422098292847,162.90653740739342
-0.03095869084443841,21.245403893104715
0.32482562098165857,-4.0030311692097875
0.2528020560677244,14.044821634337412
-1.2497736591103932,18.10404076332848
-0.03861156615609694,-7.616156830860184
2.2358660093761475,-7.616156830860184
-1.2497736591103932,-4.0030311692097875
0.047684826740882966,-18.538109028352324
-0.023658355110180922,337.79091355894997
0.36435750103282766,-26.313056082160845
-0.08657770336893914,0.864766501985906
0.18668415979289468,3.6844645149518556
-0.058578370644802334,35.727326701158034
0.16997473040900107,-40.3877793567228
-0.10825325223886004,42.74014106971756
-0.08657770336893914,13.122226931785953
0.18668415979289468,34.458378268200114
0.33457055631954125,42.74014106971756
-0.03861156615609694,0.7847641990366732
-0.10462615523354754,20.943839012767775
0.0010470528883741892,56.467438218838886
-0.0792748196307623,-12.9217227829755
-0.3054210698026699,7.596740867050775
-0.017168990736273714,7.596740867050775
-0.3151451186445354,15.093593964234987
-0.1118305206688687,49.72568543360479
1.7274817463526346,-2.7029679554461388
-0.7287260669656467,-12.9217227829755
0.5786464468577881,-3.3960019819265512
-0.009028874904964578,17.28183675774978
-0.03861156615609694,-3.3960019819265512
0.6011300846259356,-4.0030311692097875
0.36435750103282766,-1.9488866283982613
0.5786464468577881,-2.9800795243972953
0.2528020560677244,-10.276710497240433
0.007990116497257959,26.49447126537633
0.164306546105706,7.038437199521378
-0.10825325223886004,-7.308931431818518
0.0010470528883741892,-7.719198499706887
0.8958327942725657,-7.616156830860184
0.2006814916813869,-4.27374692175362
0.1918725988069705,35.812396677192986
0.3505467633222156,-23.69499838117953
0.0007110155177981082,3.010803771110808
1.1127658037795611,13.987238754500622
0.34238876799479534,-4.27374692175362
0.15438855266195128,35.727326701158034
1.7274817463526346,-2.9291310600555684
0.5786464468577881,0.04146826652060548
0.5101920150542831,21.245403893104715
-0.2033653306411805,-1.9313173035818287
-0.801053308863267,-22.688931087626568
-0.05252757009506306,40.690505495633346
0.0010470528883741892,-17.97391752245654
0.7523905430874418,17.28183675774978
0.26972067301564895,-4.5569853151450985
-1.5034819450854005,42.74014106971756
-0.09849685936731763,31.641294797272423
0.1589884271769304,-3.3960019819265512
-0.03861156615609694,-14.138890062009661
0.1918725988069705,-27.259749061922307
-0.4342998201327942,16.137309005336682
-0.21376361882889733,-25.15343695062618
-0.16880052818434513,21.245403893104715
-0.0969281402019457,-2.9291310600555684
0.5786464468577881,30.10403746147668
2.0755236001364437,11.675314765328476
-1.4442959583507398,16.8762399221961
-0.04555074380058599,-23.69499838117953
-0.0352084347935643,83.67494295132117
0.05864512242631372,2.077521546435768
0.16181664640404847,-4.0030311692097875
3.2151897059635957,-0.5361732542154023
-0.2941137015527696,25.38713772153157
-0.17935181727408317,-39.1763748935869
-0.43529365049160484,16.36942024967121
-0.0352084347935643,-4.340986430734897
-0.21735499260060465,-6.072911394740857
0.40158367324280136,-0.5361732542154023
-0.08657770336893914,18.10404076332848
-1.1634612938655475,11.627289824075353
0.19769300947974253,31.044291863359163
-0.00606422098292847,-36.94575770724904
-0.03861156615609694,18.06735682480273
0.33049120169057705,21.245403893104715
2.2358660093761475,-7.616156830860184
0.8958327942725657,11.675314765328476
-0.17935181727408317,11.627289824075353
1.7274817463526346,-18.44398679929323
-0.7050481787525923,-10.32835572313355
-0.7050481787525923,-4.078524786165337
-0.9869487568887413,-3.3960019819265512
1.0742461550524685,78.70298308265971
-1.2497736591103932,-15.935206029103457
-0.2741974333344227,-27.504862198609242
2.0755236001364437,-2.2335130345263385
1.5822698280934888,11.627289824075353
0.16997473040900107,15.093593964234987
-0.00606422098292847,42.74014106971756
-0.4198911017118402,17.28183675774978
0.18668415979289468,-1.9488866283982613
-0.33576938220124525,0.7847641990366732
-0.009028874904964578,13.122226931785953
-0.7287260669656467,-10.884568947883732
-0.36332751780594286,16.137309005336682
-0.3054210698026699,-27.504862198609242
-1.6051186114402711,-0.8843744842369765
-0.00606422098292847,7.265070709056594
-0.058578370644802334,11.195706723116947
0.13093247266594338,-4.0030311692097875
0.8958327942725657,-39.48264072720317
-0.19466522561525249,5.911317787528296
0.16997473040900107,12.102494748238584
-0.10825325223886004,5.911317787528296
0.1918725988069705,-32.5199083846189
-0.113624667977236,22.526360517017405
-0.05252757009506306,-8.558438931875193
0.3800454743780971,5.911317787528296
-0.00013670845530624475,-1.2870816333418091
-0.505048042284805,-18.44398679929323
-0.17935181727408317,-6.6612816997610516
1.394174000488054,42.74014106971756
-2.065249419239362,49.72568543360479
-0.7160738754535848,-20.99715135852902
-1.2497736591103932,-4.0030311692097875
0.16051745893966754,13.122226931785953
-0.058578370644802334,-14.138890062009661
-0.0352084347935643,44.982432429205495
0.30057329476854466,-0.5361732542154023
-0.3054210698026699,-18.44398679929323
0.0010470528883741892,-0.5361732542154023
-0.08867063383433955,5.434557426538662
0.5786464468577881,-8.558438931875193
-0.2738920535334189,-0.8843744842369765
0.6011300846259356,7.596740867050775
1.5822698280934888,-20.99715135852902
0.3228247438500903,-2.9291310600555684
-0.0792748196307623,-4.0030311692097875
0.688791828861265,31.641294797272423
-0.505048042284805,-4.078524786165337
0.17887008538654098,16.137309005336682
-0.9024675039485013,-2.0767928311559585
5.4090943948656385,-20.99715135852902
-3.297318649963638,-40.3877793567228
0.29120460839181234,15.093593964234987
0.2341443478001918,-2.9800795243972953
-4.641982688069007,49.925647069350426
0.00999572619345961,-20.99715135852902
0.16159146195309612,-27.504862198609242
-1.4442959583507398,-12.9217227829755
-1.689401290665661,-10.276710497240433
-0.3151451186445354,49.925647069350426
0.008010320845787419,-12.9217227829755
-0.03095869084443841,-40.3877793567228
1.5355175086949657,49.925647069350426
0.18668415979289468,10.949350225159302
-0.0038219454768738557,16.8762399221961
1.5706936489161796,11.627289824075353
-1.2497736591103932,-3.3960019819265512
-0.3641364936922235,-4.27374692175362
-0.00606422098292847,12.102504841680373
-0.2828778532313708,0.864766501985906
0.05864512242631372,-7.616156830860184
0.2341443478001918,-4.0030311692097875
-0.2033653306411805,18.48178911445189
-0.3151451186445354,20.943839012767775
0.33049120169057705,21.245403893104715
-0.1118305206688687,17.77974226352989
-0.17935181727408317,-12.699829097706006
-1.742434198484417,2.8499852625433655
-0.43529365049160484,20.943839012767775
0.38403387494372687,-8.558438931875193
-0.0352084347935643,-18.44398679929323
0.46640658963121295,-4.846002185727043
0.0540268970479552,-10.814404479470381
0.36435750103282766,8.94794705401277
0.508558186780643,-4.27374692175362
0.15042606883719006,11.627289824075353
-1.2497736591103932,-12.699829097706006
0.16181664640404847,23.372825929697136
-0.04555074380058599,-3.526894058084416
0.36435750103282766,-3.526894058084416
0.0010470528883741892,-39.48264072720317
0.20188123959900697,-7.616156830860184
-0.43529365049160484,14.044821634337412
0.17887008538654098,-9.895968986876213
0.007968033397800145,31.641294797272423
-0.2033653306411805,8.94794705401277
-0.43529365049160484,14.280904842711205
0.3505467633222156,78.70298308265971
-0.15193756696726807,-12.9217227829755
-0.17935181727408317,-0.8843744842369765
0.47654322778642794,-7.308931431818518
-0.04555074380058599,34.66640998521532
-0.058578370644802334,8.94794705401277
-0.009028874904964578,10.438571144155382
0.1589884271769304,-21.925067375973722
-0.16880052818434513,-0.8843744842369765
-1.1634612938655475,-22.688931087626568
0.44922296516495946,-18.44398679929323
0.5786464468577881,-27.504862198609242
-0.801053308863267,-4.5569853151450985
-0.16880052818434513,18.694892084583277
-0.16880052818434513,-9.956774156348473
-0.2076377528588214,-7.616156830860184
0.33049120169057705,-4.5569853151450985
0.16181664640404847,-29.856487290051373
0.8958327942725657,10.438571144155382
0.3505467633222156,-7.616156830860184
-0.024598674677790366,5.39666366246006
0.5786464468577881,-2.9291310600555684
-0.12894786135221284,-4.078524786165337
-0.24894497083856326,44.982432429205495
-0.2033653306411805,-4.5569853151450985
0.38403387494372687,5.460778799335178
-1.689401290665661,18.41275292458747
-0.06218863734826252,-12.699829097706006
0.2006814916813869,-40.19327155395332
0.36435750103282766,-2.7029679554461388
-0.023658355110180922,0.04146826652060548
-0.36332751780594286,-24.959993554285578
2.0755236001364437,-10.207342532722286
-0.03861156615609694,14.004420132976355
0.1918725988069705,13.122226931785953
0.6011300846259356,-24.646420341805445
-0.7160738754535848,-23.69499838117953
0.34238876799479534,42.74014106971756
0.688791828861265,-38.8446486552365
-0.3151451186445354,25.38713772153157
0.16159146195309612,-15.935206029103457
0.5786464468577881,-8.558438931875193
0.16181664640404847,2.63263339993483
-0.2033653306411805,-20.14133706288764
2.2358660093761475,13.122226931785953
-1.2497736591103932,-0.0038359853624834496
-0.14304889760529674,29.973871336493364
1.1127658037795611,-12.9217227829755
-0.801053308863267,-10.7764289179292
-0.1118305206688687,16.67456378847738
-0.19466522561525249,-8.558438931875193
-0.21191448486425904,26.11635690996309
0.4242270604129871,11.627289824075353
-0.03861156615609694,-4.078524786165337
0.1918725988069705,-6.072911394740857
-0.0792748196307623,31.57671909153448
0.05864512242631372,-20.14133706288764
1.4616500348830879,-18.44398679929323
1.041244599416565,-27.259749061922307
-0.0792748196307623,14.280904842711205
-0.058578370644802334,21.245403893104715
0.13071120725620614,-4.078524786165337
1.0742461550524685,-0.8843744842369765
-0.17135948528698036,22.526360517017405
-0.00013670845530624475,-18.538109028352324
-0.009028874904964578,20.021864907847988
-0.7160738754535848,17.28183675774978
-0.30057689291677187,0.7847641990366732
-1.6778178025694679,16.8762399221961
1.041244599416565,3.010803771110808
-0.21376361882889733,22.526360517017405
-0.5671450383307745,-12.9217227829755
-0.10825325223886004,12.102494748238584
-0.2738920535334189,166.76254514455465
-0.0808639114232312,16.137309005336682
-0.10825325223886004,-15.935206029103457
-0.17935181727408317,-18.44398679929323
-0.7050481787525923,44.44184669975891
-0.801053308863267,-12.9217227829755
-0.113624667977236,21.245403893104715
-0.3151451186445354,17.77974226352989
-0.16880052818434513,-26.313056082160845
0.20188123959900697,-1.9488866283982613
-0.9024675039485013,-15.935206029103457
0.047684826740882966,7.038437199521378
1.5822698280934888,-10.056424393302532
0.16159146195309612,-1.0630246735620064
-0.3054210698026699,0.04146826652060548
0.16159146195309612,12.080490209402095
0.20188123959900697,16.98247544783629
0.2006814916813869,-39.48264072720317
-0.3054210698026699,0.30087760174787676
0.26972067301564895,11.1052927428243
0.4242270604129871,-4.078524786165337
-0.36332751780594286,-9.895968986876213
-0.00606422098292847,21.245403893104715
0.16181664640404847,11.627289824075353
-0.1529747467379292,-27.259749061922307
-0.4669169529303681,-12.699829097706006
-0.18717108190088227,40.690505495633346
0.20188123959900697,13.73569103313465
-0.05252757009506306,17.77974226352989
-0.2033653306411805,5.911317787528296
0.00999572619345961,-4.579917727602352
0.5786464468577881,18.06735682480273
0.17133069084377722,-18.44398679929323
-0.05252757009506306,7.038437199521378
-0.2033653306411805,31.641294797272423
-1.4442959583507398,49.925647069350426
0.688791828861265,21.245403893104715
-0.2741974333344227,0.864766501985906
0.00999572619345961,-6.6612816997610516
1.2553987807724112,7.038437199521378
-0.00606422098292847,7.038437199521378
0.20188123959900697,-1.9488866283982613
-1.2497736591103932,7.038437199521378
0.1918725988069705,-24.959993554285578
-0.1118305206688687,13.338180719551389
0.5101920150542831,31.641294797272423
-0.25449515339122203,2.3456424366310573
-0.43529365049160484,49.925647069350426
-0.05252757009506306,-32.18312620050924
-0.03861156615609694,-27.15700683138211
0.153020433690436,5.911317787528296
0.3505467633222156,14.280904842711205
0.38403387494372687,4.007637341038666
0.2528020560677244,7.596740867050775
-0.10825325223886004,-4.078524786165337
-0.009028874904964578,-6.6612816997610516
-0.4198911017118402,-1.9488866283982613
0.39926502701555744,14.280904842711205
-0.505048042284805,63.45249366120692
-0.00606422098292847,13.122226931785953
0.5786464468577881,-17.877312828880836
0.2341443478001918,-38.8446486552365
0.688791828861265,-32.18312620050924
-0.0792748196307623,22.454344845033457
0.047684826740882966,-15.935206029103457
-0.7050481787525923,29.973871336493364
0.04778851635149166,-52.37795764006779
-0.009028874904964578,32.96094067614628
0.16997473040900107,-10.276710497240433
0.5101920150542831,17.28183675774978
0.16181664640404847,5.911317787528296
-0.43529365049160484,0.7847641990366732
-0.40587280791599634,18.10404076332848
-0.009028874904964578,-10.276710497240433
0.39926502701555744,-12.9217227829755
0.00999572619345961,-1.6881085035055867
1.0742461550524685,14.909803878090194
-0.2782101086628936,17.28183675774978
-0.16333932667981615,-4.078524786165337
-0.17935181727408317,-21.989749770128757
1.041244599416565,-8.558438931875193
0.38403387494372687,7.265070709056594
0.5209864602641708,-4.5569853151450985
-0.1118305206688687,-13.360315882929202
-0.7050481787525923,16.8762399221961
0.44922296516495946,-12.699829097706006
-0.36332751780594286,1.562435408792224
-0.037097603046434724,10.438571144155382
0.30057329476854466,-2.9291310600555684
-0.03095869084443841,-4.5569853151450985
-1.2497736591103932,11.627289824075353
0.34238876799479534,31.57671909153448
-0.24481175478387227,21.048128097900637
0.16997473040900107,-8.558438931875193
-0.21376361882889733,-38.8446486552365
-0.00606422098292847,18.06735682480273
-0.00013670845530624475,-4.192298132741622
-0.35281270793989095,-12.9217227829755
-0.2033653306411805,-24.959993554285578
0.688791828861265,-72.19781680261991
-0.4198911017118402,17.77974226352989
-0.36332751780594286,-2.2335130345263385
-0.00606422098292847,-39.48264072720317
-0.16880052818434513,0.7847641990366732
0.0010470528883741892,-40.19327155395332
1.041244599416565,15.093593964234987
0.37149901830778975,29.973871336493364
-0.7050481787525923,18.06735682480273
0.6011300846259356,-64.12884555227778
-0.21376361882889733,-12.699829097706006
-0.058578370644802334,-25.15343695062618
0.16997473040900107,-40.19327155395332
0.32482562098165857,28.17842089585539
0.18668415979289468,21.21099415724861
-0.05252757009506306,22.526360517017405
0.4242270604129871,18.48178911445189
0.2341443478001918,42.74014106971756
-0.19723665039468066,-27.504862198609242
1.0742461550524685,5.004397063638481
0.16181664640404847,-17.97391752245654
0.5786464468577881,-23.69499838117953
0.18668415979289468,-1.9488866283982613
-0.00606422098292847,13.122226931785953
-0.009028874904964578,-21.699206232645043
0.20188123959900697,-27.15700683138211
-1.1634612938655475,-2.9614244565298433
0.2028095494411093,16.67456378847738
0.20188123959900697,-4.4418334411038245
0.05864512242631372,17.77974226352989
0.16181664640404847,0.864766501985906
-0.009028874904964578,-12.9217227829755
0.6735839854136264,-24.959993554285578
0.15042606883719006,-13.7293368035301
-1.689401290665661,-39.48264072720317
1.5822698280934888,-4.0030311692097875
0.20188123959900697,7.596740867050775
-0.7160738754535848,42.74014106971756
-0.00606422098292847,-12.9217227829755
0.4242270604129871,0.864766501985906
-0.009028874904964578,-27.504862198609242
-0.1118305206688687,-30.108523831933937
1.7274817463526346,17.28183675774978
-0.16880052818434513,2.1338652505476157
0.05864512242631372,-36.94575770724904
-0.43529365049160484,-8.558438931875193
-0.1118305206688687,-10.814404479470381
-0.024598674677790366,-26.896748735579198
0.5786464468577881,14.909803878090194
-0.058578370644802334,0.5465942706398988
0.32482562098165857,13.73569103313465
0.3505467633222156,7.5933355445900945
0.17133069084377722,-0.5361732542154023
1.041244599416565,49.925647069350426
0.26972067301564895,-0.5361732542154023
-0.009028874904964578,-29.856487290051373
0.075532725310448,7.265070709056594
0.24600207104221977,-4.5569853151450985
0.2006814916813869,17.28183675774978
1.394174000488054,18.10404076332848
0.8958327942725657,-4.0030311692097875
-0.17935181727408317,-23.69499838117953
0.5786464468577881,-0.8843744842369765
0.05864512242631372,11.627289824075353
-0.3054210698026699,-0.0038359853624834496
0.6011300846259356,-4.5569853151450985
1.5706936489161796,7.038437199521378
0.16997473040900107,-7.2466025351224115
0.00999572619345961,-47.17645554782859
-1.4442959583507398,-15.935206029103457
-0.024598674677790366,15.093593964234987
-0.2033653306411805,7.340366661926466
0.688791828861265,-39.48264072720317
0.17887008538654098,9.745063193530196
-0.4198911017118402,-4.078524786165337
0.0010470528883741892,-24.75912696901911
0.8958327942725657,21.245403893104715
-0.023658355110180922,-12.699829097706006
-0.7050481787525923,42.74014106971756
-0.05252757009506306,34.458378268200114
-0.17935181727408317,-18.44398679929323
-0.7050481787525923,-4.27374692175362
0.1918725988069705,44.44184669975891
0.6526028477519574,-4.949681631400662
2.2358660093761475,1.6473613643481597
-0.7050481787525923,-4.5569853151450985
0.26361681384434904,-8.558438931875193
0.17133069084377722,14.97768290564685
-0.03095869084443841,-4.078524786165337
0.047684826740882966,-24.959993554285578
-0.03861156615609694,21.245403893104715
0.9544380869215774,7.596740867050775
0.18668415979289468,-39.48264072720317
0.16181664640404847,-10.081603544848427
0.16159146195309612,-10.081603544848427
-0.04555074380058599,7.596740867050775
-0.00606422098292847,337.79091355894997
0.04778851635149166,11.627289824075353
0.20188123959900697,-24.959993554285578
-0.032041593914278056,3.2533966319815937
-0.058578370644802334,-38.8446486552365
0.8413545350956095,16.137309005336682
0.16159146195309612,29.973871336493364
0.16997473040900107,-1.0630246735620064
0.5786464468577881,-3.526894058084416
0.007968033397800145,21.387570884234133
0.34238876799479534,-4.27374692175362
0.6011300846259356,-24.959993554285578
0.20188123959900697,-27.504862198609242
0.19769300947974253,7.038437199521378
0.0916091018483673,-33.21374444224675
0.688791828861265,-7.616156830860184
0.4242270604129871,7.596740867050775
-0.2941137015527696,14.280904842711205
1.394174000488054,11.322639000940397
-0.10825325223886004,14.004420132976355
-0.7287260669656467,-7.616156830860184
0.32482562098165857,15.093593964234987
-0.009028874904964578,-5.3619535347475376
-0.2076377528588214,-3.9671451152817934
0.16181664640404847,-12.699829097706006
0.40158367324280136,-23.69499838117953
-0.00606422098292847,-7.616156830860184
0.15042606883719006,-2.7029679554461388
-0.03095869084443841,-10.276710497240433
2.5065347857651172,15.093593964234987
-0.36332751780594286,21.245403893104715
-0.1845534832672918,31.138589891912048
0.05864512242631372,-8.558438931875193
-0.0166721650619027,-5.3619535347475376
0.3505467633222156,-10.884568947883732
-0.0352084347935643,14.044821634337412
0.3548113137883401,14.044821634337412
-0.00606422098292847,-25.412180632315827
-0.5626984011075703,40.690505495633346
0.4242270604129871,-7.308931431818518
-0.36332751780594286,-12.699829097706006
-1.003876189520175,-4.5569853151450985
0.39926502701555744,0.864766501985906
-0.03095869084443841,49.925647069350426
0.0010470528883741892,-8.558438931875193
-0.801053308863267,-7.616156830860184
-0.113624667977236,-46.523517778655
0.18668415979289468,-14.138890062009661
0.30824932449865255,-6.6612816997610516
-0.26997640021527164,0.6328841260730843
0.10001883060204593,-2.9800795243972953
0.24466803898715012,-18.44398679929323
-0.17935181727408317,-7.616156830860184
-0.10825325223886004,2.077521546435768
-0.03861156615609694,17.28183675774978
0.39926502701555744,-20.14133706288764
-0.505048042284805,-2.2335130345263385
-1.2497736591103932,15.261949196023727
0.6735839854136264,21.245403893104715
-0.7287260669656467,11.627289824075353
0.3505467633222156,-5.059436089640311
-0.30057689291677187,15.093593964234987
0.16997473040900107,-39.48264072720317
0.46841303106282,-7.616156830860184
-1.4442959583507398,-4.0030311692097875
0.26972067301564895,-57.74051646520421
-0.19466522561525249,18.10404076332848
0.2341443478001918,-7.616156830860184
-0.801053308863267,26.49447126537633
0.05864512242631372,-8.558438931875193
-0.10825325223886004,-33.21374444224675
0.44922296516495946,3.010803771110808
0.2528020560677244,22.526360517017405
-0.2033653306411805,-4.27374692175362
-0.2741974333344227,15.10643195994704
-0.2033653306411805,17.77974226352989
0.6011300846259356,-0.5573310054388902
1.0742461550524685,0.04146826652060548
-0.9024675039485013,15.093593964234987
1.4051177019833445,21.245403893104715
-0.03095869084443841,-14.92608016726255
0.38403387494372687,31.57671909153448
-0.00606422098292847,5.911317787528296
-0.009028874904964578,-4.5569853151450985
2.012551393286114,-27.309788344432455
-0.40904271775737755,65.91807055587971
0.4997419662193159,2.077521546435768
2.2358660093761475,-15.347575898405239
0.18668415979289468,-33.21374444224675
0.2528020560677244,-4.0030311692097875
-0.15193756696726807,-2.2335130345263385
1.5822698280934888,14.909803878090194
-0.2915464995984715,14.044821634337412
-0.7287260669656467,-4.5569853151450985
-0.19466522561525249,-16.25322274257984
0.6011300846259356,13.122226931785953
-0.02705603350502108,49.925647069350426
-0.21191448486425904,18.77231901118117
0.17133069084377722,-2.9291310600555684
-0.19466522561525249,-10.276710497240433
-0.00606422098292847,2.8499852625433655
-0.2738920535334189,-25.908721899119882
-0.14304889760529674,-14.138890062009661
-0.2738920535334189,14.280904842711205
0.16181664640404847,-12.9217227829755
-0.21191448486425904,9.28536351917838
2.5062562280628145,35.727326701158034
0.688791828861265,-20.99715135852902
-0.009028874904964578,-4.0030311692097875
0.4242270604129871,11.195706723116947
0.00999572619345961,-18.44398679929323
0.3505467633222156,-40.19327155395332
1.2553987807724112,5.004397063638481
0.16997473040900107,190.3097190243283
1.0742461550524685,25.022911528364634
-0.3151451186445354,-4.192298132741622
0.36435750103282766,13.122226931785953
-0.07196222189562931,-15.935206029103457
0.20178521365593313,11.1052927428243
-0.06565703993025851,-27.15700683138211
-0.33576938220124525,-4.0030311692097875
1.041244599416565,7.038437199521378
-0.505048042284805,0.04146826652060548
0.46640658963121295,-12.9217227829755
-0.7401456791303287,-18.44398679929323
2.2358660093761475,0.04146826652060548
-0.030646184935596434,11.627289824075353
0.039476640067074374,-38.8446486552365
0.5786464468577881,7.038437199521378
-0.00606422098292847,-3.7731426931645045
-0.43529365049160484,11.627289824075353
0.043113239087593416,49.925647069350426
1.041244599416565,-24.959993554285578
0.0010470528883741892,-6.6612816997610516
-0.801053308863267,7.038437199521378
0.00999572619345961,-17.97391752245654
0.16159146195309612,-38.8446486552365
0.4242270604129871,5.911317787528296
0.16159146195309612,-9.150666438419684
1.0742461550524685,-39.1763748935869
-0.2782101086628936,11.322639000940397
0.34238876799479534,25.38713772153157
0.6097296047041605,-39.48264072720317
-0.2076377528588214,0.864766501985906
0.46640658963121295,17.77974226352989
0.18668415979289468,2.077521546435768
1.0026164971751694,18.48178911445189
-0.10825325223886004,-10.32835572313355
-0.43529365049160484,-12.699829097706006
0.39926502701555744,-2.2335130345263385
0.20188123959900697,-2.9800795243972953
-0.1118305206688687,-29.856487290051373
0.3906688513397044,-40.19327155395332
-1.2497736591103932,-7.616156830860184
1.041244599416565,-4.5569853151450985
0.16159146195309612,16.8762399221961
0.18668415979289468,-10.276710497240433
1.041244599416565,-8.558438931875193
0.7523905430874418,35.727326701158034
0.4997419662193159,-2.7029679554461388
0.6011300846259356,15.093593964234987
0.3505467633222156,-3.3960019819265512
-0.08657770336893914,-10.7764289179292
-0.0352084347935643,11.627289824075353
0.16181664640404847,19.86333807164408
1.041244599416565,12.102504841680373
0.3505467633222156,-27.504862198609242
-0.7050481787525923,-32.31398079172564
0.16159146195309612,13.73569103313465
0.16181664640404847,-3.9671451152817934
-1.2497736591103932,21.387570884234133
-1.2497736591103932,13.976408821605908
0.0010470528883741892,2.1338652505476157
-0.18590351632647606,7.265070709056594
0.20188123959900697,32.96094067614628
0.5786464468577881,7.038437199521378
0.20188123959900697,18.48178911445189
-0.0352084347935643,-2.2335130345263385
-0.7050481787525923,-21.699206232645043
1.5822698280934888,-20.99715135852902
-0.3844846724136027,17.77974226352989
0.16159146195309612,42.74014106971756
0.3505467633222156,22.64623650589953
-0.02705603350502108,14.909803878090194
0.05909883430361802,-8.558438931875193
-1.4442959583507398,49.925647069350426
-0.2033653306411805,-38.8446486552365
-0.00606422098292847,-25.15343695062618
0.19769300947974253,7.265070709056594
-0.0969281402019457,-25.246355178563757
1.041244599416565,49.925647069350426
0.3505467633222156,-0.0038359853624834496
-0.05252757009506306,-23.69499838117953
-0.113624667977236,17.28183675774978
-1.393529444639474,-8.558438931875193
0.18668415979289468,4.169944995986889
-0.19466522561525249,35.727326701158034
1.041244599416565,-21.699206232645043
-0.00606422098292847,0.864766501985906
-0.08657770336893914,64.89973956068428
-0.4198911017118402,5.911317787528296
1.041244599416565,-10.276710497240433
-0.009028874904964578,-4.078524786165337
0.1918725988069705,-2.9614244565298433
-0.05252757009506306,-21.699206232645043
-0.024598674677790366,18.10404076332848
-1.1793887582032776,18.10404076332848
1.7274817463526346,7.78094809608704
-0.2033653306411805,18.48178911445189
1.1819492274653245,6.375386923193691
0.2006814916813869,-10.884568947883732
0.44922296516495946,8.94794705401277
0.30057329476854466,17.77974226352989
0.05864512242631372,-4.27374692175362
-1.4276687895233653,21.245403893104715
0.0010470528883741892,7.038437199521378
-0.009028874904964578,-1.9488866283982613
-0.505048042284805,13.064261480023923
0.0010470528883741892,-4.949681631400662
-0.017168990736273714,18.48178911445189
0.39926502701555744,-39.48264072720317
-0.2782101086628936,35.727326701158034
-0.08657770336893914,-2.9614244565298433
0.00999572619345961,15.093593964234987
0.1918725988069705,11.627289824075353
0.30057329476854466,7.265070709056594
-0.054699764903173874,7.78094809608704
0.1918725988069705,15.261949196023727
0.3665757928180873,35.727326701158034
1.041244599416565,-14.92608016726255
-0.4198911017118402,-4.0030311692097875
0.3505467633222156,17.28183675774978
0.16181664640404847,7.038437199521378
-0.6299094769965032,21.245403893104715
0.30057329476854466,5.911317787528296
-0.5399423494487576,-40.19327155395332
-0.34608910240259316,-0.8843744842369765
0.44922296516495946,-17.97391752245654
-0.00606422098292847,-3.526894058084416
0.16159146195309612,35.727326701158034
0.2528020560677244,-10.050876275630035
0.30057329476854466,7.038437199521378
0.10001883060204593,20.943839012767775
1.041244599416565,18.10404076332848
1.5822698280934888,12.102494748238584
0.5101920150542831,-13.989261657391179
-0.03861156615609694,34.66640998521532
0.3505467633222156,-2.0767928311559585
0.44922296516495946,-10.276710497240433
1.0742461550524685,5.911317787528296
-0.16880052818434513,7.038437199521378
1.041244599416565,21.245403893104715
-0.009028874904964578,-2.0767928311559585
0.16181664640404847,-0.5361732542154023
-0.3151451186445354,-3.526894058084416
0.2786039531662106,-4.5569853151450985
-0.00606422098292847,-3.526894058084416
0.10001883060204593,-40.19327155395332
-0.058578370644802334,-12.699829097706006
-0.00606422098292847,14.280904842711205
0.2528020560677244,-5.3619535347475376
-0.03861156615609694,-12.9217227829755
0.4997419662193159,49.925647069350426
0.44922296516495946,7.596740867050775
-0.037097603046434724,-19.279405262215892
1.3402699205612447,-3.3960019819265512
0.043113239087593416,-8.335252925287833
-1.6778178025694679,16.137309005336682
-0.636274644842378,0.04146826652060548
0.30057329476854466,-4.078524786165337
0.4756248784722886,7.265070709056594
-1.2497736591103932,11.627289824075353
-0.10825325223886004,18.48178911445189
-1.4442959583507398,49.925647069350426
1.0742461550524685,-39.48264072720317
0.6011300846259356,35.727326701158034
0.1586219282642693,-3.7731426931645045
-0.3054210698026699,-14.807425866768156
0.00999572619345961,-27.259749061922307
1.7274817463526346,-12.9217227829755
0.16268039011447305,21.245403893104715
-0.26997640021527164,49.925647069350426
-0.00013670845530624475,-38.8446486552365
-0.00013670845530624475,31.641294797272423
-0.36332751780594286,10.438571144155382
-0.10462615523354754,21.34879511607822
0.16997473040900107,-17.416640261134116
-0.9024675039485013,-15.935206029103457
0.20188123959900697,44.44184669975891
-0.058578370644802334,16.137309005336682
-0.4198911017118402,12.080490209402095
0.1918725988069705,18.06735682480273
0.36435750103282766,-33.21374444224675
-0.03095869084443841,12.102494748238584
0.04778851635149166,-15.935206029103457
-0.15963008896540815,13.976408821605908
-0.06218863734826252,-3.526894058084416
0.17133069084377722,-8.558438931875193
-0.36332751780594286,15.093593964234987
0.5786464468577881,29.973871336493364
0.3943868690328035,-40.3877793567228
-0.7287260669656467,7.038437199521378
-0.904254043280354,11.1052927428243
-1.003876189520175,19.915807279684387
-1.4442959583507398,35.727326701158034
-0.7429272192252189,-4.949681631400662
0.16997473040900107,-40.19327155395332
0.688791828861265,15.355957543981352
-0.0792748196307623,13.122226931785953
0.32482562098165857,12.080490209402095
-0.11211130213329021,36.622797333381634
-0.40587280791599634,-5.3619535347475376
-0.10825325223886004,-9.150666438419684
0.46640658963121295,-20.99715135852902
-0.34167038395473925,14.004420132976355
0.20188123959900697,2.63263339993483
-0.10825325223886004,7.038437199521378
-0.1308138626049503,0.864766501985906
-0.06194194306377323,17.28183675774978
0.00999572619345961,-0.5361732542154023
-0.05252757009506306,2.1338652505476157
0.2528020560677244,-3.526894058084416
-0.00606422098292847,-7.719198499706887
0.3228247438500903,5.004397063638481
-0.1118305206688687,0.7847641990366732
0.00999572619345961,16.98247544783629
0.3505467633222156,17.28183675774978
0.00999572619345961,-0.5361732542154023
-0.0352084347935643,-12.9217227829755
0.6011300846259356,7.265070709056594
0.16181664640404847,8.94794705401277
0.2006814916813869,10.438571144155382
0.16997473040900107,-33.21374444224675
0.16159146195309612,18.10404076332848
0.1918725988069705,31.57671909153448
-0.3151451186445354,-4.0030311692097875
0.508558186780643,44.44184669975891
2.0755236001364437,22.549677118574028
0.043113239087593416,21.245403893104715
0.2786039531662106,0.04146826652060548
-0.009028874904964578,-10.035404744287794
-0.0792748196307623,21.21099415724861
0.16159146195309612,13.122226931785953
-0.19466522561525249,-4.0030311692097875
0.19769300947974253,13.73569103313465
0.688791828861265,-40.3877793567228
0.39926502701555744,-4.078524786165337
0.00999572619345961,11.322639000940397
0.0010470528883741892,-1.9488866283982613
0.6011300846259356,-1.9488866283982613
0.33457055631954125,-0.8843744842369765
2.5065347857651172,7.596740867050775
-0.009028874904964578,-4.0030311692097875
-0.4198911017118402,8.94794705401277
0.5101920150542831,-0.5361732542154023
-0.0792748196307623,15.719889307234046
1.5822698280934888,-38.8446486552365
-0.4342998201327942,-12.699829097706006
-0.08657770336893914,18.06735682480273
0.16181664640404847,0.7847641990366732
0.32482562098165857,7.596740867050775
-0.030646184935596434,21.245403893104715
1.9263509282651272,13.987238754500622
0.9544380869215774,-8.335252925287833
-0.06218863734826252,-5.3619535347475376
0.05160574619961226,7.64174099114888
-0.36332751780594286,18.10404076332848
-1.4442959583507398,-33.21374444224675
0.36435750103282766,-10.276710497240433
0.1918725988069705,29.704337441723858
0.1918725988069705,0.04146826652060548
-0.03095869084443841,-15.935206029103457
0.2786039531662106,-4.5569853151450985
1.5822698280934888,5.911317787528296
-0.15193756696726807,-4.5569853151450985
0.1918725988069705,-19.279405262215892
0.32482562098165857,-15.935206029103457
-0.01631420073264045,7.596740867050775
0.17133069084377722,-24.959993554285578
-0.36332751780594286,-4.949681631400662
-0.009028874904964578,21.245403893104715
0.23608909821264756,-0.5361732542154023
-0.08657770336893914,-4.5569853151450985
0.30057329476854466,-39.48264072720317
0.3906688513397044,31.641294797272423
-0.0352084347935643,-24.646420341805445
0.38403387494372687,-16.973394138905665
0.5101920150542831,-0.25179611452328626
0.6011300846259356,-27.504862198609242
-0.7287260669656467,8.94794705401277
-0.017168990736273714,-5.3619535347475376
-0.7050481787525923,7.038437199521378
-0.058578370644802334,10.468692416633777
1.041244599416565,35.727326701158034
0.2006814916813869,34.66640998521532
-0.21735499260060465,-0.0038359853624834496
-0.023658355110180922,5.911317787528296
-0.113624667977236,7.038437199521378
0.36435750103282766,-10.081603544848427
0.07156747467034513,-1.816396467890097
-1.2497736591103932,17.77974226352989
-0.6230753889609728,-2.7029679554461388
1.7274817463526346,31.641294797272423
-0.06565703993025851,7.265070709056594
0.3505467633222156,-2.0982517115565
-0.009028874904964578,-10.276710497240433
-0.43529365049160484,-0.8843744842369765
0.00999572619345961,34.66640998521532
-0.024598674677790366,-4.5569853151450985
0.04778851635149166,12.080490209402095
0.047684826740882966,49.925647069350426
-0.9024675039485013,7.38675613760892
0.3606517853674941,2.077521546435768
-0.16880052818434513,17.77974226352989
-0.6299094769965032,0.864766501985906
-0.2076377528588214,2.8499852625433655
1.041244599416565,-39.48264072720317
0.3800454743780971,13.73569103313465
0.13071120725620614,18.48178911445189
1.041244599416565,34.66640998521532
0.5786464468577881,49.925647069350426
-0.2033653306411805,-16.25322274257984
1.3837758509206166,13.122226931785953
-0.1118305206688687,-1.9488866283982613
-0.058578370644802334,-14.599071393320667
-0.16880052818434513,35.727326701158034
1.041244599416565,-10.814404479470381
0.34238876799479534,-12.9217227829755
0.6011300846259356,14.280904842711205
-0.25331001659545593,-24.959993554285578
-0.36332751780594286,-12.699829097706006
0.44922296516495946,49.925647069350426
-0.10825325223886004,78.70298308265971
0.20188123959900697,-2.7029679554461388
-0.4198911017118402,0.864766501985906
-0.801053308863267,-9.956774156348473
0.1862811975921174,0.864766501985906
1.7274817463526346,-12.699829097706006
1.041244599416565,19.915807279684387
0.2528020560677244,-64.12884555227778
-1.2497736591103932,9.13205616139108
-0.18590351632647606,-27.504862198609242
0.44922296516495946,-40.19327155395332
0.701364549953977,16.137309005336682
0.511416933333918,-0.5361732542154023
-0.08771594774860603,-4.078524786165337
-0.009028874904964578,-29.856487290051373
0.8958327942725657,18.06735682480273
0.039476640067074374,-16.973394138905665
-0.03861156615609694,39.760585038296945
-0.1118305206688687,0.30087760174787676
0.1918725988069705,0.864766501985906
0.047684826740882966,-39.48264072720317
-0.4198911017118402,18.77231901118117
-0.10825325223886004,29.995661536328267
-0.00606422098292847,-21.699206232645043
-0.05252757009506306,-40.19327155395332
0.689246666015755,49.925647069350426
-0.6299094769965032,13.73569103313465
0.36435750103282766,-12.9217227829755
0.16181664640404847,21.21099415724861
-0.05252757009506306,17.77974226352989
0.18668415979289468,-0.8843744842369765
-0.17935181727408317,11.25863723715804
0.5209864602641708,13.99269216824317
0.32482562098165857,-19.60800199927033
1.394174000488054,-23.69499838117953
0.44922296516495946,44.743497401818274
-0.904254043280354,-14.138890062009661
-0.18590351632647606,5.004397063638481
0.1918725988069705,7.38675613760892
-0.15193756696726807,-29.856487290051373
-0.009028874904964578,18.48178911445189
-1.2497736591103932,40.690505495633346
-0.21735499260060465,-7.308931431818518
0.2434758227448847,34.66640998521532
-0.05252757009506306,-1.9488866283982613
0.37149901830778975,-7.616156830860184
0.043113239087593416,-8.558438931875193
0.44922296516495946,17.77974226352989
-0.9024675039485013,2.077521546435768
1.478002339277954,7.78094809608704
-0.7050481787525923,-25.412180632315827
0.0540268970479552,-0.5361732542154023
-0.9718979137563235,-7.965552930046018
1.041244599416565,14.071100412859938
-0.801053308863267,-37.61074050176849
-0.43529365049160484,-14.761836885402682
0.1589884271769304,13.122226931785953
0.3906688513397044,19.31827048195189
-0.113624667977236,49.72568543360479
-0.801053308863267,21.387570884234133
-0.0352084347935643,21.21099415724861
0.16268039011447305,13.73569103313465
0.26361681384434904,7.596740867050775
0.34238876799479534,-2.9291310600555684
-0.06487068597181327,-4.5569853151450985
-0.16991230286868034,0.864766501985906
0.688791828861265,12.102494748238584
-0.8246288976755036,-23.69499838117953
0.0010470528883741892,35.727326701158034
1.0742461550524685,14.280904842711205
0.8958327942725657,29.704337441723858
-0.10825325223886004,-24.959993554285578
-0.36332751780594286,-10.276710497240433
-0.24481175478387227,20.2183142232873
0.1918725988069705,17.77974226352989
-0.08657770336893914,17.77974226352989
1.4051177019833445,15.093593964234987
-0.7050481787525923,9.13205616139108
0.3614545749440984,17.28183675774978
0.2341443478001918,21.245403893104715
-0.3151451186445354,-1.5881115983279661
-0.1845534832672918,11.627289824075353
-0.3054210698026699,0.7847641990366732
0.8958327942725657,3.010803771110808
-0.1118305206688687,-0.5361732542154023
0.6011300846259356,-3.526894058084416
0.2006814916813869,42.74014106971756
0.0010470528883741892,-27.504862198609242
-1.4442959583507398,-3.3960019819265512
0.31021410415629347,-6.152960897313826
-0.0969281402019457,-0.5361732542154023
-0.3151451186445354,-27.504862198609242
0.18668415979289468,35.727326701158034
-0.2738920535334189,7.265070709056594
0.6011300846259356,15.093593964234987
-0.35243879767473646,-9.956774156348473
1.1819492274653245,-17.96488556547557
0.0540268970479552,5.39666366246006
-0.2033653306411805,49.925647069350426
-0.13638257532230327,-7.616156830860184
-0.00013670845530624475,-7.2466025351224115
0.16181664640404847,11.627289824075353
0.09457556784870232,-18.44398679929323
2.2358660093761475,18.10404076332848
-0.05252757009506306,-1.0630246735620064
0.047684826740882966,13.73569103313465
0.00999572619345961,-15.935206029103457
-0.9024675039485013,16.137309005336682
0.3606517853674941,-38.8446486552365
-0.00606422098292847,-0.8843744842369765
0.5786464468577881,35.727326701158034
0.04778851635149166,-3.3960019819265512
1.5822698280934888,-0.8843744842369765
0.16051745893966754,7.596740867050775
-1.742434198484417,18.06735682480273
-0.801053308863267,5.460778799335178
1.2358599040804323,17.77974226352989
-0.0352084347935643,6.2392066147147895
1.3997807965823006,11.627289824075353
-0.0792748196307623,2.5785617668424425
0.05864512242631372,17.77974226352989
0.00999572619345961,7.038437199521378
0.8958327942725657,42.74014106971756
-0.7401456791303287,17.28183675774978
0.03258673623427275,15.093593964234987
1.5822698280934888,-0.5573310054388902
0.34238876799479534,-4.0030311692097875
-0.3844846724136027,18.48178911445189
-0.9869487568887413,-5.989201726962683
-1.4442959583507398,-3.3960019819265512
-0.00013670845530624475,2.1338652505476157
-0.009028874904964578,7.038437199521378
0.2434758227448847,-4.5569853151450985
1.9192044825252697,-25.15343695062618
-0.7050481787525923,-7.395869948132882
-0.05252757009506306,12.102504841680373
-0.08867063383433955,35.727326701158034
0.18668415979289468,10.438571144155382
0.8958327942725657,-10.276710497240433
-0.03861156615609694,-7.616156830860184
0.5101920150542831,-4.078524786165337
0.6011300846259356,17.28183675774978
-0.00013670845530624475,18.48178911445189
0.05864512242631372,11.627289824075353
-0.009028874904964578,20.943839012767775
-1.689401290665661,-18.44398679929323
0.0010470528883741892,-15.935206029103457
0.44922296516495946,11.627289824075353
1.041244599416565,9.28536351917838
0.1586219282642693,-8.558438931875193
1.4616500348830879,15.093593964234987
-0.2033653306411805,7.240585088475593
0.45448722164395744,-17.96488556547557
0.44922296516495946,-2.2335130345263385
0.6735839854136264,-21.989749770128757
-0.43529365049160484,22.526360517017405
-0.1118305206688687,-2.9800795243972953
-0.7938159071133528,17.77974226352989
0.30057329476854466,-4.0030311692097875
0.13852174265787634,21.245403893104715
-0.03095869084443841,5.460778799335178
0.688791828861265,16.8762399221961
-0.2941137015527696,1.6473613643481597
-0.08657770336893914,-27.504862198609242
0.3906688513397044,-2.2335130345263385
-0.10825325223886004,3.010803771110808
0.27586775984203465,29.973871336493364
-0.801053308863267,35.727326701158034
-0.10825325223886004,-15.935206029103457
-0.3054210698026699,-5.3619535347475376
-0.904254043280354,-4.27374692175362
1.5822698280934888,-4.0030311692097875
-0.7287260669656467,-4.5569853151450985
-0.18590351632647606,7.265070709056594
-0.14304889760529674,2.077521546435768
-0.04555074380058599,-47.17645554782859
-0.05873740317876268,-4.27374692175362
1.0742461550524685,162.90653740739342
0.26972067301564895,11.1052927428243
0.20188123959900697,0.864766501985906
0.3906688513397044,-11.111584414861227
-0.4198911017118402,-1.9488866283982613
-0.058578370644802334,-10.276710497240433
-0.3363651125119391,10.702260964686408
-0.017168990736273714,29.973871336493364
-0.058578370644802334,-8.558438931875193
-1.1634612938655475,-4.0030311692097875
0.16181664640404847,5.911317787528296
-0.0352084347935643,15.355957543981352
1.1127658037795611,21.245403893104715
-0.30057689291677187,-3.9950082705257763
-0.2033653306411805,-2.2335130345263385
-0.0808639114232312,-10.276710497240433
0.272507160170109,-39.48264072720317
0.31021410415629347,97.1706774401698
-0.058578370644802334,-64.12884555227778
0.05864512242631372,7.038437199521378
0.16159146195309612,-26.896748735579198
1.041244599416565,-10.884568947883732
-0.017168990736273714,-39.48264072720317
-0.017168990736273714,17.28183675774978
0.34238876799479534,13.987238754500622
-0.47282598073482546,-18.44398679929323
0.32482562098165857,-4.27374692175362
-0.3054210698026699,35.727326701158034
-0.10462615523354754,18.48178911445189
-0.6299094769965032,-16.25322274257984
-0.33576938220124525,3.010803771110808
-0.00606422098292847,-10.032654483473237
0.8958327942725657,-15.935206029103457
-0.7287260669656467,7.140872871365899
-0.13638257532230327,-8.558438931875193
-0.1118305206688687,-24.959993554285578
1.041244599416565,-47.17645554782859
0.1918725988069705,25.055670452889288
-0.2033653306411805,-27.259749061922307
-0.0166721650619027,3.930661283315428
-0.05252757009506306,49.925647069350426
1.5055984623564311,-39.48264072720317
0.16268039011447305,13.572532083973394
-0.1529747467379292,-20.14133706288764
-0.801053308863267,-4.0030311692097875
1.5572188396577433,65.21136808967643
-1.2497736591103932,-0.0038359853624834496
-1.4442959583507398,20.31032155601569
2.2358660093761475,11.203377655803251
1.041244599416565,12.102494748238584
-1.4442959583507398,17.77974226352989
0.38403387494372687,-2.9291310600555684
0.688791828861265,21.245403893104715
-0.03861156615609694,49.925647069350426
-0.9718979137563235,-12.699829097706006
0.5786464468577881,-23.69499838117953
0.4756248784722886,-0.8843744842369765
0.3606517853674941,5.911317787528296
-0.009028874904964578,-29.856487290051373
-0.2741974333344227,-20.99715135852902
0.3800454743780971,13.73569103313465
0.0010470528883741892,40.690505495633346
0.39926502701555744,29.704337441723858
-0.1435785576040279,-12.9217227829755
0.32482562098165857,-7.308931431818518
-0.3151451186445354,-2.7029679554461388
1.1127658037795611,-2.2335130345263385
0.09457556784870232,-15.935206029103457
-0.19466522561525249,-27.259749061922307
-0.21735499260060465,7.038437199521378
-0.505048042284805,13.73569103313465
-0.044810527848512395,16.98247544783629
-0.009028874904964578,-4.27374692175362
0.20188123959900697,44.743497401818274
0.6011300846259356,-4.0030311692097875
-0.00606422098292847,-23.69499838117953
-0.1118305206688687,35.727326701158034
0.4242270604129871,-14.138890062009661
0.2528020560677244,15.355957543981352
0.16268039011447305,0.7847641990366732
0.20188123959900697,7.038437199521378
0.0010470528883741892,7.265070709056594
-0.03861156615609694,-27.259749061922307
-0.30057689291677187,12.862794183118371
2.5062562280628145,49.925647069350426
-1.4442959583507398,-14.92608016726255
-0.9024675039485013,78.70298308265971
0.36435750103282766,21.245403893104715
-0.08657770336893914,18.06735682480273
-0.21735499260060465,-27.504862198609242
0.26361681384434904,-3.526894058084416
1.5822698280934888,-9.150666438419684
-0.03861156615609694,-8.558438931875193
1.9525911882714773,-34.62117903171609
0.508558186780643,-4.27374692175362
1.5822698280934888,-2.7029679554461388
-0.05252757009506306,19.86333807164408
-0.14258406777394997,-2.7029679554461388
1.9192044825252697,7.038437199521378
-0.505048042284805,-10.081603544848427
-0.00606422098292847,-47.17645554782859
0.075532725310448,18.10404076332848
0.8958327942725657,25.020376398596255
0.2006814916813869,0.04146826652060548
-0.00606422098292847,35.727326701158034
-0.10825325223886004,16.8762399221961
-0.10462615523354754,-14.92608016726255
-0.40904271775737755,18.48178911445189
0.20188123959900697,21.245403893104715
0.047684826740882966,15.093593964234987
0.05160574619961226,-27.504862198609242
0.16997473040900107,25.38713772153157
0.6011300846259356,-12.9217227829755
0.0916091018483673,9.945425506145359
0.47654322778642794,-32.18312620050924
1.5822698280934888,190.3097190243283
-0.00606422098292847,-10.814404479470381
-0.17935181727408317,5.911317787528296
0.8958327942725657,-57.74051646520421
-0.058578370644802334,18.48178911445189
-0.08657770336893914,78.70298308265971
2.0755236001364437,18.06735682480273
-0.024598674677790366,-17.416640261134116
-0.0352084347935643,-14.138890062009661
0.26972067301564895,-0.5573310054388902
-0.030646184935596434,5.911317787528296
-0.4198911017118402,0.04146826652060548
0.2528020560677244,17.28183675774978
0.05909883430361802,-21.699206232645043
-0.058578370644802334,13.122226931785953
3.1299622614874876,-7.849089718355956
-0.505048042284805,21.245403893104715
-0.3054210698026699,49.925647069350426
0.16530219056865675,14.044821634337412
-0.7287260669656467,7.265070709056594
-0.00606422098292847,-3.526894058084416
-0.3151451186445354,-2.9291310600555684
2.0755236001364437,18.06735682480273
-0.3151451186445354,-38.8446486552365
0.16181664640404847,-14.114341188560951
-0.04555074380058599,-7.308931431818518
-0.21735499260060465,44.44184669975891
-0.7287260669656467,15.355957543981352
-0.058578370644802334,34.66640998521532
0.16159146195309612,16.8762399221961
-0.25331001659545593,-2.2335130345263385
0.2006814916813869,0.04146826652060548
2.2358660093761475,-3.526894058084416
0.44922296516495946,-0.8843744842369765
1.394174000488054,166.76254514455465
-0.2033653306411805,-18.44398679929323
-0.07376395554197326,-4.078524786165337
-0.0792748196307623,-12.9217227829755
-0.08771594774860603,22.526360517017405
0.16051745893966754,-14.138890062009661
-0.0792748196307623,-15.935206029103457
-0.16880052818434513,-7.576370497613808
0.38403387494372687,-0.5573310054388902
-0.10462615523354754,-1.9313173035818287
0.4756248784722886,5.911317787528296
-0.43529365049160484,18.10404076332848
0.6011300846259356,-8.558438931875193
-0.9024675039485013,15.355957543981352
-0.024598674677790366,-12.9217227829755
0.31021410415629347,5.004397063638481
1.1127658037795611,7.265070709056594
0.05864512242631372,17.77974226352989
-0.505048042284805,-0.5361732542154023
-0.03861156615609694,-25.412180632315827
-0.7050550900595922,-18.44398679929323
0.16181664640404847,-39.48264072720317
-0.05252757009506306,21.245403893104715
0.18668415979289468,-1.6881085035055867
-0.7050481787525923,-12.699829097706006
0.44922296516495946,42.74014106971756
-0.13638257532230327,-18.44398679929323
0.8958327942725657,-12.9217227829755
0.8958327942725657,14.97768290564685
0.05864512242631372,40.690505495633346
1.0742461550524685,-40.19327155395332
1.4051177019833445,-14.761836885402682
-1.4442959583507398,2.077521546435768
1.2553987807724112,18.48178911445189
0.18668415979289468,-21.699206232645043
0.10001883060204593,13.122226931785953
0.34238876799479534,-12.9217227829755
0.5101920150542831,-14.761836885402682
-0.1118305206688687,-6.756081256335111
0.1918725988069705,2.8499852625433655
-0.10825325223886004,-12.9217227829755
0.029992153168686732,-4.192298132741622
-0.4198911017118402,2.63263339993483
-0.06487068597181327,44.982432429205495
-0.0352084347935643,14.044821634337412
-0.00606422098292847,21.245403893104715
-0.7050481787525923,-7.616156830860184
0.4997419662193159,-33.21374444224675
0.8958327942725657,-39.48264072720317
-0.0792748196307623,-1.6881085035055867
-0.801053308863267,-3.4464653984667657
0.05864512242631372,7.265070709056594
0.05864512242631372,-12.9217227829755
-0.058578370644802334,29.973871336493364
-4.641982688069007,-2.2335130345263385
0.043113239087593416,-4.0030311692097875
-0.5626984011075703,-10.035404744287794
-0.00013670845530624475,-1.9488866283982613
-0.12385572129947438,17.28183675774978
-0.16333932667981615,5.911317787528296
1.394174000488054,7.140872871365899
-0.03861156615609694,-27.259749061922307
-0.4198911017118402,-15.935206029103457
0.6011300846259356,-4.5569853151450985
-0.3054210698026699,49.925647069350426
0.36435750103282766,7.265070709056594
-0.17935181727408317,-8.558438931875193
-0.3151451186445354,-12.9217227829755
-0.365708981743811,-14.92608016726255
0.31021410415629347,42.74014106971756
0.688791828861265,-12.9217227829755
-0.00606422098292847,-10.056424393302532
1.041244599416565,16.8762399221961
-0.24416541236390005,0.04146826652060548
0.2341443478001918,-7.616156830860184
-0.05252757009506306,-8.558438931875193
0.4997419662193159,-6.223666195099975
0.3505467633222156,32.96094067614628
0.1589884271769304,-4.5569853151450985
-0.00606422098292847,18.06735682480273
0.5101920150542831,17.77974226352989
-1.2497736591103932,-10.276710497240433
-1.5034819450854005,-2.9291310600555684
0.10001883060204593,-18.44398679929323
-0.22703734199817482,-4.051877673123212
0.3906688513397044,-27.259749061922307
-0.058578370644802334,0.864766501985906
-0.18919986416985762,11.627289824075353
-0.1845534832672918,190.3097190243283
-0.9024675039485013,-46.523517778655
1.0742461550524685,21.245403893104715
-0.00606422098292847,17.28183675774978
-0.1118305206688687,0.864766501985906
-0.16880052818434513,-2.9614244565298433
-0.7160738754535848,5.911317787528296
0.36435750103282766,34.66640998521532
0.688791828861265,-20.14133706288764
0.3505467633222156,17.77974226352989
0.16181664640404847,17.224157523989543
-0.7287260669656467,-39.1763748935869
0.0010470528883741892,-40.3877793567228
-0.47282598073482546,17.28183675774978
-0.19466522561525249,78.70298308265971
0.2786039531662106,14.280904842711205
0.30057329476854466,13.122226931785953
0.0010470528883741892,-4.0030311692097875
1.2553987807724112,17.28183675774978
0.39926502701555744,29.704337441723858
-0.09849685936731763,-2.9614244565298433
0.16181664640404847,16.137309005336682
-0.017168990736273714,0.04146826652060548
-0.10825325223886004,3.010803771110808
-0.10462615523354754,-7.616156830860184
1.0742461550524685,0.04146826652060548
-0.2033653306411805,162.90653740739342
2.0013801206858988,17.77974226352989
-0.505048042284805,-4.5569853151450985
0.8958327942725657,7.38675613760892
0.38403387494372687,14.280904842711205
0.13852174265787634,13.73569103313465
0.3505467633222156,20.943839012767775
0.46640658963121295,-2.2335130345263385
0.34238876799479534,7.596740867050775
-0.05252757009506306,0.864766501985906
-0.05252757009506306,-12.699829097706006
-0.03861156615609694,-2.9291310600555684
-0.1118305206688687,42.74014106971756
-1.4442959583507398,3.6844645149518556
0.2521351458422851,-4.949681631400662
-0.032041593914278056,16.8762399221961
1.0026164971751694,-27.259749061922307
-0.058578370644802334,-0.0038359853624834496
0.6011300846259356,16.36942024967121
0.16181664640404847,-14.761836885402682
-0.017168990736273714,-7.576370497613808
-0.2033653306411805,2.1338652505476157
-0.0764545697770406,11.627289824075353
0.8413545350956095,-64.12884555227778
0.18668415979289468,5.911317787528296
0.1918725988069705,13.064261480023923
0.39926502701555744,-14.138890062009661
0.16181664640404847,35.727326701158034
0.00999572619345961,-8.558438931875193
-0.12552467734978415,2.63263339993483
0.043113239087593416,18.745431048207855
0.30824932449865255,11.627289824075353
1.041244599416565,-4.5569853151450985
0.0402605423540356,29.973871336493364
0.20188123959900697,0.04146826652060548
-0.08657770336893914,21.943429764248087
-0.3054210698026699,16.137309005336682
0.2528020560677244,21.245403893104715
-1.689401290665661,14.004420132976355
0.16159146195309612,18.10404076332848
2.0755236001364437,-1.9488866283982613
-0.16880052818434513,11.627289824075353
-0.17935181727408317,2.8499852625433655
-0.21735499260060465,-38.8446486552365
2.2358660093761475,-14.138890062009661
0.5786464468577881,32.96094067614628
0.34238876799479534,7.596740867050775
0.8958327942725657,-20.941459572636077
-0.1118305206688687,-3.3960019819265512
0.31021410415629347,-15.935206029103457
-0.9869487568887413,18.48178911445189
0.44922296516495946,18.48178911445189
0.164306546105706,-2.3141928410932953
-0.801053308863267,-24.959993554285578
-0.9024675039485013,7.265070709056594
-0.05252757009506306,5.004397063638481
0.1918725988069705,3.010803771110808
1.8449462246318096,-2.7029679554461388
-0.18795389361926648,-7.616156830860184
-1.1722824620921233,-14.138890062009661
0.1918725988069705,-38.8446486552365
1.394174000488054,-1.9488866283982613
2.012551393286114,78.70298308265971
0.06288897005254657,17.28183675774978
-0.2033653306411805,11.627289824075353
0.2923227890647856,-4.579917727602352
-0.00013670845530624475,-3.3960019819265512
-0.30057689291677187,29.704337441723858
-0.1118305206688687,-14.138890062009661
-1.2497736591103932,21.21099415724861
-0.801053308863267,17.28183675774978
-0.12552467734978415,-12.9217227829755
-0.36332751780594286,-25.246355178563757
-0.3151451186445354,-7.616156830860184
-0.6694664349971302,-10.276710497240433
0.33457055631954125,-10.276710497240433
-0.00606422098292847,-4.27374692175362
-0.08867063383433955,11.675314765328476
-0.14304889760529674,11.627289824075353
0.33457055631954125,18.10404076332848
0.20257742939561063,18.48178911445189
0.4242270604129871,32.93493596372664
-0.03861156615609694,7.265070709056594
-0.21376361882889733,35.727326701158034
-0.10825325223886004,-12.9217227829755
-0.1118305206688687,3.010803771110808
0.00999572619345961,-15.935206029103457
0.17133069084377722,-1.43261949820052
-0.00013670845530624475,40.690505495633346
-0.19466522561525249,-10.119080267352768
-0.505048042284805,-24.75912696901911
-0.21376361882889733,-13.360315882929202
-0.08657770336893914,83.67494295132117
-0.21191448486425904,34.66640998521532
0.290241718641295,25.148547317028253
0.047684826740882966,-8.558438931875193
0.05864512242631372,-4.27374692175362
0.16997473040900107,-2.9614244565298433
0.34238876799479534,-2.2335130345263385
-0.801053308863267,0.864766501985906
-0.9024675039485013,-6.6612816997610516
0.7398260597725317,-7.616156830860184
-0.00606422098292847,13.987238754500622
-0.10825325223886004,-2.9291310600555684
-0.17935181727408317,-21.699206232645043
-0.10825325223886004,35.727326701158034
-1.2497736591103932,0.864766501985906
-1.4442959583507398,-64.12884555227778
-0.1118305206688687,-8.558438931875193
0.36435750103282766,-2.7029679554461388
-0.12894786135221284,-33.21374444224675
0.16268039011447305,-4.0030311692097875
0.34238876799479534,14.280904842711205
0.00999572619345961,-20.99715135852902
-0.03861156615609694,16.36942024967121
-0.1118305206688687,-8.558438931875193
0.05864512242631372,-12.9217227829755
-0.00606422098292847,-12.699829097706006
-0.009028874904964578,-2.9614244565298433
0.20188123959900697,-10.814404479470381
0.3505467633222156,-12.699829097706006
0.16159146195309612,-9.956774156348473
-0.05873740317876268,0.04146826652060548
-0.17935181727408317,-18.44398679929323
1.7274817463526346,15.093593964234987
1.9022587109706586,9.13205616139108
0.6011300846259356,14.97768290564685
-0.03095869084443841,18.10404076332848
-0.1118305206688687,190.3097190243283
-0.009028874904964578,29.973871336493364
0.20188123959900697,-4.0030311692097875
0.46841303106282,7.596740867050775
0.16997473040900107,17.28183675774978
1.0742461550524685,35.727326701158034
0.16159146195309612,-21.699206232645043
-0.00606422098292847,-10.207342532722286
-0.16880052818434513,-10.814404479470381
0.5786464468577881,-4.078524786165337
0.272507160170109,15.355957543981352
-0.00606422098292847,14.81756871123022
-0.33576938220124525,17.77974226352989
-0.36332751780594286,11.627289824075353
-0.6484834959849031,-3.526894058084416
-0.03095869084443841,29.704337441723858
-1.5034819450854005,13.73569103313465
2.5065347857651172,5.39666366246006
0.047684826740882966,22.526360517017405
0.16268039011447305,12.862794183118371
0.3505467633222156,2.63263339993483
-0.10825325223886004,7.038437199521378
-0.9869487568887413,-7.308931431818518
0.00999572619345961,-10.276710497240433
0.19769300947974253,5.004397063638481
0.3505467633222156,14.004420132976355
0.16159146195309612,7.42035891896474
-0.009028874904964578,-2.1385247169656862
0.32482562098165857,17.28183675774978
-0.36332751780594286,42.74014106971756
-0.0764545697770406,44.982432429205495
0.6097296047041605,35.727326701158034
0.4242270604129871,-39.48264072720317
-0.113624667977236,16.137309005336682
-0.1118305206688687,-9.956774156348473
0.8958327942725657,-5.568099291779881
-0.7050481787525923,5.676239989432423
-0.00606422098292847,-16.179880662916258
-0.10825325223886004,-50.443152489164476
-0.03861156615609694,7.038437199521378
0.16268039011447305,-18.44398679929323
-0.26997640021527164,-14.761836885402682
-0.7160738754535848,-8.558438931875193
0.16051745893966754,-24.959993554285578
1.041244599416565,-24.959993554285578
-0.017168990736273714,14.280904842711205
0.16159146195309612,-7.616156830860184
-1.5464783585181123,49.925647069350426
-0.05252757009506306,17.28183675774978
0.34238876799479534,18.10404076332848
0.39926502701555744,-25.412180632315827
0.30824932449865255,-4.192298132741622
0.44922296516495946,-10.276710497240433
-0.0792748196307623,0.864766501985906
0.36435750103282766,-4.078524786165337
0.27586775984203465,35.727326701158034
-0.009028874904964578,15.66197399815461
-0.03095869084443841,34.66640998521532
0.6011300846259356,17.28183675774978
-0.024598674677790366,7.340366661926466
-0.00013670845530624475,2.1338652505476157
0.4997419662193159,-33.21374444224675
-0.1118305206688687,-15.935206029103457
0.3906688513397044,-28.028858425570593
-0.1845534832672918,-12.9217227829755
-0.21376361882889733,3.930661283315428
0.3505467633222156,11.627289824075353
-0.2738920535334189,16.98247544783629
-0.4198911017118402,22.526360517017405
0.03708543951820231,-38.8446486552365
0.44922296516495946,17.77974226352989
0.32482562098165857,-4.078524786165337
-0.36332751780594286,17.77974226352989
-0.0352084347935643,-24.75912696901911
-1.217791890634699,0.9214016884970614
-0.03861156615609694,44.44184669975891
-0.16880052818434513,15.093593964234987
0.8958327942725657,3.010803771110808
0.10597692985484128,-0.5361732542154023
0.3505467633222156,42.74014106971756
0.13071120725620614,-4.27374692175362
-0.6941908539196296,-12.9217227829755
-0.009028874904964578,17.28183675774978
1.5822698280934888,2.077521546435768
-0.2033653306411805,22.526360517017405
0.1918725988069705,-7.616156830860184
-0.31021122470612056,-14.138890062009661
-1.2497736591103932,-16.25322274257984
0.3906688513397044,-20.99715135852902
0.5786464468577881,-15.935206029103457
-1.5034819450854005,21.21099415724861
-0.03861156615609694,-72.19781680261991
-0.30057689291677187,15.093593964234987
0.16530219056865675,18.41275292458747
-0.34815899640505715,17.28183675774978
0.688791828861265,-2.1385247169656862
0.13930076069847175,0.5465942706398988
0.1918725988069705,40.690505495633346
1.5822698280934888,35.727326701158034
-0.16880052818434513,34.66640998521532
-0.2741974333344227,49.925647069350426
0.16159146195309612,49.925647069350426
-0.05252757009506306,162.90653740739342
0.08613586021859794,12.102494748238584
-0.6299094769965032,42.74014106971756
-1.4442959583507398,40.690505495633346
0.7210651548527853,-8.558438931875193
-0.14304889760529674,-33.21374444224675
0.007990116497257959,-0.5361732542154023
-0.3294928383793912,-0.5361732542154023
0.4242270604129871,-8.761451691770763
-0.10825325223886004,0.864766501985906
-0.2782101086628936,-27.259749061922307
-0.0808639114232312,42.74014106971756
0.16181664640404847,-46.523517778655
0.05864512242631372,-24.959993554285578
-1.2497736591103932,-4.078524786165337
1.5822698280934888,21.245403893104715
-0.05252757009506306,-15.935206029103457
-0.36332751780594286,-13.360315882929202
-0.03861156615609694,-6.6612816997610516
0.27586775984203465,-27.504862198609242
-0.00013670845530624475,-2.2335130345263385
0.32482562098165857,-15.935206029103457
-0.03861156615609694,-40.3877793567228
0.10001883060204593,-5.3619535347475376
0.2528020560677244,7.265070709056594
0.05864512242631372,3.010803771110808
-0.801053308863267,-1.6881085035055867
0.4242270604129871,16.36942024967121
0.2528020560677244,-5.3619535347475376
1.5055984623564311,-18.44398679929323
-0.03861156615609694,7.265070709056594
-0.0166721650619027,0.04146826652060548
-1.2497736591103932,34.66640998521532
0.6011300846259356,-4.078524786165337
0.20188123959900697,-1.9488866283982613
-0.4198911017118402,-4.27374692175362
-0.15193756696726807,-4.27374692175362
1.2553987807724112,-2.2335130345263385
-0.19466522561525249,-0.5573310054388902
-0.023658355110180922,-0.8843744842369765
-0.16880052818434513,-20.99715135852902
0.2006814916813869,-0.8843744842369765
-0.17935181727408317,7.5933355445900945
-0.6484834959849031,-5.3619535347475376
-0.2741974333344227,0.04146826652060548
-0.19466522561525249,41.70914557438718
0.4997419662193159,16.137309005336682
0.1918725988069705,14.280904842711205
-0.3151451186445354,7.265070709056594
0.26972067301564895,5.911317787528296
0.36435750103282766,-14.761836885402682
-0.009028874904964578,-18.538109028352324
-0.21191448486425904,13.73569103313465
-0.06487068597181327,0.04146826652060548
1.1127658037795611,-38.8446486552365
-0.19466522561525249,-7.616156830860184
0.3665757928180873,-27.309788344432455
0.04778851635149166,2.1338652505476157
1.0742461550524685,17.28183675774978
1.1819492274653245,-12.699829097706006
2.0013801206858988,14.044821634337412
0.2786039531662106,8.94794705401277
-0.0166721650619027,-14.138890062009661
0.19769300947974253,0.864766501985906
-0.19466522561525249,42.74014106971756
-0.1118305206688687,-4.078524786165337
0.5786464468577881,-3.3960019819265512
-0.3151451186445354,-4.579917727602352
0.5786464468577881,-11.3721980247369
0.00999572619345961,7.265070709056594
3.116572218641195,-10.276710497240433
-0.00606422098292847,-20.99715135852902
-0.6299094769965032,23.372825929697136
-0.03095869084443841,49.925647069350426
-0.08657770336893914,4.781531668460141
0.19769300947974253,0.7847641990366732
-0.10462615523354754,-9.956774156348473
0.05864512242631372,-0.5361732542154023
0.00999572619345961,-7.616156830860184
0.16181664640404847,2.63263339993483
0.5786464468577881,-27.15700683138211
0.36435750103282766,13.73569103313465
0.00999572619345961,-1.9488866283982613
-0.2033653306411805,-40.3877793567228
0.16181664640404847,5.004397063638481
0.36435750103282766,16.137309005336682
1.2553987807724112,-39.48264072720317
-0.009028874904964578,0.864766501985906
0.16181664640404847,8.94794705401277
0.17133069084377722,17.663083151548147
-0.19466522561525249,-2.2335130345263385
0.8958327942725657,3.6844645149518556
0.043113239087593416,-11.378279124648387
-0.7429272192252189,7.265070709056594
-0.08771594774860603,14.97768290564685
0.2006814916813869,0.30087760174787676
-0.5399423494487576,-3.3960019819265512
1.394174000488054,-24.959993554285578
1.0742461550524685,21.245403893104715
1.2553987807724112,49.925647069350426
0.31021410415629347,0.04146826652060548
0.39926502701555744,-21.699206232645043
-0.30057689291677187,34.66640998521532
-0.2076377528588214,16.8762399221961
0.05864512242631372,-0.8843744842369765
-0.1118305206688687,-4.5569853151450985
-0.801053308863267,17.28183675774978
0.44922296516495946,16.137309005336682
1.7274817463526346,-4.051877673123212
0.028096139822852573,19.86333807164408
0.17133069084377722,-27.15700683138211
-0.03861156615609694,-10.276710497240433
-1.2497736591103932,18.10404076332848
-0.009028874904964578,7.265070709056594
-0.00606422098292847,-10.081603544848427
2.0755236001364437,17.28183675774978
-0.044810527848512395,-13.989261657391179
-0.2741974333344227,-3.2934762777459268
-0.2033653306411805,-0.5361732542154023
1.5572188396577433,0.864766501985906
0.00999572619345961,21.245403893104715
-0.2033653306411805,3.010803771110808
3.1299622614874876,-30.108523831933937
-1.4442959583507398,13.73569103313465
-0.17935181727408317,35.727326701158034
0.46640658963121295,-10.276710497240433
-0.10825325223886004,29.704337441723858
0.05864512242631372,-23.69499838117953
-0.6299094769965032,-5.568099291779881
-0.2738920535334189,2.077521546435768
0.17133069084377722,29.973871336493364
-0.16333932667981615,-10.276710497240433
-0.16880052818434513,4.007637341038666
-0.03861156615609694,7.140872871365899
-0.17935181727408317,-4.5569853151450985
-0.3151451186445354,-12.699829097706006
0.18668415979289468,-0.5361732542154023
-0.03861156615609694,35.727326701158034
-0.1118305206688687,-7.395869948132882
-0.05252757009506306,16.98247544783629
0.44922296516495946,16.98247544783629
-0.17935181727408317,-23.69499838117953
0.44922296516495946,11.627289824075353
-0.16880052818434513,5.39666366246006
-0.05252757009506306,0.04146826652060548
1.5822698280934888,-21.699206232645043
-0.10462615523354754,0.7847641990366732
0.6011300846259356,2.8499852625433655
0.8958327942725657,-2.2335130345263385
-0.16880052818434513,-12.699829097706006
-0.6299094769965032,21.245403893104715
0.3505467633222156,20.943839012767775
0.36435750103282766,17.77974226352989
-0.9869487568887413,-10.276710497240433
0.10001883060204593,-15.935206029103457
-0.10825325223886004,34.66640998521532
0.36435750103282766,-4.078524786165337
0.17133069084377722,-8.558438931875193
-0.2033653306411805,-24.959993554285578
-0.43529365049160484,49.925647069350426
-1.4442959583507398,25.66939669000617
0.4242270604129871,49.925647069350426
0.5786464468577881,17.77974226352989
-0.009028874904964578,12.102494748238584
0.4242270604129871,-1.9488866283982613
-0.02705603350502108,-9.956774156348473
0.38403387494372687,-4.27374692175362
0.05864512242631372,-15.935206029103457
-0.05252757009506306,78.70298308265971
-1.2497736591103932,-1.9488866283982613
-0.13638257532230327,-32.5199083846189
0.5786464468577881,-4.078524786165337
0.08613586021859794,-18.44398679929323
0.16997473040900107,41.70914557438718
-0.03861156615609694,13.987238754500622
-0.10825325223886004,-33.21374444224675
0.7210651548527853,-39.05484876941181
0.39926502701555744,-12.699829097706006
-0.0352084347935643,-3.7731426931645045
-0.030646184935596434,35.812396677192986
0.39926502701555744,-39.48264072720317
-0.12552467734978415,7.265070709056594
-0.17935181727408317,-14.138890062009661
1.8449462246318096,18.06735682480273
-0.058578370644802334,-27.15700683138211
-0.505048042284805,-11.364274034145852
0.6011300846259356,7.38675613760892
0.30057329476854466,-24.959993554285578
-0.03095869084443841,-27.259749061922307
-1.2497736591103932,-7.616156830860184
-0.08657770336893914,-14.138890062009661
1.041244599416565,8.94794705401277
2.2358660093761475,-6.4114126171107975
0.1918725988069705,-2.2335130345263385
-0.05252757009506306,-2.7029679554461388
0.05864512242631372,-5.3619535347475376
-0.009028874904964578,-18.44398679929323
5.68491992367111,-1.6881085035055867
-0.18590351632647606,-11.378279124648387
-0.024598674677790366,-27.504862198609242
-0.10825325223886004,4.007637341038666
-0.23758498733152322,-0.5361732542154023
-0.05252757009506306,31.641294797272423
0.0010470528883741892,-40.3877793567228
-0.2033653306411805,-10.276710497240433
-0.9024675039485013,34.458378268200114
0.29653774554932444,4.169944995986889
0.05864512242631372,17.28183675774978
-1.217791890634699,2.63263339993483
-0.16880052818434513,0.6404920401140275
-0.058578370644802334,-2.2335130345263385
-0.16880052818434513,14.280904842711205
-0.17935181727408317,44.982432429205495
0.5786464468577881,0.7847641990366732
-0.058578370644802334,-2.9800795243972953
-0.19466522561525249,-32.18312620050924
0.11090382931134693,-10.081603544848427
-0.2033653306411805,0.04146826652060548
-0.24481175478387227,21.245403893104715
-1.4442959583507398,-27.259749061922307
0.688791828861265,2.077521546435768
0.16997473040900107,7.265070709056594
0.0010470528883741892,-7.616156830860184
-0.10825325223886004,2.63263339993483
0.16997473040900107,65.91807055587971
0.5786464468577881,-7.616156830860184
0.33457055631954125,-16.179880662916258
-1.5034819450854005,-18.44398679929323
-0.36332751780594286,-38.8446486552365
0.16268039011447305,5.911317787528296
0.16159146195309612,0.864766501985906
-0.10825325223886004,49.925647069350426
0.3505467633222156,97.1706774401698
-0.636274644842378,34.458378268200114
-0.10825325223886004,-0.0038359853624834496
0.30057329476854466,17.28183675774978
-0.16880052818434513,-3.3960019819265512
-0.0352084347935643,-12.9217227829755
-0.05252757009506306,20.943839012767775
-0.3151451186445354,18.48178911445189
-0.1118305206688687,-0.5361732542154023
0.8958327942725657,42.74014106971756
0.1589884271769304,-18.44398679929323
-1.6778178025694679,-10.276710497240433
-0.10825325223886004,-38.8446486552365
0.4266084430863691,-2.7029679554461388
-0.03095869084443841,7.596740867050775
-0.33576938220124525,-10.276710497240433
-0.17935181727408317,7.596740867050775
-0.2915464995984715,21.245403893104715
0.4997419662193159,19.915807279684387
-0.10825325223886004,16.137309005336682
-1.5034819450854005,-39.48264072720317
-0.017168990736273714,17.28183675774978
-2.065249419239362,-10.276710497240433
-0.672261773514369,13.122226931785953
0.4861271218686462,-10.276710497240433
-0.16880052818434513,12.080490209402095
0.19418111044770825,0.7847641990366732
0.043113239087593416,0.04146826652060548
0.532244698972776,-4.5569853151450985
0.19769300947974253,-10.276710497240433
0.1918725988069705,22.526360517017405
0.44922296516495946,-4.0030311692097875
0.6011300846259356,17.28183675774978
-0.505048042284805,29.973871336493364
0.19288933208800815,-29.856487290051373
0.32482562098165857,-15.935206029103457
-0.21735499260060465,-20.99715135852902
0.44922296516495946,-1.0630246735620064
-0.009028874904964578,-2.9614244565298433
-0.4198911017118402,49.925647069350426
0.05864512242631372,-4.5569853151450985
0.36435750103282766,11.627289824075353
0.20188123959900697,34.66640998521532
1.041244599416565,13.73569103313465
2.2358660093761475,-9.956774156348473
0.32482562098165857,83.67494295132117
-0.36332751780594286,-12.9217227829755
1.0742461550524685,12.080490209402095
2.2358660093761475,0.864766501985906
0.33049120169057705,-18.44398679929323
-1.5034819450854005,5.911317787528296
1.041244599416565,101.23534029866036
1.0742461550524685,49.925647069350426
-0.43529365049160484,11.627289824075353
0.5786464468577881,-6.479229712029983
1.7274817463526346,-10.119080267352768
-0.2033653306411805,35.727326701158034
-0.10825325223886004,29.704337441723858
1.5822698280934888,-10.081603544848427
-0.43529365049160484,11.195706723116947
0.0007110155177981082,17.28183675774978
-0.21735499260060465,-20.99715135852902
0.20188123959900697,15.355957543981352
-0.17935181727408317,22.526360517017405
0.6011300846259356,-2.2335130345263385
0.16181664640404847,12.102494748238584
0.44922296516495946,-4.5569853151450985
0.0916091018483673,-5.3619535347475376
0.00999572619345961,13.73569103313465
-0.18590351632647606,49.925647069350426
0.05864512242631372,83.67494295132117
-0.113624667977236,-39.48264072720317
0.37149901830778975,-4.516151465019735
-0.024598674677790366,-10.276710497240433
0.0797559173132516,18.06735682480273
-1.4442959583507398,11.25863723715804
0.16716157712011298,-4.078524786165337
0.16051745893966754,-0.5361732542154023
-0.3363651125119391,22.526360517017405
-0.04555074380058599,0.7847641990366732
0.5101920150542831,-4.0030311692097875
0.2515737123508759,11.627289824075353
-0.904254043280354,-10.276710497240433
-1.2497736591103932,-38.8446486552365
-4.641982688069007,-3.3960019819265512
0.16181664640404847,-39.1763748935869
-0.505048042284805,-2.7029679554461388
0.5786464468577881,-16.04309329983733
0.689246666015755,-25.412180632315827
-0.03861156615609694,15.093593964234987
0.16268039011447305,22.549677118574028
-0.36332751780594286,-20.99715135852902
-0.058578370644802334,11.627289824075353
0.688791828861265,-7.616156830860184
0.0010470528883741892,0.864766501985906
-0.19466522561525249,-57.74051646520421
0.16159146195309612,15.355957543981352
-0.15875648059594238,42.74014106971756
0.0010470528883741892,5.911317787528296
2.2358660093761475,-15.935206029103457
1.5822698280934888,-1.9488866283982613
-0.17935181727408317,-12.9217227829755
0.8958327942725657,-27.504862198609242
-1.2497736591103932,18.48178911445189
0.047684826740882966,-14.92608016726255
-0.31021122470612056,-27.259749061922307
0.16181664640404847,18.10404076332848
-0.23758498733152322,18.48178911445189
0.3505467633222156,28.17842089585539
-0.05252757009506306,37.68406649791521
0.3505467633222156,41.70914557438718
1.5822698280934888,-8.558438931875193
-0.10462615523354754,-0.7898570125005707
0.33457055631954125,11.627289824075353
0.6011300846259356,21.387570884234133
0.19288933208800815,-25.344122145253287
-0.058578370644802334,-7.616156830860184
-0.00606422098292847,15.719889307234046
-0.43529365049160484,21.387570884234133
0.0010470528883741892,7.596740867050775
-0.21735499260060465,-18.44398679929323
0.3614545749440984,18.48178911445189
0.16997473040900107,-2.343863389814117
-0.36332751780594286,-10.814404479470381
0.00999572619345961,-23.69499838117953
0.18668415979289468,-0.5361732542154023
2.0755236001364437,-18.44398679929323
-0.17935181727408317,15.093593964234987
-0.03095869084443841,-4.27374692175362
-0.43529365049160484,-4.27374692175362
-0.1845534832672918,-12.9217227829755
0.33457055631954125,11.627289824075353
-1.3009460764488114,-3.3960019819265512
-0.0352084347935643,-0.8843744842369765
0.16181664640404847,29.973871336493364
-0.9024675039485013,4.169944995986889
-1.689401290665661,-2.0982517115565
0.0010470528883741892,-27.504862198609242
-0.636274644842378,-12.9217227829755
-0.06565703993025851,-10.884568947883732
-0.7938159071133528,41.70914557438718
0.00999572619345961,40.690505495633346
-0.9718979137563235,-27.259749061922307
-0.9024675039485013,31.641294797272423
-0.24481175478387227,-1.0630246735620064
-0.7050481787525923,-12.9217227829755
0.8958327942725657,-8.558438931875193
0.16159146195309612,17.77974226352989
-0.5671450383307745,21.21099415724861
0.18668415979289468,-4.5569853151450985
3.145522483251163,-27.259749061922307
1.041244599416565,-5.3619535347475376
0.20188123959900697,-4.949681631400662
0.10597692985484128,18.06735682480273
0.3505467633222156,-47.17645554782859
1.3402699205612447,17.28183675774978
-0.058578370644802334,11.627289824075353
0.16181664640404847,-12.699829097706006
-0.15875648059594238,31.641294797272423
0.05909883430361802,-38.8446486552365
1.041244599416565,-0.5361732542154023
0.39926502701555744,17.663083151548147
-0.009028874904964578,21.34879511607822
0.05864512242631372,2.63263339993483
-0.18590351632647606,-8.558438931875193
-0.9024675039485013,35.727326701158034
-0.113624667977236,49.925647069350426
-0.16880052818434513,-47.17645554782859
0.16159146195309612,-4.5569853151450985
-0.21735499260060465,-4.5569853151450985
0.05864512242631372,14.004420132976355
0.00999572619345961,-8.558438931875193
0.20188123959900697,-40.19327155395332
0.10001883060204593,-13.7293368035301
-0.03095869084443841,-4.078524786165337
2.5062562280628145,19.86333807164408
-0.04555074380058599,11.627289824075353
-0.21735499260060465,-4.0030311692097875
-0.16880052818434513,15.355957543981352
2.2358660093761475,-29.856487290051373
-1.5034819450854005,35.727326701158034
1.394174000488054,17.77974226352989
-0.3151451186445354,-4.5569853151450985
0.26972067301564895,-16.179880662916258
-0.03861156615609694,12.080490209402095
1.041244599416565,18.10404076332848
-1.4442959583507398,-3.7731426931645045
0.30057329476854466,-7.616156830860184
0.6011300846259356,17.77974226352989
0.3505467633222156,31.57671909153448
0.16298299881549833,5.911317787528296
0.05864512242631372,13.99269216824317
1.041244599416565,-4.078524786165337
-0.672261773514369,0.864766501985906
-0.33576938220124525,-3.3960019819265512
0.1918725988069705,-4.5569853151450985
-0.0792748196307623,-21.699206232645043
-0.9024675039485013,11.627289824075353
0.15042606883719006,13.73569103313465
0.1918725988069705,-2.1385247169656862
-0.36332751780594286,32.96094067614628
0.36435750103282766,14.280904842711205
0.2528020560677244,23.372825929697136
-0.801053308863267,-0.5361732542154023
-0.19466522561525249,-27.259749061922307
1.0742461550524685,-24.959993554285578
-0.03861156615609694,0.7847641990366732
0.047684826740882966,7.265070709056594
-0.636274644842378,-14.138890062009661
-0.058578370644802334,22.526360517017405
-0.16880052818434513,-3.2934762777459268
1.5822698280934888,7.265070709056594
0.34238876799479534,7.265070709056594
0.3505467633222156,11.627289824075353
0.27586775984203465,5.911317787528296
-0.4198911017118402,-18.44398679929323
0.16159146195309612,-3.9671451152817934
-0.06565703993025851,-15.935206029103457
0.8958327942725657,-3.9671451152817934
0.34238876799479534,-38.8446486552365
0.34238876799479534,-4.27374692175362
-0.024598674677790366,-4.5569853151450985
0.03258673623427275,20.943839012767775
-0.35281270793989095,18.10404076332848
1.2506582497678416,-2.2335130345263385
0.2006814916813869,15.355957543981352
0.16181664640404847,-16.25322274257984
-0.3151451186445354,13.73569103313465
0.44922296516495946,11.195706723116947
0.20188123959900697,14.280904842711205
-0.7287260669656467,-1.9488866283982613
0.32482562098165857,-8.558438931875193
-0.07376395554197326,0.04146826652060548
-0.17935181727408317,-12.699829097706006
0.00999572619345961,18.48178911445189
-1.4442959583507398,-2.7029679554461388
0.39926502701555744,-10.276710497240433
0.16997473040900107,-4.949681631400662
-0.05252757009506306,56.467438218838886
0.44922296516495946,-2.218290423663901
-0.801053308863267,337.79091355894997
0.2528020560677244,13.73569103313465
0.44922296516495946,-4.0030311692097875
-0.058578370644802334,-7.616156830860184
-0.058578370644802334,-3.526894058084416
-0.00606422098292847,-39.48264072720317
-0.17935181727408317,18.10404076332848
0.3505467633222156,17.28183675774978
-0.00606422098292847,49.925647069350426
0.24091768007056805,0.04146826652060548
0.6097296047041605,-4.0030311692097875
-0.0792748196307623,0.864766501985906
0.3505467633222156,20.943839012767775
-0.058578370644802334,-27.504862198609242
0.03258673623427275,17.77974226352989
0.688791828861265,9.20004271711571
0.16268039011447305,-4.338863877690476
0.16159146195309612,7.265070709056594
-0.36332751780594286,-5.3619535347475376
0.688791828861265,16.8762399221961
0.688791828861265,-9.956774156348473
0.1918725988069705,15.355957543981352
2.012551393286114,-7.965552930046018
0.3228247438500903,-32.5199083846189
-0.017168990736273714,-26.313056082160845
0.19418111044770825,39.760585038296945
-0.7050481787525923,-5.3619535347475376
-0.00606422098292847,-15.935206029103457
0.8413545350956095,16.137309005336682
-0.4198911017118402,2.1338652505476157
0.0010470528883741892,10.438571144155382
-0.03861156615609694,7.265070709056594
-0.25449515339122203,5.004397063638481
0.8958327942725657,5.911317787528296
0.4242270604129871,-6.223666195099975
-1.4442959583507398,-7.616156830860184
-0.00606422098292847,-27.309788344432455
-0.365708981743811,-27.504862198609242
-0.00606422098292847,21.245403893104715
-0.023658355110180922,12.080490209402095
1.041244599416565,13.73569103313465
0.39926502701555744,-15.935206029103457
0.16051745893966754,-23.69499838117953
0.0010470528883741892,0.864766501985906
-1.1634612938655475,-15.935206029103457
-0.058578370644802334,15.093593964234987
-0.26997640021527164,14.280904842711205
-0.030646184935596434,16.36942024967121
-1.2497736591103932,13.73569103313465
0.11980487094519213,16.137309005336682
0.039476640067074374,49.925647069350426
0.16181664640404847,-4.078524786165337
-0.1118305206688687,-37.61074050176849
0.20188123959900697,16.137309005336682
0.688791828861265,31.57671909153448
0.8958327942725657,-7.616156830860184
-0.113624667977236,-10.276710497240433
0.688791828861265,7.038437199521378
-1.4442959583507398,14.280904842711205
-0.009028874904964578,49.925647069350426
0.16181664640404847,0.04146826652060548
-0.024598674677790366,-0.5361732542154023
0.32482562098165857,14.280904842711205
0.36435750103282766,-7.616156830860184
0.16159146195309612,-20.99715135852902
0.37149901830778975,18.10404076332848
0.20178521365593313,-0.5361732542154023
0.3505467633222156,14.004420132976355
-0.05252757009506306,-2.9291310600555684
0.00999572619345961,4.007637341038666
0.16268039011447305,-24.959993554285578
-0.801053308863267,18.10404076332848
0.36435750103282766,17.28183675774978
-0.7050481787525923,15.355957543981352
0.29653774554932444,11.322639000940397
0.18668415979289468,-12.699829097706006
1.9525911882714773,-1.9488866283982613
-0.05252757009506306,-2.9291310600555684
0.16716157712011298,-24.959993554285578
0.2515737123508759,16.137309005336682
0.46640658963121295,31.641294797272423
2.0755236001364437,20.31032155601569
1.478002339277954,-27.504862198609242
0.3505467633222156,18.10404076332848
-0.43529365049160484,23.425417010667722
0.5786464468577881,-1.5881115983279661
0.6011300846259356,17.77974226352989
1.4616500348830879,-4.5569853151450985
0.3665757928180873,0.864766501985906
0.688791828861265,-12.9217227829755
-0.01631420073264045,17.28183675774978
0.44922296516495946,42.74014106971756
0.10597692985484128,7.38675613760892
-0.10462615523354754,65.21136808967643
-0.07376395554197326,2.329516804521694
0.688791828861265,11.195706723116947
-0.0792748196307623,7.265070709056594
-0.009028874904964578,-7.616156830860184
0.20188123959900697,-6.6612816997610516
1.0742461550524685,18.10404076332848
-0.2033653306411805,-27.15700683138211
0.0010470528883741892,18.06735682480273
-0.1990960786250156,-0.8843744842369765
0.688791828861265,40.690505495633346
-0.3435549586043235,-1.9488866283982613
-0.672261773514369,-4.27374692175362
-0.4198911017118402,18.41275292458747
0.5101920150542831,-4.27374692175362
-0.7287260669656467,14.280904842711205
-0.7050481787525923,-20.99715135852902
0.2528020560677244,40.690505495633346
-0.21376361882889733,-4.078524786165337
-0.15963008896540815,44.982432429205495
-0.009028874904964578,-14.138890062009661
0.6011300846259356,31.641294797272423
-0.10825325223886004,14.004420132976355
-0.7050481787525923,-4.5569853151450985
-0.03095869084443841,-3.526894058084416
-0.0792748196307623,-24.959993554285578
0.5786464468577881,18.10404076332848
0.00999572619345961,-0.5361732542154023
-0.3151451186445354,17.77974226352989
-0.17935181727408317,3.010803771110808
-0.058578370644802334,17.28183675774978
-0.7287260669656467,-7.616156830860184
-0.9024675039485013,-12.9217227829755
-0.10825325223886004,17.77974226352989
-0.05252757009506306,21.21099415724861
0.19288933208800815,-2.9291310600555684
0.0010470528883741892,13.73569103313465
-1.2497736591103932,-39.48264072720317
0.1586219282642693,-38.8446486552365
0.047684826740882966,15.093593964234987
0.0010470528883741892,-21.699206232645043
0.10001883060204593,-10.081603544848427
0.2341443478001918,-14.92608016726255
-0.801053308863267,11.627289824075353
-0.024598674677790366,29.973871336493364
0.39926502701555744,-0.5361732542154023
0.35835562409054134,18.48178911445189
0.2006814916813869,-0.5361732542154023
-1.4442959583507398,-15.935206029103457
-0.24785046675102862,0.7847641990366732
0.6011300846259356,7.596740867050775
0.24091768007056805,-18.44398679929323
-1.4442959583507398,29.704337441723858
0.16268039011447305,3.010803771110808
0.020540003346487624,-10.276710497240433
-0.03095869084443841,-34.62117903171609
1.3837758509206166,5.911317787528296
0.3505467633222156,17.77974226352989
-1.2497736591103932,8.94794705401277
-0.009028874904964578,78.70298308265971
-0.15875648059594238,20.943839012767775
-0.024598674677790366,-25.344122145253287
-0.00606422098292847,-1.0630246735620064
-0.2893681985950519,-18.05000878013754
-0.9024675039485013,-23.69499838117953
0.14193829180449308,-38.8446486552365
0.043113239087593416,17.28183675774978
0.1918725988069705,-40.3877793567228
-0.10825325223886004,21.245403893104715
-0.3054210698026699,-4.949681631400662
-0.10825325223886004,17.28183675774978
1.394174000488054,21.245403893104715
-0.17935181727408317,-21.568249383018745
-0.15193756696726807,-4.078524786165337
-0.7050481787525923,49.925647069350426
0.4242270604129871,15.093593964234987
-0.505048042284805,-27.504862198609242
0.00999572619345961,21.245403893104715
0.44922296516495946,6.2392066147147895
-0.18590351632647606,2.1338652505476157
0.2006814916813869,-29.856487290051373
-0.4198911017118402,-39.48264072720317
0.5101920150542831,-10.814404479470381
-0.2033653306411805,40.690505495633346
0.1507721993692753,0.864766501985906
-0.14304889760529674,-7.2466025351224115
0.44922296516495946,18.10404076332848
-1.4442959583507398,-4.5569853151450985
0.0010470528883741892,-1.2870816333418091
0.1918725988069705,-27.259749061922307
0.36435750103282766,-4.27374692175362
-0.3151451186445354,-20.99715135852902
-0.30057689291677187,-0.8843744842369765
-0.024598674677790366,-9.811847721093269
0.3505467633222156,7.038437199521378
-0.058578370644802334,15.093593964234987
-0.5671450383307745,16.137309005336682
-0.10825325223886004,7.38675613760892
-0.15193756696726807,0.864766501985906
-0.17935181727408317,-10.081603544848427
0.20188123959900697,15.093593964234987
0.047684826740882966,7.038437199521378
0.37149901830778975,11.627289824075353
-0.1118305206688687,16.8762399221961
0.0010470528883741892,-15.935206029103457
0.23608909821264756,-47.17645554782859
-1.1192685529603073,-39.48264072720317
0.1918725988069705,12.102494748238584
0.33049120169057705,-1.9488866283982613
-0.14304889760529674,49.925647069350426
-1.2497736591103932,-12.699829097706006
-1.2497736591103932,-18.44398679929323
1.5822698280934888,-12.9217227829755
-0.1118305206688687,-18.44398679929323
-0.00606422098292847,11.627289824075353
-1.4442959583507398,-27.504862198609242
-0.505048042284805,1.562435408792224
-0.03095869084443841,32.96094067614628
0.0010470528883741892,49.925647069350426
-0.17935181727408317,7.78094809608704
-0.05252757009506306,-8.558438931875193
-1.2497736591103932,-12.699829097706006
0.26972067301564895,-39.48264072720317
-0.03861156615609694,17.28183675774978
-0.058578370644802334,16.137309005336682
-0.2076377528588214,17.77974226352989
0.5786464468577881,7.38675613760892
-0.801053308863267,0.04146826652060548
-0.113624667977236,-14.138890062009661
1.041244599416565,21.245403893104715
0.16997473040900107,0.864766501985906
-0.505048042284805,15.093593964234987
-0.2741974333344227,42.74014106971756
0.6011300846259356,78.70298308265971
-0.21735499260060465,-25.15343695062618
0.39926502701555744,21.245403893104715
-0.4342998201327942,13.73569103313465
-0.2033653306411805,-10.276710497240433
0.2528020560677244,-27.504862198609242
0.16181664640404847,13.122226931785953
0.00999572619345961,49.925647069350426
0.36435750103282766,20.2183142232873
-0.5626984011075703,-2.9614244565298433
-0.36332751780594286,42.74014106971756
0.16181664640404847,78.70298308265971
0.39926502701555744,-21.699206232645043
-0.505048042284805,-18.44398679929323
-0.3054210698026699,31.57671909153448
0.10001883060204593,0.864766501985906
1.2553987807724112,-4.078524786165337
0.30057329476854466,-39.48264072720317
1.5822698280934888,11.1052927428243
0.3906688513397044,7.038437199521378
0.16159146195309612,56.59659836344661
-0.2782101086628936,11.627289824075353
0.18668415979289468,-0.5361732542154023
0.16997473040900107,-23.69499838117953
-0.8246288976755036,13.122226931785953
-0.11235626442082039,13.987238754500622
-2.229932477622666,-4.078524786165337
-0.801053308863267,16.36942024967121
0.46640658963121295,-25.344122145253287
-0.16880052818434513,3.010803771110808
0.3505467633222156,-2.9800795243972953
-0.00606422098292847,7.265070709056594
0.16159146195309612,-8.558438931875193
0.0010470528883741892,-4.949681631400662
1.5822698280934888,-1.9488866283982613
-0.16880052818434513,13.987238754500622
-0.00606422098292847,17.77974226352989
-0.06565703993025851,5.911317787528296
0.511416933333918,11.627289824075353
0.1918725988069705,0.6404920401140275
-0.06565703993025851,0.04146826652060548
-0.4198911017118402,23.372825929697136
-0.2741974333344227,11.627289824075353
1.2506582497678416,-39.48264072720317
-0.10462615523354754,-1.9488866283982613
-0.34815899640505715,-24.959993554285578
1.0742461550524685,-4.5569853151450985
-0.36332751780594286,13.122226931785953
-0.00606422098292847,-3.526894058084416
-1.2497736591103932,0.04146826652060548
-1.2497736591103932,-48.23772936159969
-0.037097603046434724,7.78094809608704
0.6011300846259356,-15.347575898405239
0.3800454743780971,-2.9291310600555684
0.5101920150542831,-39.48264072720317
-0.0352084347935643,-27.504862198609242
-0.30057689291677187,-39.48264072720317
0.6097296047041605,17.28183675774978
0.27586775984203465,49.925647069350426
0.0010470528883741892,-23.69499838117953
-0.47282598073482546,-3.4464653984667657
0.16268039011447305,-14.92608016726255
-1.4276687895233653,17.28183675774978
-0.7287260669656467,-0.5361732542154023
0.18668415979289468,21.245403893104715
0.32482562098165857,-48.23772936159969
0.16181664640404847,7.596740867050775
0.05864512242631372,40.690505495633346
2.5065347857651172,-15.935206029103457
0.16159146195309612,-10.081603544848427
0.6011300846259356,3.010803771110808
0.31021410415629347,-4.0030311692097875
1.172089607772758,10.702260964686408
0.20188123959900697,-12.699829097706006
-0.00606422098292847,29.704337441723858
-0.16880052818434513,7.596740867050775
1.041244599416565,337.79091355894997
-0.9718979137563235,17.77974226352989
0.5101920150542831,7.265070709056594
0.6735839854136264,-7.616156830860184
-0.10825325223886004,2.8499852625433655
-0.3844846724136027,35.727326701158034
0.9544380869215774,8.94794705401277
1.0742461550524685,-10.276710497240433
-0.14304889760529674,-4.078524786165337
-0.505048042284805,-4.5569853151450985
-0.009028874904964578,-0.0038359853624834496
-1.3009460764488114,-24.16125495693031
0.272507160170109,-7.616156830860184
-0.6299094769965032,16.36942024967121
0.16268039011447305,7.038437199521378
-0.00606422098292847,7.596740867050775
0.689246666015755,16.137309005336682
0.3505467633222156,-15.935206029103457
0.34238876799479534,2.63263339993483
0.043113239087593416,13.122226931785953
0.01628764452296947,18.48178911445189
0.39926502701555744,-4.5569853151450985
0.32482562098165857,18.06735682480273
-0.08657770336893914,15.093593964234987
-0.10825325223886004,-12.699829097706006
-0.14304889760529674,35.727326701158034
0.00999572619345961,-39.48264072720317
-0.2033653306411805,44.44184669975891
0.2006814916813869,-1.9488866283982613
-0.08657770336893914,7.596740867050775
0.5101920150542831,-3.3960019819265512
-0.08657770336893914,-2.7029679554461388
-1.4442959583507398,-5.3619535347475376
-0.9869487568887413,1.6473613643481597
-0.16880052818434513,7.265070709056594
-0.01631420073264045,-4.27374692175362
0.04834673790542032,-4.5569853151450985
-0.36332751780594286,17.663083151548147
-0.030646184935596434,7.265070709056594
-0.113624667977236,7.038437199521378
-0.02705603350502108,15.093593964234987
0.043113239087593416,-18.44398679929323
1.041244599416565,17.28183675774978
0.688791828861265,21.245403893104715
-0.1118305206688687,8.94794705401277
-0.16880052818434513,17.28183675774978
-0.3641364936922235,-14.138890062009661
0.36435750103282766,-38.8446486552365
1.041244599416565,0.04146826652060548
0.27586775984203465,-2.8028364438329936
-0.7050481787525923,7.265070709056594
0.00999572619345961,-7.308931431818518
0.508558186780643,21.21099415724861
0.44922296516495946,-29.856487290051373
-0.2033653306411805,7.140872871365899
0.4997419662193159,8.94794705401277
-0.16880052818434513,-7.616156830860184
0.688791828861265,78.70298308265971
1.041244599416565,-17.97391752245654
0.31021410415629347,9.28536351917838
0.34238876799479534,0.864766501985906
0.16268039011447305,34.66640998521532
-0.058578370644802334,-8.558438931875193
0.05864512242631372,18.10404076332848
-0.009028874904964578,21.387570884234133
0.3614545749440984,-6.6612816997610516
0.20188123959900697,-7.719198499706887
0.2341443478001918,-57.74051646520421
-0.36332751780594286,11.627289824075353
0.0916091018483673,3.0607078295876455
1.0742461550524685,15.093593964234987
0.17133069084377722,-38.8446486552365
-0.058578370644802334,-39.48264072720317
-0.0352084347935643,7.596740867050775
0.3505467633222156,-3.3960019819265512
-0.16880052818434513,-1.5881115983279661
-1.1634612938655475,-12.699829097706006
-0.505048042284805,-4.0030311692097875
0.17133069084377722,18.10404076332848
1.9525911882714773,-1.9313173035818287
0.13071120725620614,-47.17645554782859
-0.36332751780594286,-39.48264072720317
-1.4442959583507398,-28.028858425570593
-1.689401290665661,12.102494748238584
0.1918725988069705,-14.761836885402682
-0.10825325223886004,-27.15700683138211
-1.2497736591103932,13.122226931785953
-0.2076377528588214,-2.7029679554461388
0.16159146195309612,-15.935206029103457
-1.5034819450854005,-8.761451691770763
-1.2497736591103932,10.949350225159302
-0.9024675039485013,14.280904842711205
-0.08657770336893914,6.2392066147147895
-0.00606422098292847,-24.959993554285578
-0.01631420073264045,7.596740867050775
-0.2076377528588214,7.265070709056594
0.46640658963121295,-4.0030311692097875
0.1918725988069705,-9.811847721093269
0.0010470528883741892,-15.347575898405239
-0.17935181727408317,14.909803878090194
0.32482562098165857,20.943839012767775
-0.2076377528588214,49.925647069350426
0.16159146195309612,29.704337441723858
-0.17935181727408317,21.245403893104715
0.46640658963121295,-1.0630246735620064
0.05864512242631372,9.745063193530196
-0.08657770336893914,29.973871336493364
0.36435750103282766,35.727326701158034
0.1918725988069705,7.038437199521378
0.16997473040900107,15.093593964234987
-0.0792748196307623,-0.8843744842369765
1.0742461550524685,-12.9217227829755
0.30407817344469507,3.6844645149518556
-0.02603624527195943,-40.3877793567228
0.8958327942725657,78.70298308265971
-0.10462615523354754,-47.17645554782859
-0.0764545697770406,23.372825929697136
-0.1118305206688687,-4.27374692175362
0.8958327942725657,14.280904842711205
-0.16880052818434513,14.044821634337412
-0.037097603046434724,-8.558438931875193
-0.0792748196307623,7.596740867050775
0.39926502701555744,7.038437199521378
0.3665757928180873,-14.138890062009661
-0.1118305206688687,-32.31398079172564
-0.7429272192252189,17.77974226352989
0.05864512242631372,-7.395869948132882
-0.7429272192252189,12.102504841680373
-0.009028874904964578,-0.5361732542154023
-0.24481175478387227,-4.4418334411038245
0.0010470528883741892,-14.138890062009661
0.1918725988069705,-0.0038359853624834496
-0.3054210698026699,-17.416640261134116
-0.08771594774860603,17.77974226352989
1.7274817463526346,-3.526894058084416
-0.113624667977236,-3.3960019819265512
1.394174000488054,-12.699829097706006
2.0755236001364437,-14.761836885402682
0.16997473040900107,-21.568249383018745
-0.1845534832672918,-14.138890062009661
0.6735839854136264,-27.504862198609242
-0.1118305206688687,-32.18312620050924
1.2553987807724112,0.864766501985906
-0.2033653306411805,10.438571144155382
0.32482562098165857,29.704337441723858
-0.03095869084443841,14.044821634337412
-0.2033653306411805,-5.3619535347475376
0.4242270604129871,-25.246355178563757
-0.03095869084443841,-33.21374444224675
0.27586775984203465,10.874657446200438
-0.16880052818434513,49.925647069350426
0.5786464468577881,17.28183675774978
0.3505467633222156,2.63263339993483
0.3505467633222156,15.093593964234987
0.04980822178464671,-2.2335130345263385
-0.05252757009506306,2.8499852625433655
-0.11235626442082039,44.44184669975891
-1.1192685529603073,3.6844645149518556
0.3505467633222156,-6.6612816997610516
1.5822698280934888,7.78094809608704
-0.16880052818434513,17.224157523989543
-0.17135948528698036,-4.949681631400662
-0.10462615523354754,-27.15700683138211
-0.16880052818434513,-12.9217227829755
0.3505467633222156,-19.279405262215892
-0.25331001659545593,18.06735682480273
1.7274817463526346,-2.2335130345263385
0.4242270604129871,5.004397063638481
-0.00606422098292847,-0.0038359853624834496
-0.03861156615609694,7.596740867050775
-0.1118305206688687,17.28183675774978
0.46841303106282,17.77974226352989
-1.4442959583507398,17.28183675774978
-0.505048042284805,14.280904842711205
-0.36332751780594286,-4.27374692175362
-0.10825325223886004,7.38675613760892
0.16268039011447305,17.77974226352989
0.688791828861265,-4.0030311692097875
0.30407817344469507,-4.078524786165337
1.041244599416565,18.10404076332848
-0.01631420073264045,13.987238754500622
-0.11235626442082039,31.641294797272423
0.30057329476854466,8.171102781843985
0.29653774554932444,-26.313056082160845
0.043113239087593416,-7.308931431818518
0.5786464468577881,-4.27374692175362
-0.17935181727408317,-6.6612816997610516
0.6011300846259356,2.63263339993483
1.041244599416565,7.265070709056594
-0.7287260669656467,14.280904842711205
0.19288933208800815,-12.699829097706006
0.3505467633222156,-39.48264072720317
-0.05252757009506306,-12.699829097706006
-0.4198911017118402,21.245403893104715
0.6011300846259356,42.74014106971756
0.0010470528883741892,-3.526894058084416
-0.10462615523354754,-7.616156830860184
-0.1435785576040279,-3.3960019819265512
-0.7287260669656467,-20.99715135852902
0.689246666015755,-23.69499838117953
0.3228247438500903,29.973871336493364
1.5822698280934888,-0.5573310054388902
0.1918725988069705,18.745431048207855
0.3906688513397044,17.77974226352989
-3.297318649963638,-9.956774156348473
-0.7287260669656467,-27.259749061922307
1.394174000488054,-2.2335130345263385
-0.4198911017118402,5.39666366246006
-0.03861156615609694,17.77974226352989
1.1127658037795611,-1.9488866283982613
-0.1529747467379292,7.596740867050775
-0.10825325223886004,5.911317787528296
-1.4442959583507398,337.79091355894997
-0.00606422098292847,-15.935206029103457
-0.3151451186445354,-12.9217227829755
-0.113624667977236,-2.0982517115565
0.3906688513397044,0.7847641990366732
0.3505467633222156,-4.051877673123212
0.13071120725620614,13.987238754500622
-0.16880052818434513,-7.395869948132882
1.5822698280934888,16.137309005336682
-0.4198911017118402,18.06735682480273
-0.12552467734978415,0.7847641990366732
0.38403387494372687,-7.616156830860184
0.16268039011447305,18.48178911445189
0.36435750103282766,2.63263339993483
-0.7287260669656467,-27.504862198609242
0.02132813869805661,-24.959993554285578
-0.16880052818434513,14.044821634337412
-0.16880052818434513,-27.504862198609242
1.5822698280934888,-12.699829097706006
0.1918725988069705,-27.259749061922307
1.5055984623564311,21.245403893104715
0.1918725988069705,-39.48264072720317
-0.024598674677790366,-21.699206232645043
-0.505048042284805,7.596740867050775
-0.23758498733152322,21.245403893104715
-0.21376361882889733,15.355957543981352
-0.3151451186445354,-32.18312620050924
1.2553987807724112,17.28183675774978
0.13071120725620614,-2.1385247169656862
-0.03095869084443841,11.627289824075353
1.5822698280934888,-3.3960019819265512
0.075532725310448,-12.699829097706006
-0.3151451186445354,-10.314891826852532
0.30057329476854466,-10.276710497240433
0.13071120725620614,-10.276710497240433
1.5822698280934888,-8.558438931875193
-0.10825325223886004,7.265070709056594
0.16268039011447305,32.96094067614628
0.32482562098165857,-4.27374692175362
0.30057329476854466,-4.0030311692097875
0.32482562098165857,-2.9291310600555684
-0.17935181727408317,78.70298308265971
-0.05252757009506306,20.943839012767775
1.4051177019833445,-29.856487290051373
-0.10825325223886004,21.245403893104715
-0.801053308863267,29.973871336493364
-0.21735499260060465,-1.9488866283982613
0.16268039011447305,18.10404076332848
0.30407817344469507,-4.27374692175362
-0.03861156615609694,-39.48264072720317
-1.689401290665661,-7.616156830860184
0.00999572619345961,-4.27374692175362
-1.4442959583507398,-4.27374692175362
-1.4442959583507398,14.280904842711205
0.3505467633222156,7.340366661926466
0.16051745893966754,11.627289824075353
-0.9869487568887413,18.48178911445189
0.16159146195309612,9.745063193530196
-0.14304889760529674,-1.9313173035818287
-0.801053308863267,-7.616156830860184
-0.03095869084443841,17.77974226352989
0.39926502701555744,-4.078524786165337
0.5786464468577881,3.930661283315428
0.34238876799479534,-7.616156830860184
-0.4198911017118402,49.925647069350426
-0.6941908539196296,-18.44398679929323
-0.36332751780594286,-39.48264072720317
-1.4442959583507398,11.627289824075353
0.688791828861265,-39.48264072720317
-0.43529365049160484,-4.5569853151450985
0.05864512242631372,-21.568249383018745
0.2341443478001918,-32.18312620050924
0.13071120725620614,12.102504841680373
-0.4198911017118402,-9.956774156348473
-1.4442959583507398,-9.956774156348473
0.3906688513397044,21.245403893104715
0.0010470528883741892,2.1338652505476157
-0.0352084347935643,-2.2335130345263385
0.0916091018483673,-32.5199083846189
0.18668415979289468,-0.8843744842369765
0.2006814916813869,7.340366661926466
0.38403387494372687,-8.558438931875193
0.05864512242631372,17.28183675774978
-2.229932477622666,-4.27374692175362
-4.641982688069007,-30.108523831933937
0.3800454743780971,7.265070709056594
-0.1118305206688687,21.21099415724861
-0.2741974333344227,18.48178911445189
0.05864512242631372,-0.5361732542154023
1.5822698280934888,78.70298308265971
-0.030646184935596434,17.28183675774978
1.041244599416565,-20.14133706288764
0.6011300846259356,2.077521546435768
-0.05252757009506306,44.44184669975891
-0.4198911017118402,-6.6612816997610516
0.34238876799479534,7.38675613760892
1.3402699205612447,17.28183675774978
-1.0098968388748333,2.1338652505476157
0.043113239087593416,25.38713772153157
-0.16880052818434513,17.28183675774978
0.05864512242631372,2.5799623688686877
0.05160574619961226,-8.558438931875193
0.41530050538439856,16.8762399221961
0.20188123959900697,-20.99715135852902
0.39926502701555744,3.0607078295876455
-0.505048042284805,29.704337441723858
1.041244599416565,-14.92608016726255
0.1589884271769304,21.245403893104715
-0.36332751780594286,12.102504841680373
2.0755236001364437,7.265070709056594
-0.18590351632647606,7.596740867050775
-0.02705603350502108,49.925647069350426
0.5786464468577881,49.925647069350426
-0.16880052818434513,-27.259749061922307
-0.7287260669656467,17.77974226352989
-0.7287260669656467,26.49447126537633
0.2006814916813869,-0.0038359853624834496
-0.1845534832672918,-18.44398679929323
-0.3054210698026699,-12.9217227829755
0.33457055631954125,2.1338652505476157
0.5209864602641708,-29.856487290051373
0.10001883060204593,39.760585038296945
-0.0792748196307623,-4.0030311692097875
0.6735839854136264,-14.138890062009661
1.041244599416565,-14.92608016726255
-0.00606422098292847,-33.21374444224675
0.5786464468577881,12.102494748238584
0.8958327942725657,34.66640998521532
1.2553987807724112,17.28183675774978
-0.7287260669656467,18.10404076332848
0.20188123959900697,-7.308931431818518
0.10597692985484128,13.122226931785953
-0.1845534832672918,0.04146826652060548
-0.43529365049160484,-16.04309329983733
-1.2497736591103932,34.66640998521532
-0.1845534832672918,-4.27374692175362
0.38403387494372687,-25.15343695062618
-0.12894786135221284,-4.5569853151450985
0.007990116497257959,8.678186683473351
0.17133069084377722,-14.761836885402682
-0.6941908539196296,14.280904842711205
0.18668415979289468,-46.523517778655
-0.16333932667981615,7.038437199521378
1.9046788635615386,13.73569103313465
-0.1118305206688687,-14.138890062009661
-0.1529747467379292,18.06735682480273
0.04778851635149166,29.704337441723858
1.9525911882714773,6.375386923193691
0.44922296516495946,-12.699829097706006
0.27586775984203465,16.8762399221961
-0.4198911017118402,-21.699206232645043
0.30057329476854466,7.265070709056594
0.5786464468577881,-4.949681631400662
0.33457055631954125,9.13205616139108
0.11980487094519213,17.28183675774978
-0.3151451186445354,11.627289824075353
0.688791828861265,16.98247544783629
-0.08048260070473123,14.044821634337412
-0.10825325223886004,21.387570884234133
-0.5671450383307745,-4.0030311692097875
-0.2738920535334189,15.66197399815461
0.26972067301564895,10.074007354489863
0.05864512242631372,-1.9313173035818287
0.16181664640404847,-0.0038359853624834496
-0.05252757009506306,-14.138890062009661
-0.00606422098292847,5.911317787528296
1.1127658037795611,0.864766501985906
0.4997419662193159,-8.558438931875193
-0.1118305206688687,21.245403893104715
0.0010470528883741892,15.093593964234987
-0.2033653306411805,7.038437199521378
0.6735839854136264,7.596740867050775
-0.505048042284805,20.021864907847988
-0.1118305206688687,-7.616156830860184
-0.36332751780594286,-10.314891826852532
-0.03861156615609694,7.596740867050775
0.34238876799479534,-27.259749061922307
1.041244599416565,14.280904842711205
-0.058578370644802334,78.70298308265971
0.16159146195309612,18.10404076332848
0.1586219282642693,-4.078524786165337
-0.636274644842378,17.77974226352989
0.6011300846259356,49.925647069350426
0.2434758227448847,3.010803771110808
-0.02603624527195943,-4.5569853151450985
-0.2076377528588214,23.503575342205522
-1.4276687895233653,16.137309005336682
2.0755236001364437,-8.558438931875193
-0.36332751780594286,0.864766501985906
-0.10462615523354754,0.04146826652060548
0.46640658963121295,13.122226931785953
0.05864512242631372,-10.056424393302532
0.1589884271769304,14.004420132976355
0.1586219282642693,-1.9488866283982613
0.16159146195309612,11.627289824075353
0.00999572619345961,-1.9313173035818287
-0.4198911017118402,-2.2335130345263385
0.008010320845787419,7.596740867050775
0.16181664640404847,7.265070709056594
0.2528020560677244,3.010803771110808
0.05160574619961226,-2.9291310600555684
1.5822698280934888,11.1052927428243
-0.14304889760529674,26.49447126537633
0.1586219282642693,-38.8446486552365
-0.00013670845530624475,8.94794705401277
0.5101920150542831,1.562435408792224
-0.9024675039485013,3.010803771110808
-0.03095869084443841,-4.078524786165337
0.34238876799479534,190.3097190243283
-0.4198911017118402,15.355957543981352
-0.36332751780594286,-3.526894058084416
0.1918725988069705,11.675314765328476
0.043113239087593416,-15.935206029103457
0.6011300846259356,2.1338652505476157
0.16997473040900107,-20.99715135852902
-0.0352084347935643,-4.078524786165337
0.05864512242631372,-7.616156830860184
0.3606517853674941,15.719889307234046
-0.01631420073264045,18.10404076332848
0.2341443478001918,31.57671909153448
-0.9024675039485013,-4.949681631400662
-0.017168990736273714,-21.925067375973722
-0.01631420073264045,7.038437199521378
-0.058578370644802334,14.044821634337412
-0.05252757009506306,-7.616156830860184
-0.16880052818434513,-10.276710497240433
-0.030646184935596434,21.245403893104715
-0.2033653306411805,18.06735682480273
0.05864512242631372,-15.099009954866625
0.0010470528883741892,-32.5199083846189
-0.16880052818434513,12.102494748238584
-0.505048042284805,-4.192298132741622
-0.00013670845530624475,15.355957543981352
0.34238876799479534,11.25863723715804
0.10001883060204593,11.627289824075353
0.16181664640404847,13.122226931785953
1.9022587109706586,42.74014106971756
-0.17935181727408317,28.26539096477251
-0.505048042284805,-10.056424393302532
-0.06194194306377323,-4.0030311692097875
-0.365708981743811,5.460778799335178
-0.15193756696726807,13.987238754500622
-0.17935181727408317,2.63263339993483
-1.2497736591103932,0.864766501985906
-0.25331001659545593,-24.646420341805445
-0.19466522561525249,13.976408821605908
-0.05252757009506306,35.727326701158034
-0.1567945449410138,7.596740867050775
0.16181664640404847,-7.308931431818518
-0.024598674677790366,-15.935206029103457
0.1918725988069705,-6.71851388944232
-0.0754261473078616,-4.5569853151450985
2.0755236001364437,-39.48264072720317
-0.0792748196307623,24.499597763939295
-0.017168990736273714,17.28183675774978
-0.1118305206688687,-39.48264072720317
-0.1118305206688687,-0.5361732542154023
-0.505048042284805,14.280904842711205
-0.2941137015527696,23.372825929697136
0.23608909821264756,-1.6881085035055867
0.047684826740882966,0.04146826652060548
-0.4198911017118402,14.044821634337412
-0.2076377528588214,-39.48264072720317
-0.00606422098292847,15.355957543981352
-1.4442959583507398,18.48178911445189
-0.03095869084443841,-4.0030311692097875
-0.4342998201327942,-29.01925450775799
-0.19466522561525249,-7.616156830860184
-0.2738920535334189,-27.259749061922307
0.20188123959900697,-4.27374692175362
0.1918725988069705,17.77974226352989
0.4242270604129871,-4.5569853151450985
-0.0352084347935643,-14.114341188560951
-0.21735499260060465,0.864766501985906
0.36435750103282766,-16.179880662916258
0.6011300846259356,0.7847641990366732
0.688791828861265,15.261949196023727
1.041244599416565,-24.959993554285578
0.16268039011447305,18.10404076332848
-0.17935181727408317,2.329516804521694
1.3837758509206166,-18.44398679929323
-0.4198911017118402,7.265070709056594
-0.2782101086628936,0.04146826652060548
0.16051745893966754,-10.032654483473237
0.3505467633222156,18.10404076332848
-1.689401290665661,-18.44398679929323
0.13071120725620614,-25.908721899119882
-0.801053308863267,-14.92608016726255
0.34238876799479534,-9.956774156348473
0.1586219282642693,0.864766501985906
-0.058578370644802334,-12.699829097706006
0.0010470528883741892,-1.6881085035055867
-0.05252757009506306,-2.9614244565298433
0.39926502701555744,-4.5569853151450985
-0.05873740317876268,0.04146826652060548
0.44922296516495946,18.48178911445189
-0.00606422098292847,-9.956774156348473
-0.058578370644802334,-2.9614244565298433
0.8958327942725657,-4.579917727602352
0.04778851635149166,-47.17645554782859
0.1918725988069705,5.911317787528296
0.0010470528883741892,13.122226931785953
0.40158367324280136,34.66640998521532
0.30057329476854466,-12.699829097706006
-1.4442959583507398,-40.3877793567228
-0.2033653306411805,35.727326701158034
-0.058578370644802334,-12.699829097706006
0.1918725988069705,83.67494295132117
0.36435750103282766,-4.5569853151450985
1.5706936489161796,18.77231901118117
0.3906688513397044,78.70298308265971
0.6011300846259356,-3.526894058084416
0.0916091018483673,18.48178911445189
0.44922296516495946,-27.15700683138211
0.16181664640404847,19.31827048195189
0.32482562098165857,-10.814404479470381
-0.113624667977236,11.195706723116947
0.05864512242631372,-27.15700683138211
0.3906688513397044,8.94794705401277
-0.0352084347935643,-4.5569853151450985
0.688791828861265,-4.27374692175362
0.16997473040900107,-14.114341188560951
0.16716157712011298,-9.150666438419684
-0.26997640021527164,-0.5361732542154023
-0.05252757009506306,-6.152960897313826
0.18668415979289468,-25.908721899119882
0.30407817344469507,-0.0038359853624834496
-0.2941137015527696,-1.6881085035055867
-0.2033653306411805,21.387570884234133
0.29653774554932444,49.925647069350426
0.33457055631954125,-17.97391752245654
0.0010470528883741892,-18.44398679929323
0.33049120169057705,-40.19327155395332
-1.4442959583507398,-0.5361732542154023
0.3505467633222156,-10.207342532722286
-0.1118305206688687,-2.2335130345263385
0.1918725988069705,-5.3619535347475376
-1.689401290665661,18.10404076332848
-0.14304889760529674,-39.1763748935869
-0.00013670845530624475,-3.526894058084416
0.18668415979289468,15.093593964234987
0.688791828861265,-46.523517778655
-0.21735499260060465,8.171102781843985
0.05864512242631372,0.30087760174787676
-0.16880052818434513,-18.05000878013754
0.008010320845787419,18.10404076332848
0.0010470528883741892,-3.2934762777459268
-0.22245526381397998,0.04146826652060548
0.36435750103282766,15.093593964234987
-0.2033653306411805,11.627289824075353
1.9263509282651272,-12.9217227829755
-0.8246288976755036,-27.259749061922307
-0.05252757009506306,11.627289824075353
-0.4198911017118402,15.261949196023727
-0.058578370644802334,-12.9217227829755
-0.08867063383433955,35.727326701158034
0.20188123959900697,-14.807425866768156
-0.0352084347935643,-18.44398679929323
0.5101920150542831,41.70914557438718
1.0742461550524685,-4.0030311692097875
-0.00606422098292847,17.77974226352989
0.5786464468577881,18.48178911445189
-0.9718979137563235,11.627289824075353
-0.17935181727408317,0.864766501985906
0.047684826740882966,21.245403893104715
-0.21735499260060465,11.322639000940397
0.44922296516495946,-4.949681631400662
1.3837758509206166,21.245403893104715
-0.7160738754535848,-4.27374692175362
0.532244698972776,-18.538109028352324
0.043113239087593416,-2.9614244565298433
0.20188123959900697,31.57671909153448
-0.801053308863267,42.74014106971756
1.9046788635615386,-8.558438931875193
-0.05252757009506306,18.10404076332848
-1.2497736591103932,13.987238754500622
0.688791828861265,34.66640998521532
0.20188123959900697,7.017127675090229
-0.1845534832672918,12.102494748238584
-0.2782101086628936,17.77974226352989
0.16997473040900107,-1.6881085035055867
-0.058578370644802334,-2.2335130345263385
-0.1845534832672918,-18.538109028352324
0.0010470528883741892,14.280904842711205
-0.1118305206688687,5.004397063638481
0.44922296516495946,17.663083151548147
0.2528020560677244,-2.218290423663901
-0.2033653306411805,-4.5569853151450985
-0.058578370644802334,7.265070709056594
-0.2033653306411805,-20.99715135852902
-0.05252757009506306,-12.699829097706006
1.2553987807724112,-4.0030311692097875
-1.003876189520175,-18.05000878013754
-0.03095869084443841,-10.276710497240433
-0.05416496573668983,18.10404076332848
-0.2076377528588214,-7.2466025351224115
-0.03861156615609694,-14.959477299015035
2.2358660093761475,15.355957543981352
0.6011300846259356,5.911317787528296
-0.00606422098292847,17.77974226352989
-0.7050481787525923,-25.344122145253287
0.34238876799479534,25.38713772153157
1.2553987807724112,-2.2335130345263385
0.05864512242631372,31.641294797272423
0.45325600338022703,54.8947718800322
-0.4198911017118402,17.77974226352989
0.1918725988069705,17.28183675774978
0.043113239087593416,-10.276710497240433
0.20188123959900697,-26.896748735579198
1.041244599416565,-20.99715135852902
0.3505467633222156,18.41275292458747
0.0010470528883741892,13.064261480023923
-1.2497736591103932,-13.360315882929202
-0.058578370644802334,-3.3960019819265512
-0.21735499260060465,11.627289824075353
0.5786464468577881,16.137309005336682
-1.689401290665661,-18.44398679929323
-0.17935181727408317,5.004397063638481
-0.7050481787525923,-28.028858425570593
0.16997473040900107,7.038437199521378
1.041244599416565,18.10404076332848
0.5209864602641708,21.21099415724861
-0.33576938220124525,-2.0767928311559585
-0.058578370644802334,11.195706723116947
-0.1845534832672918,7.265070709056594
-0.21937163611603822,5.911317787528296
-0.03861156615609694,-32.31398079172564
-0.4198911017118402,15.093593964234987
-0.03861156615609694,5.911317787528296
-0.11235626442082039,-15.935206029103457
0.16181664640404847,-10.032654483473237
0.44922296516495946,-9.956774156348473
0.17133069084377722,2.1338652505476157
0.043113239087593416,-3.526894058084416
-1.1793887582032776,-0.5361732542154023
0.16268039011447305,-21.699206232645043
-0.1118305206688687,-8.558438931875193
1.0742461550524685,40.690505495633346
-0.16880052818434513,8.94794705401277
-0.43529365049160484,14.81756871123022
-0.058578370644802334,-12.9217227829755
-0.03861156615609694,42.74014106971756
0.688791828861265,35.727326701158034
0.17133069084377722,7.265070709056594
-0.05252757009506306,-10.884568947883732
-0.3151451186445354,-4.0030311692097875
-0.7401456791303287,337.79091355894997
-0.05613709104258011,-7.616156830860184
-0.044810527848512395,3.010803771110808
0.4242270604129871,14.044821634337412
0.30057329476854466,-3.4464653984667657
1.041244599416565,13.122226931785953
0.34238876799479534,3.010803771110808
1.041244599416565,7.596740867050775
0.41530050538439856,0.864766501985906
1.041244599416565,-2.2335130345263385
-0.17935181727408317,5.911317787528296
-0.30057689291677187,44.44184669975891
-1.2497736591103932,-4.0030311692097875
0.34238876799479534,1.6473613643481597
0.1918725988069705,18.10404076332848
0.00999572619345961,-0.5361732542154023
0.13071120725620614,-8.558438931875193
-0.16880052818434513,11.627289824075353
0.19769300947974253,-39.82546707978458
-0.2738920535334189,24.499597763939295
-0.02603624527195943,60.61303780141854
0.00999572619345961,5.911317787528296
-0.4198911017118402,-29.856487290051373
2.0755236001364437,0.04146826652060548
-0.0792748196307623,-39.48264072720317
0.5101920150542831,-39.1763748935869
-0.17935181727408317,-18.44398679929323
-0.9869487568887413,-38.8446486552365
-0.05252757009506306,0.04146826652060548
-0.10825325223886004,0.04146826652060548
0.3505467633222156,-14.92608016726255
0.00999572619345961,12.102504841680373
0.2528020560677244,20.943839012767775
0.8958327942725657,-1.6881085035055867
-0.2033653306411805,-6.6612816997610516
-0.017168990736273714,-5.3619535347475376
-0.05613709104258011,-5.3619535347475376
0.0010470528883741892,18.694892084583277
-0.15193756696726807,18.10404076332848
0.2528020560677244,-4.078524786165337
1.5822698280934888,-3.526894058084416
1.2553987807724112,-4.0030311692097875
1.5822698280934888,-2.9291310600555684
-0.3151451186445354,21.943429764248087
-0.16880052818434513,14.280904842711205
-0.12588186608270502,-25.246355178563757
1.394174000488054,-52.37795764006779
1.0742461550524685,7.265070709056594
0.043113239087593416,9.745063193530196
0.3505467633222156,21.21099415724861
0.047684826740882966,-8.761451691770763
0.18668415979289468,-17.97391752245654
-1.6778178025694679,-12.9217227829755
0.4997419662193159,-2.7029679554461388
0.5786464468577881,-50.443152489164476
0.4242270604129871,-20.99715135852902
0.39926502701555744,-20.99715135852902
0.2786039531662106,-50.443152489164476
0.16181664640404847,17.28183675774978
0.3548113137883401,11.1052927428243
-0.36332751780594286,-7.616156830860184
1.2506582497678416,0.9214016884970614
0.33457055631954125,-39.48264072720317
-0.05252757009506306,5.911317787528296
-0.4198911017118402,9.13205616139108
1.5822698280934888,5.911317787528296
0.00999572619345961,-2.7029679554461388
0.4242270604129871,6.375386923193691
-0.30057689291677187,-3.3960019819265512
-0.03861156615609694,17.77974226352989
0.5786464468577881,23.503575342205522
0.00999572619345961,-3.526894058084416
0.44922296516495946,0.7847641990366732
0.6097296047041605,-12.9217227829755
1.041244599416565,0.6309309569732581
-0.009028874904964578,-12.9217227829755
0.6526028477519574,-2.9291310600555684
-0.7050550900595922,-2.9614244565298433
-0.17935181727408317,-0.5573310054388902
-0.03861156615609694,-39.48264072720317
1.041244599416565,18.06735682480273
0.6011300846259356,-4.078524786165337
0.5101920150542831,-10.276710497240433
-0.8246288976755036,-4.0030311692097875
0.5786464468577881,-27.259749061922307
0.41530050538439856,-18.44398679929323
-0.2813777439740256,-40.3877793567228
0.3505467633222156,-10.032654483473237
-0.4198911017118402,-50.443152489164476
-1.4442959583507398,0.04146826652060548
0.16997473040900107,2.256461576867558
-4.641982688069007,29.704337441723858
1.2553987807724112,21.21099415724861
-0.10462615523354754,7.265070709056594
-0.36332751780594286,-15.935206029103457
0.46640658963121295,-24.16125495693031
-0.058578370644802334,-0.5361732542154023
0.46640658963121295,-3.526894058084416
-0.14304889760529674,-2.9291310600555684
0.19769300947974253,-18.44398679929323
0.44922296516495946,-24.959993554285578
0.17133069084377722,-30.108523831933937
0.26972067301564895,-4.27374692175362
0.29653774554932444,16.8762399221961
-0.36332751780594286,1.6473613643481597
-0.08657770336893914,18.10404076332848
-0.34167038395473925,-7.616156830860184
0.5786464468577881,-4.078524786165337
0.19769300947974253,78.70298308265971
0.36435750103282766,23.372825929697136
0.36435750103282766,-8.558438931875193
2.0755236001364437,4.169944995986889
0.34238876799479534,78.70298308265971
0.34238876799479534,-0.5573310054388902
0.8958327942725657,0.04146826652060548
-0.03861156615609694,6.540833177903198
-0.19466522561525249,-18.44398679929323
0.38403387494372687,17.28183675774978
0.3232970364782351,2.63263339993483
-0.14304889760529674,-23.69499838117953
0.20188123959900697,18.06735682480273
0.4242270604129871,-10.032654483473237
0.0010470528883741892,21.245403893104715
1.041244599416565,-4.051877673123212
-0.8246288976755036,18.10404076332848
0.1589884271769304,-10.814404479470381
-0.801053308863267,-0.8843744842369765
0.1918725988069705,-8.558438931875193
0.3906688513397044,14.280904842711205
0.2515737123508759,-8.7422950833559
0.26972067301564895,-1.6881085035055867
0.8958327942725657,-4.078524786165337
-0.7050481787525923,0.04146826652060548
0.18668415979289468,-24.959993554285578
0.19769300947974253,-0.0038359853624834496
0.26972067301564895,13.122226931785953
0.16181664640404847,-33.21374444224675
1.5822698280934888,11.627289824075353
-0.43529365049160484,-21.699206232645043
0.19418111044770825,32.96094067614628
-0.17935181727408317,19.31827048195189
-0.43529365049160484,9.13205616139108
0.4861271218686462,-0.5361732542154023
0.16181664640404847,-4.078524786165337
0.05864512242631372,7.596740867050775
0.36435750103282766,78.70298308265971
-0.24416541236390005,7.38675613760892
1.2506582497678416,-12.699829097706006
0.18668415979289468,0.05646438547059542
1.5822698280934888,13.73569103313465
0.0010470528883741892,-0.0038359853624834496
0.44922296516495946,31.641294797272423
-0.19466522561525249,-13.989261657391179
0.4242270604129871,-7.395869948132882
0.44922296516495946,5.911317787528296
0.3505467633222156,-10.276710497240433
0.16181664640404847,-5.3619535347475376
-0.0808639114232312,12.102494748238584
-0.06565703993025851,0.04146826652060548
0.34238876799479534,-4.27374692175362
-0.14304889760529674,7.78094809608704
-0.05252757009506306,78.70298308265971
-0.4198911017118402,-3.3960019819265512
-0.058578370644802334,-0.5361732542154023
0.05864512242631372,21.387570884234133
-0.0352084347935643,7.596740867050775
0.3232970364782351,-10.276710497240433
-0.43529365049160484,-29.856487290051373
0.6011300846259356,13.73569103313465
-0.8246288976755036,29.973871336493364
-1.2497736591103932,2.63263339993483
0.8958327942725657,7.038437199521378
0.13093247266594338,-40.19327155395332
0.05864512242631372,-2.7029679554461388
-0.05252757009506306,-14.138890062009661
0.27586775984203465,42.74014106971756
0.0010470528883741892,-8.558438931875193
-0.4198911017118402,-1.9488866283982613
-0.1118305206688687,-38.8446486552365
-0.05252757009506306,17.77974226352989
-0.03095869084443841,13.73569103313465
-0.3054210698026699,11.627289824075353
0.4242270604129871,18.06735682480273
-0.505048042284805,18.10404076332848
0.3505467633222156,15.66197399815461
0.36435750103282766,-7.849089718355956
0.007968033397800145,-1.9488866283982613
-0.17935181727408317,15.355957543981352
1.5822698280934888,-39.48264072720317
-0.0352084347935643,17.28183675774978
0.34238876799479534,-13.7293368035301
-2.1165382348720505,-8.558438931875193
-0.36332751780594286,2.077521546435768
-0.0352084347935643,8.799725091799269
0.2434758227448847,21.245403893104715
1.7274817463526346,-15.935206029103457
0.1918725988069705,-6.223666195099975
0.14193829180449308,11.627289824075353
0.44922296516495946,2.63263339993483
-0.12894786135221284,18.10404076332848
0.20188123959900697,18.06735682480273
-0.017168990736273714,34.66640998521532
-0.14304889760529674,17.28183675774978
-0.10825325223886004,18.06735682480273
-1.4442959583507398,18.06735682480273
-0.17935181727408317,2.077521546435768
0.17133069084377722,42.74014106971756
1.5822698280934888,13.122226931785953
0.6011300846259356,31.57671909153448
-0.009028874904964578,18.06735682480273
-0.058578370644802334,7.38675613760892
0.153020433690436,-29.856487290051373
-0.009028874904964578,42.74014106971756
-0.058578370644802334,13.122226931785953
0.16051745893966754,15.093593964234987
0.00999572619345961,-21.699206232645043
-0.33576938220124525,-15.935206029103457
-0.00606422098292847,-1.9488866283982613
1.0742461550524685,-64.12884555227778
0.00999572619345961,49.925647069350426
0.39926502701555744,29.704337441723858
1.041244599416565,2.63263339993483
-1.5034819450854005,-10.276710497240433
0.39926502701555744,13.122226931785953
0.1918725988069705,-0.5361732542154023
-0.3151451186445354,17.77974226352989
0.688791828861265,17.28183675774978
0.5101920150542831,21.245403893104715
-0.1845534832672918,-14.114341188560951
-0.40904271775737755,2.63263339993483
-0.2738920535334189,-8.558438931875193
2.0013801206858988,-39.1763748935869
-0.009028874904964578,31.57671909153448
-1.2497736591103932,0.864766501985906
0.16181664640404847,9.20004271711571
-1.5034819450854005,16.137309005336682
0.043113239087593416,34.66640998521532
-0.044810527848512395,-8.558438931875193
-0.505048042284805,-24.16125495693031
-0.4198911017118402,-7.616156830860184
-0.08657770336893914,14.280904842711205
0.2341443478001918,15.355957543981352
-0.672261773514369,2.5799623688686877
-0.03861156615609694,-39.48264072720317
0.4997419662193159,17.77974226352989
-0.6694664349971302,-2.3141928410932953
-0.6802110654890579,-2.2335130345263385
-0.2738920535334189,18.10404076332848
0.2006814916813869,31.641294797272423
-0.0166721650619027,7.265070709056594
-0.1435785576040279,0.864766501985906
0.1918725988069705,16.98247544783629
-0.058578370644802334,35.727326701158034
0.1918725988069705,-5.3619535347475376
-1.6051186114402711,35.727326701158034
-0.1118305206688687,-11.168027150779878
0.5786464468577881,-15.935206029103457
-0.03861156615609694,-12.9217227829755
-0.1118305206688687,35.727326701158034
-0.36332751780594286,-7.616156830860184
0.2521351458422851,-4.078524786165337
-0.10825325223886004,190.3097190243283
-1.5034819450854005,18.77231901118117
-0.19466522561525249,-18.44398679929323
-0.009028874904964578,17.224157523989543
0.1918725988069705,-0.5361732542154023
-0.0352084347935643,11.195706723116947
1.5055984623564311,-2.9614244565298433
0.3193683602170187,-3.526894058084416
1.4051177019833445,15.261949196023727
-0.10825325223886004,-7.308931431818518
-0.00606422098292847,14.071100412859938
1.041244599416565,-1.9313173035818287
-0.17935181727408317,-8.558438931875193
-0.21376361882889733,0.7847641990366732
-0.05252757009506306,-1.9488866283982613
0.688791828861265,-6.6612816997610516
0.1918725988069705,-39.48264072720317
-0.3151451186445354,-20.99715135852902
0.0010470528883741892,36.622797333381634
-0.6299094769965032,13.122226931785953
-0.12894786135221284,56.59659836344661
0.1918725988069705,-14.761836885402682
0.26972067301564895,0.864766501985906
-0.00013670845530624475,49.925647069350426
0.0010470528883741892,10.438571144155382
0.16997473040900107,-1.9488866283982613
1.1127658037795611,-4.0030311692097875
0.0010470528883741892,-33.21374444224675
1.041244599416565,0.04146826652060548
0.0010470528883741892,3.1405316026897645
1.7274817463526346,21.387570884234133
-0.01631420073264045,-27.259749061922307
-0.0754261473078616,-4.0030311692097875
-0.009028874904964578,-5.3619535347475376
-0.6941908539196296,0.864766501985906
0.33457055631954125,7.265070709056594
-0.017168990736273714,-0.5361732542154023
0.16051745893966754,-6.072911394740857
-0.904254043280354,-38.8446486552365
-1.2497736591103932,-4.27374692175362
-0.17935181727408317,-30.108523831933937
-0.16880052818434513,-23.646534104325497
0.16051745893966754,-4.5569853151450985
-0.058578370644802334,-20.99715135852902
-0.024598674677790366,5.911317787528296
0.16997473040900107,-4.5569853151450985
-0.16880052818434513,17.77974226352989
0.688791828861265,56.59659836344661
-1.2497736591103932,7.038437199521378
0.05864512242631372,-27.259749061922307
0.06288897005254657,-39.48264072720317
0.4266084430863691,21.34879511607822
-0.17935181727408317,-16.25322274257984
-0.33576938220124525,12.102494748238584
1.2553987807724112,0.7847641990366732
-1.4442959583507398,-4.5569853151450985
0.8413545350956095,40.690505495633346
-0.058578370644802334,-4.078524786165337
0.18668415979289468,-3.3960019819265512
0.16181664640404847,15.093593964234987
1.0742461550524685,17.77974226352989
0.00999572619345961,18.48178911445189
-1.4442959583507398,-18.44398679929323
0.16159146195309612,2.077521546435768
0.16997473040900107,17.224157523989543
0.5101920150542831,-18.44398679929323
-0.7050481787525923,15.093593964234987
-0.22245526381397998,21.245403893104715
-0.10825325223886004,21.245403893104715
0.0010470528883741892,22.526360517017405
-0.00606422098292847,49.925647069350426
0.33457055631954125,-1.2870816333418091
0.00999572619345961,-18.44398679929323
-0.024598674677790366,18.48178911445189
0.18668415979289468,0.04146826652060548
0.5101920150542831,-26.896748735579198
-0.21735499260060465,35.727326701158034
0.5786464468577881,-9.956774156348473
-0.4198911017118402,7.596740867050775
-1.2497736591103932,-5.3619535347475376
-0.4198911017118402,337.79091355894997
2.0755236001364437,49.925647069350426
-0.2813777439740256,14.909803878090194
-0.05252757009506306,-3.9671451152817934
0.6011300846259356,42.74014106971756
-0.1118305206688687,-18.44398679929323
0.6011300846259356,-27.259749061922307
-0.2915464995984715,-1.9488866283982613
-0.009028874904964578,21.245403893104715
0.27586775984203465,13.73569103313465
0.36435750103282766,16.36942024967121
1.041244599416565,21.21099415724861
-0.2033653306411805,22.526360517017405
0.31021410415629347,7.038437199521378
-0.9024675039485013,18.06735682480273
0.10597692985484128,-4.051877673123212
-0.17935181727408317,11.627289824075353
0.6011300846259356,-4.949681631400662
0.6011300846259356,-6.870466107188114
-0.16880052818434513,15.719889307234046
-0.03095869084443841,190.3097190243283
-0.03095869084443841,-8.558438931875193
-0.10825325223886004,14.044821634337412
-0.30057689291677187,-2.2335130345263385
-0.18795389361926648,-2.7029679554461388
-0.2741974333344227,35.727326701158034
1.394174000488054,11.627289824075353
-0.24416541236390005,-12.699829097706006
-0.34608910240259316,7.038437199521378
-0.2033653306411805,7.38675613760892
-0.2033653306411805,15.719889307234046
-0.3151451186445354,13.122226931785953
0.1589884271769304,-3.9671451152817934
-1.4442959583507398,7.038437199521378
0.30057329476854466,-3.3960019819265512
1.041244599416565,5.911317787528296
-0.009028874904964578,-15.935206029103457
-0.4198911017118402,-10.276710497240433
-0.801053308863267,7.038437199521378
0.09457556784870232,10.438571144155382
-0.0352084347935643,-27.504862198609242
0.33457055631954125,-2.7029679554461388
0.688791828861265,7.38675613760892
-0.00606422098292847,-4.0030311692097875
0.44922296516495946,18.10404076332848
0.20188123959900697,21.245403893104715
0.164306546105706,-1.9488866283982613
0.20188123959900697,-4.5569853151450985
0.043113239087593416,-20.99715135852902
-0.17935181727408317,13.122226931785953
0.31021410415629347,-0.8843744842369765
0.0916091018483673,14.004420132976355
0.6735839854136264,7.596740867050775
-0.08657770336893914,-39.48264072720317
-0.0792748196307623,-18.44398679929323
0.8958327942725657,-21.699206232645043
-0.43529365049160484,4.007637341038666
0.3505467633222156,20.2183142232873
-0.2033653306411805,17.28183675774978
-0.10825325223886004,-0.5361732542154023
-0.4198911017118402,-24.959993554285578
1.7274817463526346,-1.43261949820052
0.26972067301564895,-48.23772936159969
-0.06487068597181327,18.48178911445189
0.3614545749440984,-10.276710497240433
0.2006814916813869,-40.3877793567228
0.44922296516495946,0.04146826652060548
-0.505048042284805,21.245403893104715
0.5786464468577881,11.627289824075353
0.34238876799479534,11.627289824075353
0.5786464468577881,18.06735682480273
-0.19466522561525249,-8.558438931875193
0.20188123959900697,17.28183675774978
0.1918725988069705,13.73569103313465
0.290241718641295,17.28183675774978
0.34238876799479534,29.704337441723858
0.8413545350956095,8.94794705401277
-0.16880052818434513,-27.504862198609242
-0.10825325223886004,5.911317787528296
-0.08657770336893914,0.864766501985906
-0.04555074380058599,-2.1385247169656862
-0.7160738754535848,-11.168027150779878
-0.04555074380058599,-6.072911394740857
-0.058578370644802334,13.987238754500622
-0.05530137165783735,-10.814404479470381
0.8958327942725657,-9.811847721093269
0.20188123959900697,2.077521546435768
0.16997473040900107,-0.5361732542154023
-0.43529365049160484,-27.259749061922307
-0.0352084347935643,-1.2870816333418091
1.0742461550524685,-2.3141928410932953
-0.19466522561525249,34.66640998521532
0.16181664640404847,-7.616156830860184
0.3906688513397044,2.329516804521694
-0.36332751780594286,-4.5569853151450985
0.3505467633222156,7.038437199521378
-0.00606422098292847,42.74014106971756
0.38403387494372687,-12.9217227829755
0.4242270604129871,-11.111584414861227
0.511416933333918,-1.9459217090021586
0.06288897005254657,18.10404076332848
0.1918725988069705,-21.699206232645043
1.5822698280934888,0.04146826652060548
1.9022587109706586,2.077521546435768
-2.229932477622666,-19.279405262215892
2.2358660093761475,-27.504862198609242
0.34238876799479534,-38.8446486552365
-0.05252757009506306,42.74014106971756
0.00999572619345961,-1.9488866283982613
-0.21735499260060465,17.77974226352989
-0.1118305206688687,-50.443152489164476
-0.024598674677790366,7.265070709056594
0.16268039011447305,4.169944995986889
0.36435750103282766,11.195706723116947
-0.33576938220124525,-22.688931087626568
0.27586775984203465,-4.27374692175362
-0.2033653306411805,15.093593964234987
0.6011300846259356,-4.078524786165337
0.4242270604129871,-39.48264072720317
-0.17935181727408317,7.265070709056594
-0.06487068597181327,11.627289824075353
-0.3151451186445354,-27.15700683138211
0.13071120725620614,16.98247544783629
0.44922296516495946,21.387570884234133
-0.10825325223886004,-14.761836885402682
0.8958327942725657,-4.5569853151450985
0.00999572619345961,35.727326701158034
0.4242270604129871,-27.504862198609242
-0.7287260669656467,-1.0630246735620064
-0.08657770336893914,49.925647069350426
-0.0792748196307623,15.093593964234987
1.5822698280934888,25.38713772153157
0.8413545350956095,49.925647069350426
0.6011300846259356,-10.081603544848427
0.1918725988069705,17.28183675774978
0.33457055631954125,-4.0030311692097875
-0.36332751780594286,35.727326701158034
0.05864512242631372,-27.504862198609242
-0.14304889760529674,22.526360517017405
0.6011300846259356,-2.9614244565298433
-0.43529365049160484,14.280904842711205
-0.7401456791303287,-0.0038359853624834496
0.16181664640404847,10.438571144155382
1.5822698280934888,-0.5361732542154023
0.16159146195309612,17.77974226352989
-0.6299094769965032,-0.8843744842369765
0.1589884271769304,-27.504862198609242
0.5786464468577881,-15.935206029103457
0.00999572619345961,-3.526894058084416
0.16159146195309612,16.137309005336682
-0.16880052818434513,-6.072911394740857
-1.5464783585181123,20.943839012767775
-0.505048042284805,3.1405316026897645
-0.024598674677790366,11.195706723116947
-1.4442959583507398,-18.44398679929323
-0.4669169529303681,-11.168027150779878
0.44922296516495946,-4.5569853151450985
-0.058578370644802334,15.719889307234046
-0.801053308863267,3.010803771110808
-0.14304889760529674,21.245403893104715
0.00999572619345961,-24.959993554285578
-0.009028874904964578,-22.688931087626568
-1.5034819450854005,-12.9217227829755
-0.21735499260060465,-6.756081256335111
-0.024598674677790366,0.864766501985906
-0.4726112652643114,-4.5569853151450985
0.0010470528883741892,-27.259749061922307
-0.10462615523354754,14.004420132976355
0.16159146195309612,18.10404076332848
0.36435750103282766,-10.276710497240433
-0.058578370644802334,0.04146826652060548
1.041244599416565,-3.7731426931645045
-0.2033653306411805,7.265070709056594
-0.03095869084443841,337.79091355894997
0.5786464468577881,14.004420132976355
-0.21191448486425904,-15.935206029103457
-1.5458874043595952,78.70298308265971
-0.16333932667981615,18.41275292458747
-0.0352084347935643,0.04146826652060548
0.043113239087593416,-0.5361732542154023
-0.10825325223886004,-4.5569853151450985
-0.1845534832672918,-27.259749061922307
-0.009028874904964578,13.122226931785953
-0.16880052818434513,-4.0030311692097875
0.32482562098165857,-39.48264072720317
0.689246666015755,-6.870466107188114
-0.113624667977236,8.94794705401277
-0.7287260669656467,34.458378268200114
-0.04555074380058599,35.727326701158034
-0.21735499260060465,14.280904842711205
0.16181664640404847,49.925647069350426
-0.3151451186445354,11.627289824075353
0.16181664640404847,31.57671909153448
-0.14258406777394997,-0.8843744842369765
-0.03095869084443841,-27.504862198609242
0.5101920150542831,35.727326701158034
0.16181664640404847,-3.3960019819265512
-0.03861156615609694,-3.526894058084416
-0.7050481787525923,11.195706723116947
0.1586219282642693,-0.5361732542154023
0.18668415979289468,5.911317787528296
-1.217791890634699,-8.558438931875193
-0.0352084347935643,44.44184669975891
-0.36332751780594286,-16.179880662916258
0.1918725988069705,-4.27374692175362
-0.2741974333344227,5.004397063638481
-0.43529365049160484,49.925647069350426
0.19769300947974253,-14.92608016726255
-0.030646184935596434,7.265070709056594
-0.0352084347935643,-12.9217227829755
0.05864512242631372,-0.5361732542154023
0.029992153168686732,7.265070709056594
0.16181664640404847,7.038437199521378
-0.30057689291677187,-0.5361732542154023
-0.7050481787525923,44.743497401818274
0.0010470528883741892,-6.6612816997610516
0.4997419662193159,-1.9488866283982613
-0.33576938220124525,-2.0767928311559585
-0.2033653306411805,7.596740867050775
-0.2076377528588214,17.663083151548147
0.0010470528883741892,78.70298308265971
-0.34815899640505715,-33.21374444224675
-0.7050481787525923,-4.0030311692097875
-0.2033653306411805,41.70914557438718
-0.4198911017118402,49.925647069350426
0.3906688513397044,20.943839012767775
-0.6484834959849031,-10.276710497240433
0.30057329476854466,15.093593964234987
0.2006814916813869,18.06735682480273
-1.2497736591103932,-21.699206232645043
-0.058578370644802334,5.004397063638481
0.13852174265787634,-27.15700683138211
0.16159146195309612,-39.48264072720317
-0.35243879767473646,35.727326701158034
0.8958327942725657,-39.48264072720317
1.041244599416565,0.04146826652060548
0.37149901830778975,11.627289824075353
0.010798211727321849,-16.179880662916258
0.05864512242631372,7.038437199521378
1.041244599416565,-1.9313173035818287
-0.00013670845530624475,-5.3619535347475376
0.16268039011447305,18.10404076332848
0.16181664640404847,49.925647069350426
0.45325600338022703,-5.3619535347475376
-0.7050481787525923,25.66939669000617
0.16997473040900107,-2.9800795243972953
-1.4442959583507398,12.102504841680373
-1.689401290665661,-48.23772936159969
0.2528020560677244,0.04146826652060548
0.3505467633222156,-17.629709512600787
0.05864512242631372,-6.508667502822483
-0.00606422098292847,29.704337441723858
-1.4442959583507398,21.245403893104715
0.16159146195309612,-4.0030311692097875
-0.3151451186445354,18.10404076332848
-0.009028874904964578,-18.44398679929323
-0.05252757009506306,11.195706723116947
-0.21766434981102795,-4.949681631400662
-0.365708981743811,-3.526894058084416
-0.0352084347935643,7.265070709056594
-1.4442959583507398,0.04146826652060548
0.5786464468577881,-7.616156830860184
0.5786464468577881,5.434557426538662
0.8958327942725657,-27.504862198609242
1.041244599416565,7.265070709056594
0.16181664640404847,-9.956774156348473
-0.21735499260060465,-47.17645554782859
-1.5034819450854005,-4.5569853151450985
0.0010470528883741892,-12.699829097706006
-0.7160738754535848,7.265070709056594
-0.08048260070473123,-27.259749061922307
-1.4442959583507398,-12.699829097706006
-0.03861156615609694,-14.761836885402682
0.047684826740882966,14.280904842711205
1.0742461550524685,13.73569103313465
0.8958327942725657,21.34879511607822
0.03258673623427275,18.48178911445189
-0.113624667977236,-1.2870816333418091
0.6011300846259356,0.04146826652060548
0.1918725988069705,-16.179880662916258
0.44922296516495946,-4.5569853151450985
0.8958327942725657,-39.48264072720317
0.047684826740882966,-1.2870816333418091
-1.2497736591103932,5.911317787528296
0.1589884271769304,0.04146826652060548
-0.365708981743811,8.678186683473351
0.043113239087593416,7.038437199521378
-0.21735499260060465,-4.0030311692097875
0.44922296516495946,-47.17645554782859
1.041244599416565,3.010803771110808
-0.2033653306411805,-18.44398679929323
-0.09849685936731763,7.265070709056594
-1.4442959583507398,-7.616156830860184
-0.7050481787525923,14.280904842711205
1.5822698280934888,0.04146826652060548
0.08869433021277813,-27.15700683138211
-0.05252757009506306,21.245403893104715
-0.017168990736273714,-19.279405262215892
-0.19466522561525249,0.04146826652060548
-0.058578370644802334,-47.17645554782859
-0.4726112652643114,10.634935252357327
-0.10825325223886004,18.06735682480273
0.2028095494411093,-23.69499838117953
0.8958327942725657,-12.9217227829755
-0.10825325223886004,-21.568249383018745
0.37149901830778975,17.28183675774978
-0.14258406777394997,-5.3619535347475376
-0.2033653306411805,-7.616156830860184
-0.2738920535334189,3.010803771110808
-0.30057689291677187,-15.935206029103457
0.0010470528883741892,5.004397063638481
-0.7050481787525923,18.48178911445189
-0.1118305206688687,17.77974226352989
1.041244599416565,-4.0030311692097875
0.8958327942725657,-5.059436089640311
0.37149901830778975,-7.849089718355956
-0.03861156615609694,78.70298308265971
0.20188123959900697,-18.44398679929323
0.23804754433392256,3.0607078295876455
-0.43529365049160484,17.77974226352989
0.0010470528883741892,-12.9217227829755
0.0010470528883741892,337.79091355894997
0.1589884271769304,-24.959993554285578
0.3228247438500903,9.13205616139108
0.3505467633222156,11.627289824075353
-0.4198911017118402,13.122226931785953
0.9206659441209073,-38.8446486552365
0.3505467633222156,-0.5361732542154023
-0.058578370644802334,14.280904842711205
-0.7287260669656467,34.66640998521532
-0.801053308863267,-1.9488866283982613
0.18668415979289468,-10.276710497240433
0.16716157712011298,-2.9800795243972953
-0.505048042284805,-3.3960019819265512
-0.18590351632647606,13.73569103313465
-0.05252757009506306,-47.17645554782859
-0.0792748196307623,7.265070709056594
-0.6299094769965032,35.727326701158034
0.8958327942725657,18.10404076332848
0.043113239087593416,5.911317787528296
0.34238876799479534,-47.17645554782859
-0.801053308863267,0.04146826652060548
-0.058578370644802334,0.04146826652060548
-0.14304889760529674,18.10404076332848
0.16268039011447305,-4.0030311692097875
-0.1567945449410138,18.48178911445189
0.39926502701555744,-7.616156830860184
-0.009028874904964578,-4.27374692175362
-0.7938159071133528,17.77974226352989
-0.009028874904964578,21.245403893104715
0.16181664640404847,-4.0030311692097875
0.34238876799479534,18.48178911445189
-0.21376361882889733,0.7847641990366732
-0.07196222189562931,20.943839012767775
-2.229932477622666,-10.32835572313355
0.16997473040900107,16.137309005336682
-1.4442959583507398,13.122226931785953
-0.35243879767473646,25.022911528364634
-0.505048042284805,42.74014106971756
0.36435750103282766,78.70298308265971
0.1918725988069705,15.355957543981352
-0.3151451186445354,23.372825929697136
-0.2738920535334189,-2.9800795243972953
3.1299622614874876,7.38675613760892
0.16181664640404847,-21.699206232645043
-0.0754261473078616,42.74014106971756
-0.7050481787525923,18.48178911445189
-0.058578370644802334,0.7847641990366732
1.5822698280934888,2.8499852625433655
0.32482562098165857,-12.9217227829755
-0.058578370644802334,14.280904842711205
-0.7050481787525923,-0.5361732542154023
-0.7287260669656467,-27.259749061922307
1.0742461550524685,20.021864907847988
-0.11235626442082039,15.261949196023727
-0.36332751780594286,2.63263339993483
0.36435750103282766,-21.699206232645043
-0.03861156615609694,-10.814404479470381
-0.03095869084443841,2.63263339993483
0.0010470528883741892,0.864766501985906
0.00999572619345961,-15.05231678178359
0.6011300846259356,40.690505495633346
1.0742461550524685,7.596740867050775
-0.801053308863267,-28.028858425570593
0.17133069084377722,15.355957543981352
0.688791828861265,-2.1385247169656862
1.4051177019833445,-4.4418334411038245
-0.009028874904964578,-23.646534104325497
-0.801053308863267,0.7847641990366732
0.5786464468577881,7.596740867050775
1.041244599416565,-14.138890062009661
-1.3385429422787871,-4.0030311692097875
0.3800454743780971,-27.259749061922307
-0.36332751780594286,-15.935206029103457
0.00999572619345961,-21.699206232645043
-0.03861156615609694,0.7847641990366732
0.05864512242631372,-4.0030311692097875
0.3800454743780971,44.982432429205495
0.047684826740882966,2.63263339993483
0.46640658963121295,-2.9614244565298433
-0.1118305206688687,15.355957543981352
-1.4442959583507398,7.038437199521378
0.043113239087593416,-2.9800795243972953
1.7274817463526346,78.70298308265971
-0.11401791152207985,-8.558438931875193
0.38403387494372687,3.010803771110808
-0.801053308863267,7.038437199521378
-0.7050481787525923,-10.814404479470381
-0.05252757009506306,-10.276710497240433
-1.2059451917661819,-50.443152489164476
0.2341443478001918,-3.3960019819265512
-0.2915464995984715,7.38675613760892
-0.2738920535334189,15.093593964234987
0.6735839854136264,-2.9291310600555684
-0.6299094769965032,19.31827048195189
0.4242270604129871,10.074007354489863
-0.13552797458412166,-7.616156830860184
1.5822698280934888,-10.081603544848427
-0.36332751780594286,-14.138890062009661
-0.21735499260060465,-3.3960019819265512
-0.17935181727408317,21.048128097900637
0.3228247438500903,17.28183675774978
-0.3294928383793912,-12.699829097706006
-0.1845534832672918,17.77974226352989
-2.229932477622666,-14.138890062009661
-0.03095869084443841,49.925647069350426
-0.9024675039485013,8.94794705401277
0.36435750103282766,-4.5569853151450985
-0.2915464995984715,23.372825929697136
0.05864512242631372,-67.30397771307828
-0.00606422098292847,-37.61074050176849
-0.10462615523354754,-10.814404479470381
-0.03095869084443841,-5.3619535347475376
-0.113624667977236,-64.12884555227778
-0.19466522561525249,7.596740867050775
1.9046788635615386,-5.568099291779881
0.5101920150542831,-4.516151465019735
0.3505467633222156,-1.9488866283982613
0.16997473040900107,14.280904842711205
0.16997473040900107,7.265070709056594
0.6735839854136264,21.245403893104715
0.34238876799479534,-27.504862198609242
0.5786464468577881,-27.504862198609242
-0.00606422098292847,21.387570884234133
0.34238876799479534,13.73569103313465
-0.7401456791303287,-39.1763748935869
-0.00606422098292847,-1.0630246735620064
-0.05252757009506306,-2.343863389814117
1.5822698280934888,-12.699829097706006
-0.03095869084443841,23.503575342205522
-0.10825325223886004,-6.4114126171107975
-0.058578370644802334,-2.3141928410932953
-1.2497736591103932,-0.5361732542154023
-0.7050481787525923,20.31032155601569
-0.3151451186445354,7.265070709056594
0.46640658963121295,-2.2335130345263385
0.1586219282642693,32.96094067614628
0.44922296516495946,-1.5881115983279661
-1.2497736591103932,12.080490209402095
-0.36332751780594286,2.63263339993483
-0.43529365049160484,-14.807425866768156
-0.00606422098292847,26.11635690996309
0.30057329476854466,-15.935206029103457
-0.801053308863267,7.265070709056594
-0.2033653306411805,31.044291863359163
0.688791828861265,7.265070709056594
-0.3151451186445354,11.627289824075353
0.05864512242631372,-18.44398679929323
-0.36332751780594286,3.010803771110808
-0.058578370644802334,-27.259749061922307
0.3505467633222156,7.596740867050775
-0.9024675039485013,0.04146826652060548
0.24600207104221977,14.044821634337412
0.10448198804280939,-10.276710497240433
2.0013801206858988,18.06735682480273
0.6097296047041605,31.57671909153448
-0.03095869084443841,-6.6612816997610516
-0.3151451186445354,21.245403893104715
-0.11211130213329021,21.387570884234133
0.2341443478001918,-0.5573310054388902
-0.024598674677790366,18.48178911445189
0.18668415979289468,20.2183142232873
-0.10825325223886004,-0.5573310054388902
-1.3009460764488114,-6.479229712029983
0.39926502701555744,-12.699829097706006
-0.21735499260060465,-12.9217227829755
0.34238876799479534,-4.078524786165337
-0.36332751780594286,-8.558438931875193
-0.2738920535334189,15.355957543981352
0.26361681384434904,-4.0030311692097875
0.16997473040900107,-3.4464653984667657
0.0916091018483673,-4.5569853151450985
0.1589884271769304,7.596740867050775
0.043113239087593416,-40.3877793567228
-0.1118305206688687,-12.9217227829755
0.39926502701555744,-1.2870816333418091
-0.6802110654890579,13.73569103313465
-0.16880052818434513,-4.5569853151450985
-0.10825325223886004,-19.60800199927033
-0.05252757009506306,2.63263339993483
0.16181664640404847,-12.699829097706006
0.18668415979289468,17.77974226352989
-0.03095869084443841,2.1338652505476157
0.4242270604129871,-1.6881085035055867
-0.03095869084443841,0.864766501985906
1.2506582497678416,7.265070709056594
-0.34608910240259316,11.195706723116947
0.16997473040900107,18.10404076332848
-0.10825325223886004,49.925647069350426
-0.6941908539196296,-12.9217227829755
0.1918725988069705,-12.9217227829755
0.8958327942725657,-18.44398679929323
0.0010470528883741892,18.10404076332848
-0.10825325223886004,-8.558438931875193
0.05864512242631372,-4.5569853151450985
-0.1114831986007296,0.864766501985906
-0.3151451186445354,-4.27374692175362
-0.10462615523354754,-15.935206029103457
0.16181664640404847,18.10404076332848
1.394174000488054,29.973871336493364
-0.14304889760529674,42.74014106971756
-0.113624667977236,11.627289824075353
0.32482562098165857,-0.5361732542154023
-0.017168990736273714,20.2183142232873
0.34238876799479534,0.864766501985906
-1.5464783585181123,49.925647069350426
-0.16880052818434513,18.48178911445189
1.2553987807724112,-8.558438931875193
-0.9024675039485013,13.122226931785953
0.3505467633222156,-7.616156830860184
0.44922296516495946,18.06735682480273
0.37149901830778975,-10.276710497240433
0.11090382931134693,-4.949681631400662
-0.009028874904964578,-39.48264072720317
1.2553987807724112,-8.558438931875193
-1.0098968388748333,7.265070709056594
0.5101920150542831,-3.526894058084416
0.26361681384434904,-1.0630246735620064
-0.00606422098292847,11.195706723116947
0.36435750103282766,35.727326701158034
-0.2033653306411805,-15.935206029103457
-0.4198911017118402,-38.8446486552365
-0.19466522561525249,26.931671492324774
0.3800454743780971,3.6844645149518556
-0.2076377528588214,-27.504862198609242
-0.11211130213329021,13.73569103313465
-0.1845534832672918,20.943839012767775
0.20188123959900697,21.387570884234133
0.38403387494372687,-4.0030311692097875
-0.0792748196307623,-8.558438931875193
-0.21766434981102795,-7.616156830860184
-0.058578370644802334,18.10404076332848
0.32482562098165857,-29.411046480398078
0.36435750103282766,-23.69499838117953
-0.21735499260060465,0.7847641990366732
0.2341443478001918,14.044821634337412
0.0010470528883741892,83.67494295132117
0.8958327942725657,-10.884568947883732
-0.9024675039485013,-27.259749061922307
0.1918725988069705,-7.616156830860184
0.39926502701555744,11.675314765328476
0.0010470528883741892,-4.27374692175362
-1.2497736591103932,-39.48264072720317
-0.2741974333344227,34.66640998521532
0.00999572619345961,2.329516804521694
0.16181664640404847,11.322639000940397
0.9544380869215774,11.627289824075353
1.5822698280934888,-4.5569853151450985
0.4242270604129871,-10.276710497240433
-0.009028874904964578,7.596740867050775
0.16051745893966754,-10.276710497240433
1.041244599416565,-16.179880662916258
0.05864512242631372,6.2392066147147895
-0.17935181727408317,7.596740867050775
0.00999572619345961,-8.335252925287833
-0.1118305206688687,-27.15700683138211
0.1918725988069705,20.943839012767775
0.15438855266195128,31.641294797272423
0.18668415979289468,14.044821634337412
1.2553987807724112,3.010803771110808
-0.17935181727408317,49.925647069350426
0.44922296516495946,-5.059436089640311
-0.672261773514369,13.73569103313465
-0.03861156615609694,-7.308931431818518
-0.058578370644802334,-3.526894058084416
0.1918725988069705,12.102494748238584
-0.058578370644802334,-3.3960019819265512
0.4997419662193159,13.122226931785953
-0.9024675039485013,-27.15700683138211
0.043113239087593416,31.57671909153448
0.4997419662193159,-10.276710497240433
0.4242270604129871,-4.0030311692097875
0.3548113137883401,13.122226931785953
-0.058578370644802334,-7.616156830860184
-1.3009460764488114,0.04146826652060548
-0.3151451186445354,5.911317787528296
1.5822698280934888,28.17842089585539
-0.08657770336893914,7.038437199521378
0.1918725988069705,-38.8446486552365
-0.4198911017118402,5.911317787528296
1.041244599416565,-16.04309329983733
-0.36332751780594286,31.641294797272423
-0.2033653306411805,0.864766501985906
2.2358660093761475,-10.7764289179292
0.19769300947974253,-3.3960019819265512
-0.4198911017118402,-20.99715135852902
1.0742461550524685,8.799725091799269
0.34238876799479534,-40.19327155395332
0.0010470528883741892,42.74014106971756
-0.4198911017118402,105.99337358565266
0.6011300846259356,-38.8446486552365
0.0010470528883741892,-38.8446486552365
0.30824932449865255,-12.699829097706006
-0.04555074380058599,42.74014106971756
-0.07444990008768534,190.3097190243283
-0.06487068597181327,-2.2335130345263385
0.010798211727321849,-14.138890062009661
0.20188123959900697,0.864766501985906
-0.0352084347935643,18.745431048207855
0.3906688513397044,15.719889307234046
-0.7160738754535848,7.596740867050775
0.00999572619345961,6.375386923193691
-0.1118305206688687,0.5465942706398988
-0.30057689291677187,-12.9217227829755
-0.058578370644802334,-18.538109028352324
0.3606517853674941,12.080490209402095
0.8958327942725657,0.04146826652060548
-0.9024675039485013,7.596740867050775
0.05864512242631372,18.06735682480273
-0.017168990736273714,-9.956774156348473
0.047684826740882966,17.28183675774978
0.16268039011447305,13.987238754500622
-1.689401290665661,-4.949681631400662
-0.05252757009506306,0.04146826652060548
0.0010470528883741892,9.745063193530196
0.18668415979289468,-5.3619535347475376
-0.7050550900595922,18.48178911445189
-0.2033653306411805,-15.935206029103457
-0.35243879767473646,-15.935206029103457
1.1127658037795611,18.48178911445189
-0.7050481787525923,14.004420132976355
-0.00606422098292847,-14.761836885402682
-0.16880052818434513,16.137309005336682
0.00999572619345961,-10.276710497240433
-0.16880052818434513,-12.9217227829755
0.36435750103282766,11.195706723116947
-0.05252757009506306,-21.699206232645043
-0.16880052818434513,-10.276710497240433
0.00999572619345961,11.627289824075353
-0.19466522561525249,22.497428542256994
-1.2059451917661819,25.66939669000617
0.16051745893966754,0.04146826652060548
0.36435750103282766,21.34879511607822
-0.7429272192252189,-0.5361732542154023
-0.24481175478387227,-4.0030311692097875
0.4242270604129871,17.28183675774978
0.3548113137883401,-4.0030311692097875
-1.5034819450854005,-4.078524786165337
0.3505467633222156,-10.276710497240433
0.32482562098165857,-1.0630246735620064
0.38403387494372687,-10.276710497240433
-0.7050481787525923,-27.15700683138211
-0.7287260669656467,-12.9217227829755
-0.03861156615609694,-5.3619535347475376
-0.03861156615609694,5.676239989432423
0.1589884271769304,-15.347575898405239
-0.6299094769965032,23.503575342205522
-0.40904271775737755,-2.7029679554461388
-0.05252757009506306,31.57671909153448
2.012551393286114,-10.814404479470381
1.5355175086949657,0.04146826652060548
0.34238876799479534,16.137309005336682
-0.36332751780594286,-8.558438931875193
0.5101920150542831,-4.5569853151450985
0.4242270604129871,-9.956774156348473
-0.33576938220124525,35.727326701158034
-0.43529365049160484,-34.62117903171609
-1.5034819450854005,30.10403746147668
0.3505467633222156,21.245403893104715
-0.3151451186445354,190.3097190243283
-0.1118305206688687,7.038437199521378
-1.393529444639474,7.265070709056594
-0.14304889760529674,15.093593964234987
-0.11235626442082039,0.864766501985906
0.26361681384434904,16.137309005336682
-0.009028874904964578,-11.3721980247369
-0.14304889760529674,15.093593964234987
1.5822698280934888,49.925647069350426
-0.7050481787525923,0.04146826652060548
-0.2033653306411805,-3.526894058084416
1.9046788635615386,-4.0030311692097875
-0.34815899640505715,-10.050876275630035
0.16181664640404847,9.13205616139108
0.3193683602170187,-4.0030311692097875
-0.0352084347935643,0.7847641990366732
-1.5034819450854005,-10.276710497240433
3.1299622614874876,49.925647069350426
-0.05252757009506306,166.76254514455465
-0.024598674677790366,0.04146826652060548
-1.2497736591103932,13.73569103313465
-0.30057689291677187,-4.078524786165337
0.047684826740882966,-24.646420341805445
0.532244698972776,15.093593964234987
0.5101920150542831,-12.699829097706006
0.44922296516495946,13.122226931785953
-0.17935181727408317,337.79091355894997
0.17887008538654098,2.63263339993483
0.05864512242631372,-64.12884555227778
-0.1118305206688687,-0.5361732542154023
0.33049120169057705,97.1706774401698
-0.017168990736273714,-33.21374444224675
-0.16880052818434513,5.911317787528296
-1.2497736591103932,18.48178911445189
-0.4198911017118402,-2.2335130345263385
0.30824932449865255,-39.48264072720317
-0.03861156615609694,-17.69873454515182
-2.366301450965275,-4.27374692175362
0.05864512242631372,-27.309788344432455
0.2898819605452614,17.28183675774978
0.007968033397800145,-8.558438931875193
-0.00606422098292847,7.265070709056594
-0.2033653306411805,3.010803771110808
0.16181664640404847,18.10404076332848
1.0742461550524685,11.203377655803251
0.1862811975921174,-23.69499838117953
0.20188123959900697,-29.856487290051373
-0.6299094769965032,-1.9488866283982613
1.041244599416565,-1.9488866283982613
-0.17935181727408317,-7.308931431818518
1.7274817463526346,-4.5569853151450985
0.688791828861265,-29.856487290051373
0.2528020560677244,-2.0767928311559585
-0.43529365049160484,7.596740867050775
0.4242270604129871,17.77974226352989
0.33457055631954125,5.004397063638481
-0.7287260669656467,0.30087760174787676
0.1918725988069705,3.010803771110808
-0.36332751780594286,-23.646534104325497
-0.01631420073264045,-4.0030311692097875
0.10001883060204593,0.864766501985906
0.0010470528883741892,5.911317787528296
1.6593624605044475,31.641294797272423
0.33457055631954125,-0.5361732542154023
-0.03861156615609694,14.071100412859938
0.34238876799479534,20.021864907847988
-0.15193756696726807,-27.504862198609242
-1.4442959583507398,-5.3619535347475376
-0.01631420073264045,31.641294797272423
0.6011300846259356,20.2183142232873
-0.21735499260060465,-38.8446486552365
1.5822698280934888,-2.1385247169656862
1.7691257909305187,7.038437199521378
0.31021410415629347,-15.935206029103457
-2.065249419239362,-27.259749061922307
-0.17935181727408317,0.04146826652060548
-0.009028874904964578,31.57671909153448
0.32482562098165857,-39.48264072720317
-0.34815899640505715,5.911317787528296
0.16159146195309612,14.044821634337412
-0.43529365049160484,40.690505495633346
-0.43529365049160484,-18.44398679929323
-0.023658355110180922,18.48178911445189
0.44922296516495946,65.21136808967643
-1.4442959583507398,-24.959993554285578
-1.689401290665661,10.074007354489863
-0.2033653306411805,17.77974226352989
-0.06565703993025851,-8.558438931875193
-0.3054210698026699,12.102494748238584
0.1586219282642693,7.038437199521378
0.1918725988069705,16.67456378847738
-0.1845534832672918,2.8499852625433655
0.44922296516495946,0.864766501985906
0.0916091018483673,31.641294797272423
-0.03861156615609694,7.596740867050775
0.16159146195309612,-27.259749061922307
0.34238876799479534,3.010803771110808
-0.23758498733152322,19.915807279684387
0.688791828861265,-39.48264072720317
-0.36332751780594286,-37.61074050176849
0.20188123959900697,18.017598264756508
0.16181664640404847,7.265070709056594
-0.36332751780594286,8.799725091799269
0.2786039531662106,14.280904842711205
-0.7050550900595922,-30.108523831933937
-0.009028874904964578,-7.616156830860184
0.13071120725620614,17.28183675774978
-0.7938159071133528,32.93493596372664
0.16159146195309612,-2.7029679554461388
0.23804754433392256,-4.0030311692097875
0.36435750103282766,13.122226931785953
0.00999572619345961,31.641294797272423
1.7274817463526346,49.925647069350426
-0.1435785576040279,-3.3960019819265512
0.20188123959900697,-7.616156830860184
-0.024598674677790366,12.080490209402095
-0.36332751780594286,18.48178911445189
-0.26997640021527164,-0.0038359853624834496
-0.009028874904964578,35.727326701158034
1.5572188396577433,-4.192298132741622
-0.13638257532230327,31.57671909153448
-0.43529365049160484,-5.3619535347475376
0.3505467633222156,-6.223666195099975
-0.24894497083856326,12.080490209402095
-1.2497736591103932,-4.0030311692097875
-0.10825325223886004,14.044821634337412
0.1918725988069705,-4.078524786165337
0.04980822178464671,7.265070709056594
-0.3641364936922235,49.925647069350426
0.16716157712011298,17.77974226352989
0.05909883430361802,-1.6881085035055867
0.1918725988069705,-10.314891826852532
-0.03861156615609694,-6.4114126171107975
0.00999572619345961,3.010803771110808
-0.04555074380058599,-9.956774156348473
-0.0352084347935643,-0.8843744842369765
-0.1118305206688687,-6.072911394740857
1.3906900990355426,-21.925067375973722
-1.4442959583507398,49.925647069350426
1.5822698280934888,-2.1385247169656862
0.41530050538439856,-18.44398679929323
0.36435750103282766,-21.925067375973722
-0.17935181727408317,-5.3619535347475376
-0.10825325223886004,-12.699829097706006
-0.24416541236390005,-3.526894058084416
-0.00606422098292847,-10.276710497240433
0.0010470528883741892,7.140872871365899
-0.1118305206688687,16.8762399221961
0.05864512242631372,-2.9614244565298433
-0.505048042284805,-1.9488866283982613
-0.4198911017118402,26.931671492324774
1.5822698280934888,0.05646438547059542
-0.21376361882889733,-3.3960019819265512
0.44922296516495946,17.28183675774978
1.0742461550524685,2.63263339993483
-0.2741974333344227,49.925647069350426
2.2358660093761475,-4.27374692175362
-0.7050481787525923,-17.629709512600787
-0.9024675039485013,0.04146826652060548
2.2358660093761475,-20.99715135852902
-0.17935181727408317,-39.1763748935869
0.34238876799479534,-16.25322274257984
0.39926502701555744,20.943839012767775
-0.16880052818434513,-1.0630246735620064
-0.505048042284805,-22.688931087626568
-0.10825325223886004,13.122226931785953
-0.12588186608270502,-8.558438931875193
-0.4198911017118402,5.911317787528296
0.34238876799479534,-2.9614244565298433
0.16159146195309612,34.66640998521532
-0.9024675039485013,15.355957543981352
-0.2605077067789484,65.91807055587971
-0.044810527848512395,44.44184669975891
0.32482562098165857,13.987238754500622
0.34238876799479534,18.10404076332848
-0.801053308863267,5.911317787528296
-0.017168990736273714,-26.313056082160845
1.041244599416565,7.38675613760892
-0.058578370644802334,2.077521546435768
-0.00606422098292847,2.077521546435768
-0.2076377528588214,-16.179880662916258
-0.36332751780594286,11.627289824075353
0.2006814916813869,-15.935206029103457
0.03258673623427275,7.38675613760892
0.1589884271769304,-18.44398679929323
0.11980487094519213,-39.48264072720317
0.1918725988069705,-9.956774156348473
0.16997473040900107,32.96094067614628
-1.5034819450854005,0.04146826652060548
-1.5034819450854005,-18.44398679929323
0.3665757928180873,-5.3619535347475376
0.6011300846259356,-5.3619535347475376
0.45325600338022703,-3.3960019819265512
-0.03861156615609694,-1.201570679043519
-0.43529365049160484,21.34879511607822
0.047684826740882966,7.596740867050775
0.16159146195309612,-20.99715135852902
-0.505048042284805,-10.276710497240433
-0.03095869084443841,16.137309005336682
2.2358660093761475,-14.138890062009661
-0.16880052818434513,13.73569103313465
-0.801053308863267,-18.44398679929323
0.5786464468577881,-7.576370497613808
-0.31021122470612056,18.10404076332848
0.44922296516495946,21.34879511607822
-0.3866153392160762,-4.5569853151450985
-0.009028874904964578,-23.69499838117953
-1.4442959583507398,-4.0030311692097875
1.5822698280934888,7.596740867050775
-0.801053308863267,0.04146826652060548
0.688791828861265,5.911317787528296
0.6011300846259356,8.94794705401277
-1.6051186114402711,-2.9291310600555684
-0.03861156615609694,11.627289824075353
0.00999572619345961,-27.504862198609242
0.5786464468577881,-3.3960019819265512
0.05864512242631372,-20.99715135852902
0.19769300947974253,-12.9217227829755
-0.4198911017118402,2.8499852625433655
-0.3054210698026699,5.911317787528296
0.4242270604129871,-38.8446486552365
-1.2497736591103932,-7.2466025351224115
1.5822698280934888,18.694892084583277
0.8958327942725657,15.261949196023727
-0.058578370644802334,49.925647069350426
-0.505048042284805,16.8762399221961
-0.801053308863267,-15.935206029103457
0.2006814916813869,-15.935206029103457
0.2521351458422851,18.06735682480273
-0.2741974333344227,34.66640998521532
0.043113239087593416,28.26539096477251
-0.17935181727408317,-2.9800795243972953
0.5786464468577881,18.06735682480273
-1.4442959583507398,-39.48264072720317
1.5572188396577433,-19.279405262215892
-0.2033653306411805,-39.48264072720317
1.3997807965823006,-14.92608016726255
-0.10825325223886004,42.74014106971756
-1.4442959583507398,-3.526894058084416
-0.801053308863267,21.245403893104715
0.5209864602641708,7.140872871365899
-2.9938116358139317,78.70298308265971
-0.05252757009506306,-2.7029679554461388
0.3505467633222156,7.265070709056594
-0.36332751780594286,5.004397063638481
0.19418111044770825,49.925647069350426
-0.17935181727408317,-4.078524786165337
1.2506582497678416,17.77974226352989
0.688791828861265,-0.0038359853624834496
-0.024598674677790366,13.73569103313465
1.5055984623564311,-18.44398679929323
0.4997419662193159,-47.17645554782859
-0.19466522561525249,17.77974226352989
-0.03095869084443841,-14.761836885402682
1.041244599416565,7.596740867050775
-0.05252757009506306,-4.27374692175362
0.4242270604129871,4.781531668460141
-0.05252757009506306,12.102494748238584
0.05909883430361802,-20.99715135852902
0.44922296516495946,0.04146826652060548
1.2553987807724112,34.66640998521532
-1.2497736591103932,-39.48264072720317
0.19288933208800815,18.10404076332848
0.043113239087593416,-4.949681631400662
2.0755236001364437,-14.92608016726255
0.272507160170109,-4.0030311692097875
-1.5034819450854005,-12.699829097706006
-0.21766434981102795,7.770689351416952
0.18668415979289468,7.78094809608704
-0.05252757009506306,-3.3960019819265512
-0.16880052818434513,-24.646420341805445
0.688791828861265,21.245403893104715
-0.3866153392160762,-4.078524786165337
0.05864512242631372,-4.078524786165337
0.44922296516495946,-15.935206029103457
-0.16880052818434513,7.038437199521378
0.05160574619961226,22.526360517017405
0.532244698972776,-2.2335130345263385
-0.2741974333344227,-20.99715135852902
0.0010470528883741892,14.280904842711205
0.13071120725620614,-40.19327155395332
-0.08771594774860603,-1.6881085035055867
-0.1114831986007296,0.864766501985906
0.1589884271769304,41.70914557438718
-0.505048042284805,7.265070709056594
0.32482562098165857,-2.9800795243972953
-0.00606422098292847,21.387570884234133
-0.0352084347935643,-4.0030311692097875
-0.058578370644802334,2.329516804521694
1.5822698280934888,7.038437199521378
-0.10462615523354754,16.137309005336682
0.8958327942725657,18.06735682480273
1.172089607772758,44.44184669975891
-0.7050481787525923,17.77974226352989
0.16051745893966754,-20.99715135852902
0.27586775984203465,-1.9488866283982613
-0.009028874904964578,15.719889307234046
0.0010470528883741892,25.020376398596255
0.40158367324280136,-14.92608016726255
-0.16880052818434513,-14.807425866768156
0.3505467633222156,21.387570884234133
0.18668415979289468,-1.9488866283982613
-0.03095869084443841,7.596740867050775
-0.33576938220124525,17.28183675774978
-1.4442959583507398,24.499597763939295
-0.5365632179043522,-2.9291310600555684
0.043113239087593416,-4.078524786165337
0.3505467633222156,0.04146826652060548
0.46640658963121295,3.010803771110808
-0.03095869084443841,-2.9614244565298433
-0.904254043280354,32.96094067614628
-0.024598674677790366,7.38675613760892
-0.43529365049160484,40.690505495633346
-0.1845534832672918,-4.078524786165337
-1.2497736591103932,12.080490209402095
-0.18590351632647606,-18.44398679929323
0.05864512242631372,-0.5361732542154023
-0.801053308863267,7.596740867050775
-0.10825325223886004,-4.0030311692097875
0.16051745893966754,-4.0030311692097875
-1.2497736591103932,-32.31398079172564
-0.02603624527195943,25.055670452889288
0.33457055631954125,-7.616156830860184
0.8958327942725657,-1.6881085035055867
0.44922296516495946,2.077521546435768
0.029992153168686732,-4.078524786165337
0.075532725310448,0.7847641990366732
0.39926502701555744,7.596740867050775
0.3505467633222156,7.265070709056594
2.0755236001364437,7.038437199521378
-0.03861156615609694,-1.6881085035055867
-0.024598674677790366,5.911317787528296
-0.505048042284805,0.7847641990366732
0.20188123959900697,-27.15700683138211
-0.16880052818434513,-22.688931087626568
0.20188123959900697,0.9214016884970614
-0.4198911017118402,-18.44398679929323
-0.058578370644802334,18.48178911445189
1.041244599416565,16.137309005336682
-0.16880052818434513,-38.8446486552365
-0.36332751780594286,-6.6612816997610516
1.041244599416565,337.79091355894997
-0.06487068597181327,-12.9217227829755
0.6011300846259356,16.8762399221961
0.27586775984203465,7.64174099114888
-0.43529365049160484,7.340366661926466
-0.0166721650619027,8.171102781843985
1.5355175086949657,49.925647069350426
0.164306546105706,-17.416640261134116
-0.00606422098292847,15.355957543981352
0.30057329476854466,-47.17645554782859
-0.2033653306411805,0.04146826652060548
-0.10462615523354754,-4.340986430734897
-1.1793887582032776,-4.579917727602352
-0.05252757009506306,-17.97391752245654
-0.7050481787525923,-27.504862198609242
-0.43529365049160484,5.911317787528296
-0.22703734199817482,16.137309005336682
0.6011300846259356,-2.9291310600555684
0.688791828861265,0.864766501985906
-0.03861156615609694,-4.0030311692097875
1.5572188396577433,10.438571144155382
0.20188123959900697,-20.99715135852902
-0.0792748196307623,-12.9217227829755
0.0010470528883741892,-52.37795764006779
-0.2033653306411805,-27.259749061922307
-0.00606422098292847,42.74014106971756
0.4242270604129871,11.627289824075353
0.36435750103282766,-4.0030311692097875
0.16997473040900107,34.66640998521532
-0.36332751780594286,-4.27374692175362
-1.2497736591103932,-11.168027150779878
0.44922296516495946,13.122226931785953
0.26972067301564895,-1.9488866283982613
-0.009028874904964578,-8.335252925287833
-0.2076377528588214,7.596740867050775
0.1918725988069705,44.44184669975891
0.3505467633222156,18.48178911445189
-0.058578370644802334,-24.959993554285578
-0.1118305206688687,7.265070709056594
1.5822698280934888,7.038437199521378
-0.05252757009506306,-15.935206029103457
0.05160574619961226,-21.699206232645043
-0.14286895029634947,-7.616156830860184
0.10001883060204593,18.48178911445189
-0.12385572129947438,14.280904842711205
-0.04555074380058599,2.077521546435768
-0.21735499260060465,0.864766501985906
0.0010470528883741892,0.04146826652060548
0.1586219282642693,7.265070709056594
-0.0792748196307623,34.66640998521532
-0.03861156615609694,-12.9217227829755
0.16181664640404847,11.25863723715804
-1.2497736591103932,-14.138890062009661
-0.03095869084443841,13.73569103313465
0.30824932449865255,7.265070709056594
-0.017168990736273714,15.093593964234987
0.20257742939561063,-0.5361732542154023
0.38403387494372687,21.245403893104715
-1.4442959583507398,13.73569103313465
-0.7160738754535848,78.70298308265971
0.31021410415629347,-27.259749061922307
-0.17935181727408317,5.004397063638481
0.26972067301564895,-15.935206029103457
0.043113239087593416,12.080490209402095
0.38403387494372687,15.093593964234987
0.33049120169057705,-39.48264072720317
0.8958327942725657,0.7847641990366732
-1.5034819450854005,18.48178911445189
0.1589884271769304,13.987238754500622
-0.17935181727408317,40.690505495633346
0.1918725988069705,42.74014106971756
-0.16880052818434513,-27.504862198609242
0.16181664640404847,7.265070709056594
0.039476640067074374,16.137309005336682
0.1918725988069705,18.48178911445189
-0.03861156615609694,14.044821634337412
-0.02603624527195943,7.265070709056594
0.26972067301564895,7.038437199521378
-0.3054210698026699,0.864766501985906
0.2341443478001918,-2.9614244565298433
-0.1845534832672918,7.265070709056594
0.0010470528883741892,-20.99715135852902
-0.009028874904964578,-4.0030311692097875
0.44922296516495946,32.96094067614628
0.6735839854136264,49.925647069350426
-0.1118305206688687,-3.7731426931645045
2.012551393286114,17.28183675774978
0.3228247438500903,-24.959993554285578
-0.7050481787525923,-7.616156830860184
-0.36332751780594286,-0.0038359853624834496
0.043113239087593416,-0.5361732542154023
0.46640658963121295,-20.99715135852902
0.16159146195309612,-10.032654483473237
-0.01631420073264045,21.387570884234133
-0.03861156615609694,49.925647069350426
0.16268039011447305,-2.7029679554461388
0.1589884271769304,-25.908721899119882
0.03258673623427275,18.10404076332848
-0.017168990736273714,-27.259749061922307
-0.00606422098292847,-4.078524786165337
0.39926502701555744,-39.48264072720317
-0.00606422098292847,31.57671909153448
0.8958327942725657,0.04146826652060548
-0.0792748196307623,17.28183675774978
-0.0038219454768738557,13.987238754500622
0.4242270604129871,31.641294797272423
-0.1845534832672918,-33.21374444224675
-0.19466522561525249,-14.92608016726255
0.05864512242631372,7.265070709056594
0.0010470528883741892,2.7421836373235626
-0.3054210698026699,35.727326701158034
0.00999572619345961,-39.48264072720317
0.6011300846259356,34.66640998521532
0.08869433021277813,-38.8446486552365
0.05864512242631372,-24.75912696901911
-0.7050481787525923,-9.956774156348473
-0.10462615523354754,-12.9217227829755
-0.00606422098292847,35.727326701158034
0.00999572619345961,-1.9488866283982613
-0.2076377528588214,-4.27374692175362
0.4242270604129871,-4.27374692175362
-0.1118305206688687,-15.935206029103457
-1.1995607566951416,-32.5199083846189
1.2553987807724112,49.925647069350426
1.2553987807724112,-10.276710497240433
-0.18590351632647606,-7.616156830860184
0.11090382931134693,-2.7029679554461388
-0.10462615523354754,-7.616156830860184
0.13071120725620614,21.245403893104715
-0.505048042284805,-2.7029679554461388
0.20188123959900697,5.911317787528296
1.0742461550524685,-29.856487290051373
0.2528020560677244,-39.48264072720317
-0.1118305206688687,10.438571144155382
-0.47282598073482546,21.245403893104715
-0.7160738754535848,17.77974226352989
1.5706936489161796,23.372825929697136
-0.3151451186445354,14.044821634337412
-0.00606422098292847,34.66640998521532
0.8958327942725657,35.812396677192986
0.3505467633222156,19.915807279684387
1.2553987807724112,3.010803771110808
-0.34608910240259316,-4.27374692175362
-0.1118305206688687,14.071100412859938
-0.36332751780594286,0.04146826652060548
1.7274817463526346,16.137309005336682
-0.03095869084443841,-3.3960019819265512
-0.2738920535334189,-7.616156830860184
0.36435750103282766,17.28183675774978
-0.505048042284805,7.038437199521378
1.5822698280934888,-39.48264072720317
0.16051745893966754,-29.856487290051373
-0.08657770336893914,-17.97391752245654
-0.36332751780594286,35.727326701158034
0.8958327942725657,-2.3141928410932953
1.5355175086949657,16.137309005336682
-0.06565703993025851,-4.27374692175362
0.16997473040900107,44.44184669975891
0.18668415979289468,-40.3877793567228
-0.7938159071133528,-29.856487290051373
1.5822698280934888,-5.568099291779881
-0.16880052818434513,-0.5361732542154023
-0.113624667977236,31.641294797272423
0.38403387494372687,-12.9217227829755
-0.00606422098292847,-2.2335130345263385
0.3232970364782351,29.704337441723858
0.688791828861265,5.911317787528296
-0.00606422098292847,-0.7898570125005707
0.16181664640404847,-18.44398679929323
0.1918725988069705,-15.935206029103457
0.1918725988069705,-10.276710497240433
-0.05252757009506306,-39.48264072720317
-0.2738920535334189,5.911317787528296
0.39926502701555744,42.74014106971756
0.16159146195309612,190.3097190243283
-0.7050481787525923,17.77974226352989
0.1586219282642693,13.73569103313465
0.05864512242631372,-7.616156830860184
0.36435750103282766,-4.078524786165337
-0.10462615523354754,-1.9488866283982613
1.3402699205612447,7.038437199521378
0.18668415979289468,2.329516804521694
-0.17135948528698036,11.195706723116947
-0.10825325223886004,14.044821634337412
-0.1118305206688687,-27.259749061922307
-0.05252757009506306,-20.99715135852902
-0.24481175478387227,18.06735682480273
-0.1567945449410138,34.66640998521532
-0.0808639114232312,-21.699206232645043
0.16051745893966754,29.704337441723858
-1.6051186114402711,-3.526894058084416
-0.17935181727408317,11.627289824075353
-0.05252757009506306,-15.05231678178359
-0.505048042284805,-10.081603544848427
-0.14304889760529674,-28.028858425570593
-0.09849685936731763,-10.276710497240433
0.3906688513397044,-29.856487290051373
0.16159146195309612,42.74014106971756
0.16181664640404847,7.596740867050775
0.688791828861265,-12.9217227829755
0.5786464468577881,-10.884568947883732
1.5355175086949657,-14.92608016726255
-0.14286895029634947,7.038437199521378
0.08613586021859794,0.864766501985906
-0.10825325223886004,-24.959993554285578
0.5101920150542831,-38.8446486552365
-1.6778178025694679,-1.9459217090021586
0.46640658963121295,-0.0038359853624834496
-0.00606422098292847,-4.949681631400662
-0.03095869084443841,-21.699206232645043
0.0010470528883741892,17.77974226352989
-0.058578370644802334,10.702260964686408
0.30057329476854466,-2.9291310600555684
0.8958327942725657,7.265070709056594
0.3505467633222156,2.3456424366310573
-0.05252757009506306,11.627289824075353
1.478002339277954,-3.3960019819265512
-0.2782101086628936,14.044821634337412
1.041244599416565,-15.935206029103457
0.34238876799479534,-4.5569853151450985
0.2006814916813869,25.66939669000617
0.34238876799479534,-0.5361732542154023
0.00999572619345961,-14.138890062009661
-0.2033653306411805,-46.523517778655
-0.03861156615609694,31.641294797272423
0.16997473040900107,17.28183675774978
0.2923227890647856,-12.9217227829755
1.0742461550524685,17.77974226352989
0.5786464468577881,-4.27374692175362
0.047684826740882966,0.30087760174787676
-0.801053308863267,11.627289824075353
-0.3151451186445354,-0.5361732542154023
1.041244599416565,0.864766501985906
-0.00606422098292847,78.70298308265971
-0.4198911017118402,-29.856487290051373
-0.1118305206688687,17.77974226352989
-0.7401456791303287,-10.814404479470381
0.2341443478001918,0.864766501985906
-0.02603624527195943,-4.0030311692097875
-0.08771594774860603,-4.078524786165337
0.36435750103282766,14.280904842711205
1.0742461550524685,11.627289824075353
0.05864512242631372,-40.3877793567228
-0.36332751780594286,-7.395869948132882
-0.058578370644802334,49.72568543360479
1.5822698280934888,1.562435408792224
0.3505467633222156,12.862794183118371
1.0742461550524685,-57.74051646520421
-0.7160738754535848,-8.558438931875193
0.16181664640404847,-4.5569853151450985
-0.14304889760529674,-27.504862198609242
-0.03861156615609694,40.690505495633346
0.40158367324280136,0.04146826652060548
0.3505467633222156,0.864766501985906
-1.2497736591103932,17.77974226352989
0.3505467633222156,-4.0030311692097875
-0.2741974333344227,-10.276710497240433
0.3606517853674941,21.245403893104715
0.10001883060204593,-2.7029679554461388
0.3906688513397044,17.77974226352989
-0.03095869084443841,-2.9800795243972953
-0.00606422098292847,-0.8843744842369765
-0.6694664349971302,16.137309005336682
-0.05252757009506306,0.04146826652060548
0.05864512242631372,29.704337441723858
-0.3151451186445354,7.038437199521378
-0.2076377528588214,0.04146826652060548
-4.641982688069007,15.261949196023727
-0.009028874904964578,25.148547317028253
-1.2497736591103932,-21.925067375973722
-0.10825325223886004,56.59659836344661
0.0010470528883741892,18.10404076332848
-0.2738920535334189,-4.5569853151450985
0.0916091018483673,-7.308931431818518
1.0742461550524685,-4.27374692175362
0.5786464468577881,-4.0030311692097875
0.5786464468577881,13.987238754500622
-0.21735499260060465,29.973871336493364
-0.2738920535334189,-7.616156830860184
-0.3151451186445354,-39.1763748935869
-0.7287260669656467,42.74014106971756
1.5822698280934888,-40.19327155395332
-0.3363651125119391,-1.9488866283982613
0.19769300947974253,-15.935206029103457
0.44922296516495946,18.10404076332848
-0.0352084347935643,11.675314765328476
-0.058578370644802334,-47.17645554782859
-0.6299094769965032,-2.9800795243972953
0.11090382931134693,-0.0038359853624834496
2.2358660093761475,35.727326701158034
-0.36332751780594286,49.925647069350426
-0.4198911017118402,-2.7029679554461388
1.2553987807724112,11.195706723116947
0.0916091018483673,-3.7731426931645045
-0.24481175478387227,29.973871336493364
0.3943868690328035,13.122226931785953
0.16181664640404847,22.549677118574028
0.2006814916813869,-12.699829097706006
0.4756248784722886,-18.44398679929323
-0.36332751780594286,-16.973394138905665
0.16181664640404847,7.38675613760892
-0.36332751780594286,24.499597763939295
-0.10825325223886004,-7.395869948132882
-0.17935181727408317,-4.0030311692097875
-0.17935181727408317,32.96094067614628
0.0916091018483673,-4.0030311692097875
-0.04555074380058599,-27.15700683138211
-0.16880052818434513,-12.699829097706006
0.16181664640404847,15.719889307234046
0.5576777925041181,23.372825929697136
0.5786464468577881,7.265070709056594
-0.16880052818434513,-20.99715135852902
0.0010470528883741892,14.280904842711205
-1.0556011267440089,-8.558438931875193
0.34238876799479534,11.627289824075353
0.32482562098165857,-24.959993554285578
0.18668415979289468,13.73569103313465
-0.06334890996530876,166.76254514455465
-0.03861156615609694,49.925647069350426
0.27586775984203465,4.781531668460141
-0.7287260669656467,-27.15700683138211
-0.7287260669656467,13.122226931785953
0.38403387494372687,-6.6612816997610516
0.32482562098165857,-1.9313173035818287
0.05909883430361802,-33.21374444224675
0.16181664640404847,-2.2335130345263385
-0.2033653306411805,20.943839012767775
1.1127658037795611,2.077521546435768
0.33049120169057705,15.093593964234987
-0.113624667977236,20.943839012767775
0.6011300846259356,-1.9313173035818287
-0.36332751780594286,0.864766501985906
-1.689401290665661,21.387570884234133
-0.024598674677790366,-14.761836885402682
-0.03861156615609694,5.911317787528296
-0.03861156615609694,29.973871336493364
0.44922296516495946,-0.5361732542154023
-0.4198911017118402,2.1338652505476157
0.16181664640404847,17.28183675774978
-0.08867063383433955,-4.078524786165337
0.0010470528883741892,13.73569103313465
-0.17935181727408317,-7.616156830860184
0.33457055631954125,-0.5361732542154023
1.041244599416565,-7.616156830860184
-0.17935181727408317,3.010803771110808
-0.1567945449410138,-12.9217227829755
-0.7287260669656467,7.340366661926466
0.6011300846259356,34.66640998521532
0.19769300947974253,21.245403893104715
0.27586775984203465,3.010803771110808
-0.7287260669656467,-3.3960019819265512
-0.0792748196307623,0.864766501985906
-1.4442959583507398,17.77974226352989
-0.43529365049160484,18.48178911445189
0.5786464468577881,17.28183675774978
0.0010470528883741892,-27.15700683138211
-0.43529365049160484,-25.908721899119882
-0.2738920535334189,21.245403893104715
-0.0792748196307623,-0.5361732542154023
0.16159146195309612,-2.0982517115565
0.0010470528883741892,2.8499852625433655
0.2006814916813869,-16.179880662916258
0.5101920150542831,-3.9950082705257763
-0.16880052818434513,23.372825929697136
-0.2033653306411805,-12.9217227829755
0.18668415979289468,-10.081603544848427
0.4242270604129871,-6.223666195099975
1.7993968814994363,23.372825929697136
-0.0764545697770406,-4.078524786165337
0.688791828861265,23.503575342205522
0.16181664640404847,-19.60800199927033
-0.009028874904964578,-8.335252925287833
0.0010470528883741892,-18.44398679929323
-1.6778178025694679,7.78094809608704
0.36435750103282766,7.596740867050775
0.23608909821264756,-4.078524786165337
0.05864512242631372,42.74014106971756
-0.009028874904964578,21.245403893104715
1.6593624605044475,21.245403893104715
1.0742461550524685,-7.616156830860184
0.4242270604129871,-1.9488866283982613
0.8958327942725657,-4.078524786165337
0.043113239087593416,16.137309005336682
-0.801053308863267,-0.8843744842369765
0.16159146195309612,2.077521546435768
-0.03861156615609694,35.727326701158034
-0.058578370644802334,-15.935206029103457
0.00999572619345961,7.596740867050775
0.8958327942725657,-4.27374692175362
-0.24481175478387227,13.064261480023923
0.1507721993692753,-4.27374692175362
-0.15963008896540815,-3.526894058084416
0.688791828861265,31.641294797272423
-0.044810527848512395,2.63263339993483
0.3906688513397044,16.137309005336682
0.688791828861265,-4.078524786165337
-0.21735499260060465,32.96094067614628
-0.15193756696726807,7.265070709056594
-0.24416541236390005,13.987238754500622
-0.34167038395473925,5.911317787528296
0.043113239087593416,-10.276710497240433
-0.18590351632647606,7.265070709056594
0.16181664640404847,14.97768290564685
0.00999572619345961,7.038437199521378
0.043113239087593416,-2.7029679554461388
0.6097296047041605,24.499597763939295
0.0010470528883741892,35.727326701158034
0.6735839854136264,-4.5569853151450985
0.00999572619345961,-14.92608016726255
-0.4198911017118402,-4.5569853151450985
1.8449462246318096,-15.935206029103457
0.20188123959900697,5.911317787528296
-0.7050481787525923,18.48178911445189
-0.7050481787525923,-72.19781680261991
-0.10825325223886004,16.137309005336682
1.0742461550524685,-5.3619535347475376
-0.16880052818434513,-27.504862198609242
1.2553987807724112,8.799725091799269
0.00999572619345961,42.74014106971756
0.1918725988069705,49.925647069350426
-0.801053308863267,15.355957543981352
0.6011300846259356,-25.50918068073222
0.688791828861265,29.704337441723858
0.13071120725620614,-10.7764289179292
-0.03095869084443841,-4.27374692175362
-0.4198911017118402,2.8499852625433655
-0.505048042284805,17.28183675774978
-0.009028874904964578,-5.3619535347475376
-0.009028874904964578,-3.3960019819265512
1.041244599416565,-12.9217227829755
-1.4442959583507398,-18.44398679929323
2.0755236001364437,3.010803771110808
-0.10825325223886004,21.245403893104715
0.16181664640404847,-2.2335130345263385
-0.9024675039485013,-38.8446486552365
1.4616500348830879,0.04146826652060548
-0.9869487568887413,-4.5569853151450985
0.5786464468577881,7.38675613760892
-0.1118305206688687,15.093593964234987
1.0742461550524685,-3.526894058084416
0.34238876799479534,78.70298308265971
-0.505048042284805,3.6844645149518556
-0.4198911017118402,-29.856487290051373
1.2553987807724112,18.10404076332848
0.6011300846259356,18.10404076332848
-0.3054210698026699,17.77974226352989
0.20188123959900697,-2.9800795243972953
0.0010470528883741892,20.943839012767775
-0.0764545697770406,15.093593964234987
-0.1845534832672918,14.280904842711205
0.05864512242631372,7.596740867050775
-1.4442959583507398,49.925647069350426
0.20188123959900697,21.245403893104715
-0.00606422098292847,11.627289824075353
0.34238876799479534,-48.23772936159969
-0.017168990736273714,0.864766501985906
-0.1118305206688687,-2.218290423663901
-0.1118305206688687,11.627289824075353
-0.7287260669656467,5.004397063638481
-1.2497736591103932,0.864766501985906
-1.2497736591103932,14.044821634337412
-0.058578370644802334,-4.078524786165337
0.8958327942725657,-1.6881085035055867
1.5822698280934888,-2.2335130345263385
-0.10825325223886004,0.9214016884970614
0.08613586021859794,25.38713772153157
0.508558186780643,49.925647069350426
-2.065249419239362,11.627289824075353
-0.17935181727408317,-2.7029679554461388
-0.16880052818434513,-5.3619535347475376
0.20188123959900697,49.925647069350426
0.3800454743780971,49.925647069350426
-0.03861156615609694,-2.7029679554461388
0.3800454743780971,-8.558438931875193
-0.15875648059594238,29.973871336493364
0.043113239087593416,-8.558438931875193
-0.21937163611603822,-12.699829097706006
-0.801053308863267,-6.6612816997610516
-0.00606422098292847,21.245403893104715
-0.10825325223886004,-3.3960019819265512
1.041244599416565,-10.050876275630035
-0.024598674677790366,2.329516804521694
-0.1990960786250156,-18.44398679929323
-0.0792748196307623,7.265070709056594
-0.05252757009506306,-18.44398679929323
-1.2497736591103932,-4.0030311692097875
-0.0792748196307623,21.21099415724861
-0.16880052818434513,-38.8446486552365
-0.05252757009506306,17.77974226352989
-0.03095869084443841,7.38675613760892
-0.058578370644802334,17.28183675774978
0.32482562098165857,-1.9488866283982613
-0.904254043280354,11.627289824075353
-1.4442959583507398,-12.9217227829755
0.16181664640404847,-14.761836885402682
0.043113239087593416,-4.949681631400662
-1.1634612938655475,35.727326701158034
0.18668415979289468,17.77974226352989
0.3505467633222156,-7.719198499706887
-0.19466522561525249,15.093593964234987
-0.6299094769965032,13.73569103313465
1.5822698280934888,-7.616156830860184
-0.43529365049160484,-39.48264072720317
0.05864512242631372,-1.9313173035818287
1.041244599416565,0.864766501985906
0.3232970364782351,31.641294797272423
0.0010470528883741892,-4.0030311692097875
-0.34815899640505715,-0.5361732542154023
-1.0556011267440089,2.1338652505476157
-0.7401456791303287,-40.19327155395332
-0.030646184935596434,7.596740867050775
0.23804754433392256,18.48178911445189
-0.10462615523354754,7.265070709056594
0.043113239087593416,0.04146826652060548
-0.03861156615609694,17.77974226352989
0.00999572619345961,15.093593964234987
0.13071120725620614,49.925647069350426
0.26361681384434904,-27.504862198609242
-0.36332751780594286,-2.9291310600555684
-0.2893681985950519,29.973871336493364
-0.672261773514369,18.10404076332848
0.32482562098165857,3.010803771110808
0.1918725988069705,-1.9488866283982613
0.05864512242631372,-18.44398679929323
-0.00606422098292847,-32.5199083846189
-0.636274644842378,-10.276710497240433
-0.6941908539196296,-0.5361732542154023
-1.5034819450854005,-7.616156830860184
-0.03095869084443841,18.10404076332848
0.007968033397800145,-2.9614244565298433
-1.689401290665661,14.280904842711205
-0.4198911017118402,0.7847641990366732
-0.2033653306411805,49.72568543360479
-1.4442959583507398,12.102494748238584
-0.00606422098292847,-3.3960019819265512
-0.16880052818434513,-4.27374692175362
-0.1118305206688687,5.911317787528296
0.16997473040900107,11.627289824075353
-0.505048042284805,-4.27374692175362
2.2358660093761475,-4.5569853151450985
0.3505467633222156,32.96094067614628
0.2786039531662106,83.67494295132117
-0.43529365049160484,-13.840528630824332
0.00999572619345961,-1.6881085035055867
0.043113239087593416,39.760585038296945
0.5786464468577881,-15.935206029103457
0.6011300846259356,-2.9614244565298433
-0.16880052818434513,-8.335252925287833
1.5572188396577433,-13.360315882929202
0.0010470528883741892,-4.192298132741622
-0.00606422098292847,-4.5569853151450985
0.18668415979289468,-27.504862198609242
-0.10825325223886004,-7.616156830860184
-0.9024675039485013,-2.2335130345263385
0.18668415979289468,-27.259749061922307
0.00999572619345961,3.010803771110808
-0.058578370644802334,10.702260964686408
0.688791828861265,-5.3619535347475376
-1.4442959583507398,-4.0030311692097875
0.44922296516495946,22.526360517017405
-0.4198911017118402,34.66640998521532
0.00999572619345961,0.04146826652060548
-0.009028874904964578,14.909803878090194
1.2553987807724112,34.458378268200114
1.9192044825252697,18.10404076332848
1.4051177019833445,-14.114341188560951
-1.4442959583507398,49.925647069350426
-1.689401290665661,-23.69499838117953
-0.2033653306411805,-8.558438931875193
-0.058578370644802334,8.799725091799269
0.16181664640404847,-27.259749061922307
-0.9024675039485013,-0.5361732542154023
0.10597692985484128,-25.33944624670226
0.20188123959900697,49.925647069350426
-0.36332751780594286,-27.504862198609242
-0.00606422098292847,7.596740867050775
0.44922296516495946,-32.5199083846189
0.8958327942725657,-4.27374692175362
0.29653774554932444,-15.935206029103457
-0.6484834959849031,13.122226931785953
-0.058578370644802334,59.12019203474566
-0.16880052818434513,34.66640998521532
0.44922296516495946,0.04146826652060548
0.3505467633222156,11.1052927428243
0.1589884271769304,0.7847641990366732
-0.009028874904964578,-12.9217227829755
0.15438855266195128,-14.138890062009661
-1.4442959583507398,2.5799623688686877
-0.04555074380058599,-5.568099291779881
0.16997473040900107,7.038437199521378
0.1918725988069705,-39.48264072720317
0.29653774554932444,-4.27374692175362
1.5355175086949657,7.38675613760892
0.38403387494372687,83.67494295132117
-0.2741974333344227,-10.276710497240433
0.2528020560677244,5.911317787528296
0.05864512242631372,-4.078524786165337
0.4861271218686462,11.627289824075353
0.05864512242631372,-25.500717827492917
0.2898819605452614,-21.699206232645043
0.3505467633222156,-12.9217227829755
0.44922296516495946,-4.5569853151450985
-0.3151451186445354,16.67456378847738
-0.08771594774860603,-4.078524786165337
1.0742461550524685,-18.44398679929323
0.3906688513397044,34.66640998521532
0.42628203894762057,-10.035404744287794
1.041244599416565,17.28183675774978
-0.7160738754535848,-0.5361732542154023
1.041244599416565,31.641294797272423
-0.03861156615609694,-2.2335130345263385
-0.4198911017118402,-1.6881085035055867
0.8958327942725657,42.74014106971756
0.5786464468577881,-14.138890062009661
-0.16880052818434513,5.911317787528296
-0.10825325223886004,17.77974226352989
-1.2497736591103932,17.77974226352989
0.6011300846259356,-20.14133706288764
-0.017168990736273714,-3.526894058084416
-0.04555074380058599,-8.558438931875193
0.688791828861265,49.925647069350426
-0.14304889760529674,7.265070709056594
0.6011300846259356,5.911317787528296
-0.10825325223886004,15.093593964234987
0.44922296516495946,15.719889307234046
-0.21735499260060465,7.596740867050775
1.5572188396577433,-12.9217227829755
0.2006814916813869,-3.9671451152817934
0.16268039011447305,32.93493596372664
-0.1845534832672918,15.719889307234046
-0.4198911017118402,-8.7422950833559
-0.058578370644802334,17.77974226352989
1.7993968814994363,-24.959993554285578
1.041244599416565,-4.27374692175362
0.16159146195309612,6.2392066147147895
0.6011300846259356,11.627289824075353
0.34238876799479534,-15.935206029103457
0.5786464468577881,-20.99715135852902
-0.07196222189562931,18.06735682480273
-0.672261773514369,18.48178911445189
0.1586219282642693,13.73569103313465
-0.505048042284805,-39.48264072720317
-0.9024675039485013,-3.3960019819265512
0.33457055631954125,-18.538109028352324
-0.19466522561525249,-22.688931087626568
1.041244599416565,-9.956774156348473
-0.36332751780594286,41.70914557438718
0.15438855266195128,-20.941459572636077
0.34238876799479534,-33.21374444224675
0.3505467633222156,7.596740867050775
0.8958327942725657,31.57671909153448
2.2358660093761475,49.925647069350426
0.2528020560677244,-4.078524786165337
-0.14304889760529674,-4.5569853151450985
-0.17935181727408317,7.596740867050775
0.688791828861265,0.864766501985906
0.8958327942725657,18.48178911445189
0.32482562098165857,7.038437199521378
-0.03861156615609694,49.925647069350426
0.043113239087593416,-18.44398679929323
1.0742461550524685,-4.579917727602352
0.20188123959900697,-2.8028364438329936
3.1299622614874876,-39.48264072720317
0.8958327942725657,0.04146826652060548
1.7993968814994363,35.727326701158034
-0.07376395554197326,-2.9614244565298433
0.075532725310448,49.925647069350426
-0.03861156615609694,-7.616156830860184
-0.30057689291677187,-10.081603544848427
0.6526028477519574,22.526360517017405
-0.032041593914278056,2.077521546435768
0.3505467633222156,-2.7029679554461388
1.041244599416565,0.864766501985906
0.16997473040900107,14.044821634337412
0.05864512242631372,-3.526894058084416
0.0010470528883741892,-15.784946091776693
-0.15963008896540815,21.245403893104715
1.394174000488054,2.1338652505476157
-0.2033653306411805,-1.0630246735620064
-0.1118305206688687,14.004420132976355
1.7993968814994363,-1.201570679043519
1.5822698280934888,7.596740867050775
0.4997419662193159,14.044821634337412
-0.2738920535334189,-2.3141928410932953
-0.251589205680858,14.97768290564685
-0.7287260669656467,31.57671909153448
-0.21937163611603822,-1.9488866283982613
-0.7050481787525923,-4.5569853151450985
-0.43529365049160484,-39.48264072720317
-0.7429272192252189,-12.9217227829755
-0.009028874904964578,-38.8446486552365
-0.2033653306411805,7.038437199521378
0.36435750103282766,0.04146826652060548
-1.1634612938655475,31.641294797272423
-0.05252757009506306,7.596740867050775
-0.017168990736273714,-2.2335130345263385
-0.00606422098292847,49.925647069350426
0.043113239087593416,-33.21374444224675
-0.058578370644802334,31.641294797272423
0.32482562098165857,-27.259749061922307
0.05864512242631372,5.911317787528296
-0.1567945449410138,-39.48264072720317
0.16159146195309612,-2.7029679554461388
0.8958327942725657,-37.61074050176849
0.1918725988069705,-4.078524786165337
1.041244599416565,13.122226931785953
-0.10825325223886004,65.21136808967643
-0.030646184935596434,7.038437199521378
0.05864512242631372,-9.956774156348473
1.5822698280934888,14.81756871123022
-0.4198911017118402,-33.21374444224675
0.2528020560677244,6.2392066147147895
-1.1634612938655475,35.727326701158034
-0.05252757009506306,17.28183675774978
-0.024598674677790366,-4.5569853151450985
0.00999572619345961,-18.44398679929323
-0.10462615523354754,-24.959993554285578
1.5822698280934888,18.06735682480273
0.2786039531662106,31.641294797272423
0.46640658963121295,18.06735682480273
-0.03095869084443841,-4.27374692175362
0.2521351458422851,0.04146826652060548
-0.505048042284805,-4.0030311692097875
0.32482562098165857,31.57671909153448
0.18668415979289468,11.195706723116947
-0.00606422098292847,16.8762399221961
-0.2033653306411805,-12.9217227829755
-0.00606422098292847,-5.3619535347475376
0.39926502701555744,18.10404076332848
-0.2076377528588214,16.98247544783629
-0.21937163611603822,7.596740867050775
-0.16333932667981615,-4.078524786165337
0.3505467633222156,41.70914557438718
0.29120460839181234,2.256461576867558
0.13071120725620614,13.99269216824317
-0.16880052818434513,2.077521546435768
-0.0792748196307623,0.04146826652060548
-0.21735499260060465,3.010803771110808
-0.01631420073264045,-28.028858425570593
0.16716157712011298,-4.27374692175362
-0.47282598073482546,13.73569103313465
-0.07376395554197326,-4.0030311692097875
-0.21735499260060465,-4.0030311692097875
0.00999572619345961,0.04146826652060548
-0.009028874904964578,15.093593964234987
-0.3294928383793912,14.280904842711205
-1.5464783585181123,18.06735682480273
1.394174000488054,22.526360517017405
0.11980487094519213,-2.9800795243972953
1.2553987807724112,-12.9217227829755
0.3906688513397044,59.12019203474566
-0.08657770336893914,-4.5569853151450985
-0.03095869084443841,-1.9313173035818287
0.27586775984203465,11.627289824075353
2.2358660093761475,3.2533966319815937
-0.10825325223886004,42.74014106971756
-0.0352084347935643,-4.27374692175362
0.16268039011447305,3.010803771110808
-0.3151451186445354,7.038437199521378
0.272507160170109,-2.2335130345263385
-0.10825325223886004,18.77231901118117
-0.1308138626049503,16.137309005336682
0.043113239087593416,-5.3619535347475376
0.34238876799479534,-18.44398679929323
0.8958327942725657,26.931671492324774
0.5786464468577881,-4.0030311692097875
-0.2782101086628936,-18.44398679929323
1.5822698280934888,-24.959993554285578
-1.2497736591103932,-15.784946091776693
0.17133069084377722,-12.699829097706006
0.46841303106282,7.038437199521378
-0.3151451186445354,29.995661536328267
0.20188123959900697,-10.276710497240433
1.1127658037795611,11.627289824075353
0.24091768007056805,23.372825929697136
-0.21376361882889733,21.245403893104715
-0.03095869084443841,337.79091355894997
0.1918725988069705,-18.44398679929323
-0.03861156615609694,-15.935206029103457
0.16181664640404847,17.28183675774978
-0.17935181727408317,2.1338652505476157
0.511416933333918,13.73569103313465
0.30407817344469507,17.28183675774978
-0.00606422098292847,-25.15343695062618
-0.00606422098292847,-3.3960019819265512
0.1918725988069705,-4.27374692175362
0.3800454743780971,-12.9217227829755
0.32482562098165857,10.438571144155382
-0.03861156615609694,-64.12884555227778
0.44922296516495946,-28.028858425570593
-1.2497736591103932,5.911317787528296
0.38403387494372687,-0.0038359853624834496
0.16268039011447305,13.73569103313465
0.05864512242631372,-10.081603544848427
-0.30057689291677187,5.911317787528296
0.00999572619345961,-1.9488866283982613
-0.058578370644802334,-14.761836885402682
-0.801053308863267,-39.48264072720317
-0.505048042284805,-0.5361732542154023
-0.10462615523354754,11.1052927428243
1.5355175086949657,-12.9217227829755
-0.7287260669656467,-12.699829097706006
-1.689401290665661,-20.99715135852902
-1.689401290665661,7.265070709056594
0.0010470528883741892,16.98247544783629
0.0010470528883741892,18.06735682480273
-0.30057689291677187,23.372825929697136
0.0010470528883741892,21.245403893104715
0.4266084430863691,14.280904842711205
0.0010470528883741892,-7.616156830860184
0.16268039011447305,0.864766501985906
1.3402699205612447,-1.6881085035055867
-0.030646184935596434,-12.9217227829755
-0.10825325223886004,17.28183675774978
-0.017168990736273714,7.265070709056594
0.44922296516495946,-1.0630246735620064
0.6011300846259356,-7.576370497613808
-0.03861156615609694,0.864766501985906
-0.36332751780594286,17.28183675774978
-0.21735499260060465,-7.849089718355956
0.3505467633222156,-3.526894058084416
-0.17935181727408317,2.329516804521694
-0.03095869084443841,-27.504862198609242
-0.0792748196307623,-29.856487290051373
-0.03861156615609694,-29.856487290051373
0.30057329476854466,18.06735682480273
-0.00606422098292847,-1.0630246735620064
-0.505048042284805,-11.364274034145852
0.2528020560677244,-7.616156830860184
-0.0792748196307623,3.010803771110808
-0.7287260669656467,25.055670452889288
0.3800454743780971,-52.37795764006779
0.8958327942725657,-10.276710497240433
-0.009028874904964578,15.719889307234046
0.20188123959900697,18.10404076332848
0.3606517853674941,21.245403893104715
0.5101920150542831,-27.504862198609242
0.07156747467034513,0.864766501985906
0.3505467633222156,0.864766501985906
-0.2033653306411805,-32.31398079172564
-0.43529365049160484,0.04146826652060548
0.9544380869215774,5.911317787528296
-0.14304889760529674,42.74014106971756
-0.1118305206688687,7.038437199521378
0.688791828861265,7.265070709056594
-0.22703734199817482,-0.5361732542154023
-0.2741974333344227,-4.078524786165337
0.00999572619345961,-23.69499838117953
-0.03861156615609694,-14.92608016726255
0.1589884271769304,18.48178911445189
0.16997473040900107,-17.96488556547557
0.0916091018483673,101.23534029866036
0.3505467633222156,-0.0038359853624834496
0.44922296516495946,-7.395869948132882
-0.1118305206688687,-25.412180632315827
0.19769300947974253,17.77974226352989
-0.058578370644802334,-4.078524786165337
0.10001883060204593,-39.48264072720317
0.13093247266594338,-15.935206029103457
-0.058578370644802334,7.265070709056594
-0.9024675039485013,49.925647069350426
-0.36332751780594286,34.66640998521532
-1.6778178025694679,34.66640998521532
0.5786464468577881,-4.5569853151450985
-0.032041593914278056,-4.0030311692097875
1.041244599416565,-37.61074050176849
0.16181664640404847,-40.19327155395332
-0.009028874904964578,-11.111584414861227
0.8958327942725657,0.864766501985906
0.44922296516495946,-6.152960897313826
0.0797559173132516,0.04146826652060548
-0.7287260669656467,18.10404076332848
-0.058578370644802334,-2.9614244565298433
-0.00606422098292847,-7.616156830860184
0.36435750103282766,-39.1763748935869
0.2028095494411093,16.137309005336682
0.1918725988069705,18.06735682480273
1.394174000488054,-4.27374692175362
-0.017168990736273714,-4.5569853151450985
0.3505467633222156,-18.05000878013754
-0.7160738754535848,17.28183675774978
0.18668415979289468,34.66640998521532
1.041244599416565,11.627289824075353
-0.7287260669656467,-3.3960019819265512
0.18511769880842915,14.004420132976355
-0.17935181727408317,18.06735682480273
1.041244599416565,-15.935206029103457
0.32482562098165857,-26.313056082160845
-0.21376361882889733,-24.959993554285578
0.05864512242631372,-18.44398679929323
0.30057329476854466,8.94794705401277
0.10001883060204593,-39.1763748935869
-0.26997640021527164,-13.7293368035301
0.5786464468577881,-15.935206029103457
-0.7287260669656467,0.7801741743172745
1.394174000488054,-4.078524786165337
0.5209864602641708,7.038437199521378
1.1127658037795611,31.641294797272423
0.11090382931134693,-20.99715135852902
-0.10825325223886004,49.925647069350426
-0.801053308863267,7.596740867050775
0.31021410415629347,0.04146826652060548
0.15042606883719006,-21.568249383018745
-1.4442959583507398,31.57671909153448
0.38403387494372687,16.98247544783629
0.0010470528883741892,31.57671909153448
-0.7160738754535848,-3.3960019819265512
1.0742461550524685,7.596740867050775
0.5786464468577881,18.06735682480273
0.44922296516495946,-7.308931431818518
0.16159146195309612,16.8762399221961
0.4242270604129871,18.10404076332848
-0.009028874904964578,-12.699829097706006
0.18668415979289468,-2.7029679554461388
-1.4442959583507398,18.48178911445189
-0.1114831986007296,-8.558438931875193
0.04778851635149166,-0.0038359853624834496
0.27586775984203465,49.925647069350426
0.4242270604129871,-12.699829097706006
-0.0352084347935643,78.70298308265971
0.20188123959900697,18.41275292458747
0.00999572619345961,-4.0030311692097875
0.5786464468577881,18.06735682480273
0.1918725988069705,-2.0767928311559585
1.041244599416565,7.038437199521378
-1.4442959583507398,-3.9950082705257763
-0.36332751780594286,17.77974226352989
0.10001883060204593,-18.44398679929323
-0.00606422098292847,-10.814404479470381
1.5822698280934888,42.74014106971756
-0.21191448486425904,-6.6612816997610516
0.05864512242631372,-9.956774156348473
-0.03861156615609694,-13.840528630824332
1.041244599416565,-3.526894058084416
-0.14304889760529674,42.74014106971756
0.33049120169057705,7.038437199521378
0.16051745893966754,-0.8843744842369765
0.05864512242631372,-0.0038359853624834496
-0.1118305206688687,-9.895968986876213
-0.0352084347935643,-24.959993554285578
-0.13638257532230327,-1.9488866283982613
0.6011300846259356,-3.526894058084416
0.30057329476854466,42.74014106971756
-0.6230753889609728,-1.9488866283982613
-0.6299094769965032,31.641294797272423
-0.2033653306411805,17.77974226352989
0.2528020560677244,13.73569103313465
0.26972067301564895,-4.078524786165337
0.0010470528883741892,17.28183675774978
-0.009028874904964578,-48.23772936159969
-0.3151451186445354,7.38675613760892
-0.05252757009506306,-12.699829097706006
-0.18590351632647606,-27.15700683138211
0.1507721993692753,16.8762399221961
0.3505467633222156,42.74014106971756
-0.11235626442082039,-14.92608016726255
0.1918725988069705,-26.313056082160845
1.394174000488054,-38.8446486552365
-0.00606422098292847,-4.5569853151450985
0.00999572619345961,-3.3960019819265512
0.34238876799479534,-2.2335130345263385
-0.12588186608270502,5.911317787528296
0.16268039011447305,34.66640998521532
0.0010470528883741892,14.81756871123022
0.0540268970479552,-47.17645554782859
-0.3151451186445354,-10.814404479470381
0.36435750103282766,-4.5569853151450985
0.32482562098165857,-24.646420341805445
-0.7287260669656467,20.943839012767775
0.6097296047041605,20.31032155601569
0.32482562098165857,18.10404076332848
-0.3151451186445354,7.038437199521378
-0.24416541236390005,11.1052927428243
0.00999572619345961,-18.44398679929323
0.20188123959900697,7.5933355445900945
0.10001883060204593,-10.814404479470381
-0.636274644842378,-3.526894058084416
0.8958327942725657,-4.078524786165337
0.0010470528883741892,-20.941459572636077
-0.017168990736273714,18.10404076332848
0.34238876799479534,-12.9217227829755
0.3800454743780971,-5.3619535347475376
0.34238876799479534,-9.956774156348473
0.00999572619345961,-4.078524786165337
0.44922296516495946,-14.138890062009661
-0.1118305206688687,-27.504862198609242
0.00999572619345961,-15.935206029103457
-0.16880052818434513,-0.5361732542154023
-0.1118305206688687,-1.9488866283982613
1.7274817463526346,-12.699829097706006
0.36435750103282766,-27.504862198609242
0.3505467633222156,49.925647069350426
0.30057329476854466,35.727326701158034
0.23804754433392256,22.526360517017405
0.0010470528883741892,13.73569103313465
1.2358599040804323,17.224157523989543
0.0010470528883741892,23.425417010667722
-0.009028874904964578,7.596740867050775
-1.2497736591103932,18.10404076332848
1.5355175086949657,-4.5569853151450985
0.688791828861265,-23.69499838117953
0.3505467633222156,-0.0038359853624834496
-0.801053308863267,-0.5361732542154023
1.5055984623564311,-16.25322274257984
0.0010470528883741892,-2.7029679554461388
0.00999572619345961,11.627289824075353
0.075532725310448,-0.5361732542154023
-0.2033653306411805,-4.078524786165337
-0.6299094769965032,21.245403893104715
2.0013801206858988,21.21099415724861
-0.7160738754535848,-5.3619535347475376
-0.36332751780594286,56.59659836344661
-0.2033653306411805,7.596740867050775
0.6011300846259356,7.038437199521378
0.04778851635149166,-21.925067375973722
0.16181664640404847,15.093593964234987
0.13071120725620614,-18.05000878013754
0.31021410415629347,-4.078524786165337
-0.009028874904964578,-39.48264072720317
-0.43529365049160484,-15.935206029103457
-0.2033653306411805,-10.276710497240433
0.18668415979289468,17.28183675774978
-0.2813777439740256,7.38675613760892
-0.8246288976755036,-36.94575770724904
0.5786464468577881,18.10404076332848
0.16159146195309612,-1.9488866283982613
-0.05252757009506306,-0.5361732542154023
-0.10825325223886004,-15.347575898405239
-0.009028874904964578,32.96094067614628
-0.0764545697770406,-12.699829097706006
-0.25331001659545593,5.911317787528296
-0.4198911017118402,31.57671909153448
0.0010470528883741892,0.04146826652060548
-0.21735499260060465,14.280904842711205
0.4242270604129871,-29.856487290051373
0.35835562409054134,5.911317787528296
0.29653774554932444,17.77974226352989
-0.009028874904964578,13.73569103313465
0.16997473040900107,-4.27374692175362
-0.17935181727408317,18.48178911445189
0.047684826740882966,20.943839012767775
0.16181664640404847,-6.6612816997610516
1.3997807965823006,-4.5569853151450985
-0.43529365049160484,-1.9488866283982613
-0.08867063383433955,15.093593964234987
-0.8246288976755036,-2.9614244565298433
-0.10825325223886004,11.627289824075353
-0.0792748196307623,-13.989261657391179
0.44922296516495946,-1.9488866283982613
0.44922296516495946,16.8762399221961
0.14193829180449308,16.36942024967121
-0.7287260669656467,-2.7029679554461388
-0.7287260669656467,-7.616156830860184
0.26972067301564895,-1.9488866283982613
0.6011300846259356,-0.0038359853624834496
-0.03095869084443841,-2.7029679554461388
0.272507160170109,25.66939669000617
-0.1118305206688687,-33.21374444224675
-0.009028874904964578,-4.5569853151450985
0.16159146195309612,-4.078524786165337
-0.24785046675102862,25.055670452889288
1.5822698280934888,-1.9488866283982613
-0.0754261473078616,-8.47556500141717
-0.00013670845530624475,-2.9614244565298433
0.5786464468577881,7.596740867050775
-0.26997640021527164,11.627289824075353
0.6011300846259356,29.105276433535213
-1.003876189520175,15.355957543981352
-0.33576938220124525,-25.50918068073222
-0.3294928383793912,-18.538109028352324
0.38403387494372687,42.74014106971756
-0.43529365049160484,21.943429764248087
0.3228247438500903,18.06735682480273
-0.2033653306411805,-14.114341188560951
0.14193829180449308,-26.313056082160845
0.46640658963121295,-8.558438931875193
1.6434454601476833,-2.3141928410932953
-0.03861156615609694,-12.699829097706006
-0.113624667977236,14.97768290564685
-0.505048042284805,29.704337441723858
-0.03861156615609694,16.67456378847738
-0.1118305206688687,-27.504862198609242
0.3505467633222156,-7.616156830860184
0.3606517853674941,13.122226931785953
0.00999572619345961,-25.908721899119882
-0.17935181727408317,0.04146826652060548
0.688791828861265,34.66640998521532
-1.4442959583507398,-20.99715135852902
-2.065249419239362,-4.27374692175362
0.007990116497257959,-1.9488866283982613
0.701364549953977,-4.0030311692097875
0.1918725988069705,14.044821634337412
-0.0792748196307623,-5.568099291779881
0.15042606883719006,-4.078524786165337
-0.2076377528588214,-40.3877793567228
-0.17935181727408317,-4.078524786165337
0.6011300846259356,-12.699829097706006
-0.801053308863267,-4.5569853151450985
0.16997473040900107,-7.616156830860184
-0.16333932667981615,4.169944995986889
-0.058578370644802334,22.64623650589953
-0.801053308863267,-4.051877673123212
1.041244599416565,-40.19327155395332
0.2006814916813869,7.265070709056594
-0.0352084347935643,8.678186683473351
-0.0352084347935643,-7.395869948132882
0.39926502701555744,-3.3960019819265512
0.8958327942725657,15.093593964234987
1.7274817463526346,5.004397063638481
-1.5034819450854005,-29.856487290051373
-0.36332751780594286,17.77974226352989
-0.05143665134919155,17.28183675774978
0.39926502701555744,-6.870466107188114
-0.7050481787525923,49.925647069350426
-0.18590351632647606,-8.558438931875193
-0.0764545697770406,0.04146826652060548
0.44922296516495946,22.526360517017405
0.3228247438500903,-10.276710497240433
-0.15193756696726807,2.1338652505476157
-0.16880052818434513,-12.9217227829755
-0.636274644842378,-25.246355178563757
-1.689401290665661,-7.616156830860184
-0.009028874904964578,-7.2466025351224115
0.44922296516495946,5.911317787528296
-0.40587280791599634,162.90653740739342
0.30057329476854466,101.23534029866036
0.00999572619345961,2.8499852625433655
-1.2497736591103932,35.727326701158034
-0.4198911017118402,14.81756871123022
-0.7429272192252189,190.3097190243283
-0.2076377528588214,-4.0030311692097875
0.1918725988069705,-3.3960019819265512
1.041244599416565,-3.7731426931645045
0.16051745893966754,-2.2335130345263385
0.27586775984203465,11.627289824075353
-0.0792748196307623,13.122226931785953
-0.672261773514369,-12.9217227829755
0.44922296516495946,-10.814404479470381
-0.14304889760529674,44.743497401818274
-0.10825325223886004,-24.959993554285578
0.34238876799479534,23.372825929697136
0.44922296516495946,0.7801741743172745
-0.05252757009506306,-2.9614244565298433
0.15438855266195128,-14.138890062009661
1.3837758509206166,-10.814404479470381
0.05909883430361802,-3.526894058084416
-0.10462615523354754,0.864766501985906
2.5065347857651172,18.10404076332848
-0.113624667977236,0.04146826652060548
0.0010470528883741892,-4.0030311692097875
0.508558186780643,-8.558438931875193
-0.2738920535334189,-4.192298132741622
-0.2033653306411805,2.8499852625433655
0.36435750103282766,-27.504862198609242
0.8958327942725657,-1.0630246735620064
-0.1118305206688687,-27.15700683138211
0.05864512242631372,-10.814404479470381
-1.6051186114402711,3.9364429913256664
-0.030646184935596434,15.093593964234987
-0.16880052818434513,18.10404076332848
0.6011300846259356,0.04146826652060548
1.5822698280934888,-4.0030311692097875
-0.4198911017118402,-4.5569853151450985
-2.065249419239362,-12.699829097706006
-0.10825325223886004,15.093593964234987
1.5822698280934888,-7.616156830860184
0.2006814916813869,18.10404076332848
-0.17935181727408317,-8.558438931875193
0.44922296516495946,-10.7764289179292
-0.30057689291677187,-25.15343695062618
-0.16880052818434513,-27.504862198609242
-0.03095869084443841,-10.276710497240433
0.1586219282642693,7.265070709056594
0.24091768007056805,3.010803771110808
-0.19466522561525249,7.140872871365899
-0.16880052818434513,-20.941459572636077
-0.17935181727408317,-32.18312620050924
0.3505467633222156,-39.48264072720317
0.20188123959900697,-4.0030311692097875
0.19769300947974253,-2.9800795243972953
0.5786464468577881,1.6473613643481597
0.16159146195309612,21.387570884234133
-0.058578370644802334,11.627289824075353
-0.2033653306411805,5.676239989432423
0.33457055631954125,7.265070709056594
-0.10825325223886004,18.06735682480273
-0.1118305206688687,17.28183675774978
0.16181664640404847,-1.9313173035818287
-0.31021122470612056,-8.558438931875193
-0.058578370644802334,5.911317787528296
2.5065347857651172,-4.0030311692097875
-0.02603624527195943,15.355957543981352
-0.801053308863267,31.641294797272423
-0.7050481787525923,-2.9614244565298433
0.1589884271769304,16.137309005336682
1.041244599416565,17.77974226352989
-1.2497736591103932,18.10404076332848
-0.00606422098292847,2.1338652505476157
0.16268039011447305,-0.5361732542154023
0.6011300846259356,-8.558438931875193
0.0540268970479552,-3.526894058084416
-0.1845534832672918,11.627289824075353
-0.037097603046434724,15.355957543981352
0.5101920150542831,19.86333807164408
1.0742461550524685,15.093593964234987
0.20188123959900697,-3.526894058084416
0.16268039011447305,-2.343863389814117
-0.33576938220124525,18.10404076332848
-0.2033653306411805,-15.935206029103457
0.5786464468577881,-0.5361732542154023
-0.2033653306411805,0.7801741743172745
1.7274817463526346,13.73569103313465
0.16997473040900107,-13.360315882929202
0.16181664640404847,-7.616156830860184
0.3505467633222156,-4.5569853151450985
0.3228247438500903,18.694892084583277
0.39926502701555744,18.06735682480273
0.16159146195309612,18.48178911445189
0.4242270604129871,-7.616156830860184
-0.22703734199817482,-4.0030311692097875
0.39926502701555744,-4.27374692175362
1.041244599416565,-11.3721980247369
0.39926502701555744,49.925647069350426
0.2786039531662106,11.195706723116947
1.4616500348830879,22.64623650589953
-0.36332751780594286,18.10404076332848
0.38403387494372687,-39.48264072720317
0.16181664640404847,20.943839012767775
-0.3363651125119391,8.94794705401277
-0.05252757009506306,5.911317787528296
-0.17935181727408317,21.943429764248087
-0.2033653306411805,7.038437199521378
0.6011300846259356,0.9214016884970614
-0.058578370644802334,-10.081603544848427
0.8958327942725657,-18.44398679929323
0.5786464468577881,13.73569103313465
0.1918725988069705,-12.9217227829755
0.32482562098165857,18.06735682480273
-0.06565703993025851,-33.21374444224675
0.3505467633222156,42.74014106971756
0.32482562098165857,14.004420132976355
-0.1845534832672918,7.265070709056594
0.11090382931134693,49.925647069350426
0.9544380869215774,9.28536351917838
0.1918725988069705,-25.412180632315827
0.20178521365593313,-10.276710497240433
0.39926502701555744,-27.259749061922307
0.05864512242631372,11.627289824075353
0.46640658963121295,-38.8446486552365
-0.40587280791599634,49.925647069350426
0.16181664640404847,17.28183675774978
-0.21376361882889733,-15.935206029103457
0.20188123959900697,-3.3960019819265512
1.5822698280934888,13.987238754500622
0.20188123959900697,-0.5361732542154023
0.6477004407264604,-24.75912696901911
-0.3054210698026699,18.06735682480273
0.38403387494372687,-10.276710497240433
-0.7287260669656467,-11.168027150779878
0.30057329476854466,42.74014106971756
-1.689401290665661,13.122226931785953
-0.03095869084443841,3.010803771110808
-0.017168990736273714,65.21136808967643
-0.21735499260060465,-16.04309329983733
0.5786464468577881,-14.114341188560951
-0.030646184935596434,7.596740867050775
0.4242270604129871,-3.526894058084416
0.17133069084377722,-14.138890062009661
-0.2033653306411805,3.2533966319815937
-0.16880052818434513,13.122226931785953
0.3800454743780971,2.077521546435768
-0.009028874904964578,-33.21374444224675
-0.03861156615609694,17.28183675774978
0.44922296516495946,-12.9217227829755
0.05864512242631372,17.28183675774978
-0.17935181727408317,-29.856487290051373
0.16159146195309612,-1.6881085035055867
0.688791828861265,-27.15700683138211
0.6011300846259356,-4.0030311692097875
0.3505467633222156,-14.599071393320667
0.16181664640404847,17.28183675774978
0.44922296516495946,0.04146826652060548
0.31021410415629347,190.3097190243283
0.6011300846259356,49.72568543360479
1.0742461550524685,14.97768290564685
0.00999572619345961,-27.259749061922307
-0.36332751780594286,17.28183675774978
0.043113239087593416,17.77974226352989
-0.1118305206688687,7.265070709056594
-0.43529365049160484,17.77974226352989
-0.16880052818434513,7.038437199521378
-0.43529365049160484,7.596740867050775
-1.2059451917661819,-8.558438931875193
-0.113624667977236,18.48178911445189
0.20188123959900697,101.23534029866036
0.0010470528883741892,-6.6612816997610516
0.3505467633222156,-6.71851388944232
0.10001883060204593,0.864766501985906
-0.17935181727408317,14.280904842711205
-0.03861156615609694,0.04146826652060548
1.1127658037795611,-17.96488556547557
0.38403387494372687,49.925647069350426
0.44922296516495946,-10.276710497240433
0.00999572619345961,-14.92608016726255
0.16159146195309612,-25.246355178563757
0.047684826740882966,-27.504862198609242
-0.024598674677790366,29.995661536328267
-1.0556011267440089,-4.078524786165337
0.16997473040900107,5.004397063638481
0.5786464468577881,-20.99715135852902
-0.03095869084443841,35.727326701158034
-0.6230753889609728,-24.16125495693031
0.3505467633222156,17.77974226352989
1.394174000488054,-1.2870816333418091
0.5101920150542831,-21.699206232645043
-0.7287260669656467,-7.616156830860184
-0.009028874904964578,-8.558438931875193
1.5822698280934888,-5.3619535347475376
-0.06487068597181327,54.8947718800322
-0.21735499260060465,-6.4114126171107975
0.33457055631954125,-15.935206029103457
-0.03095869084443841,-16.973394138905665
0.00999572619345961,2.1338652505476157
0.2006814916813869,17.77974226352989
0.3906688513397044,6.540833177903198
-0.36332751780594286,15.355957543981352
0.27586775984203465,49.925647069350426
0.688791828861265,-2.2335130345263385
0.29653774554932444,32.93493596372664
1.5822698280934888,-4.0030311692097875
0.6011300846259356,13.73569103313465
0.00999572619345961,40.690505495633346
-0.05252757009506306,21.21099415724861
0.508558186780643,-4.078524786165337
0.29120460839181234,-7.616156830860184
-0.0808639114232312,21.245403893104715
2.0013801206858988,-7.308931431818518
0.3906688513397044,-14.138890062009661
0.16051745893966754,21.245403893104715
-0.19723665039468066,2.3456424366310573
-0.2741974333344227,7.265070709056594
2.2358660093761475,-13.360315882929202
-0.03095869084443841,-12.699829097706006
-0.2782101086628936,-18.44398679929323
0.18668415979289468,9.20004271711571
0.32482562098165857,-27.504862198609242
-0.2033653306411805,-29.856487290051373
0.00999572619345961,-14.138890062009661
0.34238876799479534,9.28536351917838
0.6097296047041605,31.641294797272423
-0.9024675039485013,-4.0030311692097875
0.047684826740882966,18.10404076332848
0.16997473040900107,34.66640998521532
1.9046788635615386,-0.5573310054388902
-0.21735499260060465,-8.558438931875193
-0.11211130213329021,7.265070709056594
0.1918725988069705,26.931671492324774
-0.00606422098292847,-7.616156830860184
-0.15193756696726807,12.862794183118371
-0.2033653306411805,-12.9217227829755
-0.10825325223886004,8.94794705401277
-0.05613709104258011,-10.276710497240433
-0.02603624527195943,-25.908721899119882
-0.009028874904964578,15.355957543981352
-0.47282598073482546,0.7847641990366732
-2.065249419239362,2.63263339993483
1.394174000488054,16.137309005336682
0.6011300846259356,29.995661536328267
-0.00606422098292847,-7.395869948132882
0.16268039011447305,0.864766501985906
-1.4442959583507398,-24.959993554285578
1.9022587109706586,14.909803878090194
0.010798211727321849,18.10404076332848
-0.2741974333344227,-29.856487290051373
0.2528020560677244,-3.3960019819265512
-0.00606422098292847,-38.8446486552365
-0.24416541236390005,49.925647069350426
-1.2497736591103932,0.04146826652060548
0.32482562098165857,-1.9488866283982613
-0.017168990736273714,-8.558438931875193
0.2341443478001918,49.925647069350426
0.5786464468577881,-2.7029679554461388
-0.21735499260060465,22.64623650589953
0.18668415979289468,21.387570884234133
-0.4198911017118402,-24.959993554285578
-0.7401456791303287,-6.6612816997610516
-0.4198911017118402,-0.0038359853624834496
1.7274817463526346,-2.9291310600555684
1.5822698280934888,11.627289824075353
-0.19466522561525249,21.245403893104715
-0.16880052818434513,26.931671492324774
-0.03861156615609694,-6.4114126171107975
1.041244599416565,4.007637341038666
-0.505048042284805,-14.807425866768156
0.0010470528883741892,7.265070709056594
-0.009028874904964578,17.28183675774978
0.33049120169057705,-1.43261949820052
0.2528020560677244,-39.48264072720317
0.31021410415629347,17.28183675774978
-0.03095869084443841,18.10404076332848
-1.2497736591103932,-22.688931087626568
0.05864512242631372,7.265070709056594
-0.7287260669656467,-4.0030311692097875
-0.2915464995984715,-4.5569853151450985
0.2528020560677244,-4.0030311692097875
0.05864512242631372,40.690505495633346
-0.03861156615609694,18.10404076332848
0.34238876799479534,34.66640998521532
-0.40587280791599634,30.10403746147668
0.1918725988069705,-15.05231678178359
-0.2941137015527696,10.438571144155382
-0.36332751780594286,-18.44398679929323
0.5786464468577881,-2.2335130345263385
0.19769300947974253,-7.308931431818518
0.688791828861265,15.355957543981352
0.3505467633222156,12.080490209402095
-0.4198911017118402,5.911317787528296
0.39926502701555744,-13.7293368035301
1.041244599416565,13.73569103313465
0.1918725988069705,12.102494748238584
-0.17935181727408317,0.04146826652060548
0.16051745893966754,49.925647069350426
-0.12588186608270502,4.007637341038666
0.8958327942725657,-12.9217227829755
0.688791828861265,-0.8843744842369765
-0.33024755429270924,3.010803771110808
0.44922296516495946,-12.9217227829755
-0.0792748196307623,20.021864907847988
0.1918725988069705,-57.74051646520421
0.31021410415629347,-7.616156830860184
-0.024598674677790366,-10.276710497240433
0.2528020560677244,13.122226931785953
-0.2605077067789484,18.48178911445189
0.7210651548527853,-2.2335130345263385
-1.2497736591103932,-24.646420341805445
-0.7287260669656467,-12.699829097706006
0.38403387494372687,44.44184669975891
-0.17935181727408317,-24.959993554285578
-0.009028874904964578,-3.3960019819265512
0.32482562098165857,21.245403893104715
-0.36332751780594286,2.077521546435768
0.21439504517602853,-33.21374444224675
0.13071120725620614,14.044821634337412
0.29120460839181234,-12.9217227829755
-0.058578370644802334,22.64623650589953
0.44922296516495946,-7.849089718355956
0.3906688513397044,1.6473613643481597
-0.2605077067789484,7.038437199521378
0.4242270604129871,15.719889307234046
-0.058578370644802334,-20.99715135852902
2.5065347857651172,18.694892084583277
-0.11211130213329021,-10.276710497240433
-0.16880052818434513,0.5465942706398988
-0.4198911017118402,7.265070709056594
-0.9869487568887413,49.925647069350426
0.27586775984203465,-4.0030311692097875
-0.1118305206688687,-10.276710497240433
0.4997419662193159,11.627289824075353
0.4997419662193159,-16.179880662916258
-0.9024675039485013,7.596740867050775
-0.21376361882889733,-23.69499838117953
-0.113624667977236,-4.516151465019735
0.043113239087593416,-4.078524786165337
-0.16880052818434513,18.48178911445189
-2.065249419239362,49.925647069350426
-0.0352084347935643,-39.48264072720317
0.34238876799479534,16.8762399221961
0.6011300846259356,21.048128097900637
0.16997473040900107,8.171102781843985
1.0742461550524685,-10.276710497240433
1.3837758509206166,-6.6612816997610516
0.2006814916813869,13.73569103313465
0.00999572619345961,36.622797333381634
1.041244599416565,42.74014106971756
1.1127658037795611,-6.870466107188114
-0.17135948528698036,-4.0030311692097875
0.6011300846259356,-0.5361732542154023
-0.3054210698026699,-0.5573310054388902
-0.6299094769965032,40.690505495633346
-0.7160738754535848,42.74014106971756
-0.06565703993025851,-2.1385247169656862
0.46640658963121295,-33.21374444224675
0.3943868690328035,42.74014106971756
-1.689401290665661,-8.558438931875193
0.39926502701555744,13.976408821605908
0.6011300846259356,17.77974226352989
-0.36332751780594286,49.925647069350426
1.041244599416565,-4.5569853151450985
-0.9024675039485013,15.093593964234987
0.11090382931134693,0.7847641990366732
0.26972067301564895,-27.15700683138211
0.5786464468577881,-12.699829097706006
0.36435750103282766,-18.44398679929323
-0.3151451186445354,7.38675613760892
0.5786464468577881,78.70298308265971
-0.6694664349971302,7.265070709056594
0.1918725988069705,-2.2335130345263385
-0.21735499260060465,49.925647069350426
1.5822698280934888,-7.308931431818518
0.1918725988069705,30.10403746147668
0.3193683602170187,-1.9488866283982613
-0.0352084347935643,-4.5569853151450985
0.8958327942725657,20.31032155601569
-0.3151451186445354,-4.192298132741622
0.8958327942725657,-25.908721899119882
0.0010470528883741892,-4.078524786165337
-0.636274644842378,-0.5361732542154023
-0.009028874904964578,-10.119080267352768
-0.058578370644802334,-0.5361732542154023
1.0026164971751694,-2.9291310600555684
-0.7050481787525923,78.70298308265971
0.1918725988069705,-39.48264072720317
0.00999572619345961,-12.9217227829755
0.33457055631954125,337.79091355894997
-0.00606422098292847,-4.078524786165337
-0.14304889760529674,-7.616156830860184
-0.7050481787525923,-5.3619535347475376
0.05864512242631372,0.04146826652060548
-0.023658355110180922,-14.959477299015035
-0.21376361882889733,10.074007354489863
-0.17935181727408317,-23.69499838117953
0.05864512242631372,0.04146826652060548
0.24600207104221977,-8.558438931875193
-0.6299094769965032,13.064261480023923
-0.1118305206688687,-3.526894058084416
-1.689401290665661,13.572532083973394
-1.1192685529603073,14.280904842711205
0.8958327942725657,-15.935206029103457
-0.04555074380058599,-7.308931431818518
-0.08048260070473123,-15.935206029103457
-0.6299094769965032,21.245403893104715
-0.058578370644802334,-11.168027150779878
-0.4342998201327942,0.04146826652060548
-0.044810527848512395,-24.959993554285578
0.6011300846259356,-34.62117903171609
0.38403387494372687,-9.956774156348473
0.001762050504220003,11.195706723116947
0.30057329476854466,21.387570884234133
0.3228247438500903,7.038437199521378
0.5101920150542831,-10.276710497240433
-0.3151451186445354,14.071100412859938
1.394174000488054,-10.119080267352768
1.1127658037795611,49.925647069350426
-0.009028874904964578,-14.138890062009661
-0.36332751780594286,16.137309005336682
0.5786464468577881,7.265070709056594
-0.7050481787525923,-47.17645554782859
-0.7401456791303287,-13.360315882929202
-0.505048042284805,-18.44398679929323
-0.058578370644802334,19.31827048195189
-0.03861156615609694,17.28183675774978
0.05864512242631372,-10.050876275630035
0.19288933208800815,16.8762399221961
-0.009028874904964578,-8.47556500141717
0.0010470528883741892,-3.3960019819265512
0.6011300846259356,-4.0030311692097875
-1.4442959583507398,-3.526894058084416
1.2553987807724112,17.77974226352989
0.2341443478001918,-24.959993554285578
0.0916091018483673,11.627289824075353
-0.19466522561525249,-12.699829097706006
-0.1118305206688687,-25.15343695062618
-0.10825325223886004,-18.538109028352324
0.33457055631954125,13.73569103313465
0.1918725988069705,21.21099415724861
0.17133069084377722,11.627289824075353
-0.1118305206688687,16.8762399221961
-0.02603624527195943,-15.935206029103457
0.2528020560677244,-3.3960019819265512
0.20188123959900697,-4.5569853151450985
0.5786464468577881,-10.276710497240433
1.8449462246318096,0.04146826652060548
-0.17935181727408317,31.641294797272423
0.5786464468577881,-4.0030311692097875
-0.04555074380058599,-4.27374692175362
-0.801053308863267,-8.558438931875193
-0.07196222189562931,16.137309005336682
-0.21376361882889733,14.280904842711205
1.041244599416565,18.48178911445189
-0.03861156615609694,-19.60800199927033
0.32482562098165857,0.864766501985906
-0.801053308863267,18.48178911445189
-0.113624667977236,18.10404076332848
-0.15193756696726807,21.245403893104715
1.2506582497678416,49.925647069350426
-0.03861156615609694,8.94794705401277
0.3906688513397044,-4.078524786165337
0.3505467633222156,-21.568249383018745
0.40158367324280136,-6.6612816997610516
0.2521351458422851,-5.3619535347475376
0.6011300846259356,31.044291863359163
-1.2497736591103932,-10.276710497240433
0.34238876799479534,2.1338652505476157
1.5822698280934888,11.627289824075353
-0.03861156615609694,7.78094809608704
0.688791828861265,-38.8446486552365
0.05160574619961226,31.641294797272423
0.3505467633222156,16.137309005336682
-0.05252757009506306,-3.3960019819265512
-0.058578370644802334,-2.2335130345263385
-0.2033653306411805,-20.99715135852902
-0.12552467734978415,7.038437199521378
2.2358660093761475,-3.526894058084416
-0.2741974333344227,-10.276710497240433
-0.17935181727408317,-47.17645554782859
-0.9718979137563235,-29.856487290051373
0.20188123959900697,18.10404076332848
0.0402605423540356,-4.5569853151450985
-0.1118305206688687,42.74014106971756
-0.43529365049160484,21.387570884234133
-0.30057689291677187,11.1052927428243
-0.21191448486425904,15.093593964234987
0.2528020560677244,-24.959993554285578
5.68491992367111,11.627289824075353
-1.2497736591103932,-23.69499838117953
0.1918725988069705,-3.526894058084416
-0.2741974333344227,13.572532083973394
0.34238876799479534,-2.7029679554461388
-0.4198911017118402,14.071100412859938
-0.21735499260060465,34.458378268200114
-0.4198911017118402,7.265070709056594
-0.801053308863267,-18.44398679929323
0.1918725988069705,7.038437199521378
-0.03861156615609694,15.093593964234987
-0.05252757009506306,-47.17645554782859
0.20188123959900697,5.911317787528296
-0.2738920535334189,-12.699829097706006
0.5786464468577881,-8.558438931875193
1.0742461550524685,7.038437199521378
-0.10462615523354754,0.04146826652060548
0.0010470528883741892,-1.9488866283982613
-0.10825325223886004,-4.27374692175362
1.5355175086949657,10.438571144155382
2.2358660093761475,-1.9488866283982613
-0.05252757009506306,-15.935206029103457
0.1918725988069705,17.77974226352989
-1.4442959583507398,42.74014106971756
0.44922296516495946,-7.719198499706887
0.3505467633222156,2.077521546435768
-0.03861156615609694,-27.504862198609242
1.5055984623564311,-12.699829097706006
0.1586219282642693,-2.9291310600555684
0.05864512242631372,7.596740867050775
1.2553987807724112,-7.616156830860184
0.04834673790542032,-1.9488866283982613
0.13071120725620614,14.909803878090194
0.05864512242631372,15.719889307234046
-0.032041593914278056,17.77974226352989
0.6011300846259356,7.038437199521378
0.2528020560677244,-3.3960019819265512
0.36435750103282766,42.74014106971756
-0.5626984011075703,-33.21374444224675
0.2528020560677244,21.387570884234133
0.20188123959900697,14.280904842711205
0.4242270604129871,13.73569103313465
-0.505048042284805,-1.9488866283982613
-0.058578370644802334,18.10404076332848
-0.21735499260060465,-8.558438931875193
0.3906688513397044,0.30087760174787676
0.17887008538654098,-7.616156830860184
0.19769300947974253,-0.5573310054388902
-0.16880052818434513,7.038437199521378
-0.037097603046434724,0.9214016884970614
0.043113239087593416,5.911317787528296
0.5101920150542831,-2.7029679554461388
1.7274817463526346,10.438571144155382
-0.16880052818434513,-15.935206029103457
0.8958327942725657,16.137309005336682
-0.05252757009506306,65.91807055587971
-0.7050481787525923,7.140872871365899
-0.2033653306411805,13.338180719551389
0.32482562098165857,-12.699829097706006
0.1589884271769304,7.596740867050775
-0.009028874904964578,-27.259749061922307
-0.08657770336893914,17.77974226352989
-0.03861156615609694,-20.99715135852902
-0.01631420073264045,-16.973394138905665
-0.1845534832672918,-39.48264072720317
-0.3054210698026699,18.10404076332848
0.1507721993692753,-0.0038359853624834496
-0.009028874904964578,21.21099415724861
-0.36332751780594286,-27.259749061922307
0.36435750103282766,15.093593964234987
-0.03861156615609694,20.943839012767775
0.6011300846259356,-10.276710497240433
-0.10462615523354754,16.137309005336682
1.4051177019833445,-18.44398679929323
1.0742461550524685,-5.3619535347475376
-0.030646184935596434,-20.99715135852902
-0.30057689291677187,13.987238754500622
-0.4198911017118402,9.13205616139108
0.0540268970479552,-4.0030311692097875
0.20188123959900697,-10.276710497240433
0.688791828861265,-5.3619535347475376
0.34238876799479534,-1.43261949820052
1.041244599416565,17.77974226352989
0.36435750103282766,-14.138890062009661
0.13071120725620614,7.265070709056594
0.047684826740882966,-4.078524786165337
-0.7050481787525923,4.007637341038666
-0.2605077067789484,49.925647069350426
-1.6051186114402711,-10.081603544848427
-0.2741974333344227,-23.69499838117953
-0.00606422098292847,-0.5573310054388902
0.1507721993692753,5.911317787528296
-0.16880052818434513,21.245403893104715
0.6735839854136264,35.727326701158034
1.0742461550524685,-1.9488866283982613
0.05864512242631372,-3.3960019819265512
0.1586219282642693,13.987238754500622
0.34238876799479534,-15.935206029103457
0.8958327942725657,11.627289824075353
0.5786464468577881,15.719889307234046
-0.08657770336893914,5.911317787528296
-0.05613709104258011,15.261949196023727
0.2006814916813869,17.77974226352989
-0.058578370644802334,-8.558438931875193
-0.00606422098292847,-6.870466107188114
0.20188123959900697,0.864766501985906
-0.801053308863267,5.911317787528296
-0.0969281402019457,0.864766501985906
-0.21735499260060465,-20.941459572636077
-0.505048042284805,22.526360517017405
-0.113624667977236,7.265070709056594
0.00999572619345961,10.438571144155382
0.8958327942725657,3.1405316026897645
-0.009028874904964578,29.973871336493364
-1.689401290665661,-10.276710497240433
-0.16880052818434513,18.41275292458747
0.3505467633222156,-8.558438931875193
-0.024598674677790366,-25.15343695062618
-0.365708981743811,-4.5569853151450985
-0.03095869084443841,14.044821634337412
0.0010470528883741892,-12.9217227829755
-0.009028874904964578,14.044821634337412
0.13071120725620614,23.425417010667722
0.14193829180449308,-12.9217227829755
0.4242270604129871,7.265070709056594
0.16716157712011298,190.3097190243283
-0.03861156615609694,11.322639000940397
0.00999572619345961,-23.69499838117953
-0.10825325223886004,0.864766501985906
-0.505048042284805,18.48178911445189
1.0742461550524685,0.04146826652060548
-0.05252757009506306,190.3097190243283
-0.43529365049160484,-39.48264072720317
-1.2497736591103932,11.195706723116947
-0.2033653306411805,-1.9488866283982613
-0.1118305206688687,42.74014106971756
0.4242270604129871,26.49447126537633
0.0010470528883741892,5.911317787528296
-0.009028874904964578,17.77974226352989
-0.36332751780594286,-1.5881115983279661
-0.10825325223886004,-20.99715135852902
0.5786464468577881,0.864766501985906
1.394174000488054,-4.27374692175362
1.5822698280934888,18.48178911445189
0.5786464468577881,49.925647069350426
-0.05252757009506306,0.30087760174787676
-0.7050481787525923,-7.616156830860184
0.16997473040900107,-28.028858425570593
-0.05252757009506306,3.010803771110808
-0.3054210698026699,7.596740867050775
0.33457055631954125,78.70298308265971
-0.16880052818434513,7.038437199521378
-0.2741974333344227,-38.8446486552365
0.3800454743780971,-2.7029679554461388
1.2553987807724112,-18.44398679929323
-0.4198911017118402,-39.1763748935869
0.16181664640404847,-4.0030311692097875
0.3228247438500903,-4.0030311692097875
0.075532725310448,7.596740867050775
0.00999572619345961,-7.616156830860184
0.05864512242631372,-29.411046480398078
1.7274817463526346,-34.62117903171609
-0.1118305206688687,49.925647069350426
1.9046788635615386,14.044821634337412
0.37149901830778975,-12.699829097706006
-0.05252757009506306,-47.17645554782859
-0.9024675039485013,25.022911528364634
0.16181664640404847,-1.9488866283982613
-0.2033653306411805,-27.259749061922307
0.8958327942725657,-27.259749061922307
-0.21937163611603822,0.5465942706398988
-0.505048042284805,-4.5569853151450985
0.3800454743780971,-1.5881115983279661
-0.4198911017118402,17.28183675774978
0.05864512242631372,-18.44398679929323
-0.1118305206688687,-5.3619535347475376
-0.2033653306411805,14.280904842711205
-0.0808639114232312,12.102494748238584
0.10001883060204593,-24.646420341805445
0.688791828861265,3.1405316026897645
-0.21376361882889733,15.719889307234046
-0.36332751780594286,18.10404076332848
0.4242270604129871,5.004397063638481
0.15042606883719006,2.3456424366310573
-0.10825325223886004,5.911317787528296
-0.058578370644802334,6.375386923193691
0.1918725988069705,18.06735682480273
-0.00606422098292847,13.73569103313465
0.043113239087593416,7.596740867050775
0.44922296516495946,-4.5569853151450985
0.5786464468577881,21.245403893104715
0.4997419662193159,18.10404076332848
-0.4198911017118402,-24.959993554285578
0.4997419662193159,-2.9291310600555684
0.3906688513397044,14.044821634337412
-1.0556011267440089,7.038437199521378
-0.2738920535334189,14.280904842711205
0.4242270604129871,-4.27374692175362
0.5786464468577881,31.57671909153448
0.5209864602641708,-39.48264072720317
0.46841303106282,-5.3619535347475376
-0.801053308863267,-2.9291310600555684
-0.4198911017118402,31.641294797272423
0.16268039011447305,-27.504862198609242
0.18668415979289468,-0.5361732542154023
0.0010470528883741892,7.596740867050775
0.2028095494411093,-15.784946091776693
0.38403387494372687,17.77974226352989
1.5822698280934888,-14.138890062009661
-0.04555074380058599,5.911317787528296
0.05864512242631372,-12.699829097706006
0.4242270604129871,7.38675613760892
-0.08867063383433955,-15.784946091776693
0.4242270604129871,-2.7029679554461388
-0.05252757009506306,0.864766501985906
0.19288933208800815,-29.856487290051373
1.1127658037795611,166.76254514455465
-0.4198911017118402,42.74014106971756
-0.009028874904964578,18.06735682480273
-0.4198911017118402,11.627289824075353
-0.904254043280354,-39.48264072720317
0.8958327942725657,31.641294797272423
0.0010470528883741892,-4.0030311692097875
0.20188123959900697,-2.9291310600555684
0.05864512242631372,7.017127675090229
-0.113624667977236,-0.5361732542154023
0.04778851635149166,11.195706723116947
-0.0352084347935643,21.21099415724861
-0.009028874904964578,14.280904842711205
-0.7287260669656467,-20.99715135852902
-0.113624667977236,18.48178911445189
0.6097296047041605,-33.21374444224675
-0.7287260669656467,13.122226931785953
-0.7050481787525923,-13.360315882929202
-0.08771594774860603,-4.0030311692097875
-0.43529365049160484,34.66640998521532
-0.1118305206688687,21.245403893104715
0.17133069084377722,-15.05231678178359
-0.10825325223886004,44.44184669975891
0.6011300846259356,-8.558438931875193
-0.9024675039485013,-12.699829097706006
0.3505467633222156,42.74014106971756
0.33457055631954125,2.8499852625433655
0.27586775984203465,1.6473613643481597
-0.4198911017118402,-15.935206029103457
-0.1118305206688687,-18.44398679929323
0.16159146195309612,-7.395869948132882
-0.0352084347935643,17.28183675774978
-0.00606422098292847,22.526360517017405
-0.11235626442082039,-6.508667502822483
0.3505467633222156,16.137309005336682
0.8958327942725657,-38.8446486552365
0.16716157712011298,-39.48264072720317
0.00999572619345961,-15.935206029103457
-0.12385572129947438,7.265070709056594
1.1127658037795611,78.70298308265971
-0.0673472244820494,-18.44398679929323
0.4242270604129871,142.47851188950472
-1.2497736591103932,11.195706723116947
-0.19466522561525249,17.77974226352989
0.043113239087593416,34.66640998521532
-1.4442959583507398,26.49447126537633
0.27586775984203465,18.10404076332848
0.36435750103282766,-14.761836885402682
-0.31021122470612056,2.8499852625433655
-0.00606422098292847,0.864766501985906
-0.19466522561525249,17.28183675774978
-0.801053308863267,-24.16125495693031
-0.00606422098292847,-27.504862198609242
-0.03095869084443841,18.48178911445189
1.7274817463526346,-4.5569853151450985
0.00999572619345961,-20.99715135852902
-0.058578370644802334,-1.9488866283982613
0.6011300846259356,-5.3619535347475376
0.1918725988069705,22.526360517017405
1.5055984623564311,17.28183675774978
1.2553987807724112,97.1706774401698
-0.7287260669656467,7.265070709056594
0.272507160170109,-4.5569853151450985
0.34238876799479534,-4.0030311692097875
-1.689401290665661,-16.179880662916258
-0.2033653306411805,49.925647069350426
-0.03861156615609694,-15.935206029103457
-0.505048042284805,-39.48264072720317
-0.43529365049160484,-25.908721899119882
0.05864512242631372,-1.9488866283982613
-0.017168990736273714,-0.0038359853624834496
0.15438855266195128,5.460778799335178
-0.3054210698026699,11.627289824075353
-0.21376361882889733,-4.27374692175362
-0.09849685936731763,-20.99715135852902
-0.05613709104258011,-15.935206029103457
0.6735839854136264,17.77974226352989
0.30407817344469507,12.102494748238584
0.06288897005254657,-19.279405262215892
-0.03861156615609694,-7.616156830860184
0.2341443478001918,21.387570884234133
-0.024598674677790366,10.438571144155382
-0.08657770336893914,-2.2335130345263385
-0.2738920535334189,-18.44398679929323
-1.2497736591103932,-27.504862198609242
-1.689401290665661,-10.276710497240433
-0.06565703993025851,-27.15700683138211
-0.21735499260060465,-8.558438931875193
0.04778851635149166,-16.04309329983733
0.0010470528883741892,-4.27374692175362
-0.024598674677790366,-3.9671451152817934
0.043113239087593416,-10.050876275630035
-0.08657770336893914,7.265070709056594
1.394174000488054,-10.081603544848427
0.1495687239683253,13.122226931785953
1.5822698280934888,-27.504862198609242
0.05864512242631372,18.10404076332848
0.6011300846259356,0.864766501985906
-0.10462615523354754,-24.959993554285578
0.20188123959900697,6.2392066147147895
-0.6299094769965032,5.911317787528296
-1.2497736591103932,31.641294797272423
-0.2782101086628936,8.799725091799269
1.0742461550524685,49.925647069350426
0.4266084430863691,18.10404076332848
0.5101920150542831,-10.276710497240433
0.20188123959900697,0.864766501985906
1.0742461550524685,-15.935206029103457
-0.7050481787525923,2.077521546435768
0.16181664640404847,-4.5569853151450985
0.23804754433392256,21.245403893104715
0.05864512242631372,-2.2335130345263385
-0.03095869084443841,-4.5569853151450985
0.6011300846259356,17.77974226352989
1.0742461550524685,-25.50918068073222
0.44922296516495946,-4.078524786165337
-0.017168990736273714,-9.811847721093269
0.36435750103282766,-15.935206029103457
0.1507721993692753,-37.61074050176849
-0.1845534832672918,3.010803771110808
0.00999572619345961,-21.699206232645043
0.44922296516495946,-3.4464653984667657
0.16159146195309612,7.038437199521378
1.0742461550524685,9.28536351917838
-0.7050481787525923,20.943839012767775
0.5576777925041181,14.97768290564685
0.29653774554932444,-39.48264072720317
1.041244599416565,17.77974226352989
0.13071120725620614,13.338180719551389
-0.14304889760529674,21.245403893104715
-0.0792748196307623,-1.2870816333418091
-0.17935181727408317,3.010803771110808
0.6011300846259356,18.10404076332848
0.6011300846259356,-12.9217227829755
-0.40904271775737755,7.265070709056594
0.043113239087593416,7.038437199521378
-0.2915464995984715,-7.616156830860184
0.34238876799479534,49.925647069350426
1.041244599416565,337.79091355894997
1.0742461550524685,-1.9488866283982613
-0.1118305206688687,-12.699829097706006
0.688791828861265,7.038437199521378
-0.009028874904964578,-7.616156830860184
1.5822698280934888,7.265070709056594
-0.03861156615609694,31.57671909153448
0.00999572619345961,7.265070709056594
0.44922296516495946,17.28183675774978
0.8958327942725657,49.925647069350426
0.5786464468577881,60.61303780141854
-0.2033653306411805,-0.5361732542154023
-0.009028874904964578,-4.27374692175362
0.16181664640404847,18.10404076332848
-0.4198911017118402,-4.949681631400662
0.4242270604129871,25.66939669000617
-0.2782101086628936,7.596740867050775
1.2553987807724112,-8.761451691770763
-0.19466522561525249,-7.616156830860184
0.8958327942725657,11.627289824075353
0.2006814916813869,0.864766501985906
0.001762050504220003,11.627289824075353
-1.2497736591103932,-8.558438931875193
0.30057329476854466,-2.7029679554461388
0.2006814916813869,18.48178911445189
1.1127658037795611,-4.0030311692097875
-0.10462615523354754,17.28183675774978
0.44922296516495946,-3.2934762777459268
-0.058578370644802334,-8.558438931875193
1.041244599416565,18.48178911445189
-0.7050481787525923,28.26539096477251
-0.0166721650619027,-27.504862198609242
0.16268039011447305,49.925647069350426
-0.40587280791599634,14.280904842711205
0.2341443478001918,3.010803771110808
-1.4442959583507398,7.38675613760892
0.16181664640404847,-10.276710497240433
-2.229932477622666,7.038437199521378
-0.17935181727408317,7.78094809608704
-0.06334890996530876,7.017127675090229
0.9544380869215774,-1.0630246735620064
1.4616500348830879,6.143586275435377
-0.7050481787525923,-12.9217227829755
1.041244599416565,17.28183675774978
-0.17935181727408317,-10.276710497240433
-0.21937163611603822,-18.538109028352324
1.394174000488054,-4.0030311692097875
-0.03861156615609694,-12.699829097706006
0.3943868690328035,-32.18312620050924
0.16159146195309612,13.987238754500622
0.1918725988069705,-10.276710497240433
-1.2497736591103932,-21.699206232645043
-2.366301450965275,-4.0030311692097875
-0.062130687743332524,-4.27374692175362
0.34238876799479534,-12.699829097706006
-0.0352084347935643,-10.276710497240433
0.16159146195309612,-0.5361732542154023
0.03258673623427275,7.596740867050775
0.5786464468577881,-0.8843744842369765
-0.05252757009506306,7.596740867050775
-0.36332751780594286,18.10404076332848
0.5852349986313943,13.122226931785953
0.3505467633222156,-2.0982517115565
-0.03861156615609694,-16.973394138905665
1.394174000488054,28.17842089585539
-0.044810527848512395,-27.15700683138211
-0.009028874904964578,20.943839012767775
-0.03095869084443841,21.245403893104715
-0.10825325223886004,-4.078524786165337
1.394174000488054,-14.138890062009661
0.047684826740882966,-5.3619535347475376
0.39926502701555744,17.77974226352989
-1.4442959583507398,65.21136808967643
-0.0792748196307623,-14.138890062009661
-0.26997640021527164,34.66640998521532
0.17133069084377722,-10.032654483473237
-0.18590351632647606,-17.629709512600787
-0.0792748196307623,-1.0630246735620064
-0.505048042284805,7.038437199521378
-0.058578370644802334,-8.558438931875193
-0.2738920535334189,7.038437199521378
1.041244599416565,-29.856487290051373
0.44922296516495946,0.864766501985906
-0.1845534832672918,7.140872871365899
0.043113239087593416,42.74014106971756
0.39926502701555744,-2.2335130345263385
-0.2033653306411805,49.925647069350426
0.043113239087593416,-7.616156830860184
-0.3866153392160762,31.641294797272423
-1.4442959583507398,29.973871336493364
-0.9869487568887413,-38.8446486552365
0.4997419662193159,11.627289824075353
-0.024598674677790366,32.96094067614628
-0.024598674677790366,7.038437199521378
-0.19466522561525249,12.102494748238584
0.16159146195309612,-10.814404479470381
-0.16880052818434513,-2.9291310600555684
0.32482562098165857,7.596740867050775
0.1918725988069705,-10.814404479470381
0.3505467633222156,7.596740867050775
-0.17935181727408317,-10.119080267352768
-1.689401290665661,0.864766501985906
0.6011300846259356,-15.935206029103457
-0.009028874904964578,18.06735682480273
-0.00606422098292847,18.10404076332848
-0.21735499260060465,11.627289824075353
-0.2076377528588214,15.355957543981352
-0.11235626442082039,-14.92608016726255
0.2515737123508759,-3.3960019819265512
0.19288933208800815,7.596740867050775
0.1918725988069705,-9.956774156348473
-0.11235626442082039,0.9214016884970614
-0.0792748196307623,21.245403893104715
-0.1118305206688687,-10.081603544848427
-1.689401290665661,13.122226931785953
-0.058578370644802334,-1.9488866283982613
0.164306546105706,-24.959993554285578
-0.7160738754535848,17.28183675774978
-0.00013670845530624475,-12.9217227829755
2.0755236001364437,11.627289824075353
1.4051177019833445,-27.259749061922307
0.17133069084377722,-0.5361732542154023
-0.19466522561525249,31.138589891912048
-0.16880052818434513,18.06735682480273
-0.30057689291677187,-3.526894058084416
0.8958327942725657,-39.48264072720317
0.2341443478001918,14.280904842711205
-0.05252757009506306,7.596740867050775
0.1918725988069705,-7.616156830860184
-0.10825325223886004,7.38675613760892
0.18668415979289468,49.925647069350426
0.8958327942725657,-27.259749061922307
-0.05252757009506306,10.074007354489863
-1.2497736591103932,14.071100412859938
-0.2033653306411805,-4.0030311692097875
2.0755236001364437,-1.2870816333418091
0.2006814916813869,5.004397063638481
-0.058578370644802334,83.67494295132117
1.041244599416565,-2.7029679554461388
-0.1118305206688687,11.627289824075353
0.46640658963121295,-39.48264072720317
-0.03861156615609694,5.911317787528296
-2.065249419239362,23.372825929697136
0.44922296516495946,7.38675613760892
0.3800454743780971,31.641294797272423
0.6735839854136264,-18.538109028352324
0.18668415979289468,2.8499852625433655
0.24091768007056805,31.57671909153448
0.37149901830778975,-3.9671451152817934
-0.0792748196307623,337.79091355894997
0.36435750103282766,-32.18312620050924
-0.00606422098292847,-4.0030311692097875
0.16159146195309612,-27.259749061922307
0.1918725988069705,15.093593964234987
0.6011300846259356,3.010803771110808
0.2006814916813869,-27.504862198609242
0.44922296516495946,-4.078524786165337
0.44922296516495946,-18.44398679929323
0.20188123959900697,-4.5569853151450985
0.6526028477519574,3.010803771110808
-0.16880052818434513,35.727326701158034
0.20188123959900697,14.280904842711205
-0.0808639114232312,12.080490209402095
0.1918725988069705,15.093593964234987
0.1586219282642693,5.911317787528296
-0.7050481787525923,-3.3960019819265512
0.26972067301564895,3.010803771110808
-0.00606422098292847,-7.616156830860184
-0.4342998201327942,-22.688931087626568
1.0742461550524685,-15.935206029103457
-0.024598674677790366,17.77974226352989
0.05864512242631372,5.911317787528296
-0.1118305206688687,-12.699829097706006
0.008010320845787419,-4.0030311692097875
-1.0098968388748333,-1.9488866283982613
1.2553987807724112,-39.05484876941181
0.043113239087593416,21.245403893104715
-0.03861156615609694,-0.8843744842369765
-0.00606422098292847,17.28183675774978
-0.3151451186445354,0.7801741743172745
-0.08657770336893914,0.7847641990366732
-0.4198911017118402,42.74014106971756
-0.14304889760529674,11.627289824075353
0.3505467633222156,337.79091355894997
0.8958327942725657,-4.0030311692097875
-0.3151451186445354,29.704337441723858
0.2923227890647856,18.48178911445189
0.688791828861265,-27.259749061922307
-0.4198911017118402,-16.179880662916258
0.44922296516495946,49.925647069350426
-0.2033653306411805,0.04146826652060548
-1.4442959583507398,-14.114341188560951
0.508558186780643,5.911317787528296
-0.10825325223886004,-2.2335130345263385
0.34238876799479534,18.10404076332848
-0.36332751780594286,-0.5361732542154023
-0.0792748196307623,-5.3619535347475376
0.2006814916813869,-30.108523831933937
-0.00606422098292847,-16.25322274257984
-0.21191448486425904,17.28183675774978
-0.10825325223886004,11.627289824075353
-0.15875648059594238,16.98247544783629
3.145522483251163,17.77974226352989
0.010798211727321849,-4.078524786165337
-0.058578370644802334,4.781531668460141
0.3505467633222156,-38.8446486552365
0.16159146195309612,-2.218290423663901
-0.05252757009506306,49.925647069350426
-0.16880052818434513,-4.27374692175362
-0.16880052818434513,-12.699829097706006
-0.113624667977236,-27.259749061922307
0.16181664640404847,21.387570884234133
0.18668415979289468,5.911317787528296
0.2515737123508759,21.245403893104715
0.16997473040900107,7.265070709056594
-0.2033653306411805,-9.811847721093269
-0.03861156615609694,-4.078524786165337
0.1589884271769304,17.28183675774978
1.5822698280934888,-18.44398679929323
1.0742461550524685,-12.9217227829755
0.10001883060204593,-13.360315882929202
0.16159146195309612,7.596740867050775
0.18668415979289468,-3.3960019819265512
-1.4442959583507398,7.038437199521378
0.19769300947974253,14.280904842711205
0.16181664640404847,-4.27374692175362
-0.1435785576040279,-15.935206029103457
-0.43529365049160484,11.203377655803251
0.6097296047041605,-0.0038359853624834496
0.05160574619961226,11.627289824075353
-0.10825325223886004,14.004420132976355
-0.3054210698026699,-28.028858425570593
-0.009028874904964578,35.727326701158034
-0.2741974333344227,-46.523517778655
0.688791828861265,17.28183675774978
-0.06487068597181327,-2.7029679554461388
0.30407817344469507,18.06735682480273
-0.33576938220124525,7.596740867050775
-0.4198911017118402,-0.0038359853624834496
0.36435750103282766,3.010803771110808
0.38403387494372687,-2.2335130345263385
0.164306546105706,39.760585038296945
-0.15193756696726807,34.66640998521532
1.041244599416565,20.943839012767775
-0.17935181727408317,-0.5361732542154023
-0.6694664349971302,-14.138890062009661
-0.30057689291677187,-15.935206029103457
-0.17935181727408317,3.2533966319815937
-0.0792748196307623,-1.9488866283982613
-0.0792748196307623,0.04146826652060548
0.37149901830778975,-25.344122145253287
-0.017168990736273714,-27.259749061922307
0.075532725310448,21.245403893104715
-0.058578370644802334,-4.078524786165337
-1.689401290665661,-7.308931431818518
-0.2033653306411805,-9.956774156348473
-0.17935181727408317,7.038437199521378
0.0916091018483673,-1.9488866283982613
0.36435750103282766,-2.7029679554461388
-0.17135948528698036,21.387570884234133
0.3505467633222156,-4.27374692175362
0.44922296516495946,-6.508667502822483
0.1918725988069705,-4.27374692175362
-0.16880052818434513,-2.9291310600555684
-0.06194194306377323,-24.959993554285578
-0.7287260669656467,13.73569103313465
-0.18590351632647606,-9.811847721093269
-0.01631420073264045,113.64449905433763
-0.00013670845530624475,5.911317787528296
-0.636274644842378,18.10404076332848
-0.505048042284805,42.74014106971756
0.39926502701555744,11.627289824075353
-0.05252757009506306,34.458378268200114
-1.689401290665661,-4.27374692175362
-0.0808639114232312,-4.078524786165337
-0.3054210698026699,-12.9217227829755
-0.30057689291677187,-3.526894058084416
-0.2033653306411805,8.94794705401277
-0.06565703993025851,-7.161763165519547
-0.009028874904964578,12.102494748238584
0.33457055631954125,0.04146826652060548
0.2528020560677244,-10.276710497240433
0.33457055631954125,3.010803771110808
0.05864512242631372,49.925647069350426
